"Component","Carrier","Sector","Country","EmissionFactor","PolicyCO2Power","ReportingCO2FullSystem","Reason","Source","Status","FactorUnit","NumericAccepted"
"Generator:ID_Java-Bali1 0 geothermal-2010","geothermal","Power","ID","0.12","true","true","Explicit electricity Generator family; retains nonzero geothermal factor if present","/home/jin/research/SGP_ESE5004_Stage2/pypsa-asean/results/baseline-aims-3H-tutorial/prenetworks/elec_s_50_ec_lv2.0__3h_2030_0.071_pre_adjusted.nc; current scripts/prepare_sector_network.py","REFERENCE_MAPPING_NOT_NUMERIC_ACCEPTANCE","tCO2/MWh_Generator_output","false"
"Generator:ID_Java-Bali1 0 geothermal-2015","geothermal","Power","ID","0.12","true","true","Explicit electricity Generator family; retains nonzero geothermal factor if present","/home/jin/research/SGP_ESE5004_Stage2/pypsa-asean/results/baseline-aims-3H-tutorial/prenetworks/elec_s_50_ec_lv2.0__3h_2030_0.071_pre_adjusted.nc; current scripts/prepare_sector_network.py","REFERENCE_MAPPING_NOT_NUMERIC_ACCEPTANCE","tCO2/MWh_Generator_output","false"
"Generator:ID_Java-Bali1 0 geothermal-2020","geothermal","Power","ID","0.12","true","true","Explicit electricity Generator family; retains nonzero geothermal factor if present","/home/jin/research/SGP_ESE5004_Stage2/pypsa-asean/results/baseline-aims-3H-tutorial/prenetworks/elec_s_50_ec_lv2.0__3h_2030_0.071_pre_adjusted.nc; current scripts/prepare_sector_network.py","REFERENCE_MAPPING_NOT_NUMERIC_ACCEPTANCE","tCO2/MWh_Generator_output","false"
"Generator:ID_Nusa-Tenggara13 0 geothermal-2010","geothermal","Power","ID","0.12","true","true","Explicit electricity Generator family; retains nonzero geothermal factor if present","/home/jin/research/SGP_ESE5004_Stage2/pypsa-asean/results/baseline-aims-3H-tutorial/prenetworks/elec_s_50_ec_lv2.0__3h_2030_0.071_pre_adjusted.nc; current scripts/prepare_sector_network.py","REFERENCE_MAPPING_NOT_NUMERIC_ACCEPTANCE","tCO2/MWh_Generator_output","false"
"Generator:ID_Sulawesi0 0 geothermal-2010","geothermal","Power","ID","0.12","true","true","Explicit electricity Generator family; retains nonzero geothermal factor if present","/home/jin/research/SGP_ESE5004_Stage2/pypsa-asean/results/baseline-aims-3H-tutorial/prenetworks/elec_s_50_ec_lv2.0__3h_2030_0.071_pre_adjusted.nc; current scripts/prepare_sector_network.py","REFERENCE_MAPPING_NOT_NUMERIC_ACCEPTANCE","tCO2/MWh_Generator_output","false"
"Generator:ID_Sulawesi0 0 geothermal-2020","geothermal","Power","ID","0.12","true","true","Explicit electricity Generator family; retains nonzero geothermal factor if present","/home/jin/research/SGP_ESE5004_Stage2/pypsa-asean/results/baseline-aims-3H-tutorial/prenetworks/elec_s_50_ec_lv2.0__3h_2030_0.071_pre_adjusted.nc; current scripts/prepare_sector_network.py","REFERENCE_MAPPING_NOT_NUMERIC_ACCEPTANCE","tCO2/MWh_Generator_output","false"
"Generator:ID_Sumatra3 0 geothermal-2010","geothermal","Power","ID","0.12","true","true","Explicit electricity Generator family; retains nonzero geothermal factor if present","/home/jin/research/SGP_ESE5004_Stage2/pypsa-asean/results/baseline-aims-3H-tutorial/prenetworks/elec_s_50_ec_lv2.0__3h_2030_0.071_pre_adjusted.nc; current scripts/prepare_sector_network.py","REFERENCE_MAPPING_NOT_NUMERIC_ACCEPTANCE","tCO2/MWh_Generator_output","false"
"Generator:ID_Sumatra3 0 geothermal-2020","geothermal","Power","ID","0.12","true","true","Explicit electricity Generator family; retains nonzero geothermal factor if present","/home/jin/research/SGP_ESE5004_Stage2/pypsa-asean/results/baseline-aims-3H-tutorial/prenetworks/elec_s_50_ec_lv2.0__3h_2030_0.071_pre_adjusted.nc; current scripts/prepare_sector_network.py","REFERENCE_MAPPING_NOT_NUMERIC_ACCEPTANCE","tCO2/MWh_Generator_output","false"
"Generator:ID_Sumatra3 1 geothermal-2015","geothermal","Power","ID","0.12","true","true","Explicit electricity Generator family; retains nonzero geothermal factor if present","/home/jin/research/SGP_ESE5004_Stage2/pypsa-asean/results/baseline-aims-3H-tutorial/prenetworks/elec_s_50_ec_lv2.0__3h_2030_0.071_pre_adjusted.nc; current scripts/prepare_sector_network.py","REFERENCE_MAPPING_NOT_NUMERIC_ACCEPTANCE","tCO2/MWh_Generator_output","false"
"Generator:ID_Sumatra3 1 geothermal-2020","geothermal","Power","ID","0.12","true","true","Explicit electricity Generator family; retains nonzero geothermal factor if present","/home/jin/research/SGP_ESE5004_Stage2/pypsa-asean/results/baseline-aims-3H-tutorial/prenetworks/elec_s_50_ec_lv2.0__3h_2030_0.071_pre_adjusted.nc; current scripts/prepare_sector_network.py","REFERENCE_MAPPING_NOT_NUMERIC_ACCEPTANCE","tCO2/MWh_Generator_output","false"
"Generator:ID_Sumatra3 1 geothermal-2025","geothermal","Power","ID","0.12","true","true","Explicit electricity Generator family; retains nonzero geothermal factor if present","/home/jin/research/SGP_ESE5004_Stage2/pypsa-asean/results/baseline-aims-3H-tutorial/prenetworks/elec_s_50_ec_lv2.0__3h_2030_0.071_pre_adjusted.nc; current scripts/prepare_sector_network.py","REFERENCE_MAPPING_NOT_NUMERIC_ACCEPTANCE","tCO2/MWh_Generator_output","false"
"Generator:PH_Luzon5 0 geothermal-2015","geothermal","Power","PH","0.12","true","true","Explicit electricity Generator family; retains nonzero geothermal factor if present","/home/jin/research/SGP_ESE5004_Stage2/pypsa-asean/results/baseline-aims-3H-tutorial/prenetworks/elec_s_50_ec_lv2.0__3h_2030_0.071_pre_adjusted.nc; current scripts/prepare_sector_network.py","REFERENCE_MAPPING_NOT_NUMERIC_ACCEPTANCE","tCO2/MWh_Generator_output","false"
"Generator:PH_Luzon5 0 nuclear-2010","nuclear","Power","PH","0","true","true","Explicit electricity Generator family; retains nonzero geothermal factor if present","/home/jin/research/SGP_ESE5004_Stage2/pypsa-asean/results/baseline-aims-3H-tutorial/prenetworks/elec_s_50_ec_lv2.0__3h_2030_0.071_pre_adjusted.nc; current scripts/prepare_sector_network.py","REFERENCE_MAPPING_NOT_NUMERIC_ACCEPTANCE","tCO2/MWh_Generator_output","false"
"Generator:PH_Visayas7 0 geothermal-2015","geothermal","Power","PH","0.12","true","true","Explicit electricity Generator family; retains nonzero geothermal factor if present","/home/jin/research/SGP_ESE5004_Stage2/pypsa-asean/results/baseline-aims-3H-tutorial/prenetworks/elec_s_50_ec_lv2.0__3h_2030_0.071_pre_adjusted.nc; current scripts/prepare_sector_network.py","REFERENCE_MAPPING_NOT_NUMERIC_ACCEPTANCE","tCO2/MWh_Generator_output","false"
"Generator:BN4 0 gas","gas","ExternalSupply","BN","0","false","false","Fuel price source; combustion accounted downstream once","/home/jin/research/SGP_ESE5004_Stage2/pypsa-asean/results/baseline-aims-3H-tutorial/prenetworks/elec_s_50_ec_lv2.0__3h_2030_0.071_pre_adjusted.nc; current scripts/prepare_sector_network.py","REFERENCE_MAPPING_NOT_NUMERIC_ACCEPTANCE","tCO2/MWh_Generator_output","false"
"Generator:ID_Java-Bali1 0 gas","gas","ExternalSupply","ID","0","false","false","Fuel price source; combustion accounted downstream once","/home/jin/research/SGP_ESE5004_Stage2/pypsa-asean/results/baseline-aims-3H-tutorial/prenetworks/elec_s_50_ec_lv2.0__3h_2030_0.071_pre_adjusted.nc; current scripts/prepare_sector_network.py","REFERENCE_MAPPING_NOT_NUMERIC_ACCEPTANCE","tCO2/MWh_Generator_output","false"
"Generator:ID_Kalimantan4 0 gas","gas","ExternalSupply","ID","0","false","false","Fuel price source; combustion accounted downstream once","/home/jin/research/SGP_ESE5004_Stage2/pypsa-asean/results/baseline-aims-3H-tutorial/prenetworks/elec_s_50_ec_lv2.0__3h_2030_0.071_pre_adjusted.nc; current scripts/prepare_sector_network.py","REFERENCE_MAPPING_NOT_NUMERIC_ACCEPTANCE","tCO2/MWh_Generator_output","false"
"Generator:ID_Kalimantan4 1 gas","gas","ExternalSupply","ID","0","false","false","Fuel price source; combustion accounted downstream once","/home/jin/research/SGP_ESE5004_Stage2/pypsa-asean/results/baseline-aims-3H-tutorial/prenetworks/elec_s_50_ec_lv2.0__3h_2030_0.071_pre_adjusted.nc; current scripts/prepare_sector_network.py","REFERENCE_MAPPING_NOT_NUMERIC_ACCEPTANCE","tCO2/MWh_Generator_output","false"
"Generator:ID_Kalimantan4 2 gas","gas","ExternalSupply","ID","0","false","false","Fuel price source; combustion accounted downstream once","/home/jin/research/SGP_ESE5004_Stage2/pypsa-asean/results/baseline-aims-3H-tutorial/prenetworks/elec_s_50_ec_lv2.0__3h_2030_0.071_pre_adjusted.nc; current scripts/prepare_sector_network.py","REFERENCE_MAPPING_NOT_NUMERIC_ACCEPTANCE","tCO2/MWh_Generator_output","false"
"Generator:ID_Kalimantan4 3 gas","gas","ExternalSupply","ID","0","false","false","Fuel price source; combustion accounted downstream once","/home/jin/research/SGP_ESE5004_Stage2/pypsa-asean/results/baseline-aims-3H-tutorial/prenetworks/elec_s_50_ec_lv2.0__3h_2030_0.071_pre_adjusted.nc; current scripts/prepare_sector_network.py","REFERENCE_MAPPING_NOT_NUMERIC_ACCEPTANCE","tCO2/MWh_Generator_output","false"
"Generator:ID_Kalimantan4 4 gas","gas","ExternalSupply","ID","0","false","false","Fuel price source; combustion accounted downstream once","/home/jin/research/SGP_ESE5004_Stage2/pypsa-asean/results/baseline-aims-3H-tutorial/prenetworks/elec_s_50_ec_lv2.0__3h_2030_0.071_pre_adjusted.nc; current scripts/prepare_sector_network.py","REFERENCE_MAPPING_NOT_NUMERIC_ACCEPTANCE","tCO2/MWh_Generator_output","false"
"Generator:ID_Kalimantan4 5 gas","gas","ExternalSupply","ID","0","false","false","Fuel price source; combustion accounted downstream once","/home/jin/research/SGP_ESE5004_Stage2/pypsa-asean/results/baseline-aims-3H-tutorial/prenetworks/elec_s_50_ec_lv2.0__3h_2030_0.071_pre_adjusted.nc; current scripts/prepare_sector_network.py","REFERENCE_MAPPING_NOT_NUMERIC_ACCEPTANCE","tCO2/MWh_Generator_output","false"
"Generator:ID_Maluku16 0 gas","gas","ExternalSupply","ID","0","false","false","Fuel price source; combustion accounted downstream once","/home/jin/research/SGP_ESE5004_Stage2/pypsa-asean/results/baseline-aims-3H-tutorial/prenetworks/elec_s_50_ec_lv2.0__3h_2030_0.071_pre_adjusted.nc; current scripts/prepare_sector_network.py","REFERENCE_MAPPING_NOT_NUMERIC_ACCEPTANCE","tCO2/MWh_Generator_output","false"
"Generator:ID_Maluku17 0 gas","gas","ExternalSupply","ID","0","false","false","Fuel price source; combustion accounted downstream once","/home/jin/research/SGP_ESE5004_Stage2/pypsa-asean/results/baseline-aims-3H-tutorial/prenetworks/elec_s_50_ec_lv2.0__3h_2030_0.071_pre_adjusted.nc; current scripts/prepare_sector_network.py","REFERENCE_MAPPING_NOT_NUMERIC_ACCEPTANCE","tCO2/MWh_Generator_output","false"
"Generator:ID_Maluku8 0 gas","gas","ExternalSupply","ID","0","false","false","Fuel price source; combustion accounted downstream once","/home/jin/research/SGP_ESE5004_Stage2/pypsa-asean/results/baseline-aims-3H-tutorial/prenetworks/elec_s_50_ec_lv2.0__3h_2030_0.071_pre_adjusted.nc; current scripts/prepare_sector_network.py","REFERENCE_MAPPING_NOT_NUMERIC_ACCEPTANCE","tCO2/MWh_Generator_output","false"
"Generator:ID_Nusa-Tenggara12 0 gas","gas","ExternalSupply","ID","0","false","false","Fuel price source; combustion accounted downstream once","/home/jin/research/SGP_ESE5004_Stage2/pypsa-asean/results/baseline-aims-3H-tutorial/prenetworks/elec_s_50_ec_lv2.0__3h_2030_0.071_pre_adjusted.nc; current scripts/prepare_sector_network.py","REFERENCE_MAPPING_NOT_NUMERIC_ACCEPTANCE","tCO2/MWh_Generator_output","false"
"Generator:ID_Nusa-Tenggara13 0 gas","gas","ExternalSupply","ID","0","false","false","Fuel price source; combustion accounted downstream once","/home/jin/research/SGP_ESE5004_Stage2/pypsa-asean/results/baseline-aims-3H-tutorial/prenetworks/elec_s_50_ec_lv2.0__3h_2030_0.071_pre_adjusted.nc; current scripts/prepare_sector_network.py","REFERENCE_MAPPING_NOT_NUMERIC_ACCEPTANCE","tCO2/MWh_Generator_output","false"
"Generator:ID_Nusa-Tenggara14 0 gas","gas","ExternalSupply","ID","0","false","false","Fuel price source; combustion accounted downstream once","/home/jin/research/SGP_ESE5004_Stage2/pypsa-asean/results/baseline-aims-3H-tutorial/prenetworks/elec_s_50_ec_lv2.0__3h_2030_0.071_pre_adjusted.nc; current scripts/prepare_sector_network.py","REFERENCE_MAPPING_NOT_NUMERIC_ACCEPTANCE","tCO2/MWh_Generator_output","false"
"Generator:ID_Nusa-Tenggara15 0 gas","gas","ExternalSupply","ID","0","false","false","Fuel price source; combustion accounted downstream once","/home/jin/research/SGP_ESE5004_Stage2/pypsa-asean/results/baseline-aims-3H-tutorial/prenetworks/elec_s_50_ec_lv2.0__3h_2030_0.071_pre_adjusted.nc; current scripts/prepare_sector_network.py","REFERENCE_MAPPING_NOT_NUMERIC_ACCEPTANCE","tCO2/MWh_Generator_output","false"
"Generator:ID_Papua18 0 gas","gas","ExternalSupply","ID","0","false","false","Fuel price source; combustion accounted downstream once","/home/jin/research/SGP_ESE5004_Stage2/pypsa-asean/results/baseline-aims-3H-tutorial/prenetworks/elec_s_50_ec_lv2.0__3h_2030_0.071_pre_adjusted.nc; current scripts/prepare_sector_network.py","REFERENCE_MAPPING_NOT_NUMERIC_ACCEPTANCE","tCO2/MWh_Generator_output","false"
"Generator:ID_Papua19 0 gas","gas","ExternalSupply","ID","0","false","false","Fuel price source; combustion accounted downstream once","/home/jin/research/SGP_ESE5004_Stage2/pypsa-asean/results/baseline-aims-3H-tutorial/prenetworks/elec_s_50_ec_lv2.0__3h_2030_0.071_pre_adjusted.nc; current scripts/prepare_sector_network.py","REFERENCE_MAPPING_NOT_NUMERIC_ACCEPTANCE","tCO2/MWh_Generator_output","false"
"Generator:ID_Papua20 0 gas","gas","ExternalSupply","ID","0","false","false","Fuel price source; combustion accounted downstream once","/home/jin/research/SGP_ESE5004_Stage2/pypsa-asean/results/baseline-aims-3H-tutorial/prenetworks/elec_s_50_ec_lv2.0__3h_2030_0.071_pre_adjusted.nc; current scripts/prepare_sector_network.py","REFERENCE_MAPPING_NOT_NUMERIC_ACCEPTANCE","tCO2/MWh_Generator_output","false"
"Generator:ID_Sulawesi0 0 gas","gas","ExternalSupply","ID","0","false","false","Fuel price source; combustion accounted downstream once","/home/jin/research/SGP_ESE5004_Stage2/pypsa-asean/results/baseline-aims-3H-tutorial/prenetworks/elec_s_50_ec_lv2.0__3h_2030_0.071_pre_adjusted.nc; current scripts/prepare_sector_network.py","REFERENCE_MAPPING_NOT_NUMERIC_ACCEPTANCE","tCO2/MWh_Generator_output","false"
"Generator:ID_Sumatra2 0 gas","gas","ExternalSupply","ID","0","false","false","Fuel price source; combustion accounted downstream once","/home/jin/research/SGP_ESE5004_Stage2/pypsa-asean/results/baseline-aims-3H-tutorial/prenetworks/elec_s_50_ec_lv2.0__3h_2030_0.071_pre_adjusted.nc; current scripts/prepare_sector_network.py","REFERENCE_MAPPING_NOT_NUMERIC_ACCEPTANCE","tCO2/MWh_Generator_output","false"
"Generator:ID_Sumatra3 0 gas","gas","ExternalSupply","ID","0","false","false","Fuel price source; combustion accounted downstream once","/home/jin/research/SGP_ESE5004_Stage2/pypsa-asean/results/baseline-aims-3H-tutorial/prenetworks/elec_s_50_ec_lv2.0__3h_2030_0.071_pre_adjusted.nc; current scripts/prepare_sector_network.py","REFERENCE_MAPPING_NOT_NUMERIC_ACCEPTANCE","tCO2/MWh_Generator_output","false"
"Generator:ID_Sumatra3 1 gas","gas","ExternalSupply","ID","0","false","false","Fuel price source; combustion accounted downstream once","/home/jin/research/SGP_ESE5004_Stage2/pypsa-asean/results/baseline-aims-3H-tutorial/prenetworks/elec_s_50_ec_lv2.0__3h_2030_0.071_pre_adjusted.nc; current scripts/prepare_sector_network.py","REFERENCE_MAPPING_NOT_NUMERIC_ACCEPTANCE","tCO2/MWh_Generator_output","false"
"Generator:KH2 0 gas","gas","ExternalSupply","KH","0","false","false","Fuel price source; combustion accounted downstream once","/home/jin/research/SGP_ESE5004_Stage2/pypsa-asean/results/baseline-aims-3H-tutorial/prenetworks/elec_s_50_ec_lv2.0__3h_2030_0.071_pre_adjusted.nc; current scripts/prepare_sector_network.py","REFERENCE_MAPPING_NOT_NUMERIC_ACCEPTANCE","tCO2/MWh_Generator_output","false"
"Generator:LA2 0 gas","gas","ExternalSupply","LA","0","false","false","Fuel price source; combustion accounted downstream once","/home/jin/research/SGP_ESE5004_Stage2/pypsa-asean/results/baseline-aims-3H-tutorial/prenetworks/elec_s_50_ec_lv2.0__3h_2030_0.071_pre_adjusted.nc; current scripts/prepare_sector_network.py","REFERENCE_MAPPING_NOT_NUMERIC_ACCEPTANCE","tCO2/MWh_Generator_output","false"
"Generator:LA2 1 gas","gas","ExternalSupply","LA","0","false","false","Fuel price source; combustion accounted downstream once","/home/jin/research/SGP_ESE5004_Stage2/pypsa-asean/results/baseline-aims-3H-tutorial/prenetworks/elec_s_50_ec_lv2.0__3h_2030_0.071_pre_adjusted.nc; current scripts/prepare_sector_network.py","REFERENCE_MAPPING_NOT_NUMERIC_ACCEPTANCE","tCO2/MWh_Generator_output","false"
"Generator:MM2 0 gas","gas","ExternalSupply","MM","0","false","false","Fuel price source; combustion accounted downstream once","/home/jin/research/SGP_ESE5004_Stage2/pypsa-asean/results/baseline-aims-3H-tutorial/prenetworks/elec_s_50_ec_lv2.0__3h_2030_0.071_pre_adjusted.nc; current scripts/prepare_sector_network.py","REFERENCE_MAPPING_NOT_NUMERIC_ACCEPTANCE","tCO2/MWh_Generator_output","false"
"Generator:MM2 1 gas","gas","ExternalSupply","MM","0","false","false","Fuel price source; combustion accounted downstream once","/home/jin/research/SGP_ESE5004_Stage2/pypsa-asean/results/baseline-aims-3H-tutorial/prenetworks/elec_s_50_ec_lv2.0__3h_2030_0.071_pre_adjusted.nc; current scripts/prepare_sector_network.py","REFERENCE_MAPPING_NOT_NUMERIC_ACCEPTANCE","tCO2/MWh_Generator_output","false"
"Generator:MM2 2 gas","gas","ExternalSupply","MM","0","false","false","Fuel price source; combustion accounted downstream once","/home/jin/research/SGP_ESE5004_Stage2/pypsa-asean/results/baseline-aims-3H-tutorial/prenetworks/elec_s_50_ec_lv2.0__3h_2030_0.071_pre_adjusted.nc; current scripts/prepare_sector_network.py","REFERENCE_MAPPING_NOT_NUMERIC_ACCEPTANCE","tCO2/MWh_Generator_output","false"
"Generator:MM2 3 gas","gas","ExternalSupply","MM","0","false","false","Fuel price source; combustion accounted downstream once","/home/jin/research/SGP_ESE5004_Stage2/pypsa-asean/results/baseline-aims-3H-tutorial/prenetworks/elec_s_50_ec_lv2.0__3h_2030_0.071_pre_adjusted.nc; current scripts/prepare_sector_network.py","REFERENCE_MAPPING_NOT_NUMERIC_ACCEPTANCE","tCO2/MWh_Generator_output","false"
"Generator:MM2 4 gas","gas","ExternalSupply","MM","0","false","false","Fuel price source; combustion accounted downstream once","/home/jin/research/SGP_ESE5004_Stage2/pypsa-asean/results/baseline-aims-3H-tutorial/prenetworks/elec_s_50_ec_lv2.0__3h_2030_0.071_pre_adjusted.nc; current scripts/prepare_sector_network.py","REFERENCE_MAPPING_NOT_NUMERIC_ACCEPTANCE","tCO2/MWh_Generator_output","false"
"Generator:MM2 5 gas","gas","ExternalSupply","MM","0","false","false","Fuel price source; combustion accounted downstream once","/home/jin/research/SGP_ESE5004_Stage2/pypsa-asean/results/baseline-aims-3H-tutorial/prenetworks/elec_s_50_ec_lv2.0__3h_2030_0.071_pre_adjusted.nc; current scripts/prepare_sector_network.py","REFERENCE_MAPPING_NOT_NUMERIC_ACCEPTANCE","tCO2/MWh_Generator_output","false"
"Generator:MM2 6 gas","gas","ExternalSupply","MM","0","false","false","Fuel price source; combustion accounted downstream once","/home/jin/research/SGP_ESE5004_Stage2/pypsa-asean/results/baseline-aims-3H-tutorial/prenetworks/elec_s_50_ec_lv2.0__3h_2030_0.071_pre_adjusted.nc; current scripts/prepare_sector_network.py","REFERENCE_MAPPING_NOT_NUMERIC_ACCEPTANCE","tCO2/MWh_Generator_output","false"
"Generator:MY_Peninsular2 0 gas","gas","ExternalSupply","MY","0","false","false","Fuel price source; combustion accounted downstream once","/home/jin/research/SGP_ESE5004_Stage2/pypsa-asean/results/baseline-aims-3H-tutorial/prenetworks/elec_s_50_ec_lv2.0__3h_2030_0.071_pre_adjusted.nc; current scripts/prepare_sector_network.py","REFERENCE_MAPPING_NOT_NUMERIC_ACCEPTANCE","tCO2/MWh_Generator_output","false"
"Generator:MY_Sabah4 0 gas","gas","ExternalSupply","MY","0","false","false","Fuel price source; combustion accounted downstream once","/home/jin/research/SGP_ESE5004_Stage2/pypsa-asean/results/baseline-aims-3H-tutorial/prenetworks/elec_s_50_ec_lv2.0__3h_2030_0.071_pre_adjusted.nc; current scripts/prepare_sector_network.py","REFERENCE_MAPPING_NOT_NUMERIC_ACCEPTANCE","tCO2/MWh_Generator_output","false"
"Generator:MY_Sarawak4 0 gas","gas","ExternalSupply","MY","0","false","false","Fuel price source; combustion accounted downstream once","/home/jin/research/SGP_ESE5004_Stage2/pypsa-asean/results/baseline-aims-3H-tutorial/prenetworks/elec_s_50_ec_lv2.0__3h_2030_0.071_pre_adjusted.nc; current scripts/prepare_sector_network.py","REFERENCE_MAPPING_NOT_NUMERIC_ACCEPTANCE","tCO2/MWh_Generator_output","false"
"Generator:PH5 0 gas","gas","ExternalSupply","PH","0","false","false","Fuel price source; combustion accounted downstream once","/home/jin/research/SGP_ESE5004_Stage2/pypsa-asean/results/baseline-aims-3H-tutorial/prenetworks/elec_s_50_ec_lv2.0__3h_2030_0.071_pre_adjusted.nc; current scripts/prepare_sector_network.py","REFERENCE_MAPPING_NOT_NUMERIC_ACCEPTANCE","tCO2/MWh_Generator_output","false"
"Generator:PH_Luzon5 0 gas","gas","ExternalSupply","PH","0","false","false","Fuel price source; combustion accounted downstream once","/home/jin/research/SGP_ESE5004_Stage2/pypsa-asean/results/baseline-aims-3H-tutorial/prenetworks/elec_s_50_ec_lv2.0__3h_2030_0.071_pre_adjusted.nc; current scripts/prepare_sector_network.py","REFERENCE_MAPPING_NOT_NUMERIC_ACCEPTANCE","tCO2/MWh_Generator_output","false"
"Generator:PH_Luzon9 0 gas","gas","ExternalSupply","PH","0","false","false","Fuel price source; combustion accounted downstream once","/home/jin/research/SGP_ESE5004_Stage2/pypsa-asean/results/baseline-aims-3H-tutorial/prenetworks/elec_s_50_ec_lv2.0__3h_2030_0.071_pre_adjusted.nc; current scripts/prepare_sector_network.py","REFERENCE_MAPPING_NOT_NUMERIC_ACCEPTANCE","tCO2/MWh_Generator_output","false"
"Generator:PH_Mindanao6 0 gas","gas","ExternalSupply","PH","0","false","false","Fuel price source; combustion accounted downstream once","/home/jin/research/SGP_ESE5004_Stage2/pypsa-asean/results/baseline-aims-3H-tutorial/prenetworks/elec_s_50_ec_lv2.0__3h_2030_0.071_pre_adjusted.nc; current scripts/prepare_sector_network.py","REFERENCE_MAPPING_NOT_NUMERIC_ACCEPTANCE","tCO2/MWh_Generator_output","false"
"Generator:PH_Visayas10 0 gas","gas","ExternalSupply","PH","0","false","false","Fuel price source; combustion accounted downstream once","/home/jin/research/SGP_ESE5004_Stage2/pypsa-asean/results/baseline-aims-3H-tutorial/prenetworks/elec_s_50_ec_lv2.0__3h_2030_0.071_pre_adjusted.nc; current scripts/prepare_sector_network.py","REFERENCE_MAPPING_NOT_NUMERIC_ACCEPTANCE","tCO2/MWh_Generator_output","false"
"Generator:PH_Visayas7 0 gas","gas","ExternalSupply","PH","0","false","false","Fuel price source; combustion accounted downstream once","/home/jin/research/SGP_ESE5004_Stage2/pypsa-asean/results/baseline-aims-3H-tutorial/prenetworks/elec_s_50_ec_lv2.0__3h_2030_0.071_pre_adjusted.nc; current scripts/prepare_sector_network.py","REFERENCE_MAPPING_NOT_NUMERIC_ACCEPTANCE","tCO2/MWh_Generator_output","false"
"Generator:SG2 0 gas","gas","ExternalSupply","SG","0","false","false","Fuel price source; combustion accounted downstream once","/home/jin/research/SGP_ESE5004_Stage2/pypsa-asean/results/baseline-aims-3H-tutorial/prenetworks/elec_s_50_ec_lv2.0__3h_2030_0.071_pre_adjusted.nc; current scripts/prepare_sector_network.py","REFERENCE_MAPPING_NOT_NUMERIC_ACCEPTANCE","tCO2/MWh_Generator_output","false"
"Generator:TH2 0 gas","gas","ExternalSupply","TH","0","false","false","Fuel price source; combustion accounted downstream once","/home/jin/research/SGP_ESE5004_Stage2/pypsa-asean/results/baseline-aims-3H-tutorial/prenetworks/elec_s_50_ec_lv2.0__3h_2030_0.071_pre_adjusted.nc; current scripts/prepare_sector_network.py","REFERENCE_MAPPING_NOT_NUMERIC_ACCEPTANCE","tCO2/MWh_Generator_output","false"
"Generator:TH2 1 gas","gas","ExternalSupply","TH","0","false","false","Fuel price source; combustion accounted downstream once","/home/jin/research/SGP_ESE5004_Stage2/pypsa-asean/results/baseline-aims-3H-tutorial/prenetworks/elec_s_50_ec_lv2.0__3h_2030_0.071_pre_adjusted.nc; current scripts/prepare_sector_network.py","REFERENCE_MAPPING_NOT_NUMERIC_ACCEPTANCE","tCO2/MWh_Generator_output","false"
"Generator:TL11 0 gas","gas","ExternalSupply","TL","0","false","false","Fuel price source; combustion accounted downstream once","/home/jin/research/SGP_ESE5004_Stage2/pypsa-asean/results/baseline-aims-3H-tutorial/prenetworks/elec_s_50_ec_lv2.0__3h_2030_0.071_pre_adjusted.nc; current scripts/prepare_sector_network.py","REFERENCE_MAPPING_NOT_NUMERIC_ACCEPTANCE","tCO2/MWh_Generator_output","false"
"Generator:VN2 0 gas","gas","ExternalSupply","VN","0","false","false","Fuel price source; combustion accounted downstream once","/home/jin/research/SGP_ESE5004_Stage2/pypsa-asean/results/baseline-aims-3H-tutorial/prenetworks/elec_s_50_ec_lv2.0__3h_2030_0.071_pre_adjusted.nc; current scripts/prepare_sector_network.py","REFERENCE_MAPPING_NOT_NUMERIC_ACCEPTANCE","tCO2/MWh_Generator_output","false"
"Generator:VN2 1 gas","gas","ExternalSupply","VN","0","false","false","Fuel price source; combustion accounted downstream once","/home/jin/research/SGP_ESE5004_Stage2/pypsa-asean/results/baseline-aims-3H-tutorial/prenetworks/elec_s_50_ec_lv2.0__3h_2030_0.071_pre_adjusted.nc; current scripts/prepare_sector_network.py","REFERENCE_MAPPING_NOT_NUMERIC_ACCEPTANCE","tCO2/MWh_Generator_output","false"
"Generator:VN2 2 gas","gas","ExternalSupply","VN","0","false","false","Fuel price source; combustion accounted downstream once","/home/jin/research/SGP_ESE5004_Stage2/pypsa-asean/results/baseline-aims-3H-tutorial/prenetworks/elec_s_50_ec_lv2.0__3h_2030_0.071_pre_adjusted.nc; current scripts/prepare_sector_network.py","REFERENCE_MAPPING_NOT_NUMERIC_ACCEPTANCE","tCO2/MWh_Generator_output","false"
"Generator:BN4 0 oil","oil","ExternalSupply","BN","0","false","false","Fuel price source; combustion accounted downstream once","/home/jin/research/SGP_ESE5004_Stage2/pypsa-asean/results/baseline-aims-3H-tutorial/prenetworks/elec_s_50_ec_lv2.0__3h_2030_0.071_pre_adjusted.nc; current scripts/prepare_sector_network.py","REFERENCE_MAPPING_NOT_NUMERIC_ACCEPTANCE","tCO2/MWh_Generator_output","false"
"Generator:ID_Java-Bali1 0 oil","oil","ExternalSupply","ID","0","false","false","Fuel price source; combustion accounted downstream once","/home/jin/research/SGP_ESE5004_Stage2/pypsa-asean/results/baseline-aims-3H-tutorial/prenetworks/elec_s_50_ec_lv2.0__3h_2030_0.071_pre_adjusted.nc; current scripts/prepare_sector_network.py","REFERENCE_MAPPING_NOT_NUMERIC_ACCEPTANCE","tCO2/MWh_Generator_output","false"
"Generator:ID_Kalimantan4 0 oil","oil","ExternalSupply","ID","0","false","false","Fuel price source; combustion accounted downstream once","/home/jin/research/SGP_ESE5004_Stage2/pypsa-asean/results/baseline-aims-3H-tutorial/prenetworks/elec_s_50_ec_lv2.0__3h_2030_0.071_pre_adjusted.nc; current scripts/prepare_sector_network.py","REFERENCE_MAPPING_NOT_NUMERIC_ACCEPTANCE","tCO2/MWh_Generator_output","false"
"Generator:ID_Kalimantan4 1 oil","oil","ExternalSupply","ID","0","false","false","Fuel price source; combustion accounted downstream once","/home/jin/research/SGP_ESE5004_Stage2/pypsa-asean/results/baseline-aims-3H-tutorial/prenetworks/elec_s_50_ec_lv2.0__3h_2030_0.071_pre_adjusted.nc; current scripts/prepare_sector_network.py","REFERENCE_MAPPING_NOT_NUMERIC_ACCEPTANCE","tCO2/MWh_Generator_output","false"
"Generator:ID_Kalimantan4 2 oil","oil","ExternalSupply","ID","0","false","false","Fuel price source; combustion accounted downstream once","/home/jin/research/SGP_ESE5004_Stage2/pypsa-asean/results/baseline-aims-3H-tutorial/prenetworks/elec_s_50_ec_lv2.0__3h_2030_0.071_pre_adjusted.nc; current scripts/prepare_sector_network.py","REFERENCE_MAPPING_NOT_NUMERIC_ACCEPTANCE","tCO2/MWh_Generator_output","false"
"Generator:ID_Kalimantan4 3 oil","oil","ExternalSupply","ID","0","false","false","Fuel price source; combustion accounted downstream once","/home/jin/research/SGP_ESE5004_Stage2/pypsa-asean/results/baseline-aims-3H-tutorial/prenetworks/elec_s_50_ec_lv2.0__3h_2030_0.071_pre_adjusted.nc; current scripts/prepare_sector_network.py","REFERENCE_MAPPING_NOT_NUMERIC_ACCEPTANCE","tCO2/MWh_Generator_output","false"
"Generator:ID_Kalimantan4 4 oil","oil","ExternalSupply","ID","0","false","false","Fuel price source; combustion accounted downstream once","/home/jin/research/SGP_ESE5004_Stage2/pypsa-asean/results/baseline-aims-3H-tutorial/prenetworks/elec_s_50_ec_lv2.0__3h_2030_0.071_pre_adjusted.nc; current scripts/prepare_sector_network.py","REFERENCE_MAPPING_NOT_NUMERIC_ACCEPTANCE","tCO2/MWh_Generator_output","false"
"Generator:ID_Kalimantan4 5 oil","oil","ExternalSupply","ID","0","false","false","Fuel price source; combustion accounted downstream once","/home/jin/research/SGP_ESE5004_Stage2/pypsa-asean/results/baseline-aims-3H-tutorial/prenetworks/elec_s_50_ec_lv2.0__3h_2030_0.071_pre_adjusted.nc; current scripts/prepare_sector_network.py","REFERENCE_MAPPING_NOT_NUMERIC_ACCEPTANCE","tCO2/MWh_Generator_output","false"
"Generator:ID_Maluku16 0 oil","oil","ExternalSupply","ID","0","false","false","Fuel price source; combustion accounted downstream once","/home/jin/research/SGP_ESE5004_Stage2/pypsa-asean/results/baseline-aims-3H-tutorial/prenetworks/elec_s_50_ec_lv2.0__3h_2030_0.071_pre_adjusted.nc; current scripts/prepare_sector_network.py","REFERENCE_MAPPING_NOT_NUMERIC_ACCEPTANCE","tCO2/MWh_Generator_output","false"
"Generator:ID_Maluku17 0 oil","oil","ExternalSupply","ID","0","false","false","Fuel price source; combustion accounted downstream once","/home/jin/research/SGP_ESE5004_Stage2/pypsa-asean/results/baseline-aims-3H-tutorial/prenetworks/elec_s_50_ec_lv2.0__3h_2030_0.071_pre_adjusted.nc; current scripts/prepare_sector_network.py","REFERENCE_MAPPING_NOT_NUMERIC_ACCEPTANCE","tCO2/MWh_Generator_output","false"
"Generator:ID_Maluku8 0 oil","oil","ExternalSupply","ID","0","false","false","Fuel price source; combustion accounted downstream once","/home/jin/research/SGP_ESE5004_Stage2/pypsa-asean/results/baseline-aims-3H-tutorial/prenetworks/elec_s_50_ec_lv2.0__3h_2030_0.071_pre_adjusted.nc; current scripts/prepare_sector_network.py","REFERENCE_MAPPING_NOT_NUMERIC_ACCEPTANCE","tCO2/MWh_Generator_output","false"
"Generator:ID_Nusa-Tenggara12 0 oil","oil","ExternalSupply","ID","0","false","false","Fuel price source; combustion accounted downstream once","/home/jin/research/SGP_ESE5004_Stage2/pypsa-asean/results/baseline-aims-3H-tutorial/prenetworks/elec_s_50_ec_lv2.0__3h_2030_0.071_pre_adjusted.nc; current scripts/prepare_sector_network.py","REFERENCE_MAPPING_NOT_NUMERIC_ACCEPTANCE","tCO2/MWh_Generator_output","false"
"Generator:ID_Nusa-Tenggara13 0 oil","oil","ExternalSupply","ID","0","false","false","Fuel price source; combustion accounted downstream once","/home/jin/research/SGP_ESE5004_Stage2/pypsa-asean/results/baseline-aims-3H-tutorial/prenetworks/elec_s_50_ec_lv2.0__3h_2030_0.071_pre_adjusted.nc; current scripts/prepare_sector_network.py","REFERENCE_MAPPING_NOT_NUMERIC_ACCEPTANCE","tCO2/MWh_Generator_output","false"
"Generator:ID_Nusa-Tenggara14 0 oil","oil","ExternalSupply","ID","0","false","false","Fuel price source; combustion accounted downstream once","/home/jin/research/SGP_ESE5004_Stage2/pypsa-asean/results/baseline-aims-3H-tutorial/prenetworks/elec_s_50_ec_lv2.0__3h_2030_0.071_pre_adjusted.nc; current scripts/prepare_sector_network.py","REFERENCE_MAPPING_NOT_NUMERIC_ACCEPTANCE","tCO2/MWh_Generator_output","false"
"Generator:ID_Nusa-Tenggara15 0 oil","oil","ExternalSupply","ID","0","false","false","Fuel price source; combustion accounted downstream once","/home/jin/research/SGP_ESE5004_Stage2/pypsa-asean/results/baseline-aims-3H-tutorial/prenetworks/elec_s_50_ec_lv2.0__3h_2030_0.071_pre_adjusted.nc; current scripts/prepare_sector_network.py","REFERENCE_MAPPING_NOT_NUMERIC_ACCEPTANCE","tCO2/MWh_Generator_output","false"
"Generator:ID_Papua18 0 oil","oil","ExternalSupply","ID","0","false","false","Fuel price source; combustion accounted downstream once","/home/jin/research/SGP_ESE5004_Stage2/pypsa-asean/results/baseline-aims-3H-tutorial/prenetworks/elec_s_50_ec_lv2.0__3h_2030_0.071_pre_adjusted.nc; current scripts/prepare_sector_network.py","REFERENCE_MAPPING_NOT_NUMERIC_ACCEPTANCE","tCO2/MWh_Generator_output","false"
"Generator:ID_Papua19 0 oil","oil","ExternalSupply","ID","0","false","false","Fuel price source; combustion accounted downstream once","/home/jin/research/SGP_ESE5004_Stage2/pypsa-asean/results/baseline-aims-3H-tutorial/prenetworks/elec_s_50_ec_lv2.0__3h_2030_0.071_pre_adjusted.nc; current scripts/prepare_sector_network.py","REFERENCE_MAPPING_NOT_NUMERIC_ACCEPTANCE","tCO2/MWh_Generator_output","false"
"Generator:ID_Papua20 0 oil","oil","ExternalSupply","ID","0","false","false","Fuel price source; combustion accounted downstream once","/home/jin/research/SGP_ESE5004_Stage2/pypsa-asean/results/baseline-aims-3H-tutorial/prenetworks/elec_s_50_ec_lv2.0__3h_2030_0.071_pre_adjusted.nc; current scripts/prepare_sector_network.py","REFERENCE_MAPPING_NOT_NUMERIC_ACCEPTANCE","tCO2/MWh_Generator_output","false"
"Generator:ID_Sulawesi0 0 oil","oil","ExternalSupply","ID","0","false","false","Fuel price source; combustion accounted downstream once","/home/jin/research/SGP_ESE5004_Stage2/pypsa-asean/results/baseline-aims-3H-tutorial/prenetworks/elec_s_50_ec_lv2.0__3h_2030_0.071_pre_adjusted.nc; current scripts/prepare_sector_network.py","REFERENCE_MAPPING_NOT_NUMERIC_ACCEPTANCE","tCO2/MWh_Generator_output","false"
"Generator:ID_Sumatra2 0 oil","oil","ExternalSupply","ID","0","false","false","Fuel price source; combustion accounted downstream once","/home/jin/research/SGP_ESE5004_Stage2/pypsa-asean/results/baseline-aims-3H-tutorial/prenetworks/elec_s_50_ec_lv2.0__3h_2030_0.071_pre_adjusted.nc; current scripts/prepare_sector_network.py","REFERENCE_MAPPING_NOT_NUMERIC_ACCEPTANCE","tCO2/MWh_Generator_output","false"
"Generator:ID_Sumatra3 0 oil","oil","ExternalSupply","ID","0","false","false","Fuel price source; combustion accounted downstream once","/home/jin/research/SGP_ESE5004_Stage2/pypsa-asean/results/baseline-aims-3H-tutorial/prenetworks/elec_s_50_ec_lv2.0__3h_2030_0.071_pre_adjusted.nc; current scripts/prepare_sector_network.py","REFERENCE_MAPPING_NOT_NUMERIC_ACCEPTANCE","tCO2/MWh_Generator_output","false"
"Generator:ID_Sumatra3 1 oil","oil","ExternalSupply","ID","0","false","false","Fuel price source; combustion accounted downstream once","/home/jin/research/SGP_ESE5004_Stage2/pypsa-asean/results/baseline-aims-3H-tutorial/prenetworks/elec_s_50_ec_lv2.0__3h_2030_0.071_pre_adjusted.nc; current scripts/prepare_sector_network.py","REFERENCE_MAPPING_NOT_NUMERIC_ACCEPTANCE","tCO2/MWh_Generator_output","false"
"Generator:KH2 0 oil","oil","ExternalSupply","KH","0","false","false","Fuel price source; combustion accounted downstream once","/home/jin/research/SGP_ESE5004_Stage2/pypsa-asean/results/baseline-aims-3H-tutorial/prenetworks/elec_s_50_ec_lv2.0__3h_2030_0.071_pre_adjusted.nc; current scripts/prepare_sector_network.py","REFERENCE_MAPPING_NOT_NUMERIC_ACCEPTANCE","tCO2/MWh_Generator_output","false"
"Generator:LA2 0 oil","oil","ExternalSupply","LA","0","false","false","Fuel price source; combustion accounted downstream once","/home/jin/research/SGP_ESE5004_Stage2/pypsa-asean/results/baseline-aims-3H-tutorial/prenetworks/elec_s_50_ec_lv2.0__3h_2030_0.071_pre_adjusted.nc; current scripts/prepare_sector_network.py","REFERENCE_MAPPING_NOT_NUMERIC_ACCEPTANCE","tCO2/MWh_Generator_output","false"
"Generator:LA2 1 oil","oil","ExternalSupply","LA","0","false","false","Fuel price source; combustion accounted downstream once","/home/jin/research/SGP_ESE5004_Stage2/pypsa-asean/results/baseline-aims-3H-tutorial/prenetworks/elec_s_50_ec_lv2.0__3h_2030_0.071_pre_adjusted.nc; current scripts/prepare_sector_network.py","REFERENCE_MAPPING_NOT_NUMERIC_ACCEPTANCE","tCO2/MWh_Generator_output","false"
"Generator:MM2 0 oil","oil","ExternalSupply","MM","0","false","false","Fuel price source; combustion accounted downstream once","/home/jin/research/SGP_ESE5004_Stage2/pypsa-asean/results/baseline-aims-3H-tutorial/prenetworks/elec_s_50_ec_lv2.0__3h_2030_0.071_pre_adjusted.nc; current scripts/prepare_sector_network.py","REFERENCE_MAPPING_NOT_NUMERIC_ACCEPTANCE","tCO2/MWh_Generator_output","false"
"Generator:MM2 1 oil","oil","ExternalSupply","MM","0","false","false","Fuel price source; combustion accounted downstream once","/home/jin/research/SGP_ESE5004_Stage2/pypsa-asean/results/baseline-aims-3H-tutorial/prenetworks/elec_s_50_ec_lv2.0__3h_2030_0.071_pre_adjusted.nc; current scripts/prepare_sector_network.py","REFERENCE_MAPPING_NOT_NUMERIC_ACCEPTANCE","tCO2/MWh_Generator_output","false"
"Generator:MM2 2 oil","oil","ExternalSupply","MM","0","false","false","Fuel price source; combustion accounted downstream once","/home/jin/research/SGP_ESE5004_Stage2/pypsa-asean/results/baseline-aims-3H-tutorial/prenetworks/elec_s_50_ec_lv2.0__3h_2030_0.071_pre_adjusted.nc; current scripts/prepare_sector_network.py","REFERENCE_MAPPING_NOT_NUMERIC_ACCEPTANCE","tCO2/MWh_Generator_output","false"
"Generator:MM2 3 oil","oil","ExternalSupply","MM","0","false","false","Fuel price source; combustion accounted downstream once","/home/jin/research/SGP_ESE5004_Stage2/pypsa-asean/results/baseline-aims-3H-tutorial/prenetworks/elec_s_50_ec_lv2.0__3h_2030_0.071_pre_adjusted.nc; current scripts/prepare_sector_network.py","REFERENCE_MAPPING_NOT_NUMERIC_ACCEPTANCE","tCO2/MWh_Generator_output","false"
"Generator:MM2 4 oil","oil","ExternalSupply","MM","0","false","false","Fuel price source; combustion accounted downstream once","/home/jin/research/SGP_ESE5004_Stage2/pypsa-asean/results/baseline-aims-3H-tutorial/prenetworks/elec_s_50_ec_lv2.0__3h_2030_0.071_pre_adjusted.nc; current scripts/prepare_sector_network.py","REFERENCE_MAPPING_NOT_NUMERIC_ACCEPTANCE","tCO2/MWh_Generator_output","false"
"Generator:MM2 5 oil","oil","ExternalSupply","MM","0","false","false","Fuel price source; combustion accounted downstream once","/home/jin/research/SGP_ESE5004_Stage2/pypsa-asean/results/baseline-aims-3H-tutorial/prenetworks/elec_s_50_ec_lv2.0__3h_2030_0.071_pre_adjusted.nc; current scripts/prepare_sector_network.py","REFERENCE_MAPPING_NOT_NUMERIC_ACCEPTANCE","tCO2/MWh_Generator_output","false"
"Generator:MM2 6 oil","oil","ExternalSupply","MM","0","false","false","Fuel price source; combustion accounted downstream once","/home/jin/research/SGP_ESE5004_Stage2/pypsa-asean/results/baseline-aims-3H-tutorial/prenetworks/elec_s_50_ec_lv2.0__3h_2030_0.071_pre_adjusted.nc; current scripts/prepare_sector_network.py","REFERENCE_MAPPING_NOT_NUMERIC_ACCEPTANCE","tCO2/MWh_Generator_output","false"
"Generator:MY_Peninsular2 0 oil","oil","ExternalSupply","MY","0","false","false","Fuel price source; combustion accounted downstream once","/home/jin/research/SGP_ESE5004_Stage2/pypsa-asean/results/baseline-aims-3H-tutorial/prenetworks/elec_s_50_ec_lv2.0__3h_2030_0.071_pre_adjusted.nc; current scripts/prepare_sector_network.py","REFERENCE_MAPPING_NOT_NUMERIC_ACCEPTANCE","tCO2/MWh_Generator_output","false"
"Generator:MY_Sabah4 0 oil","oil","ExternalSupply","MY","0","false","false","Fuel price source; combustion accounted downstream once","/home/jin/research/SGP_ESE5004_Stage2/pypsa-asean/results/baseline-aims-3H-tutorial/prenetworks/elec_s_50_ec_lv2.0__3h_2030_0.071_pre_adjusted.nc; current scripts/prepare_sector_network.py","REFERENCE_MAPPING_NOT_NUMERIC_ACCEPTANCE","tCO2/MWh_Generator_output","false"
"Generator:MY_Sarawak4 0 oil","oil","ExternalSupply","MY","0","false","false","Fuel price source; combustion accounted downstream once","/home/jin/research/SGP_ESE5004_Stage2/pypsa-asean/results/baseline-aims-3H-tutorial/prenetworks/elec_s_50_ec_lv2.0__3h_2030_0.071_pre_adjusted.nc; current scripts/prepare_sector_network.py","REFERENCE_MAPPING_NOT_NUMERIC_ACCEPTANCE","tCO2/MWh_Generator_output","false"
"Generator:PH5 0 oil","oil","ExternalSupply","PH","0","false","false","Fuel price source; combustion accounted downstream once","/home/jin/research/SGP_ESE5004_Stage2/pypsa-asean/results/baseline-aims-3H-tutorial/prenetworks/elec_s_50_ec_lv2.0__3h_2030_0.071_pre_adjusted.nc; current scripts/prepare_sector_network.py","REFERENCE_MAPPING_NOT_NUMERIC_ACCEPTANCE","tCO2/MWh_Generator_output","false"
"Generator:PH_Luzon5 0 oil","oil","ExternalSupply","PH","0","false","false","Fuel price source; combustion accounted downstream once","/home/jin/research/SGP_ESE5004_Stage2/pypsa-asean/results/baseline-aims-3H-tutorial/prenetworks/elec_s_50_ec_lv2.0__3h_2030_0.071_pre_adjusted.nc; current scripts/prepare_sector_network.py","REFERENCE_MAPPING_NOT_NUMERIC_ACCEPTANCE","tCO2/MWh_Generator_output","false"
"Generator:PH_Luzon9 0 oil","oil","ExternalSupply","PH","0","false","false","Fuel price source; combustion accounted downstream once","/home/jin/research/SGP_ESE5004_Stage2/pypsa-asean/results/baseline-aims-3H-tutorial/prenetworks/elec_s_50_ec_lv2.0__3h_2030_0.071_pre_adjusted.nc; current scripts/prepare_sector_network.py","REFERENCE_MAPPING_NOT_NUMERIC_ACCEPTANCE","tCO2/MWh_Generator_output","false"
"Generator:PH_Mindanao6 0 oil","oil","ExternalSupply","PH","0","false","false","Fuel price source; combustion accounted downstream once","/home/jin/research/SGP_ESE5004_Stage2/pypsa-asean/results/baseline-aims-3H-tutorial/prenetworks/elec_s_50_ec_lv2.0__3h_2030_0.071_pre_adjusted.nc; current scripts/prepare_sector_network.py","REFERENCE_MAPPING_NOT_NUMERIC_ACCEPTANCE","tCO2/MWh_Generator_output","false"
"Generator:PH_Visayas10 0 oil","oil","ExternalSupply","PH","0","false","false","Fuel price source; combustion accounted downstream once","/home/jin/research/SGP_ESE5004_Stage2/pypsa-asean/results/baseline-aims-3H-tutorial/prenetworks/elec_s_50_ec_lv2.0__3h_2030_0.071_pre_adjusted.nc; current scripts/prepare_sector_network.py","REFERENCE_MAPPING_NOT_NUMERIC_ACCEPTANCE","tCO2/MWh_Generator_output","false"
"Generator:PH_Visayas7 0 oil","oil","ExternalSupply","PH","0","false","false","Fuel price source; combustion accounted downstream once","/home/jin/research/SGP_ESE5004_Stage2/pypsa-asean/results/baseline-aims-3H-tutorial/prenetworks/elec_s_50_ec_lv2.0__3h_2030_0.071_pre_adjusted.nc; current scripts/prepare_sector_network.py","REFERENCE_MAPPING_NOT_NUMERIC_ACCEPTANCE","tCO2/MWh_Generator_output","false"
"Generator:SG2 0 oil","oil","ExternalSupply","SG","0","false","false","Fuel price source; combustion accounted downstream once","/home/jin/research/SGP_ESE5004_Stage2/pypsa-asean/results/baseline-aims-3H-tutorial/prenetworks/elec_s_50_ec_lv2.0__3h_2030_0.071_pre_adjusted.nc; current scripts/prepare_sector_network.py","REFERENCE_MAPPING_NOT_NUMERIC_ACCEPTANCE","tCO2/MWh_Generator_output","false"
"Generator:TH2 0 oil","oil","ExternalSupply","TH","0","false","false","Fuel price source; combustion accounted downstream once","/home/jin/research/SGP_ESE5004_Stage2/pypsa-asean/results/baseline-aims-3H-tutorial/prenetworks/elec_s_50_ec_lv2.0__3h_2030_0.071_pre_adjusted.nc; current scripts/prepare_sector_network.py","REFERENCE_MAPPING_NOT_NUMERIC_ACCEPTANCE","tCO2/MWh_Generator_output","false"
"Generator:TH2 1 oil","oil","ExternalSupply","TH","0","false","false","Fuel price source; combustion accounted downstream once","/home/jin/research/SGP_ESE5004_Stage2/pypsa-asean/results/baseline-aims-3H-tutorial/prenetworks/elec_s_50_ec_lv2.0__3h_2030_0.071_pre_adjusted.nc; current scripts/prepare_sector_network.py","REFERENCE_MAPPING_NOT_NUMERIC_ACCEPTANCE","tCO2/MWh_Generator_output","false"
"Generator:TL11 0 oil","oil","ExternalSupply","TL","0","false","false","Fuel price source; combustion accounted downstream once","/home/jin/research/SGP_ESE5004_Stage2/pypsa-asean/results/baseline-aims-3H-tutorial/prenetworks/elec_s_50_ec_lv2.0__3h_2030_0.071_pre_adjusted.nc; current scripts/prepare_sector_network.py","REFERENCE_MAPPING_NOT_NUMERIC_ACCEPTANCE","tCO2/MWh_Generator_output","false"
"Generator:VN2 0 oil","oil","ExternalSupply","VN","0","false","false","Fuel price source; combustion accounted downstream once","/home/jin/research/SGP_ESE5004_Stage2/pypsa-asean/results/baseline-aims-3H-tutorial/prenetworks/elec_s_50_ec_lv2.0__3h_2030_0.071_pre_adjusted.nc; current scripts/prepare_sector_network.py","REFERENCE_MAPPING_NOT_NUMERIC_ACCEPTANCE","tCO2/MWh_Generator_output","false"
"Generator:VN2 1 oil","oil","ExternalSupply","VN","0","false","false","Fuel price source; combustion accounted downstream once","/home/jin/research/SGP_ESE5004_Stage2/pypsa-asean/results/baseline-aims-3H-tutorial/prenetworks/elec_s_50_ec_lv2.0__3h_2030_0.071_pre_adjusted.nc; current scripts/prepare_sector_network.py","REFERENCE_MAPPING_NOT_NUMERIC_ACCEPTANCE","tCO2/MWh_Generator_output","false"
"Generator:VN2 2 oil","oil","ExternalSupply","VN","0","false","false","Fuel price source; combustion accounted downstream once","/home/jin/research/SGP_ESE5004_Stage2/pypsa-asean/results/baseline-aims-3H-tutorial/prenetworks/elec_s_50_ec_lv2.0__3h_2030_0.071_pre_adjusted.nc; current scripts/prepare_sector_network.py","REFERENCE_MAPPING_NOT_NUMERIC_ACCEPTANCE","tCO2/MWh_Generator_output","false"
"Generator:BN4 0 coal","coal","ExternalSupply","BN","0","false","false","Fuel price source; combustion accounted downstream once","/home/jin/research/SGP_ESE5004_Stage2/pypsa-asean/results/baseline-aims-3H-tutorial/prenetworks/elec_s_50_ec_lv2.0__3h_2030_0.071_pre_adjusted.nc; current scripts/prepare_sector_network.py","REFERENCE_MAPPING_NOT_NUMERIC_ACCEPTANCE","tCO2/MWh_Generator_output","false"
"Generator:ID_Java-Bali1 0 coal","coal","ExternalSupply","ID","0","false","false","Fuel price source; combustion accounted downstream once","/home/jin/research/SGP_ESE5004_Stage2/pypsa-asean/results/baseline-aims-3H-tutorial/prenetworks/elec_s_50_ec_lv2.0__3h_2030_0.071_pre_adjusted.nc; current scripts/prepare_sector_network.py","REFERENCE_MAPPING_NOT_NUMERIC_ACCEPTANCE","tCO2/MWh_Generator_output","false"
"Generator:ID_Kalimantan4 0 coal","coal","ExternalSupply","ID","0","false","false","Fuel price source; combustion accounted downstream once","/home/jin/research/SGP_ESE5004_Stage2/pypsa-asean/results/baseline-aims-3H-tutorial/prenetworks/elec_s_50_ec_lv2.0__3h_2030_0.071_pre_adjusted.nc; current scripts/prepare_sector_network.py","REFERENCE_MAPPING_NOT_NUMERIC_ACCEPTANCE","tCO2/MWh_Generator_output","false"
"Generator:ID_Kalimantan4 1 coal","coal","ExternalSupply","ID","0","false","false","Fuel price source; combustion accounted downstream once","/home/jin/research/SGP_ESE5004_Stage2/pypsa-asean/results/baseline-aims-3H-tutorial/prenetworks/elec_s_50_ec_lv2.0__3h_2030_0.071_pre_adjusted.nc; current scripts/prepare_sector_network.py","REFERENCE_MAPPING_NOT_NUMERIC_ACCEPTANCE","tCO2/MWh_Generator_output","false"
"Generator:ID_Kalimantan4 2 coal","coal","ExternalSupply","ID","0","false","false","Fuel price source; combustion accounted downstream once","/home/jin/research/SGP_ESE5004_Stage2/pypsa-asean/results/baseline-aims-3H-tutorial/prenetworks/elec_s_50_ec_lv2.0__3h_2030_0.071_pre_adjusted.nc; current scripts/prepare_sector_network.py","REFERENCE_MAPPING_NOT_NUMERIC_ACCEPTANCE","tCO2/MWh_Generator_output","false"
"Generator:ID_Kalimantan4 3 coal","coal","ExternalSupply","ID","0","false","false","Fuel price source; combustion accounted downstream once","/home/jin/research/SGP_ESE5004_Stage2/pypsa-asean/results/baseline-aims-3H-tutorial/prenetworks/elec_s_50_ec_lv2.0__3h_2030_0.071_pre_adjusted.nc; current scripts/prepare_sector_network.py","REFERENCE_MAPPING_NOT_NUMERIC_ACCEPTANCE","tCO2/MWh_Generator_output","false"
"Generator:ID_Kalimantan4 4 coal","coal","ExternalSupply","ID","0","false","false","Fuel price source; combustion accounted downstream once","/home/jin/research/SGP_ESE5004_Stage2/pypsa-asean/results/baseline-aims-3H-tutorial/prenetworks/elec_s_50_ec_lv2.0__3h_2030_0.071_pre_adjusted.nc; current scripts/prepare_sector_network.py","REFERENCE_MAPPING_NOT_NUMERIC_ACCEPTANCE","tCO2/MWh_Generator_output","false"
"Generator:ID_Kalimantan4 5 coal","coal","ExternalSupply","ID","0","false","false","Fuel price source; combustion accounted downstream once","/home/jin/research/SGP_ESE5004_Stage2/pypsa-asean/results/baseline-aims-3H-tutorial/prenetworks/elec_s_50_ec_lv2.0__3h_2030_0.071_pre_adjusted.nc; current scripts/prepare_sector_network.py","REFERENCE_MAPPING_NOT_NUMERIC_ACCEPTANCE","tCO2/MWh_Generator_output","false"
"Generator:ID_Maluku16 0 coal","coal","ExternalSupply","ID","0","false","false","Fuel price source; combustion accounted downstream once","/home/jin/research/SGP_ESE5004_Stage2/pypsa-asean/results/baseline-aims-3H-tutorial/prenetworks/elec_s_50_ec_lv2.0__3h_2030_0.071_pre_adjusted.nc; current scripts/prepare_sector_network.py","REFERENCE_MAPPING_NOT_NUMERIC_ACCEPTANCE","tCO2/MWh_Generator_output","false"
"Generator:ID_Maluku17 0 coal","coal","ExternalSupply","ID","0","false","false","Fuel price source; combustion accounted downstream once","/home/jin/research/SGP_ESE5004_Stage2/pypsa-asean/results/baseline-aims-3H-tutorial/prenetworks/elec_s_50_ec_lv2.0__3h_2030_0.071_pre_adjusted.nc; current scripts/prepare_sector_network.py","REFERENCE_MAPPING_NOT_NUMERIC_ACCEPTANCE","tCO2/MWh_Generator_output","false"
"Generator:ID_Maluku8 0 coal","coal","ExternalSupply","ID","0","false","false","Fuel price source; combustion accounted downstream once","/home/jin/research/SGP_ESE5004_Stage2/pypsa-asean/results/baseline-aims-3H-tutorial/prenetworks/elec_s_50_ec_lv2.0__3h_2030_0.071_pre_adjusted.nc; current scripts/prepare_sector_network.py","REFERENCE_MAPPING_NOT_NUMERIC_ACCEPTANCE","tCO2/MWh_Generator_output","false"
"Generator:ID_Nusa-Tenggara12 0 coal","coal","ExternalSupply","ID","0","false","false","Fuel price source; combustion accounted downstream once","/home/jin/research/SGP_ESE5004_Stage2/pypsa-asean/results/baseline-aims-3H-tutorial/prenetworks/elec_s_50_ec_lv2.0__3h_2030_0.071_pre_adjusted.nc; current scripts/prepare_sector_network.py","REFERENCE_MAPPING_NOT_NUMERIC_ACCEPTANCE","tCO2/MWh_Generator_output","false"
"Generator:ID_Nusa-Tenggara13 0 coal","coal","ExternalSupply","ID","0","false","false","Fuel price source; combustion accounted downstream once","/home/jin/research/SGP_ESE5004_Stage2/pypsa-asean/results/baseline-aims-3H-tutorial/prenetworks/elec_s_50_ec_lv2.0__3h_2030_0.071_pre_adjusted.nc; current scripts/prepare_sector_network.py","REFERENCE_MAPPING_NOT_NUMERIC_ACCEPTANCE","tCO2/MWh_Generator_output","false"
"Generator:ID_Nusa-Tenggara14 0 coal","coal","ExternalSupply","ID","0","false","false","Fuel price source; combustion accounted downstream once","/home/jin/research/SGP_ESE5004_Stage2/pypsa-asean/results/baseline-aims-3H-tutorial/prenetworks/elec_s_50_ec_lv2.0__3h_2030_0.071_pre_adjusted.nc; current scripts/prepare_sector_network.py","REFERENCE_MAPPING_NOT_NUMERIC_ACCEPTANCE","tCO2/MWh_Generator_output","false"
"Generator:ID_Nusa-Tenggara15 0 coal","coal","ExternalSupply","ID","0","false","false","Fuel price source; combustion accounted downstream once","/home/jin/research/SGP_ESE5004_Stage2/pypsa-asean/results/baseline-aims-3H-tutorial/prenetworks/elec_s_50_ec_lv2.0__3h_2030_0.071_pre_adjusted.nc; current scripts/prepare_sector_network.py","REFERENCE_MAPPING_NOT_NUMERIC_ACCEPTANCE","tCO2/MWh_Generator_output","false"
"Generator:ID_Papua18 0 coal","coal","ExternalSupply","ID","0","false","false","Fuel price source; combustion accounted downstream once","/home/jin/research/SGP_ESE5004_Stage2/pypsa-asean/results/baseline-aims-3H-tutorial/prenetworks/elec_s_50_ec_lv2.0__3h_2030_0.071_pre_adjusted.nc; current scripts/prepare_sector_network.py","REFERENCE_MAPPING_NOT_NUMERIC_ACCEPTANCE","tCO2/MWh_Generator_output","false"
"Generator:ID_Papua19 0 coal","coal","ExternalSupply","ID","0","false","false","Fuel price source; combustion accounted downstream once","/home/jin/research/SGP_ESE5004_Stage2/pypsa-asean/results/baseline-aims-3H-tutorial/prenetworks/elec_s_50_ec_lv2.0__3h_2030_0.071_pre_adjusted.nc; current scripts/prepare_sector_network.py","REFERENCE_MAPPING_NOT_NUMERIC_ACCEPTANCE","tCO2/MWh_Generator_output","false"
"Generator:ID_Papua20 0 coal","coal","ExternalSupply","ID","0","false","false","Fuel price source; combustion accounted downstream once","/home/jin/research/SGP_ESE5004_Stage2/pypsa-asean/results/baseline-aims-3H-tutorial/prenetworks/elec_s_50_ec_lv2.0__3h_2030_0.071_pre_adjusted.nc; current scripts/prepare_sector_network.py","REFERENCE_MAPPING_NOT_NUMERIC_ACCEPTANCE","tCO2/MWh_Generator_output","false"
"Generator:ID_Sulawesi0 0 coal","coal","ExternalSupply","ID","0","false","false","Fuel price source; combustion accounted downstream once","/home/jin/research/SGP_ESE5004_Stage2/pypsa-asean/results/baseline-aims-3H-tutorial/prenetworks/elec_s_50_ec_lv2.0__3h_2030_0.071_pre_adjusted.nc; current scripts/prepare_sector_network.py","REFERENCE_MAPPING_NOT_NUMERIC_ACCEPTANCE","tCO2/MWh_Generator_output","false"
"Generator:ID_Sumatra2 0 coal","coal","ExternalSupply","ID","0","false","false","Fuel price source; combustion accounted downstream once","/home/jin/research/SGP_ESE5004_Stage2/pypsa-asean/results/baseline-aims-3H-tutorial/prenetworks/elec_s_50_ec_lv2.0__3h_2030_0.071_pre_adjusted.nc; current scripts/prepare_sector_network.py","REFERENCE_MAPPING_NOT_NUMERIC_ACCEPTANCE","tCO2/MWh_Generator_output","false"
"Generator:ID_Sumatra3 0 coal","coal","ExternalSupply","ID","0","false","false","Fuel price source; combustion accounted downstream once","/home/jin/research/SGP_ESE5004_Stage2/pypsa-asean/results/baseline-aims-3H-tutorial/prenetworks/elec_s_50_ec_lv2.0__3h_2030_0.071_pre_adjusted.nc; current scripts/prepare_sector_network.py","REFERENCE_MAPPING_NOT_NUMERIC_ACCEPTANCE","tCO2/MWh_Generator_output","false"
"Generator:ID_Sumatra3 1 coal","coal","ExternalSupply","ID","0","false","false","Fuel price source; combustion accounted downstream once","/home/jin/research/SGP_ESE5004_Stage2/pypsa-asean/results/baseline-aims-3H-tutorial/prenetworks/elec_s_50_ec_lv2.0__3h_2030_0.071_pre_adjusted.nc; current scripts/prepare_sector_network.py","REFERENCE_MAPPING_NOT_NUMERIC_ACCEPTANCE","tCO2/MWh_Generator_output","false"
"Generator:KH2 0 coal","coal","ExternalSupply","KH","0","false","false","Fuel price source; combustion accounted downstream once","/home/jin/research/SGP_ESE5004_Stage2/pypsa-asean/results/baseline-aims-3H-tutorial/prenetworks/elec_s_50_ec_lv2.0__3h_2030_0.071_pre_adjusted.nc; current scripts/prepare_sector_network.py","REFERENCE_MAPPING_NOT_NUMERIC_ACCEPTANCE","tCO2/MWh_Generator_output","false"
"Generator:LA2 0 coal","coal","ExternalSupply","LA","0","false","false","Fuel price source; combustion accounted downstream once","/home/jin/research/SGP_ESE5004_Stage2/pypsa-asean/results/baseline-aims-3H-tutorial/prenetworks/elec_s_50_ec_lv2.0__3h_2030_0.071_pre_adjusted.nc; current scripts/prepare_sector_network.py","REFERENCE_MAPPING_NOT_NUMERIC_ACCEPTANCE","tCO2/MWh_Generator_output","false"
"Generator:LA2 1 coal","coal","ExternalSupply","LA","0","false","false","Fuel price source; combustion accounted downstream once","/home/jin/research/SGP_ESE5004_Stage2/pypsa-asean/results/baseline-aims-3H-tutorial/prenetworks/elec_s_50_ec_lv2.0__3h_2030_0.071_pre_adjusted.nc; current scripts/prepare_sector_network.py","REFERENCE_MAPPING_NOT_NUMERIC_ACCEPTANCE","tCO2/MWh_Generator_output","false"
"Generator:MM2 0 coal","coal","ExternalSupply","MM","0","false","false","Fuel price source; combustion accounted downstream once","/home/jin/research/SGP_ESE5004_Stage2/pypsa-asean/results/baseline-aims-3H-tutorial/prenetworks/elec_s_50_ec_lv2.0__3h_2030_0.071_pre_adjusted.nc; current scripts/prepare_sector_network.py","REFERENCE_MAPPING_NOT_NUMERIC_ACCEPTANCE","tCO2/MWh_Generator_output","false"
"Generator:MM2 1 coal","coal","ExternalSupply","MM","0","false","false","Fuel price source; combustion accounted downstream once","/home/jin/research/SGP_ESE5004_Stage2/pypsa-asean/results/baseline-aims-3H-tutorial/prenetworks/elec_s_50_ec_lv2.0__3h_2030_0.071_pre_adjusted.nc; current scripts/prepare_sector_network.py","REFERENCE_MAPPING_NOT_NUMERIC_ACCEPTANCE","tCO2/MWh_Generator_output","false"
"Generator:MM2 2 coal","coal","ExternalSupply","MM","0","false","false","Fuel price source; combustion accounted downstream once","/home/jin/research/SGP_ESE5004_Stage2/pypsa-asean/results/baseline-aims-3H-tutorial/prenetworks/elec_s_50_ec_lv2.0__3h_2030_0.071_pre_adjusted.nc; current scripts/prepare_sector_network.py","REFERENCE_MAPPING_NOT_NUMERIC_ACCEPTANCE","tCO2/MWh_Generator_output","false"
"Generator:MM2 3 coal","coal","ExternalSupply","MM","0","false","false","Fuel price source; combustion accounted downstream once","/home/jin/research/SGP_ESE5004_Stage2/pypsa-asean/results/baseline-aims-3H-tutorial/prenetworks/elec_s_50_ec_lv2.0__3h_2030_0.071_pre_adjusted.nc; current scripts/prepare_sector_network.py","REFERENCE_MAPPING_NOT_NUMERIC_ACCEPTANCE","tCO2/MWh_Generator_output","false"
"Generator:MM2 4 coal","coal","ExternalSupply","MM","0","false","false","Fuel price source; combustion accounted downstream once","/home/jin/research/SGP_ESE5004_Stage2/pypsa-asean/results/baseline-aims-3H-tutorial/prenetworks/elec_s_50_ec_lv2.0__3h_2030_0.071_pre_adjusted.nc; current scripts/prepare_sector_network.py","REFERENCE_MAPPING_NOT_NUMERIC_ACCEPTANCE","tCO2/MWh_Generator_output","false"
"Generator:MM2 5 coal","coal","ExternalSupply","MM","0","false","false","Fuel price source; combustion accounted downstream once","/home/jin/research/SGP_ESE5004_Stage2/pypsa-asean/results/baseline-aims-3H-tutorial/prenetworks/elec_s_50_ec_lv2.0__3h_2030_0.071_pre_adjusted.nc; current scripts/prepare_sector_network.py","REFERENCE_MAPPING_NOT_NUMERIC_ACCEPTANCE","tCO2/MWh_Generator_output","false"
"Generator:MM2 6 coal","coal","ExternalSupply","MM","0","false","false","Fuel price source; combustion accounted downstream once","/home/jin/research/SGP_ESE5004_Stage2/pypsa-asean/results/baseline-aims-3H-tutorial/prenetworks/elec_s_50_ec_lv2.0__3h_2030_0.071_pre_adjusted.nc; current scripts/prepare_sector_network.py","REFERENCE_MAPPING_NOT_NUMERIC_ACCEPTANCE","tCO2/MWh_Generator_output","false"
"Generator:MY_Peninsular2 0 coal","coal","ExternalSupply","MY","0","false","false","Fuel price source; combustion accounted downstream once","/home/jin/research/SGP_ESE5004_Stage2/pypsa-asean/results/baseline-aims-3H-tutorial/prenetworks/elec_s_50_ec_lv2.0__3h_2030_0.071_pre_adjusted.nc; current scripts/prepare_sector_network.py","REFERENCE_MAPPING_NOT_NUMERIC_ACCEPTANCE","tCO2/MWh_Generator_output","false"
"Generator:MY_Sabah4 0 coal","coal","ExternalSupply","MY","0","false","false","Fuel price source; combustion accounted downstream once","/home/jin/research/SGP_ESE5004_Stage2/pypsa-asean/results/baseline-aims-3H-tutorial/prenetworks/elec_s_50_ec_lv2.0__3h_2030_0.071_pre_adjusted.nc; current scripts/prepare_sector_network.py","REFERENCE_MAPPING_NOT_NUMERIC_ACCEPTANCE","tCO2/MWh_Generator_output","false"
"Generator:MY_Sarawak4 0 coal","coal","ExternalSupply","MY","0","false","false","Fuel price source; combustion accounted downstream once","/home/jin/research/SGP_ESE5004_Stage2/pypsa-asean/results/baseline-aims-3H-tutorial/prenetworks/elec_s_50_ec_lv2.0__3h_2030_0.071_pre_adjusted.nc; current scripts/prepare_sector_network.py","REFERENCE_MAPPING_NOT_NUMERIC_ACCEPTANCE","tCO2/MWh_Generator_output","false"
"Generator:PH5 0 coal","coal","ExternalSupply","PH","0","false","false","Fuel price source; combustion accounted downstream once","/home/jin/research/SGP_ESE5004_Stage2/pypsa-asean/results/baseline-aims-3H-tutorial/prenetworks/elec_s_50_ec_lv2.0__3h_2030_0.071_pre_adjusted.nc; current scripts/prepare_sector_network.py","REFERENCE_MAPPING_NOT_NUMERIC_ACCEPTANCE","tCO2/MWh_Generator_output","false"
"Generator:PH_Luzon5 0 coal","coal","ExternalSupply","PH","0","false","false","Fuel price source; combustion accounted downstream once","/home/jin/research/SGP_ESE5004_Stage2/pypsa-asean/results/baseline-aims-3H-tutorial/prenetworks/elec_s_50_ec_lv2.0__3h_2030_0.071_pre_adjusted.nc; current scripts/prepare_sector_network.py","REFERENCE_MAPPING_NOT_NUMERIC_ACCEPTANCE","tCO2/MWh_Generator_output","false"
"Generator:PH_Luzon9 0 coal","coal","ExternalSupply","PH","0","false","false","Fuel price source; combustion accounted downstream once","/home/jin/research/SGP_ESE5004_Stage2/pypsa-asean/results/baseline-aims-3H-tutorial/prenetworks/elec_s_50_ec_lv2.0__3h_2030_0.071_pre_adjusted.nc; current scripts/prepare_sector_network.py","REFERENCE_MAPPING_NOT_NUMERIC_ACCEPTANCE","tCO2/MWh_Generator_output","false"
"Generator:PH_Mindanao6 0 coal","coal","ExternalSupply","PH","0","false","false","Fuel price source; combustion accounted downstream once","/home/jin/research/SGP_ESE5004_Stage2/pypsa-asean/results/baseline-aims-3H-tutorial/prenetworks/elec_s_50_ec_lv2.0__3h_2030_0.071_pre_adjusted.nc; current scripts/prepare_sector_network.py","REFERENCE_MAPPING_NOT_NUMERIC_ACCEPTANCE","tCO2/MWh_Generator_output","false"
"Generator:PH_Visayas10 0 coal","coal","ExternalSupply","PH","0","false","false","Fuel price source; combustion accounted downstream once","/home/jin/research/SGP_ESE5004_Stage2/pypsa-asean/results/baseline-aims-3H-tutorial/prenetworks/elec_s_50_ec_lv2.0__3h_2030_0.071_pre_adjusted.nc; current scripts/prepare_sector_network.py","REFERENCE_MAPPING_NOT_NUMERIC_ACCEPTANCE","tCO2/MWh_Generator_output","false"
"Generator:PH_Visayas7 0 coal","coal","ExternalSupply","PH","0","false","false","Fuel price source; combustion accounted downstream once","/home/jin/research/SGP_ESE5004_Stage2/pypsa-asean/results/baseline-aims-3H-tutorial/prenetworks/elec_s_50_ec_lv2.0__3h_2030_0.071_pre_adjusted.nc; current scripts/prepare_sector_network.py","REFERENCE_MAPPING_NOT_NUMERIC_ACCEPTANCE","tCO2/MWh_Generator_output","false"
"Generator:SG2 0 coal","coal","ExternalSupply","SG","0","false","false","Fuel price source; combustion accounted downstream once","/home/jin/research/SGP_ESE5004_Stage2/pypsa-asean/results/baseline-aims-3H-tutorial/prenetworks/elec_s_50_ec_lv2.0__3h_2030_0.071_pre_adjusted.nc; current scripts/prepare_sector_network.py","REFERENCE_MAPPING_NOT_NUMERIC_ACCEPTANCE","tCO2/MWh_Generator_output","false"
"Generator:TH2 0 coal","coal","ExternalSupply","TH","0","false","false","Fuel price source; combustion accounted downstream once","/home/jin/research/SGP_ESE5004_Stage2/pypsa-asean/results/baseline-aims-3H-tutorial/prenetworks/elec_s_50_ec_lv2.0__3h_2030_0.071_pre_adjusted.nc; current scripts/prepare_sector_network.py","REFERENCE_MAPPING_NOT_NUMERIC_ACCEPTANCE","tCO2/MWh_Generator_output","false"
"Generator:TH2 1 coal","coal","ExternalSupply","TH","0","false","false","Fuel price source; combustion accounted downstream once","/home/jin/research/SGP_ESE5004_Stage2/pypsa-asean/results/baseline-aims-3H-tutorial/prenetworks/elec_s_50_ec_lv2.0__3h_2030_0.071_pre_adjusted.nc; current scripts/prepare_sector_network.py","REFERENCE_MAPPING_NOT_NUMERIC_ACCEPTANCE","tCO2/MWh_Generator_output","false"
"Generator:TL11 0 coal","coal","ExternalSupply","TL","0","false","false","Fuel price source; combustion accounted downstream once","/home/jin/research/SGP_ESE5004_Stage2/pypsa-asean/results/baseline-aims-3H-tutorial/prenetworks/elec_s_50_ec_lv2.0__3h_2030_0.071_pre_adjusted.nc; current scripts/prepare_sector_network.py","REFERENCE_MAPPING_NOT_NUMERIC_ACCEPTANCE","tCO2/MWh_Generator_output","false"
"Generator:VN2 0 coal","coal","ExternalSupply","VN","0","false","false","Fuel price source; combustion accounted downstream once","/home/jin/research/SGP_ESE5004_Stage2/pypsa-asean/results/baseline-aims-3H-tutorial/prenetworks/elec_s_50_ec_lv2.0__3h_2030_0.071_pre_adjusted.nc; current scripts/prepare_sector_network.py","REFERENCE_MAPPING_NOT_NUMERIC_ACCEPTANCE","tCO2/MWh_Generator_output","false"
"Generator:VN2 1 coal","coal","ExternalSupply","VN","0","false","false","Fuel price source; combustion accounted downstream once","/home/jin/research/SGP_ESE5004_Stage2/pypsa-asean/results/baseline-aims-3H-tutorial/prenetworks/elec_s_50_ec_lv2.0__3h_2030_0.071_pre_adjusted.nc; current scripts/prepare_sector_network.py","REFERENCE_MAPPING_NOT_NUMERIC_ACCEPTANCE","tCO2/MWh_Generator_output","false"
"Generator:VN2 2 coal","coal","ExternalSupply","VN","0","false","false","Fuel price source; combustion accounted downstream once","/home/jin/research/SGP_ESE5004_Stage2/pypsa-asean/results/baseline-aims-3H-tutorial/prenetworks/elec_s_50_ec_lv2.0__3h_2030_0.071_pre_adjusted.nc; current scripts/prepare_sector_network.py","REFERENCE_MAPPING_NOT_NUMERIC_ACCEPTANCE","tCO2/MWh_Generator_output","false"
"Generator:Earth lignite","lignite","ExternalSupply","UNRESOLVED","0","false","false","Fuel price source; combustion accounted downstream once","/home/jin/research/SGP_ESE5004_Stage2/pypsa-asean/results/baseline-aims-3H-tutorial/prenetworks/elec_s_50_ec_lv2.0__3h_2030_0.071_pre_adjusted.nc; current scripts/prepare_sector_network.py","REFERENCE_MAPPING_NOT_NUMERIC_ACCEPTANCE","tCO2/MWh_Generator_output","false"
"Link:co2 vent","co2 vent","Conversion","UNRESOLVED","1","PENDING_CAPTURE_OR_ORIGIN_SCOPE","true","Physical carbon transfer/uptake/vent role requires origin and accepted credit scope; FT transfer not new emission","/home/jin/research/SGP_ESE5004_Stage2/pypsa-asean/results/baseline-aims-3H-tutorial/prenetworks/elec_s_50_ec_lv2.0__3h_2030_0.071_pre_adjusted.nc; current scripts/prepare_sector_network.py","REFERENCE_MAPPING_NOT_NUMERIC_ACCEPTANCE","tCO2/MWh_Link_input","false"
"Link:BN4 0 CCGT","CCGT","Power","BN","0.198","true","true","convert_conventional_generators_to_links explicit power plant role","/home/jin/research/SGP_ESE5004_Stage2/pypsa-asean/results/baseline-aims-3H-tutorial/prenetworks/elec_s_50_ec_lv2.0__3h_2030_0.071_pre_adjusted.nc; current scripts/prepare_sector_network.py","REFERENCE_MAPPING_NOT_NUMERIC_ACCEPTANCE","tCO2/MWh_Link_input","false"
"Link:BN4 0 CCGT-2010","CCGT","Power","BN","0.198","true","true","convert_conventional_generators_to_links explicit power plant role","/home/jin/research/SGP_ESE5004_Stage2/pypsa-asean/results/baseline-aims-3H-tutorial/prenetworks/elec_s_50_ec_lv2.0__3h_2030_0.071_pre_adjusted.nc; current scripts/prepare_sector_network.py","REFERENCE_MAPPING_NOT_NUMERIC_ACCEPTANCE","tCO2/MWh_Link_input","false"
"Link:BN4 0 CCGT-2015","CCGT","Power","BN","0.198","true","true","convert_conventional_generators_to_links explicit power plant role","/home/jin/research/SGP_ESE5004_Stage2/pypsa-asean/results/baseline-aims-3H-tutorial/prenetworks/elec_s_50_ec_lv2.0__3h_2030_0.071_pre_adjusted.nc; current scripts/prepare_sector_network.py","REFERENCE_MAPPING_NOT_NUMERIC_ACCEPTANCE","tCO2/MWh_Link_input","false"
"Link:ID_Java-Bali1 0 CCGT","CCGT","Power","ID","0.198","true","true","convert_conventional_generators_to_links explicit power plant role","/home/jin/research/SGP_ESE5004_Stage2/pypsa-asean/results/baseline-aims-3H-tutorial/prenetworks/elec_s_50_ec_lv2.0__3h_2030_0.071_pre_adjusted.nc; current scripts/prepare_sector_network.py","REFERENCE_MAPPING_NOT_NUMERIC_ACCEPTANCE","tCO2/MWh_Link_input","false"
"Link:ID_Java-Bali1 0 CCGT-1995","CCGT","Power","ID","0.198","true","true","convert_conventional_generators_to_links explicit power plant role","/home/jin/research/SGP_ESE5004_Stage2/pypsa-asean/results/baseline-aims-3H-tutorial/prenetworks/elec_s_50_ec_lv2.0__3h_2030_0.071_pre_adjusted.nc; current scripts/prepare_sector_network.py","REFERENCE_MAPPING_NOT_NUMERIC_ACCEPTANCE","tCO2/MWh_Link_input","false"
"Link:ID_Java-Bali1 0 CCGT-2000","CCGT","Power","ID","0.198","true","true","convert_conventional_generators_to_links explicit power plant role","/home/jin/research/SGP_ESE5004_Stage2/pypsa-asean/results/baseline-aims-3H-tutorial/prenetworks/elec_s_50_ec_lv2.0__3h_2030_0.071_pre_adjusted.nc; current scripts/prepare_sector_network.py","REFERENCE_MAPPING_NOT_NUMERIC_ACCEPTANCE","tCO2/MWh_Link_input","false"
"Link:ID_Java-Bali1 0 CCGT-2010","CCGT","Power","ID","0.198","true","true","convert_conventional_generators_to_links explicit power plant role","/home/jin/research/SGP_ESE5004_Stage2/pypsa-asean/results/baseline-aims-3H-tutorial/prenetworks/elec_s_50_ec_lv2.0__3h_2030_0.071_pre_adjusted.nc; current scripts/prepare_sector_network.py","REFERENCE_MAPPING_NOT_NUMERIC_ACCEPTANCE","tCO2/MWh_Link_input","false"
"Link:ID_Java-Bali1 0 CCGT-2015","CCGT","Power","ID","0.198","true","true","convert_conventional_generators_to_links explicit power plant role","/home/jin/research/SGP_ESE5004_Stage2/pypsa-asean/results/baseline-aims-3H-tutorial/prenetworks/elec_s_50_ec_lv2.0__3h_2030_0.071_pre_adjusted.nc; current scripts/prepare_sector_network.py","REFERENCE_MAPPING_NOT_NUMERIC_ACCEPTANCE","tCO2/MWh_Link_input","false"
"Link:ID_Java-Bali1 0 CCGT-2020","CCGT","Power","ID","0.198","true","true","convert_conventional_generators_to_links explicit power plant role","/home/jin/research/SGP_ESE5004_Stage2/pypsa-asean/results/baseline-aims-3H-tutorial/prenetworks/elec_s_50_ec_lv2.0__3h_2030_0.071_pre_adjusted.nc; current scripts/prepare_sector_network.py","REFERENCE_MAPPING_NOT_NUMERIC_ACCEPTANCE","tCO2/MWh_Link_input","false"
"Link:ID_Kalimantan4 0 CCGT","CCGT","Power","ID","0.198","true","true","convert_conventional_generators_to_links explicit power plant role","/home/jin/research/SGP_ESE5004_Stage2/pypsa-asean/results/baseline-aims-3H-tutorial/prenetworks/elec_s_50_ec_lv2.0__3h_2030_0.071_pre_adjusted.nc; current scripts/prepare_sector_network.py","REFERENCE_MAPPING_NOT_NUMERIC_ACCEPTANCE","tCO2/MWh_Link_input","false"
"Link:ID_Kalimantan4 0 CCGT-2000","CCGT","Power","ID","0.198","true","true","convert_conventional_generators_to_links explicit power plant role","/home/jin/research/SGP_ESE5004_Stage2/pypsa-asean/results/baseline-aims-3H-tutorial/prenetworks/elec_s_50_ec_lv2.0__3h_2030_0.071_pre_adjusted.nc; current scripts/prepare_sector_network.py","REFERENCE_MAPPING_NOT_NUMERIC_ACCEPTANCE","tCO2/MWh_Link_input","false"
"Link:ID_Kalimantan4 0 CCGT-2010","CCGT","Power","ID","0.198","true","true","convert_conventional_generators_to_links explicit power plant role","/home/jin/research/SGP_ESE5004_Stage2/pypsa-asean/results/baseline-aims-3H-tutorial/prenetworks/elec_s_50_ec_lv2.0__3h_2030_0.071_pre_adjusted.nc; current scripts/prepare_sector_network.py","REFERENCE_MAPPING_NOT_NUMERIC_ACCEPTANCE","tCO2/MWh_Link_input","false"
"Link:ID_Kalimantan4 0 CCGT-2015","CCGT","Power","ID","0.198","true","true","convert_conventional_generators_to_links explicit power plant role","/home/jin/research/SGP_ESE5004_Stage2/pypsa-asean/results/baseline-aims-3H-tutorial/prenetworks/elec_s_50_ec_lv2.0__3h_2030_0.071_pre_adjusted.nc; current scripts/prepare_sector_network.py","REFERENCE_MAPPING_NOT_NUMERIC_ACCEPTANCE","tCO2/MWh_Link_input","false"
"Link:ID_Kalimantan4 0 CCGT-2020","CCGT","Power","ID","0.198","true","true","convert_conventional_generators_to_links explicit power plant role","/home/jin/research/SGP_ESE5004_Stage2/pypsa-asean/results/baseline-aims-3H-tutorial/prenetworks/elec_s_50_ec_lv2.0__3h_2030_0.071_pre_adjusted.nc; current scripts/prepare_sector_network.py","REFERENCE_MAPPING_NOT_NUMERIC_ACCEPTANCE","tCO2/MWh_Link_input","false"
"Link:ID_Kalimantan4 1 CCGT","CCGT","Power","ID","0.198","true","true","convert_conventional_generators_to_links explicit power plant role","/home/jin/research/SGP_ESE5004_Stage2/pypsa-asean/results/baseline-aims-3H-tutorial/prenetworks/elec_s_50_ec_lv2.0__3h_2030_0.071_pre_adjusted.nc; current scripts/prepare_sector_network.py","REFERENCE_MAPPING_NOT_NUMERIC_ACCEPTANCE","tCO2/MWh_Link_input","false"
"Link:ID_Kalimantan4 1 CCGT-2010","CCGT","Power","ID","0.198","true","true","convert_conventional_generators_to_links explicit power plant role","/home/jin/research/SGP_ESE5004_Stage2/pypsa-asean/results/baseline-aims-3H-tutorial/prenetworks/elec_s_50_ec_lv2.0__3h_2030_0.071_pre_adjusted.nc; current scripts/prepare_sector_network.py","REFERENCE_MAPPING_NOT_NUMERIC_ACCEPTANCE","tCO2/MWh_Link_input","false"
"Link:ID_Kalimantan4 2 CCGT","CCGT","Power","ID","0.198","true","true","convert_conventional_generators_to_links explicit power plant role","/home/jin/research/SGP_ESE5004_Stage2/pypsa-asean/results/baseline-aims-3H-tutorial/prenetworks/elec_s_50_ec_lv2.0__3h_2030_0.071_pre_adjusted.nc; current scripts/prepare_sector_network.py","REFERENCE_MAPPING_NOT_NUMERIC_ACCEPTANCE","tCO2/MWh_Link_input","false"
"Link:ID_Kalimantan4 2 CCGT-2025","CCGT","Power","ID","0.198","true","true","convert_conventional_generators_to_links explicit power plant role","/home/jin/research/SGP_ESE5004_Stage2/pypsa-asean/results/baseline-aims-3H-tutorial/prenetworks/elec_s_50_ec_lv2.0__3h_2030_0.071_pre_adjusted.nc; current scripts/prepare_sector_network.py","REFERENCE_MAPPING_NOT_NUMERIC_ACCEPTANCE","tCO2/MWh_Link_input","false"
"Link:ID_Kalimantan4 3 CCGT","CCGT","Power","ID","0.198","true","true","convert_conventional_generators_to_links explicit power plant role","/home/jin/research/SGP_ESE5004_Stage2/pypsa-asean/results/baseline-aims-3H-tutorial/prenetworks/elec_s_50_ec_lv2.0__3h_2030_0.071_pre_adjusted.nc; current scripts/prepare_sector_network.py","REFERENCE_MAPPING_NOT_NUMERIC_ACCEPTANCE","tCO2/MWh_Link_input","false"
"Link:ID_Kalimantan4 3 CCGT-2010","CCGT","Power","ID","0.198","true","true","convert_conventional_generators_to_links explicit power plant role","/home/jin/research/SGP_ESE5004_Stage2/pypsa-asean/results/baseline-aims-3H-tutorial/prenetworks/elec_s_50_ec_lv2.0__3h_2030_0.071_pre_adjusted.nc; current scripts/prepare_sector_network.py","REFERENCE_MAPPING_NOT_NUMERIC_ACCEPTANCE","tCO2/MWh_Link_input","false"
"Link:ID_Nusa-Tenggara12 0 CCGT","CCGT","Power","ID","0.198","true","true","convert_conventional_generators_to_links explicit power plant role","/home/jin/research/SGP_ESE5004_Stage2/pypsa-asean/results/baseline-aims-3H-tutorial/prenetworks/elec_s_50_ec_lv2.0__3h_2030_0.071_pre_adjusted.nc; current scripts/prepare_sector_network.py","REFERENCE_MAPPING_NOT_NUMERIC_ACCEPTANCE","tCO2/MWh_Link_input","false"
"Link:ID_Nusa-Tenggara12 0 CCGT-2020","CCGT","Power","ID","0.198","true","true","convert_conventional_generators_to_links explicit power plant role","/home/jin/research/SGP_ESE5004_Stage2/pypsa-asean/results/baseline-aims-3H-tutorial/prenetworks/elec_s_50_ec_lv2.0__3h_2030_0.071_pre_adjusted.nc; current scripts/prepare_sector_network.py","REFERENCE_MAPPING_NOT_NUMERIC_ACCEPTANCE","tCO2/MWh_Link_input","false"
"Link:ID_Nusa-Tenggara14 0 CCGT","CCGT","Power","ID","0.198","true","true","convert_conventional_generators_to_links explicit power plant role","/home/jin/research/SGP_ESE5004_Stage2/pypsa-asean/results/baseline-aims-3H-tutorial/prenetworks/elec_s_50_ec_lv2.0__3h_2030_0.071_pre_adjusted.nc; current scripts/prepare_sector_network.py","REFERENCE_MAPPING_NOT_NUMERIC_ACCEPTANCE","tCO2/MWh_Link_input","false"
"Link:ID_Nusa-Tenggara14 0 CCGT-2010","CCGT","Power","ID","0.198","true","true","convert_conventional_generators_to_links explicit power plant role","/home/jin/research/SGP_ESE5004_Stage2/pypsa-asean/results/baseline-aims-3H-tutorial/prenetworks/elec_s_50_ec_lv2.0__3h_2030_0.071_pre_adjusted.nc; current scripts/prepare_sector_network.py","REFERENCE_MAPPING_NOT_NUMERIC_ACCEPTANCE","tCO2/MWh_Link_input","false"
"Link:ID_Papua19 0 CCGT","CCGT","Power","ID","0.198","true","true","convert_conventional_generators_to_links explicit power plant role","/home/jin/research/SGP_ESE5004_Stage2/pypsa-asean/results/baseline-aims-3H-tutorial/prenetworks/elec_s_50_ec_lv2.0__3h_2030_0.071_pre_adjusted.nc; current scripts/prepare_sector_network.py","REFERENCE_MAPPING_NOT_NUMERIC_ACCEPTANCE","tCO2/MWh_Link_input","false"
"Link:ID_Papua19 0 CCGT-2020","CCGT","Power","ID","0.198","true","true","convert_conventional_generators_to_links explicit power plant role","/home/jin/research/SGP_ESE5004_Stage2/pypsa-asean/results/baseline-aims-3H-tutorial/prenetworks/elec_s_50_ec_lv2.0__3h_2030_0.071_pre_adjusted.nc; current scripts/prepare_sector_network.py","REFERENCE_MAPPING_NOT_NUMERIC_ACCEPTANCE","tCO2/MWh_Link_input","false"
"Link:ID_Papua20 0 CCGT","CCGT","Power","ID","0.198","true","true","convert_conventional_generators_to_links explicit power plant role","/home/jin/research/SGP_ESE5004_Stage2/pypsa-asean/results/baseline-aims-3H-tutorial/prenetworks/elec_s_50_ec_lv2.0__3h_2030_0.071_pre_adjusted.nc; current scripts/prepare_sector_network.py","REFERENCE_MAPPING_NOT_NUMERIC_ACCEPTANCE","tCO2/MWh_Link_input","false"
"Link:ID_Papua20 0 CCGT-2025","CCGT","Power","ID","0.198","true","true","convert_conventional_generators_to_links explicit power plant role","/home/jin/research/SGP_ESE5004_Stage2/pypsa-asean/results/baseline-aims-3H-tutorial/prenetworks/elec_s_50_ec_lv2.0__3h_2030_0.071_pre_adjusted.nc; current scripts/prepare_sector_network.py","REFERENCE_MAPPING_NOT_NUMERIC_ACCEPTANCE","tCO2/MWh_Link_input","false"
"Link:ID_Sulawesi0 0 CCGT","CCGT","Power","ID","0.198","true","true","convert_conventional_generators_to_links explicit power plant role","/home/jin/research/SGP_ESE5004_Stage2/pypsa-asean/results/baseline-aims-3H-tutorial/prenetworks/elec_s_50_ec_lv2.0__3h_2030_0.071_pre_adjusted.nc; current scripts/prepare_sector_network.py","REFERENCE_MAPPING_NOT_NUMERIC_ACCEPTANCE","tCO2/MWh_Link_input","false"
"Link:ID_Sulawesi0 0 CCGT-2000","CCGT","Power","ID","0.198","true","true","convert_conventional_generators_to_links explicit power plant role","/home/jin/research/SGP_ESE5004_Stage2/pypsa-asean/results/baseline-aims-3H-tutorial/prenetworks/elec_s_50_ec_lv2.0__3h_2030_0.071_pre_adjusted.nc; current scripts/prepare_sector_network.py","REFERENCE_MAPPING_NOT_NUMERIC_ACCEPTANCE","tCO2/MWh_Link_input","false"
"Link:ID_Sulawesi0 0 CCGT-2010","CCGT","Power","ID","0.198","true","true","convert_conventional_generators_to_links explicit power plant role","/home/jin/research/SGP_ESE5004_Stage2/pypsa-asean/results/baseline-aims-3H-tutorial/prenetworks/elec_s_50_ec_lv2.0__3h_2030_0.071_pre_adjusted.nc; current scripts/prepare_sector_network.py","REFERENCE_MAPPING_NOT_NUMERIC_ACCEPTANCE","tCO2/MWh_Link_input","false"
"Link:ID_Sulawesi0 0 CCGT-2020","CCGT","Power","ID","0.198","true","true","convert_conventional_generators_to_links explicit power plant role","/home/jin/research/SGP_ESE5004_Stage2/pypsa-asean/results/baseline-aims-3H-tutorial/prenetworks/elec_s_50_ec_lv2.0__3h_2030_0.071_pre_adjusted.nc; current scripts/prepare_sector_network.py","REFERENCE_MAPPING_NOT_NUMERIC_ACCEPTANCE","tCO2/MWh_Link_input","false"
"Link:ID_Sulawesi0 0 CCGT-2025","CCGT","Power","ID","0.198","true","true","convert_conventional_generators_to_links explicit power plant role","/home/jin/research/SGP_ESE5004_Stage2/pypsa-asean/results/baseline-aims-3H-tutorial/prenetworks/elec_s_50_ec_lv2.0__3h_2030_0.071_pre_adjusted.nc; current scripts/prepare_sector_network.py","REFERENCE_MAPPING_NOT_NUMERIC_ACCEPTANCE","tCO2/MWh_Link_input","false"
"Link:ID_Sumatra2 0 CCGT","CCGT","Power","ID","0.198","true","true","convert_conventional_generators_to_links explicit power plant role","/home/jin/research/SGP_ESE5004_Stage2/pypsa-asean/results/baseline-aims-3H-tutorial/prenetworks/elec_s_50_ec_lv2.0__3h_2030_0.071_pre_adjusted.nc; current scripts/prepare_sector_network.py","REFERENCE_MAPPING_NOT_NUMERIC_ACCEPTANCE","tCO2/MWh_Link_input","false"
"Link:ID_Sumatra2 0 CCGT-2010","CCGT","Power","ID","0.198","true","true","convert_conventional_generators_to_links explicit power plant role","/home/jin/research/SGP_ESE5004_Stage2/pypsa-asean/results/baseline-aims-3H-tutorial/prenetworks/elec_s_50_ec_lv2.0__3h_2030_0.071_pre_adjusted.nc; current scripts/prepare_sector_network.py","REFERENCE_MAPPING_NOT_NUMERIC_ACCEPTANCE","tCO2/MWh_Link_input","false"
"Link:ID_Sumatra2 0 CCGT-2020","CCGT","Power","ID","0.198","true","true","convert_conventional_generators_to_links explicit power plant role","/home/jin/research/SGP_ESE5004_Stage2/pypsa-asean/results/baseline-aims-3H-tutorial/prenetworks/elec_s_50_ec_lv2.0__3h_2030_0.071_pre_adjusted.nc; current scripts/prepare_sector_network.py","REFERENCE_MAPPING_NOT_NUMERIC_ACCEPTANCE","tCO2/MWh_Link_input","false"
"Link:ID_Sumatra3 0 CCGT","CCGT","Power","ID","0.198","true","true","convert_conventional_generators_to_links explicit power plant role","/home/jin/research/SGP_ESE5004_Stage2/pypsa-asean/results/baseline-aims-3H-tutorial/prenetworks/elec_s_50_ec_lv2.0__3h_2030_0.071_pre_adjusted.nc; current scripts/prepare_sector_network.py","REFERENCE_MAPPING_NOT_NUMERIC_ACCEPTANCE","tCO2/MWh_Link_input","false"
"Link:ID_Sumatra3 0 CCGT-1985","CCGT","Power","ID","0.198","true","true","convert_conventional_generators_to_links explicit power plant role","/home/jin/research/SGP_ESE5004_Stage2/pypsa-asean/results/baseline-aims-3H-tutorial/prenetworks/elec_s_50_ec_lv2.0__3h_2030_0.071_pre_adjusted.nc; current scripts/prepare_sector_network.py","REFERENCE_MAPPING_NOT_NUMERIC_ACCEPTANCE","tCO2/MWh_Link_input","false"
"Link:ID_Sumatra3 0 CCGT-2000","CCGT","Power","ID","0.198","true","true","convert_conventional_generators_to_links explicit power plant role","/home/jin/research/SGP_ESE5004_Stage2/pypsa-asean/results/baseline-aims-3H-tutorial/prenetworks/elec_s_50_ec_lv2.0__3h_2030_0.071_pre_adjusted.nc; current scripts/prepare_sector_network.py","REFERENCE_MAPPING_NOT_NUMERIC_ACCEPTANCE","tCO2/MWh_Link_input","false"
"Link:ID_Sumatra3 0 CCGT-2010","CCGT","Power","ID","0.198","true","true","convert_conventional_generators_to_links explicit power plant role","/home/jin/research/SGP_ESE5004_Stage2/pypsa-asean/results/baseline-aims-3H-tutorial/prenetworks/elec_s_50_ec_lv2.0__3h_2030_0.071_pre_adjusted.nc; current scripts/prepare_sector_network.py","REFERENCE_MAPPING_NOT_NUMERIC_ACCEPTANCE","tCO2/MWh_Link_input","false"
"Link:ID_Sumatra3 0 CCGT-2015","CCGT","Power","ID","0.198","true","true","convert_conventional_generators_to_links explicit power plant role","/home/jin/research/SGP_ESE5004_Stage2/pypsa-asean/results/baseline-aims-3H-tutorial/prenetworks/elec_s_50_ec_lv2.0__3h_2030_0.071_pre_adjusted.nc; current scripts/prepare_sector_network.py","REFERENCE_MAPPING_NOT_NUMERIC_ACCEPTANCE","tCO2/MWh_Link_input","false"
"Link:ID_Sumatra3 0 CCGT-2020","CCGT","Power","ID","0.198","true","true","convert_conventional_generators_to_links explicit power plant role","/home/jin/research/SGP_ESE5004_Stage2/pypsa-asean/results/baseline-aims-3H-tutorial/prenetworks/elec_s_50_ec_lv2.0__3h_2030_0.071_pre_adjusted.nc; current scripts/prepare_sector_network.py","REFERENCE_MAPPING_NOT_NUMERIC_ACCEPTANCE","tCO2/MWh_Link_input","false"
"Link:ID_Sumatra3 0 CCGT-2025","CCGT","Power","ID","0.198","true","true","convert_conventional_generators_to_links explicit power plant role","/home/jin/research/SGP_ESE5004_Stage2/pypsa-asean/results/baseline-aims-3H-tutorial/prenetworks/elec_s_50_ec_lv2.0__3h_2030_0.071_pre_adjusted.nc; current scripts/prepare_sector_network.py","REFERENCE_MAPPING_NOT_NUMERIC_ACCEPTANCE","tCO2/MWh_Link_input","false"
"Link:ID_Sumatra3 1 CCGT","CCGT","Power","ID","0.198","true","true","convert_conventional_generators_to_links explicit power plant role","/home/jin/research/SGP_ESE5004_Stage2/pypsa-asean/results/baseline-aims-3H-tutorial/prenetworks/elec_s_50_ec_lv2.0__3h_2030_0.071_pre_adjusted.nc; current scripts/prepare_sector_network.py","REFERENCE_MAPPING_NOT_NUMERIC_ACCEPTANCE","tCO2/MWh_Link_input","false"
"Link:ID_Sumatra3 1 CCGT-2005","CCGT","Power","ID","0.198","true","true","convert_conventional_generators_to_links explicit power plant role","/home/jin/research/SGP_ESE5004_Stage2/pypsa-asean/results/baseline-aims-3H-tutorial/prenetworks/elec_s_50_ec_lv2.0__3h_2030_0.071_pre_adjusted.nc; current scripts/prepare_sector_network.py","REFERENCE_MAPPING_NOT_NUMERIC_ACCEPTANCE","tCO2/MWh_Link_input","false"
"Link:ID_Sumatra3 1 CCGT-2010","CCGT","Power","ID","0.198","true","true","convert_conventional_generators_to_links explicit power plant role","/home/jin/research/SGP_ESE5004_Stage2/pypsa-asean/results/baseline-aims-3H-tutorial/prenetworks/elec_s_50_ec_lv2.0__3h_2030_0.071_pre_adjusted.nc; current scripts/prepare_sector_network.py","REFERENCE_MAPPING_NOT_NUMERIC_ACCEPTANCE","tCO2/MWh_Link_input","false"
"Link:ID_Sumatra3 1 CCGT-2015","CCGT","Power","ID","0.198","true","true","convert_conventional_generators_to_links explicit power plant role","/home/jin/research/SGP_ESE5004_Stage2/pypsa-asean/results/baseline-aims-3H-tutorial/prenetworks/elec_s_50_ec_lv2.0__3h_2030_0.071_pre_adjusted.nc; current scripts/prepare_sector_network.py","REFERENCE_MAPPING_NOT_NUMERIC_ACCEPTANCE","tCO2/MWh_Link_input","false"
"Link:ID_Sumatra3 1 CCGT-2020","CCGT","Power","ID","0.198","true","true","convert_conventional_generators_to_links explicit power plant role","/home/jin/research/SGP_ESE5004_Stage2/pypsa-asean/results/baseline-aims-3H-tutorial/prenetworks/elec_s_50_ec_lv2.0__3h_2030_0.071_pre_adjusted.nc; current scripts/prepare_sector_network.py","REFERENCE_MAPPING_NOT_NUMERIC_ACCEPTANCE","tCO2/MWh_Link_input","false"
"Link:MM2 0 CCGT","CCGT","Power","MM","0.198","true","true","convert_conventional_generators_to_links explicit power plant role","/home/jin/research/SGP_ESE5004_Stage2/pypsa-asean/results/baseline-aims-3H-tutorial/prenetworks/elec_s_50_ec_lv2.0__3h_2030_0.071_pre_adjusted.nc; current scripts/prepare_sector_network.py","REFERENCE_MAPPING_NOT_NUMERIC_ACCEPTANCE","tCO2/MWh_Link_input","false"
"Link:MM2 0 CCGT-1990","CCGT","Power","MM","0.198","true","true","convert_conventional_generators_to_links explicit power plant role","/home/jin/research/SGP_ESE5004_Stage2/pypsa-asean/results/baseline-aims-3H-tutorial/prenetworks/elec_s_50_ec_lv2.0__3h_2030_0.071_pre_adjusted.nc; current scripts/prepare_sector_network.py","REFERENCE_MAPPING_NOT_NUMERIC_ACCEPTANCE","tCO2/MWh_Link_input","false"
"Link:MM2 0 CCGT-1995","CCGT","Power","MM","0.198","true","true","convert_conventional_generators_to_links explicit power plant role","/home/jin/research/SGP_ESE5004_Stage2/pypsa-asean/results/baseline-aims-3H-tutorial/prenetworks/elec_s_50_ec_lv2.0__3h_2030_0.071_pre_adjusted.nc; current scripts/prepare_sector_network.py","REFERENCE_MAPPING_NOT_NUMERIC_ACCEPTANCE","tCO2/MWh_Link_input","false"
"Link:MM2 0 CCGT-2000","CCGT","Power","MM","0.198","true","true","convert_conventional_generators_to_links explicit power plant role","/home/jin/research/SGP_ESE5004_Stage2/pypsa-asean/results/baseline-aims-3H-tutorial/prenetworks/elec_s_50_ec_lv2.0__3h_2030_0.071_pre_adjusted.nc; current scripts/prepare_sector_network.py","REFERENCE_MAPPING_NOT_NUMERIC_ACCEPTANCE","tCO2/MWh_Link_input","false"
"Link:MM2 0 CCGT-2015","CCGT","Power","MM","0.198","true","true","convert_conventional_generators_to_links explicit power plant role","/home/jin/research/SGP_ESE5004_Stage2/pypsa-asean/results/baseline-aims-3H-tutorial/prenetworks/elec_s_50_ec_lv2.0__3h_2030_0.071_pre_adjusted.nc; current scripts/prepare_sector_network.py","REFERENCE_MAPPING_NOT_NUMERIC_ACCEPTANCE","tCO2/MWh_Link_input","false"
"Link:MM2 1 CCGT","CCGT","Power","MM","0.198","true","true","convert_conventional_generators_to_links explicit power plant role","/home/jin/research/SGP_ESE5004_Stage2/pypsa-asean/results/baseline-aims-3H-tutorial/prenetworks/elec_s_50_ec_lv2.0__3h_2030_0.071_pre_adjusted.nc; current scripts/prepare_sector_network.py","REFERENCE_MAPPING_NOT_NUMERIC_ACCEPTANCE","tCO2/MWh_Link_input","false"
"Link:MM2 1 CCGT-2015","CCGT","Power","MM","0.198","true","true","convert_conventional_generators_to_links explicit power plant role","/home/jin/research/SGP_ESE5004_Stage2/pypsa-asean/results/baseline-aims-3H-tutorial/prenetworks/elec_s_50_ec_lv2.0__3h_2030_0.071_pre_adjusted.nc; current scripts/prepare_sector_network.py","REFERENCE_MAPPING_NOT_NUMERIC_ACCEPTANCE","tCO2/MWh_Link_input","false"
"Link:MM2 1 CCGT-2020","CCGT","Power","MM","0.198","true","true","convert_conventional_generators_to_links explicit power plant role","/home/jin/research/SGP_ESE5004_Stage2/pypsa-asean/results/baseline-aims-3H-tutorial/prenetworks/elec_s_50_ec_lv2.0__3h_2030_0.071_pre_adjusted.nc; current scripts/prepare_sector_network.py","REFERENCE_MAPPING_NOT_NUMERIC_ACCEPTANCE","tCO2/MWh_Link_input","false"
"Link:MM2 2 CCGT","CCGT","Power","MM","0.198","true","true","convert_conventional_generators_to_links explicit power plant role","/home/jin/research/SGP_ESE5004_Stage2/pypsa-asean/results/baseline-aims-3H-tutorial/prenetworks/elec_s_50_ec_lv2.0__3h_2030_0.071_pre_adjusted.nc; current scripts/prepare_sector_network.py","REFERENCE_MAPPING_NOT_NUMERIC_ACCEPTANCE","tCO2/MWh_Link_input","false"
"Link:MM2 2 CCGT-1985","CCGT","Power","MM","0.198","true","true","convert_conventional_generators_to_links explicit power plant role","/home/jin/research/SGP_ESE5004_Stage2/pypsa-asean/results/baseline-aims-3H-tutorial/prenetworks/elec_s_50_ec_lv2.0__3h_2030_0.071_pre_adjusted.nc; current scripts/prepare_sector_network.py","REFERENCE_MAPPING_NOT_NUMERIC_ACCEPTANCE","tCO2/MWh_Link_input","false"
"Link:MM2 2 CCGT-2005","CCGT","Power","MM","0.198","true","true","convert_conventional_generators_to_links explicit power plant role","/home/jin/research/SGP_ESE5004_Stage2/pypsa-asean/results/baseline-aims-3H-tutorial/prenetworks/elec_s_50_ec_lv2.0__3h_2030_0.071_pre_adjusted.nc; current scripts/prepare_sector_network.py","REFERENCE_MAPPING_NOT_NUMERIC_ACCEPTANCE","tCO2/MWh_Link_input","false"
"Link:MM2 2 CCGT-2025","CCGT","Power","MM","0.198","true","true","convert_conventional_generators_to_links explicit power plant role","/home/jin/research/SGP_ESE5004_Stage2/pypsa-asean/results/baseline-aims-3H-tutorial/prenetworks/elec_s_50_ec_lv2.0__3h_2030_0.071_pre_adjusted.nc; current scripts/prepare_sector_network.py","REFERENCE_MAPPING_NOT_NUMERIC_ACCEPTANCE","tCO2/MWh_Link_input","false"
"Link:MM2 5 CCGT","CCGT","Power","MM","0.198","true","true","convert_conventional_generators_to_links explicit power plant role","/home/jin/research/SGP_ESE5004_Stage2/pypsa-asean/results/baseline-aims-3H-tutorial/prenetworks/elec_s_50_ec_lv2.0__3h_2030_0.071_pre_adjusted.nc; current scripts/prepare_sector_network.py","REFERENCE_MAPPING_NOT_NUMERIC_ACCEPTANCE","tCO2/MWh_Link_input","false"
"Link:MM2 5 CCGT-2020","CCGT","Power","MM","0.198","true","true","convert_conventional_generators_to_links explicit power plant role","/home/jin/research/SGP_ESE5004_Stage2/pypsa-asean/results/baseline-aims-3H-tutorial/prenetworks/elec_s_50_ec_lv2.0__3h_2030_0.071_pre_adjusted.nc; current scripts/prepare_sector_network.py","REFERENCE_MAPPING_NOT_NUMERIC_ACCEPTANCE","tCO2/MWh_Link_input","false"
"Link:MM2 6 CCGT","CCGT","Power","MM","0.198","true","true","convert_conventional_generators_to_links explicit power plant role","/home/jin/research/SGP_ESE5004_Stage2/pypsa-asean/results/baseline-aims-3H-tutorial/prenetworks/elec_s_50_ec_lv2.0__3h_2030_0.071_pre_adjusted.nc; current scripts/prepare_sector_network.py","REFERENCE_MAPPING_NOT_NUMERIC_ACCEPTANCE","tCO2/MWh_Link_input","false"
"Link:MM2 6 CCGT-2020","CCGT","Power","MM","0.198","true","true","convert_conventional_generators_to_links explicit power plant role","/home/jin/research/SGP_ESE5004_Stage2/pypsa-asean/results/baseline-aims-3H-tutorial/prenetworks/elec_s_50_ec_lv2.0__3h_2030_0.071_pre_adjusted.nc; current scripts/prepare_sector_network.py","REFERENCE_MAPPING_NOT_NUMERIC_ACCEPTANCE","tCO2/MWh_Link_input","false"
"Link:MY_Peninsular2 0 CCGT","CCGT","Power","MY","0.198","true","true","convert_conventional_generators_to_links explicit power plant role","/home/jin/research/SGP_ESE5004_Stage2/pypsa-asean/results/baseline-aims-3H-tutorial/prenetworks/elec_s_50_ec_lv2.0__3h_2030_0.071_pre_adjusted.nc; current scripts/prepare_sector_network.py","REFERENCE_MAPPING_NOT_NUMERIC_ACCEPTANCE","tCO2/MWh_Link_input","false"
"Link:MY_Peninsular2 0 CCGT-1985","CCGT","Power","MY","0.198","true","true","convert_conventional_generators_to_links explicit power plant role","/home/jin/research/SGP_ESE5004_Stage2/pypsa-asean/results/baseline-aims-3H-tutorial/prenetworks/elec_s_50_ec_lv2.0__3h_2030_0.071_pre_adjusted.nc; current scripts/prepare_sector_network.py","REFERENCE_MAPPING_NOT_NUMERIC_ACCEPTANCE","tCO2/MWh_Link_input","false"
"Link:MY_Peninsular2 0 CCGT-1995","CCGT","Power","MY","0.198","true","true","convert_conventional_generators_to_links explicit power plant role","/home/jin/research/SGP_ESE5004_Stage2/pypsa-asean/results/baseline-aims-3H-tutorial/prenetworks/elec_s_50_ec_lv2.0__3h_2030_0.071_pre_adjusted.nc; current scripts/prepare_sector_network.py","REFERENCE_MAPPING_NOT_NUMERIC_ACCEPTANCE","tCO2/MWh_Link_input","false"
"Link:MY_Peninsular2 0 CCGT-2000","CCGT","Power","MY","0.198","true","true","convert_conventional_generators_to_links explicit power plant role","/home/jin/research/SGP_ESE5004_Stage2/pypsa-asean/results/baseline-aims-3H-tutorial/prenetworks/elec_s_50_ec_lv2.0__3h_2030_0.071_pre_adjusted.nc; current scripts/prepare_sector_network.py","REFERENCE_MAPPING_NOT_NUMERIC_ACCEPTANCE","tCO2/MWh_Link_input","false"
"Link:MY_Peninsular2 0 CCGT-2005","CCGT","Power","MY","0.198","true","true","convert_conventional_generators_to_links explicit power plant role","/home/jin/research/SGP_ESE5004_Stage2/pypsa-asean/results/baseline-aims-3H-tutorial/prenetworks/elec_s_50_ec_lv2.0__3h_2030_0.071_pre_adjusted.nc; current scripts/prepare_sector_network.py","REFERENCE_MAPPING_NOT_NUMERIC_ACCEPTANCE","tCO2/MWh_Link_input","false"
"Link:MY_Peninsular2 0 CCGT-2010","CCGT","Power","MY","0.198","true","true","convert_conventional_generators_to_links explicit power plant role","/home/jin/research/SGP_ESE5004_Stage2/pypsa-asean/results/baseline-aims-3H-tutorial/prenetworks/elec_s_50_ec_lv2.0__3h_2030_0.071_pre_adjusted.nc; current scripts/prepare_sector_network.py","REFERENCE_MAPPING_NOT_NUMERIC_ACCEPTANCE","tCO2/MWh_Link_input","false"
"Link:MY_Peninsular2 0 CCGT-2020","CCGT","Power","MY","0.198","true","true","convert_conventional_generators_to_links explicit power plant role","/home/jin/research/SGP_ESE5004_Stage2/pypsa-asean/results/baseline-aims-3H-tutorial/prenetworks/elec_s_50_ec_lv2.0__3h_2030_0.071_pre_adjusted.nc; current scripts/prepare_sector_network.py","REFERENCE_MAPPING_NOT_NUMERIC_ACCEPTANCE","tCO2/MWh_Link_input","false"
"Link:MY_Peninsular2 0 CCGT-2025","CCGT","Power","MY","0.198","true","true","convert_conventional_generators_to_links explicit power plant role","/home/jin/research/SGP_ESE5004_Stage2/pypsa-asean/results/baseline-aims-3H-tutorial/prenetworks/elec_s_50_ec_lv2.0__3h_2030_0.071_pre_adjusted.nc; current scripts/prepare_sector_network.py","REFERENCE_MAPPING_NOT_NUMERIC_ACCEPTANCE","tCO2/MWh_Link_input","false"
"Link:MY_Sabah4 0 CCGT","CCGT","Power","MY","0.198","true","true","convert_conventional_generators_to_links explicit power plant role","/home/jin/research/SGP_ESE5004_Stage2/pypsa-asean/results/baseline-aims-3H-tutorial/prenetworks/elec_s_50_ec_lv2.0__3h_2030_0.071_pre_adjusted.nc; current scripts/prepare_sector_network.py","REFERENCE_MAPPING_NOT_NUMERIC_ACCEPTANCE","tCO2/MWh_Link_input","false"
"Link:MY_Sabah4 0 CCGT-1995","CCGT","Power","MY","0.198","true","true","convert_conventional_generators_to_links explicit power plant role","/home/jin/research/SGP_ESE5004_Stage2/pypsa-asean/results/baseline-aims-3H-tutorial/prenetworks/elec_s_50_ec_lv2.0__3h_2030_0.071_pre_adjusted.nc; current scripts/prepare_sector_network.py","REFERENCE_MAPPING_NOT_NUMERIC_ACCEPTANCE","tCO2/MWh_Link_input","false"
"Link:MY_Sabah4 0 CCGT-2010","CCGT","Power","MY","0.198","true","true","convert_conventional_generators_to_links explicit power plant role","/home/jin/research/SGP_ESE5004_Stage2/pypsa-asean/results/baseline-aims-3H-tutorial/prenetworks/elec_s_50_ec_lv2.0__3h_2030_0.071_pre_adjusted.nc; current scripts/prepare_sector_network.py","REFERENCE_MAPPING_NOT_NUMERIC_ACCEPTANCE","tCO2/MWh_Link_input","false"
"Link:MY_Sabah4 0 CCGT-2015","CCGT","Power","MY","0.198","true","true","convert_conventional_generators_to_links explicit power plant role","/home/jin/research/SGP_ESE5004_Stage2/pypsa-asean/results/baseline-aims-3H-tutorial/prenetworks/elec_s_50_ec_lv2.0__3h_2030_0.071_pre_adjusted.nc; current scripts/prepare_sector_network.py","REFERENCE_MAPPING_NOT_NUMERIC_ACCEPTANCE","tCO2/MWh_Link_input","false"
"Link:MY_Sarawak4 0 CCGT","CCGT","Power","MY","0.198","true","true","convert_conventional_generators_to_links explicit power plant role","/home/jin/research/SGP_ESE5004_Stage2/pypsa-asean/results/baseline-aims-3H-tutorial/prenetworks/elec_s_50_ec_lv2.0__3h_2030_0.071_pre_adjusted.nc; current scripts/prepare_sector_network.py","REFERENCE_MAPPING_NOT_NUMERIC_ACCEPTANCE","tCO2/MWh_Link_input","false"
"Link:MY_Sarawak4 0 CCGT-2005","CCGT","Power","MY","0.198","true","true","convert_conventional_generators_to_links explicit power plant role","/home/jin/research/SGP_ESE5004_Stage2/pypsa-asean/results/baseline-aims-3H-tutorial/prenetworks/elec_s_50_ec_lv2.0__3h_2030_0.071_pre_adjusted.nc; current scripts/prepare_sector_network.py","REFERENCE_MAPPING_NOT_NUMERIC_ACCEPTANCE","tCO2/MWh_Link_input","false"
"Link:MY_Sarawak4 0 CCGT-2010","CCGT","Power","MY","0.198","true","true","convert_conventional_generators_to_links explicit power plant role","/home/jin/research/SGP_ESE5004_Stage2/pypsa-asean/results/baseline-aims-3H-tutorial/prenetworks/elec_s_50_ec_lv2.0__3h_2030_0.071_pre_adjusted.nc; current scripts/prepare_sector_network.py","REFERENCE_MAPPING_NOT_NUMERIC_ACCEPTANCE","tCO2/MWh_Link_input","false"
"Link:PH_Luzon5 0 CCGT","CCGT","Power","PH","0.198","true","true","convert_conventional_generators_to_links explicit power plant role","/home/jin/research/SGP_ESE5004_Stage2/pypsa-asean/results/baseline-aims-3H-tutorial/prenetworks/elec_s_50_ec_lv2.0__3h_2030_0.071_pre_adjusted.nc; current scripts/prepare_sector_network.py","REFERENCE_MAPPING_NOT_NUMERIC_ACCEPTANCE","tCO2/MWh_Link_input","false"
"Link:PH_Luzon5 0 CCGT-2000","CCGT","Power","PH","0.198","true","true","convert_conventional_generators_to_links explicit power plant role","/home/jin/research/SGP_ESE5004_Stage2/pypsa-asean/results/baseline-aims-3H-tutorial/prenetworks/elec_s_50_ec_lv2.0__3h_2030_0.071_pre_adjusted.nc; current scripts/prepare_sector_network.py","REFERENCE_MAPPING_NOT_NUMERIC_ACCEPTANCE","tCO2/MWh_Link_input","false"
"Link:PH_Luzon5 0 CCGT-2005","CCGT","Power","PH","0.198","true","true","convert_conventional_generators_to_links explicit power plant role","/home/jin/research/SGP_ESE5004_Stage2/pypsa-asean/results/baseline-aims-3H-tutorial/prenetworks/elec_s_50_ec_lv2.0__3h_2030_0.071_pre_adjusted.nc; current scripts/prepare_sector_network.py","REFERENCE_MAPPING_NOT_NUMERIC_ACCEPTANCE","tCO2/MWh_Link_input","false"
"Link:PH_Luzon5 0 CCGT-2020","CCGT","Power","PH","0.198","true","true","convert_conventional_generators_to_links explicit power plant role","/home/jin/research/SGP_ESE5004_Stage2/pypsa-asean/results/baseline-aims-3H-tutorial/prenetworks/elec_s_50_ec_lv2.0__3h_2030_0.071_pre_adjusted.nc; current scripts/prepare_sector_network.py","REFERENCE_MAPPING_NOT_NUMERIC_ACCEPTANCE","tCO2/MWh_Link_input","false"
"Link:SG2 0 CCGT","CCGT","Power","SG","0.198","true","true","convert_conventional_generators_to_links explicit power plant role","/home/jin/research/SGP_ESE5004_Stage2/pypsa-asean/results/baseline-aims-3H-tutorial/prenetworks/elec_s_50_ec_lv2.0__3h_2030_0.071_pre_adjusted.nc; current scripts/prepare_sector_network.py","REFERENCE_MAPPING_NOT_NUMERIC_ACCEPTANCE","tCO2/MWh_Link_input","false"
"Link:SG2 0 CCGT-2000","CCGT","Power","SG","0.198","true","true","convert_conventional_generators_to_links explicit power plant role","/home/jin/research/SGP_ESE5004_Stage2/pypsa-asean/results/baseline-aims-3H-tutorial/prenetworks/elec_s_50_ec_lv2.0__3h_2030_0.071_pre_adjusted.nc; current scripts/prepare_sector_network.py","REFERENCE_MAPPING_NOT_NUMERIC_ACCEPTANCE","tCO2/MWh_Link_input","false"
"Link:SG2 0 CCGT-2005","CCGT","Power","SG","0.198","true","true","convert_conventional_generators_to_links explicit power plant role","/home/jin/research/SGP_ESE5004_Stage2/pypsa-asean/results/baseline-aims-3H-tutorial/prenetworks/elec_s_50_ec_lv2.0__3h_2030_0.071_pre_adjusted.nc; current scripts/prepare_sector_network.py","REFERENCE_MAPPING_NOT_NUMERIC_ACCEPTANCE","tCO2/MWh_Link_input","false"
"Link:SG2 0 CCGT-2010","CCGT","Power","SG","0.198","true","true","convert_conventional_generators_to_links explicit power plant role","/home/jin/research/SGP_ESE5004_Stage2/pypsa-asean/results/baseline-aims-3H-tutorial/prenetworks/elec_s_50_ec_lv2.0__3h_2030_0.071_pre_adjusted.nc; current scripts/prepare_sector_network.py","REFERENCE_MAPPING_NOT_NUMERIC_ACCEPTANCE","tCO2/MWh_Link_input","false"
"Link:SG2 0 CCGT-2015","CCGT","Power","SG","0.198","true","true","convert_conventional_generators_to_links explicit power plant role","/home/jin/research/SGP_ESE5004_Stage2/pypsa-asean/results/baseline-aims-3H-tutorial/prenetworks/elec_s_50_ec_lv2.0__3h_2030_0.071_pre_adjusted.nc; current scripts/prepare_sector_network.py","REFERENCE_MAPPING_NOT_NUMERIC_ACCEPTANCE","tCO2/MWh_Link_input","false"
"Link:TH2 0 CCGT","CCGT","Power","TH","0.198","true","true","convert_conventional_generators_to_links explicit power plant role","/home/jin/research/SGP_ESE5004_Stage2/pypsa-asean/results/baseline-aims-3H-tutorial/prenetworks/elec_s_50_ec_lv2.0__3h_2030_0.071_pre_adjusted.nc; current scripts/prepare_sector_network.py","REFERENCE_MAPPING_NOT_NUMERIC_ACCEPTANCE","tCO2/MWh_Link_input","false"
"Link:TH2 0 CCGT-1975","CCGT","Power","TH","0.198","true","true","convert_conventional_generators_to_links explicit power plant role","/home/jin/research/SGP_ESE5004_Stage2/pypsa-asean/results/baseline-aims-3H-tutorial/prenetworks/elec_s_50_ec_lv2.0__3h_2030_0.071_pre_adjusted.nc; current scripts/prepare_sector_network.py","REFERENCE_MAPPING_NOT_NUMERIC_ACCEPTANCE","tCO2/MWh_Link_input","false"
"Link:TH2 0 CCGT-1985","CCGT","Power","TH","0.198","true","true","convert_conventional_generators_to_links explicit power plant role","/home/jin/research/SGP_ESE5004_Stage2/pypsa-asean/results/baseline-aims-3H-tutorial/prenetworks/elec_s_50_ec_lv2.0__3h_2030_0.071_pre_adjusted.nc; current scripts/prepare_sector_network.py","REFERENCE_MAPPING_NOT_NUMERIC_ACCEPTANCE","tCO2/MWh_Link_input","false"
"Link:TH2 0 CCGT-1995","CCGT","Power","TH","0.198","true","true","convert_conventional_generators_to_links explicit power plant role","/home/jin/research/SGP_ESE5004_Stage2/pypsa-asean/results/baseline-aims-3H-tutorial/prenetworks/elec_s_50_ec_lv2.0__3h_2030_0.071_pre_adjusted.nc; current scripts/prepare_sector_network.py","REFERENCE_MAPPING_NOT_NUMERIC_ACCEPTANCE","tCO2/MWh_Link_input","false"
"Link:TH2 0 CCGT-2000","CCGT","Power","TH","0.198","true","true","convert_conventional_generators_to_links explicit power plant role","/home/jin/research/SGP_ESE5004_Stage2/pypsa-asean/results/baseline-aims-3H-tutorial/prenetworks/elec_s_50_ec_lv2.0__3h_2030_0.071_pre_adjusted.nc; current scripts/prepare_sector_network.py","REFERENCE_MAPPING_NOT_NUMERIC_ACCEPTANCE","tCO2/MWh_Link_input","false"
"Link:TH2 0 CCGT-2005","CCGT","Power","TH","0.198","true","true","convert_conventional_generators_to_links explicit power plant role","/home/jin/research/SGP_ESE5004_Stage2/pypsa-asean/results/baseline-aims-3H-tutorial/prenetworks/elec_s_50_ec_lv2.0__3h_2030_0.071_pre_adjusted.nc; current scripts/prepare_sector_network.py","REFERENCE_MAPPING_NOT_NUMERIC_ACCEPTANCE","tCO2/MWh_Link_input","false"
"Link:TH2 0 CCGT-2010","CCGT","Power","TH","0.198","true","true","convert_conventional_generators_to_links explicit power plant role","/home/jin/research/SGP_ESE5004_Stage2/pypsa-asean/results/baseline-aims-3H-tutorial/prenetworks/elec_s_50_ec_lv2.0__3h_2030_0.071_pre_adjusted.nc; current scripts/prepare_sector_network.py","REFERENCE_MAPPING_NOT_NUMERIC_ACCEPTANCE","tCO2/MWh_Link_input","false"
"Link:TH2 0 CCGT-2015","CCGT","Power","TH","0.198","true","true","convert_conventional_generators_to_links explicit power plant role","/home/jin/research/SGP_ESE5004_Stage2/pypsa-asean/results/baseline-aims-3H-tutorial/prenetworks/elec_s_50_ec_lv2.0__3h_2030_0.071_pre_adjusted.nc; current scripts/prepare_sector_network.py","REFERENCE_MAPPING_NOT_NUMERIC_ACCEPTANCE","tCO2/MWh_Link_input","false"
"Link:TH2 0 CCGT-2020","CCGT","Power","TH","0.198","true","true","convert_conventional_generators_to_links explicit power plant role","/home/jin/research/SGP_ESE5004_Stage2/pypsa-asean/results/baseline-aims-3H-tutorial/prenetworks/elec_s_50_ec_lv2.0__3h_2030_0.071_pre_adjusted.nc; current scripts/prepare_sector_network.py","REFERENCE_MAPPING_NOT_NUMERIC_ACCEPTANCE","tCO2/MWh_Link_input","false"
"Link:TH2 0 CCGT-2025","CCGT","Power","TH","0.198","true","true","convert_conventional_generators_to_links explicit power plant role","/home/jin/research/SGP_ESE5004_Stage2/pypsa-asean/results/baseline-aims-3H-tutorial/prenetworks/elec_s_50_ec_lv2.0__3h_2030_0.071_pre_adjusted.nc; current scripts/prepare_sector_network.py","REFERENCE_MAPPING_NOT_NUMERIC_ACCEPTANCE","tCO2/MWh_Link_input","false"
"Link:TH2 1 CCGT","CCGT","Power","TH","0.198","true","true","convert_conventional_generators_to_links explicit power plant role","/home/jin/research/SGP_ESE5004_Stage2/pypsa-asean/results/baseline-aims-3H-tutorial/prenetworks/elec_s_50_ec_lv2.0__3h_2030_0.071_pre_adjusted.nc; current scripts/prepare_sector_network.py","REFERENCE_MAPPING_NOT_NUMERIC_ACCEPTANCE","tCO2/MWh_Link_input","false"
"Link:TH2 1 CCGT-2000","CCGT","Power","TH","0.198","true","true","convert_conventional_generators_to_links explicit power plant role","/home/jin/research/SGP_ESE5004_Stage2/pypsa-asean/results/baseline-aims-3H-tutorial/prenetworks/elec_s_50_ec_lv2.0__3h_2030_0.071_pre_adjusted.nc; current scripts/prepare_sector_network.py","REFERENCE_MAPPING_NOT_NUMERIC_ACCEPTANCE","tCO2/MWh_Link_input","false"
"Link:TH2 1 CCGT-2005","CCGT","Power","TH","0.198","true","true","convert_conventional_generators_to_links explicit power plant role","/home/jin/research/SGP_ESE5004_Stage2/pypsa-asean/results/baseline-aims-3H-tutorial/prenetworks/elec_s_50_ec_lv2.0__3h_2030_0.071_pre_adjusted.nc; current scripts/prepare_sector_network.py","REFERENCE_MAPPING_NOT_NUMERIC_ACCEPTANCE","tCO2/MWh_Link_input","false"
"Link:TH2 1 CCGT-2010","CCGT","Power","TH","0.198","true","true","convert_conventional_generators_to_links explicit power plant role","/home/jin/research/SGP_ESE5004_Stage2/pypsa-asean/results/baseline-aims-3H-tutorial/prenetworks/elec_s_50_ec_lv2.0__3h_2030_0.071_pre_adjusted.nc; current scripts/prepare_sector_network.py","REFERENCE_MAPPING_NOT_NUMERIC_ACCEPTANCE","tCO2/MWh_Link_input","false"
"Link:VN2 0 CCGT","CCGT","Power","VN","0.198","true","true","convert_conventional_generators_to_links explicit power plant role","/home/jin/research/SGP_ESE5004_Stage2/pypsa-asean/results/baseline-aims-3H-tutorial/prenetworks/elec_s_50_ec_lv2.0__3h_2030_0.071_pre_adjusted.nc; current scripts/prepare_sector_network.py","REFERENCE_MAPPING_NOT_NUMERIC_ACCEPTANCE","tCO2/MWh_Link_input","false"
"Link:VN2 0 CCGT-2000","CCGT","Power","VN","0.198","true","true","convert_conventional_generators_to_links explicit power plant role","/home/jin/research/SGP_ESE5004_Stage2/pypsa-asean/results/baseline-aims-3H-tutorial/prenetworks/elec_s_50_ec_lv2.0__3h_2030_0.071_pre_adjusted.nc; current scripts/prepare_sector_network.py","REFERENCE_MAPPING_NOT_NUMERIC_ACCEPTANCE","tCO2/MWh_Link_input","false"
"Link:VN2 0 CCGT-2010","CCGT","Power","VN","0.198","true","true","convert_conventional_generators_to_links explicit power plant role","/home/jin/research/SGP_ESE5004_Stage2/pypsa-asean/results/baseline-aims-3H-tutorial/prenetworks/elec_s_50_ec_lv2.0__3h_2030_0.071_pre_adjusted.nc; current scripts/prepare_sector_network.py","REFERENCE_MAPPING_NOT_NUMERIC_ACCEPTANCE","tCO2/MWh_Link_input","false"
"Link:ID_Java-Bali1 0 oil-1990","oil","Power","ID","0.2571","true","true","convert_conventional_generators_to_links explicit power plant role","/home/jin/research/SGP_ESE5004_Stage2/pypsa-asean/results/baseline-aims-3H-tutorial/prenetworks/elec_s_50_ec_lv2.0__3h_2030_0.071_pre_adjusted.nc; current scripts/prepare_sector_network.py","REFERENCE_MAPPING_NOT_NUMERIC_ACCEPTANCE","tCO2/MWh_Link_input","false"
"Link:ID_Java-Bali1 0 oil-2005","oil","Power","ID","0.2571","true","true","convert_conventional_generators_to_links explicit power plant role","/home/jin/research/SGP_ESE5004_Stage2/pypsa-asean/results/baseline-aims-3H-tutorial/prenetworks/elec_s_50_ec_lv2.0__3h_2030_0.071_pre_adjusted.nc; current scripts/prepare_sector_network.py","REFERENCE_MAPPING_NOT_NUMERIC_ACCEPTANCE","tCO2/MWh_Link_input","false"
"Link:ID_Maluku17 0 oil-2025","oil","Power","ID","0.2571","true","true","convert_conventional_generators_to_links explicit power plant role","/home/jin/research/SGP_ESE5004_Stage2/pypsa-asean/results/baseline-aims-3H-tutorial/prenetworks/elec_s_50_ec_lv2.0__3h_2030_0.071_pre_adjusted.nc; current scripts/prepare_sector_network.py","REFERENCE_MAPPING_NOT_NUMERIC_ACCEPTANCE","tCO2/MWh_Link_input","false"
"Link:ID_Maluku8 0 oil-2005","oil","Power","ID","0.2571","true","true","convert_conventional_generators_to_links explicit power plant role","/home/jin/research/SGP_ESE5004_Stage2/pypsa-asean/results/baseline-aims-3H-tutorial/prenetworks/elec_s_50_ec_lv2.0__3h_2030_0.071_pre_adjusted.nc; current scripts/prepare_sector_network.py","REFERENCE_MAPPING_NOT_NUMERIC_ACCEPTANCE","tCO2/MWh_Link_input","false"
"Link:ID_Nusa-Tenggara12 0 oil-2005","oil","Power","ID","0.2571","true","true","convert_conventional_generators_to_links explicit power plant role","/home/jin/research/SGP_ESE5004_Stage2/pypsa-asean/results/baseline-aims-3H-tutorial/prenetworks/elec_s_50_ec_lv2.0__3h_2030_0.071_pre_adjusted.nc; current scripts/prepare_sector_network.py","REFERENCE_MAPPING_NOT_NUMERIC_ACCEPTANCE","tCO2/MWh_Link_input","false"
"Link:ID_Nusa-Tenggara15 0 oil-2005","oil","Power","ID","0.2571","true","true","convert_conventional_generators_to_links explicit power plant role","/home/jin/research/SGP_ESE5004_Stage2/pypsa-asean/results/baseline-aims-3H-tutorial/prenetworks/elec_s_50_ec_lv2.0__3h_2030_0.071_pre_adjusted.nc; current scripts/prepare_sector_network.py","REFERENCE_MAPPING_NOT_NUMERIC_ACCEPTANCE","tCO2/MWh_Link_input","false"
"Link:ID_Sulawesi0 0 oil-2005","oil","Power","ID","0.2571","true","true","convert_conventional_generators_to_links explicit power plant role","/home/jin/research/SGP_ESE5004_Stage2/pypsa-asean/results/baseline-aims-3H-tutorial/prenetworks/elec_s_50_ec_lv2.0__3h_2030_0.071_pre_adjusted.nc; current scripts/prepare_sector_network.py","REFERENCE_MAPPING_NOT_NUMERIC_ACCEPTANCE","tCO2/MWh_Link_input","false"
"Link:ID_Sumatra3 0 oil-2005","oil","Power","ID","0.2571","true","true","convert_conventional_generators_to_links explicit power plant role","/home/jin/research/SGP_ESE5004_Stage2/pypsa-asean/results/baseline-aims-3H-tutorial/prenetworks/elec_s_50_ec_lv2.0__3h_2030_0.071_pre_adjusted.nc; current scripts/prepare_sector_network.py","REFERENCE_MAPPING_NOT_NUMERIC_ACCEPTANCE","tCO2/MWh_Link_input","false"
"Link:ID_Sumatra3 0 oil-2015","oil","Power","ID","0.2571","true","true","convert_conventional_generators_to_links explicit power plant role","/home/jin/research/SGP_ESE5004_Stage2/pypsa-asean/results/baseline-aims-3H-tutorial/prenetworks/elec_s_50_ec_lv2.0__3h_2030_0.071_pre_adjusted.nc; current scripts/prepare_sector_network.py","REFERENCE_MAPPING_NOT_NUMERIC_ACCEPTANCE","tCO2/MWh_Link_input","false"
"Link:ID_Sumatra3 1 oil-2000","oil","Power","ID","0.2571","true","true","convert_conventional_generators_to_links explicit power plant role","/home/jin/research/SGP_ESE5004_Stage2/pypsa-asean/results/baseline-aims-3H-tutorial/prenetworks/elec_s_50_ec_lv2.0__3h_2030_0.071_pre_adjusted.nc; current scripts/prepare_sector_network.py","REFERENCE_MAPPING_NOT_NUMERIC_ACCEPTANCE","tCO2/MWh_Link_input","false"
"Link:ID_Sumatra3 1 oil-2005","oil","Power","ID","0.2571","true","true","convert_conventional_generators_to_links explicit power plant role","/home/jin/research/SGP_ESE5004_Stage2/pypsa-asean/results/baseline-aims-3H-tutorial/prenetworks/elec_s_50_ec_lv2.0__3h_2030_0.071_pre_adjusted.nc; current scripts/prepare_sector_network.py","REFERENCE_MAPPING_NOT_NUMERIC_ACCEPTANCE","tCO2/MWh_Link_input","false"
"Link:KH2 0 oil-2000","oil","Power","KH","0.2571","true","true","convert_conventional_generators_to_links explicit power plant role","/home/jin/research/SGP_ESE5004_Stage2/pypsa-asean/results/baseline-aims-3H-tutorial/prenetworks/elec_s_50_ec_lv2.0__3h_2030_0.071_pre_adjusted.nc; current scripts/prepare_sector_network.py","REFERENCE_MAPPING_NOT_NUMERIC_ACCEPTANCE","tCO2/MWh_Link_input","false"
"Link:KH2 0 oil-2005","oil","Power","KH","0.2571","true","true","convert_conventional_generators_to_links explicit power plant role","/home/jin/research/SGP_ESE5004_Stage2/pypsa-asean/results/baseline-aims-3H-tutorial/prenetworks/elec_s_50_ec_lv2.0__3h_2030_0.071_pre_adjusted.nc; current scripts/prepare_sector_network.py","REFERENCE_MAPPING_NOT_NUMERIC_ACCEPTANCE","tCO2/MWh_Link_input","false"
"Link:KH2 0 oil-2020","oil","Power","KH","0.2571","true","true","convert_conventional_generators_to_links explicit power plant role","/home/jin/research/SGP_ESE5004_Stage2/pypsa-asean/results/baseline-aims-3H-tutorial/prenetworks/elec_s_50_ec_lv2.0__3h_2030_0.071_pre_adjusted.nc; current scripts/prepare_sector_network.py","REFERENCE_MAPPING_NOT_NUMERIC_ACCEPTANCE","tCO2/MWh_Link_input","false"
"Link:KH2 0 oil-2025","oil","Power","KH","0.2571","true","true","convert_conventional_generators_to_links explicit power plant role","/home/jin/research/SGP_ESE5004_Stage2/pypsa-asean/results/baseline-aims-3H-tutorial/prenetworks/elec_s_50_ec_lv2.0__3h_2030_0.071_pre_adjusted.nc; current scripts/prepare_sector_network.py","REFERENCE_MAPPING_NOT_NUMERIC_ACCEPTANCE","tCO2/MWh_Link_input","false"
"Link:MY_Sabah4 0 oil-2005","oil","Power","MY","0.2571","true","true","convert_conventional_generators_to_links explicit power plant role","/home/jin/research/SGP_ESE5004_Stage2/pypsa-asean/results/baseline-aims-3H-tutorial/prenetworks/elec_s_50_ec_lv2.0__3h_2030_0.071_pre_adjusted.nc; current scripts/prepare_sector_network.py","REFERENCE_MAPPING_NOT_NUMERIC_ACCEPTANCE","tCO2/MWh_Link_input","false"
"Link:PH_Luzon5 0 oil-1995","oil","Power","PH","0.2571","true","true","convert_conventional_generators_to_links explicit power plant role","/home/jin/research/SGP_ESE5004_Stage2/pypsa-asean/results/baseline-aims-3H-tutorial/prenetworks/elec_s_50_ec_lv2.0__3h_2030_0.071_pre_adjusted.nc; current scripts/prepare_sector_network.py","REFERENCE_MAPPING_NOT_NUMERIC_ACCEPTANCE","tCO2/MWh_Link_input","false"
"Link:PH_Luzon5 0 oil-2010","oil","Power","PH","0.2571","true","true","convert_conventional_generators_to_links explicit power plant role","/home/jin/research/SGP_ESE5004_Stage2/pypsa-asean/results/baseline-aims-3H-tutorial/prenetworks/elec_s_50_ec_lv2.0__3h_2030_0.071_pre_adjusted.nc; current scripts/prepare_sector_network.py","REFERENCE_MAPPING_NOT_NUMERIC_ACCEPTANCE","tCO2/MWh_Link_input","false"
"Link:PH_Luzon5 0 oil-2015","oil","Power","PH","0.2571","true","true","convert_conventional_generators_to_links explicit power plant role","/home/jin/research/SGP_ESE5004_Stage2/pypsa-asean/results/baseline-aims-3H-tutorial/prenetworks/elec_s_50_ec_lv2.0__3h_2030_0.071_pre_adjusted.nc; current scripts/prepare_sector_network.py","REFERENCE_MAPPING_NOT_NUMERIC_ACCEPTANCE","tCO2/MWh_Link_input","false"
"Link:PH_Luzon5 0 oil-2025","oil","Power","PH","0.2571","true","true","convert_conventional_generators_to_links explicit power plant role","/home/jin/research/SGP_ESE5004_Stage2/pypsa-asean/results/baseline-aims-3H-tutorial/prenetworks/elec_s_50_ec_lv2.0__3h_2030_0.071_pre_adjusted.nc; current scripts/prepare_sector_network.py","REFERENCE_MAPPING_NOT_NUMERIC_ACCEPTANCE","tCO2/MWh_Link_input","false"
"Link:PH_Mindanao6 0 oil-1995","oil","Power","PH","0.2571","true","true","convert_conventional_generators_to_links explicit power plant role","/home/jin/research/SGP_ESE5004_Stage2/pypsa-asean/results/baseline-aims-3H-tutorial/prenetworks/elec_s_50_ec_lv2.0__3h_2030_0.071_pre_adjusted.nc; current scripts/prepare_sector_network.py","REFERENCE_MAPPING_NOT_NUMERIC_ACCEPTANCE","tCO2/MWh_Link_input","false"
"Link:PH_Mindanao6 0 oil-2000","oil","Power","PH","0.2571","true","true","convert_conventional_generators_to_links explicit power plant role","/home/jin/research/SGP_ESE5004_Stage2/pypsa-asean/results/baseline-aims-3H-tutorial/prenetworks/elec_s_50_ec_lv2.0__3h_2030_0.071_pre_adjusted.nc; current scripts/prepare_sector_network.py","REFERENCE_MAPPING_NOT_NUMERIC_ACCEPTANCE","tCO2/MWh_Link_input","false"
"Link:PH_Mindanao6 0 oil-2010","oil","Power","PH","0.2571","true","true","convert_conventional_generators_to_links explicit power plant role","/home/jin/research/SGP_ESE5004_Stage2/pypsa-asean/results/baseline-aims-3H-tutorial/prenetworks/elec_s_50_ec_lv2.0__3h_2030_0.071_pre_adjusted.nc; current scripts/prepare_sector_network.py","REFERENCE_MAPPING_NOT_NUMERIC_ACCEPTANCE","tCO2/MWh_Link_input","false"
"Link:PH_Mindanao6 0 oil-2015","oil","Power","PH","0.2571","true","true","convert_conventional_generators_to_links explicit power plant role","/home/jin/research/SGP_ESE5004_Stage2/pypsa-asean/results/baseline-aims-3H-tutorial/prenetworks/elec_s_50_ec_lv2.0__3h_2030_0.071_pre_adjusted.nc; current scripts/prepare_sector_network.py","REFERENCE_MAPPING_NOT_NUMERIC_ACCEPTANCE","tCO2/MWh_Link_input","false"
"Link:PH_Mindanao6 0 oil-2020","oil","Power","PH","0.2571","true","true","convert_conventional_generators_to_links explicit power plant role","/home/jin/research/SGP_ESE5004_Stage2/pypsa-asean/results/baseline-aims-3H-tutorial/prenetworks/elec_s_50_ec_lv2.0__3h_2030_0.071_pre_adjusted.nc; current scripts/prepare_sector_network.py","REFERENCE_MAPPING_NOT_NUMERIC_ACCEPTANCE","tCO2/MWh_Link_input","false"
"Link:PH_Visayas7 0 oil-2010","oil","Power","PH","0.2571","true","true","convert_conventional_generators_to_links explicit power plant role","/home/jin/research/SGP_ESE5004_Stage2/pypsa-asean/results/baseline-aims-3H-tutorial/prenetworks/elec_s_50_ec_lv2.0__3h_2030_0.071_pre_adjusted.nc; current scripts/prepare_sector_network.py","REFERENCE_MAPPING_NOT_NUMERIC_ACCEPTANCE","tCO2/MWh_Link_input","false"
"Link:PH_Visayas7 0 oil-2020","oil","Power","PH","0.2571","true","true","convert_conventional_generators_to_links explicit power plant role","/home/jin/research/SGP_ESE5004_Stage2/pypsa-asean/results/baseline-aims-3H-tutorial/prenetworks/elec_s_50_ec_lv2.0__3h_2030_0.071_pre_adjusted.nc; current scripts/prepare_sector_network.py","REFERENCE_MAPPING_NOT_NUMERIC_ACCEPTANCE","tCO2/MWh_Link_input","false"
"Link:SG2 0 oil-1990","oil","Power","SG","0.2571","true","true","convert_conventional_generators_to_links explicit power plant role","/home/jin/research/SGP_ESE5004_Stage2/pypsa-asean/results/baseline-aims-3H-tutorial/prenetworks/elec_s_50_ec_lv2.0__3h_2030_0.071_pre_adjusted.nc; current scripts/prepare_sector_network.py","REFERENCE_MAPPING_NOT_NUMERIC_ACCEPTANCE","tCO2/MWh_Link_input","false"
"Link:SG2 0 oil-1995","oil","Power","SG","0.2571","true","true","convert_conventional_generators_to_links explicit power plant role","/home/jin/research/SGP_ESE5004_Stage2/pypsa-asean/results/baseline-aims-3H-tutorial/prenetworks/elec_s_50_ec_lv2.0__3h_2030_0.071_pre_adjusted.nc; current scripts/prepare_sector_network.py","REFERENCE_MAPPING_NOT_NUMERIC_ACCEPTANCE","tCO2/MWh_Link_input","false"
"Link:SG2 0 oil-2000","oil","Power","SG","0.2571","true","true","convert_conventional_generators_to_links explicit power plant role","/home/jin/research/SGP_ESE5004_Stage2/pypsa-asean/results/baseline-aims-3H-tutorial/prenetworks/elec_s_50_ec_lv2.0__3h_2030_0.071_pre_adjusted.nc; current scripts/prepare_sector_network.py","REFERENCE_MAPPING_NOT_NUMERIC_ACCEPTANCE","tCO2/MWh_Link_input","false"
"Link:TL11 0 oil-2015","oil","Power","TL","0.2571","true","true","convert_conventional_generators_to_links explicit power plant role","/home/jin/research/SGP_ESE5004_Stage2/pypsa-asean/results/baseline-aims-3H-tutorial/prenetworks/elec_s_50_ec_lv2.0__3h_2030_0.071_pre_adjusted.nc; current scripts/prepare_sector_network.py","REFERENCE_MAPPING_NOT_NUMERIC_ACCEPTANCE","tCO2/MWh_Link_input","false"
"Link:VN2 0 oil-2005","oil","Power","VN","0.2571","true","true","convert_conventional_generators_to_links explicit power plant role","/home/jin/research/SGP_ESE5004_Stage2/pypsa-asean/results/baseline-aims-3H-tutorial/prenetworks/elec_s_50_ec_lv2.0__3h_2030_0.071_pre_adjusted.nc; current scripts/prepare_sector_network.py","REFERENCE_MAPPING_NOT_NUMERIC_ACCEPTANCE","tCO2/MWh_Link_input","false"
"Link:VN2 1 oil-2005","oil","Power","VN","0.2571","true","true","convert_conventional_generators_to_links explicit power plant role","/home/jin/research/SGP_ESE5004_Stage2/pypsa-asean/results/baseline-aims-3H-tutorial/prenetworks/elec_s_50_ec_lv2.0__3h_2030_0.071_pre_adjusted.nc; current scripts/prepare_sector_network.py","REFERENCE_MAPPING_NOT_NUMERIC_ACCEPTANCE","tCO2/MWh_Link_input","false"
"Link:BN4 0 coal-2020","coal","Power","BN","0.3361","true","true","convert_conventional_generators_to_links explicit power plant role","/home/jin/research/SGP_ESE5004_Stage2/pypsa-asean/results/baseline-aims-3H-tutorial/prenetworks/elec_s_50_ec_lv2.0__3h_2030_0.071_pre_adjusted.nc; current scripts/prepare_sector_network.py","REFERENCE_MAPPING_NOT_NUMERIC_ACCEPTANCE","tCO2/MWh_Link_input","false"
"Link:ID_Java-Bali1 0 coal-1985","coal","Power","ID","0.3361","true","true","convert_conventional_generators_to_links explicit power plant role","/home/jin/research/SGP_ESE5004_Stage2/pypsa-asean/results/baseline-aims-3H-tutorial/prenetworks/elec_s_50_ec_lv2.0__3h_2030_0.071_pre_adjusted.nc; current scripts/prepare_sector_network.py","REFERENCE_MAPPING_NOT_NUMERIC_ACCEPTANCE","tCO2/MWh_Link_input","false"
"Link:ID_Java-Bali1 0 coal-1995","coal","Power","ID","0.3361","true","true","convert_conventional_generators_to_links explicit power plant role","/home/jin/research/SGP_ESE5004_Stage2/pypsa-asean/results/baseline-aims-3H-tutorial/prenetworks/elec_s_50_ec_lv2.0__3h_2030_0.071_pre_adjusted.nc; current scripts/prepare_sector_network.py","REFERENCE_MAPPING_NOT_NUMERIC_ACCEPTANCE","tCO2/MWh_Link_input","false"
"Link:ID_Java-Bali1 0 coal-2000","coal","Power","ID","0.3361","true","true","convert_conventional_generators_to_links explicit power plant role","/home/jin/research/SGP_ESE5004_Stage2/pypsa-asean/results/baseline-aims-3H-tutorial/prenetworks/elec_s_50_ec_lv2.0__3h_2030_0.071_pre_adjusted.nc; current scripts/prepare_sector_network.py","REFERENCE_MAPPING_NOT_NUMERIC_ACCEPTANCE","tCO2/MWh_Link_input","false"
"Link:ID_Java-Bali1 0 coal-2005","coal","Power","ID","0.3361","true","true","convert_conventional_generators_to_links explicit power plant role","/home/jin/research/SGP_ESE5004_Stage2/pypsa-asean/results/baseline-aims-3H-tutorial/prenetworks/elec_s_50_ec_lv2.0__3h_2030_0.071_pre_adjusted.nc; current scripts/prepare_sector_network.py","REFERENCE_MAPPING_NOT_NUMERIC_ACCEPTANCE","tCO2/MWh_Link_input","false"
"Link:ID_Java-Bali1 0 coal-2010","coal","Power","ID","0.3361","true","true","convert_conventional_generators_to_links explicit power plant role","/home/jin/research/SGP_ESE5004_Stage2/pypsa-asean/results/baseline-aims-3H-tutorial/prenetworks/elec_s_50_ec_lv2.0__3h_2030_0.071_pre_adjusted.nc; current scripts/prepare_sector_network.py","REFERENCE_MAPPING_NOT_NUMERIC_ACCEPTANCE","tCO2/MWh_Link_input","false"
"Link:ID_Java-Bali1 0 coal-2015","coal","Power","ID","0.3361","true","true","convert_conventional_generators_to_links explicit power plant role","/home/jin/research/SGP_ESE5004_Stage2/pypsa-asean/results/baseline-aims-3H-tutorial/prenetworks/elec_s_50_ec_lv2.0__3h_2030_0.071_pre_adjusted.nc; current scripts/prepare_sector_network.py","REFERENCE_MAPPING_NOT_NUMERIC_ACCEPTANCE","tCO2/MWh_Link_input","false"
"Link:ID_Java-Bali1 0 coal-2020","coal","Power","ID","0.3361","true","true","convert_conventional_generators_to_links explicit power plant role","/home/jin/research/SGP_ESE5004_Stage2/pypsa-asean/results/baseline-aims-3H-tutorial/prenetworks/elec_s_50_ec_lv2.0__3h_2030_0.071_pre_adjusted.nc; current scripts/prepare_sector_network.py","REFERENCE_MAPPING_NOT_NUMERIC_ACCEPTANCE","tCO2/MWh_Link_input","false"
"Link:ID_Java-Bali1 0 coal-2025","coal","Power","ID","0.3361","true","true","convert_conventional_generators_to_links explicit power plant role","/home/jin/research/SGP_ESE5004_Stage2/pypsa-asean/results/baseline-aims-3H-tutorial/prenetworks/elec_s_50_ec_lv2.0__3h_2030_0.071_pre_adjusted.nc; current scripts/prepare_sector_network.py","REFERENCE_MAPPING_NOT_NUMERIC_ACCEPTANCE","tCO2/MWh_Link_input","false"
"Link:ID_Kalimantan4 0 coal-2015","coal","Power","ID","0.3361","true","true","convert_conventional_generators_to_links explicit power plant role","/home/jin/research/SGP_ESE5004_Stage2/pypsa-asean/results/baseline-aims-3H-tutorial/prenetworks/elec_s_50_ec_lv2.0__3h_2030_0.071_pre_adjusted.nc; current scripts/prepare_sector_network.py","REFERENCE_MAPPING_NOT_NUMERIC_ACCEPTANCE","tCO2/MWh_Link_input","false"
"Link:ID_Kalimantan4 0 coal-2020","coal","Power","ID","0.3361","true","true","convert_conventional_generators_to_links explicit power plant role","/home/jin/research/SGP_ESE5004_Stage2/pypsa-asean/results/baseline-aims-3H-tutorial/prenetworks/elec_s_50_ec_lv2.0__3h_2030_0.071_pre_adjusted.nc; current scripts/prepare_sector_network.py","REFERENCE_MAPPING_NOT_NUMERIC_ACCEPTANCE","tCO2/MWh_Link_input","false"
"Link:ID_Kalimantan4 1 coal-2020","coal","Power","ID","0.3361","true","true","convert_conventional_generators_to_links explicit power plant role","/home/jin/research/SGP_ESE5004_Stage2/pypsa-asean/results/baseline-aims-3H-tutorial/prenetworks/elec_s_50_ec_lv2.0__3h_2030_0.071_pre_adjusted.nc; current scripts/prepare_sector_network.py","REFERENCE_MAPPING_NOT_NUMERIC_ACCEPTANCE","tCO2/MWh_Link_input","false"
"Link:ID_Kalimantan4 2 coal-2020","coal","Power","ID","0.3361","true","true","convert_conventional_generators_to_links explicit power plant role","/home/jin/research/SGP_ESE5004_Stage2/pypsa-asean/results/baseline-aims-3H-tutorial/prenetworks/elec_s_50_ec_lv2.0__3h_2030_0.071_pre_adjusted.nc; current scripts/prepare_sector_network.py","REFERENCE_MAPPING_NOT_NUMERIC_ACCEPTANCE","tCO2/MWh_Link_input","false"
"Link:ID_Kalimantan4 4 coal-2000","coal","Power","ID","0.3361","true","true","convert_conventional_generators_to_links explicit power plant role","/home/jin/research/SGP_ESE5004_Stage2/pypsa-asean/results/baseline-aims-3H-tutorial/prenetworks/elec_s_50_ec_lv2.0__3h_2030_0.071_pre_adjusted.nc; current scripts/prepare_sector_network.py","REFERENCE_MAPPING_NOT_NUMERIC_ACCEPTANCE","tCO2/MWh_Link_input","false"
"Link:ID_Kalimantan4 4 coal-2015","coal","Power","ID","0.3361","true","true","convert_conventional_generators_to_links explicit power plant role","/home/jin/research/SGP_ESE5004_Stage2/pypsa-asean/results/baseline-aims-3H-tutorial/prenetworks/elec_s_50_ec_lv2.0__3h_2030_0.071_pre_adjusted.nc; current scripts/prepare_sector_network.py","REFERENCE_MAPPING_NOT_NUMERIC_ACCEPTANCE","tCO2/MWh_Link_input","false"
"Link:ID_Kalimantan4 5 coal-2015","coal","Power","ID","0.3361","true","true","convert_conventional_generators_to_links explicit power plant role","/home/jin/research/SGP_ESE5004_Stage2/pypsa-asean/results/baseline-aims-3H-tutorial/prenetworks/elec_s_50_ec_lv2.0__3h_2030_0.071_pre_adjusted.nc; current scripts/prepare_sector_network.py","REFERENCE_MAPPING_NOT_NUMERIC_ACCEPTANCE","tCO2/MWh_Link_input","false"
"Link:ID_Kalimantan4 5 coal-2020","coal","Power","ID","0.3361","true","true","convert_conventional_generators_to_links explicit power plant role","/home/jin/research/SGP_ESE5004_Stage2/pypsa-asean/results/baseline-aims-3H-tutorial/prenetworks/elec_s_50_ec_lv2.0__3h_2030_0.071_pre_adjusted.nc; current scripts/prepare_sector_network.py","REFERENCE_MAPPING_NOT_NUMERIC_ACCEPTANCE","tCO2/MWh_Link_input","false"
"Link:ID_Maluku16 0 coal-2020","coal","Power","ID","0.3361","true","true","convert_conventional_generators_to_links explicit power plant role","/home/jin/research/SGP_ESE5004_Stage2/pypsa-asean/results/baseline-aims-3H-tutorial/prenetworks/elec_s_50_ec_lv2.0__3h_2030_0.071_pre_adjusted.nc; current scripts/prepare_sector_network.py","REFERENCE_MAPPING_NOT_NUMERIC_ACCEPTANCE","tCO2/MWh_Link_input","false"
"Link:ID_Maluku17 0 coal-2020","coal","Power","ID","0.3361","true","true","convert_conventional_generators_to_links explicit power plant role","/home/jin/research/SGP_ESE5004_Stage2/pypsa-asean/results/baseline-aims-3H-tutorial/prenetworks/elec_s_50_ec_lv2.0__3h_2030_0.071_pre_adjusted.nc; current scripts/prepare_sector_network.py","REFERENCE_MAPPING_NOT_NUMERIC_ACCEPTANCE","tCO2/MWh_Link_input","false"
"Link:ID_Maluku8 0 coal-2020","coal","Power","ID","0.3361","true","true","convert_conventional_generators_to_links explicit power plant role","/home/jin/research/SGP_ESE5004_Stage2/pypsa-asean/results/baseline-aims-3H-tutorial/prenetworks/elec_s_50_ec_lv2.0__3h_2030_0.071_pre_adjusted.nc; current scripts/prepare_sector_network.py","REFERENCE_MAPPING_NOT_NUMERIC_ACCEPTANCE","tCO2/MWh_Link_input","false"
"Link:ID_Nusa-Tenggara14 0 coal-2000","coal","Power","ID","0.3361","true","true","convert_conventional_generators_to_links explicit power plant role","/home/jin/research/SGP_ESE5004_Stage2/pypsa-asean/results/baseline-aims-3H-tutorial/prenetworks/elec_s_50_ec_lv2.0__3h_2030_0.071_pre_adjusted.nc; current scripts/prepare_sector_network.py","REFERENCE_MAPPING_NOT_NUMERIC_ACCEPTANCE","tCO2/MWh_Link_input","false"
"Link:ID_Papua20 0 coal-2000","coal","Power","ID","0.3361","true","true","convert_conventional_generators_to_links explicit power plant role","/home/jin/research/SGP_ESE5004_Stage2/pypsa-asean/results/baseline-aims-3H-tutorial/prenetworks/elec_s_50_ec_lv2.0__3h_2030_0.071_pre_adjusted.nc; current scripts/prepare_sector_network.py","REFERENCE_MAPPING_NOT_NUMERIC_ACCEPTANCE","tCO2/MWh_Link_input","false"
"Link:ID_Sulawesi0 0 coal-2015","coal","Power","ID","0.3361","true","true","convert_conventional_generators_to_links explicit power plant role","/home/jin/research/SGP_ESE5004_Stage2/pypsa-asean/results/baseline-aims-3H-tutorial/prenetworks/elec_s_50_ec_lv2.0__3h_2030_0.071_pre_adjusted.nc; current scripts/prepare_sector_network.py","REFERENCE_MAPPING_NOT_NUMERIC_ACCEPTANCE","tCO2/MWh_Link_input","false"
"Link:ID_Sulawesi0 0 coal-2020","coal","Power","ID","0.3361","true","true","convert_conventional_generators_to_links explicit power plant role","/home/jin/research/SGP_ESE5004_Stage2/pypsa-asean/results/baseline-aims-3H-tutorial/prenetworks/elec_s_50_ec_lv2.0__3h_2030_0.071_pre_adjusted.nc; current scripts/prepare_sector_network.py","REFERENCE_MAPPING_NOT_NUMERIC_ACCEPTANCE","tCO2/MWh_Link_input","false"
"Link:ID_Sulawesi0 0 coal-2025","coal","Power","ID","0.3361","true","true","convert_conventional_generators_to_links explicit power plant role","/home/jin/research/SGP_ESE5004_Stage2/pypsa-asean/results/baseline-aims-3H-tutorial/prenetworks/elec_s_50_ec_lv2.0__3h_2030_0.071_pre_adjusted.nc; current scripts/prepare_sector_network.py","REFERENCE_MAPPING_NOT_NUMERIC_ACCEPTANCE","tCO2/MWh_Link_input","false"
"Link:ID_Sumatra2 0 coal-2015","coal","Power","ID","0.3361","true","true","convert_conventional_generators_to_links explicit power plant role","/home/jin/research/SGP_ESE5004_Stage2/pypsa-asean/results/baseline-aims-3H-tutorial/prenetworks/elec_s_50_ec_lv2.0__3h_2030_0.071_pre_adjusted.nc; current scripts/prepare_sector_network.py","REFERENCE_MAPPING_NOT_NUMERIC_ACCEPTANCE","tCO2/MWh_Link_input","false"
"Link:ID_Sumatra2 0 coal-2025","coal","Power","ID","0.3361","true","true","convert_conventional_generators_to_links explicit power plant role","/home/jin/research/SGP_ESE5004_Stage2/pypsa-asean/results/baseline-aims-3H-tutorial/prenetworks/elec_s_50_ec_lv2.0__3h_2030_0.071_pre_adjusted.nc; current scripts/prepare_sector_network.py","REFERENCE_MAPPING_NOT_NUMERIC_ACCEPTANCE","tCO2/MWh_Link_input","false"
"Link:ID_Sumatra3 0 coal-2000","coal","Power","ID","0.3361","true","true","convert_conventional_generators_to_links explicit power plant role","/home/jin/research/SGP_ESE5004_Stage2/pypsa-asean/results/baseline-aims-3H-tutorial/prenetworks/elec_s_50_ec_lv2.0__3h_2030_0.071_pre_adjusted.nc; current scripts/prepare_sector_network.py","REFERENCE_MAPPING_NOT_NUMERIC_ACCEPTANCE","tCO2/MWh_Link_input","false"
"Link:ID_Sumatra3 0 coal-2015","coal","Power","ID","0.3361","true","true","convert_conventional_generators_to_links explicit power plant role","/home/jin/research/SGP_ESE5004_Stage2/pypsa-asean/results/baseline-aims-3H-tutorial/prenetworks/elec_s_50_ec_lv2.0__3h_2030_0.071_pre_adjusted.nc; current scripts/prepare_sector_network.py","REFERENCE_MAPPING_NOT_NUMERIC_ACCEPTANCE","tCO2/MWh_Link_input","false"
"Link:ID_Sumatra3 0 coal-2020","coal","Power","ID","0.3361","true","true","convert_conventional_generators_to_links explicit power plant role","/home/jin/research/SGP_ESE5004_Stage2/pypsa-asean/results/baseline-aims-3H-tutorial/prenetworks/elec_s_50_ec_lv2.0__3h_2030_0.071_pre_adjusted.nc; current scripts/prepare_sector_network.py","REFERENCE_MAPPING_NOT_NUMERIC_ACCEPTANCE","tCO2/MWh_Link_input","false"
"Link:ID_Sumatra3 1 coal-1990","coal","Power","ID","0.3361","true","true","convert_conventional_generators_to_links explicit power plant role","/home/jin/research/SGP_ESE5004_Stage2/pypsa-asean/results/baseline-aims-3H-tutorial/prenetworks/elec_s_50_ec_lv2.0__3h_2030_0.071_pre_adjusted.nc; current scripts/prepare_sector_network.py","REFERENCE_MAPPING_NOT_NUMERIC_ACCEPTANCE","tCO2/MWh_Link_input","false"
"Link:ID_Sumatra3 1 coal-1995","coal","Power","ID","0.3361","true","true","convert_conventional_generators_to_links explicit power plant role","/home/jin/research/SGP_ESE5004_Stage2/pypsa-asean/results/baseline-aims-3H-tutorial/prenetworks/elec_s_50_ec_lv2.0__3h_2030_0.071_pre_adjusted.nc; current scripts/prepare_sector_network.py","REFERENCE_MAPPING_NOT_NUMERIC_ACCEPTANCE","tCO2/MWh_Link_input","false"
"Link:ID_Sumatra3 1 coal-2010","coal","Power","ID","0.3361","true","true","convert_conventional_generators_to_links explicit power plant role","/home/jin/research/SGP_ESE5004_Stage2/pypsa-asean/results/baseline-aims-3H-tutorial/prenetworks/elec_s_50_ec_lv2.0__3h_2030_0.071_pre_adjusted.nc; current scripts/prepare_sector_network.py","REFERENCE_MAPPING_NOT_NUMERIC_ACCEPTANCE","tCO2/MWh_Link_input","false"
"Link:ID_Sumatra3 1 coal-2015","coal","Power","ID","0.3361","true","true","convert_conventional_generators_to_links explicit power plant role","/home/jin/research/SGP_ESE5004_Stage2/pypsa-asean/results/baseline-aims-3H-tutorial/prenetworks/elec_s_50_ec_lv2.0__3h_2030_0.071_pre_adjusted.nc; current scripts/prepare_sector_network.py","REFERENCE_MAPPING_NOT_NUMERIC_ACCEPTANCE","tCO2/MWh_Link_input","false"
"Link:ID_Sumatra3 1 coal-2020","coal","Power","ID","0.3361","true","true","convert_conventional_generators_to_links explicit power plant role","/home/jin/research/SGP_ESE5004_Stage2/pypsa-asean/results/baseline-aims-3H-tutorial/prenetworks/elec_s_50_ec_lv2.0__3h_2030_0.071_pre_adjusted.nc; current scripts/prepare_sector_network.py","REFERENCE_MAPPING_NOT_NUMERIC_ACCEPTANCE","tCO2/MWh_Link_input","false"
"Link:ID_Sumatra3 1 coal-2025","coal","Power","ID","0.3361","true","true","convert_conventional_generators_to_links explicit power plant role","/home/jin/research/SGP_ESE5004_Stage2/pypsa-asean/results/baseline-aims-3H-tutorial/prenetworks/elec_s_50_ec_lv2.0__3h_2030_0.071_pre_adjusted.nc; current scripts/prepare_sector_network.py","REFERENCE_MAPPING_NOT_NUMERIC_ACCEPTANCE","tCO2/MWh_Link_input","false"
"Link:KH2 0 coal-2015","coal","Power","KH","0.3361","true","true","convert_conventional_generators_to_links explicit power plant role","/home/jin/research/SGP_ESE5004_Stage2/pypsa-asean/results/baseline-aims-3H-tutorial/prenetworks/elec_s_50_ec_lv2.0__3h_2030_0.071_pre_adjusted.nc; current scripts/prepare_sector_network.py","REFERENCE_MAPPING_NOT_NUMERIC_ACCEPTANCE","tCO2/MWh_Link_input","false"
"Link:KH2 0 coal-2025","coal","Power","KH","0.3361","true","true","convert_conventional_generators_to_links explicit power plant role","/home/jin/research/SGP_ESE5004_Stage2/pypsa-asean/results/baseline-aims-3H-tutorial/prenetworks/elec_s_50_ec_lv2.0__3h_2030_0.071_pre_adjusted.nc; current scripts/prepare_sector_network.py","REFERENCE_MAPPING_NOT_NUMERIC_ACCEPTANCE","tCO2/MWh_Link_input","false"
"Link:MM2 1 coal-2005","coal","Power","MM","0.3361","true","true","convert_conventional_generators_to_links explicit power plant role","/home/jin/research/SGP_ESE5004_Stage2/pypsa-asean/results/baseline-aims-3H-tutorial/prenetworks/elec_s_50_ec_lv2.0__3h_2030_0.071_pre_adjusted.nc; current scripts/prepare_sector_network.py","REFERENCE_MAPPING_NOT_NUMERIC_ACCEPTANCE","tCO2/MWh_Link_input","false"
"Link:MM2 5 coal-2020","coal","Power","MM","0.3361","true","true","convert_conventional_generators_to_links explicit power plant role","/home/jin/research/SGP_ESE5004_Stage2/pypsa-asean/results/baseline-aims-3H-tutorial/prenetworks/elec_s_50_ec_lv2.0__3h_2030_0.071_pre_adjusted.nc; current scripts/prepare_sector_network.py","REFERENCE_MAPPING_NOT_NUMERIC_ACCEPTANCE","tCO2/MWh_Link_input","false"
"Link:MY_Peninsular2 0 coal-1990","coal","Power","MY","0.3361","true","true","convert_conventional_generators_to_links explicit power plant role","/home/jin/research/SGP_ESE5004_Stage2/pypsa-asean/results/baseline-aims-3H-tutorial/prenetworks/elec_s_50_ec_lv2.0__3h_2030_0.071_pre_adjusted.nc; current scripts/prepare_sector_network.py","REFERENCE_MAPPING_NOT_NUMERIC_ACCEPTANCE","tCO2/MWh_Link_input","false"
"Link:MY_Peninsular2 0 coal-2005","coal","Power","MY","0.3361","true","true","convert_conventional_generators_to_links explicit power plant role","/home/jin/research/SGP_ESE5004_Stage2/pypsa-asean/results/baseline-aims-3H-tutorial/prenetworks/elec_s_50_ec_lv2.0__3h_2030_0.071_pre_adjusted.nc; current scripts/prepare_sector_network.py","REFERENCE_MAPPING_NOT_NUMERIC_ACCEPTANCE","tCO2/MWh_Link_input","false"
"Link:MY_Peninsular2 0 coal-2010","coal","Power","MY","0.3361","true","true","convert_conventional_generators_to_links explicit power plant role","/home/jin/research/SGP_ESE5004_Stage2/pypsa-asean/results/baseline-aims-3H-tutorial/prenetworks/elec_s_50_ec_lv2.0__3h_2030_0.071_pre_adjusted.nc; current scripts/prepare_sector_network.py","REFERENCE_MAPPING_NOT_NUMERIC_ACCEPTANCE","tCO2/MWh_Link_input","false"
"Link:MY_Sarawak4 0 coal-2000","coal","Power","MY","0.3361","true","true","convert_conventional_generators_to_links explicit power plant role","/home/jin/research/SGP_ESE5004_Stage2/pypsa-asean/results/baseline-aims-3H-tutorial/prenetworks/elec_s_50_ec_lv2.0__3h_2030_0.071_pre_adjusted.nc; current scripts/prepare_sector_network.py","REFERENCE_MAPPING_NOT_NUMERIC_ACCEPTANCE","tCO2/MWh_Link_input","false"
"Link:MY_Sarawak4 0 coal-2010","coal","Power","MY","0.3361","true","true","convert_conventional_generators_to_links explicit power plant role","/home/jin/research/SGP_ESE5004_Stage2/pypsa-asean/results/baseline-aims-3H-tutorial/prenetworks/elec_s_50_ec_lv2.0__3h_2030_0.071_pre_adjusted.nc; current scripts/prepare_sector_network.py","REFERENCE_MAPPING_NOT_NUMERIC_ACCEPTANCE","tCO2/MWh_Link_input","false"
"Link:PH_Luzon5 0 coal-1985","coal","Power","PH","0.3361","true","true","convert_conventional_generators_to_links explicit power plant role","/home/jin/research/SGP_ESE5004_Stage2/pypsa-asean/results/baseline-aims-3H-tutorial/prenetworks/elec_s_50_ec_lv2.0__3h_2030_0.071_pre_adjusted.nc; current scripts/prepare_sector_network.py","REFERENCE_MAPPING_NOT_NUMERIC_ACCEPTANCE","tCO2/MWh_Link_input","false"
"Link:PH_Luzon5 0 coal-2000","coal","Power","PH","0.3361","true","true","convert_conventional_generators_to_links explicit power plant role","/home/jin/research/SGP_ESE5004_Stage2/pypsa-asean/results/baseline-aims-3H-tutorial/prenetworks/elec_s_50_ec_lv2.0__3h_2030_0.071_pre_adjusted.nc; current scripts/prepare_sector_network.py","REFERENCE_MAPPING_NOT_NUMERIC_ACCEPTANCE","tCO2/MWh_Link_input","false"
"Link:PH_Luzon5 0 coal-2010","coal","Power","PH","0.3361","true","true","convert_conventional_generators_to_links explicit power plant role","/home/jin/research/SGP_ESE5004_Stage2/pypsa-asean/results/baseline-aims-3H-tutorial/prenetworks/elec_s_50_ec_lv2.0__3h_2030_0.071_pre_adjusted.nc; current scripts/prepare_sector_network.py","REFERENCE_MAPPING_NOT_NUMERIC_ACCEPTANCE","tCO2/MWh_Link_input","false"
"Link:PH_Luzon5 0 coal-2015","coal","Power","PH","0.3361","true","true","convert_conventional_generators_to_links explicit power plant role","/home/jin/research/SGP_ESE5004_Stage2/pypsa-asean/results/baseline-aims-3H-tutorial/prenetworks/elec_s_50_ec_lv2.0__3h_2030_0.071_pre_adjusted.nc; current scripts/prepare_sector_network.py","REFERENCE_MAPPING_NOT_NUMERIC_ACCEPTANCE","tCO2/MWh_Link_input","false"
"Link:PH_Luzon5 0 coal-2020","coal","Power","PH","0.3361","true","true","convert_conventional_generators_to_links explicit power plant role","/home/jin/research/SGP_ESE5004_Stage2/pypsa-asean/results/baseline-aims-3H-tutorial/prenetworks/elec_s_50_ec_lv2.0__3h_2030_0.071_pre_adjusted.nc; current scripts/prepare_sector_network.py","REFERENCE_MAPPING_NOT_NUMERIC_ACCEPTANCE","tCO2/MWh_Link_input","false"
"Link:PH_Luzon5 0 coal-2025","coal","Power","PH","0.3361","true","true","convert_conventional_generators_to_links explicit power plant role","/home/jin/research/SGP_ESE5004_Stage2/pypsa-asean/results/baseline-aims-3H-tutorial/prenetworks/elec_s_50_ec_lv2.0__3h_2030_0.071_pre_adjusted.nc; current scripts/prepare_sector_network.py","REFERENCE_MAPPING_NOT_NUMERIC_ACCEPTANCE","tCO2/MWh_Link_input","false"
"Link:PH_Mindanao6 0 coal-2010","coal","Power","PH","0.3361","true","true","convert_conventional_generators_to_links explicit power plant role","/home/jin/research/SGP_ESE5004_Stage2/pypsa-asean/results/baseline-aims-3H-tutorial/prenetworks/elec_s_50_ec_lv2.0__3h_2030_0.071_pre_adjusted.nc; current scripts/prepare_sector_network.py","REFERENCE_MAPPING_NOT_NUMERIC_ACCEPTANCE","tCO2/MWh_Link_input","false"
"Link:PH_Mindanao6 0 coal-2015","coal","Power","PH","0.3361","true","true","convert_conventional_generators_to_links explicit power plant role","/home/jin/research/SGP_ESE5004_Stage2/pypsa-asean/results/baseline-aims-3H-tutorial/prenetworks/elec_s_50_ec_lv2.0__3h_2030_0.071_pre_adjusted.nc; current scripts/prepare_sector_network.py","REFERENCE_MAPPING_NOT_NUMERIC_ACCEPTANCE","tCO2/MWh_Link_input","false"
"Link:PH_Mindanao6 0 coal-2020","coal","Power","PH","0.3361","true","true","convert_conventional_generators_to_links explicit power plant role","/home/jin/research/SGP_ESE5004_Stage2/pypsa-asean/results/baseline-aims-3H-tutorial/prenetworks/elec_s_50_ec_lv2.0__3h_2030_0.071_pre_adjusted.nc; current scripts/prepare_sector_network.py","REFERENCE_MAPPING_NOT_NUMERIC_ACCEPTANCE","tCO2/MWh_Link_input","false"
"Link:PH_Visayas7 0 coal-2005","coal","Power","PH","0.3361","true","true","convert_conventional_generators_to_links explicit power plant role","/home/jin/research/SGP_ESE5004_Stage2/pypsa-asean/results/baseline-aims-3H-tutorial/prenetworks/elec_s_50_ec_lv2.0__3h_2030_0.071_pre_adjusted.nc; current scripts/prepare_sector_network.py","REFERENCE_MAPPING_NOT_NUMERIC_ACCEPTANCE","tCO2/MWh_Link_input","false"
"Link:PH_Visayas7 0 coal-2010","coal","Power","PH","0.3361","true","true","convert_conventional_generators_to_links explicit power plant role","/home/jin/research/SGP_ESE5004_Stage2/pypsa-asean/results/baseline-aims-3H-tutorial/prenetworks/elec_s_50_ec_lv2.0__3h_2030_0.071_pre_adjusted.nc; current scripts/prepare_sector_network.py","REFERENCE_MAPPING_NOT_NUMERIC_ACCEPTANCE","tCO2/MWh_Link_input","false"
"Link:PH_Visayas7 0 coal-2015","coal","Power","PH","0.3361","true","true","convert_conventional_generators_to_links explicit power plant role","/home/jin/research/SGP_ESE5004_Stage2/pypsa-asean/results/baseline-aims-3H-tutorial/prenetworks/elec_s_50_ec_lv2.0__3h_2030_0.071_pre_adjusted.nc; current scripts/prepare_sector_network.py","REFERENCE_MAPPING_NOT_NUMERIC_ACCEPTANCE","tCO2/MWh_Link_input","false"
"Link:PH_Visayas7 0 coal-2020","coal","Power","PH","0.3361","true","true","convert_conventional_generators_to_links explicit power plant role","/home/jin/research/SGP_ESE5004_Stage2/pypsa-asean/results/baseline-aims-3H-tutorial/prenetworks/elec_s_50_ec_lv2.0__3h_2030_0.071_pre_adjusted.nc; current scripts/prepare_sector_network.py","REFERENCE_MAPPING_NOT_NUMERIC_ACCEPTANCE","tCO2/MWh_Link_input","false"
"Link:TH2 0 coal-1995","coal","Power","TH","0.3361","true","true","convert_conventional_generators_to_links explicit power plant role","/home/jin/research/SGP_ESE5004_Stage2/pypsa-asean/results/baseline-aims-3H-tutorial/prenetworks/elec_s_50_ec_lv2.0__3h_2030_0.071_pre_adjusted.nc; current scripts/prepare_sector_network.py","REFERENCE_MAPPING_NOT_NUMERIC_ACCEPTANCE","tCO2/MWh_Link_input","false"
"Link:TH2 0 coal-2000","coal","Power","TH","0.3361","true","true","convert_conventional_generators_to_links explicit power plant role","/home/jin/research/SGP_ESE5004_Stage2/pypsa-asean/results/baseline-aims-3H-tutorial/prenetworks/elec_s_50_ec_lv2.0__3h_2030_0.071_pre_adjusted.nc; current scripts/prepare_sector_network.py","REFERENCE_MAPPING_NOT_NUMERIC_ACCEPTANCE","tCO2/MWh_Link_input","false"
"Link:TH2 0 coal-2010","coal","Power","TH","0.3361","true","true","convert_conventional_generators_to_links explicit power plant role","/home/jin/research/SGP_ESE5004_Stage2/pypsa-asean/results/baseline-aims-3H-tutorial/prenetworks/elec_s_50_ec_lv2.0__3h_2030_0.071_pre_adjusted.nc; current scripts/prepare_sector_network.py","REFERENCE_MAPPING_NOT_NUMERIC_ACCEPTANCE","tCO2/MWh_Link_input","false"
"Link:TH2 0 coal-2015","coal","Power","TH","0.3361","true","true","convert_conventional_generators_to_links explicit power plant role","/home/jin/research/SGP_ESE5004_Stage2/pypsa-asean/results/baseline-aims-3H-tutorial/prenetworks/elec_s_50_ec_lv2.0__3h_2030_0.071_pre_adjusted.nc; current scripts/prepare_sector_network.py","REFERENCE_MAPPING_NOT_NUMERIC_ACCEPTANCE","tCO2/MWh_Link_input","false"
"Link:TH2 0 coal-2020","coal","Power","TH","0.3361","true","true","convert_conventional_generators_to_links explicit power plant role","/home/jin/research/SGP_ESE5004_Stage2/pypsa-asean/results/baseline-aims-3H-tutorial/prenetworks/elec_s_50_ec_lv2.0__3h_2030_0.071_pre_adjusted.nc; current scripts/prepare_sector_network.py","REFERENCE_MAPPING_NOT_NUMERIC_ACCEPTANCE","tCO2/MWh_Link_input","false"
"Link:VN2 0 coal-2005","coal","Power","VN","0.3361","true","true","convert_conventional_generators_to_links explicit power plant role","/home/jin/research/SGP_ESE5004_Stage2/pypsa-asean/results/baseline-aims-3H-tutorial/prenetworks/elec_s_50_ec_lv2.0__3h_2030_0.071_pre_adjusted.nc; current scripts/prepare_sector_network.py","REFERENCE_MAPPING_NOT_NUMERIC_ACCEPTANCE","tCO2/MWh_Link_input","false"
"Link:VN2 0 coal-2015","coal","Power","VN","0.3361","true","true","convert_conventional_generators_to_links explicit power plant role","/home/jin/research/SGP_ESE5004_Stage2/pypsa-asean/results/baseline-aims-3H-tutorial/prenetworks/elec_s_50_ec_lv2.0__3h_2030_0.071_pre_adjusted.nc; current scripts/prepare_sector_network.py","REFERENCE_MAPPING_NOT_NUMERIC_ACCEPTANCE","tCO2/MWh_Link_input","false"
"Link:VN2 0 coal-2020","coal","Power","VN","0.3361","true","true","convert_conventional_generators_to_links explicit power plant role","/home/jin/research/SGP_ESE5004_Stage2/pypsa-asean/results/baseline-aims-3H-tutorial/prenetworks/elec_s_50_ec_lv2.0__3h_2030_0.071_pre_adjusted.nc; current scripts/prepare_sector_network.py","REFERENCE_MAPPING_NOT_NUMERIC_ACCEPTANCE","tCO2/MWh_Link_input","false"
"Link:VN2 0 coal-2025","coal","Power","VN","0.3361","true","true","convert_conventional_generators_to_links explicit power plant role","/home/jin/research/SGP_ESE5004_Stage2/pypsa-asean/results/baseline-aims-3H-tutorial/prenetworks/elec_s_50_ec_lv2.0__3h_2030_0.071_pre_adjusted.nc; current scripts/prepare_sector_network.py","REFERENCE_MAPPING_NOT_NUMERIC_ACCEPTANCE","tCO2/MWh_Link_input","false"
"Link:VN2 1 coal-1985","coal","Power","VN","0.3361","true","true","convert_conventional_generators_to_links explicit power plant role","/home/jin/research/SGP_ESE5004_Stage2/pypsa-asean/results/baseline-aims-3H-tutorial/prenetworks/elec_s_50_ec_lv2.0__3h_2030_0.071_pre_adjusted.nc; current scripts/prepare_sector_network.py","REFERENCE_MAPPING_NOT_NUMERIC_ACCEPTANCE","tCO2/MWh_Link_input","false"
"Link:VN2 1 coal-2010","coal","Power","VN","0.3361","true","true","convert_conventional_generators_to_links explicit power plant role","/home/jin/research/SGP_ESE5004_Stage2/pypsa-asean/results/baseline-aims-3H-tutorial/prenetworks/elec_s_50_ec_lv2.0__3h_2030_0.071_pre_adjusted.nc; current scripts/prepare_sector_network.py","REFERENCE_MAPPING_NOT_NUMERIC_ACCEPTANCE","tCO2/MWh_Link_input","false"
"Link:VN2 1 coal-2015","coal","Power","VN","0.3361","true","true","convert_conventional_generators_to_links explicit power plant role","/home/jin/research/SGP_ESE5004_Stage2/pypsa-asean/results/baseline-aims-3H-tutorial/prenetworks/elec_s_50_ec_lv2.0__3h_2030_0.071_pre_adjusted.nc; current scripts/prepare_sector_network.py","REFERENCE_MAPPING_NOT_NUMERIC_ACCEPTANCE","tCO2/MWh_Link_input","false"
"Link:VN2 1 coal-2020","coal","Power","VN","0.3361","true","true","convert_conventional_generators_to_links explicit power plant role","/home/jin/research/SGP_ESE5004_Stage2/pypsa-asean/results/baseline-aims-3H-tutorial/prenetworks/elec_s_50_ec_lv2.0__3h_2030_0.071_pre_adjusted.nc; current scripts/prepare_sector_network.py","REFERENCE_MAPPING_NOT_NUMERIC_ACCEPTANCE","tCO2/MWh_Link_input","false"
"Link:VN2 2 coal-2015","coal","Power","VN","0.3361","true","true","convert_conventional_generators_to_links explicit power plant role","/home/jin/research/SGP_ESE5004_Stage2/pypsa-asean/results/baseline-aims-3H-tutorial/prenetworks/elec_s_50_ec_lv2.0__3h_2030_0.071_pre_adjusted.nc; current scripts/prepare_sector_network.py","REFERENCE_MAPPING_NOT_NUMERIC_ACCEPTANCE","tCO2/MWh_Link_input","false"
"Link:VN2 2 coal-2025","coal","Power","VN","0.3361","true","true","convert_conventional_generators_to_links explicit power plant role","/home/jin/research/SGP_ESE5004_Stage2/pypsa-asean/results/baseline-aims-3H-tutorial/prenetworks/elec_s_50_ec_lv2.0__3h_2030_0.071_pre_adjusted.nc; current scripts/prepare_sector_network.py","REFERENCE_MAPPING_NOT_NUMERIC_ACCEPTANCE","tCO2/MWh_Link_input","false"
"Link:ID_Kalimantan4 4 lignite-2000","lignite","Power","ID","0.4069","true","true","convert_conventional_generators_to_links explicit power plant role","/home/jin/research/SGP_ESE5004_Stage2/pypsa-asean/results/baseline-aims-3H-tutorial/prenetworks/elec_s_50_ec_lv2.0__3h_2030_0.071_pre_adjusted.nc; current scripts/prepare_sector_network.py","REFERENCE_MAPPING_NOT_NUMERIC_ACCEPTANCE","tCO2/MWh_Link_input","false"
"Link:ID_Kalimantan4 4 lignite-2020","lignite","Power","ID","0.4069","true","true","convert_conventional_generators_to_links explicit power plant role","/home/jin/research/SGP_ESE5004_Stage2/pypsa-asean/results/baseline-aims-3H-tutorial/prenetworks/elec_s_50_ec_lv2.0__3h_2030_0.071_pre_adjusted.nc; current scripts/prepare_sector_network.py","REFERENCE_MAPPING_NOT_NUMERIC_ACCEPTANCE","tCO2/MWh_Link_input","false"
"Link:ID_Sumatra3 0 lignite-2010","lignite","Power","ID","0.4069","true","true","convert_conventional_generators_to_links explicit power plant role","/home/jin/research/SGP_ESE5004_Stage2/pypsa-asean/results/baseline-aims-3H-tutorial/prenetworks/elec_s_50_ec_lv2.0__3h_2030_0.071_pre_adjusted.nc; current scripts/prepare_sector_network.py","REFERENCE_MAPPING_NOT_NUMERIC_ACCEPTANCE","tCO2/MWh_Link_input","false"
"Link:ID_Sumatra3 1 lignite-2015","lignite","Power","ID","0.4069","true","true","convert_conventional_generators_to_links explicit power plant role","/home/jin/research/SGP_ESE5004_Stage2/pypsa-asean/results/baseline-aims-3H-tutorial/prenetworks/elec_s_50_ec_lv2.0__3h_2030_0.071_pre_adjusted.nc; current scripts/prepare_sector_network.py","REFERENCE_MAPPING_NOT_NUMERIC_ACCEPTANCE","tCO2/MWh_Link_input","false"
"Link:LA2 0 lignite-2015","lignite","Power","LA","0.4069","true","true","convert_conventional_generators_to_links explicit power plant role","/home/jin/research/SGP_ESE5004_Stage2/pypsa-asean/results/baseline-aims-3H-tutorial/prenetworks/elec_s_50_ec_lv2.0__3h_2030_0.071_pre_adjusted.nc; current scripts/prepare_sector_network.py","REFERENCE_MAPPING_NOT_NUMERIC_ACCEPTANCE","tCO2/MWh_Link_input","false"
"Link:MY_Sarawak4 0 lignite-2020","lignite","Power","MY","0.4069","true","true","convert_conventional_generators_to_links explicit power plant role","/home/jin/research/SGP_ESE5004_Stage2/pypsa-asean/results/baseline-aims-3H-tutorial/prenetworks/elec_s_50_ec_lv2.0__3h_2030_0.071_pre_adjusted.nc; current scripts/prepare_sector_network.py","REFERENCE_MAPPING_NOT_NUMERIC_ACCEPTANCE","tCO2/MWh_Link_input","false"
"Link:PH_Visayas7 0 lignite-1985","lignite","Power","PH","0.4069","true","true","convert_conventional_generators_to_links explicit power plant role","/home/jin/research/SGP_ESE5004_Stage2/pypsa-asean/results/baseline-aims-3H-tutorial/prenetworks/elec_s_50_ec_lv2.0__3h_2030_0.071_pre_adjusted.nc; current scripts/prepare_sector_network.py","REFERENCE_MAPPING_NOT_NUMERIC_ACCEPTANCE","tCO2/MWh_Link_input","false"
"Link:PH_Visayas7 0 lignite-2010","lignite","Power","PH","0.4069","true","true","convert_conventional_generators_to_links explicit power plant role","/home/jin/research/SGP_ESE5004_Stage2/pypsa-asean/results/baseline-aims-3H-tutorial/prenetworks/elec_s_50_ec_lv2.0__3h_2030_0.071_pre_adjusted.nc; current scripts/prepare_sector_network.py","REFERENCE_MAPPING_NOT_NUMERIC_ACCEPTANCE","tCO2/MWh_Link_input","false"
"Link:TH2 0 lignite-1985","lignite","Power","TH","0.4069","true","true","convert_conventional_generators_to_links explicit power plant role","/home/jin/research/SGP_ESE5004_Stage2/pypsa-asean/results/baseline-aims-3H-tutorial/prenetworks/elec_s_50_ec_lv2.0__3h_2030_0.071_pre_adjusted.nc; current scripts/prepare_sector_network.py","REFERENCE_MAPPING_NOT_NUMERIC_ACCEPTANCE","tCO2/MWh_Link_input","false"
"Link:VN2 1 lignite-2005","lignite","Power","VN","0.4069","true","true","convert_conventional_generators_to_links explicit power plant role","/home/jin/research/SGP_ESE5004_Stage2/pypsa-asean/results/baseline-aims-3H-tutorial/prenetworks/elec_s_50_ec_lv2.0__3h_2030_0.071_pre_adjusted.nc; current scripts/prepare_sector_network.py","REFERENCE_MAPPING_NOT_NUMERIC_ACCEPTANCE","tCO2/MWh_Link_input","false"
"Link:BN4 0 SMR","SMR","SHARED_USE_PENDING","BN","0.198","PENDING_SHARED_USE_ALLOCATION","true","Shared H2/CHP cannot be allocated by name or arbitrary ratio; original power scope requires accepted split","/home/jin/research/SGP_ESE5004_Stage2/pypsa-asean/results/baseline-aims-3H-tutorial/prenetworks/elec_s_50_ec_lv2.0__3h_2030_0.071_pre_adjusted.nc; current scripts/prepare_sector_network.py","REFERENCE_MAPPING_NOT_NUMERIC_ACCEPTANCE","tCO2/MWh_Link_input","false"
"Link:ID_Java-Bali1 0 SMR","SMR","SHARED_USE_PENDING","ID","0.198","PENDING_SHARED_USE_ALLOCATION","true","Shared H2/CHP cannot be allocated by name or arbitrary ratio; original power scope requires accepted split","/home/jin/research/SGP_ESE5004_Stage2/pypsa-asean/results/baseline-aims-3H-tutorial/prenetworks/elec_s_50_ec_lv2.0__3h_2030_0.071_pre_adjusted.nc; current scripts/prepare_sector_network.py","REFERENCE_MAPPING_NOT_NUMERIC_ACCEPTANCE","tCO2/MWh_Link_input","false"
"Link:ID_Kalimantan4 0 SMR","SMR","SHARED_USE_PENDING","ID","0.198","PENDING_SHARED_USE_ALLOCATION","true","Shared H2/CHP cannot be allocated by name or arbitrary ratio; original power scope requires accepted split","/home/jin/research/SGP_ESE5004_Stage2/pypsa-asean/results/baseline-aims-3H-tutorial/prenetworks/elec_s_50_ec_lv2.0__3h_2030_0.071_pre_adjusted.nc; current scripts/prepare_sector_network.py","REFERENCE_MAPPING_NOT_NUMERIC_ACCEPTANCE","tCO2/MWh_Link_input","false"
"Link:ID_Kalimantan4 1 SMR","SMR","SHARED_USE_PENDING","ID","0.198","PENDING_SHARED_USE_ALLOCATION","true","Shared H2/CHP cannot be allocated by name or arbitrary ratio; original power scope requires accepted split","/home/jin/research/SGP_ESE5004_Stage2/pypsa-asean/results/baseline-aims-3H-tutorial/prenetworks/elec_s_50_ec_lv2.0__3h_2030_0.071_pre_adjusted.nc; current scripts/prepare_sector_network.py","REFERENCE_MAPPING_NOT_NUMERIC_ACCEPTANCE","tCO2/MWh_Link_input","false"
"Link:ID_Kalimantan4 2 SMR","SMR","SHARED_USE_PENDING","ID","0.198","PENDING_SHARED_USE_ALLOCATION","true","Shared H2/CHP cannot be allocated by name or arbitrary ratio; original power scope requires accepted split","/home/jin/research/SGP_ESE5004_Stage2/pypsa-asean/results/baseline-aims-3H-tutorial/prenetworks/elec_s_50_ec_lv2.0__3h_2030_0.071_pre_adjusted.nc; current scripts/prepare_sector_network.py","REFERENCE_MAPPING_NOT_NUMERIC_ACCEPTANCE","tCO2/MWh_Link_input","false"
"Link:ID_Kalimantan4 3 SMR","SMR","SHARED_USE_PENDING","ID","0.198","PENDING_SHARED_USE_ALLOCATION","true","Shared H2/CHP cannot be allocated by name or arbitrary ratio; original power scope requires accepted split","/home/jin/research/SGP_ESE5004_Stage2/pypsa-asean/results/baseline-aims-3H-tutorial/prenetworks/elec_s_50_ec_lv2.0__3h_2030_0.071_pre_adjusted.nc; current scripts/prepare_sector_network.py","REFERENCE_MAPPING_NOT_NUMERIC_ACCEPTANCE","tCO2/MWh_Link_input","false"
"Link:ID_Kalimantan4 4 SMR","SMR","SHARED_USE_PENDING","ID","0.198","PENDING_SHARED_USE_ALLOCATION","true","Shared H2/CHP cannot be allocated by name or arbitrary ratio; original power scope requires accepted split","/home/jin/research/SGP_ESE5004_Stage2/pypsa-asean/results/baseline-aims-3H-tutorial/prenetworks/elec_s_50_ec_lv2.0__3h_2030_0.071_pre_adjusted.nc; current scripts/prepare_sector_network.py","REFERENCE_MAPPING_NOT_NUMERIC_ACCEPTANCE","tCO2/MWh_Link_input","false"
"Link:ID_Kalimantan4 5 SMR","SMR","SHARED_USE_PENDING","ID","0.198","PENDING_SHARED_USE_ALLOCATION","true","Shared H2/CHP cannot be allocated by name or arbitrary ratio; original power scope requires accepted split","/home/jin/research/SGP_ESE5004_Stage2/pypsa-asean/results/baseline-aims-3H-tutorial/prenetworks/elec_s_50_ec_lv2.0__3h_2030_0.071_pre_adjusted.nc; current scripts/prepare_sector_network.py","REFERENCE_MAPPING_NOT_NUMERIC_ACCEPTANCE","tCO2/MWh_Link_input","false"
"Link:ID_Maluku16 0 SMR","SMR","SHARED_USE_PENDING","ID","0.198","PENDING_SHARED_USE_ALLOCATION","true","Shared H2/CHP cannot be allocated by name or arbitrary ratio; original power scope requires accepted split","/home/jin/research/SGP_ESE5004_Stage2/pypsa-asean/results/baseline-aims-3H-tutorial/prenetworks/elec_s_50_ec_lv2.0__3h_2030_0.071_pre_adjusted.nc; current scripts/prepare_sector_network.py","REFERENCE_MAPPING_NOT_NUMERIC_ACCEPTANCE","tCO2/MWh_Link_input","false"
"Link:ID_Maluku17 0 SMR","SMR","SHARED_USE_PENDING","ID","0.198","PENDING_SHARED_USE_ALLOCATION","true","Shared H2/CHP cannot be allocated by name or arbitrary ratio; original power scope requires accepted split","/home/jin/research/SGP_ESE5004_Stage2/pypsa-asean/results/baseline-aims-3H-tutorial/prenetworks/elec_s_50_ec_lv2.0__3h_2030_0.071_pre_adjusted.nc; current scripts/prepare_sector_network.py","REFERENCE_MAPPING_NOT_NUMERIC_ACCEPTANCE","tCO2/MWh_Link_input","false"
"Link:ID_Maluku8 0 SMR","SMR","SHARED_USE_PENDING","ID","0.198","PENDING_SHARED_USE_ALLOCATION","true","Shared H2/CHP cannot be allocated by name or arbitrary ratio; original power scope requires accepted split","/home/jin/research/SGP_ESE5004_Stage2/pypsa-asean/results/baseline-aims-3H-tutorial/prenetworks/elec_s_50_ec_lv2.0__3h_2030_0.071_pre_adjusted.nc; current scripts/prepare_sector_network.py","REFERENCE_MAPPING_NOT_NUMERIC_ACCEPTANCE","tCO2/MWh_Link_input","false"
"Link:ID_Nusa-Tenggara12 0 SMR","SMR","SHARED_USE_PENDING","ID","0.198","PENDING_SHARED_USE_ALLOCATION","true","Shared H2/CHP cannot be allocated by name or arbitrary ratio; original power scope requires accepted split","/home/jin/research/SGP_ESE5004_Stage2/pypsa-asean/results/baseline-aims-3H-tutorial/prenetworks/elec_s_50_ec_lv2.0__3h_2030_0.071_pre_adjusted.nc; current scripts/prepare_sector_network.py","REFERENCE_MAPPING_NOT_NUMERIC_ACCEPTANCE","tCO2/MWh_Link_input","false"
"Link:ID_Nusa-Tenggara13 0 SMR","SMR","SHARED_USE_PENDING","ID","0.198","PENDING_SHARED_USE_ALLOCATION","true","Shared H2/CHP cannot be allocated by name or arbitrary ratio; original power scope requires accepted split","/home/jin/research/SGP_ESE5004_Stage2/pypsa-asean/results/baseline-aims-3H-tutorial/prenetworks/elec_s_50_ec_lv2.0__3h_2030_0.071_pre_adjusted.nc; current scripts/prepare_sector_network.py","REFERENCE_MAPPING_NOT_NUMERIC_ACCEPTANCE","tCO2/MWh_Link_input","false"
"Link:ID_Nusa-Tenggara14 0 SMR","SMR","SHARED_USE_PENDING","ID","0.198","PENDING_SHARED_USE_ALLOCATION","true","Shared H2/CHP cannot be allocated by name or arbitrary ratio; original power scope requires accepted split","/home/jin/research/SGP_ESE5004_Stage2/pypsa-asean/results/baseline-aims-3H-tutorial/prenetworks/elec_s_50_ec_lv2.0__3h_2030_0.071_pre_adjusted.nc; current scripts/prepare_sector_network.py","REFERENCE_MAPPING_NOT_NUMERIC_ACCEPTANCE","tCO2/MWh_Link_input","false"
"Link:ID_Nusa-Tenggara15 0 SMR","SMR","SHARED_USE_PENDING","ID","0.198","PENDING_SHARED_USE_ALLOCATION","true","Shared H2/CHP cannot be allocated by name or arbitrary ratio; original power scope requires accepted split","/home/jin/research/SGP_ESE5004_Stage2/pypsa-asean/results/baseline-aims-3H-tutorial/prenetworks/elec_s_50_ec_lv2.0__3h_2030_0.071_pre_adjusted.nc; current scripts/prepare_sector_network.py","REFERENCE_MAPPING_NOT_NUMERIC_ACCEPTANCE","tCO2/MWh_Link_input","false"
"Link:ID_Papua18 0 SMR","SMR","SHARED_USE_PENDING","ID","0.198","PENDING_SHARED_USE_ALLOCATION","true","Shared H2/CHP cannot be allocated by name or arbitrary ratio; original power scope requires accepted split","/home/jin/research/SGP_ESE5004_Stage2/pypsa-asean/results/baseline-aims-3H-tutorial/prenetworks/elec_s_50_ec_lv2.0__3h_2030_0.071_pre_adjusted.nc; current scripts/prepare_sector_network.py","REFERENCE_MAPPING_NOT_NUMERIC_ACCEPTANCE","tCO2/MWh_Link_input","false"
"Link:ID_Papua19 0 SMR","SMR","SHARED_USE_PENDING","ID","0.198","PENDING_SHARED_USE_ALLOCATION","true","Shared H2/CHP cannot be allocated by name or arbitrary ratio; original power scope requires accepted split","/home/jin/research/SGP_ESE5004_Stage2/pypsa-asean/results/baseline-aims-3H-tutorial/prenetworks/elec_s_50_ec_lv2.0__3h_2030_0.071_pre_adjusted.nc; current scripts/prepare_sector_network.py","REFERENCE_MAPPING_NOT_NUMERIC_ACCEPTANCE","tCO2/MWh_Link_input","false"
"Link:ID_Papua20 0 SMR","SMR","SHARED_USE_PENDING","ID","0.198","PENDING_SHARED_USE_ALLOCATION","true","Shared H2/CHP cannot be allocated by name or arbitrary ratio; original power scope requires accepted split","/home/jin/research/SGP_ESE5004_Stage2/pypsa-asean/results/baseline-aims-3H-tutorial/prenetworks/elec_s_50_ec_lv2.0__3h_2030_0.071_pre_adjusted.nc; current scripts/prepare_sector_network.py","REFERENCE_MAPPING_NOT_NUMERIC_ACCEPTANCE","tCO2/MWh_Link_input","false"
"Link:ID_Sulawesi0 0 SMR","SMR","SHARED_USE_PENDING","ID","0.198","PENDING_SHARED_USE_ALLOCATION","true","Shared H2/CHP cannot be allocated by name or arbitrary ratio; original power scope requires accepted split","/home/jin/research/SGP_ESE5004_Stage2/pypsa-asean/results/baseline-aims-3H-tutorial/prenetworks/elec_s_50_ec_lv2.0__3h_2030_0.071_pre_adjusted.nc; current scripts/prepare_sector_network.py","REFERENCE_MAPPING_NOT_NUMERIC_ACCEPTANCE","tCO2/MWh_Link_input","false"
"Link:ID_Sumatra2 0 SMR","SMR","SHARED_USE_PENDING","ID","0.198","PENDING_SHARED_USE_ALLOCATION","true","Shared H2/CHP cannot be allocated by name or arbitrary ratio; original power scope requires accepted split","/home/jin/research/SGP_ESE5004_Stage2/pypsa-asean/results/baseline-aims-3H-tutorial/prenetworks/elec_s_50_ec_lv2.0__3h_2030_0.071_pre_adjusted.nc; current scripts/prepare_sector_network.py","REFERENCE_MAPPING_NOT_NUMERIC_ACCEPTANCE","tCO2/MWh_Link_input","false"
"Link:ID_Sumatra3 0 SMR","SMR","SHARED_USE_PENDING","ID","0.198","PENDING_SHARED_USE_ALLOCATION","true","Shared H2/CHP cannot be allocated by name or arbitrary ratio; original power scope requires accepted split","/home/jin/research/SGP_ESE5004_Stage2/pypsa-asean/results/baseline-aims-3H-tutorial/prenetworks/elec_s_50_ec_lv2.0__3h_2030_0.071_pre_adjusted.nc; current scripts/prepare_sector_network.py","REFERENCE_MAPPING_NOT_NUMERIC_ACCEPTANCE","tCO2/MWh_Link_input","false"
"Link:ID_Sumatra3 1 SMR","SMR","SHARED_USE_PENDING","ID","0.198","PENDING_SHARED_USE_ALLOCATION","true","Shared H2/CHP cannot be allocated by name or arbitrary ratio; original power scope requires accepted split","/home/jin/research/SGP_ESE5004_Stage2/pypsa-asean/results/baseline-aims-3H-tutorial/prenetworks/elec_s_50_ec_lv2.0__3h_2030_0.071_pre_adjusted.nc; current scripts/prepare_sector_network.py","REFERENCE_MAPPING_NOT_NUMERIC_ACCEPTANCE","tCO2/MWh_Link_input","false"
"Link:KH2 0 SMR","SMR","SHARED_USE_PENDING","KH","0.198","PENDING_SHARED_USE_ALLOCATION","true","Shared H2/CHP cannot be allocated by name or arbitrary ratio; original power scope requires accepted split","/home/jin/research/SGP_ESE5004_Stage2/pypsa-asean/results/baseline-aims-3H-tutorial/prenetworks/elec_s_50_ec_lv2.0__3h_2030_0.071_pre_adjusted.nc; current scripts/prepare_sector_network.py","REFERENCE_MAPPING_NOT_NUMERIC_ACCEPTANCE","tCO2/MWh_Link_input","false"
"Link:LA2 0 SMR","SMR","SHARED_USE_PENDING","LA","0.198","PENDING_SHARED_USE_ALLOCATION","true","Shared H2/CHP cannot be allocated by name or arbitrary ratio; original power scope requires accepted split","/home/jin/research/SGP_ESE5004_Stage2/pypsa-asean/results/baseline-aims-3H-tutorial/prenetworks/elec_s_50_ec_lv2.0__3h_2030_0.071_pre_adjusted.nc; current scripts/prepare_sector_network.py","REFERENCE_MAPPING_NOT_NUMERIC_ACCEPTANCE","tCO2/MWh_Link_input","false"
"Link:LA2 1 SMR","SMR","SHARED_USE_PENDING","LA","0.198","PENDING_SHARED_USE_ALLOCATION","true","Shared H2/CHP cannot be allocated by name or arbitrary ratio; original power scope requires accepted split","/home/jin/research/SGP_ESE5004_Stage2/pypsa-asean/results/baseline-aims-3H-tutorial/prenetworks/elec_s_50_ec_lv2.0__3h_2030_0.071_pre_adjusted.nc; current scripts/prepare_sector_network.py","REFERENCE_MAPPING_NOT_NUMERIC_ACCEPTANCE","tCO2/MWh_Link_input","false"
"Link:MM2 0 SMR","SMR","SHARED_USE_PENDING","MM","0.198","PENDING_SHARED_USE_ALLOCATION","true","Shared H2/CHP cannot be allocated by name or arbitrary ratio; original power scope requires accepted split","/home/jin/research/SGP_ESE5004_Stage2/pypsa-asean/results/baseline-aims-3H-tutorial/prenetworks/elec_s_50_ec_lv2.0__3h_2030_0.071_pre_adjusted.nc; current scripts/prepare_sector_network.py","REFERENCE_MAPPING_NOT_NUMERIC_ACCEPTANCE","tCO2/MWh_Link_input","false"
"Link:MM2 1 SMR","SMR","SHARED_USE_PENDING","MM","0.198","PENDING_SHARED_USE_ALLOCATION","true","Shared H2/CHP cannot be allocated by name or arbitrary ratio; original power scope requires accepted split","/home/jin/research/SGP_ESE5004_Stage2/pypsa-asean/results/baseline-aims-3H-tutorial/prenetworks/elec_s_50_ec_lv2.0__3h_2030_0.071_pre_adjusted.nc; current scripts/prepare_sector_network.py","REFERENCE_MAPPING_NOT_NUMERIC_ACCEPTANCE","tCO2/MWh_Link_input","false"
"Link:MM2 2 SMR","SMR","SHARED_USE_PENDING","MM","0.198","PENDING_SHARED_USE_ALLOCATION","true","Shared H2/CHP cannot be allocated by name or arbitrary ratio; original power scope requires accepted split","/home/jin/research/SGP_ESE5004_Stage2/pypsa-asean/results/baseline-aims-3H-tutorial/prenetworks/elec_s_50_ec_lv2.0__3h_2030_0.071_pre_adjusted.nc; current scripts/prepare_sector_network.py","REFERENCE_MAPPING_NOT_NUMERIC_ACCEPTANCE","tCO2/MWh_Link_input","false"
"Link:MM2 3 SMR","SMR","SHARED_USE_PENDING","MM","0.198","PENDING_SHARED_USE_ALLOCATION","true","Shared H2/CHP cannot be allocated by name or arbitrary ratio; original power scope requires accepted split","/home/jin/research/SGP_ESE5004_Stage2/pypsa-asean/results/baseline-aims-3H-tutorial/prenetworks/elec_s_50_ec_lv2.0__3h_2030_0.071_pre_adjusted.nc; current scripts/prepare_sector_network.py","REFERENCE_MAPPING_NOT_NUMERIC_ACCEPTANCE","tCO2/MWh_Link_input","false"
"Link:MM2 4 SMR","SMR","SHARED_USE_PENDING","MM","0.198","PENDING_SHARED_USE_ALLOCATION","true","Shared H2/CHP cannot be allocated by name or arbitrary ratio; original power scope requires accepted split","/home/jin/research/SGP_ESE5004_Stage2/pypsa-asean/results/baseline-aims-3H-tutorial/prenetworks/elec_s_50_ec_lv2.0__3h_2030_0.071_pre_adjusted.nc; current scripts/prepare_sector_network.py","REFERENCE_MAPPING_NOT_NUMERIC_ACCEPTANCE","tCO2/MWh_Link_input","false"
"Link:MM2 5 SMR","SMR","SHARED_USE_PENDING","MM","0.198","PENDING_SHARED_USE_ALLOCATION","true","Shared H2/CHP cannot be allocated by name or arbitrary ratio; original power scope requires accepted split","/home/jin/research/SGP_ESE5004_Stage2/pypsa-asean/results/baseline-aims-3H-tutorial/prenetworks/elec_s_50_ec_lv2.0__3h_2030_0.071_pre_adjusted.nc; current scripts/prepare_sector_network.py","REFERENCE_MAPPING_NOT_NUMERIC_ACCEPTANCE","tCO2/MWh_Link_input","false"
"Link:MM2 6 SMR","SMR","SHARED_USE_PENDING","MM","0.198","PENDING_SHARED_USE_ALLOCATION","true","Shared H2/CHP cannot be allocated by name or arbitrary ratio; original power scope requires accepted split","/home/jin/research/SGP_ESE5004_Stage2/pypsa-asean/results/baseline-aims-3H-tutorial/prenetworks/elec_s_50_ec_lv2.0__3h_2030_0.071_pre_adjusted.nc; current scripts/prepare_sector_network.py","REFERENCE_MAPPING_NOT_NUMERIC_ACCEPTANCE","tCO2/MWh_Link_input","false"
"Link:MY_Peninsular2 0 SMR","SMR","SHARED_USE_PENDING","MY","0.198","PENDING_SHARED_USE_ALLOCATION","true","Shared H2/CHP cannot be allocated by name or arbitrary ratio; original power scope requires accepted split","/home/jin/research/SGP_ESE5004_Stage2/pypsa-asean/results/baseline-aims-3H-tutorial/prenetworks/elec_s_50_ec_lv2.0__3h_2030_0.071_pre_adjusted.nc; current scripts/prepare_sector_network.py","REFERENCE_MAPPING_NOT_NUMERIC_ACCEPTANCE","tCO2/MWh_Link_input","false"
"Link:MY_Sabah4 0 SMR","SMR","SHARED_USE_PENDING","MY","0.198","PENDING_SHARED_USE_ALLOCATION","true","Shared H2/CHP cannot be allocated by name or arbitrary ratio; original power scope requires accepted split","/home/jin/research/SGP_ESE5004_Stage2/pypsa-asean/results/baseline-aims-3H-tutorial/prenetworks/elec_s_50_ec_lv2.0__3h_2030_0.071_pre_adjusted.nc; current scripts/prepare_sector_network.py","REFERENCE_MAPPING_NOT_NUMERIC_ACCEPTANCE","tCO2/MWh_Link_input","false"
"Link:MY_Sarawak4 0 SMR","SMR","SHARED_USE_PENDING","MY","0.198","PENDING_SHARED_USE_ALLOCATION","true","Shared H2/CHP cannot be allocated by name or arbitrary ratio; original power scope requires accepted split","/home/jin/research/SGP_ESE5004_Stage2/pypsa-asean/results/baseline-aims-3H-tutorial/prenetworks/elec_s_50_ec_lv2.0__3h_2030_0.071_pre_adjusted.nc; current scripts/prepare_sector_network.py","REFERENCE_MAPPING_NOT_NUMERIC_ACCEPTANCE","tCO2/MWh_Link_input","false"
"Link:PH5 0 SMR","SMR","SHARED_USE_PENDING","PH","0.198","PENDING_SHARED_USE_ALLOCATION","true","Shared H2/CHP cannot be allocated by name or arbitrary ratio; original power scope requires accepted split","/home/jin/research/SGP_ESE5004_Stage2/pypsa-asean/results/baseline-aims-3H-tutorial/prenetworks/elec_s_50_ec_lv2.0__3h_2030_0.071_pre_adjusted.nc; current scripts/prepare_sector_network.py","REFERENCE_MAPPING_NOT_NUMERIC_ACCEPTANCE","tCO2/MWh_Link_input","false"
"Link:PH_Luzon5 0 SMR","SMR","SHARED_USE_PENDING","PH","0.198","PENDING_SHARED_USE_ALLOCATION","true","Shared H2/CHP cannot be allocated by name or arbitrary ratio; original power scope requires accepted split","/home/jin/research/SGP_ESE5004_Stage2/pypsa-asean/results/baseline-aims-3H-tutorial/prenetworks/elec_s_50_ec_lv2.0__3h_2030_0.071_pre_adjusted.nc; current scripts/prepare_sector_network.py","REFERENCE_MAPPING_NOT_NUMERIC_ACCEPTANCE","tCO2/MWh_Link_input","false"
"Link:PH_Luzon9 0 SMR","SMR","SHARED_USE_PENDING","PH","0.198","PENDING_SHARED_USE_ALLOCATION","true","Shared H2/CHP cannot be allocated by name or arbitrary ratio; original power scope requires accepted split","/home/jin/research/SGP_ESE5004_Stage2/pypsa-asean/results/baseline-aims-3H-tutorial/prenetworks/elec_s_50_ec_lv2.0__3h_2030_0.071_pre_adjusted.nc; current scripts/prepare_sector_network.py","REFERENCE_MAPPING_NOT_NUMERIC_ACCEPTANCE","tCO2/MWh_Link_input","false"
"Link:PH_Mindanao6 0 SMR","SMR","SHARED_USE_PENDING","PH","0.198","PENDING_SHARED_USE_ALLOCATION","true","Shared H2/CHP cannot be allocated by name or arbitrary ratio; original power scope requires accepted split","/home/jin/research/SGP_ESE5004_Stage2/pypsa-asean/results/baseline-aims-3H-tutorial/prenetworks/elec_s_50_ec_lv2.0__3h_2030_0.071_pre_adjusted.nc; current scripts/prepare_sector_network.py","REFERENCE_MAPPING_NOT_NUMERIC_ACCEPTANCE","tCO2/MWh_Link_input","false"
"Link:PH_Visayas10 0 SMR","SMR","SHARED_USE_PENDING","PH","0.198","PENDING_SHARED_USE_ALLOCATION","true","Shared H2/CHP cannot be allocated by name or arbitrary ratio; original power scope requires accepted split","/home/jin/research/SGP_ESE5004_Stage2/pypsa-asean/results/baseline-aims-3H-tutorial/prenetworks/elec_s_50_ec_lv2.0__3h_2030_0.071_pre_adjusted.nc; current scripts/prepare_sector_network.py","REFERENCE_MAPPING_NOT_NUMERIC_ACCEPTANCE","tCO2/MWh_Link_input","false"
"Link:PH_Visayas7 0 SMR","SMR","SHARED_USE_PENDING","PH","0.198","PENDING_SHARED_USE_ALLOCATION","true","Shared H2/CHP cannot be allocated by name or arbitrary ratio; original power scope requires accepted split","/home/jin/research/SGP_ESE5004_Stage2/pypsa-asean/results/baseline-aims-3H-tutorial/prenetworks/elec_s_50_ec_lv2.0__3h_2030_0.071_pre_adjusted.nc; current scripts/prepare_sector_network.py","REFERENCE_MAPPING_NOT_NUMERIC_ACCEPTANCE","tCO2/MWh_Link_input","false"
"Link:SG2 0 SMR","SMR","SHARED_USE_PENDING","SG","0.198","PENDING_SHARED_USE_ALLOCATION","true","Shared H2/CHP cannot be allocated by name or arbitrary ratio; original power scope requires accepted split","/home/jin/research/SGP_ESE5004_Stage2/pypsa-asean/results/baseline-aims-3H-tutorial/prenetworks/elec_s_50_ec_lv2.0__3h_2030_0.071_pre_adjusted.nc; current scripts/prepare_sector_network.py","REFERENCE_MAPPING_NOT_NUMERIC_ACCEPTANCE","tCO2/MWh_Link_input","false"
"Link:TH2 0 SMR","SMR","SHARED_USE_PENDING","TH","0.198","PENDING_SHARED_USE_ALLOCATION","true","Shared H2/CHP cannot be allocated by name or arbitrary ratio; original power scope requires accepted split","/home/jin/research/SGP_ESE5004_Stage2/pypsa-asean/results/baseline-aims-3H-tutorial/prenetworks/elec_s_50_ec_lv2.0__3h_2030_0.071_pre_adjusted.nc; current scripts/prepare_sector_network.py","REFERENCE_MAPPING_NOT_NUMERIC_ACCEPTANCE","tCO2/MWh_Link_input","false"
"Link:TH2 1 SMR","SMR","SHARED_USE_PENDING","TH","0.198","PENDING_SHARED_USE_ALLOCATION","true","Shared H2/CHP cannot be allocated by name or arbitrary ratio; original power scope requires accepted split","/home/jin/research/SGP_ESE5004_Stage2/pypsa-asean/results/baseline-aims-3H-tutorial/prenetworks/elec_s_50_ec_lv2.0__3h_2030_0.071_pre_adjusted.nc; current scripts/prepare_sector_network.py","REFERENCE_MAPPING_NOT_NUMERIC_ACCEPTANCE","tCO2/MWh_Link_input","false"
"Link:TL11 0 SMR","SMR","SHARED_USE_PENDING","TL","0.198","PENDING_SHARED_USE_ALLOCATION","true","Shared H2/CHP cannot be allocated by name or arbitrary ratio; original power scope requires accepted split","/home/jin/research/SGP_ESE5004_Stage2/pypsa-asean/results/baseline-aims-3H-tutorial/prenetworks/elec_s_50_ec_lv2.0__3h_2030_0.071_pre_adjusted.nc; current scripts/prepare_sector_network.py","REFERENCE_MAPPING_NOT_NUMERIC_ACCEPTANCE","tCO2/MWh_Link_input","false"
"Link:VN2 0 SMR","SMR","SHARED_USE_PENDING","VN","0.198","PENDING_SHARED_USE_ALLOCATION","true","Shared H2/CHP cannot be allocated by name or arbitrary ratio; original power scope requires accepted split","/home/jin/research/SGP_ESE5004_Stage2/pypsa-asean/results/baseline-aims-3H-tutorial/prenetworks/elec_s_50_ec_lv2.0__3h_2030_0.071_pre_adjusted.nc; current scripts/prepare_sector_network.py","REFERENCE_MAPPING_NOT_NUMERIC_ACCEPTANCE","tCO2/MWh_Link_input","false"
"Link:VN2 1 SMR","SMR","SHARED_USE_PENDING","VN","0.198","PENDING_SHARED_USE_ALLOCATION","true","Shared H2/CHP cannot be allocated by name or arbitrary ratio; original power scope requires accepted split","/home/jin/research/SGP_ESE5004_Stage2/pypsa-asean/results/baseline-aims-3H-tutorial/prenetworks/elec_s_50_ec_lv2.0__3h_2030_0.071_pre_adjusted.nc; current scripts/prepare_sector_network.py","REFERENCE_MAPPING_NOT_NUMERIC_ACCEPTANCE","tCO2/MWh_Link_input","false"
"Link:VN2 2 SMR","SMR","SHARED_USE_PENDING","VN","0.198","PENDING_SHARED_USE_ALLOCATION","true","Shared H2/CHP cannot be allocated by name or arbitrary ratio; original power scope requires accepted split","/home/jin/research/SGP_ESE5004_Stage2/pypsa-asean/results/baseline-aims-3H-tutorial/prenetworks/elec_s_50_ec_lv2.0__3h_2030_0.071_pre_adjusted.nc; current scripts/prepare_sector_network.py","REFERENCE_MAPPING_NOT_NUMERIC_ACCEPTANCE","tCO2/MWh_Link_input","false"
"Link:BN4 0 SMR CC","SMR CC","SHARED_USE_PENDING","BN","0.019799999999999998","PENDING_SHARED_USE_ALLOCATION","true","Shared H2/CHP cannot be allocated by name or arbitrary ratio; original power scope requires accepted split","/home/jin/research/SGP_ESE5004_Stage2/pypsa-asean/results/baseline-aims-3H-tutorial/prenetworks/elec_s_50_ec_lv2.0__3h_2030_0.071_pre_adjusted.nc; current scripts/prepare_sector_network.py","REFERENCE_MAPPING_NOT_NUMERIC_ACCEPTANCE","tCO2/MWh_Link_input","false"
"Link:ID_Java-Bali1 0 SMR CC","SMR CC","SHARED_USE_PENDING","ID","0.019799999999999998","PENDING_SHARED_USE_ALLOCATION","true","Shared H2/CHP cannot be allocated by name or arbitrary ratio; original power scope requires accepted split","/home/jin/research/SGP_ESE5004_Stage2/pypsa-asean/results/baseline-aims-3H-tutorial/prenetworks/elec_s_50_ec_lv2.0__3h_2030_0.071_pre_adjusted.nc; current scripts/prepare_sector_network.py","REFERENCE_MAPPING_NOT_NUMERIC_ACCEPTANCE","tCO2/MWh_Link_input","false"
"Link:ID_Kalimantan4 0 SMR CC","SMR CC","SHARED_USE_PENDING","ID","0.019799999999999998","PENDING_SHARED_USE_ALLOCATION","true","Shared H2/CHP cannot be allocated by name or arbitrary ratio; original power scope requires accepted split","/home/jin/research/SGP_ESE5004_Stage2/pypsa-asean/results/baseline-aims-3H-tutorial/prenetworks/elec_s_50_ec_lv2.0__3h_2030_0.071_pre_adjusted.nc; current scripts/prepare_sector_network.py","REFERENCE_MAPPING_NOT_NUMERIC_ACCEPTANCE","tCO2/MWh_Link_input","false"
"Link:ID_Kalimantan4 1 SMR CC","SMR CC","SHARED_USE_PENDING","ID","0.019799999999999998","PENDING_SHARED_USE_ALLOCATION","true","Shared H2/CHP cannot be allocated by name or arbitrary ratio; original power scope requires accepted split","/home/jin/research/SGP_ESE5004_Stage2/pypsa-asean/results/baseline-aims-3H-tutorial/prenetworks/elec_s_50_ec_lv2.0__3h_2030_0.071_pre_adjusted.nc; current scripts/prepare_sector_network.py","REFERENCE_MAPPING_NOT_NUMERIC_ACCEPTANCE","tCO2/MWh_Link_input","false"
"Link:ID_Kalimantan4 2 SMR CC","SMR CC","SHARED_USE_PENDING","ID","0.019799999999999998","PENDING_SHARED_USE_ALLOCATION","true","Shared H2/CHP cannot be allocated by name or arbitrary ratio; original power scope requires accepted split","/home/jin/research/SGP_ESE5004_Stage2/pypsa-asean/results/baseline-aims-3H-tutorial/prenetworks/elec_s_50_ec_lv2.0__3h_2030_0.071_pre_adjusted.nc; current scripts/prepare_sector_network.py","REFERENCE_MAPPING_NOT_NUMERIC_ACCEPTANCE","tCO2/MWh_Link_input","false"
"Link:ID_Kalimantan4 3 SMR CC","SMR CC","SHARED_USE_PENDING","ID","0.019799999999999998","PENDING_SHARED_USE_ALLOCATION","true","Shared H2/CHP cannot be allocated by name or arbitrary ratio; original power scope requires accepted split","/home/jin/research/SGP_ESE5004_Stage2/pypsa-asean/results/baseline-aims-3H-tutorial/prenetworks/elec_s_50_ec_lv2.0__3h_2030_0.071_pre_adjusted.nc; current scripts/prepare_sector_network.py","REFERENCE_MAPPING_NOT_NUMERIC_ACCEPTANCE","tCO2/MWh_Link_input","false"
"Link:ID_Kalimantan4 4 SMR CC","SMR CC","SHARED_USE_PENDING","ID","0.019799999999999998","PENDING_SHARED_USE_ALLOCATION","true","Shared H2/CHP cannot be allocated by name or arbitrary ratio; original power scope requires accepted split","/home/jin/research/SGP_ESE5004_Stage2/pypsa-asean/results/baseline-aims-3H-tutorial/prenetworks/elec_s_50_ec_lv2.0__3h_2030_0.071_pre_adjusted.nc; current scripts/prepare_sector_network.py","REFERENCE_MAPPING_NOT_NUMERIC_ACCEPTANCE","tCO2/MWh_Link_input","false"
"Link:ID_Kalimantan4 5 SMR CC","SMR CC","SHARED_USE_PENDING","ID","0.019799999999999998","PENDING_SHARED_USE_ALLOCATION","true","Shared H2/CHP cannot be allocated by name or arbitrary ratio; original power scope requires accepted split","/home/jin/research/SGP_ESE5004_Stage2/pypsa-asean/results/baseline-aims-3H-tutorial/prenetworks/elec_s_50_ec_lv2.0__3h_2030_0.071_pre_adjusted.nc; current scripts/prepare_sector_network.py","REFERENCE_MAPPING_NOT_NUMERIC_ACCEPTANCE","tCO2/MWh_Link_input","false"
"Link:ID_Maluku16 0 SMR CC","SMR CC","SHARED_USE_PENDING","ID","0.019799999999999998","PENDING_SHARED_USE_ALLOCATION","true","Shared H2/CHP cannot be allocated by name or arbitrary ratio; original power scope requires accepted split","/home/jin/research/SGP_ESE5004_Stage2/pypsa-asean/results/baseline-aims-3H-tutorial/prenetworks/elec_s_50_ec_lv2.0__3h_2030_0.071_pre_adjusted.nc; current scripts/prepare_sector_network.py","REFERENCE_MAPPING_NOT_NUMERIC_ACCEPTANCE","tCO2/MWh_Link_input","false"
"Link:ID_Maluku17 0 SMR CC","SMR CC","SHARED_USE_PENDING","ID","0.019799999999999998","PENDING_SHARED_USE_ALLOCATION","true","Shared H2/CHP cannot be allocated by name or arbitrary ratio; original power scope requires accepted split","/home/jin/research/SGP_ESE5004_Stage2/pypsa-asean/results/baseline-aims-3H-tutorial/prenetworks/elec_s_50_ec_lv2.0__3h_2030_0.071_pre_adjusted.nc; current scripts/prepare_sector_network.py","REFERENCE_MAPPING_NOT_NUMERIC_ACCEPTANCE","tCO2/MWh_Link_input","false"
"Link:ID_Maluku8 0 SMR CC","SMR CC","SHARED_USE_PENDING","ID","0.019799999999999998","PENDING_SHARED_USE_ALLOCATION","true","Shared H2/CHP cannot be allocated by name or arbitrary ratio; original power scope requires accepted split","/home/jin/research/SGP_ESE5004_Stage2/pypsa-asean/results/baseline-aims-3H-tutorial/prenetworks/elec_s_50_ec_lv2.0__3h_2030_0.071_pre_adjusted.nc; current scripts/prepare_sector_network.py","REFERENCE_MAPPING_NOT_NUMERIC_ACCEPTANCE","tCO2/MWh_Link_input","false"
"Link:ID_Nusa-Tenggara12 0 SMR CC","SMR CC","SHARED_USE_PENDING","ID","0.019799999999999998","PENDING_SHARED_USE_ALLOCATION","true","Shared H2/CHP cannot be allocated by name or arbitrary ratio; original power scope requires accepted split","/home/jin/research/SGP_ESE5004_Stage2/pypsa-asean/results/baseline-aims-3H-tutorial/prenetworks/elec_s_50_ec_lv2.0__3h_2030_0.071_pre_adjusted.nc; current scripts/prepare_sector_network.py","REFERENCE_MAPPING_NOT_NUMERIC_ACCEPTANCE","tCO2/MWh_Link_input","false"
"Link:ID_Nusa-Tenggara13 0 SMR CC","SMR CC","SHARED_USE_PENDING","ID","0.019799999999999998","PENDING_SHARED_USE_ALLOCATION","true","Shared H2/CHP cannot be allocated by name or arbitrary ratio; original power scope requires accepted split","/home/jin/research/SGP_ESE5004_Stage2/pypsa-asean/results/baseline-aims-3H-tutorial/prenetworks/elec_s_50_ec_lv2.0__3h_2030_0.071_pre_adjusted.nc; current scripts/prepare_sector_network.py","REFERENCE_MAPPING_NOT_NUMERIC_ACCEPTANCE","tCO2/MWh_Link_input","false"
"Link:ID_Nusa-Tenggara14 0 SMR CC","SMR CC","SHARED_USE_PENDING","ID","0.019799999999999998","PENDING_SHARED_USE_ALLOCATION","true","Shared H2/CHP cannot be allocated by name or arbitrary ratio; original power scope requires accepted split","/home/jin/research/SGP_ESE5004_Stage2/pypsa-asean/results/baseline-aims-3H-tutorial/prenetworks/elec_s_50_ec_lv2.0__3h_2030_0.071_pre_adjusted.nc; current scripts/prepare_sector_network.py","REFERENCE_MAPPING_NOT_NUMERIC_ACCEPTANCE","tCO2/MWh_Link_input","false"
"Link:ID_Nusa-Tenggara15 0 SMR CC","SMR CC","SHARED_USE_PENDING","ID","0.019799999999999998","PENDING_SHARED_USE_ALLOCATION","true","Shared H2/CHP cannot be allocated by name or arbitrary ratio; original power scope requires accepted split","/home/jin/research/SGP_ESE5004_Stage2/pypsa-asean/results/baseline-aims-3H-tutorial/prenetworks/elec_s_50_ec_lv2.0__3h_2030_0.071_pre_adjusted.nc; current scripts/prepare_sector_network.py","REFERENCE_MAPPING_NOT_NUMERIC_ACCEPTANCE","tCO2/MWh_Link_input","false"
"Link:ID_Papua18 0 SMR CC","SMR CC","SHARED_USE_PENDING","ID","0.019799999999999998","PENDING_SHARED_USE_ALLOCATION","true","Shared H2/CHP cannot be allocated by name or arbitrary ratio; original power scope requires accepted split","/home/jin/research/SGP_ESE5004_Stage2/pypsa-asean/results/baseline-aims-3H-tutorial/prenetworks/elec_s_50_ec_lv2.0__3h_2030_0.071_pre_adjusted.nc; current scripts/prepare_sector_network.py","REFERENCE_MAPPING_NOT_NUMERIC_ACCEPTANCE","tCO2/MWh_Link_input","false"
"Link:ID_Papua19 0 SMR CC","SMR CC","SHARED_USE_PENDING","ID","0.019799999999999998","PENDING_SHARED_USE_ALLOCATION","true","Shared H2/CHP cannot be allocated by name or arbitrary ratio; original power scope requires accepted split","/home/jin/research/SGP_ESE5004_Stage2/pypsa-asean/results/baseline-aims-3H-tutorial/prenetworks/elec_s_50_ec_lv2.0__3h_2030_0.071_pre_adjusted.nc; current scripts/prepare_sector_network.py","REFERENCE_MAPPING_NOT_NUMERIC_ACCEPTANCE","tCO2/MWh_Link_input","false"
"Link:ID_Papua20 0 SMR CC","SMR CC","SHARED_USE_PENDING","ID","0.019799999999999998","PENDING_SHARED_USE_ALLOCATION","true","Shared H2/CHP cannot be allocated by name or arbitrary ratio; original power scope requires accepted split","/home/jin/research/SGP_ESE5004_Stage2/pypsa-asean/results/baseline-aims-3H-tutorial/prenetworks/elec_s_50_ec_lv2.0__3h_2030_0.071_pre_adjusted.nc; current scripts/prepare_sector_network.py","REFERENCE_MAPPING_NOT_NUMERIC_ACCEPTANCE","tCO2/MWh_Link_input","false"
"Link:ID_Sulawesi0 0 SMR CC","SMR CC","SHARED_USE_PENDING","ID","0.019799999999999998","PENDING_SHARED_USE_ALLOCATION","true","Shared H2/CHP cannot be allocated by name or arbitrary ratio; original power scope requires accepted split","/home/jin/research/SGP_ESE5004_Stage2/pypsa-asean/results/baseline-aims-3H-tutorial/prenetworks/elec_s_50_ec_lv2.0__3h_2030_0.071_pre_adjusted.nc; current scripts/prepare_sector_network.py","REFERENCE_MAPPING_NOT_NUMERIC_ACCEPTANCE","tCO2/MWh_Link_input","false"
"Link:ID_Sumatra2 0 SMR CC","SMR CC","SHARED_USE_PENDING","ID","0.019799999999999998","PENDING_SHARED_USE_ALLOCATION","true","Shared H2/CHP cannot be allocated by name or arbitrary ratio; original power scope requires accepted split","/home/jin/research/SGP_ESE5004_Stage2/pypsa-asean/results/baseline-aims-3H-tutorial/prenetworks/elec_s_50_ec_lv2.0__3h_2030_0.071_pre_adjusted.nc; current scripts/prepare_sector_network.py","REFERENCE_MAPPING_NOT_NUMERIC_ACCEPTANCE","tCO2/MWh_Link_input","false"
"Link:ID_Sumatra3 0 SMR CC","SMR CC","SHARED_USE_PENDING","ID","0.019799999999999998","PENDING_SHARED_USE_ALLOCATION","true","Shared H2/CHP cannot be allocated by name or arbitrary ratio; original power scope requires accepted split","/home/jin/research/SGP_ESE5004_Stage2/pypsa-asean/results/baseline-aims-3H-tutorial/prenetworks/elec_s_50_ec_lv2.0__3h_2030_0.071_pre_adjusted.nc; current scripts/prepare_sector_network.py","REFERENCE_MAPPING_NOT_NUMERIC_ACCEPTANCE","tCO2/MWh_Link_input","false"
"Link:ID_Sumatra3 1 SMR CC","SMR CC","SHARED_USE_PENDING","ID","0.019799999999999998","PENDING_SHARED_USE_ALLOCATION","true","Shared H2/CHP cannot be allocated by name or arbitrary ratio; original power scope requires accepted split","/home/jin/research/SGP_ESE5004_Stage2/pypsa-asean/results/baseline-aims-3H-tutorial/prenetworks/elec_s_50_ec_lv2.0__3h_2030_0.071_pre_adjusted.nc; current scripts/prepare_sector_network.py","REFERENCE_MAPPING_NOT_NUMERIC_ACCEPTANCE","tCO2/MWh_Link_input","false"
"Link:KH2 0 SMR CC","SMR CC","SHARED_USE_PENDING","KH","0.019799999999999998","PENDING_SHARED_USE_ALLOCATION","true","Shared H2/CHP cannot be allocated by name or arbitrary ratio; original power scope requires accepted split","/home/jin/research/SGP_ESE5004_Stage2/pypsa-asean/results/baseline-aims-3H-tutorial/prenetworks/elec_s_50_ec_lv2.0__3h_2030_0.071_pre_adjusted.nc; current scripts/prepare_sector_network.py","REFERENCE_MAPPING_NOT_NUMERIC_ACCEPTANCE","tCO2/MWh_Link_input","false"
"Link:LA2 0 SMR CC","SMR CC","SHARED_USE_PENDING","LA","0.019799999999999998","PENDING_SHARED_USE_ALLOCATION","true","Shared H2/CHP cannot be allocated by name or arbitrary ratio; original power scope requires accepted split","/home/jin/research/SGP_ESE5004_Stage2/pypsa-asean/results/baseline-aims-3H-tutorial/prenetworks/elec_s_50_ec_lv2.0__3h_2030_0.071_pre_adjusted.nc; current scripts/prepare_sector_network.py","REFERENCE_MAPPING_NOT_NUMERIC_ACCEPTANCE","tCO2/MWh_Link_input","false"
"Link:LA2 1 SMR CC","SMR CC","SHARED_USE_PENDING","LA","0.019799999999999998","PENDING_SHARED_USE_ALLOCATION","true","Shared H2/CHP cannot be allocated by name or arbitrary ratio; original power scope requires accepted split","/home/jin/research/SGP_ESE5004_Stage2/pypsa-asean/results/baseline-aims-3H-tutorial/prenetworks/elec_s_50_ec_lv2.0__3h_2030_0.071_pre_adjusted.nc; current scripts/prepare_sector_network.py","REFERENCE_MAPPING_NOT_NUMERIC_ACCEPTANCE","tCO2/MWh_Link_input","false"
"Link:MM2 0 SMR CC","SMR CC","SHARED_USE_PENDING","MM","0.019799999999999998","PENDING_SHARED_USE_ALLOCATION","true","Shared H2/CHP cannot be allocated by name or arbitrary ratio; original power scope requires accepted split","/home/jin/research/SGP_ESE5004_Stage2/pypsa-asean/results/baseline-aims-3H-tutorial/prenetworks/elec_s_50_ec_lv2.0__3h_2030_0.071_pre_adjusted.nc; current scripts/prepare_sector_network.py","REFERENCE_MAPPING_NOT_NUMERIC_ACCEPTANCE","tCO2/MWh_Link_input","false"
"Link:MM2 1 SMR CC","SMR CC","SHARED_USE_PENDING","MM","0.019799999999999998","PENDING_SHARED_USE_ALLOCATION","true","Shared H2/CHP cannot be allocated by name or arbitrary ratio; original power scope requires accepted split","/home/jin/research/SGP_ESE5004_Stage2/pypsa-asean/results/baseline-aims-3H-tutorial/prenetworks/elec_s_50_ec_lv2.0__3h_2030_0.071_pre_adjusted.nc; current scripts/prepare_sector_network.py","REFERENCE_MAPPING_NOT_NUMERIC_ACCEPTANCE","tCO2/MWh_Link_input","false"
"Link:MM2 2 SMR CC","SMR CC","SHARED_USE_PENDING","MM","0.019799999999999998","PENDING_SHARED_USE_ALLOCATION","true","Shared H2/CHP cannot be allocated by name or arbitrary ratio; original power scope requires accepted split","/home/jin/research/SGP_ESE5004_Stage2/pypsa-asean/results/baseline-aims-3H-tutorial/prenetworks/elec_s_50_ec_lv2.0__3h_2030_0.071_pre_adjusted.nc; current scripts/prepare_sector_network.py","REFERENCE_MAPPING_NOT_NUMERIC_ACCEPTANCE","tCO2/MWh_Link_input","false"
"Link:MM2 3 SMR CC","SMR CC","SHARED_USE_PENDING","MM","0.019799999999999998","PENDING_SHARED_USE_ALLOCATION","true","Shared H2/CHP cannot be allocated by name or arbitrary ratio; original power scope requires accepted split","/home/jin/research/SGP_ESE5004_Stage2/pypsa-asean/results/baseline-aims-3H-tutorial/prenetworks/elec_s_50_ec_lv2.0__3h_2030_0.071_pre_adjusted.nc; current scripts/prepare_sector_network.py","REFERENCE_MAPPING_NOT_NUMERIC_ACCEPTANCE","tCO2/MWh_Link_input","false"
"Link:MM2 4 SMR CC","SMR CC","SHARED_USE_PENDING","MM","0.019799999999999998","PENDING_SHARED_USE_ALLOCATION","true","Shared H2/CHP cannot be allocated by name or arbitrary ratio; original power scope requires accepted split","/home/jin/research/SGP_ESE5004_Stage2/pypsa-asean/results/baseline-aims-3H-tutorial/prenetworks/elec_s_50_ec_lv2.0__3h_2030_0.071_pre_adjusted.nc; current scripts/prepare_sector_network.py","REFERENCE_MAPPING_NOT_NUMERIC_ACCEPTANCE","tCO2/MWh_Link_input","false"
"Link:MM2 5 SMR CC","SMR CC","SHARED_USE_PENDING","MM","0.019799999999999998","PENDING_SHARED_USE_ALLOCATION","true","Shared H2/CHP cannot be allocated by name or arbitrary ratio; original power scope requires accepted split","/home/jin/research/SGP_ESE5004_Stage2/pypsa-asean/results/baseline-aims-3H-tutorial/prenetworks/elec_s_50_ec_lv2.0__3h_2030_0.071_pre_adjusted.nc; current scripts/prepare_sector_network.py","REFERENCE_MAPPING_NOT_NUMERIC_ACCEPTANCE","tCO2/MWh_Link_input","false"
"Link:MM2 6 SMR CC","SMR CC","SHARED_USE_PENDING","MM","0.019799999999999998","PENDING_SHARED_USE_ALLOCATION","true","Shared H2/CHP cannot be allocated by name or arbitrary ratio; original power scope requires accepted split","/home/jin/research/SGP_ESE5004_Stage2/pypsa-asean/results/baseline-aims-3H-tutorial/prenetworks/elec_s_50_ec_lv2.0__3h_2030_0.071_pre_adjusted.nc; current scripts/prepare_sector_network.py","REFERENCE_MAPPING_NOT_NUMERIC_ACCEPTANCE","tCO2/MWh_Link_input","false"
"Link:MY_Peninsular2 0 SMR CC","SMR CC","SHARED_USE_PENDING","MY","0.019799999999999998","PENDING_SHARED_USE_ALLOCATION","true","Shared H2/CHP cannot be allocated by name or arbitrary ratio; original power scope requires accepted split","/home/jin/research/SGP_ESE5004_Stage2/pypsa-asean/results/baseline-aims-3H-tutorial/prenetworks/elec_s_50_ec_lv2.0__3h_2030_0.071_pre_adjusted.nc; current scripts/prepare_sector_network.py","REFERENCE_MAPPING_NOT_NUMERIC_ACCEPTANCE","tCO2/MWh_Link_input","false"
"Link:MY_Sabah4 0 SMR CC","SMR CC","SHARED_USE_PENDING","MY","0.019799999999999998","PENDING_SHARED_USE_ALLOCATION","true","Shared H2/CHP cannot be allocated by name or arbitrary ratio; original power scope requires accepted split","/home/jin/research/SGP_ESE5004_Stage2/pypsa-asean/results/baseline-aims-3H-tutorial/prenetworks/elec_s_50_ec_lv2.0__3h_2030_0.071_pre_adjusted.nc; current scripts/prepare_sector_network.py","REFERENCE_MAPPING_NOT_NUMERIC_ACCEPTANCE","tCO2/MWh_Link_input","false"
"Link:MY_Sarawak4 0 SMR CC","SMR CC","SHARED_USE_PENDING","MY","0.019799999999999998","PENDING_SHARED_USE_ALLOCATION","true","Shared H2/CHP cannot be allocated by name or arbitrary ratio; original power scope requires accepted split","/home/jin/research/SGP_ESE5004_Stage2/pypsa-asean/results/baseline-aims-3H-tutorial/prenetworks/elec_s_50_ec_lv2.0__3h_2030_0.071_pre_adjusted.nc; current scripts/prepare_sector_network.py","REFERENCE_MAPPING_NOT_NUMERIC_ACCEPTANCE","tCO2/MWh_Link_input","false"
"Link:PH5 0 SMR CC","SMR CC","SHARED_USE_PENDING","PH","0.019799999999999998","PENDING_SHARED_USE_ALLOCATION","true","Shared H2/CHP cannot be allocated by name or arbitrary ratio; original power scope requires accepted split","/home/jin/research/SGP_ESE5004_Stage2/pypsa-asean/results/baseline-aims-3H-tutorial/prenetworks/elec_s_50_ec_lv2.0__3h_2030_0.071_pre_adjusted.nc; current scripts/prepare_sector_network.py","REFERENCE_MAPPING_NOT_NUMERIC_ACCEPTANCE","tCO2/MWh_Link_input","false"
"Link:PH_Luzon5 0 SMR CC","SMR CC","SHARED_USE_PENDING","PH","0.019799999999999998","PENDING_SHARED_USE_ALLOCATION","true","Shared H2/CHP cannot be allocated by name or arbitrary ratio; original power scope requires accepted split","/home/jin/research/SGP_ESE5004_Stage2/pypsa-asean/results/baseline-aims-3H-tutorial/prenetworks/elec_s_50_ec_lv2.0__3h_2030_0.071_pre_adjusted.nc; current scripts/prepare_sector_network.py","REFERENCE_MAPPING_NOT_NUMERIC_ACCEPTANCE","tCO2/MWh_Link_input","false"
"Link:PH_Luzon9 0 SMR CC","SMR CC","SHARED_USE_PENDING","PH","0.019799999999999998","PENDING_SHARED_USE_ALLOCATION","true","Shared H2/CHP cannot be allocated by name or arbitrary ratio; original power scope requires accepted split","/home/jin/research/SGP_ESE5004_Stage2/pypsa-asean/results/baseline-aims-3H-tutorial/prenetworks/elec_s_50_ec_lv2.0__3h_2030_0.071_pre_adjusted.nc; current scripts/prepare_sector_network.py","REFERENCE_MAPPING_NOT_NUMERIC_ACCEPTANCE","tCO2/MWh_Link_input","false"
"Link:PH_Mindanao6 0 SMR CC","SMR CC","SHARED_USE_PENDING","PH","0.019799999999999998","PENDING_SHARED_USE_ALLOCATION","true","Shared H2/CHP cannot be allocated by name or arbitrary ratio; original power scope requires accepted split","/home/jin/research/SGP_ESE5004_Stage2/pypsa-asean/results/baseline-aims-3H-tutorial/prenetworks/elec_s_50_ec_lv2.0__3h_2030_0.071_pre_adjusted.nc; current scripts/prepare_sector_network.py","REFERENCE_MAPPING_NOT_NUMERIC_ACCEPTANCE","tCO2/MWh_Link_input","false"
"Link:PH_Visayas10 0 SMR CC","SMR CC","SHARED_USE_PENDING","PH","0.019799999999999998","PENDING_SHARED_USE_ALLOCATION","true","Shared H2/CHP cannot be allocated by name or arbitrary ratio; original power scope requires accepted split","/home/jin/research/SGP_ESE5004_Stage2/pypsa-asean/results/baseline-aims-3H-tutorial/prenetworks/elec_s_50_ec_lv2.0__3h_2030_0.071_pre_adjusted.nc; current scripts/prepare_sector_network.py","REFERENCE_MAPPING_NOT_NUMERIC_ACCEPTANCE","tCO2/MWh_Link_input","false"
"Link:PH_Visayas7 0 SMR CC","SMR CC","SHARED_USE_PENDING","PH","0.019799999999999998","PENDING_SHARED_USE_ALLOCATION","true","Shared H2/CHP cannot be allocated by name or arbitrary ratio; original power scope requires accepted split","/home/jin/research/SGP_ESE5004_Stage2/pypsa-asean/results/baseline-aims-3H-tutorial/prenetworks/elec_s_50_ec_lv2.0__3h_2030_0.071_pre_adjusted.nc; current scripts/prepare_sector_network.py","REFERENCE_MAPPING_NOT_NUMERIC_ACCEPTANCE","tCO2/MWh_Link_input","false"
"Link:SG2 0 SMR CC","SMR CC","SHARED_USE_PENDING","SG","0.019799999999999998","PENDING_SHARED_USE_ALLOCATION","true","Shared H2/CHP cannot be allocated by name or arbitrary ratio; original power scope requires accepted split","/home/jin/research/SGP_ESE5004_Stage2/pypsa-asean/results/baseline-aims-3H-tutorial/prenetworks/elec_s_50_ec_lv2.0__3h_2030_0.071_pre_adjusted.nc; current scripts/prepare_sector_network.py","REFERENCE_MAPPING_NOT_NUMERIC_ACCEPTANCE","tCO2/MWh_Link_input","false"
"Link:TH2 0 SMR CC","SMR CC","SHARED_USE_PENDING","TH","0.019799999999999998","PENDING_SHARED_USE_ALLOCATION","true","Shared H2/CHP cannot be allocated by name or arbitrary ratio; original power scope requires accepted split","/home/jin/research/SGP_ESE5004_Stage2/pypsa-asean/results/baseline-aims-3H-tutorial/prenetworks/elec_s_50_ec_lv2.0__3h_2030_0.071_pre_adjusted.nc; current scripts/prepare_sector_network.py","REFERENCE_MAPPING_NOT_NUMERIC_ACCEPTANCE","tCO2/MWh_Link_input","false"
"Link:TH2 1 SMR CC","SMR CC","SHARED_USE_PENDING","TH","0.019799999999999998","PENDING_SHARED_USE_ALLOCATION","true","Shared H2/CHP cannot be allocated by name or arbitrary ratio; original power scope requires accepted split","/home/jin/research/SGP_ESE5004_Stage2/pypsa-asean/results/baseline-aims-3H-tutorial/prenetworks/elec_s_50_ec_lv2.0__3h_2030_0.071_pre_adjusted.nc; current scripts/prepare_sector_network.py","REFERENCE_MAPPING_NOT_NUMERIC_ACCEPTANCE","tCO2/MWh_Link_input","false"
"Link:TL11 0 SMR CC","SMR CC","SHARED_USE_PENDING","TL","0.019799999999999998","PENDING_SHARED_USE_ALLOCATION","true","Shared H2/CHP cannot be allocated by name or arbitrary ratio; original power scope requires accepted split","/home/jin/research/SGP_ESE5004_Stage2/pypsa-asean/results/baseline-aims-3H-tutorial/prenetworks/elec_s_50_ec_lv2.0__3h_2030_0.071_pre_adjusted.nc; current scripts/prepare_sector_network.py","REFERENCE_MAPPING_NOT_NUMERIC_ACCEPTANCE","tCO2/MWh_Link_input","false"
"Link:VN2 0 SMR CC","SMR CC","SHARED_USE_PENDING","VN","0.019799999999999998","PENDING_SHARED_USE_ALLOCATION","true","Shared H2/CHP cannot be allocated by name or arbitrary ratio; original power scope requires accepted split","/home/jin/research/SGP_ESE5004_Stage2/pypsa-asean/results/baseline-aims-3H-tutorial/prenetworks/elec_s_50_ec_lv2.0__3h_2030_0.071_pre_adjusted.nc; current scripts/prepare_sector_network.py","REFERENCE_MAPPING_NOT_NUMERIC_ACCEPTANCE","tCO2/MWh_Link_input","false"
"Link:VN2 1 SMR CC","SMR CC","SHARED_USE_PENDING","VN","0.019799999999999998","PENDING_SHARED_USE_ALLOCATION","true","Shared H2/CHP cannot be allocated by name or arbitrary ratio; original power scope requires accepted split","/home/jin/research/SGP_ESE5004_Stage2/pypsa-asean/results/baseline-aims-3H-tutorial/prenetworks/elec_s_50_ec_lv2.0__3h_2030_0.071_pre_adjusted.nc; current scripts/prepare_sector_network.py","REFERENCE_MAPPING_NOT_NUMERIC_ACCEPTANCE","tCO2/MWh_Link_input","false"
"Link:VN2 2 SMR CC","SMR CC","SHARED_USE_PENDING","VN","0.019799999999999998","PENDING_SHARED_USE_ALLOCATION","true","Shared H2/CHP cannot be allocated by name or arbitrary ratio; original power scope requires accepted split","/home/jin/research/SGP_ESE5004_Stage2/pypsa-asean/results/baseline-aims-3H-tutorial/prenetworks/elec_s_50_ec_lv2.0__3h_2030_0.071_pre_adjusted.nc; current scripts/prepare_sector_network.py","REFERENCE_MAPPING_NOT_NUMERIC_ACCEPTANCE","tCO2/MWh_Link_input","false"
"Link:BN4 0 Fischer-Tropsch","Fischer-Tropsch","Conversion","BN","","false","true","Physical carbon transfer/uptake/vent role requires origin and accepted credit scope; FT transfer not new emission","/home/jin/research/SGP_ESE5004_Stage2/pypsa-asean/results/baseline-aims-3H-tutorial/prenetworks/elec_s_50_ec_lv2.0__3h_2030_0.071_pre_adjusted.nc; current scripts/prepare_sector_network.py","REFERENCE_MAPPING_NOT_NUMERIC_ACCEPTANCE","tCO2/MWh_Link_input","false"
"Link:ID_Java-Bali1 0 Fischer-Tropsch","Fischer-Tropsch","Conversion","ID","","false","true","Physical carbon transfer/uptake/vent role requires origin and accepted credit scope; FT transfer not new emission","/home/jin/research/SGP_ESE5004_Stage2/pypsa-asean/results/baseline-aims-3H-tutorial/prenetworks/elec_s_50_ec_lv2.0__3h_2030_0.071_pre_adjusted.nc; current scripts/prepare_sector_network.py","REFERENCE_MAPPING_NOT_NUMERIC_ACCEPTANCE","tCO2/MWh_Link_input","false"
"Link:ID_Kalimantan4 0 Fischer-Tropsch","Fischer-Tropsch","Conversion","ID","","false","true","Physical carbon transfer/uptake/vent role requires origin and accepted credit scope; FT transfer not new emission","/home/jin/research/SGP_ESE5004_Stage2/pypsa-asean/results/baseline-aims-3H-tutorial/prenetworks/elec_s_50_ec_lv2.0__3h_2030_0.071_pre_adjusted.nc; current scripts/prepare_sector_network.py","REFERENCE_MAPPING_NOT_NUMERIC_ACCEPTANCE","tCO2/MWh_Link_input","false"
"Link:ID_Kalimantan4 1 Fischer-Tropsch","Fischer-Tropsch","Conversion","ID","","false","true","Physical carbon transfer/uptake/vent role requires origin and accepted credit scope; FT transfer not new emission","/home/jin/research/SGP_ESE5004_Stage2/pypsa-asean/results/baseline-aims-3H-tutorial/prenetworks/elec_s_50_ec_lv2.0__3h_2030_0.071_pre_adjusted.nc; current scripts/prepare_sector_network.py","REFERENCE_MAPPING_NOT_NUMERIC_ACCEPTANCE","tCO2/MWh_Link_input","false"
"Link:ID_Kalimantan4 2 Fischer-Tropsch","Fischer-Tropsch","Conversion","ID","","false","true","Physical carbon transfer/uptake/vent role requires origin and accepted credit scope; FT transfer not new emission","/home/jin/research/SGP_ESE5004_Stage2/pypsa-asean/results/baseline-aims-3H-tutorial/prenetworks/elec_s_50_ec_lv2.0__3h_2030_0.071_pre_adjusted.nc; current scripts/prepare_sector_network.py","REFERENCE_MAPPING_NOT_NUMERIC_ACCEPTANCE","tCO2/MWh_Link_input","false"
"Link:ID_Kalimantan4 3 Fischer-Tropsch","Fischer-Tropsch","Conversion","ID","","false","true","Physical carbon transfer/uptake/vent role requires origin and accepted credit scope; FT transfer not new emission","/home/jin/research/SGP_ESE5004_Stage2/pypsa-asean/results/baseline-aims-3H-tutorial/prenetworks/elec_s_50_ec_lv2.0__3h_2030_0.071_pre_adjusted.nc; current scripts/prepare_sector_network.py","REFERENCE_MAPPING_NOT_NUMERIC_ACCEPTANCE","tCO2/MWh_Link_input","false"
"Link:ID_Kalimantan4 4 Fischer-Tropsch","Fischer-Tropsch","Conversion","ID","","false","true","Physical carbon transfer/uptake/vent role requires origin and accepted credit scope; FT transfer not new emission","/home/jin/research/SGP_ESE5004_Stage2/pypsa-asean/results/baseline-aims-3H-tutorial/prenetworks/elec_s_50_ec_lv2.0__3h_2030_0.071_pre_adjusted.nc; current scripts/prepare_sector_network.py","REFERENCE_MAPPING_NOT_NUMERIC_ACCEPTANCE","tCO2/MWh_Link_input","false"
"Link:ID_Kalimantan4 5 Fischer-Tropsch","Fischer-Tropsch","Conversion","ID","","false","true","Physical carbon transfer/uptake/vent role requires origin and accepted credit scope; FT transfer not new emission","/home/jin/research/SGP_ESE5004_Stage2/pypsa-asean/results/baseline-aims-3H-tutorial/prenetworks/elec_s_50_ec_lv2.0__3h_2030_0.071_pre_adjusted.nc; current scripts/prepare_sector_network.py","REFERENCE_MAPPING_NOT_NUMERIC_ACCEPTANCE","tCO2/MWh_Link_input","false"
"Link:ID_Maluku16 0 Fischer-Tropsch","Fischer-Tropsch","Conversion","ID","","false","true","Physical carbon transfer/uptake/vent role requires origin and accepted credit scope; FT transfer not new emission","/home/jin/research/SGP_ESE5004_Stage2/pypsa-asean/results/baseline-aims-3H-tutorial/prenetworks/elec_s_50_ec_lv2.0__3h_2030_0.071_pre_adjusted.nc; current scripts/prepare_sector_network.py","REFERENCE_MAPPING_NOT_NUMERIC_ACCEPTANCE","tCO2/MWh_Link_input","false"
"Link:ID_Maluku17 0 Fischer-Tropsch","Fischer-Tropsch","Conversion","ID","","false","true","Physical carbon transfer/uptake/vent role requires origin and accepted credit scope; FT transfer not new emission","/home/jin/research/SGP_ESE5004_Stage2/pypsa-asean/results/baseline-aims-3H-tutorial/prenetworks/elec_s_50_ec_lv2.0__3h_2030_0.071_pre_adjusted.nc; current scripts/prepare_sector_network.py","REFERENCE_MAPPING_NOT_NUMERIC_ACCEPTANCE","tCO2/MWh_Link_input","false"
"Link:ID_Maluku8 0 Fischer-Tropsch","Fischer-Tropsch","Conversion","ID","","false","true","Physical carbon transfer/uptake/vent role requires origin and accepted credit scope; FT transfer not new emission","/home/jin/research/SGP_ESE5004_Stage2/pypsa-asean/results/baseline-aims-3H-tutorial/prenetworks/elec_s_50_ec_lv2.0__3h_2030_0.071_pre_adjusted.nc; current scripts/prepare_sector_network.py","REFERENCE_MAPPING_NOT_NUMERIC_ACCEPTANCE","tCO2/MWh_Link_input","false"
"Link:ID_Nusa-Tenggara12 0 Fischer-Tropsch","Fischer-Tropsch","Conversion","ID","","false","true","Physical carbon transfer/uptake/vent role requires origin and accepted credit scope; FT transfer not new emission","/home/jin/research/SGP_ESE5004_Stage2/pypsa-asean/results/baseline-aims-3H-tutorial/prenetworks/elec_s_50_ec_lv2.0__3h_2030_0.071_pre_adjusted.nc; current scripts/prepare_sector_network.py","REFERENCE_MAPPING_NOT_NUMERIC_ACCEPTANCE","tCO2/MWh_Link_input","false"
"Link:ID_Nusa-Tenggara13 0 Fischer-Tropsch","Fischer-Tropsch","Conversion","ID","","false","true","Physical carbon transfer/uptake/vent role requires origin and accepted credit scope; FT transfer not new emission","/home/jin/research/SGP_ESE5004_Stage2/pypsa-asean/results/baseline-aims-3H-tutorial/prenetworks/elec_s_50_ec_lv2.0__3h_2030_0.071_pre_adjusted.nc; current scripts/prepare_sector_network.py","REFERENCE_MAPPING_NOT_NUMERIC_ACCEPTANCE","tCO2/MWh_Link_input","false"
"Link:ID_Nusa-Tenggara14 0 Fischer-Tropsch","Fischer-Tropsch","Conversion","ID","","false","true","Physical carbon transfer/uptake/vent role requires origin and accepted credit scope; FT transfer not new emission","/home/jin/research/SGP_ESE5004_Stage2/pypsa-asean/results/baseline-aims-3H-tutorial/prenetworks/elec_s_50_ec_lv2.0__3h_2030_0.071_pre_adjusted.nc; current scripts/prepare_sector_network.py","REFERENCE_MAPPING_NOT_NUMERIC_ACCEPTANCE","tCO2/MWh_Link_input","false"
"Link:ID_Nusa-Tenggara15 0 Fischer-Tropsch","Fischer-Tropsch","Conversion","ID","","false","true","Physical carbon transfer/uptake/vent role requires origin and accepted credit scope; FT transfer not new emission","/home/jin/research/SGP_ESE5004_Stage2/pypsa-asean/results/baseline-aims-3H-tutorial/prenetworks/elec_s_50_ec_lv2.0__3h_2030_0.071_pre_adjusted.nc; current scripts/prepare_sector_network.py","REFERENCE_MAPPING_NOT_NUMERIC_ACCEPTANCE","tCO2/MWh_Link_input","false"
"Link:ID_Papua18 0 Fischer-Tropsch","Fischer-Tropsch","Conversion","ID","","false","true","Physical carbon transfer/uptake/vent role requires origin and accepted credit scope; FT transfer not new emission","/home/jin/research/SGP_ESE5004_Stage2/pypsa-asean/results/baseline-aims-3H-tutorial/prenetworks/elec_s_50_ec_lv2.0__3h_2030_0.071_pre_adjusted.nc; current scripts/prepare_sector_network.py","REFERENCE_MAPPING_NOT_NUMERIC_ACCEPTANCE","tCO2/MWh_Link_input","false"
"Link:ID_Papua19 0 Fischer-Tropsch","Fischer-Tropsch","Conversion","ID","","false","true","Physical carbon transfer/uptake/vent role requires origin and accepted credit scope; FT transfer not new emission","/home/jin/research/SGP_ESE5004_Stage2/pypsa-asean/results/baseline-aims-3H-tutorial/prenetworks/elec_s_50_ec_lv2.0__3h_2030_0.071_pre_adjusted.nc; current scripts/prepare_sector_network.py","REFERENCE_MAPPING_NOT_NUMERIC_ACCEPTANCE","tCO2/MWh_Link_input","false"
"Link:ID_Papua20 0 Fischer-Tropsch","Fischer-Tropsch","Conversion","ID","","false","true","Physical carbon transfer/uptake/vent role requires origin and accepted credit scope; FT transfer not new emission","/home/jin/research/SGP_ESE5004_Stage2/pypsa-asean/results/baseline-aims-3H-tutorial/prenetworks/elec_s_50_ec_lv2.0__3h_2030_0.071_pre_adjusted.nc; current scripts/prepare_sector_network.py","REFERENCE_MAPPING_NOT_NUMERIC_ACCEPTANCE","tCO2/MWh_Link_input","false"
"Link:ID_Sulawesi0 0 Fischer-Tropsch","Fischer-Tropsch","Conversion","ID","","false","true","Physical carbon transfer/uptake/vent role requires origin and accepted credit scope; FT transfer not new emission","/home/jin/research/SGP_ESE5004_Stage2/pypsa-asean/results/baseline-aims-3H-tutorial/prenetworks/elec_s_50_ec_lv2.0__3h_2030_0.071_pre_adjusted.nc; current scripts/prepare_sector_network.py","REFERENCE_MAPPING_NOT_NUMERIC_ACCEPTANCE","tCO2/MWh_Link_input","false"
"Link:ID_Sumatra2 0 Fischer-Tropsch","Fischer-Tropsch","Conversion","ID","","false","true","Physical carbon transfer/uptake/vent role requires origin and accepted credit scope; FT transfer not new emission","/home/jin/research/SGP_ESE5004_Stage2/pypsa-asean/results/baseline-aims-3H-tutorial/prenetworks/elec_s_50_ec_lv2.0__3h_2030_0.071_pre_adjusted.nc; current scripts/prepare_sector_network.py","REFERENCE_MAPPING_NOT_NUMERIC_ACCEPTANCE","tCO2/MWh_Link_input","false"
"Link:ID_Sumatra3 0 Fischer-Tropsch","Fischer-Tropsch","Conversion","ID","","false","true","Physical carbon transfer/uptake/vent role requires origin and accepted credit scope; FT transfer not new emission","/home/jin/research/SGP_ESE5004_Stage2/pypsa-asean/results/baseline-aims-3H-tutorial/prenetworks/elec_s_50_ec_lv2.0__3h_2030_0.071_pre_adjusted.nc; current scripts/prepare_sector_network.py","REFERENCE_MAPPING_NOT_NUMERIC_ACCEPTANCE","tCO2/MWh_Link_input","false"
"Link:ID_Sumatra3 1 Fischer-Tropsch","Fischer-Tropsch","Conversion","ID","","false","true","Physical carbon transfer/uptake/vent role requires origin and accepted credit scope; FT transfer not new emission","/home/jin/research/SGP_ESE5004_Stage2/pypsa-asean/results/baseline-aims-3H-tutorial/prenetworks/elec_s_50_ec_lv2.0__3h_2030_0.071_pre_adjusted.nc; current scripts/prepare_sector_network.py","REFERENCE_MAPPING_NOT_NUMERIC_ACCEPTANCE","tCO2/MWh_Link_input","false"
"Link:KH2 0 Fischer-Tropsch","Fischer-Tropsch","Conversion","KH","","false","true","Physical carbon transfer/uptake/vent role requires origin and accepted credit scope; FT transfer not new emission","/home/jin/research/SGP_ESE5004_Stage2/pypsa-asean/results/baseline-aims-3H-tutorial/prenetworks/elec_s_50_ec_lv2.0__3h_2030_0.071_pre_adjusted.nc; current scripts/prepare_sector_network.py","REFERENCE_MAPPING_NOT_NUMERIC_ACCEPTANCE","tCO2/MWh_Link_input","false"
"Link:LA2 0 Fischer-Tropsch","Fischer-Tropsch","Conversion","LA","","false","true","Physical carbon transfer/uptake/vent role requires origin and accepted credit scope; FT transfer not new emission","/home/jin/research/SGP_ESE5004_Stage2/pypsa-asean/results/baseline-aims-3H-tutorial/prenetworks/elec_s_50_ec_lv2.0__3h_2030_0.071_pre_adjusted.nc; current scripts/prepare_sector_network.py","REFERENCE_MAPPING_NOT_NUMERIC_ACCEPTANCE","tCO2/MWh_Link_input","false"
"Link:LA2 1 Fischer-Tropsch","Fischer-Tropsch","Conversion","LA","","false","true","Physical carbon transfer/uptake/vent role requires origin and accepted credit scope; FT transfer not new emission","/home/jin/research/SGP_ESE5004_Stage2/pypsa-asean/results/baseline-aims-3H-tutorial/prenetworks/elec_s_50_ec_lv2.0__3h_2030_0.071_pre_adjusted.nc; current scripts/prepare_sector_network.py","REFERENCE_MAPPING_NOT_NUMERIC_ACCEPTANCE","tCO2/MWh_Link_input","false"
"Link:MM2 0 Fischer-Tropsch","Fischer-Tropsch","Conversion","MM","","false","true","Physical carbon transfer/uptake/vent role requires origin and accepted credit scope; FT transfer not new emission","/home/jin/research/SGP_ESE5004_Stage2/pypsa-asean/results/baseline-aims-3H-tutorial/prenetworks/elec_s_50_ec_lv2.0__3h_2030_0.071_pre_adjusted.nc; current scripts/prepare_sector_network.py","REFERENCE_MAPPING_NOT_NUMERIC_ACCEPTANCE","tCO2/MWh_Link_input","false"
"Link:MM2 1 Fischer-Tropsch","Fischer-Tropsch","Conversion","MM","","false","true","Physical carbon transfer/uptake/vent role requires origin and accepted credit scope; FT transfer not new emission","/home/jin/research/SGP_ESE5004_Stage2/pypsa-asean/results/baseline-aims-3H-tutorial/prenetworks/elec_s_50_ec_lv2.0__3h_2030_0.071_pre_adjusted.nc; current scripts/prepare_sector_network.py","REFERENCE_MAPPING_NOT_NUMERIC_ACCEPTANCE","tCO2/MWh_Link_input","false"
"Link:MM2 2 Fischer-Tropsch","Fischer-Tropsch","Conversion","MM","","false","true","Physical carbon transfer/uptake/vent role requires origin and accepted credit scope; FT transfer not new emission","/home/jin/research/SGP_ESE5004_Stage2/pypsa-asean/results/baseline-aims-3H-tutorial/prenetworks/elec_s_50_ec_lv2.0__3h_2030_0.071_pre_adjusted.nc; current scripts/prepare_sector_network.py","REFERENCE_MAPPING_NOT_NUMERIC_ACCEPTANCE","tCO2/MWh_Link_input","false"
"Link:MM2 3 Fischer-Tropsch","Fischer-Tropsch","Conversion","MM","","false","true","Physical carbon transfer/uptake/vent role requires origin and accepted credit scope; FT transfer not new emission","/home/jin/research/SGP_ESE5004_Stage2/pypsa-asean/results/baseline-aims-3H-tutorial/prenetworks/elec_s_50_ec_lv2.0__3h_2030_0.071_pre_adjusted.nc; current scripts/prepare_sector_network.py","REFERENCE_MAPPING_NOT_NUMERIC_ACCEPTANCE","tCO2/MWh_Link_input","false"
"Link:MM2 4 Fischer-Tropsch","Fischer-Tropsch","Conversion","MM","","false","true","Physical carbon transfer/uptake/vent role requires origin and accepted credit scope; FT transfer not new emission","/home/jin/research/SGP_ESE5004_Stage2/pypsa-asean/results/baseline-aims-3H-tutorial/prenetworks/elec_s_50_ec_lv2.0__3h_2030_0.071_pre_adjusted.nc; current scripts/prepare_sector_network.py","REFERENCE_MAPPING_NOT_NUMERIC_ACCEPTANCE","tCO2/MWh_Link_input","false"
"Link:MM2 5 Fischer-Tropsch","Fischer-Tropsch","Conversion","MM","","false","true","Physical carbon transfer/uptake/vent role requires origin and accepted credit scope; FT transfer not new emission","/home/jin/research/SGP_ESE5004_Stage2/pypsa-asean/results/baseline-aims-3H-tutorial/prenetworks/elec_s_50_ec_lv2.0__3h_2030_0.071_pre_adjusted.nc; current scripts/prepare_sector_network.py","REFERENCE_MAPPING_NOT_NUMERIC_ACCEPTANCE","tCO2/MWh_Link_input","false"
"Link:MM2 6 Fischer-Tropsch","Fischer-Tropsch","Conversion","MM","","false","true","Physical carbon transfer/uptake/vent role requires origin and accepted credit scope; FT transfer not new emission","/home/jin/research/SGP_ESE5004_Stage2/pypsa-asean/results/baseline-aims-3H-tutorial/prenetworks/elec_s_50_ec_lv2.0__3h_2030_0.071_pre_adjusted.nc; current scripts/prepare_sector_network.py","REFERENCE_MAPPING_NOT_NUMERIC_ACCEPTANCE","tCO2/MWh_Link_input","false"
"Link:MY_Peninsular2 0 Fischer-Tropsch","Fischer-Tropsch","Conversion","MY","","false","true","Physical carbon transfer/uptake/vent role requires origin and accepted credit scope; FT transfer not new emission","/home/jin/research/SGP_ESE5004_Stage2/pypsa-asean/results/baseline-aims-3H-tutorial/prenetworks/elec_s_50_ec_lv2.0__3h_2030_0.071_pre_adjusted.nc; current scripts/prepare_sector_network.py","REFERENCE_MAPPING_NOT_NUMERIC_ACCEPTANCE","tCO2/MWh_Link_input","false"
"Link:MY_Sabah4 0 Fischer-Tropsch","Fischer-Tropsch","Conversion","MY","","false","true","Physical carbon transfer/uptake/vent role requires origin and accepted credit scope; FT transfer not new emission","/home/jin/research/SGP_ESE5004_Stage2/pypsa-asean/results/baseline-aims-3H-tutorial/prenetworks/elec_s_50_ec_lv2.0__3h_2030_0.071_pre_adjusted.nc; current scripts/prepare_sector_network.py","REFERENCE_MAPPING_NOT_NUMERIC_ACCEPTANCE","tCO2/MWh_Link_input","false"
"Link:MY_Sarawak4 0 Fischer-Tropsch","Fischer-Tropsch","Conversion","MY","","false","true","Physical carbon transfer/uptake/vent role requires origin and accepted credit scope; FT transfer not new emission","/home/jin/research/SGP_ESE5004_Stage2/pypsa-asean/results/baseline-aims-3H-tutorial/prenetworks/elec_s_50_ec_lv2.0__3h_2030_0.071_pre_adjusted.nc; current scripts/prepare_sector_network.py","REFERENCE_MAPPING_NOT_NUMERIC_ACCEPTANCE","tCO2/MWh_Link_input","false"
"Link:PH5 0 Fischer-Tropsch","Fischer-Tropsch","Conversion","PH","","false","true","Physical carbon transfer/uptake/vent role requires origin and accepted credit scope; FT transfer not new emission","/home/jin/research/SGP_ESE5004_Stage2/pypsa-asean/results/baseline-aims-3H-tutorial/prenetworks/elec_s_50_ec_lv2.0__3h_2030_0.071_pre_adjusted.nc; current scripts/prepare_sector_network.py","REFERENCE_MAPPING_NOT_NUMERIC_ACCEPTANCE","tCO2/MWh_Link_input","false"
"Link:PH_Luzon5 0 Fischer-Tropsch","Fischer-Tropsch","Conversion","PH","","false","true","Physical carbon transfer/uptake/vent role requires origin and accepted credit scope; FT transfer not new emission","/home/jin/research/SGP_ESE5004_Stage2/pypsa-asean/results/baseline-aims-3H-tutorial/prenetworks/elec_s_50_ec_lv2.0__3h_2030_0.071_pre_adjusted.nc; current scripts/prepare_sector_network.py","REFERENCE_MAPPING_NOT_NUMERIC_ACCEPTANCE","tCO2/MWh_Link_input","false"
"Link:PH_Luzon9 0 Fischer-Tropsch","Fischer-Tropsch","Conversion","PH","","false","true","Physical carbon transfer/uptake/vent role requires origin and accepted credit scope; FT transfer not new emission","/home/jin/research/SGP_ESE5004_Stage2/pypsa-asean/results/baseline-aims-3H-tutorial/prenetworks/elec_s_50_ec_lv2.0__3h_2030_0.071_pre_adjusted.nc; current scripts/prepare_sector_network.py","REFERENCE_MAPPING_NOT_NUMERIC_ACCEPTANCE","tCO2/MWh_Link_input","false"
"Link:PH_Mindanao6 0 Fischer-Tropsch","Fischer-Tropsch","Conversion","PH","","false","true","Physical carbon transfer/uptake/vent role requires origin and accepted credit scope; FT transfer not new emission","/home/jin/research/SGP_ESE5004_Stage2/pypsa-asean/results/baseline-aims-3H-tutorial/prenetworks/elec_s_50_ec_lv2.0__3h_2030_0.071_pre_adjusted.nc; current scripts/prepare_sector_network.py","REFERENCE_MAPPING_NOT_NUMERIC_ACCEPTANCE","tCO2/MWh_Link_input","false"
"Link:PH_Visayas10 0 Fischer-Tropsch","Fischer-Tropsch","Conversion","PH","","false","true","Physical carbon transfer/uptake/vent role requires origin and accepted credit scope; FT transfer not new emission","/home/jin/research/SGP_ESE5004_Stage2/pypsa-asean/results/baseline-aims-3H-tutorial/prenetworks/elec_s_50_ec_lv2.0__3h_2030_0.071_pre_adjusted.nc; current scripts/prepare_sector_network.py","REFERENCE_MAPPING_NOT_NUMERIC_ACCEPTANCE","tCO2/MWh_Link_input","false"
"Link:PH_Visayas7 0 Fischer-Tropsch","Fischer-Tropsch","Conversion","PH","","false","true","Physical carbon transfer/uptake/vent role requires origin and accepted credit scope; FT transfer not new emission","/home/jin/research/SGP_ESE5004_Stage2/pypsa-asean/results/baseline-aims-3H-tutorial/prenetworks/elec_s_50_ec_lv2.0__3h_2030_0.071_pre_adjusted.nc; current scripts/prepare_sector_network.py","REFERENCE_MAPPING_NOT_NUMERIC_ACCEPTANCE","tCO2/MWh_Link_input","false"
"Link:SG2 0 Fischer-Tropsch","Fischer-Tropsch","Conversion","SG","","false","true","Physical carbon transfer/uptake/vent role requires origin and accepted credit scope; FT transfer not new emission","/home/jin/research/SGP_ESE5004_Stage2/pypsa-asean/results/baseline-aims-3H-tutorial/prenetworks/elec_s_50_ec_lv2.0__3h_2030_0.071_pre_adjusted.nc; current scripts/prepare_sector_network.py","REFERENCE_MAPPING_NOT_NUMERIC_ACCEPTANCE","tCO2/MWh_Link_input","false"
"Link:TH2 0 Fischer-Tropsch","Fischer-Tropsch","Conversion","TH","","false","true","Physical carbon transfer/uptake/vent role requires origin and accepted credit scope; FT transfer not new emission","/home/jin/research/SGP_ESE5004_Stage2/pypsa-asean/results/baseline-aims-3H-tutorial/prenetworks/elec_s_50_ec_lv2.0__3h_2030_0.071_pre_adjusted.nc; current scripts/prepare_sector_network.py","REFERENCE_MAPPING_NOT_NUMERIC_ACCEPTANCE","tCO2/MWh_Link_input","false"
"Link:TH2 1 Fischer-Tropsch","Fischer-Tropsch","Conversion","TH","","false","true","Physical carbon transfer/uptake/vent role requires origin and accepted credit scope; FT transfer not new emission","/home/jin/research/SGP_ESE5004_Stage2/pypsa-asean/results/baseline-aims-3H-tutorial/prenetworks/elec_s_50_ec_lv2.0__3h_2030_0.071_pre_adjusted.nc; current scripts/prepare_sector_network.py","REFERENCE_MAPPING_NOT_NUMERIC_ACCEPTANCE","tCO2/MWh_Link_input","false"
"Link:TL11 0 Fischer-Tropsch","Fischer-Tropsch","Conversion","TL","","false","true","Physical carbon transfer/uptake/vent role requires origin and accepted credit scope; FT transfer not new emission","/home/jin/research/SGP_ESE5004_Stage2/pypsa-asean/results/baseline-aims-3H-tutorial/prenetworks/elec_s_50_ec_lv2.0__3h_2030_0.071_pre_adjusted.nc; current scripts/prepare_sector_network.py","REFERENCE_MAPPING_NOT_NUMERIC_ACCEPTANCE","tCO2/MWh_Link_input","false"
"Link:VN2 0 Fischer-Tropsch","Fischer-Tropsch","Conversion","VN","","false","true","Physical carbon transfer/uptake/vent role requires origin and accepted credit scope; FT transfer not new emission","/home/jin/research/SGP_ESE5004_Stage2/pypsa-asean/results/baseline-aims-3H-tutorial/prenetworks/elec_s_50_ec_lv2.0__3h_2030_0.071_pre_adjusted.nc; current scripts/prepare_sector_network.py","REFERENCE_MAPPING_NOT_NUMERIC_ACCEPTANCE","tCO2/MWh_Link_input","false"
"Link:VN2 1 Fischer-Tropsch","Fischer-Tropsch","Conversion","VN","","false","true","Physical carbon transfer/uptake/vent role requires origin and accepted credit scope; FT transfer not new emission","/home/jin/research/SGP_ESE5004_Stage2/pypsa-asean/results/baseline-aims-3H-tutorial/prenetworks/elec_s_50_ec_lv2.0__3h_2030_0.071_pre_adjusted.nc; current scripts/prepare_sector_network.py","REFERENCE_MAPPING_NOT_NUMERIC_ACCEPTANCE","tCO2/MWh_Link_input","false"
"Link:VN2 2 Fischer-Tropsch","Fischer-Tropsch","Conversion","VN","","false","true","Physical carbon transfer/uptake/vent role requires origin and accepted credit scope; FT transfer not new emission","/home/jin/research/SGP_ESE5004_Stage2/pypsa-asean/results/baseline-aims-3H-tutorial/prenetworks/elec_s_50_ec_lv2.0__3h_2030_0.071_pre_adjusted.nc; current scripts/prepare_sector_network.py","REFERENCE_MAPPING_NOT_NUMERIC_ACCEPTANCE","tCO2/MWh_Link_input","false"
"Link:BN4 0 Sabatier","Sabatier","Conversion","BN","","false","true","Physical carbon transfer/uptake/vent role requires origin and accepted credit scope; FT transfer not new emission","/home/jin/research/SGP_ESE5004_Stage2/pypsa-asean/results/baseline-aims-3H-tutorial/prenetworks/elec_s_50_ec_lv2.0__3h_2030_0.071_pre_adjusted.nc; current scripts/prepare_sector_network.py","REFERENCE_MAPPING_NOT_NUMERIC_ACCEPTANCE","tCO2/MWh_Link_input","false"
"Link:ID_Java-Bali1 0 Sabatier","Sabatier","Conversion","ID","","false","true","Physical carbon transfer/uptake/vent role requires origin and accepted credit scope; FT transfer not new emission","/home/jin/research/SGP_ESE5004_Stage2/pypsa-asean/results/baseline-aims-3H-tutorial/prenetworks/elec_s_50_ec_lv2.0__3h_2030_0.071_pre_adjusted.nc; current scripts/prepare_sector_network.py","REFERENCE_MAPPING_NOT_NUMERIC_ACCEPTANCE","tCO2/MWh_Link_input","false"
"Link:ID_Kalimantan4 0 Sabatier","Sabatier","Conversion","ID","","false","true","Physical carbon transfer/uptake/vent role requires origin and accepted credit scope; FT transfer not new emission","/home/jin/research/SGP_ESE5004_Stage2/pypsa-asean/results/baseline-aims-3H-tutorial/prenetworks/elec_s_50_ec_lv2.0__3h_2030_0.071_pre_adjusted.nc; current scripts/prepare_sector_network.py","REFERENCE_MAPPING_NOT_NUMERIC_ACCEPTANCE","tCO2/MWh_Link_input","false"
"Link:ID_Kalimantan4 1 Sabatier","Sabatier","Conversion","ID","","false","true","Physical carbon transfer/uptake/vent role requires origin and accepted credit scope; FT transfer not new emission","/home/jin/research/SGP_ESE5004_Stage2/pypsa-asean/results/baseline-aims-3H-tutorial/prenetworks/elec_s_50_ec_lv2.0__3h_2030_0.071_pre_adjusted.nc; current scripts/prepare_sector_network.py","REFERENCE_MAPPING_NOT_NUMERIC_ACCEPTANCE","tCO2/MWh_Link_input","false"
"Link:ID_Kalimantan4 2 Sabatier","Sabatier","Conversion","ID","","false","true","Physical carbon transfer/uptake/vent role requires origin and accepted credit scope; FT transfer not new emission","/home/jin/research/SGP_ESE5004_Stage2/pypsa-asean/results/baseline-aims-3H-tutorial/prenetworks/elec_s_50_ec_lv2.0__3h_2030_0.071_pre_adjusted.nc; current scripts/prepare_sector_network.py","REFERENCE_MAPPING_NOT_NUMERIC_ACCEPTANCE","tCO2/MWh_Link_input","false"
"Link:ID_Kalimantan4 3 Sabatier","Sabatier","Conversion","ID","","false","true","Physical carbon transfer/uptake/vent role requires origin and accepted credit scope; FT transfer not new emission","/home/jin/research/SGP_ESE5004_Stage2/pypsa-asean/results/baseline-aims-3H-tutorial/prenetworks/elec_s_50_ec_lv2.0__3h_2030_0.071_pre_adjusted.nc; current scripts/prepare_sector_network.py","REFERENCE_MAPPING_NOT_NUMERIC_ACCEPTANCE","tCO2/MWh_Link_input","false"
"Link:ID_Kalimantan4 4 Sabatier","Sabatier","Conversion","ID","","false","true","Physical carbon transfer/uptake/vent role requires origin and accepted credit scope; FT transfer not new emission","/home/jin/research/SGP_ESE5004_Stage2/pypsa-asean/results/baseline-aims-3H-tutorial/prenetworks/elec_s_50_ec_lv2.0__3h_2030_0.071_pre_adjusted.nc; current scripts/prepare_sector_network.py","REFERENCE_MAPPING_NOT_NUMERIC_ACCEPTANCE","tCO2/MWh_Link_input","false"
"Link:ID_Kalimantan4 5 Sabatier","Sabatier","Conversion","ID","","false","true","Physical carbon transfer/uptake/vent role requires origin and accepted credit scope; FT transfer not new emission","/home/jin/research/SGP_ESE5004_Stage2/pypsa-asean/results/baseline-aims-3H-tutorial/prenetworks/elec_s_50_ec_lv2.0__3h_2030_0.071_pre_adjusted.nc; current scripts/prepare_sector_network.py","REFERENCE_MAPPING_NOT_NUMERIC_ACCEPTANCE","tCO2/MWh_Link_input","false"
"Link:ID_Maluku16 0 Sabatier","Sabatier","Conversion","ID","","false","true","Physical carbon transfer/uptake/vent role requires origin and accepted credit scope; FT transfer not new emission","/home/jin/research/SGP_ESE5004_Stage2/pypsa-asean/results/baseline-aims-3H-tutorial/prenetworks/elec_s_50_ec_lv2.0__3h_2030_0.071_pre_adjusted.nc; current scripts/prepare_sector_network.py","REFERENCE_MAPPING_NOT_NUMERIC_ACCEPTANCE","tCO2/MWh_Link_input","false"
"Link:ID_Maluku17 0 Sabatier","Sabatier","Conversion","ID","","false","true","Physical carbon transfer/uptake/vent role requires origin and accepted credit scope; FT transfer not new emission","/home/jin/research/SGP_ESE5004_Stage2/pypsa-asean/results/baseline-aims-3H-tutorial/prenetworks/elec_s_50_ec_lv2.0__3h_2030_0.071_pre_adjusted.nc; current scripts/prepare_sector_network.py","REFERENCE_MAPPING_NOT_NUMERIC_ACCEPTANCE","tCO2/MWh_Link_input","false"
"Link:ID_Maluku8 0 Sabatier","Sabatier","Conversion","ID","","false","true","Physical carbon transfer/uptake/vent role requires origin and accepted credit scope; FT transfer not new emission","/home/jin/research/SGP_ESE5004_Stage2/pypsa-asean/results/baseline-aims-3H-tutorial/prenetworks/elec_s_50_ec_lv2.0__3h_2030_0.071_pre_adjusted.nc; current scripts/prepare_sector_network.py","REFERENCE_MAPPING_NOT_NUMERIC_ACCEPTANCE","tCO2/MWh_Link_input","false"
"Link:ID_Nusa-Tenggara12 0 Sabatier","Sabatier","Conversion","ID","","false","true","Physical carbon transfer/uptake/vent role requires origin and accepted credit scope; FT transfer not new emission","/home/jin/research/SGP_ESE5004_Stage2/pypsa-asean/results/baseline-aims-3H-tutorial/prenetworks/elec_s_50_ec_lv2.0__3h_2030_0.071_pre_adjusted.nc; current scripts/prepare_sector_network.py","REFERENCE_MAPPING_NOT_NUMERIC_ACCEPTANCE","tCO2/MWh_Link_input","false"
"Link:ID_Nusa-Tenggara13 0 Sabatier","Sabatier","Conversion","ID","","false","true","Physical carbon transfer/uptake/vent role requires origin and accepted credit scope; FT transfer not new emission","/home/jin/research/SGP_ESE5004_Stage2/pypsa-asean/results/baseline-aims-3H-tutorial/prenetworks/elec_s_50_ec_lv2.0__3h_2030_0.071_pre_adjusted.nc; current scripts/prepare_sector_network.py","REFERENCE_MAPPING_NOT_NUMERIC_ACCEPTANCE","tCO2/MWh_Link_input","false"
"Link:ID_Nusa-Tenggara14 0 Sabatier","Sabatier","Conversion","ID","","false","true","Physical carbon transfer/uptake/vent role requires origin and accepted credit scope; FT transfer not new emission","/home/jin/research/SGP_ESE5004_Stage2/pypsa-asean/results/baseline-aims-3H-tutorial/prenetworks/elec_s_50_ec_lv2.0__3h_2030_0.071_pre_adjusted.nc; current scripts/prepare_sector_network.py","REFERENCE_MAPPING_NOT_NUMERIC_ACCEPTANCE","tCO2/MWh_Link_input","false"
"Link:ID_Nusa-Tenggara15 0 Sabatier","Sabatier","Conversion","ID","","false","true","Physical carbon transfer/uptake/vent role requires origin and accepted credit scope; FT transfer not new emission","/home/jin/research/SGP_ESE5004_Stage2/pypsa-asean/results/baseline-aims-3H-tutorial/prenetworks/elec_s_50_ec_lv2.0__3h_2030_0.071_pre_adjusted.nc; current scripts/prepare_sector_network.py","REFERENCE_MAPPING_NOT_NUMERIC_ACCEPTANCE","tCO2/MWh_Link_input","false"
"Link:ID_Papua18 0 Sabatier","Sabatier","Conversion","ID","","false","true","Physical carbon transfer/uptake/vent role requires origin and accepted credit scope; FT transfer not new emission","/home/jin/research/SGP_ESE5004_Stage2/pypsa-asean/results/baseline-aims-3H-tutorial/prenetworks/elec_s_50_ec_lv2.0__3h_2030_0.071_pre_adjusted.nc; current scripts/prepare_sector_network.py","REFERENCE_MAPPING_NOT_NUMERIC_ACCEPTANCE","tCO2/MWh_Link_input","false"
"Link:ID_Papua19 0 Sabatier","Sabatier","Conversion","ID","","false","true","Physical carbon transfer/uptake/vent role requires origin and accepted credit scope; FT transfer not new emission","/home/jin/research/SGP_ESE5004_Stage2/pypsa-asean/results/baseline-aims-3H-tutorial/prenetworks/elec_s_50_ec_lv2.0__3h_2030_0.071_pre_adjusted.nc; current scripts/prepare_sector_network.py","REFERENCE_MAPPING_NOT_NUMERIC_ACCEPTANCE","tCO2/MWh_Link_input","false"
"Link:ID_Papua20 0 Sabatier","Sabatier","Conversion","ID","","false","true","Physical carbon transfer/uptake/vent role requires origin and accepted credit scope; FT transfer not new emission","/home/jin/research/SGP_ESE5004_Stage2/pypsa-asean/results/baseline-aims-3H-tutorial/prenetworks/elec_s_50_ec_lv2.0__3h_2030_0.071_pre_adjusted.nc; current scripts/prepare_sector_network.py","REFERENCE_MAPPING_NOT_NUMERIC_ACCEPTANCE","tCO2/MWh_Link_input","false"
"Link:ID_Sulawesi0 0 Sabatier","Sabatier","Conversion","ID","","false","true","Physical carbon transfer/uptake/vent role requires origin and accepted credit scope; FT transfer not new emission","/home/jin/research/SGP_ESE5004_Stage2/pypsa-asean/results/baseline-aims-3H-tutorial/prenetworks/elec_s_50_ec_lv2.0__3h_2030_0.071_pre_adjusted.nc; current scripts/prepare_sector_network.py","REFERENCE_MAPPING_NOT_NUMERIC_ACCEPTANCE","tCO2/MWh_Link_input","false"
"Link:ID_Sumatra2 0 Sabatier","Sabatier","Conversion","ID","","false","true","Physical carbon transfer/uptake/vent role requires origin and accepted credit scope; FT transfer not new emission","/home/jin/research/SGP_ESE5004_Stage2/pypsa-asean/results/baseline-aims-3H-tutorial/prenetworks/elec_s_50_ec_lv2.0__3h_2030_0.071_pre_adjusted.nc; current scripts/prepare_sector_network.py","REFERENCE_MAPPING_NOT_NUMERIC_ACCEPTANCE","tCO2/MWh_Link_input","false"
"Link:ID_Sumatra3 0 Sabatier","Sabatier","Conversion","ID","","false","true","Physical carbon transfer/uptake/vent role requires origin and accepted credit scope; FT transfer not new emission","/home/jin/research/SGP_ESE5004_Stage2/pypsa-asean/results/baseline-aims-3H-tutorial/prenetworks/elec_s_50_ec_lv2.0__3h_2030_0.071_pre_adjusted.nc; current scripts/prepare_sector_network.py","REFERENCE_MAPPING_NOT_NUMERIC_ACCEPTANCE","tCO2/MWh_Link_input","false"
"Link:ID_Sumatra3 1 Sabatier","Sabatier","Conversion","ID","","false","true","Physical carbon transfer/uptake/vent role requires origin and accepted credit scope; FT transfer not new emission","/home/jin/research/SGP_ESE5004_Stage2/pypsa-asean/results/baseline-aims-3H-tutorial/prenetworks/elec_s_50_ec_lv2.0__3h_2030_0.071_pre_adjusted.nc; current scripts/prepare_sector_network.py","REFERENCE_MAPPING_NOT_NUMERIC_ACCEPTANCE","tCO2/MWh_Link_input","false"
"Link:KH2 0 Sabatier","Sabatier","Conversion","KH","","false","true","Physical carbon transfer/uptake/vent role requires origin and accepted credit scope; FT transfer not new emission","/home/jin/research/SGP_ESE5004_Stage2/pypsa-asean/results/baseline-aims-3H-tutorial/prenetworks/elec_s_50_ec_lv2.0__3h_2030_0.071_pre_adjusted.nc; current scripts/prepare_sector_network.py","REFERENCE_MAPPING_NOT_NUMERIC_ACCEPTANCE","tCO2/MWh_Link_input","false"
"Link:LA2 0 Sabatier","Sabatier","Conversion","LA","","false","true","Physical carbon transfer/uptake/vent role requires origin and accepted credit scope; FT transfer not new emission","/home/jin/research/SGP_ESE5004_Stage2/pypsa-asean/results/baseline-aims-3H-tutorial/prenetworks/elec_s_50_ec_lv2.0__3h_2030_0.071_pre_adjusted.nc; current scripts/prepare_sector_network.py","REFERENCE_MAPPING_NOT_NUMERIC_ACCEPTANCE","tCO2/MWh_Link_input","false"
"Link:LA2 1 Sabatier","Sabatier","Conversion","LA","","false","true","Physical carbon transfer/uptake/vent role requires origin and accepted credit scope; FT transfer not new emission","/home/jin/research/SGP_ESE5004_Stage2/pypsa-asean/results/baseline-aims-3H-tutorial/prenetworks/elec_s_50_ec_lv2.0__3h_2030_0.071_pre_adjusted.nc; current scripts/prepare_sector_network.py","REFERENCE_MAPPING_NOT_NUMERIC_ACCEPTANCE","tCO2/MWh_Link_input","false"
"Link:MM2 0 Sabatier","Sabatier","Conversion","MM","","false","true","Physical carbon transfer/uptake/vent role requires origin and accepted credit scope; FT transfer not new emission","/home/jin/research/SGP_ESE5004_Stage2/pypsa-asean/results/baseline-aims-3H-tutorial/prenetworks/elec_s_50_ec_lv2.0__3h_2030_0.071_pre_adjusted.nc; current scripts/prepare_sector_network.py","REFERENCE_MAPPING_NOT_NUMERIC_ACCEPTANCE","tCO2/MWh_Link_input","false"
"Link:MM2 1 Sabatier","Sabatier","Conversion","MM","","false","true","Physical carbon transfer/uptake/vent role requires origin and accepted credit scope; FT transfer not new emission","/home/jin/research/SGP_ESE5004_Stage2/pypsa-asean/results/baseline-aims-3H-tutorial/prenetworks/elec_s_50_ec_lv2.0__3h_2030_0.071_pre_adjusted.nc; current scripts/prepare_sector_network.py","REFERENCE_MAPPING_NOT_NUMERIC_ACCEPTANCE","tCO2/MWh_Link_input","false"
"Link:MM2 2 Sabatier","Sabatier","Conversion","MM","","false","true","Physical carbon transfer/uptake/vent role requires origin and accepted credit scope; FT transfer not new emission","/home/jin/research/SGP_ESE5004_Stage2/pypsa-asean/results/baseline-aims-3H-tutorial/prenetworks/elec_s_50_ec_lv2.0__3h_2030_0.071_pre_adjusted.nc; current scripts/prepare_sector_network.py","REFERENCE_MAPPING_NOT_NUMERIC_ACCEPTANCE","tCO2/MWh_Link_input","false"
"Link:MM2 3 Sabatier","Sabatier","Conversion","MM","","false","true","Physical carbon transfer/uptake/vent role requires origin and accepted credit scope; FT transfer not new emission","/home/jin/research/SGP_ESE5004_Stage2/pypsa-asean/results/baseline-aims-3H-tutorial/prenetworks/elec_s_50_ec_lv2.0__3h_2030_0.071_pre_adjusted.nc; current scripts/prepare_sector_network.py","REFERENCE_MAPPING_NOT_NUMERIC_ACCEPTANCE","tCO2/MWh_Link_input","false"
"Link:MM2 4 Sabatier","Sabatier","Conversion","MM","","false","true","Physical carbon transfer/uptake/vent role requires origin and accepted credit scope; FT transfer not new emission","/home/jin/research/SGP_ESE5004_Stage2/pypsa-asean/results/baseline-aims-3H-tutorial/prenetworks/elec_s_50_ec_lv2.0__3h_2030_0.071_pre_adjusted.nc; current scripts/prepare_sector_network.py","REFERENCE_MAPPING_NOT_NUMERIC_ACCEPTANCE","tCO2/MWh_Link_input","false"
"Link:MM2 5 Sabatier","Sabatier","Conversion","MM","","false","true","Physical carbon transfer/uptake/vent role requires origin and accepted credit scope; FT transfer not new emission","/home/jin/research/SGP_ESE5004_Stage2/pypsa-asean/results/baseline-aims-3H-tutorial/prenetworks/elec_s_50_ec_lv2.0__3h_2030_0.071_pre_adjusted.nc; current scripts/prepare_sector_network.py","REFERENCE_MAPPING_NOT_NUMERIC_ACCEPTANCE","tCO2/MWh_Link_input","false"
"Link:MM2 6 Sabatier","Sabatier","Conversion","MM","","false","true","Physical carbon transfer/uptake/vent role requires origin and accepted credit scope; FT transfer not new emission","/home/jin/research/SGP_ESE5004_Stage2/pypsa-asean/results/baseline-aims-3H-tutorial/prenetworks/elec_s_50_ec_lv2.0__3h_2030_0.071_pre_adjusted.nc; current scripts/prepare_sector_network.py","REFERENCE_MAPPING_NOT_NUMERIC_ACCEPTANCE","tCO2/MWh_Link_input","false"
"Link:MY_Peninsular2 0 Sabatier","Sabatier","Conversion","MY","","false","true","Physical carbon transfer/uptake/vent role requires origin and accepted credit scope; FT transfer not new emission","/home/jin/research/SGP_ESE5004_Stage2/pypsa-asean/results/baseline-aims-3H-tutorial/prenetworks/elec_s_50_ec_lv2.0__3h_2030_0.071_pre_adjusted.nc; current scripts/prepare_sector_network.py","REFERENCE_MAPPING_NOT_NUMERIC_ACCEPTANCE","tCO2/MWh_Link_input","false"
"Link:MY_Sabah4 0 Sabatier","Sabatier","Conversion","MY","","false","true","Physical carbon transfer/uptake/vent role requires origin and accepted credit scope; FT transfer not new emission","/home/jin/research/SGP_ESE5004_Stage2/pypsa-asean/results/baseline-aims-3H-tutorial/prenetworks/elec_s_50_ec_lv2.0__3h_2030_0.071_pre_adjusted.nc; current scripts/prepare_sector_network.py","REFERENCE_MAPPING_NOT_NUMERIC_ACCEPTANCE","tCO2/MWh_Link_input","false"
"Link:MY_Sarawak4 0 Sabatier","Sabatier","Conversion","MY","","false","true","Physical carbon transfer/uptake/vent role requires origin and accepted credit scope; FT transfer not new emission","/home/jin/research/SGP_ESE5004_Stage2/pypsa-asean/results/baseline-aims-3H-tutorial/prenetworks/elec_s_50_ec_lv2.0__3h_2030_0.071_pre_adjusted.nc; current scripts/prepare_sector_network.py","REFERENCE_MAPPING_NOT_NUMERIC_ACCEPTANCE","tCO2/MWh_Link_input","false"
"Link:PH5 0 Sabatier","Sabatier","Conversion","PH","","false","true","Physical carbon transfer/uptake/vent role requires origin and accepted credit scope; FT transfer not new emission","/home/jin/research/SGP_ESE5004_Stage2/pypsa-asean/results/baseline-aims-3H-tutorial/prenetworks/elec_s_50_ec_lv2.0__3h_2030_0.071_pre_adjusted.nc; current scripts/prepare_sector_network.py","REFERENCE_MAPPING_NOT_NUMERIC_ACCEPTANCE","tCO2/MWh_Link_input","false"
"Link:PH_Luzon5 0 Sabatier","Sabatier","Conversion","PH","","false","true","Physical carbon transfer/uptake/vent role requires origin and accepted credit scope; FT transfer not new emission","/home/jin/research/SGP_ESE5004_Stage2/pypsa-asean/results/baseline-aims-3H-tutorial/prenetworks/elec_s_50_ec_lv2.0__3h_2030_0.071_pre_adjusted.nc; current scripts/prepare_sector_network.py","REFERENCE_MAPPING_NOT_NUMERIC_ACCEPTANCE","tCO2/MWh_Link_input","false"
"Link:PH_Luzon9 0 Sabatier","Sabatier","Conversion","PH","","false","true","Physical carbon transfer/uptake/vent role requires origin and accepted credit scope; FT transfer not new emission","/home/jin/research/SGP_ESE5004_Stage2/pypsa-asean/results/baseline-aims-3H-tutorial/prenetworks/elec_s_50_ec_lv2.0__3h_2030_0.071_pre_adjusted.nc; current scripts/prepare_sector_network.py","REFERENCE_MAPPING_NOT_NUMERIC_ACCEPTANCE","tCO2/MWh_Link_input","false"
"Link:PH_Mindanao6 0 Sabatier","Sabatier","Conversion","PH","","false","true","Physical carbon transfer/uptake/vent role requires origin and accepted credit scope; FT transfer not new emission","/home/jin/research/SGP_ESE5004_Stage2/pypsa-asean/results/baseline-aims-3H-tutorial/prenetworks/elec_s_50_ec_lv2.0__3h_2030_0.071_pre_adjusted.nc; current scripts/prepare_sector_network.py","REFERENCE_MAPPING_NOT_NUMERIC_ACCEPTANCE","tCO2/MWh_Link_input","false"
"Link:PH_Visayas10 0 Sabatier","Sabatier","Conversion","PH","","false","true","Physical carbon transfer/uptake/vent role requires origin and accepted credit scope; FT transfer not new emission","/home/jin/research/SGP_ESE5004_Stage2/pypsa-asean/results/baseline-aims-3H-tutorial/prenetworks/elec_s_50_ec_lv2.0__3h_2030_0.071_pre_adjusted.nc; current scripts/prepare_sector_network.py","REFERENCE_MAPPING_NOT_NUMERIC_ACCEPTANCE","tCO2/MWh_Link_input","false"
"Link:PH_Visayas7 0 Sabatier","Sabatier","Conversion","PH","","false","true","Physical carbon transfer/uptake/vent role requires origin and accepted credit scope; FT transfer not new emission","/home/jin/research/SGP_ESE5004_Stage2/pypsa-asean/results/baseline-aims-3H-tutorial/prenetworks/elec_s_50_ec_lv2.0__3h_2030_0.071_pre_adjusted.nc; current scripts/prepare_sector_network.py","REFERENCE_MAPPING_NOT_NUMERIC_ACCEPTANCE","tCO2/MWh_Link_input","false"
"Link:SG2 0 Sabatier","Sabatier","Conversion","SG","","false","true","Physical carbon transfer/uptake/vent role requires origin and accepted credit scope; FT transfer not new emission","/home/jin/research/SGP_ESE5004_Stage2/pypsa-asean/results/baseline-aims-3H-tutorial/prenetworks/elec_s_50_ec_lv2.0__3h_2030_0.071_pre_adjusted.nc; current scripts/prepare_sector_network.py","REFERENCE_MAPPING_NOT_NUMERIC_ACCEPTANCE","tCO2/MWh_Link_input","false"
"Link:TH2 0 Sabatier","Sabatier","Conversion","TH","","false","true","Physical carbon transfer/uptake/vent role requires origin and accepted credit scope; FT transfer not new emission","/home/jin/research/SGP_ESE5004_Stage2/pypsa-asean/results/baseline-aims-3H-tutorial/prenetworks/elec_s_50_ec_lv2.0__3h_2030_0.071_pre_adjusted.nc; current scripts/prepare_sector_network.py","REFERENCE_MAPPING_NOT_NUMERIC_ACCEPTANCE","tCO2/MWh_Link_input","false"
"Link:TH2 1 Sabatier","Sabatier","Conversion","TH","","false","true","Physical carbon transfer/uptake/vent role requires origin and accepted credit scope; FT transfer not new emission","/home/jin/research/SGP_ESE5004_Stage2/pypsa-asean/results/baseline-aims-3H-tutorial/prenetworks/elec_s_50_ec_lv2.0__3h_2030_0.071_pre_adjusted.nc; current scripts/prepare_sector_network.py","REFERENCE_MAPPING_NOT_NUMERIC_ACCEPTANCE","tCO2/MWh_Link_input","false"
"Link:TL11 0 Sabatier","Sabatier","Conversion","TL","","false","true","Physical carbon transfer/uptake/vent role requires origin and accepted credit scope; FT transfer not new emission","/home/jin/research/SGP_ESE5004_Stage2/pypsa-asean/results/baseline-aims-3H-tutorial/prenetworks/elec_s_50_ec_lv2.0__3h_2030_0.071_pre_adjusted.nc; current scripts/prepare_sector_network.py","REFERENCE_MAPPING_NOT_NUMERIC_ACCEPTANCE","tCO2/MWh_Link_input","false"
"Link:VN2 0 Sabatier","Sabatier","Conversion","VN","","false","true","Physical carbon transfer/uptake/vent role requires origin and accepted credit scope; FT transfer not new emission","/home/jin/research/SGP_ESE5004_Stage2/pypsa-asean/results/baseline-aims-3H-tutorial/prenetworks/elec_s_50_ec_lv2.0__3h_2030_0.071_pre_adjusted.nc; current scripts/prepare_sector_network.py","REFERENCE_MAPPING_NOT_NUMERIC_ACCEPTANCE","tCO2/MWh_Link_input","false"
"Link:VN2 1 Sabatier","Sabatier","Conversion","VN","","false","true","Physical carbon transfer/uptake/vent role requires origin and accepted credit scope; FT transfer not new emission","/home/jin/research/SGP_ESE5004_Stage2/pypsa-asean/results/baseline-aims-3H-tutorial/prenetworks/elec_s_50_ec_lv2.0__3h_2030_0.071_pre_adjusted.nc; current scripts/prepare_sector_network.py","REFERENCE_MAPPING_NOT_NUMERIC_ACCEPTANCE","tCO2/MWh_Link_input","false"
"Link:VN2 2 Sabatier","Sabatier","Conversion","VN","","false","true","Physical carbon transfer/uptake/vent role requires origin and accepted credit scope; FT transfer not new emission","/home/jin/research/SGP_ESE5004_Stage2/pypsa-asean/results/baseline-aims-3H-tutorial/prenetworks/elec_s_50_ec_lv2.0__3h_2030_0.071_pre_adjusted.nc; current scripts/prepare_sector_network.py","REFERENCE_MAPPING_NOT_NUMERIC_ACCEPTANCE","tCO2/MWh_Link_input","false"
"Link:BN4 0 helmeth","helmeth","Conversion","BN","","false","true","Physical carbon transfer/uptake/vent role requires origin and accepted credit scope; FT transfer not new emission","/home/jin/research/SGP_ESE5004_Stage2/pypsa-asean/results/baseline-aims-3H-tutorial/prenetworks/elec_s_50_ec_lv2.0__3h_2030_0.071_pre_adjusted.nc; current scripts/prepare_sector_network.py","REFERENCE_MAPPING_NOT_NUMERIC_ACCEPTANCE","tCO2/MWh_Link_input","false"
"Link:ID_Java-Bali1 0 helmeth","helmeth","Conversion","ID","","false","true","Physical carbon transfer/uptake/vent role requires origin and accepted credit scope; FT transfer not new emission","/home/jin/research/SGP_ESE5004_Stage2/pypsa-asean/results/baseline-aims-3H-tutorial/prenetworks/elec_s_50_ec_lv2.0__3h_2030_0.071_pre_adjusted.nc; current scripts/prepare_sector_network.py","REFERENCE_MAPPING_NOT_NUMERIC_ACCEPTANCE","tCO2/MWh_Link_input","false"
"Link:ID_Kalimantan4 0 helmeth","helmeth","Conversion","ID","","false","true","Physical carbon transfer/uptake/vent role requires origin and accepted credit scope; FT transfer not new emission","/home/jin/research/SGP_ESE5004_Stage2/pypsa-asean/results/baseline-aims-3H-tutorial/prenetworks/elec_s_50_ec_lv2.0__3h_2030_0.071_pre_adjusted.nc; current scripts/prepare_sector_network.py","REFERENCE_MAPPING_NOT_NUMERIC_ACCEPTANCE","tCO2/MWh_Link_input","false"
"Link:ID_Kalimantan4 1 helmeth","helmeth","Conversion","ID","","false","true","Physical carbon transfer/uptake/vent role requires origin and accepted credit scope; FT transfer not new emission","/home/jin/research/SGP_ESE5004_Stage2/pypsa-asean/results/baseline-aims-3H-tutorial/prenetworks/elec_s_50_ec_lv2.0__3h_2030_0.071_pre_adjusted.nc; current scripts/prepare_sector_network.py","REFERENCE_MAPPING_NOT_NUMERIC_ACCEPTANCE","tCO2/MWh_Link_input","false"
"Link:ID_Kalimantan4 2 helmeth","helmeth","Conversion","ID","","false","true","Physical carbon transfer/uptake/vent role requires origin and accepted credit scope; FT transfer not new emission","/home/jin/research/SGP_ESE5004_Stage2/pypsa-asean/results/baseline-aims-3H-tutorial/prenetworks/elec_s_50_ec_lv2.0__3h_2030_0.071_pre_adjusted.nc; current scripts/prepare_sector_network.py","REFERENCE_MAPPING_NOT_NUMERIC_ACCEPTANCE","tCO2/MWh_Link_input","false"
"Link:ID_Kalimantan4 3 helmeth","helmeth","Conversion","ID","","false","true","Physical carbon transfer/uptake/vent role requires origin and accepted credit scope; FT transfer not new emission","/home/jin/research/SGP_ESE5004_Stage2/pypsa-asean/results/baseline-aims-3H-tutorial/prenetworks/elec_s_50_ec_lv2.0__3h_2030_0.071_pre_adjusted.nc; current scripts/prepare_sector_network.py","REFERENCE_MAPPING_NOT_NUMERIC_ACCEPTANCE","tCO2/MWh_Link_input","false"
"Link:ID_Kalimantan4 4 helmeth","helmeth","Conversion","ID","","false","true","Physical carbon transfer/uptake/vent role requires origin and accepted credit scope; FT transfer not new emission","/home/jin/research/SGP_ESE5004_Stage2/pypsa-asean/results/baseline-aims-3H-tutorial/prenetworks/elec_s_50_ec_lv2.0__3h_2030_0.071_pre_adjusted.nc; current scripts/prepare_sector_network.py","REFERENCE_MAPPING_NOT_NUMERIC_ACCEPTANCE","tCO2/MWh_Link_input","false"
"Link:ID_Kalimantan4 5 helmeth","helmeth","Conversion","ID","","false","true","Physical carbon transfer/uptake/vent role requires origin and accepted credit scope; FT transfer not new emission","/home/jin/research/SGP_ESE5004_Stage2/pypsa-asean/results/baseline-aims-3H-tutorial/prenetworks/elec_s_50_ec_lv2.0__3h_2030_0.071_pre_adjusted.nc; current scripts/prepare_sector_network.py","REFERENCE_MAPPING_NOT_NUMERIC_ACCEPTANCE","tCO2/MWh_Link_input","false"
"Link:ID_Maluku16 0 helmeth","helmeth","Conversion","ID","","false","true","Physical carbon transfer/uptake/vent role requires origin and accepted credit scope; FT transfer not new emission","/home/jin/research/SGP_ESE5004_Stage2/pypsa-asean/results/baseline-aims-3H-tutorial/prenetworks/elec_s_50_ec_lv2.0__3h_2030_0.071_pre_adjusted.nc; current scripts/prepare_sector_network.py","REFERENCE_MAPPING_NOT_NUMERIC_ACCEPTANCE","tCO2/MWh_Link_input","false"
"Link:ID_Maluku17 0 helmeth","helmeth","Conversion","ID","","false","true","Physical carbon transfer/uptake/vent role requires origin and accepted credit scope; FT transfer not new emission","/home/jin/research/SGP_ESE5004_Stage2/pypsa-asean/results/baseline-aims-3H-tutorial/prenetworks/elec_s_50_ec_lv2.0__3h_2030_0.071_pre_adjusted.nc; current scripts/prepare_sector_network.py","REFERENCE_MAPPING_NOT_NUMERIC_ACCEPTANCE","tCO2/MWh_Link_input","false"
"Link:ID_Maluku8 0 helmeth","helmeth","Conversion","ID","","false","true","Physical carbon transfer/uptake/vent role requires origin and accepted credit scope; FT transfer not new emission","/home/jin/research/SGP_ESE5004_Stage2/pypsa-asean/results/baseline-aims-3H-tutorial/prenetworks/elec_s_50_ec_lv2.0__3h_2030_0.071_pre_adjusted.nc; current scripts/prepare_sector_network.py","REFERENCE_MAPPING_NOT_NUMERIC_ACCEPTANCE","tCO2/MWh_Link_input","false"
"Link:ID_Nusa-Tenggara12 0 helmeth","helmeth","Conversion","ID","","false","true","Physical carbon transfer/uptake/vent role requires origin and accepted credit scope; FT transfer not new emission","/home/jin/research/SGP_ESE5004_Stage2/pypsa-asean/results/baseline-aims-3H-tutorial/prenetworks/elec_s_50_ec_lv2.0__3h_2030_0.071_pre_adjusted.nc; current scripts/prepare_sector_network.py","REFERENCE_MAPPING_NOT_NUMERIC_ACCEPTANCE","tCO2/MWh_Link_input","false"
"Link:ID_Nusa-Tenggara13 0 helmeth","helmeth","Conversion","ID","","false","true","Physical carbon transfer/uptake/vent role requires origin and accepted credit scope; FT transfer not new emission","/home/jin/research/SGP_ESE5004_Stage2/pypsa-asean/results/baseline-aims-3H-tutorial/prenetworks/elec_s_50_ec_lv2.0__3h_2030_0.071_pre_adjusted.nc; current scripts/prepare_sector_network.py","REFERENCE_MAPPING_NOT_NUMERIC_ACCEPTANCE","tCO2/MWh_Link_input","false"
"Link:ID_Nusa-Tenggara14 0 helmeth","helmeth","Conversion","ID","","false","true","Physical carbon transfer/uptake/vent role requires origin and accepted credit scope; FT transfer not new emission","/home/jin/research/SGP_ESE5004_Stage2/pypsa-asean/results/baseline-aims-3H-tutorial/prenetworks/elec_s_50_ec_lv2.0__3h_2030_0.071_pre_adjusted.nc; current scripts/prepare_sector_network.py","REFERENCE_MAPPING_NOT_NUMERIC_ACCEPTANCE","tCO2/MWh_Link_input","false"
"Link:ID_Nusa-Tenggara15 0 helmeth","helmeth","Conversion","ID","","false","true","Physical carbon transfer/uptake/vent role requires origin and accepted credit scope; FT transfer not new emission","/home/jin/research/SGP_ESE5004_Stage2/pypsa-asean/results/baseline-aims-3H-tutorial/prenetworks/elec_s_50_ec_lv2.0__3h_2030_0.071_pre_adjusted.nc; current scripts/prepare_sector_network.py","REFERENCE_MAPPING_NOT_NUMERIC_ACCEPTANCE","tCO2/MWh_Link_input","false"
"Link:ID_Papua18 0 helmeth","helmeth","Conversion","ID","","false","true","Physical carbon transfer/uptake/vent role requires origin and accepted credit scope; FT transfer not new emission","/home/jin/research/SGP_ESE5004_Stage2/pypsa-asean/results/baseline-aims-3H-tutorial/prenetworks/elec_s_50_ec_lv2.0__3h_2030_0.071_pre_adjusted.nc; current scripts/prepare_sector_network.py","REFERENCE_MAPPING_NOT_NUMERIC_ACCEPTANCE","tCO2/MWh_Link_input","false"
"Link:ID_Papua19 0 helmeth","helmeth","Conversion","ID","","false","true","Physical carbon transfer/uptake/vent role requires origin and accepted credit scope; FT transfer not new emission","/home/jin/research/SGP_ESE5004_Stage2/pypsa-asean/results/baseline-aims-3H-tutorial/prenetworks/elec_s_50_ec_lv2.0__3h_2030_0.071_pre_adjusted.nc; current scripts/prepare_sector_network.py","REFERENCE_MAPPING_NOT_NUMERIC_ACCEPTANCE","tCO2/MWh_Link_input","false"
"Link:ID_Papua20 0 helmeth","helmeth","Conversion","ID","","false","true","Physical carbon transfer/uptake/vent role requires origin and accepted credit scope; FT transfer not new emission","/home/jin/research/SGP_ESE5004_Stage2/pypsa-asean/results/baseline-aims-3H-tutorial/prenetworks/elec_s_50_ec_lv2.0__3h_2030_0.071_pre_adjusted.nc; current scripts/prepare_sector_network.py","REFERENCE_MAPPING_NOT_NUMERIC_ACCEPTANCE","tCO2/MWh_Link_input","false"
"Link:ID_Sulawesi0 0 helmeth","helmeth","Conversion","ID","","false","true","Physical carbon transfer/uptake/vent role requires origin and accepted credit scope; FT transfer not new emission","/home/jin/research/SGP_ESE5004_Stage2/pypsa-asean/results/baseline-aims-3H-tutorial/prenetworks/elec_s_50_ec_lv2.0__3h_2030_0.071_pre_adjusted.nc; current scripts/prepare_sector_network.py","REFERENCE_MAPPING_NOT_NUMERIC_ACCEPTANCE","tCO2/MWh_Link_input","false"
"Link:ID_Sumatra2 0 helmeth","helmeth","Conversion","ID","","false","true","Physical carbon transfer/uptake/vent role requires origin and accepted credit scope; FT transfer not new emission","/home/jin/research/SGP_ESE5004_Stage2/pypsa-asean/results/baseline-aims-3H-tutorial/prenetworks/elec_s_50_ec_lv2.0__3h_2030_0.071_pre_adjusted.nc; current scripts/prepare_sector_network.py","REFERENCE_MAPPING_NOT_NUMERIC_ACCEPTANCE","tCO2/MWh_Link_input","false"
"Link:ID_Sumatra3 0 helmeth","helmeth","Conversion","ID","","false","true","Physical carbon transfer/uptake/vent role requires origin and accepted credit scope; FT transfer not new emission","/home/jin/research/SGP_ESE5004_Stage2/pypsa-asean/results/baseline-aims-3H-tutorial/prenetworks/elec_s_50_ec_lv2.0__3h_2030_0.071_pre_adjusted.nc; current scripts/prepare_sector_network.py","REFERENCE_MAPPING_NOT_NUMERIC_ACCEPTANCE","tCO2/MWh_Link_input","false"
"Link:ID_Sumatra3 1 helmeth","helmeth","Conversion","ID","","false","true","Physical carbon transfer/uptake/vent role requires origin and accepted credit scope; FT transfer not new emission","/home/jin/research/SGP_ESE5004_Stage2/pypsa-asean/results/baseline-aims-3H-tutorial/prenetworks/elec_s_50_ec_lv2.0__3h_2030_0.071_pre_adjusted.nc; current scripts/prepare_sector_network.py","REFERENCE_MAPPING_NOT_NUMERIC_ACCEPTANCE","tCO2/MWh_Link_input","false"
"Link:KH2 0 helmeth","helmeth","Conversion","KH","","false","true","Physical carbon transfer/uptake/vent role requires origin and accepted credit scope; FT transfer not new emission","/home/jin/research/SGP_ESE5004_Stage2/pypsa-asean/results/baseline-aims-3H-tutorial/prenetworks/elec_s_50_ec_lv2.0__3h_2030_0.071_pre_adjusted.nc; current scripts/prepare_sector_network.py","REFERENCE_MAPPING_NOT_NUMERIC_ACCEPTANCE","tCO2/MWh_Link_input","false"
"Link:LA2 0 helmeth","helmeth","Conversion","LA","","false","true","Physical carbon transfer/uptake/vent role requires origin and accepted credit scope; FT transfer not new emission","/home/jin/research/SGP_ESE5004_Stage2/pypsa-asean/results/baseline-aims-3H-tutorial/prenetworks/elec_s_50_ec_lv2.0__3h_2030_0.071_pre_adjusted.nc; current scripts/prepare_sector_network.py","REFERENCE_MAPPING_NOT_NUMERIC_ACCEPTANCE","tCO2/MWh_Link_input","false"
"Link:LA2 1 helmeth","helmeth","Conversion","LA","","false","true","Physical carbon transfer/uptake/vent role requires origin and accepted credit scope; FT transfer not new emission","/home/jin/research/SGP_ESE5004_Stage2/pypsa-asean/results/baseline-aims-3H-tutorial/prenetworks/elec_s_50_ec_lv2.0__3h_2030_0.071_pre_adjusted.nc; current scripts/prepare_sector_network.py","REFERENCE_MAPPING_NOT_NUMERIC_ACCEPTANCE","tCO2/MWh_Link_input","false"
"Link:MM2 0 helmeth","helmeth","Conversion","MM","","false","true","Physical carbon transfer/uptake/vent role requires origin and accepted credit scope; FT transfer not new emission","/home/jin/research/SGP_ESE5004_Stage2/pypsa-asean/results/baseline-aims-3H-tutorial/prenetworks/elec_s_50_ec_lv2.0__3h_2030_0.071_pre_adjusted.nc; current scripts/prepare_sector_network.py","REFERENCE_MAPPING_NOT_NUMERIC_ACCEPTANCE","tCO2/MWh_Link_input","false"
"Link:MM2 1 helmeth","helmeth","Conversion","MM","","false","true","Physical carbon transfer/uptake/vent role requires origin and accepted credit scope; FT transfer not new emission","/home/jin/research/SGP_ESE5004_Stage2/pypsa-asean/results/baseline-aims-3H-tutorial/prenetworks/elec_s_50_ec_lv2.0__3h_2030_0.071_pre_adjusted.nc; current scripts/prepare_sector_network.py","REFERENCE_MAPPING_NOT_NUMERIC_ACCEPTANCE","tCO2/MWh_Link_input","false"
"Link:MM2 2 helmeth","helmeth","Conversion","MM","","false","true","Physical carbon transfer/uptake/vent role requires origin and accepted credit scope; FT transfer not new emission","/home/jin/research/SGP_ESE5004_Stage2/pypsa-asean/results/baseline-aims-3H-tutorial/prenetworks/elec_s_50_ec_lv2.0__3h_2030_0.071_pre_adjusted.nc; current scripts/prepare_sector_network.py","REFERENCE_MAPPING_NOT_NUMERIC_ACCEPTANCE","tCO2/MWh_Link_input","false"
"Link:MM2 3 helmeth","helmeth","Conversion","MM","","false","true","Physical carbon transfer/uptake/vent role requires origin and accepted credit scope; FT transfer not new emission","/home/jin/research/SGP_ESE5004_Stage2/pypsa-asean/results/baseline-aims-3H-tutorial/prenetworks/elec_s_50_ec_lv2.0__3h_2030_0.071_pre_adjusted.nc; current scripts/prepare_sector_network.py","REFERENCE_MAPPING_NOT_NUMERIC_ACCEPTANCE","tCO2/MWh_Link_input","false"
"Link:MM2 4 helmeth","helmeth","Conversion","MM","","false","true","Physical carbon transfer/uptake/vent role requires origin and accepted credit scope; FT transfer not new emission","/home/jin/research/SGP_ESE5004_Stage2/pypsa-asean/results/baseline-aims-3H-tutorial/prenetworks/elec_s_50_ec_lv2.0__3h_2030_0.071_pre_adjusted.nc; current scripts/prepare_sector_network.py","REFERENCE_MAPPING_NOT_NUMERIC_ACCEPTANCE","tCO2/MWh_Link_input","false"
"Link:MM2 5 helmeth","helmeth","Conversion","MM","","false","true","Physical carbon transfer/uptake/vent role requires origin and accepted credit scope; FT transfer not new emission","/home/jin/research/SGP_ESE5004_Stage2/pypsa-asean/results/baseline-aims-3H-tutorial/prenetworks/elec_s_50_ec_lv2.0__3h_2030_0.071_pre_adjusted.nc; current scripts/prepare_sector_network.py","REFERENCE_MAPPING_NOT_NUMERIC_ACCEPTANCE","tCO2/MWh_Link_input","false"
"Link:MM2 6 helmeth","helmeth","Conversion","MM","","false","true","Physical carbon transfer/uptake/vent role requires origin and accepted credit scope; FT transfer not new emission","/home/jin/research/SGP_ESE5004_Stage2/pypsa-asean/results/baseline-aims-3H-tutorial/prenetworks/elec_s_50_ec_lv2.0__3h_2030_0.071_pre_adjusted.nc; current scripts/prepare_sector_network.py","REFERENCE_MAPPING_NOT_NUMERIC_ACCEPTANCE","tCO2/MWh_Link_input","false"
"Link:MY_Peninsular2 0 helmeth","helmeth","Conversion","MY","","false","true","Physical carbon transfer/uptake/vent role requires origin and accepted credit scope; FT transfer not new emission","/home/jin/research/SGP_ESE5004_Stage2/pypsa-asean/results/baseline-aims-3H-tutorial/prenetworks/elec_s_50_ec_lv2.0__3h_2030_0.071_pre_adjusted.nc; current scripts/prepare_sector_network.py","REFERENCE_MAPPING_NOT_NUMERIC_ACCEPTANCE","tCO2/MWh_Link_input","false"
"Link:MY_Sabah4 0 helmeth","helmeth","Conversion","MY","","false","true","Physical carbon transfer/uptake/vent role requires origin and accepted credit scope; FT transfer not new emission","/home/jin/research/SGP_ESE5004_Stage2/pypsa-asean/results/baseline-aims-3H-tutorial/prenetworks/elec_s_50_ec_lv2.0__3h_2030_0.071_pre_adjusted.nc; current scripts/prepare_sector_network.py","REFERENCE_MAPPING_NOT_NUMERIC_ACCEPTANCE","tCO2/MWh_Link_input","false"
"Link:MY_Sarawak4 0 helmeth","helmeth","Conversion","MY","","false","true","Physical carbon transfer/uptake/vent role requires origin and accepted credit scope; FT transfer not new emission","/home/jin/research/SGP_ESE5004_Stage2/pypsa-asean/results/baseline-aims-3H-tutorial/prenetworks/elec_s_50_ec_lv2.0__3h_2030_0.071_pre_adjusted.nc; current scripts/prepare_sector_network.py","REFERENCE_MAPPING_NOT_NUMERIC_ACCEPTANCE","tCO2/MWh_Link_input","false"
"Link:PH5 0 helmeth","helmeth","Conversion","PH","","false","true","Physical carbon transfer/uptake/vent role requires origin and accepted credit scope; FT transfer not new emission","/home/jin/research/SGP_ESE5004_Stage2/pypsa-asean/results/baseline-aims-3H-tutorial/prenetworks/elec_s_50_ec_lv2.0__3h_2030_0.071_pre_adjusted.nc; current scripts/prepare_sector_network.py","REFERENCE_MAPPING_NOT_NUMERIC_ACCEPTANCE","tCO2/MWh_Link_input","false"
"Link:PH_Luzon5 0 helmeth","helmeth","Conversion","PH","","false","true","Physical carbon transfer/uptake/vent role requires origin and accepted credit scope; FT transfer not new emission","/home/jin/research/SGP_ESE5004_Stage2/pypsa-asean/results/baseline-aims-3H-tutorial/prenetworks/elec_s_50_ec_lv2.0__3h_2030_0.071_pre_adjusted.nc; current scripts/prepare_sector_network.py","REFERENCE_MAPPING_NOT_NUMERIC_ACCEPTANCE","tCO2/MWh_Link_input","false"
"Link:PH_Luzon9 0 helmeth","helmeth","Conversion","PH","","false","true","Physical carbon transfer/uptake/vent role requires origin and accepted credit scope; FT transfer not new emission","/home/jin/research/SGP_ESE5004_Stage2/pypsa-asean/results/baseline-aims-3H-tutorial/prenetworks/elec_s_50_ec_lv2.0__3h_2030_0.071_pre_adjusted.nc; current scripts/prepare_sector_network.py","REFERENCE_MAPPING_NOT_NUMERIC_ACCEPTANCE","tCO2/MWh_Link_input","false"
"Link:PH_Mindanao6 0 helmeth","helmeth","Conversion","PH","","false","true","Physical carbon transfer/uptake/vent role requires origin and accepted credit scope; FT transfer not new emission","/home/jin/research/SGP_ESE5004_Stage2/pypsa-asean/results/baseline-aims-3H-tutorial/prenetworks/elec_s_50_ec_lv2.0__3h_2030_0.071_pre_adjusted.nc; current scripts/prepare_sector_network.py","REFERENCE_MAPPING_NOT_NUMERIC_ACCEPTANCE","tCO2/MWh_Link_input","false"
"Link:PH_Visayas10 0 helmeth","helmeth","Conversion","PH","","false","true","Physical carbon transfer/uptake/vent role requires origin and accepted credit scope; FT transfer not new emission","/home/jin/research/SGP_ESE5004_Stage2/pypsa-asean/results/baseline-aims-3H-tutorial/prenetworks/elec_s_50_ec_lv2.0__3h_2030_0.071_pre_adjusted.nc; current scripts/prepare_sector_network.py","REFERENCE_MAPPING_NOT_NUMERIC_ACCEPTANCE","tCO2/MWh_Link_input","false"
"Link:PH_Visayas7 0 helmeth","helmeth","Conversion","PH","","false","true","Physical carbon transfer/uptake/vent role requires origin and accepted credit scope; FT transfer not new emission","/home/jin/research/SGP_ESE5004_Stage2/pypsa-asean/results/baseline-aims-3H-tutorial/prenetworks/elec_s_50_ec_lv2.0__3h_2030_0.071_pre_adjusted.nc; current scripts/prepare_sector_network.py","REFERENCE_MAPPING_NOT_NUMERIC_ACCEPTANCE","tCO2/MWh_Link_input","false"
"Link:SG2 0 helmeth","helmeth","Conversion","SG","","false","true","Physical carbon transfer/uptake/vent role requires origin and accepted credit scope; FT transfer not new emission","/home/jin/research/SGP_ESE5004_Stage2/pypsa-asean/results/baseline-aims-3H-tutorial/prenetworks/elec_s_50_ec_lv2.0__3h_2030_0.071_pre_adjusted.nc; current scripts/prepare_sector_network.py","REFERENCE_MAPPING_NOT_NUMERIC_ACCEPTANCE","tCO2/MWh_Link_input","false"
"Link:TH2 0 helmeth","helmeth","Conversion","TH","","false","true","Physical carbon transfer/uptake/vent role requires origin and accepted credit scope; FT transfer not new emission","/home/jin/research/SGP_ESE5004_Stage2/pypsa-asean/results/baseline-aims-3H-tutorial/prenetworks/elec_s_50_ec_lv2.0__3h_2030_0.071_pre_adjusted.nc; current scripts/prepare_sector_network.py","REFERENCE_MAPPING_NOT_NUMERIC_ACCEPTANCE","tCO2/MWh_Link_input","false"
"Link:TH2 1 helmeth","helmeth","Conversion","TH","","false","true","Physical carbon transfer/uptake/vent role requires origin and accepted credit scope; FT transfer not new emission","/home/jin/research/SGP_ESE5004_Stage2/pypsa-asean/results/baseline-aims-3H-tutorial/prenetworks/elec_s_50_ec_lv2.0__3h_2030_0.071_pre_adjusted.nc; current scripts/prepare_sector_network.py","REFERENCE_MAPPING_NOT_NUMERIC_ACCEPTANCE","tCO2/MWh_Link_input","false"
"Link:TL11 0 helmeth","helmeth","Conversion","TL","","false","true","Physical carbon transfer/uptake/vent role requires origin and accepted credit scope; FT transfer not new emission","/home/jin/research/SGP_ESE5004_Stage2/pypsa-asean/results/baseline-aims-3H-tutorial/prenetworks/elec_s_50_ec_lv2.0__3h_2030_0.071_pre_adjusted.nc; current scripts/prepare_sector_network.py","REFERENCE_MAPPING_NOT_NUMERIC_ACCEPTANCE","tCO2/MWh_Link_input","false"
"Link:VN2 0 helmeth","helmeth","Conversion","VN","","false","true","Physical carbon transfer/uptake/vent role requires origin and accepted credit scope; FT transfer not new emission","/home/jin/research/SGP_ESE5004_Stage2/pypsa-asean/results/baseline-aims-3H-tutorial/prenetworks/elec_s_50_ec_lv2.0__3h_2030_0.071_pre_adjusted.nc; current scripts/prepare_sector_network.py","REFERENCE_MAPPING_NOT_NUMERIC_ACCEPTANCE","tCO2/MWh_Link_input","false"
"Link:VN2 1 helmeth","helmeth","Conversion","VN","","false","true","Physical carbon transfer/uptake/vent role requires origin and accepted credit scope; FT transfer not new emission","/home/jin/research/SGP_ESE5004_Stage2/pypsa-asean/results/baseline-aims-3H-tutorial/prenetworks/elec_s_50_ec_lv2.0__3h_2030_0.071_pre_adjusted.nc; current scripts/prepare_sector_network.py","REFERENCE_MAPPING_NOT_NUMERIC_ACCEPTANCE","tCO2/MWh_Link_input","false"
"Link:VN2 2 helmeth","helmeth","Conversion","VN","","false","true","Physical carbon transfer/uptake/vent role requires origin and accepted credit scope; FT transfer not new emission","/home/jin/research/SGP_ESE5004_Stage2/pypsa-asean/results/baseline-aims-3H-tutorial/prenetworks/elec_s_50_ec_lv2.0__3h_2030_0.071_pre_adjusted.nc; current scripts/prepare_sector_network.py","REFERENCE_MAPPING_NOT_NUMERIC_ACCEPTANCE","tCO2/MWh_Link_input","false"
"Link:BN4 0 residential rural gas boiler","residential rural gas boiler","Buildings","BN","0.198","false","true","add_heat fuel boiler, not electricity generation","/home/jin/research/SGP_ESE5004_Stage2/pypsa-asean/results/baseline-aims-3H-tutorial/prenetworks/elec_s_50_ec_lv2.0__3h_2030_0.071_pre_adjusted.nc; current scripts/prepare_sector_network.py","REFERENCE_MAPPING_NOT_NUMERIC_ACCEPTANCE","tCO2/MWh_Link_input","false"
"Link:ID_Java-Bali1 0 residential rural gas boiler","residential rural gas boiler","Buildings","ID","0.198","false","true","add_heat fuel boiler, not electricity generation","/home/jin/research/SGP_ESE5004_Stage2/pypsa-asean/results/baseline-aims-3H-tutorial/prenetworks/elec_s_50_ec_lv2.0__3h_2030_0.071_pre_adjusted.nc; current scripts/prepare_sector_network.py","REFERENCE_MAPPING_NOT_NUMERIC_ACCEPTANCE","tCO2/MWh_Link_input","false"
"Link:ID_Kalimantan4 0 residential rural gas boiler","residential rural gas boiler","Buildings","ID","0.198","false","true","add_heat fuel boiler, not electricity generation","/home/jin/research/SGP_ESE5004_Stage2/pypsa-asean/results/baseline-aims-3H-tutorial/prenetworks/elec_s_50_ec_lv2.0__3h_2030_0.071_pre_adjusted.nc; current scripts/prepare_sector_network.py","REFERENCE_MAPPING_NOT_NUMERIC_ACCEPTANCE","tCO2/MWh_Link_input","false"
"Link:ID_Kalimantan4 1 residential rural gas boiler","residential rural gas boiler","Buildings","ID","0.198","false","true","add_heat fuel boiler, not electricity generation","/home/jin/research/SGP_ESE5004_Stage2/pypsa-asean/results/baseline-aims-3H-tutorial/prenetworks/elec_s_50_ec_lv2.0__3h_2030_0.071_pre_adjusted.nc; current scripts/prepare_sector_network.py","REFERENCE_MAPPING_NOT_NUMERIC_ACCEPTANCE","tCO2/MWh_Link_input","false"
"Link:ID_Kalimantan4 2 residential rural gas boiler","residential rural gas boiler","Buildings","ID","0.198","false","true","add_heat fuel boiler, not electricity generation","/home/jin/research/SGP_ESE5004_Stage2/pypsa-asean/results/baseline-aims-3H-tutorial/prenetworks/elec_s_50_ec_lv2.0__3h_2030_0.071_pre_adjusted.nc; current scripts/prepare_sector_network.py","REFERENCE_MAPPING_NOT_NUMERIC_ACCEPTANCE","tCO2/MWh_Link_input","false"
"Link:ID_Kalimantan4 3 residential rural gas boiler","residential rural gas boiler","Buildings","ID","0.198","false","true","add_heat fuel boiler, not electricity generation","/home/jin/research/SGP_ESE5004_Stage2/pypsa-asean/results/baseline-aims-3H-tutorial/prenetworks/elec_s_50_ec_lv2.0__3h_2030_0.071_pre_adjusted.nc; current scripts/prepare_sector_network.py","REFERENCE_MAPPING_NOT_NUMERIC_ACCEPTANCE","tCO2/MWh_Link_input","false"
"Link:ID_Kalimantan4 4 residential rural gas boiler","residential rural gas boiler","Buildings","ID","0.198","false","true","add_heat fuel boiler, not electricity generation","/home/jin/research/SGP_ESE5004_Stage2/pypsa-asean/results/baseline-aims-3H-tutorial/prenetworks/elec_s_50_ec_lv2.0__3h_2030_0.071_pre_adjusted.nc; current scripts/prepare_sector_network.py","REFERENCE_MAPPING_NOT_NUMERIC_ACCEPTANCE","tCO2/MWh_Link_input","false"
"Link:ID_Kalimantan4 5 residential rural gas boiler","residential rural gas boiler","Buildings","ID","0.198","false","true","add_heat fuel boiler, not electricity generation","/home/jin/research/SGP_ESE5004_Stage2/pypsa-asean/results/baseline-aims-3H-tutorial/prenetworks/elec_s_50_ec_lv2.0__3h_2030_0.071_pre_adjusted.nc; current scripts/prepare_sector_network.py","REFERENCE_MAPPING_NOT_NUMERIC_ACCEPTANCE","tCO2/MWh_Link_input","false"
"Link:ID_Maluku16 0 residential rural gas boiler","residential rural gas boiler","Buildings","ID","0.198","false","true","add_heat fuel boiler, not electricity generation","/home/jin/research/SGP_ESE5004_Stage2/pypsa-asean/results/baseline-aims-3H-tutorial/prenetworks/elec_s_50_ec_lv2.0__3h_2030_0.071_pre_adjusted.nc; current scripts/prepare_sector_network.py","REFERENCE_MAPPING_NOT_NUMERIC_ACCEPTANCE","tCO2/MWh_Link_input","false"
"Link:ID_Maluku17 0 residential rural gas boiler","residential rural gas boiler","Buildings","ID","0.198","false","true","add_heat fuel boiler, not electricity generation","/home/jin/research/SGP_ESE5004_Stage2/pypsa-asean/results/baseline-aims-3H-tutorial/prenetworks/elec_s_50_ec_lv2.0__3h_2030_0.071_pre_adjusted.nc; current scripts/prepare_sector_network.py","REFERENCE_MAPPING_NOT_NUMERIC_ACCEPTANCE","tCO2/MWh_Link_input","false"
"Link:ID_Maluku8 0 residential rural gas boiler","residential rural gas boiler","Buildings","ID","0.198","false","true","add_heat fuel boiler, not electricity generation","/home/jin/research/SGP_ESE5004_Stage2/pypsa-asean/results/baseline-aims-3H-tutorial/prenetworks/elec_s_50_ec_lv2.0__3h_2030_0.071_pre_adjusted.nc; current scripts/prepare_sector_network.py","REFERENCE_MAPPING_NOT_NUMERIC_ACCEPTANCE","tCO2/MWh_Link_input","false"
"Link:ID_Nusa-Tenggara12 0 residential rural gas boiler","residential rural gas boiler","Buildings","ID","0.198","false","true","add_heat fuel boiler, not electricity generation","/home/jin/research/SGP_ESE5004_Stage2/pypsa-asean/results/baseline-aims-3H-tutorial/prenetworks/elec_s_50_ec_lv2.0__3h_2030_0.071_pre_adjusted.nc; current scripts/prepare_sector_network.py","REFERENCE_MAPPING_NOT_NUMERIC_ACCEPTANCE","tCO2/MWh_Link_input","false"
"Link:ID_Nusa-Tenggara13 0 residential rural gas boiler","residential rural gas boiler","Buildings","ID","0.198","false","true","add_heat fuel boiler, not electricity generation","/home/jin/research/SGP_ESE5004_Stage2/pypsa-asean/results/baseline-aims-3H-tutorial/prenetworks/elec_s_50_ec_lv2.0__3h_2030_0.071_pre_adjusted.nc; current scripts/prepare_sector_network.py","REFERENCE_MAPPING_NOT_NUMERIC_ACCEPTANCE","tCO2/MWh_Link_input","false"
"Link:ID_Nusa-Tenggara14 0 residential rural gas boiler","residential rural gas boiler","Buildings","ID","0.198","false","true","add_heat fuel boiler, not electricity generation","/home/jin/research/SGP_ESE5004_Stage2/pypsa-asean/results/baseline-aims-3H-tutorial/prenetworks/elec_s_50_ec_lv2.0__3h_2030_0.071_pre_adjusted.nc; current scripts/prepare_sector_network.py","REFERENCE_MAPPING_NOT_NUMERIC_ACCEPTANCE","tCO2/MWh_Link_input","false"
"Link:ID_Nusa-Tenggara15 0 residential rural gas boiler","residential rural gas boiler","Buildings","ID","0.198","false","true","add_heat fuel boiler, not electricity generation","/home/jin/research/SGP_ESE5004_Stage2/pypsa-asean/results/baseline-aims-3H-tutorial/prenetworks/elec_s_50_ec_lv2.0__3h_2030_0.071_pre_adjusted.nc; current scripts/prepare_sector_network.py","REFERENCE_MAPPING_NOT_NUMERIC_ACCEPTANCE","tCO2/MWh_Link_input","false"
"Link:ID_Papua18 0 residential rural gas boiler","residential rural gas boiler","Buildings","ID","0.198","false","true","add_heat fuel boiler, not electricity generation","/home/jin/research/SGP_ESE5004_Stage2/pypsa-asean/results/baseline-aims-3H-tutorial/prenetworks/elec_s_50_ec_lv2.0__3h_2030_0.071_pre_adjusted.nc; current scripts/prepare_sector_network.py","REFERENCE_MAPPING_NOT_NUMERIC_ACCEPTANCE","tCO2/MWh_Link_input","false"
"Link:ID_Papua19 0 residential rural gas boiler","residential rural gas boiler","Buildings","ID","0.198","false","true","add_heat fuel boiler, not electricity generation","/home/jin/research/SGP_ESE5004_Stage2/pypsa-asean/results/baseline-aims-3H-tutorial/prenetworks/elec_s_50_ec_lv2.0__3h_2030_0.071_pre_adjusted.nc; current scripts/prepare_sector_network.py","REFERENCE_MAPPING_NOT_NUMERIC_ACCEPTANCE","tCO2/MWh_Link_input","false"
"Link:ID_Papua20 0 residential rural gas boiler","residential rural gas boiler","Buildings","ID","0.198","false","true","add_heat fuel boiler, not electricity generation","/home/jin/research/SGP_ESE5004_Stage2/pypsa-asean/results/baseline-aims-3H-tutorial/prenetworks/elec_s_50_ec_lv2.0__3h_2030_0.071_pre_adjusted.nc; current scripts/prepare_sector_network.py","REFERENCE_MAPPING_NOT_NUMERIC_ACCEPTANCE","tCO2/MWh_Link_input","false"
"Link:ID_Sulawesi0 0 residential rural gas boiler","residential rural gas boiler","Buildings","ID","0.198","false","true","add_heat fuel boiler, not electricity generation","/home/jin/research/SGP_ESE5004_Stage2/pypsa-asean/results/baseline-aims-3H-tutorial/prenetworks/elec_s_50_ec_lv2.0__3h_2030_0.071_pre_adjusted.nc; current scripts/prepare_sector_network.py","REFERENCE_MAPPING_NOT_NUMERIC_ACCEPTANCE","tCO2/MWh_Link_input","false"
"Link:ID_Sumatra2 0 residential rural gas boiler","residential rural gas boiler","Buildings","ID","0.198","false","true","add_heat fuel boiler, not electricity generation","/home/jin/research/SGP_ESE5004_Stage2/pypsa-asean/results/baseline-aims-3H-tutorial/prenetworks/elec_s_50_ec_lv2.0__3h_2030_0.071_pre_adjusted.nc; current scripts/prepare_sector_network.py","REFERENCE_MAPPING_NOT_NUMERIC_ACCEPTANCE","tCO2/MWh_Link_input","false"
"Link:ID_Sumatra3 0 residential rural gas boiler","residential rural gas boiler","Buildings","ID","0.198","false","true","add_heat fuel boiler, not electricity generation","/home/jin/research/SGP_ESE5004_Stage2/pypsa-asean/results/baseline-aims-3H-tutorial/prenetworks/elec_s_50_ec_lv2.0__3h_2030_0.071_pre_adjusted.nc; current scripts/prepare_sector_network.py","REFERENCE_MAPPING_NOT_NUMERIC_ACCEPTANCE","tCO2/MWh_Link_input","false"
"Link:ID_Sumatra3 1 residential rural gas boiler","residential rural gas boiler","Buildings","ID","0.198","false","true","add_heat fuel boiler, not electricity generation","/home/jin/research/SGP_ESE5004_Stage2/pypsa-asean/results/baseline-aims-3H-tutorial/prenetworks/elec_s_50_ec_lv2.0__3h_2030_0.071_pre_adjusted.nc; current scripts/prepare_sector_network.py","REFERENCE_MAPPING_NOT_NUMERIC_ACCEPTANCE","tCO2/MWh_Link_input","false"
"Link:KH2 0 residential rural gas boiler","residential rural gas boiler","Buildings","KH","0.198","false","true","add_heat fuel boiler, not electricity generation","/home/jin/research/SGP_ESE5004_Stage2/pypsa-asean/results/baseline-aims-3H-tutorial/prenetworks/elec_s_50_ec_lv2.0__3h_2030_0.071_pre_adjusted.nc; current scripts/prepare_sector_network.py","REFERENCE_MAPPING_NOT_NUMERIC_ACCEPTANCE","tCO2/MWh_Link_input","false"
"Link:LA2 0 residential rural gas boiler","residential rural gas boiler","Buildings","LA","0.198","false","true","add_heat fuel boiler, not electricity generation","/home/jin/research/SGP_ESE5004_Stage2/pypsa-asean/results/baseline-aims-3H-tutorial/prenetworks/elec_s_50_ec_lv2.0__3h_2030_0.071_pre_adjusted.nc; current scripts/prepare_sector_network.py","REFERENCE_MAPPING_NOT_NUMERIC_ACCEPTANCE","tCO2/MWh_Link_input","false"
"Link:LA2 1 residential rural gas boiler","residential rural gas boiler","Buildings","LA","0.198","false","true","add_heat fuel boiler, not electricity generation","/home/jin/research/SGP_ESE5004_Stage2/pypsa-asean/results/baseline-aims-3H-tutorial/prenetworks/elec_s_50_ec_lv2.0__3h_2030_0.071_pre_adjusted.nc; current scripts/prepare_sector_network.py","REFERENCE_MAPPING_NOT_NUMERIC_ACCEPTANCE","tCO2/MWh_Link_input","false"
"Link:MM2 0 residential rural gas boiler","residential rural gas boiler","Buildings","MM","0.198","false","true","add_heat fuel boiler, not electricity generation","/home/jin/research/SGP_ESE5004_Stage2/pypsa-asean/results/baseline-aims-3H-tutorial/prenetworks/elec_s_50_ec_lv2.0__3h_2030_0.071_pre_adjusted.nc; current scripts/prepare_sector_network.py","REFERENCE_MAPPING_NOT_NUMERIC_ACCEPTANCE","tCO2/MWh_Link_input","false"
"Link:MM2 1 residential rural gas boiler","residential rural gas boiler","Buildings","MM","0.198","false","true","add_heat fuel boiler, not electricity generation","/home/jin/research/SGP_ESE5004_Stage2/pypsa-asean/results/baseline-aims-3H-tutorial/prenetworks/elec_s_50_ec_lv2.0__3h_2030_0.071_pre_adjusted.nc; current scripts/prepare_sector_network.py","REFERENCE_MAPPING_NOT_NUMERIC_ACCEPTANCE","tCO2/MWh_Link_input","false"
"Link:MM2 2 residential rural gas boiler","residential rural gas boiler","Buildings","MM","0.198","false","true","add_heat fuel boiler, not electricity generation","/home/jin/research/SGP_ESE5004_Stage2/pypsa-asean/results/baseline-aims-3H-tutorial/prenetworks/elec_s_50_ec_lv2.0__3h_2030_0.071_pre_adjusted.nc; current scripts/prepare_sector_network.py","REFERENCE_MAPPING_NOT_NUMERIC_ACCEPTANCE","tCO2/MWh_Link_input","false"
"Link:MM2 3 residential rural gas boiler","residential rural gas boiler","Buildings","MM","0.198","false","true","add_heat fuel boiler, not electricity generation","/home/jin/research/SGP_ESE5004_Stage2/pypsa-asean/results/baseline-aims-3H-tutorial/prenetworks/elec_s_50_ec_lv2.0__3h_2030_0.071_pre_adjusted.nc; current scripts/prepare_sector_network.py","REFERENCE_MAPPING_NOT_NUMERIC_ACCEPTANCE","tCO2/MWh_Link_input","false"
"Link:MM2 4 residential rural gas boiler","residential rural gas boiler","Buildings","MM","0.198","false","true","add_heat fuel boiler, not electricity generation","/home/jin/research/SGP_ESE5004_Stage2/pypsa-asean/results/baseline-aims-3H-tutorial/prenetworks/elec_s_50_ec_lv2.0__3h_2030_0.071_pre_adjusted.nc; current scripts/prepare_sector_network.py","REFERENCE_MAPPING_NOT_NUMERIC_ACCEPTANCE","tCO2/MWh_Link_input","false"
"Link:MM2 5 residential rural gas boiler","residential rural gas boiler","Buildings","MM","0.198","false","true","add_heat fuel boiler, not electricity generation","/home/jin/research/SGP_ESE5004_Stage2/pypsa-asean/results/baseline-aims-3H-tutorial/prenetworks/elec_s_50_ec_lv2.0__3h_2030_0.071_pre_adjusted.nc; current scripts/prepare_sector_network.py","REFERENCE_MAPPING_NOT_NUMERIC_ACCEPTANCE","tCO2/MWh_Link_input","false"
"Link:MM2 6 residential rural gas boiler","residential rural gas boiler","Buildings","MM","0.198","false","true","add_heat fuel boiler, not electricity generation","/home/jin/research/SGP_ESE5004_Stage2/pypsa-asean/results/baseline-aims-3H-tutorial/prenetworks/elec_s_50_ec_lv2.0__3h_2030_0.071_pre_adjusted.nc; current scripts/prepare_sector_network.py","REFERENCE_MAPPING_NOT_NUMERIC_ACCEPTANCE","tCO2/MWh_Link_input","false"
"Link:MY_Peninsular2 0 residential rural gas boiler","residential rural gas boiler","Buildings","MY","0.198","false","true","add_heat fuel boiler, not electricity generation","/home/jin/research/SGP_ESE5004_Stage2/pypsa-asean/results/baseline-aims-3H-tutorial/prenetworks/elec_s_50_ec_lv2.0__3h_2030_0.071_pre_adjusted.nc; current scripts/prepare_sector_network.py","REFERENCE_MAPPING_NOT_NUMERIC_ACCEPTANCE","tCO2/MWh_Link_input","false"
"Link:MY_Sabah4 0 residential rural gas boiler","residential rural gas boiler","Buildings","MY","0.198","false","true","add_heat fuel boiler, not electricity generation","/home/jin/research/SGP_ESE5004_Stage2/pypsa-asean/results/baseline-aims-3H-tutorial/prenetworks/elec_s_50_ec_lv2.0__3h_2030_0.071_pre_adjusted.nc; current scripts/prepare_sector_network.py","REFERENCE_MAPPING_NOT_NUMERIC_ACCEPTANCE","tCO2/MWh_Link_input","false"
"Link:MY_Sarawak4 0 residential rural gas boiler","residential rural gas boiler","Buildings","MY","0.198","false","true","add_heat fuel boiler, not electricity generation","/home/jin/research/SGP_ESE5004_Stage2/pypsa-asean/results/baseline-aims-3H-tutorial/prenetworks/elec_s_50_ec_lv2.0__3h_2030_0.071_pre_adjusted.nc; current scripts/prepare_sector_network.py","REFERENCE_MAPPING_NOT_NUMERIC_ACCEPTANCE","tCO2/MWh_Link_input","false"
"Link:PH5 0 residential rural gas boiler","residential rural gas boiler","Buildings","PH","0.198","false","true","add_heat fuel boiler, not electricity generation","/home/jin/research/SGP_ESE5004_Stage2/pypsa-asean/results/baseline-aims-3H-tutorial/prenetworks/elec_s_50_ec_lv2.0__3h_2030_0.071_pre_adjusted.nc; current scripts/prepare_sector_network.py","REFERENCE_MAPPING_NOT_NUMERIC_ACCEPTANCE","tCO2/MWh_Link_input","false"
"Link:PH_Luzon5 0 residential rural gas boiler","residential rural gas boiler","Buildings","PH","0.198","false","true","add_heat fuel boiler, not electricity generation","/home/jin/research/SGP_ESE5004_Stage2/pypsa-asean/results/baseline-aims-3H-tutorial/prenetworks/elec_s_50_ec_lv2.0__3h_2030_0.071_pre_adjusted.nc; current scripts/prepare_sector_network.py","REFERENCE_MAPPING_NOT_NUMERIC_ACCEPTANCE","tCO2/MWh_Link_input","false"
"Link:PH_Luzon9 0 residential rural gas boiler","residential rural gas boiler","Buildings","PH","0.198","false","true","add_heat fuel boiler, not electricity generation","/home/jin/research/SGP_ESE5004_Stage2/pypsa-asean/results/baseline-aims-3H-tutorial/prenetworks/elec_s_50_ec_lv2.0__3h_2030_0.071_pre_adjusted.nc; current scripts/prepare_sector_network.py","REFERENCE_MAPPING_NOT_NUMERIC_ACCEPTANCE","tCO2/MWh_Link_input","false"
"Link:PH_Mindanao6 0 residential rural gas boiler","residential rural gas boiler","Buildings","PH","0.198","false","true","add_heat fuel boiler, not electricity generation","/home/jin/research/SGP_ESE5004_Stage2/pypsa-asean/results/baseline-aims-3H-tutorial/prenetworks/elec_s_50_ec_lv2.0__3h_2030_0.071_pre_adjusted.nc; current scripts/prepare_sector_network.py","REFERENCE_MAPPING_NOT_NUMERIC_ACCEPTANCE","tCO2/MWh_Link_input","false"
"Link:PH_Visayas10 0 residential rural gas boiler","residential rural gas boiler","Buildings","PH","0.198","false","true","add_heat fuel boiler, not electricity generation","/home/jin/research/SGP_ESE5004_Stage2/pypsa-asean/results/baseline-aims-3H-tutorial/prenetworks/elec_s_50_ec_lv2.0__3h_2030_0.071_pre_adjusted.nc; current scripts/prepare_sector_network.py","REFERENCE_MAPPING_NOT_NUMERIC_ACCEPTANCE","tCO2/MWh_Link_input","false"
"Link:PH_Visayas7 0 residential rural gas boiler","residential rural gas boiler","Buildings","PH","0.198","false","true","add_heat fuel boiler, not electricity generation","/home/jin/research/SGP_ESE5004_Stage2/pypsa-asean/results/baseline-aims-3H-tutorial/prenetworks/elec_s_50_ec_lv2.0__3h_2030_0.071_pre_adjusted.nc; current scripts/prepare_sector_network.py","REFERENCE_MAPPING_NOT_NUMERIC_ACCEPTANCE","tCO2/MWh_Link_input","false"
"Link:SG2 0 residential rural gas boiler","residential rural gas boiler","Buildings","SG","0.198","false","true","add_heat fuel boiler, not electricity generation","/home/jin/research/SGP_ESE5004_Stage2/pypsa-asean/results/baseline-aims-3H-tutorial/prenetworks/elec_s_50_ec_lv2.0__3h_2030_0.071_pre_adjusted.nc; current scripts/prepare_sector_network.py","REFERENCE_MAPPING_NOT_NUMERIC_ACCEPTANCE","tCO2/MWh_Link_input","false"
"Link:TH2 0 residential rural gas boiler","residential rural gas boiler","Buildings","TH","0.198","false","true","add_heat fuel boiler, not electricity generation","/home/jin/research/SGP_ESE5004_Stage2/pypsa-asean/results/baseline-aims-3H-tutorial/prenetworks/elec_s_50_ec_lv2.0__3h_2030_0.071_pre_adjusted.nc; current scripts/prepare_sector_network.py","REFERENCE_MAPPING_NOT_NUMERIC_ACCEPTANCE","tCO2/MWh_Link_input","false"
"Link:TH2 1 residential rural gas boiler","residential rural gas boiler","Buildings","TH","0.198","false","true","add_heat fuel boiler, not electricity generation","/home/jin/research/SGP_ESE5004_Stage2/pypsa-asean/results/baseline-aims-3H-tutorial/prenetworks/elec_s_50_ec_lv2.0__3h_2030_0.071_pre_adjusted.nc; current scripts/prepare_sector_network.py","REFERENCE_MAPPING_NOT_NUMERIC_ACCEPTANCE","tCO2/MWh_Link_input","false"
"Link:TL11 0 residential rural gas boiler","residential rural gas boiler","Buildings","TL","0.198","false","true","add_heat fuel boiler, not electricity generation","/home/jin/research/SGP_ESE5004_Stage2/pypsa-asean/results/baseline-aims-3H-tutorial/prenetworks/elec_s_50_ec_lv2.0__3h_2030_0.071_pre_adjusted.nc; current scripts/prepare_sector_network.py","REFERENCE_MAPPING_NOT_NUMERIC_ACCEPTANCE","tCO2/MWh_Link_input","false"
"Link:VN2 0 residential rural gas boiler","residential rural gas boiler","Buildings","VN","0.198","false","true","add_heat fuel boiler, not electricity generation","/home/jin/research/SGP_ESE5004_Stage2/pypsa-asean/results/baseline-aims-3H-tutorial/prenetworks/elec_s_50_ec_lv2.0__3h_2030_0.071_pre_adjusted.nc; current scripts/prepare_sector_network.py","REFERENCE_MAPPING_NOT_NUMERIC_ACCEPTANCE","tCO2/MWh_Link_input","false"
"Link:VN2 1 residential rural gas boiler","residential rural gas boiler","Buildings","VN","0.198","false","true","add_heat fuel boiler, not electricity generation","/home/jin/research/SGP_ESE5004_Stage2/pypsa-asean/results/baseline-aims-3H-tutorial/prenetworks/elec_s_50_ec_lv2.0__3h_2030_0.071_pre_adjusted.nc; current scripts/prepare_sector_network.py","REFERENCE_MAPPING_NOT_NUMERIC_ACCEPTANCE","tCO2/MWh_Link_input","false"
"Link:VN2 2 residential rural gas boiler","residential rural gas boiler","Buildings","VN","0.198","false","true","add_heat fuel boiler, not electricity generation","/home/jin/research/SGP_ESE5004_Stage2/pypsa-asean/results/baseline-aims-3H-tutorial/prenetworks/elec_s_50_ec_lv2.0__3h_2030_0.071_pre_adjusted.nc; current scripts/prepare_sector_network.py","REFERENCE_MAPPING_NOT_NUMERIC_ACCEPTANCE","tCO2/MWh_Link_input","false"
"Link:BN4 0 services rural gas boiler","services rural gas boiler","Buildings","BN","0.198","false","true","add_heat fuel boiler, not electricity generation","/home/jin/research/SGP_ESE5004_Stage2/pypsa-asean/results/baseline-aims-3H-tutorial/prenetworks/elec_s_50_ec_lv2.0__3h_2030_0.071_pre_adjusted.nc; current scripts/prepare_sector_network.py","REFERENCE_MAPPING_NOT_NUMERIC_ACCEPTANCE","tCO2/MWh_Link_input","false"
"Link:ID_Java-Bali1 0 services rural gas boiler","services rural gas boiler","Buildings","ID","0.198","false","true","add_heat fuel boiler, not electricity generation","/home/jin/research/SGP_ESE5004_Stage2/pypsa-asean/results/baseline-aims-3H-tutorial/prenetworks/elec_s_50_ec_lv2.0__3h_2030_0.071_pre_adjusted.nc; current scripts/prepare_sector_network.py","REFERENCE_MAPPING_NOT_NUMERIC_ACCEPTANCE","tCO2/MWh_Link_input","false"
"Link:ID_Kalimantan4 0 services rural gas boiler","services rural gas boiler","Buildings","ID","0.198","false","true","add_heat fuel boiler, not electricity generation","/home/jin/research/SGP_ESE5004_Stage2/pypsa-asean/results/baseline-aims-3H-tutorial/prenetworks/elec_s_50_ec_lv2.0__3h_2030_0.071_pre_adjusted.nc; current scripts/prepare_sector_network.py","REFERENCE_MAPPING_NOT_NUMERIC_ACCEPTANCE","tCO2/MWh_Link_input","false"
"Link:ID_Kalimantan4 1 services rural gas boiler","services rural gas boiler","Buildings","ID","0.198","false","true","add_heat fuel boiler, not electricity generation","/home/jin/research/SGP_ESE5004_Stage2/pypsa-asean/results/baseline-aims-3H-tutorial/prenetworks/elec_s_50_ec_lv2.0__3h_2030_0.071_pre_adjusted.nc; current scripts/prepare_sector_network.py","REFERENCE_MAPPING_NOT_NUMERIC_ACCEPTANCE","tCO2/MWh_Link_input","false"
"Link:ID_Kalimantan4 2 services rural gas boiler","services rural gas boiler","Buildings","ID","0.198","false","true","add_heat fuel boiler, not electricity generation","/home/jin/research/SGP_ESE5004_Stage2/pypsa-asean/results/baseline-aims-3H-tutorial/prenetworks/elec_s_50_ec_lv2.0__3h_2030_0.071_pre_adjusted.nc; current scripts/prepare_sector_network.py","REFERENCE_MAPPING_NOT_NUMERIC_ACCEPTANCE","tCO2/MWh_Link_input","false"
"Link:ID_Kalimantan4 3 services rural gas boiler","services rural gas boiler","Buildings","ID","0.198","false","true","add_heat fuel boiler, not electricity generation","/home/jin/research/SGP_ESE5004_Stage2/pypsa-asean/results/baseline-aims-3H-tutorial/prenetworks/elec_s_50_ec_lv2.0__3h_2030_0.071_pre_adjusted.nc; current scripts/prepare_sector_network.py","REFERENCE_MAPPING_NOT_NUMERIC_ACCEPTANCE","tCO2/MWh_Link_input","false"
"Link:ID_Kalimantan4 4 services rural gas boiler","services rural gas boiler","Buildings","ID","0.198","false","true","add_heat fuel boiler, not electricity generation","/home/jin/research/SGP_ESE5004_Stage2/pypsa-asean/results/baseline-aims-3H-tutorial/prenetworks/elec_s_50_ec_lv2.0__3h_2030_0.071_pre_adjusted.nc; current scripts/prepare_sector_network.py","REFERENCE_MAPPING_NOT_NUMERIC_ACCEPTANCE","tCO2/MWh_Link_input","false"
"Link:ID_Kalimantan4 5 services rural gas boiler","services rural gas boiler","Buildings","ID","0.198","false","true","add_heat fuel boiler, not electricity generation","/home/jin/research/SGP_ESE5004_Stage2/pypsa-asean/results/baseline-aims-3H-tutorial/prenetworks/elec_s_50_ec_lv2.0__3h_2030_0.071_pre_adjusted.nc; current scripts/prepare_sector_network.py","REFERENCE_MAPPING_NOT_NUMERIC_ACCEPTANCE","tCO2/MWh_Link_input","false"
"Link:ID_Maluku16 0 services rural gas boiler","services rural gas boiler","Buildings","ID","0.198","false","true","add_heat fuel boiler, not electricity generation","/home/jin/research/SGP_ESE5004_Stage2/pypsa-asean/results/baseline-aims-3H-tutorial/prenetworks/elec_s_50_ec_lv2.0__3h_2030_0.071_pre_adjusted.nc; current scripts/prepare_sector_network.py","REFERENCE_MAPPING_NOT_NUMERIC_ACCEPTANCE","tCO2/MWh_Link_input","false"
"Link:ID_Maluku17 0 services rural gas boiler","services rural gas boiler","Buildings","ID","0.198","false","true","add_heat fuel boiler, not electricity generation","/home/jin/research/SGP_ESE5004_Stage2/pypsa-asean/results/baseline-aims-3H-tutorial/prenetworks/elec_s_50_ec_lv2.0__3h_2030_0.071_pre_adjusted.nc; current scripts/prepare_sector_network.py","REFERENCE_MAPPING_NOT_NUMERIC_ACCEPTANCE","tCO2/MWh_Link_input","false"
"Link:ID_Maluku8 0 services rural gas boiler","services rural gas boiler","Buildings","ID","0.198","false","true","add_heat fuel boiler, not electricity generation","/home/jin/research/SGP_ESE5004_Stage2/pypsa-asean/results/baseline-aims-3H-tutorial/prenetworks/elec_s_50_ec_lv2.0__3h_2030_0.071_pre_adjusted.nc; current scripts/prepare_sector_network.py","REFERENCE_MAPPING_NOT_NUMERIC_ACCEPTANCE","tCO2/MWh_Link_input","false"
"Link:ID_Nusa-Tenggara12 0 services rural gas boiler","services rural gas boiler","Buildings","ID","0.198","false","true","add_heat fuel boiler, not electricity generation","/home/jin/research/SGP_ESE5004_Stage2/pypsa-asean/results/baseline-aims-3H-tutorial/prenetworks/elec_s_50_ec_lv2.0__3h_2030_0.071_pre_adjusted.nc; current scripts/prepare_sector_network.py","REFERENCE_MAPPING_NOT_NUMERIC_ACCEPTANCE","tCO2/MWh_Link_input","false"
"Link:ID_Nusa-Tenggara13 0 services rural gas boiler","services rural gas boiler","Buildings","ID","0.198","false","true","add_heat fuel boiler, not electricity generation","/home/jin/research/SGP_ESE5004_Stage2/pypsa-asean/results/baseline-aims-3H-tutorial/prenetworks/elec_s_50_ec_lv2.0__3h_2030_0.071_pre_adjusted.nc; current scripts/prepare_sector_network.py","REFERENCE_MAPPING_NOT_NUMERIC_ACCEPTANCE","tCO2/MWh_Link_input","false"
"Link:ID_Nusa-Tenggara14 0 services rural gas boiler","services rural gas boiler","Buildings","ID","0.198","false","true","add_heat fuel boiler, not electricity generation","/home/jin/research/SGP_ESE5004_Stage2/pypsa-asean/results/baseline-aims-3H-tutorial/prenetworks/elec_s_50_ec_lv2.0__3h_2030_0.071_pre_adjusted.nc; current scripts/prepare_sector_network.py","REFERENCE_MAPPING_NOT_NUMERIC_ACCEPTANCE","tCO2/MWh_Link_input","false"
"Link:ID_Nusa-Tenggara15 0 services rural gas boiler","services rural gas boiler","Buildings","ID","0.198","false","true","add_heat fuel boiler, not electricity generation","/home/jin/research/SGP_ESE5004_Stage2/pypsa-asean/results/baseline-aims-3H-tutorial/prenetworks/elec_s_50_ec_lv2.0__3h_2030_0.071_pre_adjusted.nc; current scripts/prepare_sector_network.py","REFERENCE_MAPPING_NOT_NUMERIC_ACCEPTANCE","tCO2/MWh_Link_input","false"
"Link:ID_Papua18 0 services rural gas boiler","services rural gas boiler","Buildings","ID","0.198","false","true","add_heat fuel boiler, not electricity generation","/home/jin/research/SGP_ESE5004_Stage2/pypsa-asean/results/baseline-aims-3H-tutorial/prenetworks/elec_s_50_ec_lv2.0__3h_2030_0.071_pre_adjusted.nc; current scripts/prepare_sector_network.py","REFERENCE_MAPPING_NOT_NUMERIC_ACCEPTANCE","tCO2/MWh_Link_input","false"
"Link:ID_Papua19 0 services rural gas boiler","services rural gas boiler","Buildings","ID","0.198","false","true","add_heat fuel boiler, not electricity generation","/home/jin/research/SGP_ESE5004_Stage2/pypsa-asean/results/baseline-aims-3H-tutorial/prenetworks/elec_s_50_ec_lv2.0__3h_2030_0.071_pre_adjusted.nc; current scripts/prepare_sector_network.py","REFERENCE_MAPPING_NOT_NUMERIC_ACCEPTANCE","tCO2/MWh_Link_input","false"
"Link:ID_Papua20 0 services rural gas boiler","services rural gas boiler","Buildings","ID","0.198","false","true","add_heat fuel boiler, not electricity generation","/home/jin/research/SGP_ESE5004_Stage2/pypsa-asean/results/baseline-aims-3H-tutorial/prenetworks/elec_s_50_ec_lv2.0__3h_2030_0.071_pre_adjusted.nc; current scripts/prepare_sector_network.py","REFERENCE_MAPPING_NOT_NUMERIC_ACCEPTANCE","tCO2/MWh_Link_input","false"
"Link:ID_Sulawesi0 0 services rural gas boiler","services rural gas boiler","Buildings","ID","0.198","false","true","add_heat fuel boiler, not electricity generation","/home/jin/research/SGP_ESE5004_Stage2/pypsa-asean/results/baseline-aims-3H-tutorial/prenetworks/elec_s_50_ec_lv2.0__3h_2030_0.071_pre_adjusted.nc; current scripts/prepare_sector_network.py","REFERENCE_MAPPING_NOT_NUMERIC_ACCEPTANCE","tCO2/MWh_Link_input","false"
"Link:ID_Sumatra2 0 services rural gas boiler","services rural gas boiler","Buildings","ID","0.198","false","true","add_heat fuel boiler, not electricity generation","/home/jin/research/SGP_ESE5004_Stage2/pypsa-asean/results/baseline-aims-3H-tutorial/prenetworks/elec_s_50_ec_lv2.0__3h_2030_0.071_pre_adjusted.nc; current scripts/prepare_sector_network.py","REFERENCE_MAPPING_NOT_NUMERIC_ACCEPTANCE","tCO2/MWh_Link_input","false"
"Link:ID_Sumatra3 0 services rural gas boiler","services rural gas boiler","Buildings","ID","0.198","false","true","add_heat fuel boiler, not electricity generation","/home/jin/research/SGP_ESE5004_Stage2/pypsa-asean/results/baseline-aims-3H-tutorial/prenetworks/elec_s_50_ec_lv2.0__3h_2030_0.071_pre_adjusted.nc; current scripts/prepare_sector_network.py","REFERENCE_MAPPING_NOT_NUMERIC_ACCEPTANCE","tCO2/MWh_Link_input","false"
"Link:ID_Sumatra3 1 services rural gas boiler","services rural gas boiler","Buildings","ID","0.198","false","true","add_heat fuel boiler, not electricity generation","/home/jin/research/SGP_ESE5004_Stage2/pypsa-asean/results/baseline-aims-3H-tutorial/prenetworks/elec_s_50_ec_lv2.0__3h_2030_0.071_pre_adjusted.nc; current scripts/prepare_sector_network.py","REFERENCE_MAPPING_NOT_NUMERIC_ACCEPTANCE","tCO2/MWh_Link_input","false"
"Link:KH2 0 services rural gas boiler","services rural gas boiler","Buildings","KH","0.198","false","true","add_heat fuel boiler, not electricity generation","/home/jin/research/SGP_ESE5004_Stage2/pypsa-asean/results/baseline-aims-3H-tutorial/prenetworks/elec_s_50_ec_lv2.0__3h_2030_0.071_pre_adjusted.nc; current scripts/prepare_sector_network.py","REFERENCE_MAPPING_NOT_NUMERIC_ACCEPTANCE","tCO2/MWh_Link_input","false"
"Link:LA2 0 services rural gas boiler","services rural gas boiler","Buildings","LA","0.198","false","true","add_heat fuel boiler, not electricity generation","/home/jin/research/SGP_ESE5004_Stage2/pypsa-asean/results/baseline-aims-3H-tutorial/prenetworks/elec_s_50_ec_lv2.0__3h_2030_0.071_pre_adjusted.nc; current scripts/prepare_sector_network.py","REFERENCE_MAPPING_NOT_NUMERIC_ACCEPTANCE","tCO2/MWh_Link_input","false"
"Link:LA2 1 services rural gas boiler","services rural gas boiler","Buildings","LA","0.198","false","true","add_heat fuel boiler, not electricity generation","/home/jin/research/SGP_ESE5004_Stage2/pypsa-asean/results/baseline-aims-3H-tutorial/prenetworks/elec_s_50_ec_lv2.0__3h_2030_0.071_pre_adjusted.nc; current scripts/prepare_sector_network.py","REFERENCE_MAPPING_NOT_NUMERIC_ACCEPTANCE","tCO2/MWh_Link_input","false"
"Link:MM2 0 services rural gas boiler","services rural gas boiler","Buildings","MM","0.198","false","true","add_heat fuel boiler, not electricity generation","/home/jin/research/SGP_ESE5004_Stage2/pypsa-asean/results/baseline-aims-3H-tutorial/prenetworks/elec_s_50_ec_lv2.0__3h_2030_0.071_pre_adjusted.nc; current scripts/prepare_sector_network.py","REFERENCE_MAPPING_NOT_NUMERIC_ACCEPTANCE","tCO2/MWh_Link_input","false"
"Link:MM2 1 services rural gas boiler","services rural gas boiler","Buildings","MM","0.198","false","true","add_heat fuel boiler, not electricity generation","/home/jin/research/SGP_ESE5004_Stage2/pypsa-asean/results/baseline-aims-3H-tutorial/prenetworks/elec_s_50_ec_lv2.0__3h_2030_0.071_pre_adjusted.nc; current scripts/prepare_sector_network.py","REFERENCE_MAPPING_NOT_NUMERIC_ACCEPTANCE","tCO2/MWh_Link_input","false"
"Link:MM2 2 services rural gas boiler","services rural gas boiler","Buildings","MM","0.198","false","true","add_heat fuel boiler, not electricity generation","/home/jin/research/SGP_ESE5004_Stage2/pypsa-asean/results/baseline-aims-3H-tutorial/prenetworks/elec_s_50_ec_lv2.0__3h_2030_0.071_pre_adjusted.nc; current scripts/prepare_sector_network.py","REFERENCE_MAPPING_NOT_NUMERIC_ACCEPTANCE","tCO2/MWh_Link_input","false"
"Link:MM2 3 services rural gas boiler","services rural gas boiler","Buildings","MM","0.198","false","true","add_heat fuel boiler, not electricity generation","/home/jin/research/SGP_ESE5004_Stage2/pypsa-asean/results/baseline-aims-3H-tutorial/prenetworks/elec_s_50_ec_lv2.0__3h_2030_0.071_pre_adjusted.nc; current scripts/prepare_sector_network.py","REFERENCE_MAPPING_NOT_NUMERIC_ACCEPTANCE","tCO2/MWh_Link_input","false"
"Link:MM2 4 services rural gas boiler","services rural gas boiler","Buildings","MM","0.198","false","true","add_heat fuel boiler, not electricity generation","/home/jin/research/SGP_ESE5004_Stage2/pypsa-asean/results/baseline-aims-3H-tutorial/prenetworks/elec_s_50_ec_lv2.0__3h_2030_0.071_pre_adjusted.nc; current scripts/prepare_sector_network.py","REFERENCE_MAPPING_NOT_NUMERIC_ACCEPTANCE","tCO2/MWh_Link_input","false"
"Link:MM2 5 services rural gas boiler","services rural gas boiler","Buildings","MM","0.198","false","true","add_heat fuel boiler, not electricity generation","/home/jin/research/SGP_ESE5004_Stage2/pypsa-asean/results/baseline-aims-3H-tutorial/prenetworks/elec_s_50_ec_lv2.0__3h_2030_0.071_pre_adjusted.nc; current scripts/prepare_sector_network.py","REFERENCE_MAPPING_NOT_NUMERIC_ACCEPTANCE","tCO2/MWh_Link_input","false"
"Link:MM2 6 services rural gas boiler","services rural gas boiler","Buildings","MM","0.198","false","true","add_heat fuel boiler, not electricity generation","/home/jin/research/SGP_ESE5004_Stage2/pypsa-asean/results/baseline-aims-3H-tutorial/prenetworks/elec_s_50_ec_lv2.0__3h_2030_0.071_pre_adjusted.nc; current scripts/prepare_sector_network.py","REFERENCE_MAPPING_NOT_NUMERIC_ACCEPTANCE","tCO2/MWh_Link_input","false"
"Link:MY_Peninsular2 0 services rural gas boiler","services rural gas boiler","Buildings","MY","0.198","false","true","add_heat fuel boiler, not electricity generation","/home/jin/research/SGP_ESE5004_Stage2/pypsa-asean/results/baseline-aims-3H-tutorial/prenetworks/elec_s_50_ec_lv2.0__3h_2030_0.071_pre_adjusted.nc; current scripts/prepare_sector_network.py","REFERENCE_MAPPING_NOT_NUMERIC_ACCEPTANCE","tCO2/MWh_Link_input","false"
"Link:MY_Sabah4 0 services rural gas boiler","services rural gas boiler","Buildings","MY","0.198","false","true","add_heat fuel boiler, not electricity generation","/home/jin/research/SGP_ESE5004_Stage2/pypsa-asean/results/baseline-aims-3H-tutorial/prenetworks/elec_s_50_ec_lv2.0__3h_2030_0.071_pre_adjusted.nc; current scripts/prepare_sector_network.py","REFERENCE_MAPPING_NOT_NUMERIC_ACCEPTANCE","tCO2/MWh_Link_input","false"
"Link:MY_Sarawak4 0 services rural gas boiler","services rural gas boiler","Buildings","MY","0.198","false","true","add_heat fuel boiler, not electricity generation","/home/jin/research/SGP_ESE5004_Stage2/pypsa-asean/results/baseline-aims-3H-tutorial/prenetworks/elec_s_50_ec_lv2.0__3h_2030_0.071_pre_adjusted.nc; current scripts/prepare_sector_network.py","REFERENCE_MAPPING_NOT_NUMERIC_ACCEPTANCE","tCO2/MWh_Link_input","false"
"Link:PH5 0 services rural gas boiler","services rural gas boiler","Buildings","PH","0.198","false","true","add_heat fuel boiler, not electricity generation","/home/jin/research/SGP_ESE5004_Stage2/pypsa-asean/results/baseline-aims-3H-tutorial/prenetworks/elec_s_50_ec_lv2.0__3h_2030_0.071_pre_adjusted.nc; current scripts/prepare_sector_network.py","REFERENCE_MAPPING_NOT_NUMERIC_ACCEPTANCE","tCO2/MWh_Link_input","false"
"Link:PH_Luzon5 0 services rural gas boiler","services rural gas boiler","Buildings","PH","0.198","false","true","add_heat fuel boiler, not electricity generation","/home/jin/research/SGP_ESE5004_Stage2/pypsa-asean/results/baseline-aims-3H-tutorial/prenetworks/elec_s_50_ec_lv2.0__3h_2030_0.071_pre_adjusted.nc; current scripts/prepare_sector_network.py","REFERENCE_MAPPING_NOT_NUMERIC_ACCEPTANCE","tCO2/MWh_Link_input","false"
"Link:PH_Luzon9 0 services rural gas boiler","services rural gas boiler","Buildings","PH","0.198","false","true","add_heat fuel boiler, not electricity generation","/home/jin/research/SGP_ESE5004_Stage2/pypsa-asean/results/baseline-aims-3H-tutorial/prenetworks/elec_s_50_ec_lv2.0__3h_2030_0.071_pre_adjusted.nc; current scripts/prepare_sector_network.py","REFERENCE_MAPPING_NOT_NUMERIC_ACCEPTANCE","tCO2/MWh_Link_input","false"
"Link:PH_Mindanao6 0 services rural gas boiler","services rural gas boiler","Buildings","PH","0.198","false","true","add_heat fuel boiler, not electricity generation","/home/jin/research/SGP_ESE5004_Stage2/pypsa-asean/results/baseline-aims-3H-tutorial/prenetworks/elec_s_50_ec_lv2.0__3h_2030_0.071_pre_adjusted.nc; current scripts/prepare_sector_network.py","REFERENCE_MAPPING_NOT_NUMERIC_ACCEPTANCE","tCO2/MWh_Link_input","false"
"Link:PH_Visayas10 0 services rural gas boiler","services rural gas boiler","Buildings","PH","0.198","false","true","add_heat fuel boiler, not electricity generation","/home/jin/research/SGP_ESE5004_Stage2/pypsa-asean/results/baseline-aims-3H-tutorial/prenetworks/elec_s_50_ec_lv2.0__3h_2030_0.071_pre_adjusted.nc; current scripts/prepare_sector_network.py","REFERENCE_MAPPING_NOT_NUMERIC_ACCEPTANCE","tCO2/MWh_Link_input","false"
"Link:PH_Visayas7 0 services rural gas boiler","services rural gas boiler","Buildings","PH","0.198","false","true","add_heat fuel boiler, not electricity generation","/home/jin/research/SGP_ESE5004_Stage2/pypsa-asean/results/baseline-aims-3H-tutorial/prenetworks/elec_s_50_ec_lv2.0__3h_2030_0.071_pre_adjusted.nc; current scripts/prepare_sector_network.py","REFERENCE_MAPPING_NOT_NUMERIC_ACCEPTANCE","tCO2/MWh_Link_input","false"
"Link:SG2 0 services rural gas boiler","services rural gas boiler","Buildings","SG","0.198","false","true","add_heat fuel boiler, not electricity generation","/home/jin/research/SGP_ESE5004_Stage2/pypsa-asean/results/baseline-aims-3H-tutorial/prenetworks/elec_s_50_ec_lv2.0__3h_2030_0.071_pre_adjusted.nc; current scripts/prepare_sector_network.py","REFERENCE_MAPPING_NOT_NUMERIC_ACCEPTANCE","tCO2/MWh_Link_input","false"
"Link:TH2 0 services rural gas boiler","services rural gas boiler","Buildings","TH","0.198","false","true","add_heat fuel boiler, not electricity generation","/home/jin/research/SGP_ESE5004_Stage2/pypsa-asean/results/baseline-aims-3H-tutorial/prenetworks/elec_s_50_ec_lv2.0__3h_2030_0.071_pre_adjusted.nc; current scripts/prepare_sector_network.py","REFERENCE_MAPPING_NOT_NUMERIC_ACCEPTANCE","tCO2/MWh_Link_input","false"
"Link:TH2 1 services rural gas boiler","services rural gas boiler","Buildings","TH","0.198","false","true","add_heat fuel boiler, not electricity generation","/home/jin/research/SGP_ESE5004_Stage2/pypsa-asean/results/baseline-aims-3H-tutorial/prenetworks/elec_s_50_ec_lv2.0__3h_2030_0.071_pre_adjusted.nc; current scripts/prepare_sector_network.py","REFERENCE_MAPPING_NOT_NUMERIC_ACCEPTANCE","tCO2/MWh_Link_input","false"
"Link:TL11 0 services rural gas boiler","services rural gas boiler","Buildings","TL","0.198","false","true","add_heat fuel boiler, not electricity generation","/home/jin/research/SGP_ESE5004_Stage2/pypsa-asean/results/baseline-aims-3H-tutorial/prenetworks/elec_s_50_ec_lv2.0__3h_2030_0.071_pre_adjusted.nc; current scripts/prepare_sector_network.py","REFERENCE_MAPPING_NOT_NUMERIC_ACCEPTANCE","tCO2/MWh_Link_input","false"
"Link:VN2 0 services rural gas boiler","services rural gas boiler","Buildings","VN","0.198","false","true","add_heat fuel boiler, not electricity generation","/home/jin/research/SGP_ESE5004_Stage2/pypsa-asean/results/baseline-aims-3H-tutorial/prenetworks/elec_s_50_ec_lv2.0__3h_2030_0.071_pre_adjusted.nc; current scripts/prepare_sector_network.py","REFERENCE_MAPPING_NOT_NUMERIC_ACCEPTANCE","tCO2/MWh_Link_input","false"
"Link:VN2 1 services rural gas boiler","services rural gas boiler","Buildings","VN","0.198","false","true","add_heat fuel boiler, not electricity generation","/home/jin/research/SGP_ESE5004_Stage2/pypsa-asean/results/baseline-aims-3H-tutorial/prenetworks/elec_s_50_ec_lv2.0__3h_2030_0.071_pre_adjusted.nc; current scripts/prepare_sector_network.py","REFERENCE_MAPPING_NOT_NUMERIC_ACCEPTANCE","tCO2/MWh_Link_input","false"
"Link:VN2 2 services rural gas boiler","services rural gas boiler","Buildings","VN","0.198","false","true","add_heat fuel boiler, not electricity generation","/home/jin/research/SGP_ESE5004_Stage2/pypsa-asean/results/baseline-aims-3H-tutorial/prenetworks/elec_s_50_ec_lv2.0__3h_2030_0.071_pre_adjusted.nc; current scripts/prepare_sector_network.py","REFERENCE_MAPPING_NOT_NUMERIC_ACCEPTANCE","tCO2/MWh_Link_input","false"
"Link:BN4 0 residential urban decentral gas boiler","residential urban decentral gas boiler","Buildings","BN","0.198","false","true","add_heat fuel boiler, not electricity generation","/home/jin/research/SGP_ESE5004_Stage2/pypsa-asean/results/baseline-aims-3H-tutorial/prenetworks/elec_s_50_ec_lv2.0__3h_2030_0.071_pre_adjusted.nc; current scripts/prepare_sector_network.py","REFERENCE_MAPPING_NOT_NUMERIC_ACCEPTANCE","tCO2/MWh_Link_input","false"
"Link:ID_Java-Bali1 0 residential urban decentral gas boiler","residential urban decentral gas boiler","Buildings","ID","0.198","false","true","add_heat fuel boiler, not electricity generation","/home/jin/research/SGP_ESE5004_Stage2/pypsa-asean/results/baseline-aims-3H-tutorial/prenetworks/elec_s_50_ec_lv2.0__3h_2030_0.071_pre_adjusted.nc; current scripts/prepare_sector_network.py","REFERENCE_MAPPING_NOT_NUMERIC_ACCEPTANCE","tCO2/MWh_Link_input","false"
"Link:ID_Kalimantan4 0 residential urban decentral gas boiler","residential urban decentral gas boiler","Buildings","ID","0.198","false","true","add_heat fuel boiler, not electricity generation","/home/jin/research/SGP_ESE5004_Stage2/pypsa-asean/results/baseline-aims-3H-tutorial/prenetworks/elec_s_50_ec_lv2.0__3h_2030_0.071_pre_adjusted.nc; current scripts/prepare_sector_network.py","REFERENCE_MAPPING_NOT_NUMERIC_ACCEPTANCE","tCO2/MWh_Link_input","false"
"Link:ID_Kalimantan4 1 residential urban decentral gas boiler","residential urban decentral gas boiler","Buildings","ID","0.198","false","true","add_heat fuel boiler, not electricity generation","/home/jin/research/SGP_ESE5004_Stage2/pypsa-asean/results/baseline-aims-3H-tutorial/prenetworks/elec_s_50_ec_lv2.0__3h_2030_0.071_pre_adjusted.nc; current scripts/prepare_sector_network.py","REFERENCE_MAPPING_NOT_NUMERIC_ACCEPTANCE","tCO2/MWh_Link_input","false"
"Link:ID_Kalimantan4 2 residential urban decentral gas boiler","residential urban decentral gas boiler","Buildings","ID","0.198","false","true","add_heat fuel boiler, not electricity generation","/home/jin/research/SGP_ESE5004_Stage2/pypsa-asean/results/baseline-aims-3H-tutorial/prenetworks/elec_s_50_ec_lv2.0__3h_2030_0.071_pre_adjusted.nc; current scripts/prepare_sector_network.py","REFERENCE_MAPPING_NOT_NUMERIC_ACCEPTANCE","tCO2/MWh_Link_input","false"
"Link:ID_Kalimantan4 3 residential urban decentral gas boiler","residential urban decentral gas boiler","Buildings","ID","0.198","false","true","add_heat fuel boiler, not electricity generation","/home/jin/research/SGP_ESE5004_Stage2/pypsa-asean/results/baseline-aims-3H-tutorial/prenetworks/elec_s_50_ec_lv2.0__3h_2030_0.071_pre_adjusted.nc; current scripts/prepare_sector_network.py","REFERENCE_MAPPING_NOT_NUMERIC_ACCEPTANCE","tCO2/MWh_Link_input","false"
"Link:ID_Kalimantan4 4 residential urban decentral gas boiler","residential urban decentral gas boiler","Buildings","ID","0.198","false","true","add_heat fuel boiler, not electricity generation","/home/jin/research/SGP_ESE5004_Stage2/pypsa-asean/results/baseline-aims-3H-tutorial/prenetworks/elec_s_50_ec_lv2.0__3h_2030_0.071_pre_adjusted.nc; current scripts/prepare_sector_network.py","REFERENCE_MAPPING_NOT_NUMERIC_ACCEPTANCE","tCO2/MWh_Link_input","false"
"Link:ID_Kalimantan4 5 residential urban decentral gas boiler","residential urban decentral gas boiler","Buildings","ID","0.198","false","true","add_heat fuel boiler, not electricity generation","/home/jin/research/SGP_ESE5004_Stage2/pypsa-asean/results/baseline-aims-3H-tutorial/prenetworks/elec_s_50_ec_lv2.0__3h_2030_0.071_pre_adjusted.nc; current scripts/prepare_sector_network.py","REFERENCE_MAPPING_NOT_NUMERIC_ACCEPTANCE","tCO2/MWh_Link_input","false"
"Link:ID_Maluku16 0 residential urban decentral gas boiler","residential urban decentral gas boiler","Buildings","ID","0.198","false","true","add_heat fuel boiler, not electricity generation","/home/jin/research/SGP_ESE5004_Stage2/pypsa-asean/results/baseline-aims-3H-tutorial/prenetworks/elec_s_50_ec_lv2.0__3h_2030_0.071_pre_adjusted.nc; current scripts/prepare_sector_network.py","REFERENCE_MAPPING_NOT_NUMERIC_ACCEPTANCE","tCO2/MWh_Link_input","false"
"Link:ID_Maluku17 0 residential urban decentral gas boiler","residential urban decentral gas boiler","Buildings","ID","0.198","false","true","add_heat fuel boiler, not electricity generation","/home/jin/research/SGP_ESE5004_Stage2/pypsa-asean/results/baseline-aims-3H-tutorial/prenetworks/elec_s_50_ec_lv2.0__3h_2030_0.071_pre_adjusted.nc; current scripts/prepare_sector_network.py","REFERENCE_MAPPING_NOT_NUMERIC_ACCEPTANCE","tCO2/MWh_Link_input","false"
"Link:ID_Maluku8 0 residential urban decentral gas boiler","residential urban decentral gas boiler","Buildings","ID","0.198","false","true","add_heat fuel boiler, not electricity generation","/home/jin/research/SGP_ESE5004_Stage2/pypsa-asean/results/baseline-aims-3H-tutorial/prenetworks/elec_s_50_ec_lv2.0__3h_2030_0.071_pre_adjusted.nc; current scripts/prepare_sector_network.py","REFERENCE_MAPPING_NOT_NUMERIC_ACCEPTANCE","tCO2/MWh_Link_input","false"
"Link:ID_Nusa-Tenggara12 0 residential urban decentral gas boiler","residential urban decentral gas boiler","Buildings","ID","0.198","false","true","add_heat fuel boiler, not electricity generation","/home/jin/research/SGP_ESE5004_Stage2/pypsa-asean/results/baseline-aims-3H-tutorial/prenetworks/elec_s_50_ec_lv2.0__3h_2030_0.071_pre_adjusted.nc; current scripts/prepare_sector_network.py","REFERENCE_MAPPING_NOT_NUMERIC_ACCEPTANCE","tCO2/MWh_Link_input","false"
"Link:ID_Nusa-Tenggara13 0 residential urban decentral gas boiler","residential urban decentral gas boiler","Buildings","ID","0.198","false","true","add_heat fuel boiler, not electricity generation","/home/jin/research/SGP_ESE5004_Stage2/pypsa-asean/results/baseline-aims-3H-tutorial/prenetworks/elec_s_50_ec_lv2.0__3h_2030_0.071_pre_adjusted.nc; current scripts/prepare_sector_network.py","REFERENCE_MAPPING_NOT_NUMERIC_ACCEPTANCE","tCO2/MWh_Link_input","false"
"Link:ID_Nusa-Tenggara14 0 residential urban decentral gas boiler","residential urban decentral gas boiler","Buildings","ID","0.198","false","true","add_heat fuel boiler, not electricity generation","/home/jin/research/SGP_ESE5004_Stage2/pypsa-asean/results/baseline-aims-3H-tutorial/prenetworks/elec_s_50_ec_lv2.0__3h_2030_0.071_pre_adjusted.nc; current scripts/prepare_sector_network.py","REFERENCE_MAPPING_NOT_NUMERIC_ACCEPTANCE","tCO2/MWh_Link_input","false"
"Link:ID_Nusa-Tenggara15 0 residential urban decentral gas boiler","residential urban decentral gas boiler","Buildings","ID","0.198","false","true","add_heat fuel boiler, not electricity generation","/home/jin/research/SGP_ESE5004_Stage2/pypsa-asean/results/baseline-aims-3H-tutorial/prenetworks/elec_s_50_ec_lv2.0__3h_2030_0.071_pre_adjusted.nc; current scripts/prepare_sector_network.py","REFERENCE_MAPPING_NOT_NUMERIC_ACCEPTANCE","tCO2/MWh_Link_input","false"
"Link:ID_Papua18 0 residential urban decentral gas boiler","residential urban decentral gas boiler","Buildings","ID","0.198","false","true","add_heat fuel boiler, not electricity generation","/home/jin/research/SGP_ESE5004_Stage2/pypsa-asean/results/baseline-aims-3H-tutorial/prenetworks/elec_s_50_ec_lv2.0__3h_2030_0.071_pre_adjusted.nc; current scripts/prepare_sector_network.py","REFERENCE_MAPPING_NOT_NUMERIC_ACCEPTANCE","tCO2/MWh_Link_input","false"
"Link:ID_Papua19 0 residential urban decentral gas boiler","residential urban decentral gas boiler","Buildings","ID","0.198","false","true","add_heat fuel boiler, not electricity generation","/home/jin/research/SGP_ESE5004_Stage2/pypsa-asean/results/baseline-aims-3H-tutorial/prenetworks/elec_s_50_ec_lv2.0__3h_2030_0.071_pre_adjusted.nc; current scripts/prepare_sector_network.py","REFERENCE_MAPPING_NOT_NUMERIC_ACCEPTANCE","tCO2/MWh_Link_input","false"
"Link:ID_Papua20 0 residential urban decentral gas boiler","residential urban decentral gas boiler","Buildings","ID","0.198","false","true","add_heat fuel boiler, not electricity generation","/home/jin/research/SGP_ESE5004_Stage2/pypsa-asean/results/baseline-aims-3H-tutorial/prenetworks/elec_s_50_ec_lv2.0__3h_2030_0.071_pre_adjusted.nc; current scripts/prepare_sector_network.py","REFERENCE_MAPPING_NOT_NUMERIC_ACCEPTANCE","tCO2/MWh_Link_input","false"
"Link:ID_Sulawesi0 0 residential urban decentral gas boiler","residential urban decentral gas boiler","Buildings","ID","0.198","false","true","add_heat fuel boiler, not electricity generation","/home/jin/research/SGP_ESE5004_Stage2/pypsa-asean/results/baseline-aims-3H-tutorial/prenetworks/elec_s_50_ec_lv2.0__3h_2030_0.071_pre_adjusted.nc; current scripts/prepare_sector_network.py","REFERENCE_MAPPING_NOT_NUMERIC_ACCEPTANCE","tCO2/MWh_Link_input","false"
"Link:ID_Sumatra2 0 residential urban decentral gas boiler","residential urban decentral gas boiler","Buildings","ID","0.198","false","true","add_heat fuel boiler, not electricity generation","/home/jin/research/SGP_ESE5004_Stage2/pypsa-asean/results/baseline-aims-3H-tutorial/prenetworks/elec_s_50_ec_lv2.0__3h_2030_0.071_pre_adjusted.nc; current scripts/prepare_sector_network.py","REFERENCE_MAPPING_NOT_NUMERIC_ACCEPTANCE","tCO2/MWh_Link_input","false"
"Link:ID_Sumatra3 0 residential urban decentral gas boiler","residential urban decentral gas boiler","Buildings","ID","0.198","false","true","add_heat fuel boiler, not electricity generation","/home/jin/research/SGP_ESE5004_Stage2/pypsa-asean/results/baseline-aims-3H-tutorial/prenetworks/elec_s_50_ec_lv2.0__3h_2030_0.071_pre_adjusted.nc; current scripts/prepare_sector_network.py","REFERENCE_MAPPING_NOT_NUMERIC_ACCEPTANCE","tCO2/MWh_Link_input","false"
"Link:ID_Sumatra3 1 residential urban decentral gas boiler","residential urban decentral gas boiler","Buildings","ID","0.198","false","true","add_heat fuel boiler, not electricity generation","/home/jin/research/SGP_ESE5004_Stage2/pypsa-asean/results/baseline-aims-3H-tutorial/prenetworks/elec_s_50_ec_lv2.0__3h_2030_0.071_pre_adjusted.nc; current scripts/prepare_sector_network.py","REFERENCE_MAPPING_NOT_NUMERIC_ACCEPTANCE","tCO2/MWh_Link_input","false"
"Link:KH2 0 residential urban decentral gas boiler","residential urban decentral gas boiler","Buildings","KH","0.198","false","true","add_heat fuel boiler, not electricity generation","/home/jin/research/SGP_ESE5004_Stage2/pypsa-asean/results/baseline-aims-3H-tutorial/prenetworks/elec_s_50_ec_lv2.0__3h_2030_0.071_pre_adjusted.nc; current scripts/prepare_sector_network.py","REFERENCE_MAPPING_NOT_NUMERIC_ACCEPTANCE","tCO2/MWh_Link_input","false"
"Link:LA2 0 residential urban decentral gas boiler","residential urban decentral gas boiler","Buildings","LA","0.198","false","true","add_heat fuel boiler, not electricity generation","/home/jin/research/SGP_ESE5004_Stage2/pypsa-asean/results/baseline-aims-3H-tutorial/prenetworks/elec_s_50_ec_lv2.0__3h_2030_0.071_pre_adjusted.nc; current scripts/prepare_sector_network.py","REFERENCE_MAPPING_NOT_NUMERIC_ACCEPTANCE","tCO2/MWh_Link_input","false"
"Link:LA2 1 residential urban decentral gas boiler","residential urban decentral gas boiler","Buildings","LA","0.198","false","true","add_heat fuel boiler, not electricity generation","/home/jin/research/SGP_ESE5004_Stage2/pypsa-asean/results/baseline-aims-3H-tutorial/prenetworks/elec_s_50_ec_lv2.0__3h_2030_0.071_pre_adjusted.nc; current scripts/prepare_sector_network.py","REFERENCE_MAPPING_NOT_NUMERIC_ACCEPTANCE","tCO2/MWh_Link_input","false"
"Link:MM2 0 residential urban decentral gas boiler","residential urban decentral gas boiler","Buildings","MM","0.198","false","true","add_heat fuel boiler, not electricity generation","/home/jin/research/SGP_ESE5004_Stage2/pypsa-asean/results/baseline-aims-3H-tutorial/prenetworks/elec_s_50_ec_lv2.0__3h_2030_0.071_pre_adjusted.nc; current scripts/prepare_sector_network.py","REFERENCE_MAPPING_NOT_NUMERIC_ACCEPTANCE","tCO2/MWh_Link_input","false"
"Link:MM2 1 residential urban decentral gas boiler","residential urban decentral gas boiler","Buildings","MM","0.198","false","true","add_heat fuel boiler, not electricity generation","/home/jin/research/SGP_ESE5004_Stage2/pypsa-asean/results/baseline-aims-3H-tutorial/prenetworks/elec_s_50_ec_lv2.0__3h_2030_0.071_pre_adjusted.nc; current scripts/prepare_sector_network.py","REFERENCE_MAPPING_NOT_NUMERIC_ACCEPTANCE","tCO2/MWh_Link_input","false"
"Link:MM2 2 residential urban decentral gas boiler","residential urban decentral gas boiler","Buildings","MM","0.198","false","true","add_heat fuel boiler, not electricity generation","/home/jin/research/SGP_ESE5004_Stage2/pypsa-asean/results/baseline-aims-3H-tutorial/prenetworks/elec_s_50_ec_lv2.0__3h_2030_0.071_pre_adjusted.nc; current scripts/prepare_sector_network.py","REFERENCE_MAPPING_NOT_NUMERIC_ACCEPTANCE","tCO2/MWh_Link_input","false"
"Link:MM2 3 residential urban decentral gas boiler","residential urban decentral gas boiler","Buildings","MM","0.198","false","true","add_heat fuel boiler, not electricity generation","/home/jin/research/SGP_ESE5004_Stage2/pypsa-asean/results/baseline-aims-3H-tutorial/prenetworks/elec_s_50_ec_lv2.0__3h_2030_0.071_pre_adjusted.nc; current scripts/prepare_sector_network.py","REFERENCE_MAPPING_NOT_NUMERIC_ACCEPTANCE","tCO2/MWh_Link_input","false"
"Link:MM2 4 residential urban decentral gas boiler","residential urban decentral gas boiler","Buildings","MM","0.198","false","true","add_heat fuel boiler, not electricity generation","/home/jin/research/SGP_ESE5004_Stage2/pypsa-asean/results/baseline-aims-3H-tutorial/prenetworks/elec_s_50_ec_lv2.0__3h_2030_0.071_pre_adjusted.nc; current scripts/prepare_sector_network.py","REFERENCE_MAPPING_NOT_NUMERIC_ACCEPTANCE","tCO2/MWh_Link_input","false"
"Link:MM2 5 residential urban decentral gas boiler","residential urban decentral gas boiler","Buildings","MM","0.198","false","true","add_heat fuel boiler, not electricity generation","/home/jin/research/SGP_ESE5004_Stage2/pypsa-asean/results/baseline-aims-3H-tutorial/prenetworks/elec_s_50_ec_lv2.0__3h_2030_0.071_pre_adjusted.nc; current scripts/prepare_sector_network.py","REFERENCE_MAPPING_NOT_NUMERIC_ACCEPTANCE","tCO2/MWh_Link_input","false"
"Link:MM2 6 residential urban decentral gas boiler","residential urban decentral gas boiler","Buildings","MM","0.198","false","true","add_heat fuel boiler, not electricity generation","/home/jin/research/SGP_ESE5004_Stage2/pypsa-asean/results/baseline-aims-3H-tutorial/prenetworks/elec_s_50_ec_lv2.0__3h_2030_0.071_pre_adjusted.nc; current scripts/prepare_sector_network.py","REFERENCE_MAPPING_NOT_NUMERIC_ACCEPTANCE","tCO2/MWh_Link_input","false"
"Link:MY_Peninsular2 0 residential urban decentral gas boiler","residential urban decentral gas boiler","Buildings","MY","0.198","false","true","add_heat fuel boiler, not electricity generation","/home/jin/research/SGP_ESE5004_Stage2/pypsa-asean/results/baseline-aims-3H-tutorial/prenetworks/elec_s_50_ec_lv2.0__3h_2030_0.071_pre_adjusted.nc; current scripts/prepare_sector_network.py","REFERENCE_MAPPING_NOT_NUMERIC_ACCEPTANCE","tCO2/MWh_Link_input","false"
"Link:MY_Sabah4 0 residential urban decentral gas boiler","residential urban decentral gas boiler","Buildings","MY","0.198","false","true","add_heat fuel boiler, not electricity generation","/home/jin/research/SGP_ESE5004_Stage2/pypsa-asean/results/baseline-aims-3H-tutorial/prenetworks/elec_s_50_ec_lv2.0__3h_2030_0.071_pre_adjusted.nc; current scripts/prepare_sector_network.py","REFERENCE_MAPPING_NOT_NUMERIC_ACCEPTANCE","tCO2/MWh_Link_input","false"
"Link:MY_Sarawak4 0 residential urban decentral gas boiler","residential urban decentral gas boiler","Buildings","MY","0.198","false","true","add_heat fuel boiler, not electricity generation","/home/jin/research/SGP_ESE5004_Stage2/pypsa-asean/results/baseline-aims-3H-tutorial/prenetworks/elec_s_50_ec_lv2.0__3h_2030_0.071_pre_adjusted.nc; current scripts/prepare_sector_network.py","REFERENCE_MAPPING_NOT_NUMERIC_ACCEPTANCE","tCO2/MWh_Link_input","false"
"Link:PH5 0 residential urban decentral gas boiler","residential urban decentral gas boiler","Buildings","PH","0.198","false","true","add_heat fuel boiler, not electricity generation","/home/jin/research/SGP_ESE5004_Stage2/pypsa-asean/results/baseline-aims-3H-tutorial/prenetworks/elec_s_50_ec_lv2.0__3h_2030_0.071_pre_adjusted.nc; current scripts/prepare_sector_network.py","REFERENCE_MAPPING_NOT_NUMERIC_ACCEPTANCE","tCO2/MWh_Link_input","false"
"Link:PH_Luzon5 0 residential urban decentral gas boiler","residential urban decentral gas boiler","Buildings","PH","0.198","false","true","add_heat fuel boiler, not electricity generation","/home/jin/research/SGP_ESE5004_Stage2/pypsa-asean/results/baseline-aims-3H-tutorial/prenetworks/elec_s_50_ec_lv2.0__3h_2030_0.071_pre_adjusted.nc; current scripts/prepare_sector_network.py","REFERENCE_MAPPING_NOT_NUMERIC_ACCEPTANCE","tCO2/MWh_Link_input","false"
"Link:PH_Luzon9 0 residential urban decentral gas boiler","residential urban decentral gas boiler","Buildings","PH","0.198","false","true","add_heat fuel boiler, not electricity generation","/home/jin/research/SGP_ESE5004_Stage2/pypsa-asean/results/baseline-aims-3H-tutorial/prenetworks/elec_s_50_ec_lv2.0__3h_2030_0.071_pre_adjusted.nc; current scripts/prepare_sector_network.py","REFERENCE_MAPPING_NOT_NUMERIC_ACCEPTANCE","tCO2/MWh_Link_input","false"
"Link:PH_Mindanao6 0 residential urban decentral gas boiler","residential urban decentral gas boiler","Buildings","PH","0.198","false","true","add_heat fuel boiler, not electricity generation","/home/jin/research/SGP_ESE5004_Stage2/pypsa-asean/results/baseline-aims-3H-tutorial/prenetworks/elec_s_50_ec_lv2.0__3h_2030_0.071_pre_adjusted.nc; current scripts/prepare_sector_network.py","REFERENCE_MAPPING_NOT_NUMERIC_ACCEPTANCE","tCO2/MWh_Link_input","false"
"Link:PH_Visayas10 0 residential urban decentral gas boiler","residential urban decentral gas boiler","Buildings","PH","0.198","false","true","add_heat fuel boiler, not electricity generation","/home/jin/research/SGP_ESE5004_Stage2/pypsa-asean/results/baseline-aims-3H-tutorial/prenetworks/elec_s_50_ec_lv2.0__3h_2030_0.071_pre_adjusted.nc; current scripts/prepare_sector_network.py","REFERENCE_MAPPING_NOT_NUMERIC_ACCEPTANCE","tCO2/MWh_Link_input","false"
"Link:PH_Visayas7 0 residential urban decentral gas boiler","residential urban decentral gas boiler","Buildings","PH","0.198","false","true","add_heat fuel boiler, not electricity generation","/home/jin/research/SGP_ESE5004_Stage2/pypsa-asean/results/baseline-aims-3H-tutorial/prenetworks/elec_s_50_ec_lv2.0__3h_2030_0.071_pre_adjusted.nc; current scripts/prepare_sector_network.py","REFERENCE_MAPPING_NOT_NUMERIC_ACCEPTANCE","tCO2/MWh_Link_input","false"
"Link:SG2 0 residential urban decentral gas boiler","residential urban decentral gas boiler","Buildings","SG","0.198","false","true","add_heat fuel boiler, not electricity generation","/home/jin/research/SGP_ESE5004_Stage2/pypsa-asean/results/baseline-aims-3H-tutorial/prenetworks/elec_s_50_ec_lv2.0__3h_2030_0.071_pre_adjusted.nc; current scripts/prepare_sector_network.py","REFERENCE_MAPPING_NOT_NUMERIC_ACCEPTANCE","tCO2/MWh_Link_input","false"
"Link:TH2 0 residential urban decentral gas boiler","residential urban decentral gas boiler","Buildings","TH","0.198","false","true","add_heat fuel boiler, not electricity generation","/home/jin/research/SGP_ESE5004_Stage2/pypsa-asean/results/baseline-aims-3H-tutorial/prenetworks/elec_s_50_ec_lv2.0__3h_2030_0.071_pre_adjusted.nc; current scripts/prepare_sector_network.py","REFERENCE_MAPPING_NOT_NUMERIC_ACCEPTANCE","tCO2/MWh_Link_input","false"
"Link:TH2 1 residential urban decentral gas boiler","residential urban decentral gas boiler","Buildings","TH","0.198","false","true","add_heat fuel boiler, not electricity generation","/home/jin/research/SGP_ESE5004_Stage2/pypsa-asean/results/baseline-aims-3H-tutorial/prenetworks/elec_s_50_ec_lv2.0__3h_2030_0.071_pre_adjusted.nc; current scripts/prepare_sector_network.py","REFERENCE_MAPPING_NOT_NUMERIC_ACCEPTANCE","tCO2/MWh_Link_input","false"
"Link:TL11 0 residential urban decentral gas boiler","residential urban decentral gas boiler","Buildings","TL","0.198","false","true","add_heat fuel boiler, not electricity generation","/home/jin/research/SGP_ESE5004_Stage2/pypsa-asean/results/baseline-aims-3H-tutorial/prenetworks/elec_s_50_ec_lv2.0__3h_2030_0.071_pre_adjusted.nc; current scripts/prepare_sector_network.py","REFERENCE_MAPPING_NOT_NUMERIC_ACCEPTANCE","tCO2/MWh_Link_input","false"
"Link:VN2 0 residential urban decentral gas boiler","residential urban decentral gas boiler","Buildings","VN","0.198","false","true","add_heat fuel boiler, not electricity generation","/home/jin/research/SGP_ESE5004_Stage2/pypsa-asean/results/baseline-aims-3H-tutorial/prenetworks/elec_s_50_ec_lv2.0__3h_2030_0.071_pre_adjusted.nc; current scripts/prepare_sector_network.py","REFERENCE_MAPPING_NOT_NUMERIC_ACCEPTANCE","tCO2/MWh_Link_input","false"
"Link:VN2 1 residential urban decentral gas boiler","residential urban decentral gas boiler","Buildings","VN","0.198","false","true","add_heat fuel boiler, not electricity generation","/home/jin/research/SGP_ESE5004_Stage2/pypsa-asean/results/baseline-aims-3H-tutorial/prenetworks/elec_s_50_ec_lv2.0__3h_2030_0.071_pre_adjusted.nc; current scripts/prepare_sector_network.py","REFERENCE_MAPPING_NOT_NUMERIC_ACCEPTANCE","tCO2/MWh_Link_input","false"
"Link:VN2 2 residential urban decentral gas boiler","residential urban decentral gas boiler","Buildings","VN","0.198","false","true","add_heat fuel boiler, not electricity generation","/home/jin/research/SGP_ESE5004_Stage2/pypsa-asean/results/baseline-aims-3H-tutorial/prenetworks/elec_s_50_ec_lv2.0__3h_2030_0.071_pre_adjusted.nc; current scripts/prepare_sector_network.py","REFERENCE_MAPPING_NOT_NUMERIC_ACCEPTANCE","tCO2/MWh_Link_input","false"
"Link:BN4 0 services urban decentral gas boiler","services urban decentral gas boiler","Buildings","BN","0.198","false","true","add_heat fuel boiler, not electricity generation","/home/jin/research/SGP_ESE5004_Stage2/pypsa-asean/results/baseline-aims-3H-tutorial/prenetworks/elec_s_50_ec_lv2.0__3h_2030_0.071_pre_adjusted.nc; current scripts/prepare_sector_network.py","REFERENCE_MAPPING_NOT_NUMERIC_ACCEPTANCE","tCO2/MWh_Link_input","false"
"Link:ID_Java-Bali1 0 services urban decentral gas boiler","services urban decentral gas boiler","Buildings","ID","0.198","false","true","add_heat fuel boiler, not electricity generation","/home/jin/research/SGP_ESE5004_Stage2/pypsa-asean/results/baseline-aims-3H-tutorial/prenetworks/elec_s_50_ec_lv2.0__3h_2030_0.071_pre_adjusted.nc; current scripts/prepare_sector_network.py","REFERENCE_MAPPING_NOT_NUMERIC_ACCEPTANCE","tCO2/MWh_Link_input","false"
"Link:ID_Kalimantan4 0 services urban decentral gas boiler","services urban decentral gas boiler","Buildings","ID","0.198","false","true","add_heat fuel boiler, not electricity generation","/home/jin/research/SGP_ESE5004_Stage2/pypsa-asean/results/baseline-aims-3H-tutorial/prenetworks/elec_s_50_ec_lv2.0__3h_2030_0.071_pre_adjusted.nc; current scripts/prepare_sector_network.py","REFERENCE_MAPPING_NOT_NUMERIC_ACCEPTANCE","tCO2/MWh_Link_input","false"
"Link:ID_Kalimantan4 1 services urban decentral gas boiler","services urban decentral gas boiler","Buildings","ID","0.198","false","true","add_heat fuel boiler, not electricity generation","/home/jin/research/SGP_ESE5004_Stage2/pypsa-asean/results/baseline-aims-3H-tutorial/prenetworks/elec_s_50_ec_lv2.0__3h_2030_0.071_pre_adjusted.nc; current scripts/prepare_sector_network.py","REFERENCE_MAPPING_NOT_NUMERIC_ACCEPTANCE","tCO2/MWh_Link_input","false"
"Link:ID_Kalimantan4 2 services urban decentral gas boiler","services urban decentral gas boiler","Buildings","ID","0.198","false","true","add_heat fuel boiler, not electricity generation","/home/jin/research/SGP_ESE5004_Stage2/pypsa-asean/results/baseline-aims-3H-tutorial/prenetworks/elec_s_50_ec_lv2.0__3h_2030_0.071_pre_adjusted.nc; current scripts/prepare_sector_network.py","REFERENCE_MAPPING_NOT_NUMERIC_ACCEPTANCE","tCO2/MWh_Link_input","false"
"Link:ID_Kalimantan4 3 services urban decentral gas boiler","services urban decentral gas boiler","Buildings","ID","0.198","false","true","add_heat fuel boiler, not electricity generation","/home/jin/research/SGP_ESE5004_Stage2/pypsa-asean/results/baseline-aims-3H-tutorial/prenetworks/elec_s_50_ec_lv2.0__3h_2030_0.071_pre_adjusted.nc; current scripts/prepare_sector_network.py","REFERENCE_MAPPING_NOT_NUMERIC_ACCEPTANCE","tCO2/MWh_Link_input","false"
"Link:ID_Kalimantan4 4 services urban decentral gas boiler","services urban decentral gas boiler","Buildings","ID","0.198","false","true","add_heat fuel boiler, not electricity generation","/home/jin/research/SGP_ESE5004_Stage2/pypsa-asean/results/baseline-aims-3H-tutorial/prenetworks/elec_s_50_ec_lv2.0__3h_2030_0.071_pre_adjusted.nc; current scripts/prepare_sector_network.py","REFERENCE_MAPPING_NOT_NUMERIC_ACCEPTANCE","tCO2/MWh_Link_input","false"
"Link:ID_Kalimantan4 5 services urban decentral gas boiler","services urban decentral gas boiler","Buildings","ID","0.198","false","true","add_heat fuel boiler, not electricity generation","/home/jin/research/SGP_ESE5004_Stage2/pypsa-asean/results/baseline-aims-3H-tutorial/prenetworks/elec_s_50_ec_lv2.0__3h_2030_0.071_pre_adjusted.nc; current scripts/prepare_sector_network.py","REFERENCE_MAPPING_NOT_NUMERIC_ACCEPTANCE","tCO2/MWh_Link_input","false"
"Link:ID_Maluku16 0 services urban decentral gas boiler","services urban decentral gas boiler","Buildings","ID","0.198","false","true","add_heat fuel boiler, not electricity generation","/home/jin/research/SGP_ESE5004_Stage2/pypsa-asean/results/baseline-aims-3H-tutorial/prenetworks/elec_s_50_ec_lv2.0__3h_2030_0.071_pre_adjusted.nc; current scripts/prepare_sector_network.py","REFERENCE_MAPPING_NOT_NUMERIC_ACCEPTANCE","tCO2/MWh_Link_input","false"
"Link:ID_Maluku17 0 services urban decentral gas boiler","services urban decentral gas boiler","Buildings","ID","0.198","false","true","add_heat fuel boiler, not electricity generation","/home/jin/research/SGP_ESE5004_Stage2/pypsa-asean/results/baseline-aims-3H-tutorial/prenetworks/elec_s_50_ec_lv2.0__3h_2030_0.071_pre_adjusted.nc; current scripts/prepare_sector_network.py","REFERENCE_MAPPING_NOT_NUMERIC_ACCEPTANCE","tCO2/MWh_Link_input","false"
"Link:ID_Maluku8 0 services urban decentral gas boiler","services urban decentral gas boiler","Buildings","ID","0.198","false","true","add_heat fuel boiler, not electricity generation","/home/jin/research/SGP_ESE5004_Stage2/pypsa-asean/results/baseline-aims-3H-tutorial/prenetworks/elec_s_50_ec_lv2.0__3h_2030_0.071_pre_adjusted.nc; current scripts/prepare_sector_network.py","REFERENCE_MAPPING_NOT_NUMERIC_ACCEPTANCE","tCO2/MWh_Link_input","false"
"Link:ID_Nusa-Tenggara12 0 services urban decentral gas boiler","services urban decentral gas boiler","Buildings","ID","0.198","false","true","add_heat fuel boiler, not electricity generation","/home/jin/research/SGP_ESE5004_Stage2/pypsa-asean/results/baseline-aims-3H-tutorial/prenetworks/elec_s_50_ec_lv2.0__3h_2030_0.071_pre_adjusted.nc; current scripts/prepare_sector_network.py","REFERENCE_MAPPING_NOT_NUMERIC_ACCEPTANCE","tCO2/MWh_Link_input","false"
"Link:ID_Nusa-Tenggara13 0 services urban decentral gas boiler","services urban decentral gas boiler","Buildings","ID","0.198","false","true","add_heat fuel boiler, not electricity generation","/home/jin/research/SGP_ESE5004_Stage2/pypsa-asean/results/baseline-aims-3H-tutorial/prenetworks/elec_s_50_ec_lv2.0__3h_2030_0.071_pre_adjusted.nc; current scripts/prepare_sector_network.py","REFERENCE_MAPPING_NOT_NUMERIC_ACCEPTANCE","tCO2/MWh_Link_input","false"
"Link:ID_Nusa-Tenggara14 0 services urban decentral gas boiler","services urban decentral gas boiler","Buildings","ID","0.198","false","true","add_heat fuel boiler, not electricity generation","/home/jin/research/SGP_ESE5004_Stage2/pypsa-asean/results/baseline-aims-3H-tutorial/prenetworks/elec_s_50_ec_lv2.0__3h_2030_0.071_pre_adjusted.nc; current scripts/prepare_sector_network.py","REFERENCE_MAPPING_NOT_NUMERIC_ACCEPTANCE","tCO2/MWh_Link_input","false"
"Link:ID_Nusa-Tenggara15 0 services urban decentral gas boiler","services urban decentral gas boiler","Buildings","ID","0.198","false","true","add_heat fuel boiler, not electricity generation","/home/jin/research/SGP_ESE5004_Stage2/pypsa-asean/results/baseline-aims-3H-tutorial/prenetworks/elec_s_50_ec_lv2.0__3h_2030_0.071_pre_adjusted.nc; current scripts/prepare_sector_network.py","REFERENCE_MAPPING_NOT_NUMERIC_ACCEPTANCE","tCO2/MWh_Link_input","false"
"Link:ID_Papua18 0 services urban decentral gas boiler","services urban decentral gas boiler","Buildings","ID","0.198","false","true","add_heat fuel boiler, not electricity generation","/home/jin/research/SGP_ESE5004_Stage2/pypsa-asean/results/baseline-aims-3H-tutorial/prenetworks/elec_s_50_ec_lv2.0__3h_2030_0.071_pre_adjusted.nc; current scripts/prepare_sector_network.py","REFERENCE_MAPPING_NOT_NUMERIC_ACCEPTANCE","tCO2/MWh_Link_input","false"
"Link:ID_Papua19 0 services urban decentral gas boiler","services urban decentral gas boiler","Buildings","ID","0.198","false","true","add_heat fuel boiler, not electricity generation","/home/jin/research/SGP_ESE5004_Stage2/pypsa-asean/results/baseline-aims-3H-tutorial/prenetworks/elec_s_50_ec_lv2.0__3h_2030_0.071_pre_adjusted.nc; current scripts/prepare_sector_network.py","REFERENCE_MAPPING_NOT_NUMERIC_ACCEPTANCE","tCO2/MWh_Link_input","false"
"Link:ID_Papua20 0 services urban decentral gas boiler","services urban decentral gas boiler","Buildings","ID","0.198","false","true","add_heat fuel boiler, not electricity generation","/home/jin/research/SGP_ESE5004_Stage2/pypsa-asean/results/baseline-aims-3H-tutorial/prenetworks/elec_s_50_ec_lv2.0__3h_2030_0.071_pre_adjusted.nc; current scripts/prepare_sector_network.py","REFERENCE_MAPPING_NOT_NUMERIC_ACCEPTANCE","tCO2/MWh_Link_input","false"
"Link:ID_Sulawesi0 0 services urban decentral gas boiler","services urban decentral gas boiler","Buildings","ID","0.198","false","true","add_heat fuel boiler, not electricity generation","/home/jin/research/SGP_ESE5004_Stage2/pypsa-asean/results/baseline-aims-3H-tutorial/prenetworks/elec_s_50_ec_lv2.0__3h_2030_0.071_pre_adjusted.nc; current scripts/prepare_sector_network.py","REFERENCE_MAPPING_NOT_NUMERIC_ACCEPTANCE","tCO2/MWh_Link_input","false"
"Link:ID_Sumatra2 0 services urban decentral gas boiler","services urban decentral gas boiler","Buildings","ID","0.198","false","true","add_heat fuel boiler, not electricity generation","/home/jin/research/SGP_ESE5004_Stage2/pypsa-asean/results/baseline-aims-3H-tutorial/prenetworks/elec_s_50_ec_lv2.0__3h_2030_0.071_pre_adjusted.nc; current scripts/prepare_sector_network.py","REFERENCE_MAPPING_NOT_NUMERIC_ACCEPTANCE","tCO2/MWh_Link_input","false"
"Link:ID_Sumatra3 0 services urban decentral gas boiler","services urban decentral gas boiler","Buildings","ID","0.198","false","true","add_heat fuel boiler, not electricity generation","/home/jin/research/SGP_ESE5004_Stage2/pypsa-asean/results/baseline-aims-3H-tutorial/prenetworks/elec_s_50_ec_lv2.0__3h_2030_0.071_pre_adjusted.nc; current scripts/prepare_sector_network.py","REFERENCE_MAPPING_NOT_NUMERIC_ACCEPTANCE","tCO2/MWh_Link_input","false"
"Link:ID_Sumatra3 1 services urban decentral gas boiler","services urban decentral gas boiler","Buildings","ID","0.198","false","true","add_heat fuel boiler, not electricity generation","/home/jin/research/SGP_ESE5004_Stage2/pypsa-asean/results/baseline-aims-3H-tutorial/prenetworks/elec_s_50_ec_lv2.0__3h_2030_0.071_pre_adjusted.nc; current scripts/prepare_sector_network.py","REFERENCE_MAPPING_NOT_NUMERIC_ACCEPTANCE","tCO2/MWh_Link_input","false"
"Link:KH2 0 services urban decentral gas boiler","services urban decentral gas boiler","Buildings","KH","0.198","false","true","add_heat fuel boiler, not electricity generation","/home/jin/research/SGP_ESE5004_Stage2/pypsa-asean/results/baseline-aims-3H-tutorial/prenetworks/elec_s_50_ec_lv2.0__3h_2030_0.071_pre_adjusted.nc; current scripts/prepare_sector_network.py","REFERENCE_MAPPING_NOT_NUMERIC_ACCEPTANCE","tCO2/MWh_Link_input","false"
"Link:LA2 0 services urban decentral gas boiler","services urban decentral gas boiler","Buildings","LA","0.198","false","true","add_heat fuel boiler, not electricity generation","/home/jin/research/SGP_ESE5004_Stage2/pypsa-asean/results/baseline-aims-3H-tutorial/prenetworks/elec_s_50_ec_lv2.0__3h_2030_0.071_pre_adjusted.nc; current scripts/prepare_sector_network.py","REFERENCE_MAPPING_NOT_NUMERIC_ACCEPTANCE","tCO2/MWh_Link_input","false"
"Link:LA2 1 services urban decentral gas boiler","services urban decentral gas boiler","Buildings","LA","0.198","false","true","add_heat fuel boiler, not electricity generation","/home/jin/research/SGP_ESE5004_Stage2/pypsa-asean/results/baseline-aims-3H-tutorial/prenetworks/elec_s_50_ec_lv2.0__3h_2030_0.071_pre_adjusted.nc; current scripts/prepare_sector_network.py","REFERENCE_MAPPING_NOT_NUMERIC_ACCEPTANCE","tCO2/MWh_Link_input","false"
"Link:MM2 0 services urban decentral gas boiler","services urban decentral gas boiler","Buildings","MM","0.198","false","true","add_heat fuel boiler, not electricity generation","/home/jin/research/SGP_ESE5004_Stage2/pypsa-asean/results/baseline-aims-3H-tutorial/prenetworks/elec_s_50_ec_lv2.0__3h_2030_0.071_pre_adjusted.nc; current scripts/prepare_sector_network.py","REFERENCE_MAPPING_NOT_NUMERIC_ACCEPTANCE","tCO2/MWh_Link_input","false"
"Link:MM2 1 services urban decentral gas boiler","services urban decentral gas boiler","Buildings","MM","0.198","false","true","add_heat fuel boiler, not electricity generation","/home/jin/research/SGP_ESE5004_Stage2/pypsa-asean/results/baseline-aims-3H-tutorial/prenetworks/elec_s_50_ec_lv2.0__3h_2030_0.071_pre_adjusted.nc; current scripts/prepare_sector_network.py","REFERENCE_MAPPING_NOT_NUMERIC_ACCEPTANCE","tCO2/MWh_Link_input","false"
"Link:MM2 2 services urban decentral gas boiler","services urban decentral gas boiler","Buildings","MM","0.198","false","true","add_heat fuel boiler, not electricity generation","/home/jin/research/SGP_ESE5004_Stage2/pypsa-asean/results/baseline-aims-3H-tutorial/prenetworks/elec_s_50_ec_lv2.0__3h_2030_0.071_pre_adjusted.nc; current scripts/prepare_sector_network.py","REFERENCE_MAPPING_NOT_NUMERIC_ACCEPTANCE","tCO2/MWh_Link_input","false"
"Link:MM2 3 services urban decentral gas boiler","services urban decentral gas boiler","Buildings","MM","0.198","false","true","add_heat fuel boiler, not electricity generation","/home/jin/research/SGP_ESE5004_Stage2/pypsa-asean/results/baseline-aims-3H-tutorial/prenetworks/elec_s_50_ec_lv2.0__3h_2030_0.071_pre_adjusted.nc; current scripts/prepare_sector_network.py","REFERENCE_MAPPING_NOT_NUMERIC_ACCEPTANCE","tCO2/MWh_Link_input","false"
"Link:MM2 4 services urban decentral gas boiler","services urban decentral gas boiler","Buildings","MM","0.198","false","true","add_heat fuel boiler, not electricity generation","/home/jin/research/SGP_ESE5004_Stage2/pypsa-asean/results/baseline-aims-3H-tutorial/prenetworks/elec_s_50_ec_lv2.0__3h_2030_0.071_pre_adjusted.nc; current scripts/prepare_sector_network.py","REFERENCE_MAPPING_NOT_NUMERIC_ACCEPTANCE","tCO2/MWh_Link_input","false"
"Link:MM2 5 services urban decentral gas boiler","services urban decentral gas boiler","Buildings","MM","0.198","false","true","add_heat fuel boiler, not electricity generation","/home/jin/research/SGP_ESE5004_Stage2/pypsa-asean/results/baseline-aims-3H-tutorial/prenetworks/elec_s_50_ec_lv2.0__3h_2030_0.071_pre_adjusted.nc; current scripts/prepare_sector_network.py","REFERENCE_MAPPING_NOT_NUMERIC_ACCEPTANCE","tCO2/MWh_Link_input","false"
"Link:MM2 6 services urban decentral gas boiler","services urban decentral gas boiler","Buildings","MM","0.198","false","true","add_heat fuel boiler, not electricity generation","/home/jin/research/SGP_ESE5004_Stage2/pypsa-asean/results/baseline-aims-3H-tutorial/prenetworks/elec_s_50_ec_lv2.0__3h_2030_0.071_pre_adjusted.nc; current scripts/prepare_sector_network.py","REFERENCE_MAPPING_NOT_NUMERIC_ACCEPTANCE","tCO2/MWh_Link_input","false"
"Link:MY_Peninsular2 0 services urban decentral gas boiler","services urban decentral gas boiler","Buildings","MY","0.198","false","true","add_heat fuel boiler, not electricity generation","/home/jin/research/SGP_ESE5004_Stage2/pypsa-asean/results/baseline-aims-3H-tutorial/prenetworks/elec_s_50_ec_lv2.0__3h_2030_0.071_pre_adjusted.nc; current scripts/prepare_sector_network.py","REFERENCE_MAPPING_NOT_NUMERIC_ACCEPTANCE","tCO2/MWh_Link_input","false"
"Link:MY_Sabah4 0 services urban decentral gas boiler","services urban decentral gas boiler","Buildings","MY","0.198","false","true","add_heat fuel boiler, not electricity generation","/home/jin/research/SGP_ESE5004_Stage2/pypsa-asean/results/baseline-aims-3H-tutorial/prenetworks/elec_s_50_ec_lv2.0__3h_2030_0.071_pre_adjusted.nc; current scripts/prepare_sector_network.py","REFERENCE_MAPPING_NOT_NUMERIC_ACCEPTANCE","tCO2/MWh_Link_input","false"
"Link:MY_Sarawak4 0 services urban decentral gas boiler","services urban decentral gas boiler","Buildings","MY","0.198","false","true","add_heat fuel boiler, not electricity generation","/home/jin/research/SGP_ESE5004_Stage2/pypsa-asean/results/baseline-aims-3H-tutorial/prenetworks/elec_s_50_ec_lv2.0__3h_2030_0.071_pre_adjusted.nc; current scripts/prepare_sector_network.py","REFERENCE_MAPPING_NOT_NUMERIC_ACCEPTANCE","tCO2/MWh_Link_input","false"
"Link:PH5 0 services urban decentral gas boiler","services urban decentral gas boiler","Buildings","PH","0.198","false","true","add_heat fuel boiler, not electricity generation","/home/jin/research/SGP_ESE5004_Stage2/pypsa-asean/results/baseline-aims-3H-tutorial/prenetworks/elec_s_50_ec_lv2.0__3h_2030_0.071_pre_adjusted.nc; current scripts/prepare_sector_network.py","REFERENCE_MAPPING_NOT_NUMERIC_ACCEPTANCE","tCO2/MWh_Link_input","false"
"Link:PH_Luzon5 0 services urban decentral gas boiler","services urban decentral gas boiler","Buildings","PH","0.198","false","true","add_heat fuel boiler, not electricity generation","/home/jin/research/SGP_ESE5004_Stage2/pypsa-asean/results/baseline-aims-3H-tutorial/prenetworks/elec_s_50_ec_lv2.0__3h_2030_0.071_pre_adjusted.nc; current scripts/prepare_sector_network.py","REFERENCE_MAPPING_NOT_NUMERIC_ACCEPTANCE","tCO2/MWh_Link_input","false"
"Link:PH_Luzon9 0 services urban decentral gas boiler","services urban decentral gas boiler","Buildings","PH","0.198","false","true","add_heat fuel boiler, not electricity generation","/home/jin/research/SGP_ESE5004_Stage2/pypsa-asean/results/baseline-aims-3H-tutorial/prenetworks/elec_s_50_ec_lv2.0__3h_2030_0.071_pre_adjusted.nc; current scripts/prepare_sector_network.py","REFERENCE_MAPPING_NOT_NUMERIC_ACCEPTANCE","tCO2/MWh_Link_input","false"
"Link:PH_Mindanao6 0 services urban decentral gas boiler","services urban decentral gas boiler","Buildings","PH","0.198","false","true","add_heat fuel boiler, not electricity generation","/home/jin/research/SGP_ESE5004_Stage2/pypsa-asean/results/baseline-aims-3H-tutorial/prenetworks/elec_s_50_ec_lv2.0__3h_2030_0.071_pre_adjusted.nc; current scripts/prepare_sector_network.py","REFERENCE_MAPPING_NOT_NUMERIC_ACCEPTANCE","tCO2/MWh_Link_input","false"
"Link:PH_Visayas10 0 services urban decentral gas boiler","services urban decentral gas boiler","Buildings","PH","0.198","false","true","add_heat fuel boiler, not electricity generation","/home/jin/research/SGP_ESE5004_Stage2/pypsa-asean/results/baseline-aims-3H-tutorial/prenetworks/elec_s_50_ec_lv2.0__3h_2030_0.071_pre_adjusted.nc; current scripts/prepare_sector_network.py","REFERENCE_MAPPING_NOT_NUMERIC_ACCEPTANCE","tCO2/MWh_Link_input","false"
"Link:PH_Visayas7 0 services urban decentral gas boiler","services urban decentral gas boiler","Buildings","PH","0.198","false","true","add_heat fuel boiler, not electricity generation","/home/jin/research/SGP_ESE5004_Stage2/pypsa-asean/results/baseline-aims-3H-tutorial/prenetworks/elec_s_50_ec_lv2.0__3h_2030_0.071_pre_adjusted.nc; current scripts/prepare_sector_network.py","REFERENCE_MAPPING_NOT_NUMERIC_ACCEPTANCE","tCO2/MWh_Link_input","false"
"Link:SG2 0 services urban decentral gas boiler","services urban decentral gas boiler","Buildings","SG","0.198","false","true","add_heat fuel boiler, not electricity generation","/home/jin/research/SGP_ESE5004_Stage2/pypsa-asean/results/baseline-aims-3H-tutorial/prenetworks/elec_s_50_ec_lv2.0__3h_2030_0.071_pre_adjusted.nc; current scripts/prepare_sector_network.py","REFERENCE_MAPPING_NOT_NUMERIC_ACCEPTANCE","tCO2/MWh_Link_input","false"
"Link:TH2 0 services urban decentral gas boiler","services urban decentral gas boiler","Buildings","TH","0.198","false","true","add_heat fuel boiler, not electricity generation","/home/jin/research/SGP_ESE5004_Stage2/pypsa-asean/results/baseline-aims-3H-tutorial/prenetworks/elec_s_50_ec_lv2.0__3h_2030_0.071_pre_adjusted.nc; current scripts/prepare_sector_network.py","REFERENCE_MAPPING_NOT_NUMERIC_ACCEPTANCE","tCO2/MWh_Link_input","false"
"Link:TH2 1 services urban decentral gas boiler","services urban decentral gas boiler","Buildings","TH","0.198","false","true","add_heat fuel boiler, not electricity generation","/home/jin/research/SGP_ESE5004_Stage2/pypsa-asean/results/baseline-aims-3H-tutorial/prenetworks/elec_s_50_ec_lv2.0__3h_2030_0.071_pre_adjusted.nc; current scripts/prepare_sector_network.py","REFERENCE_MAPPING_NOT_NUMERIC_ACCEPTANCE","tCO2/MWh_Link_input","false"
"Link:TL11 0 services urban decentral gas boiler","services urban decentral gas boiler","Buildings","TL","0.198","false","true","add_heat fuel boiler, not electricity generation","/home/jin/research/SGP_ESE5004_Stage2/pypsa-asean/results/baseline-aims-3H-tutorial/prenetworks/elec_s_50_ec_lv2.0__3h_2030_0.071_pre_adjusted.nc; current scripts/prepare_sector_network.py","REFERENCE_MAPPING_NOT_NUMERIC_ACCEPTANCE","tCO2/MWh_Link_input","false"
"Link:VN2 0 services urban decentral gas boiler","services urban decentral gas boiler","Buildings","VN","0.198","false","true","add_heat fuel boiler, not electricity generation","/home/jin/research/SGP_ESE5004_Stage2/pypsa-asean/results/baseline-aims-3H-tutorial/prenetworks/elec_s_50_ec_lv2.0__3h_2030_0.071_pre_adjusted.nc; current scripts/prepare_sector_network.py","REFERENCE_MAPPING_NOT_NUMERIC_ACCEPTANCE","tCO2/MWh_Link_input","false"
"Link:VN2 1 services urban decentral gas boiler","services urban decentral gas boiler","Buildings","VN","0.198","false","true","add_heat fuel boiler, not electricity generation","/home/jin/research/SGP_ESE5004_Stage2/pypsa-asean/results/baseline-aims-3H-tutorial/prenetworks/elec_s_50_ec_lv2.0__3h_2030_0.071_pre_adjusted.nc; current scripts/prepare_sector_network.py","REFERENCE_MAPPING_NOT_NUMERIC_ACCEPTANCE","tCO2/MWh_Link_input","false"
"Link:VN2 2 services urban decentral gas boiler","services urban decentral gas boiler","Buildings","VN","0.198","false","true","add_heat fuel boiler, not electricity generation","/home/jin/research/SGP_ESE5004_Stage2/pypsa-asean/results/baseline-aims-3H-tutorial/prenetworks/elec_s_50_ec_lv2.0__3h_2030_0.071_pre_adjusted.nc; current scripts/prepare_sector_network.py","REFERENCE_MAPPING_NOT_NUMERIC_ACCEPTANCE","tCO2/MWh_Link_input","false"
"Link:BN4 0 urban central gas boiler","urban central gas boiler","Buildings","BN","0.198","false","true","add_heat fuel boiler, not electricity generation","/home/jin/research/SGP_ESE5004_Stage2/pypsa-asean/results/baseline-aims-3H-tutorial/prenetworks/elec_s_50_ec_lv2.0__3h_2030_0.071_pre_adjusted.nc; current scripts/prepare_sector_network.py","REFERENCE_MAPPING_NOT_NUMERIC_ACCEPTANCE","tCO2/MWh_Link_input","false"
"Link:ID_Java-Bali1 0 urban central gas boiler","urban central gas boiler","Buildings","ID","0.198","false","true","add_heat fuel boiler, not electricity generation","/home/jin/research/SGP_ESE5004_Stage2/pypsa-asean/results/baseline-aims-3H-tutorial/prenetworks/elec_s_50_ec_lv2.0__3h_2030_0.071_pre_adjusted.nc; current scripts/prepare_sector_network.py","REFERENCE_MAPPING_NOT_NUMERIC_ACCEPTANCE","tCO2/MWh_Link_input","false"
"Link:ID_Kalimantan4 0 urban central gas boiler","urban central gas boiler","Buildings","ID","0.198","false","true","add_heat fuel boiler, not electricity generation","/home/jin/research/SGP_ESE5004_Stage2/pypsa-asean/results/baseline-aims-3H-tutorial/prenetworks/elec_s_50_ec_lv2.0__3h_2030_0.071_pre_adjusted.nc; current scripts/prepare_sector_network.py","REFERENCE_MAPPING_NOT_NUMERIC_ACCEPTANCE","tCO2/MWh_Link_input","false"
"Link:ID_Kalimantan4 1 urban central gas boiler","urban central gas boiler","Buildings","ID","0.198","false","true","add_heat fuel boiler, not electricity generation","/home/jin/research/SGP_ESE5004_Stage2/pypsa-asean/results/baseline-aims-3H-tutorial/prenetworks/elec_s_50_ec_lv2.0__3h_2030_0.071_pre_adjusted.nc; current scripts/prepare_sector_network.py","REFERENCE_MAPPING_NOT_NUMERIC_ACCEPTANCE","tCO2/MWh_Link_input","false"
"Link:ID_Kalimantan4 2 urban central gas boiler","urban central gas boiler","Buildings","ID","0.198","false","true","add_heat fuel boiler, not electricity generation","/home/jin/research/SGP_ESE5004_Stage2/pypsa-asean/results/baseline-aims-3H-tutorial/prenetworks/elec_s_50_ec_lv2.0__3h_2030_0.071_pre_adjusted.nc; current scripts/prepare_sector_network.py","REFERENCE_MAPPING_NOT_NUMERIC_ACCEPTANCE","tCO2/MWh_Link_input","false"
"Link:ID_Kalimantan4 3 urban central gas boiler","urban central gas boiler","Buildings","ID","0.198","false","true","add_heat fuel boiler, not electricity generation","/home/jin/research/SGP_ESE5004_Stage2/pypsa-asean/results/baseline-aims-3H-tutorial/prenetworks/elec_s_50_ec_lv2.0__3h_2030_0.071_pre_adjusted.nc; current scripts/prepare_sector_network.py","REFERENCE_MAPPING_NOT_NUMERIC_ACCEPTANCE","tCO2/MWh_Link_input","false"
"Link:ID_Kalimantan4 4 urban central gas boiler","urban central gas boiler","Buildings","ID","0.198","false","true","add_heat fuel boiler, not electricity generation","/home/jin/research/SGP_ESE5004_Stage2/pypsa-asean/results/baseline-aims-3H-tutorial/prenetworks/elec_s_50_ec_lv2.0__3h_2030_0.071_pre_adjusted.nc; current scripts/prepare_sector_network.py","REFERENCE_MAPPING_NOT_NUMERIC_ACCEPTANCE","tCO2/MWh_Link_input","false"
"Link:ID_Kalimantan4 5 urban central gas boiler","urban central gas boiler","Buildings","ID","0.198","false","true","add_heat fuel boiler, not electricity generation","/home/jin/research/SGP_ESE5004_Stage2/pypsa-asean/results/baseline-aims-3H-tutorial/prenetworks/elec_s_50_ec_lv2.0__3h_2030_0.071_pre_adjusted.nc; current scripts/prepare_sector_network.py","REFERENCE_MAPPING_NOT_NUMERIC_ACCEPTANCE","tCO2/MWh_Link_input","false"
"Link:ID_Maluku16 0 urban central gas boiler","urban central gas boiler","Buildings","ID","0.198","false","true","add_heat fuel boiler, not electricity generation","/home/jin/research/SGP_ESE5004_Stage2/pypsa-asean/results/baseline-aims-3H-tutorial/prenetworks/elec_s_50_ec_lv2.0__3h_2030_0.071_pre_adjusted.nc; current scripts/prepare_sector_network.py","REFERENCE_MAPPING_NOT_NUMERIC_ACCEPTANCE","tCO2/MWh_Link_input","false"
"Link:ID_Maluku17 0 urban central gas boiler","urban central gas boiler","Buildings","ID","0.198","false","true","add_heat fuel boiler, not electricity generation","/home/jin/research/SGP_ESE5004_Stage2/pypsa-asean/results/baseline-aims-3H-tutorial/prenetworks/elec_s_50_ec_lv2.0__3h_2030_0.071_pre_adjusted.nc; current scripts/prepare_sector_network.py","REFERENCE_MAPPING_NOT_NUMERIC_ACCEPTANCE","tCO2/MWh_Link_input","false"
"Link:ID_Maluku8 0 urban central gas boiler","urban central gas boiler","Buildings","ID","0.198","false","true","add_heat fuel boiler, not electricity generation","/home/jin/research/SGP_ESE5004_Stage2/pypsa-asean/results/baseline-aims-3H-tutorial/prenetworks/elec_s_50_ec_lv2.0__3h_2030_0.071_pre_adjusted.nc; current scripts/prepare_sector_network.py","REFERENCE_MAPPING_NOT_NUMERIC_ACCEPTANCE","tCO2/MWh_Link_input","false"
"Link:ID_Nusa-Tenggara12 0 urban central gas boiler","urban central gas boiler","Buildings","ID","0.198","false","true","add_heat fuel boiler, not electricity generation","/home/jin/research/SGP_ESE5004_Stage2/pypsa-asean/results/baseline-aims-3H-tutorial/prenetworks/elec_s_50_ec_lv2.0__3h_2030_0.071_pre_adjusted.nc; current scripts/prepare_sector_network.py","REFERENCE_MAPPING_NOT_NUMERIC_ACCEPTANCE","tCO2/MWh_Link_input","false"
"Link:ID_Nusa-Tenggara13 0 urban central gas boiler","urban central gas boiler","Buildings","ID","0.198","false","true","add_heat fuel boiler, not electricity generation","/home/jin/research/SGP_ESE5004_Stage2/pypsa-asean/results/baseline-aims-3H-tutorial/prenetworks/elec_s_50_ec_lv2.0__3h_2030_0.071_pre_adjusted.nc; current scripts/prepare_sector_network.py","REFERENCE_MAPPING_NOT_NUMERIC_ACCEPTANCE","tCO2/MWh_Link_input","false"
"Link:ID_Nusa-Tenggara14 0 urban central gas boiler","urban central gas boiler","Buildings","ID","0.198","false","true","add_heat fuel boiler, not electricity generation","/home/jin/research/SGP_ESE5004_Stage2/pypsa-asean/results/baseline-aims-3H-tutorial/prenetworks/elec_s_50_ec_lv2.0__3h_2030_0.071_pre_adjusted.nc; current scripts/prepare_sector_network.py","REFERENCE_MAPPING_NOT_NUMERIC_ACCEPTANCE","tCO2/MWh_Link_input","false"
"Link:ID_Nusa-Tenggara15 0 urban central gas boiler","urban central gas boiler","Buildings","ID","0.198","false","true","add_heat fuel boiler, not electricity generation","/home/jin/research/SGP_ESE5004_Stage2/pypsa-asean/results/baseline-aims-3H-tutorial/prenetworks/elec_s_50_ec_lv2.0__3h_2030_0.071_pre_adjusted.nc; current scripts/prepare_sector_network.py","REFERENCE_MAPPING_NOT_NUMERIC_ACCEPTANCE","tCO2/MWh_Link_input","false"
"Link:ID_Papua18 0 urban central gas boiler","urban central gas boiler","Buildings","ID","0.198","false","true","add_heat fuel boiler, not electricity generation","/home/jin/research/SGP_ESE5004_Stage2/pypsa-asean/results/baseline-aims-3H-tutorial/prenetworks/elec_s_50_ec_lv2.0__3h_2030_0.071_pre_adjusted.nc; current scripts/prepare_sector_network.py","REFERENCE_MAPPING_NOT_NUMERIC_ACCEPTANCE","tCO2/MWh_Link_input","false"
"Link:ID_Papua19 0 urban central gas boiler","urban central gas boiler","Buildings","ID","0.198","false","true","add_heat fuel boiler, not electricity generation","/home/jin/research/SGP_ESE5004_Stage2/pypsa-asean/results/baseline-aims-3H-tutorial/prenetworks/elec_s_50_ec_lv2.0__3h_2030_0.071_pre_adjusted.nc; current scripts/prepare_sector_network.py","REFERENCE_MAPPING_NOT_NUMERIC_ACCEPTANCE","tCO2/MWh_Link_input","false"
"Link:ID_Papua20 0 urban central gas boiler","urban central gas boiler","Buildings","ID","0.198","false","true","add_heat fuel boiler, not electricity generation","/home/jin/research/SGP_ESE5004_Stage2/pypsa-asean/results/baseline-aims-3H-tutorial/prenetworks/elec_s_50_ec_lv2.0__3h_2030_0.071_pre_adjusted.nc; current scripts/prepare_sector_network.py","REFERENCE_MAPPING_NOT_NUMERIC_ACCEPTANCE","tCO2/MWh_Link_input","false"
"Link:ID_Sulawesi0 0 urban central gas boiler","urban central gas boiler","Buildings","ID","0.198","false","true","add_heat fuel boiler, not electricity generation","/home/jin/research/SGP_ESE5004_Stage2/pypsa-asean/results/baseline-aims-3H-tutorial/prenetworks/elec_s_50_ec_lv2.0__3h_2030_0.071_pre_adjusted.nc; current scripts/prepare_sector_network.py","REFERENCE_MAPPING_NOT_NUMERIC_ACCEPTANCE","tCO2/MWh_Link_input","false"
"Link:ID_Sumatra2 0 urban central gas boiler","urban central gas boiler","Buildings","ID","0.198","false","true","add_heat fuel boiler, not electricity generation","/home/jin/research/SGP_ESE5004_Stage2/pypsa-asean/results/baseline-aims-3H-tutorial/prenetworks/elec_s_50_ec_lv2.0__3h_2030_0.071_pre_adjusted.nc; current scripts/prepare_sector_network.py","REFERENCE_MAPPING_NOT_NUMERIC_ACCEPTANCE","tCO2/MWh_Link_input","false"
"Link:ID_Sumatra3 0 urban central gas boiler","urban central gas boiler","Buildings","ID","0.198","false","true","add_heat fuel boiler, not electricity generation","/home/jin/research/SGP_ESE5004_Stage2/pypsa-asean/results/baseline-aims-3H-tutorial/prenetworks/elec_s_50_ec_lv2.0__3h_2030_0.071_pre_adjusted.nc; current scripts/prepare_sector_network.py","REFERENCE_MAPPING_NOT_NUMERIC_ACCEPTANCE","tCO2/MWh_Link_input","false"
"Link:ID_Sumatra3 1 urban central gas boiler","urban central gas boiler","Buildings","ID","0.198","false","true","add_heat fuel boiler, not electricity generation","/home/jin/research/SGP_ESE5004_Stage2/pypsa-asean/results/baseline-aims-3H-tutorial/prenetworks/elec_s_50_ec_lv2.0__3h_2030_0.071_pre_adjusted.nc; current scripts/prepare_sector_network.py","REFERENCE_MAPPING_NOT_NUMERIC_ACCEPTANCE","tCO2/MWh_Link_input","false"
"Link:KH2 0 urban central gas boiler","urban central gas boiler","Buildings","KH","0.198","false","true","add_heat fuel boiler, not electricity generation","/home/jin/research/SGP_ESE5004_Stage2/pypsa-asean/results/baseline-aims-3H-tutorial/prenetworks/elec_s_50_ec_lv2.0__3h_2030_0.071_pre_adjusted.nc; current scripts/prepare_sector_network.py","REFERENCE_MAPPING_NOT_NUMERIC_ACCEPTANCE","tCO2/MWh_Link_input","false"
"Link:LA2 0 urban central gas boiler","urban central gas boiler","Buildings","LA","0.198","false","true","add_heat fuel boiler, not electricity generation","/home/jin/research/SGP_ESE5004_Stage2/pypsa-asean/results/baseline-aims-3H-tutorial/prenetworks/elec_s_50_ec_lv2.0__3h_2030_0.071_pre_adjusted.nc; current scripts/prepare_sector_network.py","REFERENCE_MAPPING_NOT_NUMERIC_ACCEPTANCE","tCO2/MWh_Link_input","false"
"Link:LA2 1 urban central gas boiler","urban central gas boiler","Buildings","LA","0.198","false","true","add_heat fuel boiler, not electricity generation","/home/jin/research/SGP_ESE5004_Stage2/pypsa-asean/results/baseline-aims-3H-tutorial/prenetworks/elec_s_50_ec_lv2.0__3h_2030_0.071_pre_adjusted.nc; current scripts/prepare_sector_network.py","REFERENCE_MAPPING_NOT_NUMERIC_ACCEPTANCE","tCO2/MWh_Link_input","false"
"Link:MM2 0 urban central gas boiler","urban central gas boiler","Buildings","MM","0.198","false","true","add_heat fuel boiler, not electricity generation","/home/jin/research/SGP_ESE5004_Stage2/pypsa-asean/results/baseline-aims-3H-tutorial/prenetworks/elec_s_50_ec_lv2.0__3h_2030_0.071_pre_adjusted.nc; current scripts/prepare_sector_network.py","REFERENCE_MAPPING_NOT_NUMERIC_ACCEPTANCE","tCO2/MWh_Link_input","false"
"Link:MM2 1 urban central gas boiler","urban central gas boiler","Buildings","MM","0.198","false","true","add_heat fuel boiler, not electricity generation","/home/jin/research/SGP_ESE5004_Stage2/pypsa-asean/results/baseline-aims-3H-tutorial/prenetworks/elec_s_50_ec_lv2.0__3h_2030_0.071_pre_adjusted.nc; current scripts/prepare_sector_network.py","REFERENCE_MAPPING_NOT_NUMERIC_ACCEPTANCE","tCO2/MWh_Link_input","false"
"Link:MM2 2 urban central gas boiler","urban central gas boiler","Buildings","MM","0.198","false","true","add_heat fuel boiler, not electricity generation","/home/jin/research/SGP_ESE5004_Stage2/pypsa-asean/results/baseline-aims-3H-tutorial/prenetworks/elec_s_50_ec_lv2.0__3h_2030_0.071_pre_adjusted.nc; current scripts/prepare_sector_network.py","REFERENCE_MAPPING_NOT_NUMERIC_ACCEPTANCE","tCO2/MWh_Link_input","false"
"Link:MM2 3 urban central gas boiler","urban central gas boiler","Buildings","MM","0.198","false","true","add_heat fuel boiler, not electricity generation","/home/jin/research/SGP_ESE5004_Stage2/pypsa-asean/results/baseline-aims-3H-tutorial/prenetworks/elec_s_50_ec_lv2.0__3h_2030_0.071_pre_adjusted.nc; current scripts/prepare_sector_network.py","REFERENCE_MAPPING_NOT_NUMERIC_ACCEPTANCE","tCO2/MWh_Link_input","false"
"Link:MM2 4 urban central gas boiler","urban central gas boiler","Buildings","MM","0.198","false","true","add_heat fuel boiler, not electricity generation","/home/jin/research/SGP_ESE5004_Stage2/pypsa-asean/results/baseline-aims-3H-tutorial/prenetworks/elec_s_50_ec_lv2.0__3h_2030_0.071_pre_adjusted.nc; current scripts/prepare_sector_network.py","REFERENCE_MAPPING_NOT_NUMERIC_ACCEPTANCE","tCO2/MWh_Link_input","false"
"Link:MM2 5 urban central gas boiler","urban central gas boiler","Buildings","MM","0.198","false","true","add_heat fuel boiler, not electricity generation","/home/jin/research/SGP_ESE5004_Stage2/pypsa-asean/results/baseline-aims-3H-tutorial/prenetworks/elec_s_50_ec_lv2.0__3h_2030_0.071_pre_adjusted.nc; current scripts/prepare_sector_network.py","REFERENCE_MAPPING_NOT_NUMERIC_ACCEPTANCE","tCO2/MWh_Link_input","false"
"Link:MM2 6 urban central gas boiler","urban central gas boiler","Buildings","MM","0.198","false","true","add_heat fuel boiler, not electricity generation","/home/jin/research/SGP_ESE5004_Stage2/pypsa-asean/results/baseline-aims-3H-tutorial/prenetworks/elec_s_50_ec_lv2.0__3h_2030_0.071_pre_adjusted.nc; current scripts/prepare_sector_network.py","REFERENCE_MAPPING_NOT_NUMERIC_ACCEPTANCE","tCO2/MWh_Link_input","false"
"Link:MY_Peninsular2 0 urban central gas boiler","urban central gas boiler","Buildings","MY","0.198","false","true","add_heat fuel boiler, not electricity generation","/home/jin/research/SGP_ESE5004_Stage2/pypsa-asean/results/baseline-aims-3H-tutorial/prenetworks/elec_s_50_ec_lv2.0__3h_2030_0.071_pre_adjusted.nc; current scripts/prepare_sector_network.py","REFERENCE_MAPPING_NOT_NUMERIC_ACCEPTANCE","tCO2/MWh_Link_input","false"
"Link:MY_Sabah4 0 urban central gas boiler","urban central gas boiler","Buildings","MY","0.198","false","true","add_heat fuel boiler, not electricity generation","/home/jin/research/SGP_ESE5004_Stage2/pypsa-asean/results/baseline-aims-3H-tutorial/prenetworks/elec_s_50_ec_lv2.0__3h_2030_0.071_pre_adjusted.nc; current scripts/prepare_sector_network.py","REFERENCE_MAPPING_NOT_NUMERIC_ACCEPTANCE","tCO2/MWh_Link_input","false"
"Link:MY_Sarawak4 0 urban central gas boiler","urban central gas boiler","Buildings","MY","0.198","false","true","add_heat fuel boiler, not electricity generation","/home/jin/research/SGP_ESE5004_Stage2/pypsa-asean/results/baseline-aims-3H-tutorial/prenetworks/elec_s_50_ec_lv2.0__3h_2030_0.071_pre_adjusted.nc; current scripts/prepare_sector_network.py","REFERENCE_MAPPING_NOT_NUMERIC_ACCEPTANCE","tCO2/MWh_Link_input","false"
"Link:PH5 0 urban central gas boiler","urban central gas boiler","Buildings","PH","0.198","false","true","add_heat fuel boiler, not electricity generation","/home/jin/research/SGP_ESE5004_Stage2/pypsa-asean/results/baseline-aims-3H-tutorial/prenetworks/elec_s_50_ec_lv2.0__3h_2030_0.071_pre_adjusted.nc; current scripts/prepare_sector_network.py","REFERENCE_MAPPING_NOT_NUMERIC_ACCEPTANCE","tCO2/MWh_Link_input","false"
"Link:PH_Luzon5 0 urban central gas boiler","urban central gas boiler","Buildings","PH","0.198","false","true","add_heat fuel boiler, not electricity generation","/home/jin/research/SGP_ESE5004_Stage2/pypsa-asean/results/baseline-aims-3H-tutorial/prenetworks/elec_s_50_ec_lv2.0__3h_2030_0.071_pre_adjusted.nc; current scripts/prepare_sector_network.py","REFERENCE_MAPPING_NOT_NUMERIC_ACCEPTANCE","tCO2/MWh_Link_input","false"
"Link:PH_Luzon9 0 urban central gas boiler","urban central gas boiler","Buildings","PH","0.198","false","true","add_heat fuel boiler, not electricity generation","/home/jin/research/SGP_ESE5004_Stage2/pypsa-asean/results/baseline-aims-3H-tutorial/prenetworks/elec_s_50_ec_lv2.0__3h_2030_0.071_pre_adjusted.nc; current scripts/prepare_sector_network.py","REFERENCE_MAPPING_NOT_NUMERIC_ACCEPTANCE","tCO2/MWh_Link_input","false"
"Link:PH_Mindanao6 0 urban central gas boiler","urban central gas boiler","Buildings","PH","0.198","false","true","add_heat fuel boiler, not electricity generation","/home/jin/research/SGP_ESE5004_Stage2/pypsa-asean/results/baseline-aims-3H-tutorial/prenetworks/elec_s_50_ec_lv2.0__3h_2030_0.071_pre_adjusted.nc; current scripts/prepare_sector_network.py","REFERENCE_MAPPING_NOT_NUMERIC_ACCEPTANCE","tCO2/MWh_Link_input","false"
"Link:PH_Visayas10 0 urban central gas boiler","urban central gas boiler","Buildings","PH","0.198","false","true","add_heat fuel boiler, not electricity generation","/home/jin/research/SGP_ESE5004_Stage2/pypsa-asean/results/baseline-aims-3H-tutorial/prenetworks/elec_s_50_ec_lv2.0__3h_2030_0.071_pre_adjusted.nc; current scripts/prepare_sector_network.py","REFERENCE_MAPPING_NOT_NUMERIC_ACCEPTANCE","tCO2/MWh_Link_input","false"
"Link:PH_Visayas7 0 urban central gas boiler","urban central gas boiler","Buildings","PH","0.198","false","true","add_heat fuel boiler, not electricity generation","/home/jin/research/SGP_ESE5004_Stage2/pypsa-asean/results/baseline-aims-3H-tutorial/prenetworks/elec_s_50_ec_lv2.0__3h_2030_0.071_pre_adjusted.nc; current scripts/prepare_sector_network.py","REFERENCE_MAPPING_NOT_NUMERIC_ACCEPTANCE","tCO2/MWh_Link_input","false"
"Link:SG2 0 urban central gas boiler","urban central gas boiler","Buildings","SG","0.198","false","true","add_heat fuel boiler, not electricity generation","/home/jin/research/SGP_ESE5004_Stage2/pypsa-asean/results/baseline-aims-3H-tutorial/prenetworks/elec_s_50_ec_lv2.0__3h_2030_0.071_pre_adjusted.nc; current scripts/prepare_sector_network.py","REFERENCE_MAPPING_NOT_NUMERIC_ACCEPTANCE","tCO2/MWh_Link_input","false"
"Link:TH2 0 urban central gas boiler","urban central gas boiler","Buildings","TH","0.198","false","true","add_heat fuel boiler, not electricity generation","/home/jin/research/SGP_ESE5004_Stage2/pypsa-asean/results/baseline-aims-3H-tutorial/prenetworks/elec_s_50_ec_lv2.0__3h_2030_0.071_pre_adjusted.nc; current scripts/prepare_sector_network.py","REFERENCE_MAPPING_NOT_NUMERIC_ACCEPTANCE","tCO2/MWh_Link_input","false"
"Link:TH2 1 urban central gas boiler","urban central gas boiler","Buildings","TH","0.198","false","true","add_heat fuel boiler, not electricity generation","/home/jin/research/SGP_ESE5004_Stage2/pypsa-asean/results/baseline-aims-3H-tutorial/prenetworks/elec_s_50_ec_lv2.0__3h_2030_0.071_pre_adjusted.nc; current scripts/prepare_sector_network.py","REFERENCE_MAPPING_NOT_NUMERIC_ACCEPTANCE","tCO2/MWh_Link_input","false"
"Link:TL11 0 urban central gas boiler","urban central gas boiler","Buildings","TL","0.198","false","true","add_heat fuel boiler, not electricity generation","/home/jin/research/SGP_ESE5004_Stage2/pypsa-asean/results/baseline-aims-3H-tutorial/prenetworks/elec_s_50_ec_lv2.0__3h_2030_0.071_pre_adjusted.nc; current scripts/prepare_sector_network.py","REFERENCE_MAPPING_NOT_NUMERIC_ACCEPTANCE","tCO2/MWh_Link_input","false"
"Link:VN2 0 urban central gas boiler","urban central gas boiler","Buildings","VN","0.198","false","true","add_heat fuel boiler, not electricity generation","/home/jin/research/SGP_ESE5004_Stage2/pypsa-asean/results/baseline-aims-3H-tutorial/prenetworks/elec_s_50_ec_lv2.0__3h_2030_0.071_pre_adjusted.nc; current scripts/prepare_sector_network.py","REFERENCE_MAPPING_NOT_NUMERIC_ACCEPTANCE","tCO2/MWh_Link_input","false"
"Link:VN2 1 urban central gas boiler","urban central gas boiler","Buildings","VN","0.198","false","true","add_heat fuel boiler, not electricity generation","/home/jin/research/SGP_ESE5004_Stage2/pypsa-asean/results/baseline-aims-3H-tutorial/prenetworks/elec_s_50_ec_lv2.0__3h_2030_0.071_pre_adjusted.nc; current scripts/prepare_sector_network.py","REFERENCE_MAPPING_NOT_NUMERIC_ACCEPTANCE","tCO2/MWh_Link_input","false"
"Link:VN2 2 urban central gas boiler","urban central gas boiler","Buildings","VN","0.198","false","true","add_heat fuel boiler, not electricity generation","/home/jin/research/SGP_ESE5004_Stage2/pypsa-asean/results/baseline-aims-3H-tutorial/prenetworks/elec_s_50_ec_lv2.0__3h_2030_0.071_pre_adjusted.nc; current scripts/prepare_sector_network.py","REFERENCE_MAPPING_NOT_NUMERIC_ACCEPTANCE","tCO2/MWh_Link_input","false"
"Link:BN4 0 urban central gas CHP","urban central gas CHP","SHARED_USE_PENDING","BN","0.198","PENDING_SHARED_USE_ALLOCATION","true","Shared H2/CHP cannot be allocated by name or arbitrary ratio; original power scope requires accepted split","/home/jin/research/SGP_ESE5004_Stage2/pypsa-asean/results/baseline-aims-3H-tutorial/prenetworks/elec_s_50_ec_lv2.0__3h_2030_0.071_pre_adjusted.nc; current scripts/prepare_sector_network.py","REFERENCE_MAPPING_NOT_NUMERIC_ACCEPTANCE","tCO2/MWh_Link_input","false"
"Link:ID_Java-Bali1 0 urban central gas CHP","urban central gas CHP","SHARED_USE_PENDING","ID","0.198","PENDING_SHARED_USE_ALLOCATION","true","Shared H2/CHP cannot be allocated by name or arbitrary ratio; original power scope requires accepted split","/home/jin/research/SGP_ESE5004_Stage2/pypsa-asean/results/baseline-aims-3H-tutorial/prenetworks/elec_s_50_ec_lv2.0__3h_2030_0.071_pre_adjusted.nc; current scripts/prepare_sector_network.py","REFERENCE_MAPPING_NOT_NUMERIC_ACCEPTANCE","tCO2/MWh_Link_input","false"
"Link:ID_Kalimantan4 0 urban central gas CHP","urban central gas CHP","SHARED_USE_PENDING","ID","0.198","PENDING_SHARED_USE_ALLOCATION","true","Shared H2/CHP cannot be allocated by name or arbitrary ratio; original power scope requires accepted split","/home/jin/research/SGP_ESE5004_Stage2/pypsa-asean/results/baseline-aims-3H-tutorial/prenetworks/elec_s_50_ec_lv2.0__3h_2030_0.071_pre_adjusted.nc; current scripts/prepare_sector_network.py","REFERENCE_MAPPING_NOT_NUMERIC_ACCEPTANCE","tCO2/MWh_Link_input","false"
"Link:ID_Kalimantan4 1 urban central gas CHP","urban central gas CHP","SHARED_USE_PENDING","ID","0.198","PENDING_SHARED_USE_ALLOCATION","true","Shared H2/CHP cannot be allocated by name or arbitrary ratio; original power scope requires accepted split","/home/jin/research/SGP_ESE5004_Stage2/pypsa-asean/results/baseline-aims-3H-tutorial/prenetworks/elec_s_50_ec_lv2.0__3h_2030_0.071_pre_adjusted.nc; current scripts/prepare_sector_network.py","REFERENCE_MAPPING_NOT_NUMERIC_ACCEPTANCE","tCO2/MWh_Link_input","false"
"Link:ID_Kalimantan4 2 urban central gas CHP","urban central gas CHP","SHARED_USE_PENDING","ID","0.198","PENDING_SHARED_USE_ALLOCATION","true","Shared H2/CHP cannot be allocated by name or arbitrary ratio; original power scope requires accepted split","/home/jin/research/SGP_ESE5004_Stage2/pypsa-asean/results/baseline-aims-3H-tutorial/prenetworks/elec_s_50_ec_lv2.0__3h_2030_0.071_pre_adjusted.nc; current scripts/prepare_sector_network.py","REFERENCE_MAPPING_NOT_NUMERIC_ACCEPTANCE","tCO2/MWh_Link_input","false"
"Link:ID_Kalimantan4 3 urban central gas CHP","urban central gas CHP","SHARED_USE_PENDING","ID","0.198","PENDING_SHARED_USE_ALLOCATION","true","Shared H2/CHP cannot be allocated by name or arbitrary ratio; original power scope requires accepted split","/home/jin/research/SGP_ESE5004_Stage2/pypsa-asean/results/baseline-aims-3H-tutorial/prenetworks/elec_s_50_ec_lv2.0__3h_2030_0.071_pre_adjusted.nc; current scripts/prepare_sector_network.py","REFERENCE_MAPPING_NOT_NUMERIC_ACCEPTANCE","tCO2/MWh_Link_input","false"
"Link:ID_Kalimantan4 4 urban central gas CHP","urban central gas CHP","SHARED_USE_PENDING","ID","0.198","PENDING_SHARED_USE_ALLOCATION","true","Shared H2/CHP cannot be allocated by name or arbitrary ratio; original power scope requires accepted split","/home/jin/research/SGP_ESE5004_Stage2/pypsa-asean/results/baseline-aims-3H-tutorial/prenetworks/elec_s_50_ec_lv2.0__3h_2030_0.071_pre_adjusted.nc; current scripts/prepare_sector_network.py","REFERENCE_MAPPING_NOT_NUMERIC_ACCEPTANCE","tCO2/MWh_Link_input","false"
"Link:ID_Kalimantan4 5 urban central gas CHP","urban central gas CHP","SHARED_USE_PENDING","ID","0.198","PENDING_SHARED_USE_ALLOCATION","true","Shared H2/CHP cannot be allocated by name or arbitrary ratio; original power scope requires accepted split","/home/jin/research/SGP_ESE5004_Stage2/pypsa-asean/results/baseline-aims-3H-tutorial/prenetworks/elec_s_50_ec_lv2.0__3h_2030_0.071_pre_adjusted.nc; current scripts/prepare_sector_network.py","REFERENCE_MAPPING_NOT_NUMERIC_ACCEPTANCE","tCO2/MWh_Link_input","false"
"Link:ID_Maluku16 0 urban central gas CHP","urban central gas CHP","SHARED_USE_PENDING","ID","0.198","PENDING_SHARED_USE_ALLOCATION","true","Shared H2/CHP cannot be allocated by name or arbitrary ratio; original power scope requires accepted split","/home/jin/research/SGP_ESE5004_Stage2/pypsa-asean/results/baseline-aims-3H-tutorial/prenetworks/elec_s_50_ec_lv2.0__3h_2030_0.071_pre_adjusted.nc; current scripts/prepare_sector_network.py","REFERENCE_MAPPING_NOT_NUMERIC_ACCEPTANCE","tCO2/MWh_Link_input","false"
"Link:ID_Maluku17 0 urban central gas CHP","urban central gas CHP","SHARED_USE_PENDING","ID","0.198","PENDING_SHARED_USE_ALLOCATION","true","Shared H2/CHP cannot be allocated by name or arbitrary ratio; original power scope requires accepted split","/home/jin/research/SGP_ESE5004_Stage2/pypsa-asean/results/baseline-aims-3H-tutorial/prenetworks/elec_s_50_ec_lv2.0__3h_2030_0.071_pre_adjusted.nc; current scripts/prepare_sector_network.py","REFERENCE_MAPPING_NOT_NUMERIC_ACCEPTANCE","tCO2/MWh_Link_input","false"
"Link:ID_Maluku8 0 urban central gas CHP","urban central gas CHP","SHARED_USE_PENDING","ID","0.198","PENDING_SHARED_USE_ALLOCATION","true","Shared H2/CHP cannot be allocated by name or arbitrary ratio; original power scope requires accepted split","/home/jin/research/SGP_ESE5004_Stage2/pypsa-asean/results/baseline-aims-3H-tutorial/prenetworks/elec_s_50_ec_lv2.0__3h_2030_0.071_pre_adjusted.nc; current scripts/prepare_sector_network.py","REFERENCE_MAPPING_NOT_NUMERIC_ACCEPTANCE","tCO2/MWh_Link_input","false"
"Link:ID_Nusa-Tenggara12 0 urban central gas CHP","urban central gas CHP","SHARED_USE_PENDING","ID","0.198","PENDING_SHARED_USE_ALLOCATION","true","Shared H2/CHP cannot be allocated by name or arbitrary ratio; original power scope requires accepted split","/home/jin/research/SGP_ESE5004_Stage2/pypsa-asean/results/baseline-aims-3H-tutorial/prenetworks/elec_s_50_ec_lv2.0__3h_2030_0.071_pre_adjusted.nc; current scripts/prepare_sector_network.py","REFERENCE_MAPPING_NOT_NUMERIC_ACCEPTANCE","tCO2/MWh_Link_input","false"
"Link:ID_Nusa-Tenggara13 0 urban central gas CHP","urban central gas CHP","SHARED_USE_PENDING","ID","0.198","PENDING_SHARED_USE_ALLOCATION","true","Shared H2/CHP cannot be allocated by name or arbitrary ratio; original power scope requires accepted split","/home/jin/research/SGP_ESE5004_Stage2/pypsa-asean/results/baseline-aims-3H-tutorial/prenetworks/elec_s_50_ec_lv2.0__3h_2030_0.071_pre_adjusted.nc; current scripts/prepare_sector_network.py","REFERENCE_MAPPING_NOT_NUMERIC_ACCEPTANCE","tCO2/MWh_Link_input","false"
"Link:ID_Nusa-Tenggara14 0 urban central gas CHP","urban central gas CHP","SHARED_USE_PENDING","ID","0.198","PENDING_SHARED_USE_ALLOCATION","true","Shared H2/CHP cannot be allocated by name or arbitrary ratio; original power scope requires accepted split","/home/jin/research/SGP_ESE5004_Stage2/pypsa-asean/results/baseline-aims-3H-tutorial/prenetworks/elec_s_50_ec_lv2.0__3h_2030_0.071_pre_adjusted.nc; current scripts/prepare_sector_network.py","REFERENCE_MAPPING_NOT_NUMERIC_ACCEPTANCE","tCO2/MWh_Link_input","false"
"Link:ID_Nusa-Tenggara15 0 urban central gas CHP","urban central gas CHP","SHARED_USE_PENDING","ID","0.198","PENDING_SHARED_USE_ALLOCATION","true","Shared H2/CHP cannot be allocated by name or arbitrary ratio; original power scope requires accepted split","/home/jin/research/SGP_ESE5004_Stage2/pypsa-asean/results/baseline-aims-3H-tutorial/prenetworks/elec_s_50_ec_lv2.0__3h_2030_0.071_pre_adjusted.nc; current scripts/prepare_sector_network.py","REFERENCE_MAPPING_NOT_NUMERIC_ACCEPTANCE","tCO2/MWh_Link_input","false"
"Link:ID_Papua18 0 urban central gas CHP","urban central gas CHP","SHARED_USE_PENDING","ID","0.198","PENDING_SHARED_USE_ALLOCATION","true","Shared H2/CHP cannot be allocated by name or arbitrary ratio; original power scope requires accepted split","/home/jin/research/SGP_ESE5004_Stage2/pypsa-asean/results/baseline-aims-3H-tutorial/prenetworks/elec_s_50_ec_lv2.0__3h_2030_0.071_pre_adjusted.nc; current scripts/prepare_sector_network.py","REFERENCE_MAPPING_NOT_NUMERIC_ACCEPTANCE","tCO2/MWh_Link_input","false"
"Link:ID_Papua19 0 urban central gas CHP","urban central gas CHP","SHARED_USE_PENDING","ID","0.198","PENDING_SHARED_USE_ALLOCATION","true","Shared H2/CHP cannot be allocated by name or arbitrary ratio; original power scope requires accepted split","/home/jin/research/SGP_ESE5004_Stage2/pypsa-asean/results/baseline-aims-3H-tutorial/prenetworks/elec_s_50_ec_lv2.0__3h_2030_0.071_pre_adjusted.nc; current scripts/prepare_sector_network.py","REFERENCE_MAPPING_NOT_NUMERIC_ACCEPTANCE","tCO2/MWh_Link_input","false"
"Link:ID_Papua20 0 urban central gas CHP","urban central gas CHP","SHARED_USE_PENDING","ID","0.198","PENDING_SHARED_USE_ALLOCATION","true","Shared H2/CHP cannot be allocated by name or arbitrary ratio; original power scope requires accepted split","/home/jin/research/SGP_ESE5004_Stage2/pypsa-asean/results/baseline-aims-3H-tutorial/prenetworks/elec_s_50_ec_lv2.0__3h_2030_0.071_pre_adjusted.nc; current scripts/prepare_sector_network.py","REFERENCE_MAPPING_NOT_NUMERIC_ACCEPTANCE","tCO2/MWh_Link_input","false"
"Link:ID_Sulawesi0 0 urban central gas CHP","urban central gas CHP","SHARED_USE_PENDING","ID","0.198","PENDING_SHARED_USE_ALLOCATION","true","Shared H2/CHP cannot be allocated by name or arbitrary ratio; original power scope requires accepted split","/home/jin/research/SGP_ESE5004_Stage2/pypsa-asean/results/baseline-aims-3H-tutorial/prenetworks/elec_s_50_ec_lv2.0__3h_2030_0.071_pre_adjusted.nc; current scripts/prepare_sector_network.py","REFERENCE_MAPPING_NOT_NUMERIC_ACCEPTANCE","tCO2/MWh_Link_input","false"
"Link:ID_Sumatra2 0 urban central gas CHP","urban central gas CHP","SHARED_USE_PENDING","ID","0.198","PENDING_SHARED_USE_ALLOCATION","true","Shared H2/CHP cannot be allocated by name or arbitrary ratio; original power scope requires accepted split","/home/jin/research/SGP_ESE5004_Stage2/pypsa-asean/results/baseline-aims-3H-tutorial/prenetworks/elec_s_50_ec_lv2.0__3h_2030_0.071_pre_adjusted.nc; current scripts/prepare_sector_network.py","REFERENCE_MAPPING_NOT_NUMERIC_ACCEPTANCE","tCO2/MWh_Link_input","false"
"Link:ID_Sumatra3 0 urban central gas CHP","urban central gas CHP","SHARED_USE_PENDING","ID","0.198","PENDING_SHARED_USE_ALLOCATION","true","Shared H2/CHP cannot be allocated by name or arbitrary ratio; original power scope requires accepted split","/home/jin/research/SGP_ESE5004_Stage2/pypsa-asean/results/baseline-aims-3H-tutorial/prenetworks/elec_s_50_ec_lv2.0__3h_2030_0.071_pre_adjusted.nc; current scripts/prepare_sector_network.py","REFERENCE_MAPPING_NOT_NUMERIC_ACCEPTANCE","tCO2/MWh_Link_input","false"
"Link:ID_Sumatra3 1 urban central gas CHP","urban central gas CHP","SHARED_USE_PENDING","ID","0.198","PENDING_SHARED_USE_ALLOCATION","true","Shared H2/CHP cannot be allocated by name or arbitrary ratio; original power scope requires accepted split","/home/jin/research/SGP_ESE5004_Stage2/pypsa-asean/results/baseline-aims-3H-tutorial/prenetworks/elec_s_50_ec_lv2.0__3h_2030_0.071_pre_adjusted.nc; current scripts/prepare_sector_network.py","REFERENCE_MAPPING_NOT_NUMERIC_ACCEPTANCE","tCO2/MWh_Link_input","false"
"Link:KH2 0 urban central gas CHP","urban central gas CHP","SHARED_USE_PENDING","KH","0.198","PENDING_SHARED_USE_ALLOCATION","true","Shared H2/CHP cannot be allocated by name or arbitrary ratio; original power scope requires accepted split","/home/jin/research/SGP_ESE5004_Stage2/pypsa-asean/results/baseline-aims-3H-tutorial/prenetworks/elec_s_50_ec_lv2.0__3h_2030_0.071_pre_adjusted.nc; current scripts/prepare_sector_network.py","REFERENCE_MAPPING_NOT_NUMERIC_ACCEPTANCE","tCO2/MWh_Link_input","false"
"Link:LA2 0 urban central gas CHP","urban central gas CHP","SHARED_USE_PENDING","LA","0.198","PENDING_SHARED_USE_ALLOCATION","true","Shared H2/CHP cannot be allocated by name or arbitrary ratio; original power scope requires accepted split","/home/jin/research/SGP_ESE5004_Stage2/pypsa-asean/results/baseline-aims-3H-tutorial/prenetworks/elec_s_50_ec_lv2.0__3h_2030_0.071_pre_adjusted.nc; current scripts/prepare_sector_network.py","REFERENCE_MAPPING_NOT_NUMERIC_ACCEPTANCE","tCO2/MWh_Link_input","false"
"Link:LA2 1 urban central gas CHP","urban central gas CHP","SHARED_USE_PENDING","LA","0.198","PENDING_SHARED_USE_ALLOCATION","true","Shared H2/CHP cannot be allocated by name or arbitrary ratio; original power scope requires accepted split","/home/jin/research/SGP_ESE5004_Stage2/pypsa-asean/results/baseline-aims-3H-tutorial/prenetworks/elec_s_50_ec_lv2.0__3h_2030_0.071_pre_adjusted.nc; current scripts/prepare_sector_network.py","REFERENCE_MAPPING_NOT_NUMERIC_ACCEPTANCE","tCO2/MWh_Link_input","false"
"Link:MM2 0 urban central gas CHP","urban central gas CHP","SHARED_USE_PENDING","MM","0.198","PENDING_SHARED_USE_ALLOCATION","true","Shared H2/CHP cannot be allocated by name or arbitrary ratio; original power scope requires accepted split","/home/jin/research/SGP_ESE5004_Stage2/pypsa-asean/results/baseline-aims-3H-tutorial/prenetworks/elec_s_50_ec_lv2.0__3h_2030_0.071_pre_adjusted.nc; current scripts/prepare_sector_network.py","REFERENCE_MAPPING_NOT_NUMERIC_ACCEPTANCE","tCO2/MWh_Link_input","false"
"Link:MM2 1 urban central gas CHP","urban central gas CHP","SHARED_USE_PENDING","MM","0.198","PENDING_SHARED_USE_ALLOCATION","true","Shared H2/CHP cannot be allocated by name or arbitrary ratio; original power scope requires accepted split","/home/jin/research/SGP_ESE5004_Stage2/pypsa-asean/results/baseline-aims-3H-tutorial/prenetworks/elec_s_50_ec_lv2.0__3h_2030_0.071_pre_adjusted.nc; current scripts/prepare_sector_network.py","REFERENCE_MAPPING_NOT_NUMERIC_ACCEPTANCE","tCO2/MWh_Link_input","false"
"Link:MM2 2 urban central gas CHP","urban central gas CHP","SHARED_USE_PENDING","MM","0.198","PENDING_SHARED_USE_ALLOCATION","true","Shared H2/CHP cannot be allocated by name or arbitrary ratio; original power scope requires accepted split","/home/jin/research/SGP_ESE5004_Stage2/pypsa-asean/results/baseline-aims-3H-tutorial/prenetworks/elec_s_50_ec_lv2.0__3h_2030_0.071_pre_adjusted.nc; current scripts/prepare_sector_network.py","REFERENCE_MAPPING_NOT_NUMERIC_ACCEPTANCE","tCO2/MWh_Link_input","false"
"Link:MM2 3 urban central gas CHP","urban central gas CHP","SHARED_USE_PENDING","MM","0.198","PENDING_SHARED_USE_ALLOCATION","true","Shared H2/CHP cannot be allocated by name or arbitrary ratio; original power scope requires accepted split","/home/jin/research/SGP_ESE5004_Stage2/pypsa-asean/results/baseline-aims-3H-tutorial/prenetworks/elec_s_50_ec_lv2.0__3h_2030_0.071_pre_adjusted.nc; current scripts/prepare_sector_network.py","REFERENCE_MAPPING_NOT_NUMERIC_ACCEPTANCE","tCO2/MWh_Link_input","false"
"Link:MM2 4 urban central gas CHP","urban central gas CHP","SHARED_USE_PENDING","MM","0.198","PENDING_SHARED_USE_ALLOCATION","true","Shared H2/CHP cannot be allocated by name or arbitrary ratio; original power scope requires accepted split","/home/jin/research/SGP_ESE5004_Stage2/pypsa-asean/results/baseline-aims-3H-tutorial/prenetworks/elec_s_50_ec_lv2.0__3h_2030_0.071_pre_adjusted.nc; current scripts/prepare_sector_network.py","REFERENCE_MAPPING_NOT_NUMERIC_ACCEPTANCE","tCO2/MWh_Link_input","false"
"Link:MM2 5 urban central gas CHP","urban central gas CHP","SHARED_USE_PENDING","MM","0.198","PENDING_SHARED_USE_ALLOCATION","true","Shared H2/CHP cannot be allocated by name or arbitrary ratio; original power scope requires accepted split","/home/jin/research/SGP_ESE5004_Stage2/pypsa-asean/results/baseline-aims-3H-tutorial/prenetworks/elec_s_50_ec_lv2.0__3h_2030_0.071_pre_adjusted.nc; current scripts/prepare_sector_network.py","REFERENCE_MAPPING_NOT_NUMERIC_ACCEPTANCE","tCO2/MWh_Link_input","false"
"Link:MM2 6 urban central gas CHP","urban central gas CHP","SHARED_USE_PENDING","MM","0.198","PENDING_SHARED_USE_ALLOCATION","true","Shared H2/CHP cannot be allocated by name or arbitrary ratio; original power scope requires accepted split","/home/jin/research/SGP_ESE5004_Stage2/pypsa-asean/results/baseline-aims-3H-tutorial/prenetworks/elec_s_50_ec_lv2.0__3h_2030_0.071_pre_adjusted.nc; current scripts/prepare_sector_network.py","REFERENCE_MAPPING_NOT_NUMERIC_ACCEPTANCE","tCO2/MWh_Link_input","false"
"Link:MY_Peninsular2 0 urban central gas CHP","urban central gas CHP","SHARED_USE_PENDING","MY","0.198","PENDING_SHARED_USE_ALLOCATION","true","Shared H2/CHP cannot be allocated by name or arbitrary ratio; original power scope requires accepted split","/home/jin/research/SGP_ESE5004_Stage2/pypsa-asean/results/baseline-aims-3H-tutorial/prenetworks/elec_s_50_ec_lv2.0__3h_2030_0.071_pre_adjusted.nc; current scripts/prepare_sector_network.py","REFERENCE_MAPPING_NOT_NUMERIC_ACCEPTANCE","tCO2/MWh_Link_input","false"
"Link:MY_Sabah4 0 urban central gas CHP","urban central gas CHP","SHARED_USE_PENDING","MY","0.198","PENDING_SHARED_USE_ALLOCATION","true","Shared H2/CHP cannot be allocated by name or arbitrary ratio; original power scope requires accepted split","/home/jin/research/SGP_ESE5004_Stage2/pypsa-asean/results/baseline-aims-3H-tutorial/prenetworks/elec_s_50_ec_lv2.0__3h_2030_0.071_pre_adjusted.nc; current scripts/prepare_sector_network.py","REFERENCE_MAPPING_NOT_NUMERIC_ACCEPTANCE","tCO2/MWh_Link_input","false"
"Link:MY_Sarawak4 0 urban central gas CHP","urban central gas CHP","SHARED_USE_PENDING","MY","0.198","PENDING_SHARED_USE_ALLOCATION","true","Shared H2/CHP cannot be allocated by name or arbitrary ratio; original power scope requires accepted split","/home/jin/research/SGP_ESE5004_Stage2/pypsa-asean/results/baseline-aims-3H-tutorial/prenetworks/elec_s_50_ec_lv2.0__3h_2030_0.071_pre_adjusted.nc; current scripts/prepare_sector_network.py","REFERENCE_MAPPING_NOT_NUMERIC_ACCEPTANCE","tCO2/MWh_Link_input","false"
"Link:PH5 0 urban central gas CHP","urban central gas CHP","SHARED_USE_PENDING","PH","0.198","PENDING_SHARED_USE_ALLOCATION","true","Shared H2/CHP cannot be allocated by name or arbitrary ratio; original power scope requires accepted split","/home/jin/research/SGP_ESE5004_Stage2/pypsa-asean/results/baseline-aims-3H-tutorial/prenetworks/elec_s_50_ec_lv2.0__3h_2030_0.071_pre_adjusted.nc; current scripts/prepare_sector_network.py","REFERENCE_MAPPING_NOT_NUMERIC_ACCEPTANCE","tCO2/MWh_Link_input","false"
"Link:PH_Luzon5 0 urban central gas CHP","urban central gas CHP","SHARED_USE_PENDING","PH","0.198","PENDING_SHARED_USE_ALLOCATION","true","Shared H2/CHP cannot be allocated by name or arbitrary ratio; original power scope requires accepted split","/home/jin/research/SGP_ESE5004_Stage2/pypsa-asean/results/baseline-aims-3H-tutorial/prenetworks/elec_s_50_ec_lv2.0__3h_2030_0.071_pre_adjusted.nc; current scripts/prepare_sector_network.py","REFERENCE_MAPPING_NOT_NUMERIC_ACCEPTANCE","tCO2/MWh_Link_input","false"
"Link:PH_Luzon9 0 urban central gas CHP","urban central gas CHP","SHARED_USE_PENDING","PH","0.198","PENDING_SHARED_USE_ALLOCATION","true","Shared H2/CHP cannot be allocated by name or arbitrary ratio; original power scope requires accepted split","/home/jin/research/SGP_ESE5004_Stage2/pypsa-asean/results/baseline-aims-3H-tutorial/prenetworks/elec_s_50_ec_lv2.0__3h_2030_0.071_pre_adjusted.nc; current scripts/prepare_sector_network.py","REFERENCE_MAPPING_NOT_NUMERIC_ACCEPTANCE","tCO2/MWh_Link_input","false"
"Link:PH_Mindanao6 0 urban central gas CHP","urban central gas CHP","SHARED_USE_PENDING","PH","0.198","PENDING_SHARED_USE_ALLOCATION","true","Shared H2/CHP cannot be allocated by name or arbitrary ratio; original power scope requires accepted split","/home/jin/research/SGP_ESE5004_Stage2/pypsa-asean/results/baseline-aims-3H-tutorial/prenetworks/elec_s_50_ec_lv2.0__3h_2030_0.071_pre_adjusted.nc; current scripts/prepare_sector_network.py","REFERENCE_MAPPING_NOT_NUMERIC_ACCEPTANCE","tCO2/MWh_Link_input","false"
"Link:PH_Visayas10 0 urban central gas CHP","urban central gas CHP","SHARED_USE_PENDING","PH","0.198","PENDING_SHARED_USE_ALLOCATION","true","Shared H2/CHP cannot be allocated by name or arbitrary ratio; original power scope requires accepted split","/home/jin/research/SGP_ESE5004_Stage2/pypsa-asean/results/baseline-aims-3H-tutorial/prenetworks/elec_s_50_ec_lv2.0__3h_2030_0.071_pre_adjusted.nc; current scripts/prepare_sector_network.py","REFERENCE_MAPPING_NOT_NUMERIC_ACCEPTANCE","tCO2/MWh_Link_input","false"
"Link:PH_Visayas7 0 urban central gas CHP","urban central gas CHP","SHARED_USE_PENDING","PH","0.198","PENDING_SHARED_USE_ALLOCATION","true","Shared H2/CHP cannot be allocated by name or arbitrary ratio; original power scope requires accepted split","/home/jin/research/SGP_ESE5004_Stage2/pypsa-asean/results/baseline-aims-3H-tutorial/prenetworks/elec_s_50_ec_lv2.0__3h_2030_0.071_pre_adjusted.nc; current scripts/prepare_sector_network.py","REFERENCE_MAPPING_NOT_NUMERIC_ACCEPTANCE","tCO2/MWh_Link_input","false"
"Link:SG2 0 urban central gas CHP","urban central gas CHP","SHARED_USE_PENDING","SG","0.198","PENDING_SHARED_USE_ALLOCATION","true","Shared H2/CHP cannot be allocated by name or arbitrary ratio; original power scope requires accepted split","/home/jin/research/SGP_ESE5004_Stage2/pypsa-asean/results/baseline-aims-3H-tutorial/prenetworks/elec_s_50_ec_lv2.0__3h_2030_0.071_pre_adjusted.nc; current scripts/prepare_sector_network.py","REFERENCE_MAPPING_NOT_NUMERIC_ACCEPTANCE","tCO2/MWh_Link_input","false"
"Link:TH2 0 urban central gas CHP","urban central gas CHP","SHARED_USE_PENDING","TH","0.198","PENDING_SHARED_USE_ALLOCATION","true","Shared H2/CHP cannot be allocated by name or arbitrary ratio; original power scope requires accepted split","/home/jin/research/SGP_ESE5004_Stage2/pypsa-asean/results/baseline-aims-3H-tutorial/prenetworks/elec_s_50_ec_lv2.0__3h_2030_0.071_pre_adjusted.nc; current scripts/prepare_sector_network.py","REFERENCE_MAPPING_NOT_NUMERIC_ACCEPTANCE","tCO2/MWh_Link_input","false"
"Link:TH2 1 urban central gas CHP","urban central gas CHP","SHARED_USE_PENDING","TH","0.198","PENDING_SHARED_USE_ALLOCATION","true","Shared H2/CHP cannot be allocated by name or arbitrary ratio; original power scope requires accepted split","/home/jin/research/SGP_ESE5004_Stage2/pypsa-asean/results/baseline-aims-3H-tutorial/prenetworks/elec_s_50_ec_lv2.0__3h_2030_0.071_pre_adjusted.nc; current scripts/prepare_sector_network.py","REFERENCE_MAPPING_NOT_NUMERIC_ACCEPTANCE","tCO2/MWh_Link_input","false"
"Link:TL11 0 urban central gas CHP","urban central gas CHP","SHARED_USE_PENDING","TL","0.198","PENDING_SHARED_USE_ALLOCATION","true","Shared H2/CHP cannot be allocated by name or arbitrary ratio; original power scope requires accepted split","/home/jin/research/SGP_ESE5004_Stage2/pypsa-asean/results/baseline-aims-3H-tutorial/prenetworks/elec_s_50_ec_lv2.0__3h_2030_0.071_pre_adjusted.nc; current scripts/prepare_sector_network.py","REFERENCE_MAPPING_NOT_NUMERIC_ACCEPTANCE","tCO2/MWh_Link_input","false"
"Link:VN2 0 urban central gas CHP","urban central gas CHP","SHARED_USE_PENDING","VN","0.198","PENDING_SHARED_USE_ALLOCATION","true","Shared H2/CHP cannot be allocated by name or arbitrary ratio; original power scope requires accepted split","/home/jin/research/SGP_ESE5004_Stage2/pypsa-asean/results/baseline-aims-3H-tutorial/prenetworks/elec_s_50_ec_lv2.0__3h_2030_0.071_pre_adjusted.nc; current scripts/prepare_sector_network.py","REFERENCE_MAPPING_NOT_NUMERIC_ACCEPTANCE","tCO2/MWh_Link_input","false"
"Link:VN2 1 urban central gas CHP","urban central gas CHP","SHARED_USE_PENDING","VN","0.198","PENDING_SHARED_USE_ALLOCATION","true","Shared H2/CHP cannot be allocated by name or arbitrary ratio; original power scope requires accepted split","/home/jin/research/SGP_ESE5004_Stage2/pypsa-asean/results/baseline-aims-3H-tutorial/prenetworks/elec_s_50_ec_lv2.0__3h_2030_0.071_pre_adjusted.nc; current scripts/prepare_sector_network.py","REFERENCE_MAPPING_NOT_NUMERIC_ACCEPTANCE","tCO2/MWh_Link_input","false"
"Link:VN2 2 urban central gas CHP","urban central gas CHP","SHARED_USE_PENDING","VN","0.198","PENDING_SHARED_USE_ALLOCATION","true","Shared H2/CHP cannot be allocated by name or arbitrary ratio; original power scope requires accepted split","/home/jin/research/SGP_ESE5004_Stage2/pypsa-asean/results/baseline-aims-3H-tutorial/prenetworks/elec_s_50_ec_lv2.0__3h_2030_0.071_pre_adjusted.nc; current scripts/prepare_sector_network.py","REFERENCE_MAPPING_NOT_NUMERIC_ACCEPTANCE","tCO2/MWh_Link_input","false"
"Link:BN4 0 urban central gas CHP CC","urban central gas CHP CC","SHARED_USE_PENDING","BN","0.019799999999999998","PENDING_SHARED_USE_ALLOCATION","true","Shared H2/CHP cannot be allocated by name or arbitrary ratio; original power scope requires accepted split","/home/jin/research/SGP_ESE5004_Stage2/pypsa-asean/results/baseline-aims-3H-tutorial/prenetworks/elec_s_50_ec_lv2.0__3h_2030_0.071_pre_adjusted.nc; current scripts/prepare_sector_network.py","REFERENCE_MAPPING_NOT_NUMERIC_ACCEPTANCE","tCO2/MWh_Link_input","false"
"Link:ID_Java-Bali1 0 urban central gas CHP CC","urban central gas CHP CC","SHARED_USE_PENDING","ID","0.019799999999999998","PENDING_SHARED_USE_ALLOCATION","true","Shared H2/CHP cannot be allocated by name or arbitrary ratio; original power scope requires accepted split","/home/jin/research/SGP_ESE5004_Stage2/pypsa-asean/results/baseline-aims-3H-tutorial/prenetworks/elec_s_50_ec_lv2.0__3h_2030_0.071_pre_adjusted.nc; current scripts/prepare_sector_network.py","REFERENCE_MAPPING_NOT_NUMERIC_ACCEPTANCE","tCO2/MWh_Link_input","false"
"Link:ID_Kalimantan4 0 urban central gas CHP CC","urban central gas CHP CC","SHARED_USE_PENDING","ID","0.019799999999999998","PENDING_SHARED_USE_ALLOCATION","true","Shared H2/CHP cannot be allocated by name or arbitrary ratio; original power scope requires accepted split","/home/jin/research/SGP_ESE5004_Stage2/pypsa-asean/results/baseline-aims-3H-tutorial/prenetworks/elec_s_50_ec_lv2.0__3h_2030_0.071_pre_adjusted.nc; current scripts/prepare_sector_network.py","REFERENCE_MAPPING_NOT_NUMERIC_ACCEPTANCE","tCO2/MWh_Link_input","false"
"Link:ID_Kalimantan4 1 urban central gas CHP CC","urban central gas CHP CC","SHARED_USE_PENDING","ID","0.019799999999999998","PENDING_SHARED_USE_ALLOCATION","true","Shared H2/CHP cannot be allocated by name or arbitrary ratio; original power scope requires accepted split","/home/jin/research/SGP_ESE5004_Stage2/pypsa-asean/results/baseline-aims-3H-tutorial/prenetworks/elec_s_50_ec_lv2.0__3h_2030_0.071_pre_adjusted.nc; current scripts/prepare_sector_network.py","REFERENCE_MAPPING_NOT_NUMERIC_ACCEPTANCE","tCO2/MWh_Link_input","false"
"Link:ID_Kalimantan4 2 urban central gas CHP CC","urban central gas CHP CC","SHARED_USE_PENDING","ID","0.019799999999999998","PENDING_SHARED_USE_ALLOCATION","true","Shared H2/CHP cannot be allocated by name or arbitrary ratio; original power scope requires accepted split","/home/jin/research/SGP_ESE5004_Stage2/pypsa-asean/results/baseline-aims-3H-tutorial/prenetworks/elec_s_50_ec_lv2.0__3h_2030_0.071_pre_adjusted.nc; current scripts/prepare_sector_network.py","REFERENCE_MAPPING_NOT_NUMERIC_ACCEPTANCE","tCO2/MWh_Link_input","false"
"Link:ID_Kalimantan4 3 urban central gas CHP CC","urban central gas CHP CC","SHARED_USE_PENDING","ID","0.019799999999999998","PENDING_SHARED_USE_ALLOCATION","true","Shared H2/CHP cannot be allocated by name or arbitrary ratio; original power scope requires accepted split","/home/jin/research/SGP_ESE5004_Stage2/pypsa-asean/results/baseline-aims-3H-tutorial/prenetworks/elec_s_50_ec_lv2.0__3h_2030_0.071_pre_adjusted.nc; current scripts/prepare_sector_network.py","REFERENCE_MAPPING_NOT_NUMERIC_ACCEPTANCE","tCO2/MWh_Link_input","false"
"Link:ID_Kalimantan4 4 urban central gas CHP CC","urban central gas CHP CC","SHARED_USE_PENDING","ID","0.019799999999999998","PENDING_SHARED_USE_ALLOCATION","true","Shared H2/CHP cannot be allocated by name or arbitrary ratio; original power scope requires accepted split","/home/jin/research/SGP_ESE5004_Stage2/pypsa-asean/results/baseline-aims-3H-tutorial/prenetworks/elec_s_50_ec_lv2.0__3h_2030_0.071_pre_adjusted.nc; current scripts/prepare_sector_network.py","REFERENCE_MAPPING_NOT_NUMERIC_ACCEPTANCE","tCO2/MWh_Link_input","false"
"Link:ID_Kalimantan4 5 urban central gas CHP CC","urban central gas CHP CC","SHARED_USE_PENDING","ID","0.019799999999999998","PENDING_SHARED_USE_ALLOCATION","true","Shared H2/CHP cannot be allocated by name or arbitrary ratio; original power scope requires accepted split","/home/jin/research/SGP_ESE5004_Stage2/pypsa-asean/results/baseline-aims-3H-tutorial/prenetworks/elec_s_50_ec_lv2.0__3h_2030_0.071_pre_adjusted.nc; current scripts/prepare_sector_network.py","REFERENCE_MAPPING_NOT_NUMERIC_ACCEPTANCE","tCO2/MWh_Link_input","false"
"Link:ID_Maluku16 0 urban central gas CHP CC","urban central gas CHP CC","SHARED_USE_PENDING","ID","0.019799999999999998","PENDING_SHARED_USE_ALLOCATION","true","Shared H2/CHP cannot be allocated by name or arbitrary ratio; original power scope requires accepted split","/home/jin/research/SGP_ESE5004_Stage2/pypsa-asean/results/baseline-aims-3H-tutorial/prenetworks/elec_s_50_ec_lv2.0__3h_2030_0.071_pre_adjusted.nc; current scripts/prepare_sector_network.py","REFERENCE_MAPPING_NOT_NUMERIC_ACCEPTANCE","tCO2/MWh_Link_input","false"
"Link:ID_Maluku17 0 urban central gas CHP CC","urban central gas CHP CC","SHARED_USE_PENDING","ID","0.019799999999999998","PENDING_SHARED_USE_ALLOCATION","true","Shared H2/CHP cannot be allocated by name or arbitrary ratio; original power scope requires accepted split","/home/jin/research/SGP_ESE5004_Stage2/pypsa-asean/results/baseline-aims-3H-tutorial/prenetworks/elec_s_50_ec_lv2.0__3h_2030_0.071_pre_adjusted.nc; current scripts/prepare_sector_network.py","REFERENCE_MAPPING_NOT_NUMERIC_ACCEPTANCE","tCO2/MWh_Link_input","false"
"Link:ID_Maluku8 0 urban central gas CHP CC","urban central gas CHP CC","SHARED_USE_PENDING","ID","0.019799999999999998","PENDING_SHARED_USE_ALLOCATION","true","Shared H2/CHP cannot be allocated by name or arbitrary ratio; original power scope requires accepted split","/home/jin/research/SGP_ESE5004_Stage2/pypsa-asean/results/baseline-aims-3H-tutorial/prenetworks/elec_s_50_ec_lv2.0__3h_2030_0.071_pre_adjusted.nc; current scripts/prepare_sector_network.py","REFERENCE_MAPPING_NOT_NUMERIC_ACCEPTANCE","tCO2/MWh_Link_input","false"
"Link:ID_Nusa-Tenggara12 0 urban central gas CHP CC","urban central gas CHP CC","SHARED_USE_PENDING","ID","0.019799999999999998","PENDING_SHARED_USE_ALLOCATION","true","Shared H2/CHP cannot be allocated by name or arbitrary ratio; original power scope requires accepted split","/home/jin/research/SGP_ESE5004_Stage2/pypsa-asean/results/baseline-aims-3H-tutorial/prenetworks/elec_s_50_ec_lv2.0__3h_2030_0.071_pre_adjusted.nc; current scripts/prepare_sector_network.py","REFERENCE_MAPPING_NOT_NUMERIC_ACCEPTANCE","tCO2/MWh_Link_input","false"
"Link:ID_Nusa-Tenggara13 0 urban central gas CHP CC","urban central gas CHP CC","SHARED_USE_PENDING","ID","0.019799999999999998","PENDING_SHARED_USE_ALLOCATION","true","Shared H2/CHP cannot be allocated by name or arbitrary ratio; original power scope requires accepted split","/home/jin/research/SGP_ESE5004_Stage2/pypsa-asean/results/baseline-aims-3H-tutorial/prenetworks/elec_s_50_ec_lv2.0__3h_2030_0.071_pre_adjusted.nc; current scripts/prepare_sector_network.py","REFERENCE_MAPPING_NOT_NUMERIC_ACCEPTANCE","tCO2/MWh_Link_input","false"
"Link:ID_Nusa-Tenggara14 0 urban central gas CHP CC","urban central gas CHP CC","SHARED_USE_PENDING","ID","0.019799999999999998","PENDING_SHARED_USE_ALLOCATION","true","Shared H2/CHP cannot be allocated by name or arbitrary ratio; original power scope requires accepted split","/home/jin/research/SGP_ESE5004_Stage2/pypsa-asean/results/baseline-aims-3H-tutorial/prenetworks/elec_s_50_ec_lv2.0__3h_2030_0.071_pre_adjusted.nc; current scripts/prepare_sector_network.py","REFERENCE_MAPPING_NOT_NUMERIC_ACCEPTANCE","tCO2/MWh_Link_input","false"
"Link:ID_Nusa-Tenggara15 0 urban central gas CHP CC","urban central gas CHP CC","SHARED_USE_PENDING","ID","0.019799999999999998","PENDING_SHARED_USE_ALLOCATION","true","Shared H2/CHP cannot be allocated by name or arbitrary ratio; original power scope requires accepted split","/home/jin/research/SGP_ESE5004_Stage2/pypsa-asean/results/baseline-aims-3H-tutorial/prenetworks/elec_s_50_ec_lv2.0__3h_2030_0.071_pre_adjusted.nc; current scripts/prepare_sector_network.py","REFERENCE_MAPPING_NOT_NUMERIC_ACCEPTANCE","tCO2/MWh_Link_input","false"
"Link:ID_Papua18 0 urban central gas CHP CC","urban central gas CHP CC","SHARED_USE_PENDING","ID","0.019799999999999998","PENDING_SHARED_USE_ALLOCATION","true","Shared H2/CHP cannot be allocated by name or arbitrary ratio; original power scope requires accepted split","/home/jin/research/SGP_ESE5004_Stage2/pypsa-asean/results/baseline-aims-3H-tutorial/prenetworks/elec_s_50_ec_lv2.0__3h_2030_0.071_pre_adjusted.nc; current scripts/prepare_sector_network.py","REFERENCE_MAPPING_NOT_NUMERIC_ACCEPTANCE","tCO2/MWh_Link_input","false"
"Link:ID_Papua19 0 urban central gas CHP CC","urban central gas CHP CC","SHARED_USE_PENDING","ID","0.019799999999999998","PENDING_SHARED_USE_ALLOCATION","true","Shared H2/CHP cannot be allocated by name or arbitrary ratio; original power scope requires accepted split","/home/jin/research/SGP_ESE5004_Stage2/pypsa-asean/results/baseline-aims-3H-tutorial/prenetworks/elec_s_50_ec_lv2.0__3h_2030_0.071_pre_adjusted.nc; current scripts/prepare_sector_network.py","REFERENCE_MAPPING_NOT_NUMERIC_ACCEPTANCE","tCO2/MWh_Link_input","false"
"Link:ID_Papua20 0 urban central gas CHP CC","urban central gas CHP CC","SHARED_USE_PENDING","ID","0.019799999999999998","PENDING_SHARED_USE_ALLOCATION","true","Shared H2/CHP cannot be allocated by name or arbitrary ratio; original power scope requires accepted split","/home/jin/research/SGP_ESE5004_Stage2/pypsa-asean/results/baseline-aims-3H-tutorial/prenetworks/elec_s_50_ec_lv2.0__3h_2030_0.071_pre_adjusted.nc; current scripts/prepare_sector_network.py","REFERENCE_MAPPING_NOT_NUMERIC_ACCEPTANCE","tCO2/MWh_Link_input","false"
"Link:ID_Sulawesi0 0 urban central gas CHP CC","urban central gas CHP CC","SHARED_USE_PENDING","ID","0.019799999999999998","PENDING_SHARED_USE_ALLOCATION","true","Shared H2/CHP cannot be allocated by name or arbitrary ratio; original power scope requires accepted split","/home/jin/research/SGP_ESE5004_Stage2/pypsa-asean/results/baseline-aims-3H-tutorial/prenetworks/elec_s_50_ec_lv2.0__3h_2030_0.071_pre_adjusted.nc; current scripts/prepare_sector_network.py","REFERENCE_MAPPING_NOT_NUMERIC_ACCEPTANCE","tCO2/MWh_Link_input","false"
"Link:ID_Sumatra2 0 urban central gas CHP CC","urban central gas CHP CC","SHARED_USE_PENDING","ID","0.019799999999999998","PENDING_SHARED_USE_ALLOCATION","true","Shared H2/CHP cannot be allocated by name or arbitrary ratio; original power scope requires accepted split","/home/jin/research/SGP_ESE5004_Stage2/pypsa-asean/results/baseline-aims-3H-tutorial/prenetworks/elec_s_50_ec_lv2.0__3h_2030_0.071_pre_adjusted.nc; current scripts/prepare_sector_network.py","REFERENCE_MAPPING_NOT_NUMERIC_ACCEPTANCE","tCO2/MWh_Link_input","false"
"Link:ID_Sumatra3 0 urban central gas CHP CC","urban central gas CHP CC","SHARED_USE_PENDING","ID","0.019799999999999998","PENDING_SHARED_USE_ALLOCATION","true","Shared H2/CHP cannot be allocated by name or arbitrary ratio; original power scope requires accepted split","/home/jin/research/SGP_ESE5004_Stage2/pypsa-asean/results/baseline-aims-3H-tutorial/prenetworks/elec_s_50_ec_lv2.0__3h_2030_0.071_pre_adjusted.nc; current scripts/prepare_sector_network.py","REFERENCE_MAPPING_NOT_NUMERIC_ACCEPTANCE","tCO2/MWh_Link_input","false"
"Link:ID_Sumatra3 1 urban central gas CHP CC","urban central gas CHP CC","SHARED_USE_PENDING","ID","0.019799999999999998","PENDING_SHARED_USE_ALLOCATION","true","Shared H2/CHP cannot be allocated by name or arbitrary ratio; original power scope requires accepted split","/home/jin/research/SGP_ESE5004_Stage2/pypsa-asean/results/baseline-aims-3H-tutorial/prenetworks/elec_s_50_ec_lv2.0__3h_2030_0.071_pre_adjusted.nc; current scripts/prepare_sector_network.py","REFERENCE_MAPPING_NOT_NUMERIC_ACCEPTANCE","tCO2/MWh_Link_input","false"
"Link:KH2 0 urban central gas CHP CC","urban central gas CHP CC","SHARED_USE_PENDING","KH","0.019799999999999998","PENDING_SHARED_USE_ALLOCATION","true","Shared H2/CHP cannot be allocated by name or arbitrary ratio; original power scope requires accepted split","/home/jin/research/SGP_ESE5004_Stage2/pypsa-asean/results/baseline-aims-3H-tutorial/prenetworks/elec_s_50_ec_lv2.0__3h_2030_0.071_pre_adjusted.nc; current scripts/prepare_sector_network.py","REFERENCE_MAPPING_NOT_NUMERIC_ACCEPTANCE","tCO2/MWh_Link_input","false"
"Link:LA2 0 urban central gas CHP CC","urban central gas CHP CC","SHARED_USE_PENDING","LA","0.019799999999999998","PENDING_SHARED_USE_ALLOCATION","true","Shared H2/CHP cannot be allocated by name or arbitrary ratio; original power scope requires accepted split","/home/jin/research/SGP_ESE5004_Stage2/pypsa-asean/results/baseline-aims-3H-tutorial/prenetworks/elec_s_50_ec_lv2.0__3h_2030_0.071_pre_adjusted.nc; current scripts/prepare_sector_network.py","REFERENCE_MAPPING_NOT_NUMERIC_ACCEPTANCE","tCO2/MWh_Link_input","false"
"Link:LA2 1 urban central gas CHP CC","urban central gas CHP CC","SHARED_USE_PENDING","LA","0.019799999999999998","PENDING_SHARED_USE_ALLOCATION","true","Shared H2/CHP cannot be allocated by name or arbitrary ratio; original power scope requires accepted split","/home/jin/research/SGP_ESE5004_Stage2/pypsa-asean/results/baseline-aims-3H-tutorial/prenetworks/elec_s_50_ec_lv2.0__3h_2030_0.071_pre_adjusted.nc; current scripts/prepare_sector_network.py","REFERENCE_MAPPING_NOT_NUMERIC_ACCEPTANCE","tCO2/MWh_Link_input","false"
"Link:MM2 0 urban central gas CHP CC","urban central gas CHP CC","SHARED_USE_PENDING","MM","0.019799999999999998","PENDING_SHARED_USE_ALLOCATION","true","Shared H2/CHP cannot be allocated by name or arbitrary ratio; original power scope requires accepted split","/home/jin/research/SGP_ESE5004_Stage2/pypsa-asean/results/baseline-aims-3H-tutorial/prenetworks/elec_s_50_ec_lv2.0__3h_2030_0.071_pre_adjusted.nc; current scripts/prepare_sector_network.py","REFERENCE_MAPPING_NOT_NUMERIC_ACCEPTANCE","tCO2/MWh_Link_input","false"
"Link:MM2 1 urban central gas CHP CC","urban central gas CHP CC","SHARED_USE_PENDING","MM","0.019799999999999998","PENDING_SHARED_USE_ALLOCATION","true","Shared H2/CHP cannot be allocated by name or arbitrary ratio; original power scope requires accepted split","/home/jin/research/SGP_ESE5004_Stage2/pypsa-asean/results/baseline-aims-3H-tutorial/prenetworks/elec_s_50_ec_lv2.0__3h_2030_0.071_pre_adjusted.nc; current scripts/prepare_sector_network.py","REFERENCE_MAPPING_NOT_NUMERIC_ACCEPTANCE","tCO2/MWh_Link_input","false"
"Link:MM2 2 urban central gas CHP CC","urban central gas CHP CC","SHARED_USE_PENDING","MM","0.019799999999999998","PENDING_SHARED_USE_ALLOCATION","true","Shared H2/CHP cannot be allocated by name or arbitrary ratio; original power scope requires accepted split","/home/jin/research/SGP_ESE5004_Stage2/pypsa-asean/results/baseline-aims-3H-tutorial/prenetworks/elec_s_50_ec_lv2.0__3h_2030_0.071_pre_adjusted.nc; current scripts/prepare_sector_network.py","REFERENCE_MAPPING_NOT_NUMERIC_ACCEPTANCE","tCO2/MWh_Link_input","false"
"Link:MM2 3 urban central gas CHP CC","urban central gas CHP CC","SHARED_USE_PENDING","MM","0.019799999999999998","PENDING_SHARED_USE_ALLOCATION","true","Shared H2/CHP cannot be allocated by name or arbitrary ratio; original power scope requires accepted split","/home/jin/research/SGP_ESE5004_Stage2/pypsa-asean/results/baseline-aims-3H-tutorial/prenetworks/elec_s_50_ec_lv2.0__3h_2030_0.071_pre_adjusted.nc; current scripts/prepare_sector_network.py","REFERENCE_MAPPING_NOT_NUMERIC_ACCEPTANCE","tCO2/MWh_Link_input","false"
"Link:MM2 4 urban central gas CHP CC","urban central gas CHP CC","SHARED_USE_PENDING","MM","0.019799999999999998","PENDING_SHARED_USE_ALLOCATION","true","Shared H2/CHP cannot be allocated by name or arbitrary ratio; original power scope requires accepted split","/home/jin/research/SGP_ESE5004_Stage2/pypsa-asean/results/baseline-aims-3H-tutorial/prenetworks/elec_s_50_ec_lv2.0__3h_2030_0.071_pre_adjusted.nc; current scripts/prepare_sector_network.py","REFERENCE_MAPPING_NOT_NUMERIC_ACCEPTANCE","tCO2/MWh_Link_input","false"
"Link:MM2 5 urban central gas CHP CC","urban central gas CHP CC","SHARED_USE_PENDING","MM","0.019799999999999998","PENDING_SHARED_USE_ALLOCATION","true","Shared H2/CHP cannot be allocated by name or arbitrary ratio; original power scope requires accepted split","/home/jin/research/SGP_ESE5004_Stage2/pypsa-asean/results/baseline-aims-3H-tutorial/prenetworks/elec_s_50_ec_lv2.0__3h_2030_0.071_pre_adjusted.nc; current scripts/prepare_sector_network.py","REFERENCE_MAPPING_NOT_NUMERIC_ACCEPTANCE","tCO2/MWh_Link_input","false"
"Link:MM2 6 urban central gas CHP CC","urban central gas CHP CC","SHARED_USE_PENDING","MM","0.019799999999999998","PENDING_SHARED_USE_ALLOCATION","true","Shared H2/CHP cannot be allocated by name or arbitrary ratio; original power scope requires accepted split","/home/jin/research/SGP_ESE5004_Stage2/pypsa-asean/results/baseline-aims-3H-tutorial/prenetworks/elec_s_50_ec_lv2.0__3h_2030_0.071_pre_adjusted.nc; current scripts/prepare_sector_network.py","REFERENCE_MAPPING_NOT_NUMERIC_ACCEPTANCE","tCO2/MWh_Link_input","false"
"Link:MY_Peninsular2 0 urban central gas CHP CC","urban central gas CHP CC","SHARED_USE_PENDING","MY","0.019799999999999998","PENDING_SHARED_USE_ALLOCATION","true","Shared H2/CHP cannot be allocated by name or arbitrary ratio; original power scope requires accepted split","/home/jin/research/SGP_ESE5004_Stage2/pypsa-asean/results/baseline-aims-3H-tutorial/prenetworks/elec_s_50_ec_lv2.0__3h_2030_0.071_pre_adjusted.nc; current scripts/prepare_sector_network.py","REFERENCE_MAPPING_NOT_NUMERIC_ACCEPTANCE","tCO2/MWh_Link_input","false"
"Link:MY_Sabah4 0 urban central gas CHP CC","urban central gas CHP CC","SHARED_USE_PENDING","MY","0.019799999999999998","PENDING_SHARED_USE_ALLOCATION","true","Shared H2/CHP cannot be allocated by name or arbitrary ratio; original power scope requires accepted split","/home/jin/research/SGP_ESE5004_Stage2/pypsa-asean/results/baseline-aims-3H-tutorial/prenetworks/elec_s_50_ec_lv2.0__3h_2030_0.071_pre_adjusted.nc; current scripts/prepare_sector_network.py","REFERENCE_MAPPING_NOT_NUMERIC_ACCEPTANCE","tCO2/MWh_Link_input","false"
"Link:MY_Sarawak4 0 urban central gas CHP CC","urban central gas CHP CC","SHARED_USE_PENDING","MY","0.019799999999999998","PENDING_SHARED_USE_ALLOCATION","true","Shared H2/CHP cannot be allocated by name or arbitrary ratio; original power scope requires accepted split","/home/jin/research/SGP_ESE5004_Stage2/pypsa-asean/results/baseline-aims-3H-tutorial/prenetworks/elec_s_50_ec_lv2.0__3h_2030_0.071_pre_adjusted.nc; current scripts/prepare_sector_network.py","REFERENCE_MAPPING_NOT_NUMERIC_ACCEPTANCE","tCO2/MWh_Link_input","false"
"Link:PH5 0 urban central gas CHP CC","urban central gas CHP CC","SHARED_USE_PENDING","PH","0.019799999999999998","PENDING_SHARED_USE_ALLOCATION","true","Shared H2/CHP cannot be allocated by name or arbitrary ratio; original power scope requires accepted split","/home/jin/research/SGP_ESE5004_Stage2/pypsa-asean/results/baseline-aims-3H-tutorial/prenetworks/elec_s_50_ec_lv2.0__3h_2030_0.071_pre_adjusted.nc; current scripts/prepare_sector_network.py","REFERENCE_MAPPING_NOT_NUMERIC_ACCEPTANCE","tCO2/MWh_Link_input","false"
"Link:PH_Luzon5 0 urban central gas CHP CC","urban central gas CHP CC","SHARED_USE_PENDING","PH","0.019799999999999998","PENDING_SHARED_USE_ALLOCATION","true","Shared H2/CHP cannot be allocated by name or arbitrary ratio; original power scope requires accepted split","/home/jin/research/SGP_ESE5004_Stage2/pypsa-asean/results/baseline-aims-3H-tutorial/prenetworks/elec_s_50_ec_lv2.0__3h_2030_0.071_pre_adjusted.nc; current scripts/prepare_sector_network.py","REFERENCE_MAPPING_NOT_NUMERIC_ACCEPTANCE","tCO2/MWh_Link_input","false"
"Link:PH_Luzon9 0 urban central gas CHP CC","urban central gas CHP CC","SHARED_USE_PENDING","PH","0.019799999999999998","PENDING_SHARED_USE_ALLOCATION","true","Shared H2/CHP cannot be allocated by name or arbitrary ratio; original power scope requires accepted split","/home/jin/research/SGP_ESE5004_Stage2/pypsa-asean/results/baseline-aims-3H-tutorial/prenetworks/elec_s_50_ec_lv2.0__3h_2030_0.071_pre_adjusted.nc; current scripts/prepare_sector_network.py","REFERENCE_MAPPING_NOT_NUMERIC_ACCEPTANCE","tCO2/MWh_Link_input","false"
"Link:PH_Mindanao6 0 urban central gas CHP CC","urban central gas CHP CC","SHARED_USE_PENDING","PH","0.019799999999999998","PENDING_SHARED_USE_ALLOCATION","true","Shared H2/CHP cannot be allocated by name or arbitrary ratio; original power scope requires accepted split","/home/jin/research/SGP_ESE5004_Stage2/pypsa-asean/results/baseline-aims-3H-tutorial/prenetworks/elec_s_50_ec_lv2.0__3h_2030_0.071_pre_adjusted.nc; current scripts/prepare_sector_network.py","REFERENCE_MAPPING_NOT_NUMERIC_ACCEPTANCE","tCO2/MWh_Link_input","false"
"Link:PH_Visayas10 0 urban central gas CHP CC","urban central gas CHP CC","SHARED_USE_PENDING","PH","0.019799999999999998","PENDING_SHARED_USE_ALLOCATION","true","Shared H2/CHP cannot be allocated by name or arbitrary ratio; original power scope requires accepted split","/home/jin/research/SGP_ESE5004_Stage2/pypsa-asean/results/baseline-aims-3H-tutorial/prenetworks/elec_s_50_ec_lv2.0__3h_2030_0.071_pre_adjusted.nc; current scripts/prepare_sector_network.py","REFERENCE_MAPPING_NOT_NUMERIC_ACCEPTANCE","tCO2/MWh_Link_input","false"
"Link:PH_Visayas7 0 urban central gas CHP CC","urban central gas CHP CC","SHARED_USE_PENDING","PH","0.019799999999999998","PENDING_SHARED_USE_ALLOCATION","true","Shared H2/CHP cannot be allocated by name or arbitrary ratio; original power scope requires accepted split","/home/jin/research/SGP_ESE5004_Stage2/pypsa-asean/results/baseline-aims-3H-tutorial/prenetworks/elec_s_50_ec_lv2.0__3h_2030_0.071_pre_adjusted.nc; current scripts/prepare_sector_network.py","REFERENCE_MAPPING_NOT_NUMERIC_ACCEPTANCE","tCO2/MWh_Link_input","false"
"Link:SG2 0 urban central gas CHP CC","urban central gas CHP CC","SHARED_USE_PENDING","SG","0.019799999999999998","PENDING_SHARED_USE_ALLOCATION","true","Shared H2/CHP cannot be allocated by name or arbitrary ratio; original power scope requires accepted split","/home/jin/research/SGP_ESE5004_Stage2/pypsa-asean/results/baseline-aims-3H-tutorial/prenetworks/elec_s_50_ec_lv2.0__3h_2030_0.071_pre_adjusted.nc; current scripts/prepare_sector_network.py","REFERENCE_MAPPING_NOT_NUMERIC_ACCEPTANCE","tCO2/MWh_Link_input","false"
"Link:TH2 0 urban central gas CHP CC","urban central gas CHP CC","SHARED_USE_PENDING","TH","0.019799999999999998","PENDING_SHARED_USE_ALLOCATION","true","Shared H2/CHP cannot be allocated by name or arbitrary ratio; original power scope requires accepted split","/home/jin/research/SGP_ESE5004_Stage2/pypsa-asean/results/baseline-aims-3H-tutorial/prenetworks/elec_s_50_ec_lv2.0__3h_2030_0.071_pre_adjusted.nc; current scripts/prepare_sector_network.py","REFERENCE_MAPPING_NOT_NUMERIC_ACCEPTANCE","tCO2/MWh_Link_input","false"
"Link:TH2 1 urban central gas CHP CC","urban central gas CHP CC","SHARED_USE_PENDING","TH","0.019799999999999998","PENDING_SHARED_USE_ALLOCATION","true","Shared H2/CHP cannot be allocated by name or arbitrary ratio; original power scope requires accepted split","/home/jin/research/SGP_ESE5004_Stage2/pypsa-asean/results/baseline-aims-3H-tutorial/prenetworks/elec_s_50_ec_lv2.0__3h_2030_0.071_pre_adjusted.nc; current scripts/prepare_sector_network.py","REFERENCE_MAPPING_NOT_NUMERIC_ACCEPTANCE","tCO2/MWh_Link_input","false"
"Link:TL11 0 urban central gas CHP CC","urban central gas CHP CC","SHARED_USE_PENDING","TL","0.019799999999999998","PENDING_SHARED_USE_ALLOCATION","true","Shared H2/CHP cannot be allocated by name or arbitrary ratio; original power scope requires accepted split","/home/jin/research/SGP_ESE5004_Stage2/pypsa-asean/results/baseline-aims-3H-tutorial/prenetworks/elec_s_50_ec_lv2.0__3h_2030_0.071_pre_adjusted.nc; current scripts/prepare_sector_network.py","REFERENCE_MAPPING_NOT_NUMERIC_ACCEPTANCE","tCO2/MWh_Link_input","false"
"Link:VN2 0 urban central gas CHP CC","urban central gas CHP CC","SHARED_USE_PENDING","VN","0.019799999999999998","PENDING_SHARED_USE_ALLOCATION","true","Shared H2/CHP cannot be allocated by name or arbitrary ratio; original power scope requires accepted split","/home/jin/research/SGP_ESE5004_Stage2/pypsa-asean/results/baseline-aims-3H-tutorial/prenetworks/elec_s_50_ec_lv2.0__3h_2030_0.071_pre_adjusted.nc; current scripts/prepare_sector_network.py","REFERENCE_MAPPING_NOT_NUMERIC_ACCEPTANCE","tCO2/MWh_Link_input","false"
"Link:VN2 1 urban central gas CHP CC","urban central gas CHP CC","SHARED_USE_PENDING","VN","0.019799999999999998","PENDING_SHARED_USE_ALLOCATION","true","Shared H2/CHP cannot be allocated by name or arbitrary ratio; original power scope requires accepted split","/home/jin/research/SGP_ESE5004_Stage2/pypsa-asean/results/baseline-aims-3H-tutorial/prenetworks/elec_s_50_ec_lv2.0__3h_2030_0.071_pre_adjusted.nc; current scripts/prepare_sector_network.py","REFERENCE_MAPPING_NOT_NUMERIC_ACCEPTANCE","tCO2/MWh_Link_input","false"
"Link:VN2 2 urban central gas CHP CC","urban central gas CHP CC","SHARED_USE_PENDING","VN","0.019799999999999998","PENDING_SHARED_USE_ALLOCATION","true","Shared H2/CHP cannot be allocated by name or arbitrary ratio; original power scope requires accepted split","/home/jin/research/SGP_ESE5004_Stage2/pypsa-asean/results/baseline-aims-3H-tutorial/prenetworks/elec_s_50_ec_lv2.0__3h_2030_0.071_pre_adjusted.nc; current scripts/prepare_sector_network.py","REFERENCE_MAPPING_NOT_NUMERIC_ACCEPTANCE","tCO2/MWh_Link_input","false"
"Link:BN4 0 biomass EOP","biomass EOP","Power","BN","","true","true","Physical carbon transfer/uptake/vent role requires origin and accepted credit scope; FT transfer not new emission","/home/jin/research/SGP_ESE5004_Stage2/pypsa-asean/results/baseline-aims-3H-tutorial/prenetworks/elec_s_50_ec_lv2.0__3h_2030_0.071_pre_adjusted.nc; current scripts/prepare_sector_network.py","REFERENCE_MAPPING_NOT_NUMERIC_ACCEPTANCE","tCO2/MWh_Link_input","false"
"Link:ID_Java-Bali1 0 biomass EOP","biomass EOP","Power","ID","","true","true","Physical carbon transfer/uptake/vent role requires origin and accepted credit scope; FT transfer not new emission","/home/jin/research/SGP_ESE5004_Stage2/pypsa-asean/results/baseline-aims-3H-tutorial/prenetworks/elec_s_50_ec_lv2.0__3h_2030_0.071_pre_adjusted.nc; current scripts/prepare_sector_network.py","REFERENCE_MAPPING_NOT_NUMERIC_ACCEPTANCE","tCO2/MWh_Link_input","false"
"Link:ID_Kalimantan4 0 biomass EOP","biomass EOP","Power","ID","","true","true","Physical carbon transfer/uptake/vent role requires origin and accepted credit scope; FT transfer not new emission","/home/jin/research/SGP_ESE5004_Stage2/pypsa-asean/results/baseline-aims-3H-tutorial/prenetworks/elec_s_50_ec_lv2.0__3h_2030_0.071_pre_adjusted.nc; current scripts/prepare_sector_network.py","REFERENCE_MAPPING_NOT_NUMERIC_ACCEPTANCE","tCO2/MWh_Link_input","false"
"Link:ID_Kalimantan4 1 biomass EOP","biomass EOP","Power","ID","","true","true","Physical carbon transfer/uptake/vent role requires origin and accepted credit scope; FT transfer not new emission","/home/jin/research/SGP_ESE5004_Stage2/pypsa-asean/results/baseline-aims-3H-tutorial/prenetworks/elec_s_50_ec_lv2.0__3h_2030_0.071_pre_adjusted.nc; current scripts/prepare_sector_network.py","REFERENCE_MAPPING_NOT_NUMERIC_ACCEPTANCE","tCO2/MWh_Link_input","false"
"Link:ID_Kalimantan4 2 biomass EOP","biomass EOP","Power","ID","","true","true","Physical carbon transfer/uptake/vent role requires origin and accepted credit scope; FT transfer not new emission","/home/jin/research/SGP_ESE5004_Stage2/pypsa-asean/results/baseline-aims-3H-tutorial/prenetworks/elec_s_50_ec_lv2.0__3h_2030_0.071_pre_adjusted.nc; current scripts/prepare_sector_network.py","REFERENCE_MAPPING_NOT_NUMERIC_ACCEPTANCE","tCO2/MWh_Link_input","false"
"Link:ID_Kalimantan4 3 biomass EOP","biomass EOP","Power","ID","","true","true","Physical carbon transfer/uptake/vent role requires origin and accepted credit scope; FT transfer not new emission","/home/jin/research/SGP_ESE5004_Stage2/pypsa-asean/results/baseline-aims-3H-tutorial/prenetworks/elec_s_50_ec_lv2.0__3h_2030_0.071_pre_adjusted.nc; current scripts/prepare_sector_network.py","REFERENCE_MAPPING_NOT_NUMERIC_ACCEPTANCE","tCO2/MWh_Link_input","false"
"Link:ID_Kalimantan4 4 biomass EOP","biomass EOP","Power","ID","","true","true","Physical carbon transfer/uptake/vent role requires origin and accepted credit scope; FT transfer not new emission","/home/jin/research/SGP_ESE5004_Stage2/pypsa-asean/results/baseline-aims-3H-tutorial/prenetworks/elec_s_50_ec_lv2.0__3h_2030_0.071_pre_adjusted.nc; current scripts/prepare_sector_network.py","REFERENCE_MAPPING_NOT_NUMERIC_ACCEPTANCE","tCO2/MWh_Link_input","false"
"Link:ID_Kalimantan4 5 biomass EOP","biomass EOP","Power","ID","","true","true","Physical carbon transfer/uptake/vent role requires origin and accepted credit scope; FT transfer not new emission","/home/jin/research/SGP_ESE5004_Stage2/pypsa-asean/results/baseline-aims-3H-tutorial/prenetworks/elec_s_50_ec_lv2.0__3h_2030_0.071_pre_adjusted.nc; current scripts/prepare_sector_network.py","REFERENCE_MAPPING_NOT_NUMERIC_ACCEPTANCE","tCO2/MWh_Link_input","false"
"Link:ID_Maluku16 0 biomass EOP","biomass EOP","Power","ID","","true","true","Physical carbon transfer/uptake/vent role requires origin and accepted credit scope; FT transfer not new emission","/home/jin/research/SGP_ESE5004_Stage2/pypsa-asean/results/baseline-aims-3H-tutorial/prenetworks/elec_s_50_ec_lv2.0__3h_2030_0.071_pre_adjusted.nc; current scripts/prepare_sector_network.py","REFERENCE_MAPPING_NOT_NUMERIC_ACCEPTANCE","tCO2/MWh_Link_input","false"
"Link:ID_Maluku17 0 biomass EOP","biomass EOP","Power","ID","","true","true","Physical carbon transfer/uptake/vent role requires origin and accepted credit scope; FT transfer not new emission","/home/jin/research/SGP_ESE5004_Stage2/pypsa-asean/results/baseline-aims-3H-tutorial/prenetworks/elec_s_50_ec_lv2.0__3h_2030_0.071_pre_adjusted.nc; current scripts/prepare_sector_network.py","REFERENCE_MAPPING_NOT_NUMERIC_ACCEPTANCE","tCO2/MWh_Link_input","false"
"Link:ID_Maluku8 0 biomass EOP","biomass EOP","Power","ID","","true","true","Physical carbon transfer/uptake/vent role requires origin and accepted credit scope; FT transfer not new emission","/home/jin/research/SGP_ESE5004_Stage2/pypsa-asean/results/baseline-aims-3H-tutorial/prenetworks/elec_s_50_ec_lv2.0__3h_2030_0.071_pre_adjusted.nc; current scripts/prepare_sector_network.py","REFERENCE_MAPPING_NOT_NUMERIC_ACCEPTANCE","tCO2/MWh_Link_input","false"
"Link:ID_Nusa-Tenggara12 0 biomass EOP","biomass EOP","Power","ID","","true","true","Physical carbon transfer/uptake/vent role requires origin and accepted credit scope; FT transfer not new emission","/home/jin/research/SGP_ESE5004_Stage2/pypsa-asean/results/baseline-aims-3H-tutorial/prenetworks/elec_s_50_ec_lv2.0__3h_2030_0.071_pre_adjusted.nc; current scripts/prepare_sector_network.py","REFERENCE_MAPPING_NOT_NUMERIC_ACCEPTANCE","tCO2/MWh_Link_input","false"
"Link:ID_Nusa-Tenggara13 0 biomass EOP","biomass EOP","Power","ID","","true","true","Physical carbon transfer/uptake/vent role requires origin and accepted credit scope; FT transfer not new emission","/home/jin/research/SGP_ESE5004_Stage2/pypsa-asean/results/baseline-aims-3H-tutorial/prenetworks/elec_s_50_ec_lv2.0__3h_2030_0.071_pre_adjusted.nc; current scripts/prepare_sector_network.py","REFERENCE_MAPPING_NOT_NUMERIC_ACCEPTANCE","tCO2/MWh_Link_input","false"
"Link:ID_Nusa-Tenggara14 0 biomass EOP","biomass EOP","Power","ID","","true","true","Physical carbon transfer/uptake/vent role requires origin and accepted credit scope; FT transfer not new emission","/home/jin/research/SGP_ESE5004_Stage2/pypsa-asean/results/baseline-aims-3H-tutorial/prenetworks/elec_s_50_ec_lv2.0__3h_2030_0.071_pre_adjusted.nc; current scripts/prepare_sector_network.py","REFERENCE_MAPPING_NOT_NUMERIC_ACCEPTANCE","tCO2/MWh_Link_input","false"
"Link:ID_Nusa-Tenggara15 0 biomass EOP","biomass EOP","Power","ID","","true","true","Physical carbon transfer/uptake/vent role requires origin and accepted credit scope; FT transfer not new emission","/home/jin/research/SGP_ESE5004_Stage2/pypsa-asean/results/baseline-aims-3H-tutorial/prenetworks/elec_s_50_ec_lv2.0__3h_2030_0.071_pre_adjusted.nc; current scripts/prepare_sector_network.py","REFERENCE_MAPPING_NOT_NUMERIC_ACCEPTANCE","tCO2/MWh_Link_input","false"
"Link:ID_Papua18 0 biomass EOP","biomass EOP","Power","ID","","true","true","Physical carbon transfer/uptake/vent role requires origin and accepted credit scope; FT transfer not new emission","/home/jin/research/SGP_ESE5004_Stage2/pypsa-asean/results/baseline-aims-3H-tutorial/prenetworks/elec_s_50_ec_lv2.0__3h_2030_0.071_pre_adjusted.nc; current scripts/prepare_sector_network.py","REFERENCE_MAPPING_NOT_NUMERIC_ACCEPTANCE","tCO2/MWh_Link_input","false"
"Link:ID_Papua19 0 biomass EOP","biomass EOP","Power","ID","","true","true","Physical carbon transfer/uptake/vent role requires origin and accepted credit scope; FT transfer not new emission","/home/jin/research/SGP_ESE5004_Stage2/pypsa-asean/results/baseline-aims-3H-tutorial/prenetworks/elec_s_50_ec_lv2.0__3h_2030_0.071_pre_adjusted.nc; current scripts/prepare_sector_network.py","REFERENCE_MAPPING_NOT_NUMERIC_ACCEPTANCE","tCO2/MWh_Link_input","false"
"Link:ID_Papua20 0 biomass EOP","biomass EOP","Power","ID","","true","true","Physical carbon transfer/uptake/vent role requires origin and accepted credit scope; FT transfer not new emission","/home/jin/research/SGP_ESE5004_Stage2/pypsa-asean/results/baseline-aims-3H-tutorial/prenetworks/elec_s_50_ec_lv2.0__3h_2030_0.071_pre_adjusted.nc; current scripts/prepare_sector_network.py","REFERENCE_MAPPING_NOT_NUMERIC_ACCEPTANCE","tCO2/MWh_Link_input","false"
"Link:ID_Sulawesi0 0 biomass EOP","biomass EOP","Power","ID","","true","true","Physical carbon transfer/uptake/vent role requires origin and accepted credit scope; FT transfer not new emission","/home/jin/research/SGP_ESE5004_Stage2/pypsa-asean/results/baseline-aims-3H-tutorial/prenetworks/elec_s_50_ec_lv2.0__3h_2030_0.071_pre_adjusted.nc; current scripts/prepare_sector_network.py","REFERENCE_MAPPING_NOT_NUMERIC_ACCEPTANCE","tCO2/MWh_Link_input","false"
"Link:ID_Sumatra2 0 biomass EOP","biomass EOP","Power","ID","","true","true","Physical carbon transfer/uptake/vent role requires origin and accepted credit scope; FT transfer not new emission","/home/jin/research/SGP_ESE5004_Stage2/pypsa-asean/results/baseline-aims-3H-tutorial/prenetworks/elec_s_50_ec_lv2.0__3h_2030_0.071_pre_adjusted.nc; current scripts/prepare_sector_network.py","REFERENCE_MAPPING_NOT_NUMERIC_ACCEPTANCE","tCO2/MWh_Link_input","false"
"Link:ID_Sumatra3 0 biomass EOP","biomass EOP","Power","ID","","true","true","Physical carbon transfer/uptake/vent role requires origin and accepted credit scope; FT transfer not new emission","/home/jin/research/SGP_ESE5004_Stage2/pypsa-asean/results/baseline-aims-3H-tutorial/prenetworks/elec_s_50_ec_lv2.0__3h_2030_0.071_pre_adjusted.nc; current scripts/prepare_sector_network.py","REFERENCE_MAPPING_NOT_NUMERIC_ACCEPTANCE","tCO2/MWh_Link_input","false"
"Link:ID_Sumatra3 1 biomass EOP","biomass EOP","Power","ID","","true","true","Physical carbon transfer/uptake/vent role requires origin and accepted credit scope; FT transfer not new emission","/home/jin/research/SGP_ESE5004_Stage2/pypsa-asean/results/baseline-aims-3H-tutorial/prenetworks/elec_s_50_ec_lv2.0__3h_2030_0.071_pre_adjusted.nc; current scripts/prepare_sector_network.py","REFERENCE_MAPPING_NOT_NUMERIC_ACCEPTANCE","tCO2/MWh_Link_input","false"
"Link:KH2 0 biomass EOP","biomass EOP","Power","KH","","true","true","Physical carbon transfer/uptake/vent role requires origin and accepted credit scope; FT transfer not new emission","/home/jin/research/SGP_ESE5004_Stage2/pypsa-asean/results/baseline-aims-3H-tutorial/prenetworks/elec_s_50_ec_lv2.0__3h_2030_0.071_pre_adjusted.nc; current scripts/prepare_sector_network.py","REFERENCE_MAPPING_NOT_NUMERIC_ACCEPTANCE","tCO2/MWh_Link_input","false"
"Link:LA2 0 biomass EOP","biomass EOP","Power","LA","","true","true","Physical carbon transfer/uptake/vent role requires origin and accepted credit scope; FT transfer not new emission","/home/jin/research/SGP_ESE5004_Stage2/pypsa-asean/results/baseline-aims-3H-tutorial/prenetworks/elec_s_50_ec_lv2.0__3h_2030_0.071_pre_adjusted.nc; current scripts/prepare_sector_network.py","REFERENCE_MAPPING_NOT_NUMERIC_ACCEPTANCE","tCO2/MWh_Link_input","false"
"Link:LA2 1 biomass EOP","biomass EOP","Power","LA","","true","true","Physical carbon transfer/uptake/vent role requires origin and accepted credit scope; FT transfer not new emission","/home/jin/research/SGP_ESE5004_Stage2/pypsa-asean/results/baseline-aims-3H-tutorial/prenetworks/elec_s_50_ec_lv2.0__3h_2030_0.071_pre_adjusted.nc; current scripts/prepare_sector_network.py","REFERENCE_MAPPING_NOT_NUMERIC_ACCEPTANCE","tCO2/MWh_Link_input","false"
"Link:MM2 0 biomass EOP","biomass EOP","Power","MM","","true","true","Physical carbon transfer/uptake/vent role requires origin and accepted credit scope; FT transfer not new emission","/home/jin/research/SGP_ESE5004_Stage2/pypsa-asean/results/baseline-aims-3H-tutorial/prenetworks/elec_s_50_ec_lv2.0__3h_2030_0.071_pre_adjusted.nc; current scripts/prepare_sector_network.py","REFERENCE_MAPPING_NOT_NUMERIC_ACCEPTANCE","tCO2/MWh_Link_input","false"
"Link:MM2 1 biomass EOP","biomass EOP","Power","MM","","true","true","Physical carbon transfer/uptake/vent role requires origin and accepted credit scope; FT transfer not new emission","/home/jin/research/SGP_ESE5004_Stage2/pypsa-asean/results/baseline-aims-3H-tutorial/prenetworks/elec_s_50_ec_lv2.0__3h_2030_0.071_pre_adjusted.nc; current scripts/prepare_sector_network.py","REFERENCE_MAPPING_NOT_NUMERIC_ACCEPTANCE","tCO2/MWh_Link_input","false"
"Link:MM2 2 biomass EOP","biomass EOP","Power","MM","","true","true","Physical carbon transfer/uptake/vent role requires origin and accepted credit scope; FT transfer not new emission","/home/jin/research/SGP_ESE5004_Stage2/pypsa-asean/results/baseline-aims-3H-tutorial/prenetworks/elec_s_50_ec_lv2.0__3h_2030_0.071_pre_adjusted.nc; current scripts/prepare_sector_network.py","REFERENCE_MAPPING_NOT_NUMERIC_ACCEPTANCE","tCO2/MWh_Link_input","false"
"Link:MM2 3 biomass EOP","biomass EOP","Power","MM","","true","true","Physical carbon transfer/uptake/vent role requires origin and accepted credit scope; FT transfer not new emission","/home/jin/research/SGP_ESE5004_Stage2/pypsa-asean/results/baseline-aims-3H-tutorial/prenetworks/elec_s_50_ec_lv2.0__3h_2030_0.071_pre_adjusted.nc; current scripts/prepare_sector_network.py","REFERENCE_MAPPING_NOT_NUMERIC_ACCEPTANCE","tCO2/MWh_Link_input","false"
"Link:MM2 4 biomass EOP","biomass EOP","Power","MM","","true","true","Physical carbon transfer/uptake/vent role requires origin and accepted credit scope; FT transfer not new emission","/home/jin/research/SGP_ESE5004_Stage2/pypsa-asean/results/baseline-aims-3H-tutorial/prenetworks/elec_s_50_ec_lv2.0__3h_2030_0.071_pre_adjusted.nc; current scripts/prepare_sector_network.py","REFERENCE_MAPPING_NOT_NUMERIC_ACCEPTANCE","tCO2/MWh_Link_input","false"
"Link:MM2 5 biomass EOP","biomass EOP","Power","MM","","true","true","Physical carbon transfer/uptake/vent role requires origin and accepted credit scope; FT transfer not new emission","/home/jin/research/SGP_ESE5004_Stage2/pypsa-asean/results/baseline-aims-3H-tutorial/prenetworks/elec_s_50_ec_lv2.0__3h_2030_0.071_pre_adjusted.nc; current scripts/prepare_sector_network.py","REFERENCE_MAPPING_NOT_NUMERIC_ACCEPTANCE","tCO2/MWh_Link_input","false"
"Link:MM2 6 biomass EOP","biomass EOP","Power","MM","","true","true","Physical carbon transfer/uptake/vent role requires origin and accepted credit scope; FT transfer not new emission","/home/jin/research/SGP_ESE5004_Stage2/pypsa-asean/results/baseline-aims-3H-tutorial/prenetworks/elec_s_50_ec_lv2.0__3h_2030_0.071_pre_adjusted.nc; current scripts/prepare_sector_network.py","REFERENCE_MAPPING_NOT_NUMERIC_ACCEPTANCE","tCO2/MWh_Link_input","false"
"Link:MY_Peninsular2 0 biomass EOP","biomass EOP","Power","MY","","true","true","Physical carbon transfer/uptake/vent role requires origin and accepted credit scope; FT transfer not new emission","/home/jin/research/SGP_ESE5004_Stage2/pypsa-asean/results/baseline-aims-3H-tutorial/prenetworks/elec_s_50_ec_lv2.0__3h_2030_0.071_pre_adjusted.nc; current scripts/prepare_sector_network.py","REFERENCE_MAPPING_NOT_NUMERIC_ACCEPTANCE","tCO2/MWh_Link_input","false"
"Link:MY_Sabah4 0 biomass EOP","biomass EOP","Power","MY","","true","true","Physical carbon transfer/uptake/vent role requires origin and accepted credit scope; FT transfer not new emission","/home/jin/research/SGP_ESE5004_Stage2/pypsa-asean/results/baseline-aims-3H-tutorial/prenetworks/elec_s_50_ec_lv2.0__3h_2030_0.071_pre_adjusted.nc; current scripts/prepare_sector_network.py","REFERENCE_MAPPING_NOT_NUMERIC_ACCEPTANCE","tCO2/MWh_Link_input","false"
"Link:MY_Sarawak4 0 biomass EOP","biomass EOP","Power","MY","","true","true","Physical carbon transfer/uptake/vent role requires origin and accepted credit scope; FT transfer not new emission","/home/jin/research/SGP_ESE5004_Stage2/pypsa-asean/results/baseline-aims-3H-tutorial/prenetworks/elec_s_50_ec_lv2.0__3h_2030_0.071_pre_adjusted.nc; current scripts/prepare_sector_network.py","REFERENCE_MAPPING_NOT_NUMERIC_ACCEPTANCE","tCO2/MWh_Link_input","false"
"Link:PH5 0 biomass EOP","biomass EOP","Power","PH","","true","true","Physical carbon transfer/uptake/vent role requires origin and accepted credit scope; FT transfer not new emission","/home/jin/research/SGP_ESE5004_Stage2/pypsa-asean/results/baseline-aims-3H-tutorial/prenetworks/elec_s_50_ec_lv2.0__3h_2030_0.071_pre_adjusted.nc; current scripts/prepare_sector_network.py","REFERENCE_MAPPING_NOT_NUMERIC_ACCEPTANCE","tCO2/MWh_Link_input","false"
"Link:PH_Luzon5 0 biomass EOP","biomass EOP","Power","PH","","true","true","Physical carbon transfer/uptake/vent role requires origin and accepted credit scope; FT transfer not new emission","/home/jin/research/SGP_ESE5004_Stage2/pypsa-asean/results/baseline-aims-3H-tutorial/prenetworks/elec_s_50_ec_lv2.0__3h_2030_0.071_pre_adjusted.nc; current scripts/prepare_sector_network.py","REFERENCE_MAPPING_NOT_NUMERIC_ACCEPTANCE","tCO2/MWh_Link_input","false"
"Link:PH_Luzon9 0 biomass EOP","biomass EOP","Power","PH","","true","true","Physical carbon transfer/uptake/vent role requires origin and accepted credit scope; FT transfer not new emission","/home/jin/research/SGP_ESE5004_Stage2/pypsa-asean/results/baseline-aims-3H-tutorial/prenetworks/elec_s_50_ec_lv2.0__3h_2030_0.071_pre_adjusted.nc; current scripts/prepare_sector_network.py","REFERENCE_MAPPING_NOT_NUMERIC_ACCEPTANCE","tCO2/MWh_Link_input","false"
"Link:PH_Mindanao6 0 biomass EOP","biomass EOP","Power","PH","","true","true","Physical carbon transfer/uptake/vent role requires origin and accepted credit scope; FT transfer not new emission","/home/jin/research/SGP_ESE5004_Stage2/pypsa-asean/results/baseline-aims-3H-tutorial/prenetworks/elec_s_50_ec_lv2.0__3h_2030_0.071_pre_adjusted.nc; current scripts/prepare_sector_network.py","REFERENCE_MAPPING_NOT_NUMERIC_ACCEPTANCE","tCO2/MWh_Link_input","false"
"Link:PH_Visayas10 0 biomass EOP","biomass EOP","Power","PH","","true","true","Physical carbon transfer/uptake/vent role requires origin and accepted credit scope; FT transfer not new emission","/home/jin/research/SGP_ESE5004_Stage2/pypsa-asean/results/baseline-aims-3H-tutorial/prenetworks/elec_s_50_ec_lv2.0__3h_2030_0.071_pre_adjusted.nc; current scripts/prepare_sector_network.py","REFERENCE_MAPPING_NOT_NUMERIC_ACCEPTANCE","tCO2/MWh_Link_input","false"
"Link:PH_Visayas7 0 biomass EOP","biomass EOP","Power","PH","","true","true","Physical carbon transfer/uptake/vent role requires origin and accepted credit scope; FT transfer not new emission","/home/jin/research/SGP_ESE5004_Stage2/pypsa-asean/results/baseline-aims-3H-tutorial/prenetworks/elec_s_50_ec_lv2.0__3h_2030_0.071_pre_adjusted.nc; current scripts/prepare_sector_network.py","REFERENCE_MAPPING_NOT_NUMERIC_ACCEPTANCE","tCO2/MWh_Link_input","false"
"Link:SG2 0 biomass EOP","biomass EOP","Power","SG","","true","true","Physical carbon transfer/uptake/vent role requires origin and accepted credit scope; FT transfer not new emission","/home/jin/research/SGP_ESE5004_Stage2/pypsa-asean/results/baseline-aims-3H-tutorial/prenetworks/elec_s_50_ec_lv2.0__3h_2030_0.071_pre_adjusted.nc; current scripts/prepare_sector_network.py","REFERENCE_MAPPING_NOT_NUMERIC_ACCEPTANCE","tCO2/MWh_Link_input","false"
"Link:TH2 0 biomass EOP","biomass EOP","Power","TH","","true","true","Physical carbon transfer/uptake/vent role requires origin and accepted credit scope; FT transfer not new emission","/home/jin/research/SGP_ESE5004_Stage2/pypsa-asean/results/baseline-aims-3H-tutorial/prenetworks/elec_s_50_ec_lv2.0__3h_2030_0.071_pre_adjusted.nc; current scripts/prepare_sector_network.py","REFERENCE_MAPPING_NOT_NUMERIC_ACCEPTANCE","tCO2/MWh_Link_input","false"
"Link:TH2 1 biomass EOP","biomass EOP","Power","TH","","true","true","Physical carbon transfer/uptake/vent role requires origin and accepted credit scope; FT transfer not new emission","/home/jin/research/SGP_ESE5004_Stage2/pypsa-asean/results/baseline-aims-3H-tutorial/prenetworks/elec_s_50_ec_lv2.0__3h_2030_0.071_pre_adjusted.nc; current scripts/prepare_sector_network.py","REFERENCE_MAPPING_NOT_NUMERIC_ACCEPTANCE","tCO2/MWh_Link_input","false"
"Link:TL11 0 biomass EOP","biomass EOP","Power","TL","","true","true","Physical carbon transfer/uptake/vent role requires origin and accepted credit scope; FT transfer not new emission","/home/jin/research/SGP_ESE5004_Stage2/pypsa-asean/results/baseline-aims-3H-tutorial/prenetworks/elec_s_50_ec_lv2.0__3h_2030_0.071_pre_adjusted.nc; current scripts/prepare_sector_network.py","REFERENCE_MAPPING_NOT_NUMERIC_ACCEPTANCE","tCO2/MWh_Link_input","false"
"Link:VN2 0 biomass EOP","biomass EOP","Power","VN","","true","true","Physical carbon transfer/uptake/vent role requires origin and accepted credit scope; FT transfer not new emission","/home/jin/research/SGP_ESE5004_Stage2/pypsa-asean/results/baseline-aims-3H-tutorial/prenetworks/elec_s_50_ec_lv2.0__3h_2030_0.071_pre_adjusted.nc; current scripts/prepare_sector_network.py","REFERENCE_MAPPING_NOT_NUMERIC_ACCEPTANCE","tCO2/MWh_Link_input","false"
"Link:VN2 1 biomass EOP","biomass EOP","Power","VN","","true","true","Physical carbon transfer/uptake/vent role requires origin and accepted credit scope; FT transfer not new emission","/home/jin/research/SGP_ESE5004_Stage2/pypsa-asean/results/baseline-aims-3H-tutorial/prenetworks/elec_s_50_ec_lv2.0__3h_2030_0.071_pre_adjusted.nc; current scripts/prepare_sector_network.py","REFERENCE_MAPPING_NOT_NUMERIC_ACCEPTANCE","tCO2/MWh_Link_input","false"
"Link:VN2 2 biomass EOP","biomass EOP","Power","VN","","true","true","Physical carbon transfer/uptake/vent role requires origin and accepted credit scope; FT transfer not new emission","/home/jin/research/SGP_ESE5004_Stage2/pypsa-asean/results/baseline-aims-3H-tutorial/prenetworks/elec_s_50_ec_lv2.0__3h_2030_0.071_pre_adjusted.nc; current scripts/prepare_sector_network.py","REFERENCE_MAPPING_NOT_NUMERIC_ACCEPTANCE","tCO2/MWh_Link_input","false"
"Link:BN4 0 biogas to gas","biogas to gas","Conversion","BN","-0.198","PENDING_CAPTURE_OR_ORIGIN_SCOPE","true","Physical carbon transfer/uptake/vent role requires origin and accepted credit scope; FT transfer not new emission","/home/jin/research/SGP_ESE5004_Stage2/pypsa-asean/results/baseline-aims-3H-tutorial/prenetworks/elec_s_50_ec_lv2.0__3h_2030_0.071_pre_adjusted.nc; current scripts/prepare_sector_network.py","REFERENCE_MAPPING_NOT_NUMERIC_ACCEPTANCE","tCO2/MWh_Link_input","false"
"Link:ID_Java-Bali1 0 biogas to gas","biogas to gas","Conversion","ID","-0.198","PENDING_CAPTURE_OR_ORIGIN_SCOPE","true","Physical carbon transfer/uptake/vent role requires origin and accepted credit scope; FT transfer not new emission","/home/jin/research/SGP_ESE5004_Stage2/pypsa-asean/results/baseline-aims-3H-tutorial/prenetworks/elec_s_50_ec_lv2.0__3h_2030_0.071_pre_adjusted.nc; current scripts/prepare_sector_network.py","REFERENCE_MAPPING_NOT_NUMERIC_ACCEPTANCE","tCO2/MWh_Link_input","false"
"Link:ID_Kalimantan4 0 biogas to gas","biogas to gas","Conversion","ID","-0.198","PENDING_CAPTURE_OR_ORIGIN_SCOPE","true","Physical carbon transfer/uptake/vent role requires origin and accepted credit scope; FT transfer not new emission","/home/jin/research/SGP_ESE5004_Stage2/pypsa-asean/results/baseline-aims-3H-tutorial/prenetworks/elec_s_50_ec_lv2.0__3h_2030_0.071_pre_adjusted.nc; current scripts/prepare_sector_network.py","REFERENCE_MAPPING_NOT_NUMERIC_ACCEPTANCE","tCO2/MWh_Link_input","false"
"Link:ID_Kalimantan4 1 biogas to gas","biogas to gas","Conversion","ID","-0.198","PENDING_CAPTURE_OR_ORIGIN_SCOPE","true","Physical carbon transfer/uptake/vent role requires origin and accepted credit scope; FT transfer not new emission","/home/jin/research/SGP_ESE5004_Stage2/pypsa-asean/results/baseline-aims-3H-tutorial/prenetworks/elec_s_50_ec_lv2.0__3h_2030_0.071_pre_adjusted.nc; current scripts/prepare_sector_network.py","REFERENCE_MAPPING_NOT_NUMERIC_ACCEPTANCE","tCO2/MWh_Link_input","false"
"Link:ID_Kalimantan4 2 biogas to gas","biogas to gas","Conversion","ID","-0.198","PENDING_CAPTURE_OR_ORIGIN_SCOPE","true","Physical carbon transfer/uptake/vent role requires origin and accepted credit scope; FT transfer not new emission","/home/jin/research/SGP_ESE5004_Stage2/pypsa-asean/results/baseline-aims-3H-tutorial/prenetworks/elec_s_50_ec_lv2.0__3h_2030_0.071_pre_adjusted.nc; current scripts/prepare_sector_network.py","REFERENCE_MAPPING_NOT_NUMERIC_ACCEPTANCE","tCO2/MWh_Link_input","false"
"Link:ID_Kalimantan4 3 biogas to gas","biogas to gas","Conversion","ID","-0.198","PENDING_CAPTURE_OR_ORIGIN_SCOPE","true","Physical carbon transfer/uptake/vent role requires origin and accepted credit scope; FT transfer not new emission","/home/jin/research/SGP_ESE5004_Stage2/pypsa-asean/results/baseline-aims-3H-tutorial/prenetworks/elec_s_50_ec_lv2.0__3h_2030_0.071_pre_adjusted.nc; current scripts/prepare_sector_network.py","REFERENCE_MAPPING_NOT_NUMERIC_ACCEPTANCE","tCO2/MWh_Link_input","false"
"Link:ID_Kalimantan4 4 biogas to gas","biogas to gas","Conversion","ID","-0.198","PENDING_CAPTURE_OR_ORIGIN_SCOPE","true","Physical carbon transfer/uptake/vent role requires origin and accepted credit scope; FT transfer not new emission","/home/jin/research/SGP_ESE5004_Stage2/pypsa-asean/results/baseline-aims-3H-tutorial/prenetworks/elec_s_50_ec_lv2.0__3h_2030_0.071_pre_adjusted.nc; current scripts/prepare_sector_network.py","REFERENCE_MAPPING_NOT_NUMERIC_ACCEPTANCE","tCO2/MWh_Link_input","false"
"Link:ID_Kalimantan4 5 biogas to gas","biogas to gas","Conversion","ID","-0.198","PENDING_CAPTURE_OR_ORIGIN_SCOPE","true","Physical carbon transfer/uptake/vent role requires origin and accepted credit scope; FT transfer not new emission","/home/jin/research/SGP_ESE5004_Stage2/pypsa-asean/results/baseline-aims-3H-tutorial/prenetworks/elec_s_50_ec_lv2.0__3h_2030_0.071_pre_adjusted.nc; current scripts/prepare_sector_network.py","REFERENCE_MAPPING_NOT_NUMERIC_ACCEPTANCE","tCO2/MWh_Link_input","false"
"Link:ID_Maluku16 0 biogas to gas","biogas to gas","Conversion","ID","-0.198","PENDING_CAPTURE_OR_ORIGIN_SCOPE","true","Physical carbon transfer/uptake/vent role requires origin and accepted credit scope; FT transfer not new emission","/home/jin/research/SGP_ESE5004_Stage2/pypsa-asean/results/baseline-aims-3H-tutorial/prenetworks/elec_s_50_ec_lv2.0__3h_2030_0.071_pre_adjusted.nc; current scripts/prepare_sector_network.py","REFERENCE_MAPPING_NOT_NUMERIC_ACCEPTANCE","tCO2/MWh_Link_input","false"
"Link:ID_Maluku17 0 biogas to gas","biogas to gas","Conversion","ID","-0.198","PENDING_CAPTURE_OR_ORIGIN_SCOPE","true","Physical carbon transfer/uptake/vent role requires origin and accepted credit scope; FT transfer not new emission","/home/jin/research/SGP_ESE5004_Stage2/pypsa-asean/results/baseline-aims-3H-tutorial/prenetworks/elec_s_50_ec_lv2.0__3h_2030_0.071_pre_adjusted.nc; current scripts/prepare_sector_network.py","REFERENCE_MAPPING_NOT_NUMERIC_ACCEPTANCE","tCO2/MWh_Link_input","false"
"Link:ID_Maluku8 0 biogas to gas","biogas to gas","Conversion","ID","-0.198","PENDING_CAPTURE_OR_ORIGIN_SCOPE","true","Physical carbon transfer/uptake/vent role requires origin and accepted credit scope; FT transfer not new emission","/home/jin/research/SGP_ESE5004_Stage2/pypsa-asean/results/baseline-aims-3H-tutorial/prenetworks/elec_s_50_ec_lv2.0__3h_2030_0.071_pre_adjusted.nc; current scripts/prepare_sector_network.py","REFERENCE_MAPPING_NOT_NUMERIC_ACCEPTANCE","tCO2/MWh_Link_input","false"
"Link:ID_Nusa-Tenggara12 0 biogas to gas","biogas to gas","Conversion","ID","-0.198","PENDING_CAPTURE_OR_ORIGIN_SCOPE","true","Physical carbon transfer/uptake/vent role requires origin and accepted credit scope; FT transfer not new emission","/home/jin/research/SGP_ESE5004_Stage2/pypsa-asean/results/baseline-aims-3H-tutorial/prenetworks/elec_s_50_ec_lv2.0__3h_2030_0.071_pre_adjusted.nc; current scripts/prepare_sector_network.py","REFERENCE_MAPPING_NOT_NUMERIC_ACCEPTANCE","tCO2/MWh_Link_input","false"
"Link:ID_Nusa-Tenggara13 0 biogas to gas","biogas to gas","Conversion","ID","-0.198","PENDING_CAPTURE_OR_ORIGIN_SCOPE","true","Physical carbon transfer/uptake/vent role requires origin and accepted credit scope; FT transfer not new emission","/home/jin/research/SGP_ESE5004_Stage2/pypsa-asean/results/baseline-aims-3H-tutorial/prenetworks/elec_s_50_ec_lv2.0__3h_2030_0.071_pre_adjusted.nc; current scripts/prepare_sector_network.py","REFERENCE_MAPPING_NOT_NUMERIC_ACCEPTANCE","tCO2/MWh_Link_input","false"
"Link:ID_Nusa-Tenggara14 0 biogas to gas","biogas to gas","Conversion","ID","-0.198","PENDING_CAPTURE_OR_ORIGIN_SCOPE","true","Physical carbon transfer/uptake/vent role requires origin and accepted credit scope; FT transfer not new emission","/home/jin/research/SGP_ESE5004_Stage2/pypsa-asean/results/baseline-aims-3H-tutorial/prenetworks/elec_s_50_ec_lv2.0__3h_2030_0.071_pre_adjusted.nc; current scripts/prepare_sector_network.py","REFERENCE_MAPPING_NOT_NUMERIC_ACCEPTANCE","tCO2/MWh_Link_input","false"
"Link:ID_Nusa-Tenggara15 0 biogas to gas","biogas to gas","Conversion","ID","-0.198","PENDING_CAPTURE_OR_ORIGIN_SCOPE","true","Physical carbon transfer/uptake/vent role requires origin and accepted credit scope; FT transfer not new emission","/home/jin/research/SGP_ESE5004_Stage2/pypsa-asean/results/baseline-aims-3H-tutorial/prenetworks/elec_s_50_ec_lv2.0__3h_2030_0.071_pre_adjusted.nc; current scripts/prepare_sector_network.py","REFERENCE_MAPPING_NOT_NUMERIC_ACCEPTANCE","tCO2/MWh_Link_input","false"
"Link:ID_Papua18 0 biogas to gas","biogas to gas","Conversion","ID","-0.198","PENDING_CAPTURE_OR_ORIGIN_SCOPE","true","Physical carbon transfer/uptake/vent role requires origin and accepted credit scope; FT transfer not new emission","/home/jin/research/SGP_ESE5004_Stage2/pypsa-asean/results/baseline-aims-3H-tutorial/prenetworks/elec_s_50_ec_lv2.0__3h_2030_0.071_pre_adjusted.nc; current scripts/prepare_sector_network.py","REFERENCE_MAPPING_NOT_NUMERIC_ACCEPTANCE","tCO2/MWh_Link_input","false"
"Link:ID_Papua19 0 biogas to gas","biogas to gas","Conversion","ID","-0.198","PENDING_CAPTURE_OR_ORIGIN_SCOPE","true","Physical carbon transfer/uptake/vent role requires origin and accepted credit scope; FT transfer not new emission","/home/jin/research/SGP_ESE5004_Stage2/pypsa-asean/results/baseline-aims-3H-tutorial/prenetworks/elec_s_50_ec_lv2.0__3h_2030_0.071_pre_adjusted.nc; current scripts/prepare_sector_network.py","REFERENCE_MAPPING_NOT_NUMERIC_ACCEPTANCE","tCO2/MWh_Link_input","false"
"Link:ID_Papua20 0 biogas to gas","biogas to gas","Conversion","ID","-0.198","PENDING_CAPTURE_OR_ORIGIN_SCOPE","true","Physical carbon transfer/uptake/vent role requires origin and accepted credit scope; FT transfer not new emission","/home/jin/research/SGP_ESE5004_Stage2/pypsa-asean/results/baseline-aims-3H-tutorial/prenetworks/elec_s_50_ec_lv2.0__3h_2030_0.071_pre_adjusted.nc; current scripts/prepare_sector_network.py","REFERENCE_MAPPING_NOT_NUMERIC_ACCEPTANCE","tCO2/MWh_Link_input","false"
"Link:ID_Sulawesi0 0 biogas to gas","biogas to gas","Conversion","ID","-0.198","PENDING_CAPTURE_OR_ORIGIN_SCOPE","true","Physical carbon transfer/uptake/vent role requires origin and accepted credit scope; FT transfer not new emission","/home/jin/research/SGP_ESE5004_Stage2/pypsa-asean/results/baseline-aims-3H-tutorial/prenetworks/elec_s_50_ec_lv2.0__3h_2030_0.071_pre_adjusted.nc; current scripts/prepare_sector_network.py","REFERENCE_MAPPING_NOT_NUMERIC_ACCEPTANCE","tCO2/MWh_Link_input","false"
"Link:ID_Sumatra2 0 biogas to gas","biogas to gas","Conversion","ID","-0.198","PENDING_CAPTURE_OR_ORIGIN_SCOPE","true","Physical carbon transfer/uptake/vent role requires origin and accepted credit scope; FT transfer not new emission","/home/jin/research/SGP_ESE5004_Stage2/pypsa-asean/results/baseline-aims-3H-tutorial/prenetworks/elec_s_50_ec_lv2.0__3h_2030_0.071_pre_adjusted.nc; current scripts/prepare_sector_network.py","REFERENCE_MAPPING_NOT_NUMERIC_ACCEPTANCE","tCO2/MWh_Link_input","false"
"Link:ID_Sumatra3 0 biogas to gas","biogas to gas","Conversion","ID","-0.198","PENDING_CAPTURE_OR_ORIGIN_SCOPE","true","Physical carbon transfer/uptake/vent role requires origin and accepted credit scope; FT transfer not new emission","/home/jin/research/SGP_ESE5004_Stage2/pypsa-asean/results/baseline-aims-3H-tutorial/prenetworks/elec_s_50_ec_lv2.0__3h_2030_0.071_pre_adjusted.nc; current scripts/prepare_sector_network.py","REFERENCE_MAPPING_NOT_NUMERIC_ACCEPTANCE","tCO2/MWh_Link_input","false"
"Link:ID_Sumatra3 1 biogas to gas","biogas to gas","Conversion","ID","-0.198","PENDING_CAPTURE_OR_ORIGIN_SCOPE","true","Physical carbon transfer/uptake/vent role requires origin and accepted credit scope; FT transfer not new emission","/home/jin/research/SGP_ESE5004_Stage2/pypsa-asean/results/baseline-aims-3H-tutorial/prenetworks/elec_s_50_ec_lv2.0__3h_2030_0.071_pre_adjusted.nc; current scripts/prepare_sector_network.py","REFERENCE_MAPPING_NOT_NUMERIC_ACCEPTANCE","tCO2/MWh_Link_input","false"
"Link:KH2 0 biogas to gas","biogas to gas","Conversion","KH","-0.198","PENDING_CAPTURE_OR_ORIGIN_SCOPE","true","Physical carbon transfer/uptake/vent role requires origin and accepted credit scope; FT transfer not new emission","/home/jin/research/SGP_ESE5004_Stage2/pypsa-asean/results/baseline-aims-3H-tutorial/prenetworks/elec_s_50_ec_lv2.0__3h_2030_0.071_pre_adjusted.nc; current scripts/prepare_sector_network.py","REFERENCE_MAPPING_NOT_NUMERIC_ACCEPTANCE","tCO2/MWh_Link_input","false"
"Link:LA2 0 biogas to gas","biogas to gas","Conversion","LA","-0.198","PENDING_CAPTURE_OR_ORIGIN_SCOPE","true","Physical carbon transfer/uptake/vent role requires origin and accepted credit scope; FT transfer not new emission","/home/jin/research/SGP_ESE5004_Stage2/pypsa-asean/results/baseline-aims-3H-tutorial/prenetworks/elec_s_50_ec_lv2.0__3h_2030_0.071_pre_adjusted.nc; current scripts/prepare_sector_network.py","REFERENCE_MAPPING_NOT_NUMERIC_ACCEPTANCE","tCO2/MWh_Link_input","false"
"Link:LA2 1 biogas to gas","biogas to gas","Conversion","LA","-0.198","PENDING_CAPTURE_OR_ORIGIN_SCOPE","true","Physical carbon transfer/uptake/vent role requires origin and accepted credit scope; FT transfer not new emission","/home/jin/research/SGP_ESE5004_Stage2/pypsa-asean/results/baseline-aims-3H-tutorial/prenetworks/elec_s_50_ec_lv2.0__3h_2030_0.071_pre_adjusted.nc; current scripts/prepare_sector_network.py","REFERENCE_MAPPING_NOT_NUMERIC_ACCEPTANCE","tCO2/MWh_Link_input","false"
"Link:MM2 0 biogas to gas","biogas to gas","Conversion","MM","-0.198","PENDING_CAPTURE_OR_ORIGIN_SCOPE","true","Physical carbon transfer/uptake/vent role requires origin and accepted credit scope; FT transfer not new emission","/home/jin/research/SGP_ESE5004_Stage2/pypsa-asean/results/baseline-aims-3H-tutorial/prenetworks/elec_s_50_ec_lv2.0__3h_2030_0.071_pre_adjusted.nc; current scripts/prepare_sector_network.py","REFERENCE_MAPPING_NOT_NUMERIC_ACCEPTANCE","tCO2/MWh_Link_input","false"
"Link:MM2 1 biogas to gas","biogas to gas","Conversion","MM","-0.198","PENDING_CAPTURE_OR_ORIGIN_SCOPE","true","Physical carbon transfer/uptake/vent role requires origin and accepted credit scope; FT transfer not new emission","/home/jin/research/SGP_ESE5004_Stage2/pypsa-asean/results/baseline-aims-3H-tutorial/prenetworks/elec_s_50_ec_lv2.0__3h_2030_0.071_pre_adjusted.nc; current scripts/prepare_sector_network.py","REFERENCE_MAPPING_NOT_NUMERIC_ACCEPTANCE","tCO2/MWh_Link_input","false"
"Link:MM2 2 biogas to gas","biogas to gas","Conversion","MM","-0.198","PENDING_CAPTURE_OR_ORIGIN_SCOPE","true","Physical carbon transfer/uptake/vent role requires origin and accepted credit scope; FT transfer not new emission","/home/jin/research/SGP_ESE5004_Stage2/pypsa-asean/results/baseline-aims-3H-tutorial/prenetworks/elec_s_50_ec_lv2.0__3h_2030_0.071_pre_adjusted.nc; current scripts/prepare_sector_network.py","REFERENCE_MAPPING_NOT_NUMERIC_ACCEPTANCE","tCO2/MWh_Link_input","false"
"Link:MM2 3 biogas to gas","biogas to gas","Conversion","MM","-0.198","PENDING_CAPTURE_OR_ORIGIN_SCOPE","true","Physical carbon transfer/uptake/vent role requires origin and accepted credit scope; FT transfer not new emission","/home/jin/research/SGP_ESE5004_Stage2/pypsa-asean/results/baseline-aims-3H-tutorial/prenetworks/elec_s_50_ec_lv2.0__3h_2030_0.071_pre_adjusted.nc; current scripts/prepare_sector_network.py","REFERENCE_MAPPING_NOT_NUMERIC_ACCEPTANCE","tCO2/MWh_Link_input","false"
"Link:MM2 4 biogas to gas","biogas to gas","Conversion","MM","-0.198","PENDING_CAPTURE_OR_ORIGIN_SCOPE","true","Physical carbon transfer/uptake/vent role requires origin and accepted credit scope; FT transfer not new emission","/home/jin/research/SGP_ESE5004_Stage2/pypsa-asean/results/baseline-aims-3H-tutorial/prenetworks/elec_s_50_ec_lv2.0__3h_2030_0.071_pre_adjusted.nc; current scripts/prepare_sector_network.py","REFERENCE_MAPPING_NOT_NUMERIC_ACCEPTANCE","tCO2/MWh_Link_input","false"
"Link:MM2 5 biogas to gas","biogas to gas","Conversion","MM","-0.198","PENDING_CAPTURE_OR_ORIGIN_SCOPE","true","Physical carbon transfer/uptake/vent role requires origin and accepted credit scope; FT transfer not new emission","/home/jin/research/SGP_ESE5004_Stage2/pypsa-asean/results/baseline-aims-3H-tutorial/prenetworks/elec_s_50_ec_lv2.0__3h_2030_0.071_pre_adjusted.nc; current scripts/prepare_sector_network.py","REFERENCE_MAPPING_NOT_NUMERIC_ACCEPTANCE","tCO2/MWh_Link_input","false"
"Link:MM2 6 biogas to gas","biogas to gas","Conversion","MM","-0.198","PENDING_CAPTURE_OR_ORIGIN_SCOPE","true","Physical carbon transfer/uptake/vent role requires origin and accepted credit scope; FT transfer not new emission","/home/jin/research/SGP_ESE5004_Stage2/pypsa-asean/results/baseline-aims-3H-tutorial/prenetworks/elec_s_50_ec_lv2.0__3h_2030_0.071_pre_adjusted.nc; current scripts/prepare_sector_network.py","REFERENCE_MAPPING_NOT_NUMERIC_ACCEPTANCE","tCO2/MWh_Link_input","false"
"Link:MY_Peninsular2 0 biogas to gas","biogas to gas","Conversion","MY","-0.198","PENDING_CAPTURE_OR_ORIGIN_SCOPE","true","Physical carbon transfer/uptake/vent role requires origin and accepted credit scope; FT transfer not new emission","/home/jin/research/SGP_ESE5004_Stage2/pypsa-asean/results/baseline-aims-3H-tutorial/prenetworks/elec_s_50_ec_lv2.0__3h_2030_0.071_pre_adjusted.nc; current scripts/prepare_sector_network.py","REFERENCE_MAPPING_NOT_NUMERIC_ACCEPTANCE","tCO2/MWh_Link_input","false"
"Link:MY_Sabah4 0 biogas to gas","biogas to gas","Conversion","MY","-0.198","PENDING_CAPTURE_OR_ORIGIN_SCOPE","true","Physical carbon transfer/uptake/vent role requires origin and accepted credit scope; FT transfer not new emission","/home/jin/research/SGP_ESE5004_Stage2/pypsa-asean/results/baseline-aims-3H-tutorial/prenetworks/elec_s_50_ec_lv2.0__3h_2030_0.071_pre_adjusted.nc; current scripts/prepare_sector_network.py","REFERENCE_MAPPING_NOT_NUMERIC_ACCEPTANCE","tCO2/MWh_Link_input","false"
"Link:MY_Sarawak4 0 biogas to gas","biogas to gas","Conversion","MY","-0.198","PENDING_CAPTURE_OR_ORIGIN_SCOPE","true","Physical carbon transfer/uptake/vent role requires origin and accepted credit scope; FT transfer not new emission","/home/jin/research/SGP_ESE5004_Stage2/pypsa-asean/results/baseline-aims-3H-tutorial/prenetworks/elec_s_50_ec_lv2.0__3h_2030_0.071_pre_adjusted.nc; current scripts/prepare_sector_network.py","REFERENCE_MAPPING_NOT_NUMERIC_ACCEPTANCE","tCO2/MWh_Link_input","false"
"Link:PH5 0 biogas to gas","biogas to gas","Conversion","PH","-0.198","PENDING_CAPTURE_OR_ORIGIN_SCOPE","true","Physical carbon transfer/uptake/vent role requires origin and accepted credit scope; FT transfer not new emission","/home/jin/research/SGP_ESE5004_Stage2/pypsa-asean/results/baseline-aims-3H-tutorial/prenetworks/elec_s_50_ec_lv2.0__3h_2030_0.071_pre_adjusted.nc; current scripts/prepare_sector_network.py","REFERENCE_MAPPING_NOT_NUMERIC_ACCEPTANCE","tCO2/MWh_Link_input","false"
"Link:PH_Luzon5 0 biogas to gas","biogas to gas","Conversion","PH","-0.198","PENDING_CAPTURE_OR_ORIGIN_SCOPE","true","Physical carbon transfer/uptake/vent role requires origin and accepted credit scope; FT transfer not new emission","/home/jin/research/SGP_ESE5004_Stage2/pypsa-asean/results/baseline-aims-3H-tutorial/prenetworks/elec_s_50_ec_lv2.0__3h_2030_0.071_pre_adjusted.nc; current scripts/prepare_sector_network.py","REFERENCE_MAPPING_NOT_NUMERIC_ACCEPTANCE","tCO2/MWh_Link_input","false"
"Link:PH_Luzon9 0 biogas to gas","biogas to gas","Conversion","PH","-0.198","PENDING_CAPTURE_OR_ORIGIN_SCOPE","true","Physical carbon transfer/uptake/vent role requires origin and accepted credit scope; FT transfer not new emission","/home/jin/research/SGP_ESE5004_Stage2/pypsa-asean/results/baseline-aims-3H-tutorial/prenetworks/elec_s_50_ec_lv2.0__3h_2030_0.071_pre_adjusted.nc; current scripts/prepare_sector_network.py","REFERENCE_MAPPING_NOT_NUMERIC_ACCEPTANCE","tCO2/MWh_Link_input","false"
"Link:PH_Mindanao6 0 biogas to gas","biogas to gas","Conversion","PH","-0.198","PENDING_CAPTURE_OR_ORIGIN_SCOPE","true","Physical carbon transfer/uptake/vent role requires origin and accepted credit scope; FT transfer not new emission","/home/jin/research/SGP_ESE5004_Stage2/pypsa-asean/results/baseline-aims-3H-tutorial/prenetworks/elec_s_50_ec_lv2.0__3h_2030_0.071_pre_adjusted.nc; current scripts/prepare_sector_network.py","REFERENCE_MAPPING_NOT_NUMERIC_ACCEPTANCE","tCO2/MWh_Link_input","false"
"Link:PH_Visayas10 0 biogas to gas","biogas to gas","Conversion","PH","-0.198","PENDING_CAPTURE_OR_ORIGIN_SCOPE","true","Physical carbon transfer/uptake/vent role requires origin and accepted credit scope; FT transfer not new emission","/home/jin/research/SGP_ESE5004_Stage2/pypsa-asean/results/baseline-aims-3H-tutorial/prenetworks/elec_s_50_ec_lv2.0__3h_2030_0.071_pre_adjusted.nc; current scripts/prepare_sector_network.py","REFERENCE_MAPPING_NOT_NUMERIC_ACCEPTANCE","tCO2/MWh_Link_input","false"
"Link:PH_Visayas7 0 biogas to gas","biogas to gas","Conversion","PH","-0.198","PENDING_CAPTURE_OR_ORIGIN_SCOPE","true","Physical carbon transfer/uptake/vent role requires origin and accepted credit scope; FT transfer not new emission","/home/jin/research/SGP_ESE5004_Stage2/pypsa-asean/results/baseline-aims-3H-tutorial/prenetworks/elec_s_50_ec_lv2.0__3h_2030_0.071_pre_adjusted.nc; current scripts/prepare_sector_network.py","REFERENCE_MAPPING_NOT_NUMERIC_ACCEPTANCE","tCO2/MWh_Link_input","false"
"Link:SG2 0 biogas to gas","biogas to gas","Conversion","SG","-0.198","PENDING_CAPTURE_OR_ORIGIN_SCOPE","true","Physical carbon transfer/uptake/vent role requires origin and accepted credit scope; FT transfer not new emission","/home/jin/research/SGP_ESE5004_Stage2/pypsa-asean/results/baseline-aims-3H-tutorial/prenetworks/elec_s_50_ec_lv2.0__3h_2030_0.071_pre_adjusted.nc; current scripts/prepare_sector_network.py","REFERENCE_MAPPING_NOT_NUMERIC_ACCEPTANCE","tCO2/MWh_Link_input","false"
"Link:TH2 0 biogas to gas","biogas to gas","Conversion","TH","-0.198","PENDING_CAPTURE_OR_ORIGIN_SCOPE","true","Physical carbon transfer/uptake/vent role requires origin and accepted credit scope; FT transfer not new emission","/home/jin/research/SGP_ESE5004_Stage2/pypsa-asean/results/baseline-aims-3H-tutorial/prenetworks/elec_s_50_ec_lv2.0__3h_2030_0.071_pre_adjusted.nc; current scripts/prepare_sector_network.py","REFERENCE_MAPPING_NOT_NUMERIC_ACCEPTANCE","tCO2/MWh_Link_input","false"
"Link:TH2 1 biogas to gas","biogas to gas","Conversion","TH","-0.198","PENDING_CAPTURE_OR_ORIGIN_SCOPE","true","Physical carbon transfer/uptake/vent role requires origin and accepted credit scope; FT transfer not new emission","/home/jin/research/SGP_ESE5004_Stage2/pypsa-asean/results/baseline-aims-3H-tutorial/prenetworks/elec_s_50_ec_lv2.0__3h_2030_0.071_pre_adjusted.nc; current scripts/prepare_sector_network.py","REFERENCE_MAPPING_NOT_NUMERIC_ACCEPTANCE","tCO2/MWh_Link_input","false"
"Link:TL11 0 biogas to gas","biogas to gas","Conversion","TL","-0.198","PENDING_CAPTURE_OR_ORIGIN_SCOPE","true","Physical carbon transfer/uptake/vent role requires origin and accepted credit scope; FT transfer not new emission","/home/jin/research/SGP_ESE5004_Stage2/pypsa-asean/results/baseline-aims-3H-tutorial/prenetworks/elec_s_50_ec_lv2.0__3h_2030_0.071_pre_adjusted.nc; current scripts/prepare_sector_network.py","REFERENCE_MAPPING_NOT_NUMERIC_ACCEPTANCE","tCO2/MWh_Link_input","false"
"Link:VN2 0 biogas to gas","biogas to gas","Conversion","VN","-0.198","PENDING_CAPTURE_OR_ORIGIN_SCOPE","true","Physical carbon transfer/uptake/vent role requires origin and accepted credit scope; FT transfer not new emission","/home/jin/research/SGP_ESE5004_Stage2/pypsa-asean/results/baseline-aims-3H-tutorial/prenetworks/elec_s_50_ec_lv2.0__3h_2030_0.071_pre_adjusted.nc; current scripts/prepare_sector_network.py","REFERENCE_MAPPING_NOT_NUMERIC_ACCEPTANCE","tCO2/MWh_Link_input","false"
"Link:VN2 1 biogas to gas","biogas to gas","Conversion","VN","-0.198","PENDING_CAPTURE_OR_ORIGIN_SCOPE","true","Physical carbon transfer/uptake/vent role requires origin and accepted credit scope; FT transfer not new emission","/home/jin/research/SGP_ESE5004_Stage2/pypsa-asean/results/baseline-aims-3H-tutorial/prenetworks/elec_s_50_ec_lv2.0__3h_2030_0.071_pre_adjusted.nc; current scripts/prepare_sector_network.py","REFERENCE_MAPPING_NOT_NUMERIC_ACCEPTANCE","tCO2/MWh_Link_input","false"
"Link:VN2 2 biogas to gas","biogas to gas","Conversion","VN","-0.198","PENDING_CAPTURE_OR_ORIGIN_SCOPE","true","Physical carbon transfer/uptake/vent role requires origin and accepted credit scope; FT transfer not new emission","/home/jin/research/SGP_ESE5004_Stage2/pypsa-asean/results/baseline-aims-3H-tutorial/prenetworks/elec_s_50_ec_lv2.0__3h_2030_0.071_pre_adjusted.nc; current scripts/prepare_sector_network.py","REFERENCE_MAPPING_NOT_NUMERIC_ACCEPTANCE","tCO2/MWh_Link_input","false"
"Link:BN4 0 urban central solid biomass CHP","urban central solid biomass CHP","SHARED_USE_PENDING","BN","","PENDING_SHARED_USE_ALLOCATION","true","Shared H2/CHP cannot be allocated by name or arbitrary ratio; original power scope requires accepted split","/home/jin/research/SGP_ESE5004_Stage2/pypsa-asean/results/baseline-aims-3H-tutorial/prenetworks/elec_s_50_ec_lv2.0__3h_2030_0.071_pre_adjusted.nc; current scripts/prepare_sector_network.py","REFERENCE_MAPPING_NOT_NUMERIC_ACCEPTANCE","tCO2/MWh_Link_input","false"
"Link:ID_Java-Bali1 0 urban central solid biomass CHP","urban central solid biomass CHP","SHARED_USE_PENDING","ID","","PENDING_SHARED_USE_ALLOCATION","true","Shared H2/CHP cannot be allocated by name or arbitrary ratio; original power scope requires accepted split","/home/jin/research/SGP_ESE5004_Stage2/pypsa-asean/results/baseline-aims-3H-tutorial/prenetworks/elec_s_50_ec_lv2.0__3h_2030_0.071_pre_adjusted.nc; current scripts/prepare_sector_network.py","REFERENCE_MAPPING_NOT_NUMERIC_ACCEPTANCE","tCO2/MWh_Link_input","false"
"Link:ID_Kalimantan4 0 urban central solid biomass CHP","urban central solid biomass CHP","SHARED_USE_PENDING","ID","","PENDING_SHARED_USE_ALLOCATION","true","Shared H2/CHP cannot be allocated by name or arbitrary ratio; original power scope requires accepted split","/home/jin/research/SGP_ESE5004_Stage2/pypsa-asean/results/baseline-aims-3H-tutorial/prenetworks/elec_s_50_ec_lv2.0__3h_2030_0.071_pre_adjusted.nc; current scripts/prepare_sector_network.py","REFERENCE_MAPPING_NOT_NUMERIC_ACCEPTANCE","tCO2/MWh_Link_input","false"
"Link:ID_Kalimantan4 1 urban central solid biomass CHP","urban central solid biomass CHP","SHARED_USE_PENDING","ID","","PENDING_SHARED_USE_ALLOCATION","true","Shared H2/CHP cannot be allocated by name or arbitrary ratio; original power scope requires accepted split","/home/jin/research/SGP_ESE5004_Stage2/pypsa-asean/results/baseline-aims-3H-tutorial/prenetworks/elec_s_50_ec_lv2.0__3h_2030_0.071_pre_adjusted.nc; current scripts/prepare_sector_network.py","REFERENCE_MAPPING_NOT_NUMERIC_ACCEPTANCE","tCO2/MWh_Link_input","false"
"Link:ID_Kalimantan4 2 urban central solid biomass CHP","urban central solid biomass CHP","SHARED_USE_PENDING","ID","","PENDING_SHARED_USE_ALLOCATION","true","Shared H2/CHP cannot be allocated by name or arbitrary ratio; original power scope requires accepted split","/home/jin/research/SGP_ESE5004_Stage2/pypsa-asean/results/baseline-aims-3H-tutorial/prenetworks/elec_s_50_ec_lv2.0__3h_2030_0.071_pre_adjusted.nc; current scripts/prepare_sector_network.py","REFERENCE_MAPPING_NOT_NUMERIC_ACCEPTANCE","tCO2/MWh_Link_input","false"
"Link:ID_Kalimantan4 3 urban central solid biomass CHP","urban central solid biomass CHP","SHARED_USE_PENDING","ID","","PENDING_SHARED_USE_ALLOCATION","true","Shared H2/CHP cannot be allocated by name or arbitrary ratio; original power scope requires accepted split","/home/jin/research/SGP_ESE5004_Stage2/pypsa-asean/results/baseline-aims-3H-tutorial/prenetworks/elec_s_50_ec_lv2.0__3h_2030_0.071_pre_adjusted.nc; current scripts/prepare_sector_network.py","REFERENCE_MAPPING_NOT_NUMERIC_ACCEPTANCE","tCO2/MWh_Link_input","false"
"Link:ID_Kalimantan4 4 urban central solid biomass CHP","urban central solid biomass CHP","SHARED_USE_PENDING","ID","","PENDING_SHARED_USE_ALLOCATION","true","Shared H2/CHP cannot be allocated by name or arbitrary ratio; original power scope requires accepted split","/home/jin/research/SGP_ESE5004_Stage2/pypsa-asean/results/baseline-aims-3H-tutorial/prenetworks/elec_s_50_ec_lv2.0__3h_2030_0.071_pre_adjusted.nc; current scripts/prepare_sector_network.py","REFERENCE_MAPPING_NOT_NUMERIC_ACCEPTANCE","tCO2/MWh_Link_input","false"
"Link:ID_Kalimantan4 5 urban central solid biomass CHP","urban central solid biomass CHP","SHARED_USE_PENDING","ID","","PENDING_SHARED_USE_ALLOCATION","true","Shared H2/CHP cannot be allocated by name or arbitrary ratio; original power scope requires accepted split","/home/jin/research/SGP_ESE5004_Stage2/pypsa-asean/results/baseline-aims-3H-tutorial/prenetworks/elec_s_50_ec_lv2.0__3h_2030_0.071_pre_adjusted.nc; current scripts/prepare_sector_network.py","REFERENCE_MAPPING_NOT_NUMERIC_ACCEPTANCE","tCO2/MWh_Link_input","false"
"Link:ID_Maluku16 0 urban central solid biomass CHP","urban central solid biomass CHP","SHARED_USE_PENDING","ID","","PENDING_SHARED_USE_ALLOCATION","true","Shared H2/CHP cannot be allocated by name or arbitrary ratio; original power scope requires accepted split","/home/jin/research/SGP_ESE5004_Stage2/pypsa-asean/results/baseline-aims-3H-tutorial/prenetworks/elec_s_50_ec_lv2.0__3h_2030_0.071_pre_adjusted.nc; current scripts/prepare_sector_network.py","REFERENCE_MAPPING_NOT_NUMERIC_ACCEPTANCE","tCO2/MWh_Link_input","false"
"Link:ID_Maluku17 0 urban central solid biomass CHP","urban central solid biomass CHP","SHARED_USE_PENDING","ID","","PENDING_SHARED_USE_ALLOCATION","true","Shared H2/CHP cannot be allocated by name or arbitrary ratio; original power scope requires accepted split","/home/jin/research/SGP_ESE5004_Stage2/pypsa-asean/results/baseline-aims-3H-tutorial/prenetworks/elec_s_50_ec_lv2.0__3h_2030_0.071_pre_adjusted.nc; current scripts/prepare_sector_network.py","REFERENCE_MAPPING_NOT_NUMERIC_ACCEPTANCE","tCO2/MWh_Link_input","false"
"Link:ID_Maluku8 0 urban central solid biomass CHP","urban central solid biomass CHP","SHARED_USE_PENDING","ID","","PENDING_SHARED_USE_ALLOCATION","true","Shared H2/CHP cannot be allocated by name or arbitrary ratio; original power scope requires accepted split","/home/jin/research/SGP_ESE5004_Stage2/pypsa-asean/results/baseline-aims-3H-tutorial/prenetworks/elec_s_50_ec_lv2.0__3h_2030_0.071_pre_adjusted.nc; current scripts/prepare_sector_network.py","REFERENCE_MAPPING_NOT_NUMERIC_ACCEPTANCE","tCO2/MWh_Link_input","false"
"Link:ID_Nusa-Tenggara12 0 urban central solid biomass CHP","urban central solid biomass CHP","SHARED_USE_PENDING","ID","","PENDING_SHARED_USE_ALLOCATION","true","Shared H2/CHP cannot be allocated by name or arbitrary ratio; original power scope requires accepted split","/home/jin/research/SGP_ESE5004_Stage2/pypsa-asean/results/baseline-aims-3H-tutorial/prenetworks/elec_s_50_ec_lv2.0__3h_2030_0.071_pre_adjusted.nc; current scripts/prepare_sector_network.py","REFERENCE_MAPPING_NOT_NUMERIC_ACCEPTANCE","tCO2/MWh_Link_input","false"
"Link:ID_Nusa-Tenggara13 0 urban central solid biomass CHP","urban central solid biomass CHP","SHARED_USE_PENDING","ID","","PENDING_SHARED_USE_ALLOCATION","true","Shared H2/CHP cannot be allocated by name or arbitrary ratio; original power scope requires accepted split","/home/jin/research/SGP_ESE5004_Stage2/pypsa-asean/results/baseline-aims-3H-tutorial/prenetworks/elec_s_50_ec_lv2.0__3h_2030_0.071_pre_adjusted.nc; current scripts/prepare_sector_network.py","REFERENCE_MAPPING_NOT_NUMERIC_ACCEPTANCE","tCO2/MWh_Link_input","false"
"Link:ID_Nusa-Tenggara14 0 urban central solid biomass CHP","urban central solid biomass CHP","SHARED_USE_PENDING","ID","","PENDING_SHARED_USE_ALLOCATION","true","Shared H2/CHP cannot be allocated by name or arbitrary ratio; original power scope requires accepted split","/home/jin/research/SGP_ESE5004_Stage2/pypsa-asean/results/baseline-aims-3H-tutorial/prenetworks/elec_s_50_ec_lv2.0__3h_2030_0.071_pre_adjusted.nc; current scripts/prepare_sector_network.py","REFERENCE_MAPPING_NOT_NUMERIC_ACCEPTANCE","tCO2/MWh_Link_input","false"
"Link:ID_Nusa-Tenggara15 0 urban central solid biomass CHP","urban central solid biomass CHP","SHARED_USE_PENDING","ID","","PENDING_SHARED_USE_ALLOCATION","true","Shared H2/CHP cannot be allocated by name or arbitrary ratio; original power scope requires accepted split","/home/jin/research/SGP_ESE5004_Stage2/pypsa-asean/results/baseline-aims-3H-tutorial/prenetworks/elec_s_50_ec_lv2.0__3h_2030_0.071_pre_adjusted.nc; current scripts/prepare_sector_network.py","REFERENCE_MAPPING_NOT_NUMERIC_ACCEPTANCE","tCO2/MWh_Link_input","false"
"Link:ID_Papua18 0 urban central solid biomass CHP","urban central solid biomass CHP","SHARED_USE_PENDING","ID","","PENDING_SHARED_USE_ALLOCATION","true","Shared H2/CHP cannot be allocated by name or arbitrary ratio; original power scope requires accepted split","/home/jin/research/SGP_ESE5004_Stage2/pypsa-asean/results/baseline-aims-3H-tutorial/prenetworks/elec_s_50_ec_lv2.0__3h_2030_0.071_pre_adjusted.nc; current scripts/prepare_sector_network.py","REFERENCE_MAPPING_NOT_NUMERIC_ACCEPTANCE","tCO2/MWh_Link_input","false"
"Link:ID_Papua19 0 urban central solid biomass CHP","urban central solid biomass CHP","SHARED_USE_PENDING","ID","","PENDING_SHARED_USE_ALLOCATION","true","Shared H2/CHP cannot be allocated by name or arbitrary ratio; original power scope requires accepted split","/home/jin/research/SGP_ESE5004_Stage2/pypsa-asean/results/baseline-aims-3H-tutorial/prenetworks/elec_s_50_ec_lv2.0__3h_2030_0.071_pre_adjusted.nc; current scripts/prepare_sector_network.py","REFERENCE_MAPPING_NOT_NUMERIC_ACCEPTANCE","tCO2/MWh_Link_input","false"
"Link:ID_Papua20 0 urban central solid biomass CHP","urban central solid biomass CHP","SHARED_USE_PENDING","ID","","PENDING_SHARED_USE_ALLOCATION","true","Shared H2/CHP cannot be allocated by name or arbitrary ratio; original power scope requires accepted split","/home/jin/research/SGP_ESE5004_Stage2/pypsa-asean/results/baseline-aims-3H-tutorial/prenetworks/elec_s_50_ec_lv2.0__3h_2030_0.071_pre_adjusted.nc; current scripts/prepare_sector_network.py","REFERENCE_MAPPING_NOT_NUMERIC_ACCEPTANCE","tCO2/MWh_Link_input","false"
"Link:ID_Sulawesi0 0 urban central solid biomass CHP","urban central solid biomass CHP","SHARED_USE_PENDING","ID","","PENDING_SHARED_USE_ALLOCATION","true","Shared H2/CHP cannot be allocated by name or arbitrary ratio; original power scope requires accepted split","/home/jin/research/SGP_ESE5004_Stage2/pypsa-asean/results/baseline-aims-3H-tutorial/prenetworks/elec_s_50_ec_lv2.0__3h_2030_0.071_pre_adjusted.nc; current scripts/prepare_sector_network.py","REFERENCE_MAPPING_NOT_NUMERIC_ACCEPTANCE","tCO2/MWh_Link_input","false"
"Link:ID_Sumatra2 0 urban central solid biomass CHP","urban central solid biomass CHP","SHARED_USE_PENDING","ID","","PENDING_SHARED_USE_ALLOCATION","true","Shared H2/CHP cannot be allocated by name or arbitrary ratio; original power scope requires accepted split","/home/jin/research/SGP_ESE5004_Stage2/pypsa-asean/results/baseline-aims-3H-tutorial/prenetworks/elec_s_50_ec_lv2.0__3h_2030_0.071_pre_adjusted.nc; current scripts/prepare_sector_network.py","REFERENCE_MAPPING_NOT_NUMERIC_ACCEPTANCE","tCO2/MWh_Link_input","false"
"Link:ID_Sumatra3 0 urban central solid biomass CHP","urban central solid biomass CHP","SHARED_USE_PENDING","ID","","PENDING_SHARED_USE_ALLOCATION","true","Shared H2/CHP cannot be allocated by name or arbitrary ratio; original power scope requires accepted split","/home/jin/research/SGP_ESE5004_Stage2/pypsa-asean/results/baseline-aims-3H-tutorial/prenetworks/elec_s_50_ec_lv2.0__3h_2030_0.071_pre_adjusted.nc; current scripts/prepare_sector_network.py","REFERENCE_MAPPING_NOT_NUMERIC_ACCEPTANCE","tCO2/MWh_Link_input","false"
"Link:ID_Sumatra3 1 urban central solid biomass CHP","urban central solid biomass CHP","SHARED_USE_PENDING","ID","","PENDING_SHARED_USE_ALLOCATION","true","Shared H2/CHP cannot be allocated by name or arbitrary ratio; original power scope requires accepted split","/home/jin/research/SGP_ESE5004_Stage2/pypsa-asean/results/baseline-aims-3H-tutorial/prenetworks/elec_s_50_ec_lv2.0__3h_2030_0.071_pre_adjusted.nc; current scripts/prepare_sector_network.py","REFERENCE_MAPPING_NOT_NUMERIC_ACCEPTANCE","tCO2/MWh_Link_input","false"
"Link:KH2 0 urban central solid biomass CHP","urban central solid biomass CHP","SHARED_USE_PENDING","KH","","PENDING_SHARED_USE_ALLOCATION","true","Shared H2/CHP cannot be allocated by name or arbitrary ratio; original power scope requires accepted split","/home/jin/research/SGP_ESE5004_Stage2/pypsa-asean/results/baseline-aims-3H-tutorial/prenetworks/elec_s_50_ec_lv2.0__3h_2030_0.071_pre_adjusted.nc; current scripts/prepare_sector_network.py","REFERENCE_MAPPING_NOT_NUMERIC_ACCEPTANCE","tCO2/MWh_Link_input","false"
"Link:LA2 0 urban central solid biomass CHP","urban central solid biomass CHP","SHARED_USE_PENDING","LA","","PENDING_SHARED_USE_ALLOCATION","true","Shared H2/CHP cannot be allocated by name or arbitrary ratio; original power scope requires accepted split","/home/jin/research/SGP_ESE5004_Stage2/pypsa-asean/results/baseline-aims-3H-tutorial/prenetworks/elec_s_50_ec_lv2.0__3h_2030_0.071_pre_adjusted.nc; current scripts/prepare_sector_network.py","REFERENCE_MAPPING_NOT_NUMERIC_ACCEPTANCE","tCO2/MWh_Link_input","false"
"Link:LA2 1 urban central solid biomass CHP","urban central solid biomass CHP","SHARED_USE_PENDING","LA","","PENDING_SHARED_USE_ALLOCATION","true","Shared H2/CHP cannot be allocated by name or arbitrary ratio; original power scope requires accepted split","/home/jin/research/SGP_ESE5004_Stage2/pypsa-asean/results/baseline-aims-3H-tutorial/prenetworks/elec_s_50_ec_lv2.0__3h_2030_0.071_pre_adjusted.nc; current scripts/prepare_sector_network.py","REFERENCE_MAPPING_NOT_NUMERIC_ACCEPTANCE","tCO2/MWh_Link_input","false"
"Link:MM2 0 urban central solid biomass CHP","urban central solid biomass CHP","SHARED_USE_PENDING","MM","","PENDING_SHARED_USE_ALLOCATION","true","Shared H2/CHP cannot be allocated by name or arbitrary ratio; original power scope requires accepted split","/home/jin/research/SGP_ESE5004_Stage2/pypsa-asean/results/baseline-aims-3H-tutorial/prenetworks/elec_s_50_ec_lv2.0__3h_2030_0.071_pre_adjusted.nc; current scripts/prepare_sector_network.py","REFERENCE_MAPPING_NOT_NUMERIC_ACCEPTANCE","tCO2/MWh_Link_input","false"
"Link:MM2 1 urban central solid biomass CHP","urban central solid biomass CHP","SHARED_USE_PENDING","MM","","PENDING_SHARED_USE_ALLOCATION","true","Shared H2/CHP cannot be allocated by name or arbitrary ratio; original power scope requires accepted split","/home/jin/research/SGP_ESE5004_Stage2/pypsa-asean/results/baseline-aims-3H-tutorial/prenetworks/elec_s_50_ec_lv2.0__3h_2030_0.071_pre_adjusted.nc; current scripts/prepare_sector_network.py","REFERENCE_MAPPING_NOT_NUMERIC_ACCEPTANCE","tCO2/MWh_Link_input","false"
"Link:MM2 2 urban central solid biomass CHP","urban central solid biomass CHP","SHARED_USE_PENDING","MM","","PENDING_SHARED_USE_ALLOCATION","true","Shared H2/CHP cannot be allocated by name or arbitrary ratio; original power scope requires accepted split","/home/jin/research/SGP_ESE5004_Stage2/pypsa-asean/results/baseline-aims-3H-tutorial/prenetworks/elec_s_50_ec_lv2.0__3h_2030_0.071_pre_adjusted.nc; current scripts/prepare_sector_network.py","REFERENCE_MAPPING_NOT_NUMERIC_ACCEPTANCE","tCO2/MWh_Link_input","false"
"Link:MM2 3 urban central solid biomass CHP","urban central solid biomass CHP","SHARED_USE_PENDING","MM","","PENDING_SHARED_USE_ALLOCATION","true","Shared H2/CHP cannot be allocated by name or arbitrary ratio; original power scope requires accepted split","/home/jin/research/SGP_ESE5004_Stage2/pypsa-asean/results/baseline-aims-3H-tutorial/prenetworks/elec_s_50_ec_lv2.0__3h_2030_0.071_pre_adjusted.nc; current scripts/prepare_sector_network.py","REFERENCE_MAPPING_NOT_NUMERIC_ACCEPTANCE","tCO2/MWh_Link_input","false"
"Link:MM2 4 urban central solid biomass CHP","urban central solid biomass CHP","SHARED_USE_PENDING","MM","","PENDING_SHARED_USE_ALLOCATION","true","Shared H2/CHP cannot be allocated by name or arbitrary ratio; original power scope requires accepted split","/home/jin/research/SGP_ESE5004_Stage2/pypsa-asean/results/baseline-aims-3H-tutorial/prenetworks/elec_s_50_ec_lv2.0__3h_2030_0.071_pre_adjusted.nc; current scripts/prepare_sector_network.py","REFERENCE_MAPPING_NOT_NUMERIC_ACCEPTANCE","tCO2/MWh_Link_input","false"
"Link:MM2 5 urban central solid biomass CHP","urban central solid biomass CHP","SHARED_USE_PENDING","MM","","PENDING_SHARED_USE_ALLOCATION","true","Shared H2/CHP cannot be allocated by name or arbitrary ratio; original power scope requires accepted split","/home/jin/research/SGP_ESE5004_Stage2/pypsa-asean/results/baseline-aims-3H-tutorial/prenetworks/elec_s_50_ec_lv2.0__3h_2030_0.071_pre_adjusted.nc; current scripts/prepare_sector_network.py","REFERENCE_MAPPING_NOT_NUMERIC_ACCEPTANCE","tCO2/MWh_Link_input","false"
"Link:MM2 6 urban central solid biomass CHP","urban central solid biomass CHP","SHARED_USE_PENDING","MM","","PENDING_SHARED_USE_ALLOCATION","true","Shared H2/CHP cannot be allocated by name or arbitrary ratio; original power scope requires accepted split","/home/jin/research/SGP_ESE5004_Stage2/pypsa-asean/results/baseline-aims-3H-tutorial/prenetworks/elec_s_50_ec_lv2.0__3h_2030_0.071_pre_adjusted.nc; current scripts/prepare_sector_network.py","REFERENCE_MAPPING_NOT_NUMERIC_ACCEPTANCE","tCO2/MWh_Link_input","false"
"Link:MY_Peninsular2 0 urban central solid biomass CHP","urban central solid biomass CHP","SHARED_USE_PENDING","MY","","PENDING_SHARED_USE_ALLOCATION","true","Shared H2/CHP cannot be allocated by name or arbitrary ratio; original power scope requires accepted split","/home/jin/research/SGP_ESE5004_Stage2/pypsa-asean/results/baseline-aims-3H-tutorial/prenetworks/elec_s_50_ec_lv2.0__3h_2030_0.071_pre_adjusted.nc; current scripts/prepare_sector_network.py","REFERENCE_MAPPING_NOT_NUMERIC_ACCEPTANCE","tCO2/MWh_Link_input","false"
"Link:MY_Sabah4 0 urban central solid biomass CHP","urban central solid biomass CHP","SHARED_USE_PENDING","MY","","PENDING_SHARED_USE_ALLOCATION","true","Shared H2/CHP cannot be allocated by name or arbitrary ratio; original power scope requires accepted split","/home/jin/research/SGP_ESE5004_Stage2/pypsa-asean/results/baseline-aims-3H-tutorial/prenetworks/elec_s_50_ec_lv2.0__3h_2030_0.071_pre_adjusted.nc; current scripts/prepare_sector_network.py","REFERENCE_MAPPING_NOT_NUMERIC_ACCEPTANCE","tCO2/MWh_Link_input","false"
"Link:MY_Sarawak4 0 urban central solid biomass CHP","urban central solid biomass CHP","SHARED_USE_PENDING","MY","","PENDING_SHARED_USE_ALLOCATION","true","Shared H2/CHP cannot be allocated by name or arbitrary ratio; original power scope requires accepted split","/home/jin/research/SGP_ESE5004_Stage2/pypsa-asean/results/baseline-aims-3H-tutorial/prenetworks/elec_s_50_ec_lv2.0__3h_2030_0.071_pre_adjusted.nc; current scripts/prepare_sector_network.py","REFERENCE_MAPPING_NOT_NUMERIC_ACCEPTANCE","tCO2/MWh_Link_input","false"
"Link:PH5 0 urban central solid biomass CHP","urban central solid biomass CHP","SHARED_USE_PENDING","PH","","PENDING_SHARED_USE_ALLOCATION","true","Shared H2/CHP cannot be allocated by name or arbitrary ratio; original power scope requires accepted split","/home/jin/research/SGP_ESE5004_Stage2/pypsa-asean/results/baseline-aims-3H-tutorial/prenetworks/elec_s_50_ec_lv2.0__3h_2030_0.071_pre_adjusted.nc; current scripts/prepare_sector_network.py","REFERENCE_MAPPING_NOT_NUMERIC_ACCEPTANCE","tCO2/MWh_Link_input","false"
"Link:PH_Luzon5 0 urban central solid biomass CHP","urban central solid biomass CHP","SHARED_USE_PENDING","PH","","PENDING_SHARED_USE_ALLOCATION","true","Shared H2/CHP cannot be allocated by name or arbitrary ratio; original power scope requires accepted split","/home/jin/research/SGP_ESE5004_Stage2/pypsa-asean/results/baseline-aims-3H-tutorial/prenetworks/elec_s_50_ec_lv2.0__3h_2030_0.071_pre_adjusted.nc; current scripts/prepare_sector_network.py","REFERENCE_MAPPING_NOT_NUMERIC_ACCEPTANCE","tCO2/MWh_Link_input","false"
"Link:PH_Luzon9 0 urban central solid biomass CHP","urban central solid biomass CHP","SHARED_USE_PENDING","PH","","PENDING_SHARED_USE_ALLOCATION","true","Shared H2/CHP cannot be allocated by name or arbitrary ratio; original power scope requires accepted split","/home/jin/research/SGP_ESE5004_Stage2/pypsa-asean/results/baseline-aims-3H-tutorial/prenetworks/elec_s_50_ec_lv2.0__3h_2030_0.071_pre_adjusted.nc; current scripts/prepare_sector_network.py","REFERENCE_MAPPING_NOT_NUMERIC_ACCEPTANCE","tCO2/MWh_Link_input","false"
"Link:PH_Mindanao6 0 urban central solid biomass CHP","urban central solid biomass CHP","SHARED_USE_PENDING","PH","","PENDING_SHARED_USE_ALLOCATION","true","Shared H2/CHP cannot be allocated by name or arbitrary ratio; original power scope requires accepted split","/home/jin/research/SGP_ESE5004_Stage2/pypsa-asean/results/baseline-aims-3H-tutorial/prenetworks/elec_s_50_ec_lv2.0__3h_2030_0.071_pre_adjusted.nc; current scripts/prepare_sector_network.py","REFERENCE_MAPPING_NOT_NUMERIC_ACCEPTANCE","tCO2/MWh_Link_input","false"
"Link:PH_Visayas10 0 urban central solid biomass CHP","urban central solid biomass CHP","SHARED_USE_PENDING","PH","","PENDING_SHARED_USE_ALLOCATION","true","Shared H2/CHP cannot be allocated by name or arbitrary ratio; original power scope requires accepted split","/home/jin/research/SGP_ESE5004_Stage2/pypsa-asean/results/baseline-aims-3H-tutorial/prenetworks/elec_s_50_ec_lv2.0__3h_2030_0.071_pre_adjusted.nc; current scripts/prepare_sector_network.py","REFERENCE_MAPPING_NOT_NUMERIC_ACCEPTANCE","tCO2/MWh_Link_input","false"
"Link:PH_Visayas7 0 urban central solid biomass CHP","urban central solid biomass CHP","SHARED_USE_PENDING","PH","","PENDING_SHARED_USE_ALLOCATION","true","Shared H2/CHP cannot be allocated by name or arbitrary ratio; original power scope requires accepted split","/home/jin/research/SGP_ESE5004_Stage2/pypsa-asean/results/baseline-aims-3H-tutorial/prenetworks/elec_s_50_ec_lv2.0__3h_2030_0.071_pre_adjusted.nc; current scripts/prepare_sector_network.py","REFERENCE_MAPPING_NOT_NUMERIC_ACCEPTANCE","tCO2/MWh_Link_input","false"
"Link:SG2 0 urban central solid biomass CHP","urban central solid biomass CHP","SHARED_USE_PENDING","SG","","PENDING_SHARED_USE_ALLOCATION","true","Shared H2/CHP cannot be allocated by name or arbitrary ratio; original power scope requires accepted split","/home/jin/research/SGP_ESE5004_Stage2/pypsa-asean/results/baseline-aims-3H-tutorial/prenetworks/elec_s_50_ec_lv2.0__3h_2030_0.071_pre_adjusted.nc; current scripts/prepare_sector_network.py","REFERENCE_MAPPING_NOT_NUMERIC_ACCEPTANCE","tCO2/MWh_Link_input","false"
"Link:TH2 0 urban central solid biomass CHP","urban central solid biomass CHP","SHARED_USE_PENDING","TH","","PENDING_SHARED_USE_ALLOCATION","true","Shared H2/CHP cannot be allocated by name or arbitrary ratio; original power scope requires accepted split","/home/jin/research/SGP_ESE5004_Stage2/pypsa-asean/results/baseline-aims-3H-tutorial/prenetworks/elec_s_50_ec_lv2.0__3h_2030_0.071_pre_adjusted.nc; current scripts/prepare_sector_network.py","REFERENCE_MAPPING_NOT_NUMERIC_ACCEPTANCE","tCO2/MWh_Link_input","false"
"Link:TH2 1 urban central solid biomass CHP","urban central solid biomass CHP","SHARED_USE_PENDING","TH","","PENDING_SHARED_USE_ALLOCATION","true","Shared H2/CHP cannot be allocated by name or arbitrary ratio; original power scope requires accepted split","/home/jin/research/SGP_ESE5004_Stage2/pypsa-asean/results/baseline-aims-3H-tutorial/prenetworks/elec_s_50_ec_lv2.0__3h_2030_0.071_pre_adjusted.nc; current scripts/prepare_sector_network.py","REFERENCE_MAPPING_NOT_NUMERIC_ACCEPTANCE","tCO2/MWh_Link_input","false"
"Link:TL11 0 urban central solid biomass CHP","urban central solid biomass CHP","SHARED_USE_PENDING","TL","","PENDING_SHARED_USE_ALLOCATION","true","Shared H2/CHP cannot be allocated by name or arbitrary ratio; original power scope requires accepted split","/home/jin/research/SGP_ESE5004_Stage2/pypsa-asean/results/baseline-aims-3H-tutorial/prenetworks/elec_s_50_ec_lv2.0__3h_2030_0.071_pre_adjusted.nc; current scripts/prepare_sector_network.py","REFERENCE_MAPPING_NOT_NUMERIC_ACCEPTANCE","tCO2/MWh_Link_input","false"
"Link:VN2 0 urban central solid biomass CHP","urban central solid biomass CHP","SHARED_USE_PENDING","VN","","PENDING_SHARED_USE_ALLOCATION","true","Shared H2/CHP cannot be allocated by name or arbitrary ratio; original power scope requires accepted split","/home/jin/research/SGP_ESE5004_Stage2/pypsa-asean/results/baseline-aims-3H-tutorial/prenetworks/elec_s_50_ec_lv2.0__3h_2030_0.071_pre_adjusted.nc; current scripts/prepare_sector_network.py","REFERENCE_MAPPING_NOT_NUMERIC_ACCEPTANCE","tCO2/MWh_Link_input","false"
"Link:VN2 1 urban central solid biomass CHP","urban central solid biomass CHP","SHARED_USE_PENDING","VN","","PENDING_SHARED_USE_ALLOCATION","true","Shared H2/CHP cannot be allocated by name or arbitrary ratio; original power scope requires accepted split","/home/jin/research/SGP_ESE5004_Stage2/pypsa-asean/results/baseline-aims-3H-tutorial/prenetworks/elec_s_50_ec_lv2.0__3h_2030_0.071_pre_adjusted.nc; current scripts/prepare_sector_network.py","REFERENCE_MAPPING_NOT_NUMERIC_ACCEPTANCE","tCO2/MWh_Link_input","false"
"Link:VN2 2 urban central solid biomass CHP","urban central solid biomass CHP","SHARED_USE_PENDING","VN","","PENDING_SHARED_USE_ALLOCATION","true","Shared H2/CHP cannot be allocated by name or arbitrary ratio; original power scope requires accepted split","/home/jin/research/SGP_ESE5004_Stage2/pypsa-asean/results/baseline-aims-3H-tutorial/prenetworks/elec_s_50_ec_lv2.0__3h_2030_0.071_pre_adjusted.nc; current scripts/prepare_sector_network.py","REFERENCE_MAPPING_NOT_NUMERIC_ACCEPTANCE","tCO2/MWh_Link_input","false"
"Link:BN4 0 urban central solid biomass CHP CC","urban central solid biomass CHP CC","SHARED_USE_PENDING","BN","-0.33003000000000005","PENDING_SHARED_USE_ALLOCATION","true","Shared H2/CHP cannot be allocated by name or arbitrary ratio; original power scope requires accepted split","/home/jin/research/SGP_ESE5004_Stage2/pypsa-asean/results/baseline-aims-3H-tutorial/prenetworks/elec_s_50_ec_lv2.0__3h_2030_0.071_pre_adjusted.nc; current scripts/prepare_sector_network.py","REFERENCE_MAPPING_NOT_NUMERIC_ACCEPTANCE","tCO2/MWh_Link_input","false"
"Link:ID_Java-Bali1 0 urban central solid biomass CHP CC","urban central solid biomass CHP CC","SHARED_USE_PENDING","ID","-0.33003000000000005","PENDING_SHARED_USE_ALLOCATION","true","Shared H2/CHP cannot be allocated by name or arbitrary ratio; original power scope requires accepted split","/home/jin/research/SGP_ESE5004_Stage2/pypsa-asean/results/baseline-aims-3H-tutorial/prenetworks/elec_s_50_ec_lv2.0__3h_2030_0.071_pre_adjusted.nc; current scripts/prepare_sector_network.py","REFERENCE_MAPPING_NOT_NUMERIC_ACCEPTANCE","tCO2/MWh_Link_input","false"
"Link:ID_Kalimantan4 0 urban central solid biomass CHP CC","urban central solid biomass CHP CC","SHARED_USE_PENDING","ID","-0.33003000000000005","PENDING_SHARED_USE_ALLOCATION","true","Shared H2/CHP cannot be allocated by name or arbitrary ratio; original power scope requires accepted split","/home/jin/research/SGP_ESE5004_Stage2/pypsa-asean/results/baseline-aims-3H-tutorial/prenetworks/elec_s_50_ec_lv2.0__3h_2030_0.071_pre_adjusted.nc; current scripts/prepare_sector_network.py","REFERENCE_MAPPING_NOT_NUMERIC_ACCEPTANCE","tCO2/MWh_Link_input","false"
"Link:ID_Kalimantan4 1 urban central solid biomass CHP CC","urban central solid biomass CHP CC","SHARED_USE_PENDING","ID","-0.33003000000000005","PENDING_SHARED_USE_ALLOCATION","true","Shared H2/CHP cannot be allocated by name or arbitrary ratio; original power scope requires accepted split","/home/jin/research/SGP_ESE5004_Stage2/pypsa-asean/results/baseline-aims-3H-tutorial/prenetworks/elec_s_50_ec_lv2.0__3h_2030_0.071_pre_adjusted.nc; current scripts/prepare_sector_network.py","REFERENCE_MAPPING_NOT_NUMERIC_ACCEPTANCE","tCO2/MWh_Link_input","false"
"Link:ID_Kalimantan4 2 urban central solid biomass CHP CC","urban central solid biomass CHP CC","SHARED_USE_PENDING","ID","-0.33003000000000005","PENDING_SHARED_USE_ALLOCATION","true","Shared H2/CHP cannot be allocated by name or arbitrary ratio; original power scope requires accepted split","/home/jin/research/SGP_ESE5004_Stage2/pypsa-asean/results/baseline-aims-3H-tutorial/prenetworks/elec_s_50_ec_lv2.0__3h_2030_0.071_pre_adjusted.nc; current scripts/prepare_sector_network.py","REFERENCE_MAPPING_NOT_NUMERIC_ACCEPTANCE","tCO2/MWh_Link_input","false"
"Link:ID_Kalimantan4 3 urban central solid biomass CHP CC","urban central solid biomass CHP CC","SHARED_USE_PENDING","ID","-0.33003000000000005","PENDING_SHARED_USE_ALLOCATION","true","Shared H2/CHP cannot be allocated by name or arbitrary ratio; original power scope requires accepted split","/home/jin/research/SGP_ESE5004_Stage2/pypsa-asean/results/baseline-aims-3H-tutorial/prenetworks/elec_s_50_ec_lv2.0__3h_2030_0.071_pre_adjusted.nc; current scripts/prepare_sector_network.py","REFERENCE_MAPPING_NOT_NUMERIC_ACCEPTANCE","tCO2/MWh_Link_input","false"
"Link:ID_Kalimantan4 4 urban central solid biomass CHP CC","urban central solid biomass CHP CC","SHARED_USE_PENDING","ID","-0.33003000000000005","PENDING_SHARED_USE_ALLOCATION","true","Shared H2/CHP cannot be allocated by name or arbitrary ratio; original power scope requires accepted split","/home/jin/research/SGP_ESE5004_Stage2/pypsa-asean/results/baseline-aims-3H-tutorial/prenetworks/elec_s_50_ec_lv2.0__3h_2030_0.071_pre_adjusted.nc; current scripts/prepare_sector_network.py","REFERENCE_MAPPING_NOT_NUMERIC_ACCEPTANCE","tCO2/MWh_Link_input","false"
"Link:ID_Kalimantan4 5 urban central solid biomass CHP CC","urban central solid biomass CHP CC","SHARED_USE_PENDING","ID","-0.33003000000000005","PENDING_SHARED_USE_ALLOCATION","true","Shared H2/CHP cannot be allocated by name or arbitrary ratio; original power scope requires accepted split","/home/jin/research/SGP_ESE5004_Stage2/pypsa-asean/results/baseline-aims-3H-tutorial/prenetworks/elec_s_50_ec_lv2.0__3h_2030_0.071_pre_adjusted.nc; current scripts/prepare_sector_network.py","REFERENCE_MAPPING_NOT_NUMERIC_ACCEPTANCE","tCO2/MWh_Link_input","false"
"Link:ID_Maluku16 0 urban central solid biomass CHP CC","urban central solid biomass CHP CC","SHARED_USE_PENDING","ID","-0.33003000000000005","PENDING_SHARED_USE_ALLOCATION","true","Shared H2/CHP cannot be allocated by name or arbitrary ratio; original power scope requires accepted split","/home/jin/research/SGP_ESE5004_Stage2/pypsa-asean/results/baseline-aims-3H-tutorial/prenetworks/elec_s_50_ec_lv2.0__3h_2030_0.071_pre_adjusted.nc; current scripts/prepare_sector_network.py","REFERENCE_MAPPING_NOT_NUMERIC_ACCEPTANCE","tCO2/MWh_Link_input","false"
"Link:ID_Maluku17 0 urban central solid biomass CHP CC","urban central solid biomass CHP CC","SHARED_USE_PENDING","ID","-0.33003000000000005","PENDING_SHARED_USE_ALLOCATION","true","Shared H2/CHP cannot be allocated by name or arbitrary ratio; original power scope requires accepted split","/home/jin/research/SGP_ESE5004_Stage2/pypsa-asean/results/baseline-aims-3H-tutorial/prenetworks/elec_s_50_ec_lv2.0__3h_2030_0.071_pre_adjusted.nc; current scripts/prepare_sector_network.py","REFERENCE_MAPPING_NOT_NUMERIC_ACCEPTANCE","tCO2/MWh_Link_input","false"
"Link:ID_Maluku8 0 urban central solid biomass CHP CC","urban central solid biomass CHP CC","SHARED_USE_PENDING","ID","-0.33003000000000005","PENDING_SHARED_USE_ALLOCATION","true","Shared H2/CHP cannot be allocated by name or arbitrary ratio; original power scope requires accepted split","/home/jin/research/SGP_ESE5004_Stage2/pypsa-asean/results/baseline-aims-3H-tutorial/prenetworks/elec_s_50_ec_lv2.0__3h_2030_0.071_pre_adjusted.nc; current scripts/prepare_sector_network.py","REFERENCE_MAPPING_NOT_NUMERIC_ACCEPTANCE","tCO2/MWh_Link_input","false"
"Link:ID_Nusa-Tenggara12 0 urban central solid biomass CHP CC","urban central solid biomass CHP CC","SHARED_USE_PENDING","ID","-0.33003000000000005","PENDING_SHARED_USE_ALLOCATION","true","Shared H2/CHP cannot be allocated by name or arbitrary ratio; original power scope requires accepted split","/home/jin/research/SGP_ESE5004_Stage2/pypsa-asean/results/baseline-aims-3H-tutorial/prenetworks/elec_s_50_ec_lv2.0__3h_2030_0.071_pre_adjusted.nc; current scripts/prepare_sector_network.py","REFERENCE_MAPPING_NOT_NUMERIC_ACCEPTANCE","tCO2/MWh_Link_input","false"
"Link:ID_Nusa-Tenggara13 0 urban central solid biomass CHP CC","urban central solid biomass CHP CC","SHARED_USE_PENDING","ID","-0.33003000000000005","PENDING_SHARED_USE_ALLOCATION","true","Shared H2/CHP cannot be allocated by name or arbitrary ratio; original power scope requires accepted split","/home/jin/research/SGP_ESE5004_Stage2/pypsa-asean/results/baseline-aims-3H-tutorial/prenetworks/elec_s_50_ec_lv2.0__3h_2030_0.071_pre_adjusted.nc; current scripts/prepare_sector_network.py","REFERENCE_MAPPING_NOT_NUMERIC_ACCEPTANCE","tCO2/MWh_Link_input","false"
"Link:ID_Nusa-Tenggara14 0 urban central solid biomass CHP CC","urban central solid biomass CHP CC","SHARED_USE_PENDING","ID","-0.33003000000000005","PENDING_SHARED_USE_ALLOCATION","true","Shared H2/CHP cannot be allocated by name or arbitrary ratio; original power scope requires accepted split","/home/jin/research/SGP_ESE5004_Stage2/pypsa-asean/results/baseline-aims-3H-tutorial/prenetworks/elec_s_50_ec_lv2.0__3h_2030_0.071_pre_adjusted.nc; current scripts/prepare_sector_network.py","REFERENCE_MAPPING_NOT_NUMERIC_ACCEPTANCE","tCO2/MWh_Link_input","false"
"Link:ID_Nusa-Tenggara15 0 urban central solid biomass CHP CC","urban central solid biomass CHP CC","SHARED_USE_PENDING","ID","-0.33003000000000005","PENDING_SHARED_USE_ALLOCATION","true","Shared H2/CHP cannot be allocated by name or arbitrary ratio; original power scope requires accepted split","/home/jin/research/SGP_ESE5004_Stage2/pypsa-asean/results/baseline-aims-3H-tutorial/prenetworks/elec_s_50_ec_lv2.0__3h_2030_0.071_pre_adjusted.nc; current scripts/prepare_sector_network.py","REFERENCE_MAPPING_NOT_NUMERIC_ACCEPTANCE","tCO2/MWh_Link_input","false"
"Link:ID_Papua18 0 urban central solid biomass CHP CC","urban central solid biomass CHP CC","SHARED_USE_PENDING","ID","-0.33003000000000005","PENDING_SHARED_USE_ALLOCATION","true","Shared H2/CHP cannot be allocated by name or arbitrary ratio; original power scope requires accepted split","/home/jin/research/SGP_ESE5004_Stage2/pypsa-asean/results/baseline-aims-3H-tutorial/prenetworks/elec_s_50_ec_lv2.0__3h_2030_0.071_pre_adjusted.nc; current scripts/prepare_sector_network.py","REFERENCE_MAPPING_NOT_NUMERIC_ACCEPTANCE","tCO2/MWh_Link_input","false"
"Link:ID_Papua19 0 urban central solid biomass CHP CC","urban central solid biomass CHP CC","SHARED_USE_PENDING","ID","-0.33003000000000005","PENDING_SHARED_USE_ALLOCATION","true","Shared H2/CHP cannot be allocated by name or arbitrary ratio; original power scope requires accepted split","/home/jin/research/SGP_ESE5004_Stage2/pypsa-asean/results/baseline-aims-3H-tutorial/prenetworks/elec_s_50_ec_lv2.0__3h_2030_0.071_pre_adjusted.nc; current scripts/prepare_sector_network.py","REFERENCE_MAPPING_NOT_NUMERIC_ACCEPTANCE","tCO2/MWh_Link_input","false"
"Link:ID_Papua20 0 urban central solid biomass CHP CC","urban central solid biomass CHP CC","SHARED_USE_PENDING","ID","-0.33003000000000005","PENDING_SHARED_USE_ALLOCATION","true","Shared H2/CHP cannot be allocated by name or arbitrary ratio; original power scope requires accepted split","/home/jin/research/SGP_ESE5004_Stage2/pypsa-asean/results/baseline-aims-3H-tutorial/prenetworks/elec_s_50_ec_lv2.0__3h_2030_0.071_pre_adjusted.nc; current scripts/prepare_sector_network.py","REFERENCE_MAPPING_NOT_NUMERIC_ACCEPTANCE","tCO2/MWh_Link_input","false"
"Link:ID_Sulawesi0 0 urban central solid biomass CHP CC","urban central solid biomass CHP CC","SHARED_USE_PENDING","ID","-0.33003000000000005","PENDING_SHARED_USE_ALLOCATION","true","Shared H2/CHP cannot be allocated by name or arbitrary ratio; original power scope requires accepted split","/home/jin/research/SGP_ESE5004_Stage2/pypsa-asean/results/baseline-aims-3H-tutorial/prenetworks/elec_s_50_ec_lv2.0__3h_2030_0.071_pre_adjusted.nc; current scripts/prepare_sector_network.py","REFERENCE_MAPPING_NOT_NUMERIC_ACCEPTANCE","tCO2/MWh_Link_input","false"
"Link:ID_Sumatra2 0 urban central solid biomass CHP CC","urban central solid biomass CHP CC","SHARED_USE_PENDING","ID","-0.33003000000000005","PENDING_SHARED_USE_ALLOCATION","true","Shared H2/CHP cannot be allocated by name or arbitrary ratio; original power scope requires accepted split","/home/jin/research/SGP_ESE5004_Stage2/pypsa-asean/results/baseline-aims-3H-tutorial/prenetworks/elec_s_50_ec_lv2.0__3h_2030_0.071_pre_adjusted.nc; current scripts/prepare_sector_network.py","REFERENCE_MAPPING_NOT_NUMERIC_ACCEPTANCE","tCO2/MWh_Link_input","false"
"Link:ID_Sumatra3 0 urban central solid biomass CHP CC","urban central solid biomass CHP CC","SHARED_USE_PENDING","ID","-0.33003000000000005","PENDING_SHARED_USE_ALLOCATION","true","Shared H2/CHP cannot be allocated by name or arbitrary ratio; original power scope requires accepted split","/home/jin/research/SGP_ESE5004_Stage2/pypsa-asean/results/baseline-aims-3H-tutorial/prenetworks/elec_s_50_ec_lv2.0__3h_2030_0.071_pre_adjusted.nc; current scripts/prepare_sector_network.py","REFERENCE_MAPPING_NOT_NUMERIC_ACCEPTANCE","tCO2/MWh_Link_input","false"
"Link:ID_Sumatra3 1 urban central solid biomass CHP CC","urban central solid biomass CHP CC","SHARED_USE_PENDING","ID","-0.33003000000000005","PENDING_SHARED_USE_ALLOCATION","true","Shared H2/CHP cannot be allocated by name or arbitrary ratio; original power scope requires accepted split","/home/jin/research/SGP_ESE5004_Stage2/pypsa-asean/results/baseline-aims-3H-tutorial/prenetworks/elec_s_50_ec_lv2.0__3h_2030_0.071_pre_adjusted.nc; current scripts/prepare_sector_network.py","REFERENCE_MAPPING_NOT_NUMERIC_ACCEPTANCE","tCO2/MWh_Link_input","false"
"Link:KH2 0 urban central solid biomass CHP CC","urban central solid biomass CHP CC","SHARED_USE_PENDING","KH","-0.33003000000000005","PENDING_SHARED_USE_ALLOCATION","true","Shared H2/CHP cannot be allocated by name or arbitrary ratio; original power scope requires accepted split","/home/jin/research/SGP_ESE5004_Stage2/pypsa-asean/results/baseline-aims-3H-tutorial/prenetworks/elec_s_50_ec_lv2.0__3h_2030_0.071_pre_adjusted.nc; current scripts/prepare_sector_network.py","REFERENCE_MAPPING_NOT_NUMERIC_ACCEPTANCE","tCO2/MWh_Link_input","false"
"Link:LA2 0 urban central solid biomass CHP CC","urban central solid biomass CHP CC","SHARED_USE_PENDING","LA","-0.33003000000000005","PENDING_SHARED_USE_ALLOCATION","true","Shared H2/CHP cannot be allocated by name or arbitrary ratio; original power scope requires accepted split","/home/jin/research/SGP_ESE5004_Stage2/pypsa-asean/results/baseline-aims-3H-tutorial/prenetworks/elec_s_50_ec_lv2.0__3h_2030_0.071_pre_adjusted.nc; current scripts/prepare_sector_network.py","REFERENCE_MAPPING_NOT_NUMERIC_ACCEPTANCE","tCO2/MWh_Link_input","false"
"Link:LA2 1 urban central solid biomass CHP CC","urban central solid biomass CHP CC","SHARED_USE_PENDING","LA","-0.33003000000000005","PENDING_SHARED_USE_ALLOCATION","true","Shared H2/CHP cannot be allocated by name or arbitrary ratio; original power scope requires accepted split","/home/jin/research/SGP_ESE5004_Stage2/pypsa-asean/results/baseline-aims-3H-tutorial/prenetworks/elec_s_50_ec_lv2.0__3h_2030_0.071_pre_adjusted.nc; current scripts/prepare_sector_network.py","REFERENCE_MAPPING_NOT_NUMERIC_ACCEPTANCE","tCO2/MWh_Link_input","false"
"Link:MM2 0 urban central solid biomass CHP CC","urban central solid biomass CHP CC","SHARED_USE_PENDING","MM","-0.33003000000000005","PENDING_SHARED_USE_ALLOCATION","true","Shared H2/CHP cannot be allocated by name or arbitrary ratio; original power scope requires accepted split","/home/jin/research/SGP_ESE5004_Stage2/pypsa-asean/results/baseline-aims-3H-tutorial/prenetworks/elec_s_50_ec_lv2.0__3h_2030_0.071_pre_adjusted.nc; current scripts/prepare_sector_network.py","REFERENCE_MAPPING_NOT_NUMERIC_ACCEPTANCE","tCO2/MWh_Link_input","false"
"Link:MM2 1 urban central solid biomass CHP CC","urban central solid biomass CHP CC","SHARED_USE_PENDING","MM","-0.33003000000000005","PENDING_SHARED_USE_ALLOCATION","true","Shared H2/CHP cannot be allocated by name or arbitrary ratio; original power scope requires accepted split","/home/jin/research/SGP_ESE5004_Stage2/pypsa-asean/results/baseline-aims-3H-tutorial/prenetworks/elec_s_50_ec_lv2.0__3h_2030_0.071_pre_adjusted.nc; current scripts/prepare_sector_network.py","REFERENCE_MAPPING_NOT_NUMERIC_ACCEPTANCE","tCO2/MWh_Link_input","false"
"Link:MM2 2 urban central solid biomass CHP CC","urban central solid biomass CHP CC","SHARED_USE_PENDING","MM","-0.33003000000000005","PENDING_SHARED_USE_ALLOCATION","true","Shared H2/CHP cannot be allocated by name or arbitrary ratio; original power scope requires accepted split","/home/jin/research/SGP_ESE5004_Stage2/pypsa-asean/results/baseline-aims-3H-tutorial/prenetworks/elec_s_50_ec_lv2.0__3h_2030_0.071_pre_adjusted.nc; current scripts/prepare_sector_network.py","REFERENCE_MAPPING_NOT_NUMERIC_ACCEPTANCE","tCO2/MWh_Link_input","false"
"Link:MM2 3 urban central solid biomass CHP CC","urban central solid biomass CHP CC","SHARED_USE_PENDING","MM","-0.33003000000000005","PENDING_SHARED_USE_ALLOCATION","true","Shared H2/CHP cannot be allocated by name or arbitrary ratio; original power scope requires accepted split","/home/jin/research/SGP_ESE5004_Stage2/pypsa-asean/results/baseline-aims-3H-tutorial/prenetworks/elec_s_50_ec_lv2.0__3h_2030_0.071_pre_adjusted.nc; current scripts/prepare_sector_network.py","REFERENCE_MAPPING_NOT_NUMERIC_ACCEPTANCE","tCO2/MWh_Link_input","false"
"Link:MM2 4 urban central solid biomass CHP CC","urban central solid biomass CHP CC","SHARED_USE_PENDING","MM","-0.33003000000000005","PENDING_SHARED_USE_ALLOCATION","true","Shared H2/CHP cannot be allocated by name or arbitrary ratio; original power scope requires accepted split","/home/jin/research/SGP_ESE5004_Stage2/pypsa-asean/results/baseline-aims-3H-tutorial/prenetworks/elec_s_50_ec_lv2.0__3h_2030_0.071_pre_adjusted.nc; current scripts/prepare_sector_network.py","REFERENCE_MAPPING_NOT_NUMERIC_ACCEPTANCE","tCO2/MWh_Link_input","false"
"Link:MM2 5 urban central solid biomass CHP CC","urban central solid biomass CHP CC","SHARED_USE_PENDING","MM","-0.33003000000000005","PENDING_SHARED_USE_ALLOCATION","true","Shared H2/CHP cannot be allocated by name or arbitrary ratio; original power scope requires accepted split","/home/jin/research/SGP_ESE5004_Stage2/pypsa-asean/results/baseline-aims-3H-tutorial/prenetworks/elec_s_50_ec_lv2.0__3h_2030_0.071_pre_adjusted.nc; current scripts/prepare_sector_network.py","REFERENCE_MAPPING_NOT_NUMERIC_ACCEPTANCE","tCO2/MWh_Link_input","false"
"Link:MM2 6 urban central solid biomass CHP CC","urban central solid biomass CHP CC","SHARED_USE_PENDING","MM","-0.33003000000000005","PENDING_SHARED_USE_ALLOCATION","true","Shared H2/CHP cannot be allocated by name or arbitrary ratio; original power scope requires accepted split","/home/jin/research/SGP_ESE5004_Stage2/pypsa-asean/results/baseline-aims-3H-tutorial/prenetworks/elec_s_50_ec_lv2.0__3h_2030_0.071_pre_adjusted.nc; current scripts/prepare_sector_network.py","REFERENCE_MAPPING_NOT_NUMERIC_ACCEPTANCE","tCO2/MWh_Link_input","false"
"Link:MY_Peninsular2 0 urban central solid biomass CHP CC","urban central solid biomass CHP CC","SHARED_USE_PENDING","MY","-0.33003000000000005","PENDING_SHARED_USE_ALLOCATION","true","Shared H2/CHP cannot be allocated by name or arbitrary ratio; original power scope requires accepted split","/home/jin/research/SGP_ESE5004_Stage2/pypsa-asean/results/baseline-aims-3H-tutorial/prenetworks/elec_s_50_ec_lv2.0__3h_2030_0.071_pre_adjusted.nc; current scripts/prepare_sector_network.py","REFERENCE_MAPPING_NOT_NUMERIC_ACCEPTANCE","tCO2/MWh_Link_input","false"
"Link:MY_Sabah4 0 urban central solid biomass CHP CC","urban central solid biomass CHP CC","SHARED_USE_PENDING","MY","-0.33003000000000005","PENDING_SHARED_USE_ALLOCATION","true","Shared H2/CHP cannot be allocated by name or arbitrary ratio; original power scope requires accepted split","/home/jin/research/SGP_ESE5004_Stage2/pypsa-asean/results/baseline-aims-3H-tutorial/prenetworks/elec_s_50_ec_lv2.0__3h_2030_0.071_pre_adjusted.nc; current scripts/prepare_sector_network.py","REFERENCE_MAPPING_NOT_NUMERIC_ACCEPTANCE","tCO2/MWh_Link_input","false"
"Link:MY_Sarawak4 0 urban central solid biomass CHP CC","urban central solid biomass CHP CC","SHARED_USE_PENDING","MY","-0.33003000000000005","PENDING_SHARED_USE_ALLOCATION","true","Shared H2/CHP cannot be allocated by name or arbitrary ratio; original power scope requires accepted split","/home/jin/research/SGP_ESE5004_Stage2/pypsa-asean/results/baseline-aims-3H-tutorial/prenetworks/elec_s_50_ec_lv2.0__3h_2030_0.071_pre_adjusted.nc; current scripts/prepare_sector_network.py","REFERENCE_MAPPING_NOT_NUMERIC_ACCEPTANCE","tCO2/MWh_Link_input","false"
"Link:PH5 0 urban central solid biomass CHP CC","urban central solid biomass CHP CC","SHARED_USE_PENDING","PH","-0.33003000000000005","PENDING_SHARED_USE_ALLOCATION","true","Shared H2/CHP cannot be allocated by name or arbitrary ratio; original power scope requires accepted split","/home/jin/research/SGP_ESE5004_Stage2/pypsa-asean/results/baseline-aims-3H-tutorial/prenetworks/elec_s_50_ec_lv2.0__3h_2030_0.071_pre_adjusted.nc; current scripts/prepare_sector_network.py","REFERENCE_MAPPING_NOT_NUMERIC_ACCEPTANCE","tCO2/MWh_Link_input","false"
"Link:PH_Luzon5 0 urban central solid biomass CHP CC","urban central solid biomass CHP CC","SHARED_USE_PENDING","PH","-0.33003000000000005","PENDING_SHARED_USE_ALLOCATION","true","Shared H2/CHP cannot be allocated by name or arbitrary ratio; original power scope requires accepted split","/home/jin/research/SGP_ESE5004_Stage2/pypsa-asean/results/baseline-aims-3H-tutorial/prenetworks/elec_s_50_ec_lv2.0__3h_2030_0.071_pre_adjusted.nc; current scripts/prepare_sector_network.py","REFERENCE_MAPPING_NOT_NUMERIC_ACCEPTANCE","tCO2/MWh_Link_input","false"
"Link:PH_Luzon9 0 urban central solid biomass CHP CC","urban central solid biomass CHP CC","SHARED_USE_PENDING","PH","-0.33003000000000005","PENDING_SHARED_USE_ALLOCATION","true","Shared H2/CHP cannot be allocated by name or arbitrary ratio; original power scope requires accepted split","/home/jin/research/SGP_ESE5004_Stage2/pypsa-asean/results/baseline-aims-3H-tutorial/prenetworks/elec_s_50_ec_lv2.0__3h_2030_0.071_pre_adjusted.nc; current scripts/prepare_sector_network.py","REFERENCE_MAPPING_NOT_NUMERIC_ACCEPTANCE","tCO2/MWh_Link_input","false"
"Link:PH_Mindanao6 0 urban central solid biomass CHP CC","urban central solid biomass CHP CC","SHARED_USE_PENDING","PH","-0.33003000000000005","PENDING_SHARED_USE_ALLOCATION","true","Shared H2/CHP cannot be allocated by name or arbitrary ratio; original power scope requires accepted split","/home/jin/research/SGP_ESE5004_Stage2/pypsa-asean/results/baseline-aims-3H-tutorial/prenetworks/elec_s_50_ec_lv2.0__3h_2030_0.071_pre_adjusted.nc; current scripts/prepare_sector_network.py","REFERENCE_MAPPING_NOT_NUMERIC_ACCEPTANCE","tCO2/MWh_Link_input","false"
"Link:PH_Visayas10 0 urban central solid biomass CHP CC","urban central solid biomass CHP CC","SHARED_USE_PENDING","PH","-0.33003000000000005","PENDING_SHARED_USE_ALLOCATION","true","Shared H2/CHP cannot be allocated by name or arbitrary ratio; original power scope requires accepted split","/home/jin/research/SGP_ESE5004_Stage2/pypsa-asean/results/baseline-aims-3H-tutorial/prenetworks/elec_s_50_ec_lv2.0__3h_2030_0.071_pre_adjusted.nc; current scripts/prepare_sector_network.py","REFERENCE_MAPPING_NOT_NUMERIC_ACCEPTANCE","tCO2/MWh_Link_input","false"
"Link:PH_Visayas7 0 urban central solid biomass CHP CC","urban central solid biomass CHP CC","SHARED_USE_PENDING","PH","-0.33003000000000005","PENDING_SHARED_USE_ALLOCATION","true","Shared H2/CHP cannot be allocated by name or arbitrary ratio; original power scope requires accepted split","/home/jin/research/SGP_ESE5004_Stage2/pypsa-asean/results/baseline-aims-3H-tutorial/prenetworks/elec_s_50_ec_lv2.0__3h_2030_0.071_pre_adjusted.nc; current scripts/prepare_sector_network.py","REFERENCE_MAPPING_NOT_NUMERIC_ACCEPTANCE","tCO2/MWh_Link_input","false"
"Link:SG2 0 urban central solid biomass CHP CC","urban central solid biomass CHP CC","SHARED_USE_PENDING","SG","-0.33003000000000005","PENDING_SHARED_USE_ALLOCATION","true","Shared H2/CHP cannot be allocated by name or arbitrary ratio; original power scope requires accepted split","/home/jin/research/SGP_ESE5004_Stage2/pypsa-asean/results/baseline-aims-3H-tutorial/prenetworks/elec_s_50_ec_lv2.0__3h_2030_0.071_pre_adjusted.nc; current scripts/prepare_sector_network.py","REFERENCE_MAPPING_NOT_NUMERIC_ACCEPTANCE","tCO2/MWh_Link_input","false"
"Link:TH2 0 urban central solid biomass CHP CC","urban central solid biomass CHP CC","SHARED_USE_PENDING","TH","-0.33003000000000005","PENDING_SHARED_USE_ALLOCATION","true","Shared H2/CHP cannot be allocated by name or arbitrary ratio; original power scope requires accepted split","/home/jin/research/SGP_ESE5004_Stage2/pypsa-asean/results/baseline-aims-3H-tutorial/prenetworks/elec_s_50_ec_lv2.0__3h_2030_0.071_pre_adjusted.nc; current scripts/prepare_sector_network.py","REFERENCE_MAPPING_NOT_NUMERIC_ACCEPTANCE","tCO2/MWh_Link_input","false"
"Link:TH2 1 urban central solid biomass CHP CC","urban central solid biomass CHP CC","SHARED_USE_PENDING","TH","-0.33003000000000005","PENDING_SHARED_USE_ALLOCATION","true","Shared H2/CHP cannot be allocated by name or arbitrary ratio; original power scope requires accepted split","/home/jin/research/SGP_ESE5004_Stage2/pypsa-asean/results/baseline-aims-3H-tutorial/prenetworks/elec_s_50_ec_lv2.0__3h_2030_0.071_pre_adjusted.nc; current scripts/prepare_sector_network.py","REFERENCE_MAPPING_NOT_NUMERIC_ACCEPTANCE","tCO2/MWh_Link_input","false"
"Link:TL11 0 urban central solid biomass CHP CC","urban central solid biomass CHP CC","SHARED_USE_PENDING","TL","-0.33003000000000005","PENDING_SHARED_USE_ALLOCATION","true","Shared H2/CHP cannot be allocated by name or arbitrary ratio; original power scope requires accepted split","/home/jin/research/SGP_ESE5004_Stage2/pypsa-asean/results/baseline-aims-3H-tutorial/prenetworks/elec_s_50_ec_lv2.0__3h_2030_0.071_pre_adjusted.nc; current scripts/prepare_sector_network.py","REFERENCE_MAPPING_NOT_NUMERIC_ACCEPTANCE","tCO2/MWh_Link_input","false"
"Link:VN2 0 urban central solid biomass CHP CC","urban central solid biomass CHP CC","SHARED_USE_PENDING","VN","-0.33003000000000005","PENDING_SHARED_USE_ALLOCATION","true","Shared H2/CHP cannot be allocated by name or arbitrary ratio; original power scope requires accepted split","/home/jin/research/SGP_ESE5004_Stage2/pypsa-asean/results/baseline-aims-3H-tutorial/prenetworks/elec_s_50_ec_lv2.0__3h_2030_0.071_pre_adjusted.nc; current scripts/prepare_sector_network.py","REFERENCE_MAPPING_NOT_NUMERIC_ACCEPTANCE","tCO2/MWh_Link_input","false"
"Link:VN2 1 urban central solid biomass CHP CC","urban central solid biomass CHP CC","SHARED_USE_PENDING","VN","-0.33003000000000005","PENDING_SHARED_USE_ALLOCATION","true","Shared H2/CHP cannot be allocated by name or arbitrary ratio; original power scope requires accepted split","/home/jin/research/SGP_ESE5004_Stage2/pypsa-asean/results/baseline-aims-3H-tutorial/prenetworks/elec_s_50_ec_lv2.0__3h_2030_0.071_pre_adjusted.nc; current scripts/prepare_sector_network.py","REFERENCE_MAPPING_NOT_NUMERIC_ACCEPTANCE","tCO2/MWh_Link_input","false"
"Link:VN2 2 urban central solid biomass CHP CC","urban central solid biomass CHP CC","SHARED_USE_PENDING","VN","-0.33003000000000005","PENDING_SHARED_USE_ALLOCATION","true","Shared H2/CHP cannot be allocated by name or arbitrary ratio; original power scope requires accepted split","/home/jin/research/SGP_ESE5004_Stage2/pypsa-asean/results/baseline-aims-3H-tutorial/prenetworks/elec_s_50_ec_lv2.0__3h_2030_0.071_pre_adjusted.nc; current scripts/prepare_sector_network.py","REFERENCE_MAPPING_NOT_NUMERIC_ACCEPTANCE","tCO2/MWh_Link_input","false"
"Link:solid biomass for industry","solid biomass for industry","Industry","UNRESOLVED","","false","true","Explicit industrial fuel/process conversion; not power policy","/home/jin/research/SGP_ESE5004_Stage2/pypsa-asean/results/baseline-aims-3H-tutorial/prenetworks/elec_s_50_ec_lv2.0__3h_2030_0.071_pre_adjusted.nc; current scripts/prepare_sector_network.py","REFERENCE_MAPPING_NOT_NUMERIC_ACCEPTANCE","tCO2/MWh_Link_input","false"
"Link:solid biomass for industry CC","solid biomass for industry CC","Industry","UNRESOLVED","-0.33003000000000005","false","true","Explicit industrial fuel/process conversion; not power policy","/home/jin/research/SGP_ESE5004_Stage2/pypsa-asean/results/baseline-aims-3H-tutorial/prenetworks/elec_s_50_ec_lv2.0__3h_2030_0.071_pre_adjusted.nc; current scripts/prepare_sector_network.py","REFERENCE_MAPPING_NOT_NUMERIC_ACCEPTANCE","tCO2/MWh_Link_input","false"
"Link:BN4 0 gas for industry","gas for industry","Industry","BN","0.198","false","true","Explicit industrial fuel/process conversion; not power policy","/home/jin/research/SGP_ESE5004_Stage2/pypsa-asean/results/baseline-aims-3H-tutorial/prenetworks/elec_s_50_ec_lv2.0__3h_2030_0.071_pre_adjusted.nc; current scripts/prepare_sector_network.py","REFERENCE_MAPPING_NOT_NUMERIC_ACCEPTANCE","tCO2/MWh_Link_input","false"
"Link:ID_Java-Bali1 0 gas for industry","gas for industry","Industry","ID","0.198","false","true","Explicit industrial fuel/process conversion; not power policy","/home/jin/research/SGP_ESE5004_Stage2/pypsa-asean/results/baseline-aims-3H-tutorial/prenetworks/elec_s_50_ec_lv2.0__3h_2030_0.071_pre_adjusted.nc; current scripts/prepare_sector_network.py","REFERENCE_MAPPING_NOT_NUMERIC_ACCEPTANCE","tCO2/MWh_Link_input","false"
"Link:ID_Kalimantan4 0 gas for industry","gas for industry","Industry","ID","0.198","false","true","Explicit industrial fuel/process conversion; not power policy","/home/jin/research/SGP_ESE5004_Stage2/pypsa-asean/results/baseline-aims-3H-tutorial/prenetworks/elec_s_50_ec_lv2.0__3h_2030_0.071_pre_adjusted.nc; current scripts/prepare_sector_network.py","REFERENCE_MAPPING_NOT_NUMERIC_ACCEPTANCE","tCO2/MWh_Link_input","false"
"Link:ID_Kalimantan4 1 gas for industry","gas for industry","Industry","ID","0.198","false","true","Explicit industrial fuel/process conversion; not power policy","/home/jin/research/SGP_ESE5004_Stage2/pypsa-asean/results/baseline-aims-3H-tutorial/prenetworks/elec_s_50_ec_lv2.0__3h_2030_0.071_pre_adjusted.nc; current scripts/prepare_sector_network.py","REFERENCE_MAPPING_NOT_NUMERIC_ACCEPTANCE","tCO2/MWh_Link_input","false"
"Link:ID_Kalimantan4 2 gas for industry","gas for industry","Industry","ID","0.198","false","true","Explicit industrial fuel/process conversion; not power policy","/home/jin/research/SGP_ESE5004_Stage2/pypsa-asean/results/baseline-aims-3H-tutorial/prenetworks/elec_s_50_ec_lv2.0__3h_2030_0.071_pre_adjusted.nc; current scripts/prepare_sector_network.py","REFERENCE_MAPPING_NOT_NUMERIC_ACCEPTANCE","tCO2/MWh_Link_input","false"
"Link:ID_Kalimantan4 3 gas for industry","gas for industry","Industry","ID","0.198","false","true","Explicit industrial fuel/process conversion; not power policy","/home/jin/research/SGP_ESE5004_Stage2/pypsa-asean/results/baseline-aims-3H-tutorial/prenetworks/elec_s_50_ec_lv2.0__3h_2030_0.071_pre_adjusted.nc; current scripts/prepare_sector_network.py","REFERENCE_MAPPING_NOT_NUMERIC_ACCEPTANCE","tCO2/MWh_Link_input","false"
"Link:ID_Kalimantan4 4 gas for industry","gas for industry","Industry","ID","0.198","false","true","Explicit industrial fuel/process conversion; not power policy","/home/jin/research/SGP_ESE5004_Stage2/pypsa-asean/results/baseline-aims-3H-tutorial/prenetworks/elec_s_50_ec_lv2.0__3h_2030_0.071_pre_adjusted.nc; current scripts/prepare_sector_network.py","REFERENCE_MAPPING_NOT_NUMERIC_ACCEPTANCE","tCO2/MWh_Link_input","false"
"Link:ID_Kalimantan4 5 gas for industry","gas for industry","Industry","ID","0.198","false","true","Explicit industrial fuel/process conversion; not power policy","/home/jin/research/SGP_ESE5004_Stage2/pypsa-asean/results/baseline-aims-3H-tutorial/prenetworks/elec_s_50_ec_lv2.0__3h_2030_0.071_pre_adjusted.nc; current scripts/prepare_sector_network.py","REFERENCE_MAPPING_NOT_NUMERIC_ACCEPTANCE","tCO2/MWh_Link_input","false"
"Link:ID_Maluku16 0 gas for industry","gas for industry","Industry","ID","0.198","false","true","Explicit industrial fuel/process conversion; not power policy","/home/jin/research/SGP_ESE5004_Stage2/pypsa-asean/results/baseline-aims-3H-tutorial/prenetworks/elec_s_50_ec_lv2.0__3h_2030_0.071_pre_adjusted.nc; current scripts/prepare_sector_network.py","REFERENCE_MAPPING_NOT_NUMERIC_ACCEPTANCE","tCO2/MWh_Link_input","false"
"Link:ID_Maluku17 0 gas for industry","gas for industry","Industry","ID","0.198","false","true","Explicit industrial fuel/process conversion; not power policy","/home/jin/research/SGP_ESE5004_Stage2/pypsa-asean/results/baseline-aims-3H-tutorial/prenetworks/elec_s_50_ec_lv2.0__3h_2030_0.071_pre_adjusted.nc; current scripts/prepare_sector_network.py","REFERENCE_MAPPING_NOT_NUMERIC_ACCEPTANCE","tCO2/MWh_Link_input","false"
"Link:ID_Maluku8 0 gas for industry","gas for industry","Industry","ID","0.198","false","true","Explicit industrial fuel/process conversion; not power policy","/home/jin/research/SGP_ESE5004_Stage2/pypsa-asean/results/baseline-aims-3H-tutorial/prenetworks/elec_s_50_ec_lv2.0__3h_2030_0.071_pre_adjusted.nc; current scripts/prepare_sector_network.py","REFERENCE_MAPPING_NOT_NUMERIC_ACCEPTANCE","tCO2/MWh_Link_input","false"
"Link:ID_Nusa-Tenggara12 0 gas for industry","gas for industry","Industry","ID","0.198","false","true","Explicit industrial fuel/process conversion; not power policy","/home/jin/research/SGP_ESE5004_Stage2/pypsa-asean/results/baseline-aims-3H-tutorial/prenetworks/elec_s_50_ec_lv2.0__3h_2030_0.071_pre_adjusted.nc; current scripts/prepare_sector_network.py","REFERENCE_MAPPING_NOT_NUMERIC_ACCEPTANCE","tCO2/MWh_Link_input","false"
"Link:ID_Nusa-Tenggara13 0 gas for industry","gas for industry","Industry","ID","0.198","false","true","Explicit industrial fuel/process conversion; not power policy","/home/jin/research/SGP_ESE5004_Stage2/pypsa-asean/results/baseline-aims-3H-tutorial/prenetworks/elec_s_50_ec_lv2.0__3h_2030_0.071_pre_adjusted.nc; current scripts/prepare_sector_network.py","REFERENCE_MAPPING_NOT_NUMERIC_ACCEPTANCE","tCO2/MWh_Link_input","false"
"Link:ID_Nusa-Tenggara14 0 gas for industry","gas for industry","Industry","ID","0.198","false","true","Explicit industrial fuel/process conversion; not power policy","/home/jin/research/SGP_ESE5004_Stage2/pypsa-asean/results/baseline-aims-3H-tutorial/prenetworks/elec_s_50_ec_lv2.0__3h_2030_0.071_pre_adjusted.nc; current scripts/prepare_sector_network.py","REFERENCE_MAPPING_NOT_NUMERIC_ACCEPTANCE","tCO2/MWh_Link_input","false"
"Link:ID_Nusa-Tenggara15 0 gas for industry","gas for industry","Industry","ID","0.198","false","true","Explicit industrial fuel/process conversion; not power policy","/home/jin/research/SGP_ESE5004_Stage2/pypsa-asean/results/baseline-aims-3H-tutorial/prenetworks/elec_s_50_ec_lv2.0__3h_2030_0.071_pre_adjusted.nc; current scripts/prepare_sector_network.py","REFERENCE_MAPPING_NOT_NUMERIC_ACCEPTANCE","tCO2/MWh_Link_input","false"
"Link:ID_Papua18 0 gas for industry","gas for industry","Industry","ID","0.198","false","true","Explicit industrial fuel/process conversion; not power policy","/home/jin/research/SGP_ESE5004_Stage2/pypsa-asean/results/baseline-aims-3H-tutorial/prenetworks/elec_s_50_ec_lv2.0__3h_2030_0.071_pre_adjusted.nc; current scripts/prepare_sector_network.py","REFERENCE_MAPPING_NOT_NUMERIC_ACCEPTANCE","tCO2/MWh_Link_input","false"
"Link:ID_Papua19 0 gas for industry","gas for industry","Industry","ID","0.198","false","true","Explicit industrial fuel/process conversion; not power policy","/home/jin/research/SGP_ESE5004_Stage2/pypsa-asean/results/baseline-aims-3H-tutorial/prenetworks/elec_s_50_ec_lv2.0__3h_2030_0.071_pre_adjusted.nc; current scripts/prepare_sector_network.py","REFERENCE_MAPPING_NOT_NUMERIC_ACCEPTANCE","tCO2/MWh_Link_input","false"
"Link:ID_Papua20 0 gas for industry","gas for industry","Industry","ID","0.198","false","true","Explicit industrial fuel/process conversion; not power policy","/home/jin/research/SGP_ESE5004_Stage2/pypsa-asean/results/baseline-aims-3H-tutorial/prenetworks/elec_s_50_ec_lv2.0__3h_2030_0.071_pre_adjusted.nc; current scripts/prepare_sector_network.py","REFERENCE_MAPPING_NOT_NUMERIC_ACCEPTANCE","tCO2/MWh_Link_input","false"
"Link:ID_Sulawesi0 0 gas for industry","gas for industry","Industry","ID","0.198","false","true","Explicit industrial fuel/process conversion; not power policy","/home/jin/research/SGP_ESE5004_Stage2/pypsa-asean/results/baseline-aims-3H-tutorial/prenetworks/elec_s_50_ec_lv2.0__3h_2030_0.071_pre_adjusted.nc; current scripts/prepare_sector_network.py","REFERENCE_MAPPING_NOT_NUMERIC_ACCEPTANCE","tCO2/MWh_Link_input","false"
"Link:ID_Sumatra2 0 gas for industry","gas for industry","Industry","ID","0.198","false","true","Explicit industrial fuel/process conversion; not power policy","/home/jin/research/SGP_ESE5004_Stage2/pypsa-asean/results/baseline-aims-3H-tutorial/prenetworks/elec_s_50_ec_lv2.0__3h_2030_0.071_pre_adjusted.nc; current scripts/prepare_sector_network.py","REFERENCE_MAPPING_NOT_NUMERIC_ACCEPTANCE","tCO2/MWh_Link_input","false"
"Link:ID_Sumatra3 0 gas for industry","gas for industry","Industry","ID","0.198","false","true","Explicit industrial fuel/process conversion; not power policy","/home/jin/research/SGP_ESE5004_Stage2/pypsa-asean/results/baseline-aims-3H-tutorial/prenetworks/elec_s_50_ec_lv2.0__3h_2030_0.071_pre_adjusted.nc; current scripts/prepare_sector_network.py","REFERENCE_MAPPING_NOT_NUMERIC_ACCEPTANCE","tCO2/MWh_Link_input","false"
"Link:ID_Sumatra3 1 gas for industry","gas for industry","Industry","ID","0.198","false","true","Explicit industrial fuel/process conversion; not power policy","/home/jin/research/SGP_ESE5004_Stage2/pypsa-asean/results/baseline-aims-3H-tutorial/prenetworks/elec_s_50_ec_lv2.0__3h_2030_0.071_pre_adjusted.nc; current scripts/prepare_sector_network.py","REFERENCE_MAPPING_NOT_NUMERIC_ACCEPTANCE","tCO2/MWh_Link_input","false"
"Link:KH2 0 gas for industry","gas for industry","Industry","KH","0.198","false","true","Explicit industrial fuel/process conversion; not power policy","/home/jin/research/SGP_ESE5004_Stage2/pypsa-asean/results/baseline-aims-3H-tutorial/prenetworks/elec_s_50_ec_lv2.0__3h_2030_0.071_pre_adjusted.nc; current scripts/prepare_sector_network.py","REFERENCE_MAPPING_NOT_NUMERIC_ACCEPTANCE","tCO2/MWh_Link_input","false"
"Link:LA2 0 gas for industry","gas for industry","Industry","LA","0.198","false","true","Explicit industrial fuel/process conversion; not power policy","/home/jin/research/SGP_ESE5004_Stage2/pypsa-asean/results/baseline-aims-3H-tutorial/prenetworks/elec_s_50_ec_lv2.0__3h_2030_0.071_pre_adjusted.nc; current scripts/prepare_sector_network.py","REFERENCE_MAPPING_NOT_NUMERIC_ACCEPTANCE","tCO2/MWh_Link_input","false"
"Link:LA2 1 gas for industry","gas for industry","Industry","LA","0.198","false","true","Explicit industrial fuel/process conversion; not power policy","/home/jin/research/SGP_ESE5004_Stage2/pypsa-asean/results/baseline-aims-3H-tutorial/prenetworks/elec_s_50_ec_lv2.0__3h_2030_0.071_pre_adjusted.nc; current scripts/prepare_sector_network.py","REFERENCE_MAPPING_NOT_NUMERIC_ACCEPTANCE","tCO2/MWh_Link_input","false"
"Link:MM2 0 gas for industry","gas for industry","Industry","MM","0.198","false","true","Explicit industrial fuel/process conversion; not power policy","/home/jin/research/SGP_ESE5004_Stage2/pypsa-asean/results/baseline-aims-3H-tutorial/prenetworks/elec_s_50_ec_lv2.0__3h_2030_0.071_pre_adjusted.nc; current scripts/prepare_sector_network.py","REFERENCE_MAPPING_NOT_NUMERIC_ACCEPTANCE","tCO2/MWh_Link_input","false"
"Link:MM2 1 gas for industry","gas for industry","Industry","MM","0.198","false","true","Explicit industrial fuel/process conversion; not power policy","/home/jin/research/SGP_ESE5004_Stage2/pypsa-asean/results/baseline-aims-3H-tutorial/prenetworks/elec_s_50_ec_lv2.0__3h_2030_0.071_pre_adjusted.nc; current scripts/prepare_sector_network.py","REFERENCE_MAPPING_NOT_NUMERIC_ACCEPTANCE","tCO2/MWh_Link_input","false"
"Link:MM2 2 gas for industry","gas for industry","Industry","MM","0.198","false","true","Explicit industrial fuel/process conversion; not power policy","/home/jin/research/SGP_ESE5004_Stage2/pypsa-asean/results/baseline-aims-3H-tutorial/prenetworks/elec_s_50_ec_lv2.0__3h_2030_0.071_pre_adjusted.nc; current scripts/prepare_sector_network.py","REFERENCE_MAPPING_NOT_NUMERIC_ACCEPTANCE","tCO2/MWh_Link_input","false"
"Link:MM2 3 gas for industry","gas for industry","Industry","MM","0.198","false","true","Explicit industrial fuel/process conversion; not power policy","/home/jin/research/SGP_ESE5004_Stage2/pypsa-asean/results/baseline-aims-3H-tutorial/prenetworks/elec_s_50_ec_lv2.0__3h_2030_0.071_pre_adjusted.nc; current scripts/prepare_sector_network.py","REFERENCE_MAPPING_NOT_NUMERIC_ACCEPTANCE","tCO2/MWh_Link_input","false"
"Link:MM2 4 gas for industry","gas for industry","Industry","MM","0.198","false","true","Explicit industrial fuel/process conversion; not power policy","/home/jin/research/SGP_ESE5004_Stage2/pypsa-asean/results/baseline-aims-3H-tutorial/prenetworks/elec_s_50_ec_lv2.0__3h_2030_0.071_pre_adjusted.nc; current scripts/prepare_sector_network.py","REFERENCE_MAPPING_NOT_NUMERIC_ACCEPTANCE","tCO2/MWh_Link_input","false"
"Link:MM2 5 gas for industry","gas for industry","Industry","MM","0.198","false","true","Explicit industrial fuel/process conversion; not power policy","/home/jin/research/SGP_ESE5004_Stage2/pypsa-asean/results/baseline-aims-3H-tutorial/prenetworks/elec_s_50_ec_lv2.0__3h_2030_0.071_pre_adjusted.nc; current scripts/prepare_sector_network.py","REFERENCE_MAPPING_NOT_NUMERIC_ACCEPTANCE","tCO2/MWh_Link_input","false"
"Link:MM2 6 gas for industry","gas for industry","Industry","MM","0.198","false","true","Explicit industrial fuel/process conversion; not power policy","/home/jin/research/SGP_ESE5004_Stage2/pypsa-asean/results/baseline-aims-3H-tutorial/prenetworks/elec_s_50_ec_lv2.0__3h_2030_0.071_pre_adjusted.nc; current scripts/prepare_sector_network.py","REFERENCE_MAPPING_NOT_NUMERIC_ACCEPTANCE","tCO2/MWh_Link_input","false"
"Link:MY_Peninsular2 0 gas for industry","gas for industry","Industry","MY","0.198","false","true","Explicit industrial fuel/process conversion; not power policy","/home/jin/research/SGP_ESE5004_Stage2/pypsa-asean/results/baseline-aims-3H-tutorial/prenetworks/elec_s_50_ec_lv2.0__3h_2030_0.071_pre_adjusted.nc; current scripts/prepare_sector_network.py","REFERENCE_MAPPING_NOT_NUMERIC_ACCEPTANCE","tCO2/MWh_Link_input","false"
"Link:MY_Sabah4 0 gas for industry","gas for industry","Industry","MY","0.198","false","true","Explicit industrial fuel/process conversion; not power policy","/home/jin/research/SGP_ESE5004_Stage2/pypsa-asean/results/baseline-aims-3H-tutorial/prenetworks/elec_s_50_ec_lv2.0__3h_2030_0.071_pre_adjusted.nc; current scripts/prepare_sector_network.py","REFERENCE_MAPPING_NOT_NUMERIC_ACCEPTANCE","tCO2/MWh_Link_input","false"
"Link:MY_Sarawak4 0 gas for industry","gas for industry","Industry","MY","0.198","false","true","Explicit industrial fuel/process conversion; not power policy","/home/jin/research/SGP_ESE5004_Stage2/pypsa-asean/results/baseline-aims-3H-tutorial/prenetworks/elec_s_50_ec_lv2.0__3h_2030_0.071_pre_adjusted.nc; current scripts/prepare_sector_network.py","REFERENCE_MAPPING_NOT_NUMERIC_ACCEPTANCE","tCO2/MWh_Link_input","false"
"Link:PH5 0 gas for industry","gas for industry","Industry","PH","0.198","false","true","Explicit industrial fuel/process conversion; not power policy","/home/jin/research/SGP_ESE5004_Stage2/pypsa-asean/results/baseline-aims-3H-tutorial/prenetworks/elec_s_50_ec_lv2.0__3h_2030_0.071_pre_adjusted.nc; current scripts/prepare_sector_network.py","REFERENCE_MAPPING_NOT_NUMERIC_ACCEPTANCE","tCO2/MWh_Link_input","false"
"Link:PH_Luzon5 0 gas for industry","gas for industry","Industry","PH","0.198","false","true","Explicit industrial fuel/process conversion; not power policy","/home/jin/research/SGP_ESE5004_Stage2/pypsa-asean/results/baseline-aims-3H-tutorial/prenetworks/elec_s_50_ec_lv2.0__3h_2030_0.071_pre_adjusted.nc; current scripts/prepare_sector_network.py","REFERENCE_MAPPING_NOT_NUMERIC_ACCEPTANCE","tCO2/MWh_Link_input","false"
"Link:PH_Luzon9 0 gas for industry","gas for industry","Industry","PH","0.198","false","true","Explicit industrial fuel/process conversion; not power policy","/home/jin/research/SGP_ESE5004_Stage2/pypsa-asean/results/baseline-aims-3H-tutorial/prenetworks/elec_s_50_ec_lv2.0__3h_2030_0.071_pre_adjusted.nc; current scripts/prepare_sector_network.py","REFERENCE_MAPPING_NOT_NUMERIC_ACCEPTANCE","tCO2/MWh_Link_input","false"
"Link:PH_Mindanao6 0 gas for industry","gas for industry","Industry","PH","0.198","false","true","Explicit industrial fuel/process conversion; not power policy","/home/jin/research/SGP_ESE5004_Stage2/pypsa-asean/results/baseline-aims-3H-tutorial/prenetworks/elec_s_50_ec_lv2.0__3h_2030_0.071_pre_adjusted.nc; current scripts/prepare_sector_network.py","REFERENCE_MAPPING_NOT_NUMERIC_ACCEPTANCE","tCO2/MWh_Link_input","false"
"Link:PH_Visayas10 0 gas for industry","gas for industry","Industry","PH","0.198","false","true","Explicit industrial fuel/process conversion; not power policy","/home/jin/research/SGP_ESE5004_Stage2/pypsa-asean/results/baseline-aims-3H-tutorial/prenetworks/elec_s_50_ec_lv2.0__3h_2030_0.071_pre_adjusted.nc; current scripts/prepare_sector_network.py","REFERENCE_MAPPING_NOT_NUMERIC_ACCEPTANCE","tCO2/MWh_Link_input","false"
"Link:PH_Visayas7 0 gas for industry","gas for industry","Industry","PH","0.198","false","true","Explicit industrial fuel/process conversion; not power policy","/home/jin/research/SGP_ESE5004_Stage2/pypsa-asean/results/baseline-aims-3H-tutorial/prenetworks/elec_s_50_ec_lv2.0__3h_2030_0.071_pre_adjusted.nc; current scripts/prepare_sector_network.py","REFERENCE_MAPPING_NOT_NUMERIC_ACCEPTANCE","tCO2/MWh_Link_input","false"
"Link:SG2 0 gas for industry","gas for industry","Industry","SG","0.198","false","true","Explicit industrial fuel/process conversion; not power policy","/home/jin/research/SGP_ESE5004_Stage2/pypsa-asean/results/baseline-aims-3H-tutorial/prenetworks/elec_s_50_ec_lv2.0__3h_2030_0.071_pre_adjusted.nc; current scripts/prepare_sector_network.py","REFERENCE_MAPPING_NOT_NUMERIC_ACCEPTANCE","tCO2/MWh_Link_input","false"
"Link:TH2 0 gas for industry","gas for industry","Industry","TH","0.198","false","true","Explicit industrial fuel/process conversion; not power policy","/home/jin/research/SGP_ESE5004_Stage2/pypsa-asean/results/baseline-aims-3H-tutorial/prenetworks/elec_s_50_ec_lv2.0__3h_2030_0.071_pre_adjusted.nc; current scripts/prepare_sector_network.py","REFERENCE_MAPPING_NOT_NUMERIC_ACCEPTANCE","tCO2/MWh_Link_input","false"
"Link:TH2 1 gas for industry","gas for industry","Industry","TH","0.198","false","true","Explicit industrial fuel/process conversion; not power policy","/home/jin/research/SGP_ESE5004_Stage2/pypsa-asean/results/baseline-aims-3H-tutorial/prenetworks/elec_s_50_ec_lv2.0__3h_2030_0.071_pre_adjusted.nc; current scripts/prepare_sector_network.py","REFERENCE_MAPPING_NOT_NUMERIC_ACCEPTANCE","tCO2/MWh_Link_input","false"
"Link:TL11 0 gas for industry","gas for industry","Industry","TL","0.198","false","true","Explicit industrial fuel/process conversion; not power policy","/home/jin/research/SGP_ESE5004_Stage2/pypsa-asean/results/baseline-aims-3H-tutorial/prenetworks/elec_s_50_ec_lv2.0__3h_2030_0.071_pre_adjusted.nc; current scripts/prepare_sector_network.py","REFERENCE_MAPPING_NOT_NUMERIC_ACCEPTANCE","tCO2/MWh_Link_input","false"
"Link:VN2 0 gas for industry","gas for industry","Industry","VN","0.198","false","true","Explicit industrial fuel/process conversion; not power policy","/home/jin/research/SGP_ESE5004_Stage2/pypsa-asean/results/baseline-aims-3H-tutorial/prenetworks/elec_s_50_ec_lv2.0__3h_2030_0.071_pre_adjusted.nc; current scripts/prepare_sector_network.py","REFERENCE_MAPPING_NOT_NUMERIC_ACCEPTANCE","tCO2/MWh_Link_input","false"
"Link:VN2 1 gas for industry","gas for industry","Industry","VN","0.198","false","true","Explicit industrial fuel/process conversion; not power policy","/home/jin/research/SGP_ESE5004_Stage2/pypsa-asean/results/baseline-aims-3H-tutorial/prenetworks/elec_s_50_ec_lv2.0__3h_2030_0.071_pre_adjusted.nc; current scripts/prepare_sector_network.py","REFERENCE_MAPPING_NOT_NUMERIC_ACCEPTANCE","tCO2/MWh_Link_input","false"
"Link:VN2 2 gas for industry","gas for industry","Industry","VN","0.198","false","true","Explicit industrial fuel/process conversion; not power policy","/home/jin/research/SGP_ESE5004_Stage2/pypsa-asean/results/baseline-aims-3H-tutorial/prenetworks/elec_s_50_ec_lv2.0__3h_2030_0.071_pre_adjusted.nc; current scripts/prepare_sector_network.py","REFERENCE_MAPPING_NOT_NUMERIC_ACCEPTANCE","tCO2/MWh_Link_input","false"
"Link:BN4 0 gas for industry CC","gas for industry CC","Industry","BN","0.019799999999999998","false","true","Explicit industrial fuel/process conversion; not power policy","/home/jin/research/SGP_ESE5004_Stage2/pypsa-asean/results/baseline-aims-3H-tutorial/prenetworks/elec_s_50_ec_lv2.0__3h_2030_0.071_pre_adjusted.nc; current scripts/prepare_sector_network.py","REFERENCE_MAPPING_NOT_NUMERIC_ACCEPTANCE","tCO2/MWh_Link_input","false"
"Link:ID_Java-Bali1 0 gas for industry CC","gas for industry CC","Industry","ID","0.019799999999999998","false","true","Explicit industrial fuel/process conversion; not power policy","/home/jin/research/SGP_ESE5004_Stage2/pypsa-asean/results/baseline-aims-3H-tutorial/prenetworks/elec_s_50_ec_lv2.0__3h_2030_0.071_pre_adjusted.nc; current scripts/prepare_sector_network.py","REFERENCE_MAPPING_NOT_NUMERIC_ACCEPTANCE","tCO2/MWh_Link_input","false"
"Link:ID_Kalimantan4 0 gas for industry CC","gas for industry CC","Industry","ID","0.019799999999999998","false","true","Explicit industrial fuel/process conversion; not power policy","/home/jin/research/SGP_ESE5004_Stage2/pypsa-asean/results/baseline-aims-3H-tutorial/prenetworks/elec_s_50_ec_lv2.0__3h_2030_0.071_pre_adjusted.nc; current scripts/prepare_sector_network.py","REFERENCE_MAPPING_NOT_NUMERIC_ACCEPTANCE","tCO2/MWh_Link_input","false"
"Link:ID_Kalimantan4 1 gas for industry CC","gas for industry CC","Industry","ID","0.019799999999999998","false","true","Explicit industrial fuel/process conversion; not power policy","/home/jin/research/SGP_ESE5004_Stage2/pypsa-asean/results/baseline-aims-3H-tutorial/prenetworks/elec_s_50_ec_lv2.0__3h_2030_0.071_pre_adjusted.nc; current scripts/prepare_sector_network.py","REFERENCE_MAPPING_NOT_NUMERIC_ACCEPTANCE","tCO2/MWh_Link_input","false"
"Link:ID_Kalimantan4 2 gas for industry CC","gas for industry CC","Industry","ID","0.019799999999999998","false","true","Explicit industrial fuel/process conversion; not power policy","/home/jin/research/SGP_ESE5004_Stage2/pypsa-asean/results/baseline-aims-3H-tutorial/prenetworks/elec_s_50_ec_lv2.0__3h_2030_0.071_pre_adjusted.nc; current scripts/prepare_sector_network.py","REFERENCE_MAPPING_NOT_NUMERIC_ACCEPTANCE","tCO2/MWh_Link_input","false"
"Link:ID_Kalimantan4 3 gas for industry CC","gas for industry CC","Industry","ID","0.019799999999999998","false","true","Explicit industrial fuel/process conversion; not power policy","/home/jin/research/SGP_ESE5004_Stage2/pypsa-asean/results/baseline-aims-3H-tutorial/prenetworks/elec_s_50_ec_lv2.0__3h_2030_0.071_pre_adjusted.nc; current scripts/prepare_sector_network.py","REFERENCE_MAPPING_NOT_NUMERIC_ACCEPTANCE","tCO2/MWh_Link_input","false"
"Link:ID_Kalimantan4 4 gas for industry CC","gas for industry CC","Industry","ID","0.019799999999999998","false","true","Explicit industrial fuel/process conversion; not power policy","/home/jin/research/SGP_ESE5004_Stage2/pypsa-asean/results/baseline-aims-3H-tutorial/prenetworks/elec_s_50_ec_lv2.0__3h_2030_0.071_pre_adjusted.nc; current scripts/prepare_sector_network.py","REFERENCE_MAPPING_NOT_NUMERIC_ACCEPTANCE","tCO2/MWh_Link_input","false"
"Link:ID_Kalimantan4 5 gas for industry CC","gas for industry CC","Industry","ID","0.019799999999999998","false","true","Explicit industrial fuel/process conversion; not power policy","/home/jin/research/SGP_ESE5004_Stage2/pypsa-asean/results/baseline-aims-3H-tutorial/prenetworks/elec_s_50_ec_lv2.0__3h_2030_0.071_pre_adjusted.nc; current scripts/prepare_sector_network.py","REFERENCE_MAPPING_NOT_NUMERIC_ACCEPTANCE","tCO2/MWh_Link_input","false"
"Link:ID_Maluku16 0 gas for industry CC","gas for industry CC","Industry","ID","0.019799999999999998","false","true","Explicit industrial fuel/process conversion; not power policy","/home/jin/research/SGP_ESE5004_Stage2/pypsa-asean/results/baseline-aims-3H-tutorial/prenetworks/elec_s_50_ec_lv2.0__3h_2030_0.071_pre_adjusted.nc; current scripts/prepare_sector_network.py","REFERENCE_MAPPING_NOT_NUMERIC_ACCEPTANCE","tCO2/MWh_Link_input","false"
"Link:ID_Maluku17 0 gas for industry CC","gas for industry CC","Industry","ID","0.019799999999999998","false","true","Explicit industrial fuel/process conversion; not power policy","/home/jin/research/SGP_ESE5004_Stage2/pypsa-asean/results/baseline-aims-3H-tutorial/prenetworks/elec_s_50_ec_lv2.0__3h_2030_0.071_pre_adjusted.nc; current scripts/prepare_sector_network.py","REFERENCE_MAPPING_NOT_NUMERIC_ACCEPTANCE","tCO2/MWh_Link_input","false"
"Link:ID_Maluku8 0 gas for industry CC","gas for industry CC","Industry","ID","0.019799999999999998","false","true","Explicit industrial fuel/process conversion; not power policy","/home/jin/research/SGP_ESE5004_Stage2/pypsa-asean/results/baseline-aims-3H-tutorial/prenetworks/elec_s_50_ec_lv2.0__3h_2030_0.071_pre_adjusted.nc; current scripts/prepare_sector_network.py","REFERENCE_MAPPING_NOT_NUMERIC_ACCEPTANCE","tCO2/MWh_Link_input","false"
"Link:ID_Nusa-Tenggara12 0 gas for industry CC","gas for industry CC","Industry","ID","0.019799999999999998","false","true","Explicit industrial fuel/process conversion; not power policy","/home/jin/research/SGP_ESE5004_Stage2/pypsa-asean/results/baseline-aims-3H-tutorial/prenetworks/elec_s_50_ec_lv2.0__3h_2030_0.071_pre_adjusted.nc; current scripts/prepare_sector_network.py","REFERENCE_MAPPING_NOT_NUMERIC_ACCEPTANCE","tCO2/MWh_Link_input","false"
"Link:ID_Nusa-Tenggara13 0 gas for industry CC","gas for industry CC","Industry","ID","0.019799999999999998","false","true","Explicit industrial fuel/process conversion; not power policy","/home/jin/research/SGP_ESE5004_Stage2/pypsa-asean/results/baseline-aims-3H-tutorial/prenetworks/elec_s_50_ec_lv2.0__3h_2030_0.071_pre_adjusted.nc; current scripts/prepare_sector_network.py","REFERENCE_MAPPING_NOT_NUMERIC_ACCEPTANCE","tCO2/MWh_Link_input","false"
"Link:ID_Nusa-Tenggara14 0 gas for industry CC","gas for industry CC","Industry","ID","0.019799999999999998","false","true","Explicit industrial fuel/process conversion; not power policy","/home/jin/research/SGP_ESE5004_Stage2/pypsa-asean/results/baseline-aims-3H-tutorial/prenetworks/elec_s_50_ec_lv2.0__3h_2030_0.071_pre_adjusted.nc; current scripts/prepare_sector_network.py","REFERENCE_MAPPING_NOT_NUMERIC_ACCEPTANCE","tCO2/MWh_Link_input","false"
"Link:ID_Nusa-Tenggara15 0 gas for industry CC","gas for industry CC","Industry","ID","0.019799999999999998","false","true","Explicit industrial fuel/process conversion; not power policy","/home/jin/research/SGP_ESE5004_Stage2/pypsa-asean/results/baseline-aims-3H-tutorial/prenetworks/elec_s_50_ec_lv2.0__3h_2030_0.071_pre_adjusted.nc; current scripts/prepare_sector_network.py","REFERENCE_MAPPING_NOT_NUMERIC_ACCEPTANCE","tCO2/MWh_Link_input","false"
"Link:ID_Papua18 0 gas for industry CC","gas for industry CC","Industry","ID","0.019799999999999998","false","true","Explicit industrial fuel/process conversion; not power policy","/home/jin/research/SGP_ESE5004_Stage2/pypsa-asean/results/baseline-aims-3H-tutorial/prenetworks/elec_s_50_ec_lv2.0__3h_2030_0.071_pre_adjusted.nc; current scripts/prepare_sector_network.py","REFERENCE_MAPPING_NOT_NUMERIC_ACCEPTANCE","tCO2/MWh_Link_input","false"
"Link:ID_Papua19 0 gas for industry CC","gas for industry CC","Industry","ID","0.019799999999999998","false","true","Explicit industrial fuel/process conversion; not power policy","/home/jin/research/SGP_ESE5004_Stage2/pypsa-asean/results/baseline-aims-3H-tutorial/prenetworks/elec_s_50_ec_lv2.0__3h_2030_0.071_pre_adjusted.nc; current scripts/prepare_sector_network.py","REFERENCE_MAPPING_NOT_NUMERIC_ACCEPTANCE","tCO2/MWh_Link_input","false"
"Link:ID_Papua20 0 gas for industry CC","gas for industry CC","Industry","ID","0.019799999999999998","false","true","Explicit industrial fuel/process conversion; not power policy","/home/jin/research/SGP_ESE5004_Stage2/pypsa-asean/results/baseline-aims-3H-tutorial/prenetworks/elec_s_50_ec_lv2.0__3h_2030_0.071_pre_adjusted.nc; current scripts/prepare_sector_network.py","REFERENCE_MAPPING_NOT_NUMERIC_ACCEPTANCE","tCO2/MWh_Link_input","false"
"Link:ID_Sulawesi0 0 gas for industry CC","gas for industry CC","Industry","ID","0.019799999999999998","false","true","Explicit industrial fuel/process conversion; not power policy","/home/jin/research/SGP_ESE5004_Stage2/pypsa-asean/results/baseline-aims-3H-tutorial/prenetworks/elec_s_50_ec_lv2.0__3h_2030_0.071_pre_adjusted.nc; current scripts/prepare_sector_network.py","REFERENCE_MAPPING_NOT_NUMERIC_ACCEPTANCE","tCO2/MWh_Link_input","false"
"Link:ID_Sumatra2 0 gas for industry CC","gas for industry CC","Industry","ID","0.019799999999999998","false","true","Explicit industrial fuel/process conversion; not power policy","/home/jin/research/SGP_ESE5004_Stage2/pypsa-asean/results/baseline-aims-3H-tutorial/prenetworks/elec_s_50_ec_lv2.0__3h_2030_0.071_pre_adjusted.nc; current scripts/prepare_sector_network.py","REFERENCE_MAPPING_NOT_NUMERIC_ACCEPTANCE","tCO2/MWh_Link_input","false"
"Link:ID_Sumatra3 0 gas for industry CC","gas for industry CC","Industry","ID","0.019799999999999998","false","true","Explicit industrial fuel/process conversion; not power policy","/home/jin/research/SGP_ESE5004_Stage2/pypsa-asean/results/baseline-aims-3H-tutorial/prenetworks/elec_s_50_ec_lv2.0__3h_2030_0.071_pre_adjusted.nc; current scripts/prepare_sector_network.py","REFERENCE_MAPPING_NOT_NUMERIC_ACCEPTANCE","tCO2/MWh_Link_input","false"
"Link:ID_Sumatra3 1 gas for industry CC","gas for industry CC","Industry","ID","0.019799999999999998","false","true","Explicit industrial fuel/process conversion; not power policy","/home/jin/research/SGP_ESE5004_Stage2/pypsa-asean/results/baseline-aims-3H-tutorial/prenetworks/elec_s_50_ec_lv2.0__3h_2030_0.071_pre_adjusted.nc; current scripts/prepare_sector_network.py","REFERENCE_MAPPING_NOT_NUMERIC_ACCEPTANCE","tCO2/MWh_Link_input","false"
"Link:KH2 0 gas for industry CC","gas for industry CC","Industry","KH","0.019799999999999998","false","true","Explicit industrial fuel/process conversion; not power policy","/home/jin/research/SGP_ESE5004_Stage2/pypsa-asean/results/baseline-aims-3H-tutorial/prenetworks/elec_s_50_ec_lv2.0__3h_2030_0.071_pre_adjusted.nc; current scripts/prepare_sector_network.py","REFERENCE_MAPPING_NOT_NUMERIC_ACCEPTANCE","tCO2/MWh_Link_input","false"
"Link:LA2 0 gas for industry CC","gas for industry CC","Industry","LA","0.019799999999999998","false","true","Explicit industrial fuel/process conversion; not power policy","/home/jin/research/SGP_ESE5004_Stage2/pypsa-asean/results/baseline-aims-3H-tutorial/prenetworks/elec_s_50_ec_lv2.0__3h_2030_0.071_pre_adjusted.nc; current scripts/prepare_sector_network.py","REFERENCE_MAPPING_NOT_NUMERIC_ACCEPTANCE","tCO2/MWh_Link_input","false"
"Link:LA2 1 gas for industry CC","gas for industry CC","Industry","LA","0.019799999999999998","false","true","Explicit industrial fuel/process conversion; not power policy","/home/jin/research/SGP_ESE5004_Stage2/pypsa-asean/results/baseline-aims-3H-tutorial/prenetworks/elec_s_50_ec_lv2.0__3h_2030_0.071_pre_adjusted.nc; current scripts/prepare_sector_network.py","REFERENCE_MAPPING_NOT_NUMERIC_ACCEPTANCE","tCO2/MWh_Link_input","false"
"Link:MM2 0 gas for industry CC","gas for industry CC","Industry","MM","0.019799999999999998","false","true","Explicit industrial fuel/process conversion; not power policy","/home/jin/research/SGP_ESE5004_Stage2/pypsa-asean/results/baseline-aims-3H-tutorial/prenetworks/elec_s_50_ec_lv2.0__3h_2030_0.071_pre_adjusted.nc; current scripts/prepare_sector_network.py","REFERENCE_MAPPING_NOT_NUMERIC_ACCEPTANCE","tCO2/MWh_Link_input","false"
"Link:MM2 1 gas for industry CC","gas for industry CC","Industry","MM","0.019799999999999998","false","true","Explicit industrial fuel/process conversion; not power policy","/home/jin/research/SGP_ESE5004_Stage2/pypsa-asean/results/baseline-aims-3H-tutorial/prenetworks/elec_s_50_ec_lv2.0__3h_2030_0.071_pre_adjusted.nc; current scripts/prepare_sector_network.py","REFERENCE_MAPPING_NOT_NUMERIC_ACCEPTANCE","tCO2/MWh_Link_input","false"
"Link:MM2 2 gas for industry CC","gas for industry CC","Industry","MM","0.019799999999999998","false","true","Explicit industrial fuel/process conversion; not power policy","/home/jin/research/SGP_ESE5004_Stage2/pypsa-asean/results/baseline-aims-3H-tutorial/prenetworks/elec_s_50_ec_lv2.0__3h_2030_0.071_pre_adjusted.nc; current scripts/prepare_sector_network.py","REFERENCE_MAPPING_NOT_NUMERIC_ACCEPTANCE","tCO2/MWh_Link_input","false"
"Link:MM2 3 gas for industry CC","gas for industry CC","Industry","MM","0.019799999999999998","false","true","Explicit industrial fuel/process conversion; not power policy","/home/jin/research/SGP_ESE5004_Stage2/pypsa-asean/results/baseline-aims-3H-tutorial/prenetworks/elec_s_50_ec_lv2.0__3h_2030_0.071_pre_adjusted.nc; current scripts/prepare_sector_network.py","REFERENCE_MAPPING_NOT_NUMERIC_ACCEPTANCE","tCO2/MWh_Link_input","false"
"Link:MM2 4 gas for industry CC","gas for industry CC","Industry","MM","0.019799999999999998","false","true","Explicit industrial fuel/process conversion; not power policy","/home/jin/research/SGP_ESE5004_Stage2/pypsa-asean/results/baseline-aims-3H-tutorial/prenetworks/elec_s_50_ec_lv2.0__3h_2030_0.071_pre_adjusted.nc; current scripts/prepare_sector_network.py","REFERENCE_MAPPING_NOT_NUMERIC_ACCEPTANCE","tCO2/MWh_Link_input","false"
"Link:MM2 5 gas for industry CC","gas for industry CC","Industry","MM","0.019799999999999998","false","true","Explicit industrial fuel/process conversion; not power policy","/home/jin/research/SGP_ESE5004_Stage2/pypsa-asean/results/baseline-aims-3H-tutorial/prenetworks/elec_s_50_ec_lv2.0__3h_2030_0.071_pre_adjusted.nc; current scripts/prepare_sector_network.py","REFERENCE_MAPPING_NOT_NUMERIC_ACCEPTANCE","tCO2/MWh_Link_input","false"
"Link:MM2 6 gas for industry CC","gas for industry CC","Industry","MM","0.019799999999999998","false","true","Explicit industrial fuel/process conversion; not power policy","/home/jin/research/SGP_ESE5004_Stage2/pypsa-asean/results/baseline-aims-3H-tutorial/prenetworks/elec_s_50_ec_lv2.0__3h_2030_0.071_pre_adjusted.nc; current scripts/prepare_sector_network.py","REFERENCE_MAPPING_NOT_NUMERIC_ACCEPTANCE","tCO2/MWh_Link_input","false"
"Link:MY_Peninsular2 0 gas for industry CC","gas for industry CC","Industry","MY","0.019799999999999998","false","true","Explicit industrial fuel/process conversion; not power policy","/home/jin/research/SGP_ESE5004_Stage2/pypsa-asean/results/baseline-aims-3H-tutorial/prenetworks/elec_s_50_ec_lv2.0__3h_2030_0.071_pre_adjusted.nc; current scripts/prepare_sector_network.py","REFERENCE_MAPPING_NOT_NUMERIC_ACCEPTANCE","tCO2/MWh_Link_input","false"
"Link:MY_Sabah4 0 gas for industry CC","gas for industry CC","Industry","MY","0.019799999999999998","false","true","Explicit industrial fuel/process conversion; not power policy","/home/jin/research/SGP_ESE5004_Stage2/pypsa-asean/results/baseline-aims-3H-tutorial/prenetworks/elec_s_50_ec_lv2.0__3h_2030_0.071_pre_adjusted.nc; current scripts/prepare_sector_network.py","REFERENCE_MAPPING_NOT_NUMERIC_ACCEPTANCE","tCO2/MWh_Link_input","false"
"Link:MY_Sarawak4 0 gas for industry CC","gas for industry CC","Industry","MY","0.019799999999999998","false","true","Explicit industrial fuel/process conversion; not power policy","/home/jin/research/SGP_ESE5004_Stage2/pypsa-asean/results/baseline-aims-3H-tutorial/prenetworks/elec_s_50_ec_lv2.0__3h_2030_0.071_pre_adjusted.nc; current scripts/prepare_sector_network.py","REFERENCE_MAPPING_NOT_NUMERIC_ACCEPTANCE","tCO2/MWh_Link_input","false"
"Link:PH5 0 gas for industry CC","gas for industry CC","Industry","PH","0.019799999999999998","false","true","Explicit industrial fuel/process conversion; not power policy","/home/jin/research/SGP_ESE5004_Stage2/pypsa-asean/results/baseline-aims-3H-tutorial/prenetworks/elec_s_50_ec_lv2.0__3h_2030_0.071_pre_adjusted.nc; current scripts/prepare_sector_network.py","REFERENCE_MAPPING_NOT_NUMERIC_ACCEPTANCE","tCO2/MWh_Link_input","false"
"Link:PH_Luzon5 0 gas for industry CC","gas for industry CC","Industry","PH","0.019799999999999998","false","true","Explicit industrial fuel/process conversion; not power policy","/home/jin/research/SGP_ESE5004_Stage2/pypsa-asean/results/baseline-aims-3H-tutorial/prenetworks/elec_s_50_ec_lv2.0__3h_2030_0.071_pre_adjusted.nc; current scripts/prepare_sector_network.py","REFERENCE_MAPPING_NOT_NUMERIC_ACCEPTANCE","tCO2/MWh_Link_input","false"
"Link:PH_Luzon9 0 gas for industry CC","gas for industry CC","Industry","PH","0.019799999999999998","false","true","Explicit industrial fuel/process conversion; not power policy","/home/jin/research/SGP_ESE5004_Stage2/pypsa-asean/results/baseline-aims-3H-tutorial/prenetworks/elec_s_50_ec_lv2.0__3h_2030_0.071_pre_adjusted.nc; current scripts/prepare_sector_network.py","REFERENCE_MAPPING_NOT_NUMERIC_ACCEPTANCE","tCO2/MWh_Link_input","false"
"Link:PH_Mindanao6 0 gas for industry CC","gas for industry CC","Industry","PH","0.019799999999999998","false","true","Explicit industrial fuel/process conversion; not power policy","/home/jin/research/SGP_ESE5004_Stage2/pypsa-asean/results/baseline-aims-3H-tutorial/prenetworks/elec_s_50_ec_lv2.0__3h_2030_0.071_pre_adjusted.nc; current scripts/prepare_sector_network.py","REFERENCE_MAPPING_NOT_NUMERIC_ACCEPTANCE","tCO2/MWh_Link_input","false"
"Link:PH_Visayas10 0 gas for industry CC","gas for industry CC","Industry","PH","0.019799999999999998","false","true","Explicit industrial fuel/process conversion; not power policy","/home/jin/research/SGP_ESE5004_Stage2/pypsa-asean/results/baseline-aims-3H-tutorial/prenetworks/elec_s_50_ec_lv2.0__3h_2030_0.071_pre_adjusted.nc; current scripts/prepare_sector_network.py","REFERENCE_MAPPING_NOT_NUMERIC_ACCEPTANCE","tCO2/MWh_Link_input","false"
"Link:PH_Visayas7 0 gas for industry CC","gas for industry CC","Industry","PH","0.019799999999999998","false","true","Explicit industrial fuel/process conversion; not power policy","/home/jin/research/SGP_ESE5004_Stage2/pypsa-asean/results/baseline-aims-3H-tutorial/prenetworks/elec_s_50_ec_lv2.0__3h_2030_0.071_pre_adjusted.nc; current scripts/prepare_sector_network.py","REFERENCE_MAPPING_NOT_NUMERIC_ACCEPTANCE","tCO2/MWh_Link_input","false"
"Link:SG2 0 gas for industry CC","gas for industry CC","Industry","SG","0.019799999999999998","false","true","Explicit industrial fuel/process conversion; not power policy","/home/jin/research/SGP_ESE5004_Stage2/pypsa-asean/results/baseline-aims-3H-tutorial/prenetworks/elec_s_50_ec_lv2.0__3h_2030_0.071_pre_adjusted.nc; current scripts/prepare_sector_network.py","REFERENCE_MAPPING_NOT_NUMERIC_ACCEPTANCE","tCO2/MWh_Link_input","false"
"Link:TH2 0 gas for industry CC","gas for industry CC","Industry","TH","0.019799999999999998","false","true","Explicit industrial fuel/process conversion; not power policy","/home/jin/research/SGP_ESE5004_Stage2/pypsa-asean/results/baseline-aims-3H-tutorial/prenetworks/elec_s_50_ec_lv2.0__3h_2030_0.071_pre_adjusted.nc; current scripts/prepare_sector_network.py","REFERENCE_MAPPING_NOT_NUMERIC_ACCEPTANCE","tCO2/MWh_Link_input","false"
"Link:TH2 1 gas for industry CC","gas for industry CC","Industry","TH","0.019799999999999998","false","true","Explicit industrial fuel/process conversion; not power policy","/home/jin/research/SGP_ESE5004_Stage2/pypsa-asean/results/baseline-aims-3H-tutorial/prenetworks/elec_s_50_ec_lv2.0__3h_2030_0.071_pre_adjusted.nc; current scripts/prepare_sector_network.py","REFERENCE_MAPPING_NOT_NUMERIC_ACCEPTANCE","tCO2/MWh_Link_input","false"
"Link:TL11 0 gas for industry CC","gas for industry CC","Industry","TL","0.019799999999999998","false","true","Explicit industrial fuel/process conversion; not power policy","/home/jin/research/SGP_ESE5004_Stage2/pypsa-asean/results/baseline-aims-3H-tutorial/prenetworks/elec_s_50_ec_lv2.0__3h_2030_0.071_pre_adjusted.nc; current scripts/prepare_sector_network.py","REFERENCE_MAPPING_NOT_NUMERIC_ACCEPTANCE","tCO2/MWh_Link_input","false"
"Link:VN2 0 gas for industry CC","gas for industry CC","Industry","VN","0.019799999999999998","false","true","Explicit industrial fuel/process conversion; not power policy","/home/jin/research/SGP_ESE5004_Stage2/pypsa-asean/results/baseline-aims-3H-tutorial/prenetworks/elec_s_50_ec_lv2.0__3h_2030_0.071_pre_adjusted.nc; current scripts/prepare_sector_network.py","REFERENCE_MAPPING_NOT_NUMERIC_ACCEPTANCE","tCO2/MWh_Link_input","false"
"Link:VN2 1 gas for industry CC","gas for industry CC","Industry","VN","0.019799999999999998","false","true","Explicit industrial fuel/process conversion; not power policy","/home/jin/research/SGP_ESE5004_Stage2/pypsa-asean/results/baseline-aims-3H-tutorial/prenetworks/elec_s_50_ec_lv2.0__3h_2030_0.071_pre_adjusted.nc; current scripts/prepare_sector_network.py","REFERENCE_MAPPING_NOT_NUMERIC_ACCEPTANCE","tCO2/MWh_Link_input","false"
"Link:VN2 2 gas for industry CC","gas for industry CC","Industry","VN","0.019799999999999998","false","true","Explicit industrial fuel/process conversion; not power policy","/home/jin/research/SGP_ESE5004_Stage2/pypsa-asean/results/baseline-aims-3H-tutorial/prenetworks/elec_s_50_ec_lv2.0__3h_2030_0.071_pre_adjusted.nc; current scripts/prepare_sector_network.py","REFERENCE_MAPPING_NOT_NUMERIC_ACCEPTANCE","tCO2/MWh_Link_input","false"
"Link:process emissions","process emissions","Industry","UNRESOLVED","1","false","true","Explicit industrial fuel/process conversion; not power policy","/home/jin/research/SGP_ESE5004_Stage2/pypsa-asean/results/baseline-aims-3H-tutorial/prenetworks/elec_s_50_ec_lv2.0__3h_2030_0.071_pre_adjusted.nc; current scripts/prepare_sector_network.py","REFERENCE_MAPPING_NOT_NUMERIC_ACCEPTANCE","tCO2/MWh_Link_input","false"
"Link:Earth process emissions CC","process emissions CC","Industry","UNRESOLVED","0.09999999999999998","false","true","Explicit industrial fuel/process conversion; not power policy","/home/jin/research/SGP_ESE5004_Stage2/pypsa-asean/results/baseline-aims-3H-tutorial/prenetworks/elec_s_50_ec_lv2.0__3h_2030_0.071_pre_adjusted.nc; current scripts/prepare_sector_network.py","REFERENCE_MAPPING_NOT_NUMERIC_ACCEPTANCE","tCO2/MWh_Link_input","false"
"Link:BN4 0 services urban decentral DAC","DAC","Conversion","BN","","PENDING_CAPTURE_OR_ORIGIN_SCOPE","true","Physical carbon transfer/uptake/vent role requires origin and accepted credit scope; FT transfer not new emission","/home/jin/research/SGP_ESE5004_Stage2/pypsa-asean/results/baseline-aims-3H-tutorial/prenetworks/elec_s_50_ec_lv2.0__3h_2030_0.071_pre_adjusted.nc; current scripts/prepare_sector_network.py","REFERENCE_MAPPING_NOT_NUMERIC_ACCEPTANCE","tCO2/MWh_Link_input","false"
"Link:ID_Java-Bali1 0 services urban decentral DAC","DAC","Conversion","ID","","PENDING_CAPTURE_OR_ORIGIN_SCOPE","true","Physical carbon transfer/uptake/vent role requires origin and accepted credit scope; FT transfer not new emission","/home/jin/research/SGP_ESE5004_Stage2/pypsa-asean/results/baseline-aims-3H-tutorial/prenetworks/elec_s_50_ec_lv2.0__3h_2030_0.071_pre_adjusted.nc; current scripts/prepare_sector_network.py","REFERENCE_MAPPING_NOT_NUMERIC_ACCEPTANCE","tCO2/MWh_Link_input","false"
"Link:ID_Kalimantan4 0 services urban decentral DAC","DAC","Conversion","ID","","PENDING_CAPTURE_OR_ORIGIN_SCOPE","true","Physical carbon transfer/uptake/vent role requires origin and accepted credit scope; FT transfer not new emission","/home/jin/research/SGP_ESE5004_Stage2/pypsa-asean/results/baseline-aims-3H-tutorial/prenetworks/elec_s_50_ec_lv2.0__3h_2030_0.071_pre_adjusted.nc; current scripts/prepare_sector_network.py","REFERENCE_MAPPING_NOT_NUMERIC_ACCEPTANCE","tCO2/MWh_Link_input","false"
"Link:ID_Kalimantan4 1 services urban decentral DAC","DAC","Conversion","ID","","PENDING_CAPTURE_OR_ORIGIN_SCOPE","true","Physical carbon transfer/uptake/vent role requires origin and accepted credit scope; FT transfer not new emission","/home/jin/research/SGP_ESE5004_Stage2/pypsa-asean/results/baseline-aims-3H-tutorial/prenetworks/elec_s_50_ec_lv2.0__3h_2030_0.071_pre_adjusted.nc; current scripts/prepare_sector_network.py","REFERENCE_MAPPING_NOT_NUMERIC_ACCEPTANCE","tCO2/MWh_Link_input","false"
"Link:ID_Kalimantan4 2 services urban decentral DAC","DAC","Conversion","ID","","PENDING_CAPTURE_OR_ORIGIN_SCOPE","true","Physical carbon transfer/uptake/vent role requires origin and accepted credit scope; FT transfer not new emission","/home/jin/research/SGP_ESE5004_Stage2/pypsa-asean/results/baseline-aims-3H-tutorial/prenetworks/elec_s_50_ec_lv2.0__3h_2030_0.071_pre_adjusted.nc; current scripts/prepare_sector_network.py","REFERENCE_MAPPING_NOT_NUMERIC_ACCEPTANCE","tCO2/MWh_Link_input","false"
"Link:ID_Kalimantan4 3 services urban decentral DAC","DAC","Conversion","ID","","PENDING_CAPTURE_OR_ORIGIN_SCOPE","true","Physical carbon transfer/uptake/vent role requires origin and accepted credit scope; FT transfer not new emission","/home/jin/research/SGP_ESE5004_Stage2/pypsa-asean/results/baseline-aims-3H-tutorial/prenetworks/elec_s_50_ec_lv2.0__3h_2030_0.071_pre_adjusted.nc; current scripts/prepare_sector_network.py","REFERENCE_MAPPING_NOT_NUMERIC_ACCEPTANCE","tCO2/MWh_Link_input","false"
"Link:ID_Kalimantan4 4 services urban decentral DAC","DAC","Conversion","ID","","PENDING_CAPTURE_OR_ORIGIN_SCOPE","true","Physical carbon transfer/uptake/vent role requires origin and accepted credit scope; FT transfer not new emission","/home/jin/research/SGP_ESE5004_Stage2/pypsa-asean/results/baseline-aims-3H-tutorial/prenetworks/elec_s_50_ec_lv2.0__3h_2030_0.071_pre_adjusted.nc; current scripts/prepare_sector_network.py","REFERENCE_MAPPING_NOT_NUMERIC_ACCEPTANCE","tCO2/MWh_Link_input","false"
"Link:ID_Kalimantan4 5 services urban decentral DAC","DAC","Conversion","ID","","PENDING_CAPTURE_OR_ORIGIN_SCOPE","true","Physical carbon transfer/uptake/vent role requires origin and accepted credit scope; FT transfer not new emission","/home/jin/research/SGP_ESE5004_Stage2/pypsa-asean/results/baseline-aims-3H-tutorial/prenetworks/elec_s_50_ec_lv2.0__3h_2030_0.071_pre_adjusted.nc; current scripts/prepare_sector_network.py","REFERENCE_MAPPING_NOT_NUMERIC_ACCEPTANCE","tCO2/MWh_Link_input","false"
"Link:ID_Maluku16 0 services urban decentral DAC","DAC","Conversion","ID","","PENDING_CAPTURE_OR_ORIGIN_SCOPE","true","Physical carbon transfer/uptake/vent role requires origin and accepted credit scope; FT transfer not new emission","/home/jin/research/SGP_ESE5004_Stage2/pypsa-asean/results/baseline-aims-3H-tutorial/prenetworks/elec_s_50_ec_lv2.0__3h_2030_0.071_pre_adjusted.nc; current scripts/prepare_sector_network.py","REFERENCE_MAPPING_NOT_NUMERIC_ACCEPTANCE","tCO2/MWh_Link_input","false"
"Link:ID_Maluku17 0 services urban decentral DAC","DAC","Conversion","ID","","PENDING_CAPTURE_OR_ORIGIN_SCOPE","true","Physical carbon transfer/uptake/vent role requires origin and accepted credit scope; FT transfer not new emission","/home/jin/research/SGP_ESE5004_Stage2/pypsa-asean/results/baseline-aims-3H-tutorial/prenetworks/elec_s_50_ec_lv2.0__3h_2030_0.071_pre_adjusted.nc; current scripts/prepare_sector_network.py","REFERENCE_MAPPING_NOT_NUMERIC_ACCEPTANCE","tCO2/MWh_Link_input","false"
"Link:ID_Maluku8 0 services urban decentral DAC","DAC","Conversion","ID","","PENDING_CAPTURE_OR_ORIGIN_SCOPE","true","Physical carbon transfer/uptake/vent role requires origin and accepted credit scope; FT transfer not new emission","/home/jin/research/SGP_ESE5004_Stage2/pypsa-asean/results/baseline-aims-3H-tutorial/prenetworks/elec_s_50_ec_lv2.0__3h_2030_0.071_pre_adjusted.nc; current scripts/prepare_sector_network.py","REFERENCE_MAPPING_NOT_NUMERIC_ACCEPTANCE","tCO2/MWh_Link_input","false"
"Link:ID_Nusa-Tenggara12 0 services urban decentral DAC","DAC","Conversion","ID","","PENDING_CAPTURE_OR_ORIGIN_SCOPE","true","Physical carbon transfer/uptake/vent role requires origin and accepted credit scope; FT transfer not new emission","/home/jin/research/SGP_ESE5004_Stage2/pypsa-asean/results/baseline-aims-3H-tutorial/prenetworks/elec_s_50_ec_lv2.0__3h_2030_0.071_pre_adjusted.nc; current scripts/prepare_sector_network.py","REFERENCE_MAPPING_NOT_NUMERIC_ACCEPTANCE","tCO2/MWh_Link_input","false"
"Link:ID_Nusa-Tenggara13 0 services urban decentral DAC","DAC","Conversion","ID","","PENDING_CAPTURE_OR_ORIGIN_SCOPE","true","Physical carbon transfer/uptake/vent role requires origin and accepted credit scope; FT transfer not new emission","/home/jin/research/SGP_ESE5004_Stage2/pypsa-asean/results/baseline-aims-3H-tutorial/prenetworks/elec_s_50_ec_lv2.0__3h_2030_0.071_pre_adjusted.nc; current scripts/prepare_sector_network.py","REFERENCE_MAPPING_NOT_NUMERIC_ACCEPTANCE","tCO2/MWh_Link_input","false"
"Link:ID_Nusa-Tenggara14 0 services urban decentral DAC","DAC","Conversion","ID","","PENDING_CAPTURE_OR_ORIGIN_SCOPE","true","Physical carbon transfer/uptake/vent role requires origin and accepted credit scope; FT transfer not new emission","/home/jin/research/SGP_ESE5004_Stage2/pypsa-asean/results/baseline-aims-3H-tutorial/prenetworks/elec_s_50_ec_lv2.0__3h_2030_0.071_pre_adjusted.nc; current scripts/prepare_sector_network.py","REFERENCE_MAPPING_NOT_NUMERIC_ACCEPTANCE","tCO2/MWh_Link_input","false"
"Link:ID_Nusa-Tenggara15 0 services urban decentral DAC","DAC","Conversion","ID","","PENDING_CAPTURE_OR_ORIGIN_SCOPE","true","Physical carbon transfer/uptake/vent role requires origin and accepted credit scope; FT transfer not new emission","/home/jin/research/SGP_ESE5004_Stage2/pypsa-asean/results/baseline-aims-3H-tutorial/prenetworks/elec_s_50_ec_lv2.0__3h_2030_0.071_pre_adjusted.nc; current scripts/prepare_sector_network.py","REFERENCE_MAPPING_NOT_NUMERIC_ACCEPTANCE","tCO2/MWh_Link_input","false"
"Link:ID_Papua18 0 services urban decentral DAC","DAC","Conversion","ID","","PENDING_CAPTURE_OR_ORIGIN_SCOPE","true","Physical carbon transfer/uptake/vent role requires origin and accepted credit scope; FT transfer not new emission","/home/jin/research/SGP_ESE5004_Stage2/pypsa-asean/results/baseline-aims-3H-tutorial/prenetworks/elec_s_50_ec_lv2.0__3h_2030_0.071_pre_adjusted.nc; current scripts/prepare_sector_network.py","REFERENCE_MAPPING_NOT_NUMERIC_ACCEPTANCE","tCO2/MWh_Link_input","false"
"Link:ID_Papua19 0 services urban decentral DAC","DAC","Conversion","ID","","PENDING_CAPTURE_OR_ORIGIN_SCOPE","true","Physical carbon transfer/uptake/vent role requires origin and accepted credit scope; FT transfer not new emission","/home/jin/research/SGP_ESE5004_Stage2/pypsa-asean/results/baseline-aims-3H-tutorial/prenetworks/elec_s_50_ec_lv2.0__3h_2030_0.071_pre_adjusted.nc; current scripts/prepare_sector_network.py","REFERENCE_MAPPING_NOT_NUMERIC_ACCEPTANCE","tCO2/MWh_Link_input","false"
"Link:ID_Papua20 0 services urban decentral DAC","DAC","Conversion","ID","","PENDING_CAPTURE_OR_ORIGIN_SCOPE","true","Physical carbon transfer/uptake/vent role requires origin and accepted credit scope; FT transfer not new emission","/home/jin/research/SGP_ESE5004_Stage2/pypsa-asean/results/baseline-aims-3H-tutorial/prenetworks/elec_s_50_ec_lv2.0__3h_2030_0.071_pre_adjusted.nc; current scripts/prepare_sector_network.py","REFERENCE_MAPPING_NOT_NUMERIC_ACCEPTANCE","tCO2/MWh_Link_input","false"
"Link:ID_Sulawesi0 0 services urban decentral DAC","DAC","Conversion","ID","","PENDING_CAPTURE_OR_ORIGIN_SCOPE","true","Physical carbon transfer/uptake/vent role requires origin and accepted credit scope; FT transfer not new emission","/home/jin/research/SGP_ESE5004_Stage2/pypsa-asean/results/baseline-aims-3H-tutorial/prenetworks/elec_s_50_ec_lv2.0__3h_2030_0.071_pre_adjusted.nc; current scripts/prepare_sector_network.py","REFERENCE_MAPPING_NOT_NUMERIC_ACCEPTANCE","tCO2/MWh_Link_input","false"
"Link:ID_Sumatra2 0 services urban decentral DAC","DAC","Conversion","ID","","PENDING_CAPTURE_OR_ORIGIN_SCOPE","true","Physical carbon transfer/uptake/vent role requires origin and accepted credit scope; FT transfer not new emission","/home/jin/research/SGP_ESE5004_Stage2/pypsa-asean/results/baseline-aims-3H-tutorial/prenetworks/elec_s_50_ec_lv2.0__3h_2030_0.071_pre_adjusted.nc; current scripts/prepare_sector_network.py","REFERENCE_MAPPING_NOT_NUMERIC_ACCEPTANCE","tCO2/MWh_Link_input","false"
"Link:ID_Sumatra3 0 services urban decentral DAC","DAC","Conversion","ID","","PENDING_CAPTURE_OR_ORIGIN_SCOPE","true","Physical carbon transfer/uptake/vent role requires origin and accepted credit scope; FT transfer not new emission","/home/jin/research/SGP_ESE5004_Stage2/pypsa-asean/results/baseline-aims-3H-tutorial/prenetworks/elec_s_50_ec_lv2.0__3h_2030_0.071_pre_adjusted.nc; current scripts/prepare_sector_network.py","REFERENCE_MAPPING_NOT_NUMERIC_ACCEPTANCE","tCO2/MWh_Link_input","false"
"Link:ID_Sumatra3 1 services urban decentral DAC","DAC","Conversion","ID","","PENDING_CAPTURE_OR_ORIGIN_SCOPE","true","Physical carbon transfer/uptake/vent role requires origin and accepted credit scope; FT transfer not new emission","/home/jin/research/SGP_ESE5004_Stage2/pypsa-asean/results/baseline-aims-3H-tutorial/prenetworks/elec_s_50_ec_lv2.0__3h_2030_0.071_pre_adjusted.nc; current scripts/prepare_sector_network.py","REFERENCE_MAPPING_NOT_NUMERIC_ACCEPTANCE","tCO2/MWh_Link_input","false"
"Link:KH2 0 services urban decentral DAC","DAC","Conversion","KH","","PENDING_CAPTURE_OR_ORIGIN_SCOPE","true","Physical carbon transfer/uptake/vent role requires origin and accepted credit scope; FT transfer not new emission","/home/jin/research/SGP_ESE5004_Stage2/pypsa-asean/results/baseline-aims-3H-tutorial/prenetworks/elec_s_50_ec_lv2.0__3h_2030_0.071_pre_adjusted.nc; current scripts/prepare_sector_network.py","REFERENCE_MAPPING_NOT_NUMERIC_ACCEPTANCE","tCO2/MWh_Link_input","false"
"Link:LA2 0 services urban decentral DAC","DAC","Conversion","LA","","PENDING_CAPTURE_OR_ORIGIN_SCOPE","true","Physical carbon transfer/uptake/vent role requires origin and accepted credit scope; FT transfer not new emission","/home/jin/research/SGP_ESE5004_Stage2/pypsa-asean/results/baseline-aims-3H-tutorial/prenetworks/elec_s_50_ec_lv2.0__3h_2030_0.071_pre_adjusted.nc; current scripts/prepare_sector_network.py","REFERENCE_MAPPING_NOT_NUMERIC_ACCEPTANCE","tCO2/MWh_Link_input","false"
"Link:LA2 1 services urban decentral DAC","DAC","Conversion","LA","","PENDING_CAPTURE_OR_ORIGIN_SCOPE","true","Physical carbon transfer/uptake/vent role requires origin and accepted credit scope; FT transfer not new emission","/home/jin/research/SGP_ESE5004_Stage2/pypsa-asean/results/baseline-aims-3H-tutorial/prenetworks/elec_s_50_ec_lv2.0__3h_2030_0.071_pre_adjusted.nc; current scripts/prepare_sector_network.py","REFERENCE_MAPPING_NOT_NUMERIC_ACCEPTANCE","tCO2/MWh_Link_input","false"
"Link:MM2 0 services urban decentral DAC","DAC","Conversion","MM","","PENDING_CAPTURE_OR_ORIGIN_SCOPE","true","Physical carbon transfer/uptake/vent role requires origin and accepted credit scope; FT transfer not new emission","/home/jin/research/SGP_ESE5004_Stage2/pypsa-asean/results/baseline-aims-3H-tutorial/prenetworks/elec_s_50_ec_lv2.0__3h_2030_0.071_pre_adjusted.nc; current scripts/prepare_sector_network.py","REFERENCE_MAPPING_NOT_NUMERIC_ACCEPTANCE","tCO2/MWh_Link_input","false"
"Link:MM2 1 services urban decentral DAC","DAC","Conversion","MM","","PENDING_CAPTURE_OR_ORIGIN_SCOPE","true","Physical carbon transfer/uptake/vent role requires origin and accepted credit scope; FT transfer not new emission","/home/jin/research/SGP_ESE5004_Stage2/pypsa-asean/results/baseline-aims-3H-tutorial/prenetworks/elec_s_50_ec_lv2.0__3h_2030_0.071_pre_adjusted.nc; current scripts/prepare_sector_network.py","REFERENCE_MAPPING_NOT_NUMERIC_ACCEPTANCE","tCO2/MWh_Link_input","false"
"Link:MM2 2 services urban decentral DAC","DAC","Conversion","MM","","PENDING_CAPTURE_OR_ORIGIN_SCOPE","true","Physical carbon transfer/uptake/vent role requires origin and accepted credit scope; FT transfer not new emission","/home/jin/research/SGP_ESE5004_Stage2/pypsa-asean/results/baseline-aims-3H-tutorial/prenetworks/elec_s_50_ec_lv2.0__3h_2030_0.071_pre_adjusted.nc; current scripts/prepare_sector_network.py","REFERENCE_MAPPING_NOT_NUMERIC_ACCEPTANCE","tCO2/MWh_Link_input","false"
"Link:MM2 3 services urban decentral DAC","DAC","Conversion","MM","","PENDING_CAPTURE_OR_ORIGIN_SCOPE","true","Physical carbon transfer/uptake/vent role requires origin and accepted credit scope; FT transfer not new emission","/home/jin/research/SGP_ESE5004_Stage2/pypsa-asean/results/baseline-aims-3H-tutorial/prenetworks/elec_s_50_ec_lv2.0__3h_2030_0.071_pre_adjusted.nc; current scripts/prepare_sector_network.py","REFERENCE_MAPPING_NOT_NUMERIC_ACCEPTANCE","tCO2/MWh_Link_input","false"
"Link:MM2 4 services urban decentral DAC","DAC","Conversion","MM","","PENDING_CAPTURE_OR_ORIGIN_SCOPE","true","Physical carbon transfer/uptake/vent role requires origin and accepted credit scope; FT transfer not new emission","/home/jin/research/SGP_ESE5004_Stage2/pypsa-asean/results/baseline-aims-3H-tutorial/prenetworks/elec_s_50_ec_lv2.0__3h_2030_0.071_pre_adjusted.nc; current scripts/prepare_sector_network.py","REFERENCE_MAPPING_NOT_NUMERIC_ACCEPTANCE","tCO2/MWh_Link_input","false"
"Link:MM2 5 services urban decentral DAC","DAC","Conversion","MM","","PENDING_CAPTURE_OR_ORIGIN_SCOPE","true","Physical carbon transfer/uptake/vent role requires origin and accepted credit scope; FT transfer not new emission","/home/jin/research/SGP_ESE5004_Stage2/pypsa-asean/results/baseline-aims-3H-tutorial/prenetworks/elec_s_50_ec_lv2.0__3h_2030_0.071_pre_adjusted.nc; current scripts/prepare_sector_network.py","REFERENCE_MAPPING_NOT_NUMERIC_ACCEPTANCE","tCO2/MWh_Link_input","false"
"Link:MM2 6 services urban decentral DAC","DAC","Conversion","MM","","PENDING_CAPTURE_OR_ORIGIN_SCOPE","true","Physical carbon transfer/uptake/vent role requires origin and accepted credit scope; FT transfer not new emission","/home/jin/research/SGP_ESE5004_Stage2/pypsa-asean/results/baseline-aims-3H-tutorial/prenetworks/elec_s_50_ec_lv2.0__3h_2030_0.071_pre_adjusted.nc; current scripts/prepare_sector_network.py","REFERENCE_MAPPING_NOT_NUMERIC_ACCEPTANCE","tCO2/MWh_Link_input","false"
"Link:MY_Peninsular2 0 services urban decentral DAC","DAC","Conversion","MY","","PENDING_CAPTURE_OR_ORIGIN_SCOPE","true","Physical carbon transfer/uptake/vent role requires origin and accepted credit scope; FT transfer not new emission","/home/jin/research/SGP_ESE5004_Stage2/pypsa-asean/results/baseline-aims-3H-tutorial/prenetworks/elec_s_50_ec_lv2.0__3h_2030_0.071_pre_adjusted.nc; current scripts/prepare_sector_network.py","REFERENCE_MAPPING_NOT_NUMERIC_ACCEPTANCE","tCO2/MWh_Link_input","false"
"Link:MY_Sabah4 0 services urban decentral DAC","DAC","Conversion","MY","","PENDING_CAPTURE_OR_ORIGIN_SCOPE","true","Physical carbon transfer/uptake/vent role requires origin and accepted credit scope; FT transfer not new emission","/home/jin/research/SGP_ESE5004_Stage2/pypsa-asean/results/baseline-aims-3H-tutorial/prenetworks/elec_s_50_ec_lv2.0__3h_2030_0.071_pre_adjusted.nc; current scripts/prepare_sector_network.py","REFERENCE_MAPPING_NOT_NUMERIC_ACCEPTANCE","tCO2/MWh_Link_input","false"
"Link:MY_Sarawak4 0 services urban decentral DAC","DAC","Conversion","MY","","PENDING_CAPTURE_OR_ORIGIN_SCOPE","true","Physical carbon transfer/uptake/vent role requires origin and accepted credit scope; FT transfer not new emission","/home/jin/research/SGP_ESE5004_Stage2/pypsa-asean/results/baseline-aims-3H-tutorial/prenetworks/elec_s_50_ec_lv2.0__3h_2030_0.071_pre_adjusted.nc; current scripts/prepare_sector_network.py","REFERENCE_MAPPING_NOT_NUMERIC_ACCEPTANCE","tCO2/MWh_Link_input","false"
"Link:PH5 0 services urban decentral DAC","DAC","Conversion","PH","","PENDING_CAPTURE_OR_ORIGIN_SCOPE","true","Physical carbon transfer/uptake/vent role requires origin and accepted credit scope; FT transfer not new emission","/home/jin/research/SGP_ESE5004_Stage2/pypsa-asean/results/baseline-aims-3H-tutorial/prenetworks/elec_s_50_ec_lv2.0__3h_2030_0.071_pre_adjusted.nc; current scripts/prepare_sector_network.py","REFERENCE_MAPPING_NOT_NUMERIC_ACCEPTANCE","tCO2/MWh_Link_input","false"
"Link:PH_Luzon5 0 services urban decentral DAC","DAC","Conversion","PH","","PENDING_CAPTURE_OR_ORIGIN_SCOPE","true","Physical carbon transfer/uptake/vent role requires origin and accepted credit scope; FT transfer not new emission","/home/jin/research/SGP_ESE5004_Stage2/pypsa-asean/results/baseline-aims-3H-tutorial/prenetworks/elec_s_50_ec_lv2.0__3h_2030_0.071_pre_adjusted.nc; current scripts/prepare_sector_network.py","REFERENCE_MAPPING_NOT_NUMERIC_ACCEPTANCE","tCO2/MWh_Link_input","false"
"Link:PH_Luzon9 0 services urban decentral DAC","DAC","Conversion","PH","","PENDING_CAPTURE_OR_ORIGIN_SCOPE","true","Physical carbon transfer/uptake/vent role requires origin and accepted credit scope; FT transfer not new emission","/home/jin/research/SGP_ESE5004_Stage2/pypsa-asean/results/baseline-aims-3H-tutorial/prenetworks/elec_s_50_ec_lv2.0__3h_2030_0.071_pre_adjusted.nc; current scripts/prepare_sector_network.py","REFERENCE_MAPPING_NOT_NUMERIC_ACCEPTANCE","tCO2/MWh_Link_input","false"
"Link:PH_Mindanao6 0 services urban decentral DAC","DAC","Conversion","PH","","PENDING_CAPTURE_OR_ORIGIN_SCOPE","true","Physical carbon transfer/uptake/vent role requires origin and accepted credit scope; FT transfer not new emission","/home/jin/research/SGP_ESE5004_Stage2/pypsa-asean/results/baseline-aims-3H-tutorial/prenetworks/elec_s_50_ec_lv2.0__3h_2030_0.071_pre_adjusted.nc; current scripts/prepare_sector_network.py","REFERENCE_MAPPING_NOT_NUMERIC_ACCEPTANCE","tCO2/MWh_Link_input","false"
"Link:PH_Visayas10 0 services urban decentral DAC","DAC","Conversion","PH","","PENDING_CAPTURE_OR_ORIGIN_SCOPE","true","Physical carbon transfer/uptake/vent role requires origin and accepted credit scope; FT transfer not new emission","/home/jin/research/SGP_ESE5004_Stage2/pypsa-asean/results/baseline-aims-3H-tutorial/prenetworks/elec_s_50_ec_lv2.0__3h_2030_0.071_pre_adjusted.nc; current scripts/prepare_sector_network.py","REFERENCE_MAPPING_NOT_NUMERIC_ACCEPTANCE","tCO2/MWh_Link_input","false"
"Link:PH_Visayas7 0 services urban decentral DAC","DAC","Conversion","PH","","PENDING_CAPTURE_OR_ORIGIN_SCOPE","true","Physical carbon transfer/uptake/vent role requires origin and accepted credit scope; FT transfer not new emission","/home/jin/research/SGP_ESE5004_Stage2/pypsa-asean/results/baseline-aims-3H-tutorial/prenetworks/elec_s_50_ec_lv2.0__3h_2030_0.071_pre_adjusted.nc; current scripts/prepare_sector_network.py","REFERENCE_MAPPING_NOT_NUMERIC_ACCEPTANCE","tCO2/MWh_Link_input","false"
"Link:SG2 0 services urban decentral DAC","DAC","Conversion","SG","","PENDING_CAPTURE_OR_ORIGIN_SCOPE","true","Physical carbon transfer/uptake/vent role requires origin and accepted credit scope; FT transfer not new emission","/home/jin/research/SGP_ESE5004_Stage2/pypsa-asean/results/baseline-aims-3H-tutorial/prenetworks/elec_s_50_ec_lv2.0__3h_2030_0.071_pre_adjusted.nc; current scripts/prepare_sector_network.py","REFERENCE_MAPPING_NOT_NUMERIC_ACCEPTANCE","tCO2/MWh_Link_input","false"
"Link:TH2 0 services urban decentral DAC","DAC","Conversion","TH","","PENDING_CAPTURE_OR_ORIGIN_SCOPE","true","Physical carbon transfer/uptake/vent role requires origin and accepted credit scope; FT transfer not new emission","/home/jin/research/SGP_ESE5004_Stage2/pypsa-asean/results/baseline-aims-3H-tutorial/prenetworks/elec_s_50_ec_lv2.0__3h_2030_0.071_pre_adjusted.nc; current scripts/prepare_sector_network.py","REFERENCE_MAPPING_NOT_NUMERIC_ACCEPTANCE","tCO2/MWh_Link_input","false"
"Link:TH2 1 services urban decentral DAC","DAC","Conversion","TH","","PENDING_CAPTURE_OR_ORIGIN_SCOPE","true","Physical carbon transfer/uptake/vent role requires origin and accepted credit scope; FT transfer not new emission","/home/jin/research/SGP_ESE5004_Stage2/pypsa-asean/results/baseline-aims-3H-tutorial/prenetworks/elec_s_50_ec_lv2.0__3h_2030_0.071_pre_adjusted.nc; current scripts/prepare_sector_network.py","REFERENCE_MAPPING_NOT_NUMERIC_ACCEPTANCE","tCO2/MWh_Link_input","false"
"Link:TL11 0 services urban decentral DAC","DAC","Conversion","TL","","PENDING_CAPTURE_OR_ORIGIN_SCOPE","true","Physical carbon transfer/uptake/vent role requires origin and accepted credit scope; FT transfer not new emission","/home/jin/research/SGP_ESE5004_Stage2/pypsa-asean/results/baseline-aims-3H-tutorial/prenetworks/elec_s_50_ec_lv2.0__3h_2030_0.071_pre_adjusted.nc; current scripts/prepare_sector_network.py","REFERENCE_MAPPING_NOT_NUMERIC_ACCEPTANCE","tCO2/MWh_Link_input","false"
"Link:VN2 0 services urban decentral DAC","DAC","Conversion","VN","","PENDING_CAPTURE_OR_ORIGIN_SCOPE","true","Physical carbon transfer/uptake/vent role requires origin and accepted credit scope; FT transfer not new emission","/home/jin/research/SGP_ESE5004_Stage2/pypsa-asean/results/baseline-aims-3H-tutorial/prenetworks/elec_s_50_ec_lv2.0__3h_2030_0.071_pre_adjusted.nc; current scripts/prepare_sector_network.py","REFERENCE_MAPPING_NOT_NUMERIC_ACCEPTANCE","tCO2/MWh_Link_input","false"
"Link:VN2 1 services urban decentral DAC","DAC","Conversion","VN","","PENDING_CAPTURE_OR_ORIGIN_SCOPE","true","Physical carbon transfer/uptake/vent role requires origin and accepted credit scope; FT transfer not new emission","/home/jin/research/SGP_ESE5004_Stage2/pypsa-asean/results/baseline-aims-3H-tutorial/prenetworks/elec_s_50_ec_lv2.0__3h_2030_0.071_pre_adjusted.nc; current scripts/prepare_sector_network.py","REFERENCE_MAPPING_NOT_NUMERIC_ACCEPTANCE","tCO2/MWh_Link_input","false"
"Link:VN2 2 services urban decentral DAC","DAC","Conversion","VN","","PENDING_CAPTURE_OR_ORIGIN_SCOPE","true","Physical carbon transfer/uptake/vent role requires origin and accepted credit scope; FT transfer not new emission","/home/jin/research/SGP_ESE5004_Stage2/pypsa-asean/results/baseline-aims-3H-tutorial/prenetworks/elec_s_50_ec_lv2.0__3h_2030_0.071_pre_adjusted.nc; current scripts/prepare_sector_network.py","REFERENCE_MAPPING_NOT_NUMERIC_ACCEPTANCE","tCO2/MWh_Link_input","false"
"Link:BN4 0 urban central DAC","DAC","Conversion","BN","","PENDING_CAPTURE_OR_ORIGIN_SCOPE","true","Physical carbon transfer/uptake/vent role requires origin and accepted credit scope; FT transfer not new emission","/home/jin/research/SGP_ESE5004_Stage2/pypsa-asean/results/baseline-aims-3H-tutorial/prenetworks/elec_s_50_ec_lv2.0__3h_2030_0.071_pre_adjusted.nc; current scripts/prepare_sector_network.py","REFERENCE_MAPPING_NOT_NUMERIC_ACCEPTANCE","tCO2/MWh_Link_input","false"
"Link:ID_Java-Bali1 0 urban central DAC","DAC","Conversion","ID","","PENDING_CAPTURE_OR_ORIGIN_SCOPE","true","Physical carbon transfer/uptake/vent role requires origin and accepted credit scope; FT transfer not new emission","/home/jin/research/SGP_ESE5004_Stage2/pypsa-asean/results/baseline-aims-3H-tutorial/prenetworks/elec_s_50_ec_lv2.0__3h_2030_0.071_pre_adjusted.nc; current scripts/prepare_sector_network.py","REFERENCE_MAPPING_NOT_NUMERIC_ACCEPTANCE","tCO2/MWh_Link_input","false"
"Link:ID_Kalimantan4 0 urban central DAC","DAC","Conversion","ID","","PENDING_CAPTURE_OR_ORIGIN_SCOPE","true","Physical carbon transfer/uptake/vent role requires origin and accepted credit scope; FT transfer not new emission","/home/jin/research/SGP_ESE5004_Stage2/pypsa-asean/results/baseline-aims-3H-tutorial/prenetworks/elec_s_50_ec_lv2.0__3h_2030_0.071_pre_adjusted.nc; current scripts/prepare_sector_network.py","REFERENCE_MAPPING_NOT_NUMERIC_ACCEPTANCE","tCO2/MWh_Link_input","false"
"Link:ID_Kalimantan4 1 urban central DAC","DAC","Conversion","ID","","PENDING_CAPTURE_OR_ORIGIN_SCOPE","true","Physical carbon transfer/uptake/vent role requires origin and accepted credit scope; FT transfer not new emission","/home/jin/research/SGP_ESE5004_Stage2/pypsa-asean/results/baseline-aims-3H-tutorial/prenetworks/elec_s_50_ec_lv2.0__3h_2030_0.071_pre_adjusted.nc; current scripts/prepare_sector_network.py","REFERENCE_MAPPING_NOT_NUMERIC_ACCEPTANCE","tCO2/MWh_Link_input","false"
"Link:ID_Kalimantan4 2 urban central DAC","DAC","Conversion","ID","","PENDING_CAPTURE_OR_ORIGIN_SCOPE","true","Physical carbon transfer/uptake/vent role requires origin and accepted credit scope; FT transfer not new emission","/home/jin/research/SGP_ESE5004_Stage2/pypsa-asean/results/baseline-aims-3H-tutorial/prenetworks/elec_s_50_ec_lv2.0__3h_2030_0.071_pre_adjusted.nc; current scripts/prepare_sector_network.py","REFERENCE_MAPPING_NOT_NUMERIC_ACCEPTANCE","tCO2/MWh_Link_input","false"
"Link:ID_Kalimantan4 3 urban central DAC","DAC","Conversion","ID","","PENDING_CAPTURE_OR_ORIGIN_SCOPE","true","Physical carbon transfer/uptake/vent role requires origin and accepted credit scope; FT transfer not new emission","/home/jin/research/SGP_ESE5004_Stage2/pypsa-asean/results/baseline-aims-3H-tutorial/prenetworks/elec_s_50_ec_lv2.0__3h_2030_0.071_pre_adjusted.nc; current scripts/prepare_sector_network.py","REFERENCE_MAPPING_NOT_NUMERIC_ACCEPTANCE","tCO2/MWh_Link_input","false"
"Link:ID_Kalimantan4 4 urban central DAC","DAC","Conversion","ID","","PENDING_CAPTURE_OR_ORIGIN_SCOPE","true","Physical carbon transfer/uptake/vent role requires origin and accepted credit scope; FT transfer not new emission","/home/jin/research/SGP_ESE5004_Stage2/pypsa-asean/results/baseline-aims-3H-tutorial/prenetworks/elec_s_50_ec_lv2.0__3h_2030_0.071_pre_adjusted.nc; current scripts/prepare_sector_network.py","REFERENCE_MAPPING_NOT_NUMERIC_ACCEPTANCE","tCO2/MWh_Link_input","false"
"Link:ID_Kalimantan4 5 urban central DAC","DAC","Conversion","ID","","PENDING_CAPTURE_OR_ORIGIN_SCOPE","true","Physical carbon transfer/uptake/vent role requires origin and accepted credit scope; FT transfer not new emission","/home/jin/research/SGP_ESE5004_Stage2/pypsa-asean/results/baseline-aims-3H-tutorial/prenetworks/elec_s_50_ec_lv2.0__3h_2030_0.071_pre_adjusted.nc; current scripts/prepare_sector_network.py","REFERENCE_MAPPING_NOT_NUMERIC_ACCEPTANCE","tCO2/MWh_Link_input","false"
"Link:ID_Maluku16 0 urban central DAC","DAC","Conversion","ID","","PENDING_CAPTURE_OR_ORIGIN_SCOPE","true","Physical carbon transfer/uptake/vent role requires origin and accepted credit scope; FT transfer not new emission","/home/jin/research/SGP_ESE5004_Stage2/pypsa-asean/results/baseline-aims-3H-tutorial/prenetworks/elec_s_50_ec_lv2.0__3h_2030_0.071_pre_adjusted.nc; current scripts/prepare_sector_network.py","REFERENCE_MAPPING_NOT_NUMERIC_ACCEPTANCE","tCO2/MWh_Link_input","false"
"Link:ID_Maluku17 0 urban central DAC","DAC","Conversion","ID","","PENDING_CAPTURE_OR_ORIGIN_SCOPE","true","Physical carbon transfer/uptake/vent role requires origin and accepted credit scope; FT transfer not new emission","/home/jin/research/SGP_ESE5004_Stage2/pypsa-asean/results/baseline-aims-3H-tutorial/prenetworks/elec_s_50_ec_lv2.0__3h_2030_0.071_pre_adjusted.nc; current scripts/prepare_sector_network.py","REFERENCE_MAPPING_NOT_NUMERIC_ACCEPTANCE","tCO2/MWh_Link_input","false"
"Link:ID_Maluku8 0 urban central DAC","DAC","Conversion","ID","","PENDING_CAPTURE_OR_ORIGIN_SCOPE","true","Physical carbon transfer/uptake/vent role requires origin and accepted credit scope; FT transfer not new emission","/home/jin/research/SGP_ESE5004_Stage2/pypsa-asean/results/baseline-aims-3H-tutorial/prenetworks/elec_s_50_ec_lv2.0__3h_2030_0.071_pre_adjusted.nc; current scripts/prepare_sector_network.py","REFERENCE_MAPPING_NOT_NUMERIC_ACCEPTANCE","tCO2/MWh_Link_input","false"
"Link:ID_Nusa-Tenggara12 0 urban central DAC","DAC","Conversion","ID","","PENDING_CAPTURE_OR_ORIGIN_SCOPE","true","Physical carbon transfer/uptake/vent role requires origin and accepted credit scope; FT transfer not new emission","/home/jin/research/SGP_ESE5004_Stage2/pypsa-asean/results/baseline-aims-3H-tutorial/prenetworks/elec_s_50_ec_lv2.0__3h_2030_0.071_pre_adjusted.nc; current scripts/prepare_sector_network.py","REFERENCE_MAPPING_NOT_NUMERIC_ACCEPTANCE","tCO2/MWh_Link_input","false"
"Link:ID_Nusa-Tenggara13 0 urban central DAC","DAC","Conversion","ID","","PENDING_CAPTURE_OR_ORIGIN_SCOPE","true","Physical carbon transfer/uptake/vent role requires origin and accepted credit scope; FT transfer not new emission","/home/jin/research/SGP_ESE5004_Stage2/pypsa-asean/results/baseline-aims-3H-tutorial/prenetworks/elec_s_50_ec_lv2.0__3h_2030_0.071_pre_adjusted.nc; current scripts/prepare_sector_network.py","REFERENCE_MAPPING_NOT_NUMERIC_ACCEPTANCE","tCO2/MWh_Link_input","false"
"Link:ID_Nusa-Tenggara14 0 urban central DAC","DAC","Conversion","ID","","PENDING_CAPTURE_OR_ORIGIN_SCOPE","true","Physical carbon transfer/uptake/vent role requires origin and accepted credit scope; FT transfer not new emission","/home/jin/research/SGP_ESE5004_Stage2/pypsa-asean/results/baseline-aims-3H-tutorial/prenetworks/elec_s_50_ec_lv2.0__3h_2030_0.071_pre_adjusted.nc; current scripts/prepare_sector_network.py","REFERENCE_MAPPING_NOT_NUMERIC_ACCEPTANCE","tCO2/MWh_Link_input","false"
"Link:ID_Nusa-Tenggara15 0 urban central DAC","DAC","Conversion","ID","","PENDING_CAPTURE_OR_ORIGIN_SCOPE","true","Physical carbon transfer/uptake/vent role requires origin and accepted credit scope; FT transfer not new emission","/home/jin/research/SGP_ESE5004_Stage2/pypsa-asean/results/baseline-aims-3H-tutorial/prenetworks/elec_s_50_ec_lv2.0__3h_2030_0.071_pre_adjusted.nc; current scripts/prepare_sector_network.py","REFERENCE_MAPPING_NOT_NUMERIC_ACCEPTANCE","tCO2/MWh_Link_input","false"
"Link:ID_Papua18 0 urban central DAC","DAC","Conversion","ID","","PENDING_CAPTURE_OR_ORIGIN_SCOPE","true","Physical carbon transfer/uptake/vent role requires origin and accepted credit scope; FT transfer not new emission","/home/jin/research/SGP_ESE5004_Stage2/pypsa-asean/results/baseline-aims-3H-tutorial/prenetworks/elec_s_50_ec_lv2.0__3h_2030_0.071_pre_adjusted.nc; current scripts/prepare_sector_network.py","REFERENCE_MAPPING_NOT_NUMERIC_ACCEPTANCE","tCO2/MWh_Link_input","false"
"Link:ID_Papua19 0 urban central DAC","DAC","Conversion","ID","","PENDING_CAPTURE_OR_ORIGIN_SCOPE","true","Physical carbon transfer/uptake/vent role requires origin and accepted credit scope; FT transfer not new emission","/home/jin/research/SGP_ESE5004_Stage2/pypsa-asean/results/baseline-aims-3H-tutorial/prenetworks/elec_s_50_ec_lv2.0__3h_2030_0.071_pre_adjusted.nc; current scripts/prepare_sector_network.py","REFERENCE_MAPPING_NOT_NUMERIC_ACCEPTANCE","tCO2/MWh_Link_input","false"
"Link:ID_Papua20 0 urban central DAC","DAC","Conversion","ID","","PENDING_CAPTURE_OR_ORIGIN_SCOPE","true","Physical carbon transfer/uptake/vent role requires origin and accepted credit scope; FT transfer not new emission","/home/jin/research/SGP_ESE5004_Stage2/pypsa-asean/results/baseline-aims-3H-tutorial/prenetworks/elec_s_50_ec_lv2.0__3h_2030_0.071_pre_adjusted.nc; current scripts/prepare_sector_network.py","REFERENCE_MAPPING_NOT_NUMERIC_ACCEPTANCE","tCO2/MWh_Link_input","false"
"Link:ID_Sulawesi0 0 urban central DAC","DAC","Conversion","ID","","PENDING_CAPTURE_OR_ORIGIN_SCOPE","true","Physical carbon transfer/uptake/vent role requires origin and accepted credit scope; FT transfer not new emission","/home/jin/research/SGP_ESE5004_Stage2/pypsa-asean/results/baseline-aims-3H-tutorial/prenetworks/elec_s_50_ec_lv2.0__3h_2030_0.071_pre_adjusted.nc; current scripts/prepare_sector_network.py","REFERENCE_MAPPING_NOT_NUMERIC_ACCEPTANCE","tCO2/MWh_Link_input","false"
"Link:ID_Sumatra2 0 urban central DAC","DAC","Conversion","ID","","PENDING_CAPTURE_OR_ORIGIN_SCOPE","true","Physical carbon transfer/uptake/vent role requires origin and accepted credit scope; FT transfer not new emission","/home/jin/research/SGP_ESE5004_Stage2/pypsa-asean/results/baseline-aims-3H-tutorial/prenetworks/elec_s_50_ec_lv2.0__3h_2030_0.071_pre_adjusted.nc; current scripts/prepare_sector_network.py","REFERENCE_MAPPING_NOT_NUMERIC_ACCEPTANCE","tCO2/MWh_Link_input","false"
"Link:ID_Sumatra3 0 urban central DAC","DAC","Conversion","ID","","PENDING_CAPTURE_OR_ORIGIN_SCOPE","true","Physical carbon transfer/uptake/vent role requires origin and accepted credit scope; FT transfer not new emission","/home/jin/research/SGP_ESE5004_Stage2/pypsa-asean/results/baseline-aims-3H-tutorial/prenetworks/elec_s_50_ec_lv2.0__3h_2030_0.071_pre_adjusted.nc; current scripts/prepare_sector_network.py","REFERENCE_MAPPING_NOT_NUMERIC_ACCEPTANCE","tCO2/MWh_Link_input","false"
"Link:ID_Sumatra3 1 urban central DAC","DAC","Conversion","ID","","PENDING_CAPTURE_OR_ORIGIN_SCOPE","true","Physical carbon transfer/uptake/vent role requires origin and accepted credit scope; FT transfer not new emission","/home/jin/research/SGP_ESE5004_Stage2/pypsa-asean/results/baseline-aims-3H-tutorial/prenetworks/elec_s_50_ec_lv2.0__3h_2030_0.071_pre_adjusted.nc; current scripts/prepare_sector_network.py","REFERENCE_MAPPING_NOT_NUMERIC_ACCEPTANCE","tCO2/MWh_Link_input","false"
"Link:KH2 0 urban central DAC","DAC","Conversion","KH","","PENDING_CAPTURE_OR_ORIGIN_SCOPE","true","Physical carbon transfer/uptake/vent role requires origin and accepted credit scope; FT transfer not new emission","/home/jin/research/SGP_ESE5004_Stage2/pypsa-asean/results/baseline-aims-3H-tutorial/prenetworks/elec_s_50_ec_lv2.0__3h_2030_0.071_pre_adjusted.nc; current scripts/prepare_sector_network.py","REFERENCE_MAPPING_NOT_NUMERIC_ACCEPTANCE","tCO2/MWh_Link_input","false"
"Link:LA2 0 urban central DAC","DAC","Conversion","LA","","PENDING_CAPTURE_OR_ORIGIN_SCOPE","true","Physical carbon transfer/uptake/vent role requires origin and accepted credit scope; FT transfer not new emission","/home/jin/research/SGP_ESE5004_Stage2/pypsa-asean/results/baseline-aims-3H-tutorial/prenetworks/elec_s_50_ec_lv2.0__3h_2030_0.071_pre_adjusted.nc; current scripts/prepare_sector_network.py","REFERENCE_MAPPING_NOT_NUMERIC_ACCEPTANCE","tCO2/MWh_Link_input","false"
"Link:LA2 1 urban central DAC","DAC","Conversion","LA","","PENDING_CAPTURE_OR_ORIGIN_SCOPE","true","Physical carbon transfer/uptake/vent role requires origin and accepted credit scope; FT transfer not new emission","/home/jin/research/SGP_ESE5004_Stage2/pypsa-asean/results/baseline-aims-3H-tutorial/prenetworks/elec_s_50_ec_lv2.0__3h_2030_0.071_pre_adjusted.nc; current scripts/prepare_sector_network.py","REFERENCE_MAPPING_NOT_NUMERIC_ACCEPTANCE","tCO2/MWh_Link_input","false"
"Link:MM2 0 urban central DAC","DAC","Conversion","MM","","PENDING_CAPTURE_OR_ORIGIN_SCOPE","true","Physical carbon transfer/uptake/vent role requires origin and accepted credit scope; FT transfer not new emission","/home/jin/research/SGP_ESE5004_Stage2/pypsa-asean/results/baseline-aims-3H-tutorial/prenetworks/elec_s_50_ec_lv2.0__3h_2030_0.071_pre_adjusted.nc; current scripts/prepare_sector_network.py","REFERENCE_MAPPING_NOT_NUMERIC_ACCEPTANCE","tCO2/MWh_Link_input","false"
"Link:MM2 1 urban central DAC","DAC","Conversion","MM","","PENDING_CAPTURE_OR_ORIGIN_SCOPE","true","Physical carbon transfer/uptake/vent role requires origin and accepted credit scope; FT transfer not new emission","/home/jin/research/SGP_ESE5004_Stage2/pypsa-asean/results/baseline-aims-3H-tutorial/prenetworks/elec_s_50_ec_lv2.0__3h_2030_0.071_pre_adjusted.nc; current scripts/prepare_sector_network.py","REFERENCE_MAPPING_NOT_NUMERIC_ACCEPTANCE","tCO2/MWh_Link_input","false"
"Link:MM2 2 urban central DAC","DAC","Conversion","MM","","PENDING_CAPTURE_OR_ORIGIN_SCOPE","true","Physical carbon transfer/uptake/vent role requires origin and accepted credit scope; FT transfer not new emission","/home/jin/research/SGP_ESE5004_Stage2/pypsa-asean/results/baseline-aims-3H-tutorial/prenetworks/elec_s_50_ec_lv2.0__3h_2030_0.071_pre_adjusted.nc; current scripts/prepare_sector_network.py","REFERENCE_MAPPING_NOT_NUMERIC_ACCEPTANCE","tCO2/MWh_Link_input","false"
"Link:MM2 3 urban central DAC","DAC","Conversion","MM","","PENDING_CAPTURE_OR_ORIGIN_SCOPE","true","Physical carbon transfer/uptake/vent role requires origin and accepted credit scope; FT transfer not new emission","/home/jin/research/SGP_ESE5004_Stage2/pypsa-asean/results/baseline-aims-3H-tutorial/prenetworks/elec_s_50_ec_lv2.0__3h_2030_0.071_pre_adjusted.nc; current scripts/prepare_sector_network.py","REFERENCE_MAPPING_NOT_NUMERIC_ACCEPTANCE","tCO2/MWh_Link_input","false"
"Link:MM2 4 urban central DAC","DAC","Conversion","MM","","PENDING_CAPTURE_OR_ORIGIN_SCOPE","true","Physical carbon transfer/uptake/vent role requires origin and accepted credit scope; FT transfer not new emission","/home/jin/research/SGP_ESE5004_Stage2/pypsa-asean/results/baseline-aims-3H-tutorial/prenetworks/elec_s_50_ec_lv2.0__3h_2030_0.071_pre_adjusted.nc; current scripts/prepare_sector_network.py","REFERENCE_MAPPING_NOT_NUMERIC_ACCEPTANCE","tCO2/MWh_Link_input","false"
"Link:MM2 5 urban central DAC","DAC","Conversion","MM","","PENDING_CAPTURE_OR_ORIGIN_SCOPE","true","Physical carbon transfer/uptake/vent role requires origin and accepted credit scope; FT transfer not new emission","/home/jin/research/SGP_ESE5004_Stage2/pypsa-asean/results/baseline-aims-3H-tutorial/prenetworks/elec_s_50_ec_lv2.0__3h_2030_0.071_pre_adjusted.nc; current scripts/prepare_sector_network.py","REFERENCE_MAPPING_NOT_NUMERIC_ACCEPTANCE","tCO2/MWh_Link_input","false"
"Link:MM2 6 urban central DAC","DAC","Conversion","MM","","PENDING_CAPTURE_OR_ORIGIN_SCOPE","true","Physical carbon transfer/uptake/vent role requires origin and accepted credit scope; FT transfer not new emission","/home/jin/research/SGP_ESE5004_Stage2/pypsa-asean/results/baseline-aims-3H-tutorial/prenetworks/elec_s_50_ec_lv2.0__3h_2030_0.071_pre_adjusted.nc; current scripts/prepare_sector_network.py","REFERENCE_MAPPING_NOT_NUMERIC_ACCEPTANCE","tCO2/MWh_Link_input","false"
"Link:MY_Peninsular2 0 urban central DAC","DAC","Conversion","MY","","PENDING_CAPTURE_OR_ORIGIN_SCOPE","true","Physical carbon transfer/uptake/vent role requires origin and accepted credit scope; FT transfer not new emission","/home/jin/research/SGP_ESE5004_Stage2/pypsa-asean/results/baseline-aims-3H-tutorial/prenetworks/elec_s_50_ec_lv2.0__3h_2030_0.071_pre_adjusted.nc; current scripts/prepare_sector_network.py","REFERENCE_MAPPING_NOT_NUMERIC_ACCEPTANCE","tCO2/MWh_Link_input","false"
"Link:MY_Sabah4 0 urban central DAC","DAC","Conversion","MY","","PENDING_CAPTURE_OR_ORIGIN_SCOPE","true","Physical carbon transfer/uptake/vent role requires origin and accepted credit scope; FT transfer not new emission","/home/jin/research/SGP_ESE5004_Stage2/pypsa-asean/results/baseline-aims-3H-tutorial/prenetworks/elec_s_50_ec_lv2.0__3h_2030_0.071_pre_adjusted.nc; current scripts/prepare_sector_network.py","REFERENCE_MAPPING_NOT_NUMERIC_ACCEPTANCE","tCO2/MWh_Link_input","false"
"Link:MY_Sarawak4 0 urban central DAC","DAC","Conversion","MY","","PENDING_CAPTURE_OR_ORIGIN_SCOPE","true","Physical carbon transfer/uptake/vent role requires origin and accepted credit scope; FT transfer not new emission","/home/jin/research/SGP_ESE5004_Stage2/pypsa-asean/results/baseline-aims-3H-tutorial/prenetworks/elec_s_50_ec_lv2.0__3h_2030_0.071_pre_adjusted.nc; current scripts/prepare_sector_network.py","REFERENCE_MAPPING_NOT_NUMERIC_ACCEPTANCE","tCO2/MWh_Link_input","false"
"Link:PH5 0 urban central DAC","DAC","Conversion","PH","","PENDING_CAPTURE_OR_ORIGIN_SCOPE","true","Physical carbon transfer/uptake/vent role requires origin and accepted credit scope; FT transfer not new emission","/home/jin/research/SGP_ESE5004_Stage2/pypsa-asean/results/baseline-aims-3H-tutorial/prenetworks/elec_s_50_ec_lv2.0__3h_2030_0.071_pre_adjusted.nc; current scripts/prepare_sector_network.py","REFERENCE_MAPPING_NOT_NUMERIC_ACCEPTANCE","tCO2/MWh_Link_input","false"
"Link:PH_Luzon5 0 urban central DAC","DAC","Conversion","PH","","PENDING_CAPTURE_OR_ORIGIN_SCOPE","true","Physical carbon transfer/uptake/vent role requires origin and accepted credit scope; FT transfer not new emission","/home/jin/research/SGP_ESE5004_Stage2/pypsa-asean/results/baseline-aims-3H-tutorial/prenetworks/elec_s_50_ec_lv2.0__3h_2030_0.071_pre_adjusted.nc; current scripts/prepare_sector_network.py","REFERENCE_MAPPING_NOT_NUMERIC_ACCEPTANCE","tCO2/MWh_Link_input","false"
"Link:PH_Luzon9 0 urban central DAC","DAC","Conversion","PH","","PENDING_CAPTURE_OR_ORIGIN_SCOPE","true","Physical carbon transfer/uptake/vent role requires origin and accepted credit scope; FT transfer not new emission","/home/jin/research/SGP_ESE5004_Stage2/pypsa-asean/results/baseline-aims-3H-tutorial/prenetworks/elec_s_50_ec_lv2.0__3h_2030_0.071_pre_adjusted.nc; current scripts/prepare_sector_network.py","REFERENCE_MAPPING_NOT_NUMERIC_ACCEPTANCE","tCO2/MWh_Link_input","false"
"Link:PH_Mindanao6 0 urban central DAC","DAC","Conversion","PH","","PENDING_CAPTURE_OR_ORIGIN_SCOPE","true","Physical carbon transfer/uptake/vent role requires origin and accepted credit scope; FT transfer not new emission","/home/jin/research/SGP_ESE5004_Stage2/pypsa-asean/results/baseline-aims-3H-tutorial/prenetworks/elec_s_50_ec_lv2.0__3h_2030_0.071_pre_adjusted.nc; current scripts/prepare_sector_network.py","REFERENCE_MAPPING_NOT_NUMERIC_ACCEPTANCE","tCO2/MWh_Link_input","false"
"Link:PH_Visayas10 0 urban central DAC","DAC","Conversion","PH","","PENDING_CAPTURE_OR_ORIGIN_SCOPE","true","Physical carbon transfer/uptake/vent role requires origin and accepted credit scope; FT transfer not new emission","/home/jin/research/SGP_ESE5004_Stage2/pypsa-asean/results/baseline-aims-3H-tutorial/prenetworks/elec_s_50_ec_lv2.0__3h_2030_0.071_pre_adjusted.nc; current scripts/prepare_sector_network.py","REFERENCE_MAPPING_NOT_NUMERIC_ACCEPTANCE","tCO2/MWh_Link_input","false"
"Link:PH_Visayas7 0 urban central DAC","DAC","Conversion","PH","","PENDING_CAPTURE_OR_ORIGIN_SCOPE","true","Physical carbon transfer/uptake/vent role requires origin and accepted credit scope; FT transfer not new emission","/home/jin/research/SGP_ESE5004_Stage2/pypsa-asean/results/baseline-aims-3H-tutorial/prenetworks/elec_s_50_ec_lv2.0__3h_2030_0.071_pre_adjusted.nc; current scripts/prepare_sector_network.py","REFERENCE_MAPPING_NOT_NUMERIC_ACCEPTANCE","tCO2/MWh_Link_input","false"
"Link:SG2 0 urban central DAC","DAC","Conversion","SG","","PENDING_CAPTURE_OR_ORIGIN_SCOPE","true","Physical carbon transfer/uptake/vent role requires origin and accepted credit scope; FT transfer not new emission","/home/jin/research/SGP_ESE5004_Stage2/pypsa-asean/results/baseline-aims-3H-tutorial/prenetworks/elec_s_50_ec_lv2.0__3h_2030_0.071_pre_adjusted.nc; current scripts/prepare_sector_network.py","REFERENCE_MAPPING_NOT_NUMERIC_ACCEPTANCE","tCO2/MWh_Link_input","false"
"Link:TH2 0 urban central DAC","DAC","Conversion","TH","","PENDING_CAPTURE_OR_ORIGIN_SCOPE","true","Physical carbon transfer/uptake/vent role requires origin and accepted credit scope; FT transfer not new emission","/home/jin/research/SGP_ESE5004_Stage2/pypsa-asean/results/baseline-aims-3H-tutorial/prenetworks/elec_s_50_ec_lv2.0__3h_2030_0.071_pre_adjusted.nc; current scripts/prepare_sector_network.py","REFERENCE_MAPPING_NOT_NUMERIC_ACCEPTANCE","tCO2/MWh_Link_input","false"
"Link:TH2 1 urban central DAC","DAC","Conversion","TH","","PENDING_CAPTURE_OR_ORIGIN_SCOPE","true","Physical carbon transfer/uptake/vent role requires origin and accepted credit scope; FT transfer not new emission","/home/jin/research/SGP_ESE5004_Stage2/pypsa-asean/results/baseline-aims-3H-tutorial/prenetworks/elec_s_50_ec_lv2.0__3h_2030_0.071_pre_adjusted.nc; current scripts/prepare_sector_network.py","REFERENCE_MAPPING_NOT_NUMERIC_ACCEPTANCE","tCO2/MWh_Link_input","false"
"Link:TL11 0 urban central DAC","DAC","Conversion","TL","","PENDING_CAPTURE_OR_ORIGIN_SCOPE","true","Physical carbon transfer/uptake/vent role requires origin and accepted credit scope; FT transfer not new emission","/home/jin/research/SGP_ESE5004_Stage2/pypsa-asean/results/baseline-aims-3H-tutorial/prenetworks/elec_s_50_ec_lv2.0__3h_2030_0.071_pre_adjusted.nc; current scripts/prepare_sector_network.py","REFERENCE_MAPPING_NOT_NUMERIC_ACCEPTANCE","tCO2/MWh_Link_input","false"
"Link:VN2 0 urban central DAC","DAC","Conversion","VN","","PENDING_CAPTURE_OR_ORIGIN_SCOPE","true","Physical carbon transfer/uptake/vent role requires origin and accepted credit scope; FT transfer not new emission","/home/jin/research/SGP_ESE5004_Stage2/pypsa-asean/results/baseline-aims-3H-tutorial/prenetworks/elec_s_50_ec_lv2.0__3h_2030_0.071_pre_adjusted.nc; current scripts/prepare_sector_network.py","REFERENCE_MAPPING_NOT_NUMERIC_ACCEPTANCE","tCO2/MWh_Link_input","false"
"Link:VN2 1 urban central DAC","DAC","Conversion","VN","","PENDING_CAPTURE_OR_ORIGIN_SCOPE","true","Physical carbon transfer/uptake/vent role requires origin and accepted credit scope; FT transfer not new emission","/home/jin/research/SGP_ESE5004_Stage2/pypsa-asean/results/baseline-aims-3H-tutorial/prenetworks/elec_s_50_ec_lv2.0__3h_2030_0.071_pre_adjusted.nc; current scripts/prepare_sector_network.py","REFERENCE_MAPPING_NOT_NUMERIC_ACCEPTANCE","tCO2/MWh_Link_input","false"
"Link:VN2 2 urban central DAC","DAC","Conversion","VN","","PENDING_CAPTURE_OR_ORIGIN_SCOPE","true","Physical carbon transfer/uptake/vent role requires origin and accepted credit scope; FT transfer not new emission","/home/jin/research/SGP_ESE5004_Stage2/pypsa-asean/results/baseline-aims-3H-tutorial/prenetworks/elec_s_50_ec_lv2.0__3h_2030_0.071_pre_adjusted.nc; current scripts/prepare_sector_network.py","REFERENCE_MAPPING_NOT_NUMERIC_ACCEPTANCE","tCO2/MWh_Link_input","false"
"Load:industry oil emissions","industry oil emissions","AGGREGATED_UNRESOLVED","UNRESOLVED","FIXED_CO2_LOAD_NOT_PER_MWH","false","true","Historical fixed CO2 Load not a fuel-energy obligation; cannot recover country/domestic/bunker split from aggregate name","/home/jin/research/SGP_ESE5004_Stage2/pypsa-asean/results/baseline-aims-3H-tutorial/prenetworks/elec_s_50_ec_lv2.0__3h_2030_0.071_pre_adjusted.nc; current scripts/prepare_sector_network.py","REFERENCE_MAPPING_NOT_NUMERIC_ACCEPTANCE","fixed_Load_trace_not_unit_factor","false"
"Load:industry coal emissions","industry coal emissions","AGGREGATED_UNRESOLVED","UNRESOLVED","FIXED_CO2_LOAD_NOT_PER_MWH","false","true","Historical fixed CO2 Load not a fuel-energy obligation; cannot recover country/domestic/bunker split from aggregate name","/home/jin/research/SGP_ESE5004_Stage2/pypsa-asean/results/baseline-aims-3H-tutorial/prenetworks/elec_s_50_ec_lv2.0__3h_2030_0.071_pre_adjusted.nc; current scripts/prepare_sector_network.py","REFERENCE_MAPPING_NOT_NUMERIC_ACCEPTANCE","fixed_Load_trace_not_unit_factor","false"
"Load:shipping oil emissions","shipping oil emissions","AGGREGATED_UNRESOLVED","UNRESOLVED","FIXED_CO2_LOAD_NOT_PER_MWH","false","true","Historical fixed CO2 Load not a fuel-energy obligation; cannot recover country/domestic/bunker split from aggregate name","/home/jin/research/SGP_ESE5004_Stage2/pypsa-asean/results/baseline-aims-3H-tutorial/prenetworks/elec_s_50_ec_lv2.0__3h_2030_0.071_pre_adjusted.nc; current scripts/prepare_sector_network.py","REFERENCE_MAPPING_NOT_NUMERIC_ACCEPTANCE","fixed_Load_trace_not_unit_factor","false"
"Load:aviation oil emissions","oil emissions","AGGREGATED_UNRESOLVED","UNRESOLVED","FIXED_CO2_LOAD_NOT_PER_MWH","false","true","Historical fixed CO2 Load not a fuel-energy obligation; cannot recover country/domestic/bunker split from aggregate name","/home/jin/research/SGP_ESE5004_Stage2/pypsa-asean/results/baseline-aims-3H-tutorial/prenetworks/elec_s_50_ec_lv2.0__3h_2030_0.071_pre_adjusted.nc; current scripts/prepare_sector_network.py","REFERENCE_MAPPING_NOT_NUMERIC_ACCEPTANCE","fixed_Load_trace_not_unit_factor","false"
"Load:agriculture oil emissions","oil emissions","AGGREGATED_UNRESOLVED","UNRESOLVED","FIXED_CO2_LOAD_NOT_PER_MWH","false","true","Historical fixed CO2 Load not a fuel-energy obligation; cannot recover country/domestic/bunker split from aggregate name","/home/jin/research/SGP_ESE5004_Stage2/pypsa-asean/results/baseline-aims-3H-tutorial/prenetworks/elec_s_50_ec_lv2.0__3h_2030_0.071_pre_adjusted.nc; current scripts/prepare_sector_network.py","REFERENCE_MAPPING_NOT_NUMERIC_ACCEPTANCE","fixed_Load_trace_not_unit_factor","false"
"Load:residential oil emissions","oil emissions","AGGREGATED_UNRESOLVED","UNRESOLVED","FIXED_CO2_LOAD_NOT_PER_MWH","false","true","Historical fixed CO2 Load not a fuel-energy obligation; cannot recover country/domestic/bunker split from aggregate name","/home/jin/research/SGP_ESE5004_Stage2/pypsa-asean/results/baseline-aims-3H-tutorial/prenetworks/elec_s_50_ec_lv2.0__3h_2030_0.071_pre_adjusted.nc; current scripts/prepare_sector_network.py","REFERENCE_MAPPING_NOT_NUMERIC_ACCEPTANCE","fixed_Load_trace_not_unit_factor","false"
"Load:residential gas emissions","gas emissions","AGGREGATED_UNRESOLVED","UNRESOLVED","FIXED_CO2_LOAD_NOT_PER_MWH","false","true","Historical fixed CO2 Load not a fuel-energy obligation; cannot recover country/domestic/bunker split from aggregate name","/home/jin/research/SGP_ESE5004_Stage2/pypsa-asean/results/baseline-aims-3H-tutorial/prenetworks/elec_s_50_ec_lv2.0__3h_2030_0.071_pre_adjusted.nc; current scripts/prepare_sector_network.py","REFERENCE_MAPPING_NOT_NUMERIC_ACCEPTANCE","fixed_Load_trace_not_unit_factor","false"
"Load:services oil emissions","oil emissions","AGGREGATED_UNRESOLVED","UNRESOLVED","FIXED_CO2_LOAD_NOT_PER_MWH","false","true","Historical fixed CO2 Load not a fuel-energy obligation; cannot recover country/domestic/bunker split from aggregate name","/home/jin/research/SGP_ESE5004_Stage2/pypsa-asean/results/baseline-aims-3H-tutorial/prenetworks/elec_s_50_ec_lv2.0__3h_2030_0.071_pre_adjusted.nc; current scripts/prepare_sector_network.py","REFERENCE_MAPPING_NOT_NUMERIC_ACCEPTANCE","fixed_Load_trace_not_unit_factor","false"
"Load:services gas emissions","gas emissions","AGGREGATED_UNRESOLVED","UNRESOLVED","FIXED_CO2_LOAD_NOT_PER_MWH","false","true","Historical fixed CO2 Load not a fuel-energy obligation; cannot recover country/domestic/bunker split from aggregate name","/home/jin/research/SGP_ESE5004_Stage2/pypsa-asean/results/baseline-aims-3H-tutorial/prenetworks/elec_s_50_ec_lv2.0__3h_2030_0.071_pre_adjusted.nc; current scripts/prepare_sector_network.py","REFERENCE_MAPPING_NOT_NUMERIC_ACCEPTANCE","fixed_Load_trace_not_unit_factor","false"
