"Carrier","OriginCountry","DestinationCountry","Path","Components","PhysicalNetworkPresent","AllowedByResearchDesign","ActionRequired","SharedPool","PathType","Evidence"
"co2 stored","BN","ID","BN4 0 battery -> BN4 0 -> co2 stored -> ID_Kalimantan4 5 gas -> ID_Kalimantan4 5 -> ID_Kalimantan4 5 low voltage","BN4 0 battery discharger;BN4 0 urban central DAC;ID_Kalimantan4 5 helmeth;ID_Kalimantan4 5 urban central gas CHP CC;ID_Kalimantan4 5 electricity distribution grid","false","false","Country/node pool; preserve resource cap; require accepted allocation where finite","co2 stored","DIRECTED_CONVERSION_PATH","STRUCTURAL_POTENTIAL_NOT_DISPATCH_FEASIBILITY"
"co2 stored","BN","KH","BN4 0 battery -> BN4 0 -> co2 stored -> KH2 0 gas -> KH2 0 H2 -> KH2 0 NH3","BN4 0 battery discharger;BN4 0 urban central DAC;KH2 0 helmeth;KH2 0 SMR CC;KH2 0 Haber-Bosch","false","false","Country/node pool; preserve resource cap; require accepted allocation where finite","co2 stored","DIRECTED_CONVERSION_PATH","STRUCTURAL_POTENTIAL_NOT_DISPATCH_FEASIBILITY"
"co2 stored","BN","LA","BN4 0 battery -> BN4 0 -> co2 stored -> LA2 1 gas -> LA2 1 urban central heat -> LA2 1 urban central water tanks","BN4 0 battery discharger;BN4 0 urban central DAC;LA2 1 helmeth;LA2 1 urban central gas CHP CC;LA2 1 urban central water tanks charger","false","false","Country/node pool; preserve resource cap; require accepted allocation where finite","co2 stored","DIRECTED_CONVERSION_PATH","STRUCTURAL_POTENTIAL_NOT_DISPATCH_FEASIBILITY"
"co2 stored","BN","MM","BN4 0 battery -> BN4 0 -> co2 stored -> MM2 4 gas -> MM2 4 -> MM2 4 battery","BN4 0 battery discharger;BN4 0 urban central DAC;MM2 4 helmeth;MM2 4 urban central gas CHP CC;MM2 4 battery charger","false","false","Country/node pool; preserve resource cap; require accepted allocation where finite","co2 stored","DIRECTED_CONVERSION_PATH","STRUCTURAL_POTENTIAL_NOT_DISPATCH_FEASIBILITY"
"co2 stored","BN","MY","BN4 0 battery -> BN4 0 -> co2 stored -> MY_Sabah4 0 gas -> MY_Sabah4 0 -> MY_Sabah4 0 low voltage -> MY_Sabah4 0 home battery","BN4 0 battery discharger;BN4 0 urban central DAC;MY_Sabah4 0 helmeth;MY_Sabah4 0 urban central gas CHP CC;MY_Sabah4 0 electricity distribution grid;MY_Sabah4 0 home battery charger","false","false","Country/node pool; preserve resource cap; require accepted allocation where finite","co2 stored","DIRECTED_CONVERSION_PATH","STRUCTURAL_POTENTIAL_NOT_DISPATCH_FEASIBILITY"
"co2 stored","BN","PH","BN4 0 battery -> BN4 0 -> co2 stored -> PH_Luzon9 0 gas -> PH_Luzon9 0 services rural heat","BN4 0 battery discharger;BN4 0 urban central DAC;PH_Luzon9 0 helmeth;PH_Luzon9 0 services rural gas boiler","false","false","Country/node pool; preserve resource cap; require accepted allocation where finite","co2 stored","DIRECTED_CONVERSION_PATH","STRUCTURAL_POTENTIAL_NOT_DISPATCH_FEASIBILITY"
"co2 stored","BN","SG","BN4 0 battery -> BN4 0 -> co2 stored -> SG2 0 gas -> SG2 0 residential rural heat -> SG2 0 residential rural water tanks","BN4 0 battery discharger;BN4 0 urban central DAC;SG2 0 helmeth;SG2 0 residential rural gas boiler;SG2 0 residential rural water tanks charger","false","false","Country/node pool; preserve resource cap; require accepted allocation where finite","co2 stored","DIRECTED_CONVERSION_PATH","STRUCTURAL_POTENTIAL_NOT_DISPATCH_FEASIBILITY"
"co2 stored","BN","TH","BN4 0 battery -> BN4 0 -> co2 stored -> TH2 1 gas -> TH2 1 H2","BN4 0 battery discharger;BN4 0 urban central DAC;TH2 1 helmeth;TH2 1 SMR CC","false","false","Country/node pool; preserve resource cap; require accepted allocation where finite","co2 stored","DIRECTED_CONVERSION_PATH","STRUCTURAL_POTENTIAL_NOT_DISPATCH_FEASIBILITY"
"co2 stored","BN","TL","BN4 0 battery -> BN4 0 -> co2 stored -> TL11 0 gas -> TL11 0 residential urban decentral heat","BN4 0 battery discharger;BN4 0 urban central DAC;TL11 0 helmeth;TL11 0 residential urban decentral gas boiler","false","false","Country/node pool; preserve resource cap; require accepted allocation where finite","co2 stored","DIRECTED_CONVERSION_PATH","STRUCTURAL_POTENTIAL_NOT_DISPATCH_FEASIBILITY"
"co2 stored","BN","VN","BN4 0 battery -> BN4 0 -> co2 stored -> VN2 0 gas -> VN2 0 -> VN2 0 low voltage","BN4 0 battery discharger;BN4 0 urban central DAC;VN2 0 helmeth;VN2 0 urban central gas CHP CC;VN2 0 electricity distribution grid","false","false","Country/node pool; preserve resource cap; require accepted allocation where finite","co2 stored","DIRECTED_CONVERSION_PATH","STRUCTURAL_POTENTIAL_NOT_DISPATCH_FEASIBILITY"
"co2 stored","ID","BN","ID_Kalimantan4 5 low voltage -> ID_Kalimantan4 5 -> co2 stored -> BN4 0 oil","ID_Kalimantan4 5 electricity distribution grid;ID_Kalimantan4 5 urban central DAC;BN4 0 Fischer-Tropsch","false","false","Country/node pool; preserve resource cap; require accepted allocation where finite","co2 stored","DIRECTED_CONVERSION_PATH","STRUCTURAL_POTENTIAL_NOT_DISPATCH_FEASIBILITY"
"co2 stored","ID","KH","ID_Kalimantan4 5 low voltage -> ID_Kalimantan4 5 -> co2 stored -> KH2 0 gas -> KH2 0 H2 -> KH2 0 NH3","ID_Kalimantan4 5 electricity distribution grid;ID_Kalimantan4 5 urban central DAC;KH2 0 helmeth;KH2 0 SMR CC;KH2 0 Haber-Bosch","false","false","Country/node pool; preserve resource cap; require accepted allocation where finite","co2 stored","DIRECTED_CONVERSION_PATH","STRUCTURAL_POTENTIAL_NOT_DISPATCH_FEASIBILITY"
"co2 stored","ID","LA","ID_Kalimantan4 5 low voltage -> ID_Kalimantan4 5 -> co2 stored -> LA2 1 gas -> LA2 1 urban central heat -> LA2 1 urban central water tanks","ID_Kalimantan4 5 electricity distribution grid;ID_Kalimantan4 5 urban central DAC;LA2 1 helmeth;LA2 1 urban central gas CHP CC;LA2 1 urban central water tanks charger","false","false","Country/node pool; preserve resource cap; require accepted allocation where finite","co2 stored","DIRECTED_CONVERSION_PATH","STRUCTURAL_POTENTIAL_NOT_DISPATCH_FEASIBILITY"
"co2 stored","ID","MM","ID_Kalimantan4 5 low voltage -> ID_Kalimantan4 5 -> co2 stored -> MM2 4 gas -> MM2 4 -> MM2 4 battery","ID_Kalimantan4 5 electricity distribution grid;ID_Kalimantan4 5 urban central DAC;MM2 4 helmeth;MM2 4 urban central gas CHP CC;MM2 4 battery charger","false","false","Country/node pool; preserve resource cap; require accepted allocation where finite","co2 stored","DIRECTED_CONVERSION_PATH","STRUCTURAL_POTENTIAL_NOT_DISPATCH_FEASIBILITY"
"co2 stored","ID","MY","ID_Kalimantan4 5 low voltage -> ID_Kalimantan4 5 -> co2 stored -> MY_Sabah4 0 gas -> MY_Sabah4 0 -> MY_Sabah4 0 low voltage -> MY_Sabah4 0 home battery","ID_Kalimantan4 5 electricity distribution grid;ID_Kalimantan4 5 urban central DAC;MY_Sabah4 0 helmeth;MY_Sabah4 0 urban central gas CHP CC;MY_Sabah4 0 electricity distribution grid;MY_Sabah4 0 home battery charger","false","false","Country/node pool; preserve resource cap; require accepted allocation where finite","co2 stored","DIRECTED_CONVERSION_PATH","STRUCTURAL_POTENTIAL_NOT_DISPATCH_FEASIBILITY"
"co2 stored","ID","PH","ID_Kalimantan4 5 low voltage -> ID_Kalimantan4 5 -> co2 stored -> PH_Luzon9 0 gas -> PH_Luzon9 0 services rural heat","ID_Kalimantan4 5 electricity distribution grid;ID_Kalimantan4 5 urban central DAC;PH_Luzon9 0 helmeth;PH_Luzon9 0 services rural gas boiler","false","false","Country/node pool; preserve resource cap; require accepted allocation where finite","co2 stored","DIRECTED_CONVERSION_PATH","STRUCTURAL_POTENTIAL_NOT_DISPATCH_FEASIBILITY"
"co2 stored","ID","SG","ID_Kalimantan4 5 low voltage -> ID_Kalimantan4 5 -> co2 stored -> SG2 0 gas -> SG2 0 residential rural heat -> SG2 0 residential rural water tanks","ID_Kalimantan4 5 electricity distribution grid;ID_Kalimantan4 5 urban central DAC;SG2 0 helmeth;SG2 0 residential rural gas boiler;SG2 0 residential rural water tanks charger","false","false","Country/node pool; preserve resource cap; require accepted allocation where finite","co2 stored","DIRECTED_CONVERSION_PATH","STRUCTURAL_POTENTIAL_NOT_DISPATCH_FEASIBILITY"
"co2 stored","ID","TH","ID_Kalimantan4 5 low voltage -> ID_Kalimantan4 5 -> co2 stored -> TH2 1 gas -> TH2 1 H2","ID_Kalimantan4 5 electricity distribution grid;ID_Kalimantan4 5 urban central DAC;TH2 1 helmeth;TH2 1 SMR CC","false","false","Country/node pool; preserve resource cap; require accepted allocation where finite","co2 stored","DIRECTED_CONVERSION_PATH","STRUCTURAL_POTENTIAL_NOT_DISPATCH_FEASIBILITY"
"co2 stored","ID","TL","ID_Kalimantan4 5 low voltage -> ID_Kalimantan4 5 -> co2 stored -> TL11 0 gas -> TL11 0 residential urban decentral heat","ID_Kalimantan4 5 electricity distribution grid;ID_Kalimantan4 5 urban central DAC;TL11 0 helmeth;TL11 0 residential urban decentral gas boiler","false","false","Country/node pool; preserve resource cap; require accepted allocation where finite","co2 stored","DIRECTED_CONVERSION_PATH","STRUCTURAL_POTENTIAL_NOT_DISPATCH_FEASIBILITY"
"co2 stored","ID","VN","ID_Kalimantan4 5 low voltage -> ID_Kalimantan4 5 -> co2 stored -> VN2 0 gas -> VN2 0 -> VN2 0 low voltage","ID_Kalimantan4 5 electricity distribution grid;ID_Kalimantan4 5 urban central DAC;VN2 0 helmeth;VN2 0 urban central gas CHP CC;VN2 0 electricity distribution grid","false","false","Country/node pool; preserve resource cap; require accepted allocation where finite","co2 stored","DIRECTED_CONVERSION_PATH","STRUCTURAL_POTENTIAL_NOT_DISPATCH_FEASIBILITY"
"co2 stored","KH","BN","KH2 0 NH3 -> KH2 0 H2 -> KH2 0 gas -> co2 stored -> BN4 0 oil","KH2 0 ammonia cracker;KH2 0 Sabatier;KH2 0 gas for industry CC;BN4 0 Fischer-Tropsch","false","false","Country/node pool; preserve resource cap; require accepted allocation where finite","co2 stored","DIRECTED_CONVERSION_PATH","STRUCTURAL_POTENTIAL_NOT_DISPATCH_FEASIBILITY"
"co2 stored","KH","ID","KH2 0 NH3 -> KH2 0 H2 -> KH2 0 gas -> co2 stored -> ID_Kalimantan4 5 gas -> ID_Kalimantan4 5 -> ID_Kalimantan4 5 low voltage","KH2 0 ammonia cracker;KH2 0 Sabatier;KH2 0 gas for industry CC;ID_Kalimantan4 5 helmeth;ID_Kalimantan4 5 urban central gas CHP CC;ID_Kalimantan4 5 electricity distribution grid","false","false","Country/node pool; preserve resource cap; require accepted allocation where finite","co2 stored","DIRECTED_CONVERSION_PATH","STRUCTURAL_POTENTIAL_NOT_DISPATCH_FEASIBILITY"
"co2 stored","KH","LA","KH2 0 NH3 -> KH2 0 H2 -> KH2 0 gas -> co2 stored -> LA2 1 gas -> LA2 1 urban central heat -> LA2 1 urban central water tanks","KH2 0 ammonia cracker;KH2 0 Sabatier;KH2 0 gas for industry CC;LA2 1 helmeth;LA2 1 urban central gas CHP CC;LA2 1 urban central water tanks charger","false","false","Country/node pool; preserve resource cap; require accepted allocation where finite","co2 stored","DIRECTED_CONVERSION_PATH","STRUCTURAL_POTENTIAL_NOT_DISPATCH_FEASIBILITY"
"co2 stored","KH","MM","KH2 0 NH3 -> KH2 0 H2 -> KH2 0 gas -> co2 stored -> MM2 4 gas -> MM2 4 -> MM2 4 battery","KH2 0 ammonia cracker;KH2 0 Sabatier;KH2 0 gas for industry CC;MM2 4 helmeth;MM2 4 urban central gas CHP CC;MM2 4 battery charger","false","false","Country/node pool; preserve resource cap; require accepted allocation where finite","co2 stored","DIRECTED_CONVERSION_PATH","STRUCTURAL_POTENTIAL_NOT_DISPATCH_FEASIBILITY"
"co2 stored","KH","MY","KH2 0 NH3 -> KH2 0 H2 -> KH2 0 gas -> co2 stored -> MY_Sabah4 0 gas -> MY_Sabah4 0 -> MY_Sabah4 0 low voltage -> MY_Sabah4 0 home battery","KH2 0 ammonia cracker;KH2 0 Sabatier;KH2 0 gas for industry CC;MY_Sabah4 0 helmeth;MY_Sabah4 0 urban central gas CHP CC;MY_Sabah4 0 electricity distribution grid;MY_Sabah4 0 home battery charger","false","false","Country/node pool; preserve resource cap; require accepted allocation where finite","co2 stored","DIRECTED_CONVERSION_PATH","STRUCTURAL_POTENTIAL_NOT_DISPATCH_FEASIBILITY"
"co2 stored","KH","PH","KH2 0 NH3 -> KH2 0 H2 -> KH2 0 gas -> co2 stored -> PH_Luzon9 0 gas -> PH_Luzon9 0 services rural heat","KH2 0 ammonia cracker;KH2 0 Sabatier;KH2 0 gas for industry CC;PH_Luzon9 0 helmeth;PH_Luzon9 0 services rural gas boiler","false","false","Country/node pool; preserve resource cap; require accepted allocation where finite","co2 stored","DIRECTED_CONVERSION_PATH","STRUCTURAL_POTENTIAL_NOT_DISPATCH_FEASIBILITY"
"co2 stored","KH","SG","KH2 0 NH3 -> KH2 0 H2 -> KH2 0 gas -> co2 stored -> SG2 0 gas -> SG2 0 residential rural heat -> SG2 0 residential rural water tanks","KH2 0 ammonia cracker;KH2 0 Sabatier;KH2 0 gas for industry CC;SG2 0 helmeth;SG2 0 residential rural gas boiler;SG2 0 residential rural water tanks charger","false","false","Country/node pool; preserve resource cap; require accepted allocation where finite","co2 stored","DIRECTED_CONVERSION_PATH","STRUCTURAL_POTENTIAL_NOT_DISPATCH_FEASIBILITY"
"co2 stored","KH","TH","KH2 0 NH3 -> KH2 0 H2 -> KH2 0 gas -> co2 stored -> TH2 1 gas -> TH2 1 H2","KH2 0 ammonia cracker;KH2 0 Sabatier;KH2 0 gas for industry CC;TH2 1 helmeth;TH2 1 SMR CC","false","false","Country/node pool; preserve resource cap; require accepted allocation where finite","co2 stored","DIRECTED_CONVERSION_PATH","STRUCTURAL_POTENTIAL_NOT_DISPATCH_FEASIBILITY"
"co2 stored","KH","TL","KH2 0 NH3 -> KH2 0 H2 -> KH2 0 gas -> co2 stored -> TL11 0 gas -> TL11 0 residential urban decentral heat","KH2 0 ammonia cracker;KH2 0 Sabatier;KH2 0 gas for industry CC;TL11 0 helmeth;TL11 0 residential urban decentral gas boiler","false","false","Country/node pool; preserve resource cap; require accepted allocation where finite","co2 stored","DIRECTED_CONVERSION_PATH","STRUCTURAL_POTENTIAL_NOT_DISPATCH_FEASIBILITY"
"co2 stored","KH","VN","KH2 0 NH3 -> KH2 0 H2 -> KH2 0 gas -> co2 stored -> VN2 0 gas -> VN2 0 -> VN2 0 low voltage","KH2 0 ammonia cracker;KH2 0 Sabatier;KH2 0 gas for industry CC;VN2 0 helmeth;VN2 0 urban central gas CHP CC;VN2 0 electricity distribution grid","false","false","Country/node pool; preserve resource cap; require accepted allocation where finite","co2 stored","DIRECTED_CONVERSION_PATH","STRUCTURAL_POTENTIAL_NOT_DISPATCH_FEASIBILITY"
"co2 stored","LA","BN","LA2 1 urban central water tanks -> LA2 1 urban central heat -> co2 stored -> BN4 0 oil","LA2 1 urban central water tanks discharger;LA2 1 urban central DAC;BN4 0 Fischer-Tropsch","false","false","Country/node pool; preserve resource cap; require accepted allocation where finite","co2 stored","DIRECTED_CONVERSION_PATH","STRUCTURAL_POTENTIAL_NOT_DISPATCH_FEASIBILITY"
"co2 stored","LA","ID","LA2 1 urban central water tanks -> LA2 1 urban central heat -> co2 stored -> ID_Kalimantan4 5 gas -> ID_Kalimantan4 5 -> ID_Kalimantan4 5 low voltage","LA2 1 urban central water tanks discharger;LA2 1 urban central DAC;ID_Kalimantan4 5 helmeth;ID_Kalimantan4 5 urban central gas CHP CC;ID_Kalimantan4 5 electricity distribution grid","false","false","Country/node pool; preserve resource cap; require accepted allocation where finite","co2 stored","DIRECTED_CONVERSION_PATH","STRUCTURAL_POTENTIAL_NOT_DISPATCH_FEASIBILITY"
"co2 stored","LA","KH","LA2 1 urban central water tanks -> LA2 1 urban central heat -> co2 stored -> KH2 0 gas -> KH2 0 H2 -> KH2 0 NH3","LA2 1 urban central water tanks discharger;LA2 1 urban central DAC;KH2 0 helmeth;KH2 0 SMR CC;KH2 0 Haber-Bosch","false","false","Country/node pool; preserve resource cap; require accepted allocation where finite","co2 stored","DIRECTED_CONVERSION_PATH","STRUCTURAL_POTENTIAL_NOT_DISPATCH_FEASIBILITY"
"co2 stored","LA","MM","LA2 1 urban central water tanks -> LA2 1 urban central heat -> co2 stored -> MM2 4 gas -> MM2 4 -> MM2 4 battery","LA2 1 urban central water tanks discharger;LA2 1 urban central DAC;MM2 4 helmeth;MM2 4 urban central gas CHP CC;MM2 4 battery charger","false","false","Country/node pool; preserve resource cap; require accepted allocation where finite","co2 stored","DIRECTED_CONVERSION_PATH","STRUCTURAL_POTENTIAL_NOT_DISPATCH_FEASIBILITY"
"co2 stored","LA","MY","LA2 1 urban central water tanks -> LA2 1 urban central heat -> co2 stored -> MY_Sabah4 0 gas -> MY_Sabah4 0 -> MY_Sabah4 0 low voltage -> MY_Sabah4 0 home battery","LA2 1 urban central water tanks discharger;LA2 1 urban central DAC;MY_Sabah4 0 helmeth;MY_Sabah4 0 urban central gas CHP CC;MY_Sabah4 0 electricity distribution grid;MY_Sabah4 0 home battery charger","false","false","Country/node pool; preserve resource cap; require accepted allocation where finite","co2 stored","DIRECTED_CONVERSION_PATH","STRUCTURAL_POTENTIAL_NOT_DISPATCH_FEASIBILITY"
"co2 stored","LA","PH","LA2 1 urban central water tanks -> LA2 1 urban central heat -> co2 stored -> PH_Luzon9 0 gas -> PH_Luzon9 0 services rural heat","LA2 1 urban central water tanks discharger;LA2 1 urban central DAC;PH_Luzon9 0 helmeth;PH_Luzon9 0 services rural gas boiler","false","false","Country/node pool; preserve resource cap; require accepted allocation where finite","co2 stored","DIRECTED_CONVERSION_PATH","STRUCTURAL_POTENTIAL_NOT_DISPATCH_FEASIBILITY"
"co2 stored","LA","SG","LA2 1 urban central water tanks -> LA2 1 urban central heat -> co2 stored -> SG2 0 gas -> SG2 0 residential rural heat -> SG2 0 residential rural water tanks","LA2 1 urban central water tanks discharger;LA2 1 urban central DAC;SG2 0 helmeth;SG2 0 residential rural gas boiler;SG2 0 residential rural water tanks charger","false","false","Country/node pool; preserve resource cap; require accepted allocation where finite","co2 stored","DIRECTED_CONVERSION_PATH","STRUCTURAL_POTENTIAL_NOT_DISPATCH_FEASIBILITY"
"co2 stored","LA","TH","LA2 1 urban central water tanks -> LA2 1 urban central heat -> co2 stored -> TH2 1 gas -> TH2 1 H2","LA2 1 urban central water tanks discharger;LA2 1 urban central DAC;TH2 1 helmeth;TH2 1 SMR CC","false","false","Country/node pool; preserve resource cap; require accepted allocation where finite","co2 stored","DIRECTED_CONVERSION_PATH","STRUCTURAL_POTENTIAL_NOT_DISPATCH_FEASIBILITY"
"co2 stored","LA","TL","LA2 1 urban central water tanks -> LA2 1 urban central heat -> co2 stored -> TL11 0 gas -> TL11 0 residential urban decentral heat","LA2 1 urban central water tanks discharger;LA2 1 urban central DAC;TL11 0 helmeth;TL11 0 residential urban decentral gas boiler","false","false","Country/node pool; preserve resource cap; require accepted allocation where finite","co2 stored","DIRECTED_CONVERSION_PATH","STRUCTURAL_POTENTIAL_NOT_DISPATCH_FEASIBILITY"
"co2 stored","LA","VN","LA2 1 urban central water tanks -> LA2 1 urban central heat -> co2 stored -> VN2 0 gas -> VN2 0 -> VN2 0 low voltage","LA2 1 urban central water tanks discharger;LA2 1 urban central DAC;VN2 0 helmeth;VN2 0 urban central gas CHP CC;VN2 0 electricity distribution grid","false","false","Country/node pool; preserve resource cap; require accepted allocation where finite","co2 stored","DIRECTED_CONVERSION_PATH","STRUCTURAL_POTENTIAL_NOT_DISPATCH_FEASIBILITY"
"co2 stored","MM","BN","MM2 4 battery -> MM2 4 -> co2 stored -> BN4 0 oil","MM2 4 battery discharger;MM2 4 urban central DAC;BN4 0 Fischer-Tropsch","false","false","Country/node pool; preserve resource cap; require accepted allocation where finite","co2 stored","DIRECTED_CONVERSION_PATH","STRUCTURAL_POTENTIAL_NOT_DISPATCH_FEASIBILITY"
"co2 stored","MM","ID","MM2 4 battery -> MM2 4 -> co2 stored -> ID_Kalimantan4 5 gas -> ID_Kalimantan4 5 -> ID_Kalimantan4 5 low voltage","MM2 4 battery discharger;MM2 4 urban central DAC;ID_Kalimantan4 5 helmeth;ID_Kalimantan4 5 urban central gas CHP CC;ID_Kalimantan4 5 electricity distribution grid","false","false","Country/node pool; preserve resource cap; require accepted allocation where finite","co2 stored","DIRECTED_CONVERSION_PATH","STRUCTURAL_POTENTIAL_NOT_DISPATCH_FEASIBILITY"
"co2 stored","MM","KH","MM2 4 battery -> MM2 4 -> co2 stored -> KH2 0 gas -> KH2 0 H2 -> KH2 0 NH3","MM2 4 battery discharger;MM2 4 urban central DAC;KH2 0 helmeth;KH2 0 SMR CC;KH2 0 Haber-Bosch","false","false","Country/node pool; preserve resource cap; require accepted allocation where finite","co2 stored","DIRECTED_CONVERSION_PATH","STRUCTURAL_POTENTIAL_NOT_DISPATCH_FEASIBILITY"
"co2 stored","MM","LA","MM2 4 battery -> MM2 4 -> co2 stored -> LA2 1 gas -> LA2 1 urban central heat -> LA2 1 urban central water tanks","MM2 4 battery discharger;MM2 4 urban central DAC;LA2 1 helmeth;LA2 1 urban central gas CHP CC;LA2 1 urban central water tanks charger","false","false","Country/node pool; preserve resource cap; require accepted allocation where finite","co2 stored","DIRECTED_CONVERSION_PATH","STRUCTURAL_POTENTIAL_NOT_DISPATCH_FEASIBILITY"
"co2 stored","MM","MY","MM2 4 battery -> MM2 4 -> co2 stored -> MY_Sabah4 0 gas -> MY_Sabah4 0 -> MY_Sabah4 0 low voltage -> MY_Sabah4 0 home battery","MM2 4 battery discharger;MM2 4 urban central DAC;MY_Sabah4 0 helmeth;MY_Sabah4 0 urban central gas CHP CC;MY_Sabah4 0 electricity distribution grid;MY_Sabah4 0 home battery charger","false","false","Country/node pool; preserve resource cap; require accepted allocation where finite","co2 stored","DIRECTED_CONVERSION_PATH","STRUCTURAL_POTENTIAL_NOT_DISPATCH_FEASIBILITY"
"co2 stored","MM","PH","MM2 4 battery -> MM2 4 -> co2 stored -> PH_Luzon9 0 gas -> PH_Luzon9 0 services rural heat","MM2 4 battery discharger;MM2 4 urban central DAC;PH_Luzon9 0 helmeth;PH_Luzon9 0 services rural gas boiler","false","false","Country/node pool; preserve resource cap; require accepted allocation where finite","co2 stored","DIRECTED_CONVERSION_PATH","STRUCTURAL_POTENTIAL_NOT_DISPATCH_FEASIBILITY"
"co2 stored","MM","SG","MM2 4 battery -> MM2 4 -> co2 stored -> SG2 0 gas -> SG2 0 residential rural heat -> SG2 0 residential rural water tanks","MM2 4 battery discharger;MM2 4 urban central DAC;SG2 0 helmeth;SG2 0 residential rural gas boiler;SG2 0 residential rural water tanks charger","false","false","Country/node pool; preserve resource cap; require accepted allocation where finite","co2 stored","DIRECTED_CONVERSION_PATH","STRUCTURAL_POTENTIAL_NOT_DISPATCH_FEASIBILITY"
"co2 stored","MM","TH","MM2 4 battery -> MM2 4 -> co2 stored -> TH2 1 gas -> TH2 1 H2","MM2 4 battery discharger;MM2 4 urban central DAC;TH2 1 helmeth;TH2 1 SMR CC","false","false","Country/node pool; preserve resource cap; require accepted allocation where finite","co2 stored","DIRECTED_CONVERSION_PATH","STRUCTURAL_POTENTIAL_NOT_DISPATCH_FEASIBILITY"
"co2 stored","MM","TL","MM2 4 battery -> MM2 4 -> co2 stored -> TL11 0 gas -> TL11 0 residential urban decentral heat","MM2 4 battery discharger;MM2 4 urban central DAC;TL11 0 helmeth;TL11 0 residential urban decentral gas boiler","false","false","Country/node pool; preserve resource cap; require accepted allocation where finite","co2 stored","DIRECTED_CONVERSION_PATH","STRUCTURAL_POTENTIAL_NOT_DISPATCH_FEASIBILITY"
"co2 stored","MM","VN","MM2 4 battery -> MM2 4 -> co2 stored -> VN2 0 gas -> VN2 0 -> VN2 0 low voltage","MM2 4 battery discharger;MM2 4 urban central DAC;VN2 0 helmeth;VN2 0 urban central gas CHP CC;VN2 0 electricity distribution grid","false","false","Country/node pool; preserve resource cap; require accepted allocation where finite","co2 stored","DIRECTED_CONVERSION_PATH","STRUCTURAL_POTENTIAL_NOT_DISPATCH_FEASIBILITY"
"co2 stored","MY","BN","MY_Sabah4 0 home battery -> MY_Sabah4 0 low voltage -> MY_Sabah4 0 -> co2 stored -> BN4 0 oil","MY_Sabah4 0 home battery discharger;MY_Sabah4 0 electricity distribution grid;MY_Sabah4 0 urban central DAC;BN4 0 Fischer-Tropsch","false","false","Country/node pool; preserve resource cap; require accepted allocation where finite","co2 stored","DIRECTED_CONVERSION_PATH","STRUCTURAL_POTENTIAL_NOT_DISPATCH_FEASIBILITY"
"co2 stored","MY","ID","MY_Sabah4 0 home battery -> MY_Sabah4 0 low voltage -> MY_Sabah4 0 -> co2 stored -> ID_Kalimantan4 5 gas -> ID_Kalimantan4 5 -> ID_Kalimantan4 5 low voltage","MY_Sabah4 0 home battery discharger;MY_Sabah4 0 electricity distribution grid;MY_Sabah4 0 urban central DAC;ID_Kalimantan4 5 helmeth;ID_Kalimantan4 5 urban central gas CHP CC;ID_Kalimantan4 5 electricity distribution grid","false","false","Country/node pool; preserve resource cap; require accepted allocation where finite","co2 stored","DIRECTED_CONVERSION_PATH","STRUCTURAL_POTENTIAL_NOT_DISPATCH_FEASIBILITY"
"co2 stored","MY","KH","MY_Sabah4 0 home battery -> MY_Sabah4 0 low voltage -> MY_Sabah4 0 -> co2 stored -> KH2 0 gas -> KH2 0 H2 -> KH2 0 NH3","MY_Sabah4 0 home battery discharger;MY_Sabah4 0 electricity distribution grid;MY_Sabah4 0 urban central DAC;KH2 0 helmeth;KH2 0 SMR CC;KH2 0 Haber-Bosch","false","false","Country/node pool; preserve resource cap; require accepted allocation where finite","co2 stored","DIRECTED_CONVERSION_PATH","STRUCTURAL_POTENTIAL_NOT_DISPATCH_FEASIBILITY"
"co2 stored","MY","LA","MY_Sabah4 0 home battery -> MY_Sabah4 0 low voltage -> MY_Sabah4 0 -> co2 stored -> LA2 1 gas -> LA2 1 urban central heat -> LA2 1 urban central water tanks","MY_Sabah4 0 home battery discharger;MY_Sabah4 0 electricity distribution grid;MY_Sabah4 0 urban central DAC;LA2 1 helmeth;LA2 1 urban central gas CHP CC;LA2 1 urban central water tanks charger","false","false","Country/node pool; preserve resource cap; require accepted allocation where finite","co2 stored","DIRECTED_CONVERSION_PATH","STRUCTURAL_POTENTIAL_NOT_DISPATCH_FEASIBILITY"
"co2 stored","MY","MM","MY_Sabah4 0 home battery -> MY_Sabah4 0 low voltage -> MY_Sabah4 0 -> co2 stored -> MM2 4 gas -> MM2 4 -> MM2 4 battery","MY_Sabah4 0 home battery discharger;MY_Sabah4 0 electricity distribution grid;MY_Sabah4 0 urban central DAC;MM2 4 helmeth;MM2 4 urban central gas CHP CC;MM2 4 battery charger","false","false","Country/node pool; preserve resource cap; require accepted allocation where finite","co2 stored","DIRECTED_CONVERSION_PATH","STRUCTURAL_POTENTIAL_NOT_DISPATCH_FEASIBILITY"
"co2 stored","MY","PH","MY_Sabah4 0 home battery -> MY_Sabah4 0 low voltage -> MY_Sabah4 0 -> co2 stored -> PH_Luzon9 0 gas -> PH_Luzon9 0 services rural heat","MY_Sabah4 0 home battery discharger;MY_Sabah4 0 electricity distribution grid;MY_Sabah4 0 urban central DAC;PH_Luzon9 0 helmeth;PH_Luzon9 0 services rural gas boiler","false","false","Country/node pool; preserve resource cap; require accepted allocation where finite","co2 stored","DIRECTED_CONVERSION_PATH","STRUCTURAL_POTENTIAL_NOT_DISPATCH_FEASIBILITY"
"co2 stored","MY","SG","MY_Sabah4 0 home battery -> MY_Sabah4 0 low voltage -> MY_Sabah4 0 -> co2 stored -> SG2 0 gas -> SG2 0 residential rural heat -> SG2 0 residential rural water tanks","MY_Sabah4 0 home battery discharger;MY_Sabah4 0 electricity distribution grid;MY_Sabah4 0 urban central DAC;SG2 0 helmeth;SG2 0 residential rural gas boiler;SG2 0 residential rural water tanks charger","false","false","Country/node pool; preserve resource cap; require accepted allocation where finite","co2 stored","DIRECTED_CONVERSION_PATH","STRUCTURAL_POTENTIAL_NOT_DISPATCH_FEASIBILITY"
"co2 stored","MY","TH","MY_Sabah4 0 home battery -> MY_Sabah4 0 low voltage -> MY_Sabah4 0 -> co2 stored -> TH2 1 gas -> TH2 1 H2","MY_Sabah4 0 home battery discharger;MY_Sabah4 0 electricity distribution grid;MY_Sabah4 0 urban central DAC;TH2 1 helmeth;TH2 1 SMR CC","false","false","Country/node pool; preserve resource cap; require accepted allocation where finite","co2 stored","DIRECTED_CONVERSION_PATH","STRUCTURAL_POTENTIAL_NOT_DISPATCH_FEASIBILITY"
"co2 stored","MY","TL","MY_Sabah4 0 home battery -> MY_Sabah4 0 low voltage -> MY_Sabah4 0 -> co2 stored -> TL11 0 gas -> TL11 0 residential urban decentral heat","MY_Sabah4 0 home battery discharger;MY_Sabah4 0 electricity distribution grid;MY_Sabah4 0 urban central DAC;TL11 0 helmeth;TL11 0 residential urban decentral gas boiler","false","false","Country/node pool; preserve resource cap; require accepted allocation where finite","co2 stored","DIRECTED_CONVERSION_PATH","STRUCTURAL_POTENTIAL_NOT_DISPATCH_FEASIBILITY"
"co2 stored","MY","VN","MY_Sabah4 0 home battery -> MY_Sabah4 0 low voltage -> MY_Sabah4 0 -> co2 stored -> VN2 0 gas -> VN2 0 -> VN2 0 low voltage","MY_Sabah4 0 home battery discharger;MY_Sabah4 0 electricity distribution grid;MY_Sabah4 0 urban central DAC;VN2 0 helmeth;VN2 0 urban central gas CHP CC;VN2 0 electricity distribution grid","false","false","Country/node pool; preserve resource cap; require accepted allocation where finite","co2 stored","DIRECTED_CONVERSION_PATH","STRUCTURAL_POTENTIAL_NOT_DISPATCH_FEASIBILITY"
"co2 stored","PH","BN","PH_Luzon9 0 home battery -> PH_Luzon9 0 low voltage -> PH_Luzon9 0 -> co2 stored -> BN4 0 oil","PH_Luzon9 0 home battery discharger;PH_Luzon9 0 electricity distribution grid;PH_Luzon9 0 urban central DAC;BN4 0 Fischer-Tropsch","false","false","Country/node pool; preserve resource cap; require accepted allocation where finite","co2 stored","DIRECTED_CONVERSION_PATH","STRUCTURAL_POTENTIAL_NOT_DISPATCH_FEASIBILITY"
"co2 stored","PH","ID","PH_Luzon9 0 home battery -> PH_Luzon9 0 low voltage -> PH_Luzon9 0 -> co2 stored -> ID_Kalimantan4 5 gas -> ID_Kalimantan4 5 -> ID_Kalimantan4 5 low voltage","PH_Luzon9 0 home battery discharger;PH_Luzon9 0 electricity distribution grid;PH_Luzon9 0 urban central DAC;ID_Kalimantan4 5 helmeth;ID_Kalimantan4 5 urban central gas CHP CC;ID_Kalimantan4 5 electricity distribution grid","false","false","Country/node pool; preserve resource cap; require accepted allocation where finite","co2 stored","DIRECTED_CONVERSION_PATH","STRUCTURAL_POTENTIAL_NOT_DISPATCH_FEASIBILITY"
"co2 stored","PH","KH","PH_Luzon9 0 home battery -> PH_Luzon9 0 low voltage -> PH_Luzon9 0 -> co2 stored -> KH2 0 gas -> KH2 0 H2 -> KH2 0 NH3","PH_Luzon9 0 home battery discharger;PH_Luzon9 0 electricity distribution grid;PH_Luzon9 0 urban central DAC;KH2 0 helmeth;KH2 0 SMR CC;KH2 0 Haber-Bosch","false","false","Country/node pool; preserve resource cap; require accepted allocation where finite","co2 stored","DIRECTED_CONVERSION_PATH","STRUCTURAL_POTENTIAL_NOT_DISPATCH_FEASIBILITY"
"co2 stored","PH","LA","PH_Luzon9 0 home battery -> PH_Luzon9 0 low voltage -> PH_Luzon9 0 -> co2 stored -> LA2 1 gas -> LA2 1 urban central heat -> LA2 1 urban central water tanks","PH_Luzon9 0 home battery discharger;PH_Luzon9 0 electricity distribution grid;PH_Luzon9 0 urban central DAC;LA2 1 helmeth;LA2 1 urban central gas CHP CC;LA2 1 urban central water tanks charger","false","false","Country/node pool; preserve resource cap; require accepted allocation where finite","co2 stored","DIRECTED_CONVERSION_PATH","STRUCTURAL_POTENTIAL_NOT_DISPATCH_FEASIBILITY"
"co2 stored","PH","MM","PH_Luzon9 0 home battery -> PH_Luzon9 0 low voltage -> PH_Luzon9 0 -> co2 stored -> MM2 4 gas -> MM2 4 -> MM2 4 battery","PH_Luzon9 0 home battery discharger;PH_Luzon9 0 electricity distribution grid;PH_Luzon9 0 urban central DAC;MM2 4 helmeth;MM2 4 urban central gas CHP CC;MM2 4 battery charger","false","false","Country/node pool; preserve resource cap; require accepted allocation where finite","co2 stored","DIRECTED_CONVERSION_PATH","STRUCTURAL_POTENTIAL_NOT_DISPATCH_FEASIBILITY"
"co2 stored","PH","MY","PH_Luzon9 0 home battery -> PH_Luzon9 0 low voltage -> PH_Luzon9 0 -> co2 stored -> MY_Sabah4 0 gas -> MY_Sabah4 0 -> MY_Sabah4 0 low voltage -> MY_Sabah4 0 home battery","PH_Luzon9 0 home battery discharger;PH_Luzon9 0 electricity distribution grid;PH_Luzon9 0 urban central DAC;MY_Sabah4 0 helmeth;MY_Sabah4 0 urban central gas CHP CC;MY_Sabah4 0 electricity distribution grid;MY_Sabah4 0 home battery charger","false","false","Country/node pool; preserve resource cap; require accepted allocation where finite","co2 stored","DIRECTED_CONVERSION_PATH","STRUCTURAL_POTENTIAL_NOT_DISPATCH_FEASIBILITY"
"co2 stored","PH","SG","PH_Luzon9 0 home battery -> PH_Luzon9 0 low voltage -> PH_Luzon9 0 -> co2 stored -> SG2 0 gas -> SG2 0 residential rural heat -> SG2 0 residential rural water tanks","PH_Luzon9 0 home battery discharger;PH_Luzon9 0 electricity distribution grid;PH_Luzon9 0 urban central DAC;SG2 0 helmeth;SG2 0 residential rural gas boiler;SG2 0 residential rural water tanks charger","false","false","Country/node pool; preserve resource cap; require accepted allocation where finite","co2 stored","DIRECTED_CONVERSION_PATH","STRUCTURAL_POTENTIAL_NOT_DISPATCH_FEASIBILITY"
"co2 stored","PH","TH","PH_Luzon9 0 home battery -> PH_Luzon9 0 low voltage -> PH_Luzon9 0 -> co2 stored -> TH2 1 gas -> TH2 1 H2","PH_Luzon9 0 home battery discharger;PH_Luzon9 0 electricity distribution grid;PH_Luzon9 0 urban central DAC;TH2 1 helmeth;TH2 1 SMR CC","false","false","Country/node pool; preserve resource cap; require accepted allocation where finite","co2 stored","DIRECTED_CONVERSION_PATH","STRUCTURAL_POTENTIAL_NOT_DISPATCH_FEASIBILITY"
"co2 stored","PH","TL","PH_Luzon9 0 home battery -> PH_Luzon9 0 low voltage -> PH_Luzon9 0 -> co2 stored -> TL11 0 gas -> TL11 0 residential urban decentral heat","PH_Luzon9 0 home battery discharger;PH_Luzon9 0 electricity distribution grid;PH_Luzon9 0 urban central DAC;TL11 0 helmeth;TL11 0 residential urban decentral gas boiler","false","false","Country/node pool; preserve resource cap; require accepted allocation where finite","co2 stored","DIRECTED_CONVERSION_PATH","STRUCTURAL_POTENTIAL_NOT_DISPATCH_FEASIBILITY"
"co2 stored","PH","VN","PH_Luzon9 0 home battery -> PH_Luzon9 0 low voltage -> PH_Luzon9 0 -> co2 stored -> VN2 0 gas -> VN2 0 -> VN2 0 low voltage","PH_Luzon9 0 home battery discharger;PH_Luzon9 0 electricity distribution grid;PH_Luzon9 0 urban central DAC;VN2 0 helmeth;VN2 0 urban central gas CHP CC;VN2 0 electricity distribution grid","false","false","Country/node pool; preserve resource cap; require accepted allocation where finite","co2 stored","DIRECTED_CONVERSION_PATH","STRUCTURAL_POTENTIAL_NOT_DISPATCH_FEASIBILITY"
"co2 stored","SG","BN","SG2 0 services urban decentral water tanks -> SG2 0 services urban decentral heat -> co2 stored -> BN4 0 oil","SG2 0 services urban decentral water tanks discharger;SG2 0 services urban decentral DAC;BN4 0 Fischer-Tropsch","false","false","Country/node pool; preserve resource cap; require accepted allocation where finite","co2 stored","DIRECTED_CONVERSION_PATH","STRUCTURAL_POTENTIAL_NOT_DISPATCH_FEASIBILITY"
"co2 stored","SG","ID","SG2 0 services urban decentral water tanks -> SG2 0 services urban decentral heat -> co2 stored -> ID_Kalimantan4 5 gas -> ID_Kalimantan4 5 -> ID_Kalimantan4 5 low voltage","SG2 0 services urban decentral water tanks discharger;SG2 0 services urban decentral DAC;ID_Kalimantan4 5 helmeth;ID_Kalimantan4 5 urban central gas CHP CC;ID_Kalimantan4 5 electricity distribution grid","false","false","Country/node pool; preserve resource cap; require accepted allocation where finite","co2 stored","DIRECTED_CONVERSION_PATH","STRUCTURAL_POTENTIAL_NOT_DISPATCH_FEASIBILITY"
"co2 stored","SG","KH","SG2 0 services urban decentral water tanks -> SG2 0 services urban decentral heat -> co2 stored -> KH2 0 gas -> KH2 0 H2 -> KH2 0 NH3","SG2 0 services urban decentral water tanks discharger;SG2 0 services urban decentral DAC;KH2 0 helmeth;KH2 0 SMR CC;KH2 0 Haber-Bosch","false","false","Country/node pool; preserve resource cap; require accepted allocation where finite","co2 stored","DIRECTED_CONVERSION_PATH","STRUCTURAL_POTENTIAL_NOT_DISPATCH_FEASIBILITY"
"co2 stored","SG","LA","SG2 0 services urban decentral water tanks -> SG2 0 services urban decentral heat -> co2 stored -> LA2 1 gas -> LA2 1 urban central heat -> LA2 1 urban central water tanks","SG2 0 services urban decentral water tanks discharger;SG2 0 services urban decentral DAC;LA2 1 helmeth;LA2 1 urban central gas CHP CC;LA2 1 urban central water tanks charger","false","false","Country/node pool; preserve resource cap; require accepted allocation where finite","co2 stored","DIRECTED_CONVERSION_PATH","STRUCTURAL_POTENTIAL_NOT_DISPATCH_FEASIBILITY"
"co2 stored","SG","MM","SG2 0 services urban decentral water tanks -> SG2 0 services urban decentral heat -> co2 stored -> MM2 4 gas -> MM2 4 -> MM2 4 battery","SG2 0 services urban decentral water tanks discharger;SG2 0 services urban decentral DAC;MM2 4 helmeth;MM2 4 urban central gas CHP CC;MM2 4 battery charger","false","false","Country/node pool; preserve resource cap; require accepted allocation where finite","co2 stored","DIRECTED_CONVERSION_PATH","STRUCTURAL_POTENTIAL_NOT_DISPATCH_FEASIBILITY"
"co2 stored","SG","MY","SG2 0 services urban decentral water tanks -> SG2 0 services urban decentral heat -> co2 stored -> MY_Sabah4 0 gas -> MY_Sabah4 0 -> MY_Sabah4 0 low voltage -> MY_Sabah4 0 home battery","SG2 0 services urban decentral water tanks discharger;SG2 0 services urban decentral DAC;MY_Sabah4 0 helmeth;MY_Sabah4 0 urban central gas CHP CC;MY_Sabah4 0 electricity distribution grid;MY_Sabah4 0 home battery charger","false","false","Country/node pool; preserve resource cap; require accepted allocation where finite","co2 stored","DIRECTED_CONVERSION_PATH","STRUCTURAL_POTENTIAL_NOT_DISPATCH_FEASIBILITY"
"co2 stored","SG","PH","SG2 0 services urban decentral water tanks -> SG2 0 services urban decentral heat -> co2 stored -> PH_Luzon9 0 gas -> PH_Luzon9 0 services rural heat","SG2 0 services urban decentral water tanks discharger;SG2 0 services urban decentral DAC;PH_Luzon9 0 helmeth;PH_Luzon9 0 services rural gas boiler","false","false","Country/node pool; preserve resource cap; require accepted allocation where finite","co2 stored","DIRECTED_CONVERSION_PATH","STRUCTURAL_POTENTIAL_NOT_DISPATCH_FEASIBILITY"
"co2 stored","SG","TH","SG2 0 services urban decentral water tanks -> SG2 0 services urban decentral heat -> co2 stored -> TH2 1 gas -> TH2 1 H2","SG2 0 services urban decentral water tanks discharger;SG2 0 services urban decentral DAC;TH2 1 helmeth;TH2 1 SMR CC","false","false","Country/node pool; preserve resource cap; require accepted allocation where finite","co2 stored","DIRECTED_CONVERSION_PATH","STRUCTURAL_POTENTIAL_NOT_DISPATCH_FEASIBILITY"
"co2 stored","SG","TL","SG2 0 services urban decentral water tanks -> SG2 0 services urban decentral heat -> co2 stored -> TL11 0 gas -> TL11 0 residential urban decentral heat","SG2 0 services urban decentral water tanks discharger;SG2 0 services urban decentral DAC;TL11 0 helmeth;TL11 0 residential urban decentral gas boiler","false","false","Country/node pool; preserve resource cap; require accepted allocation where finite","co2 stored","DIRECTED_CONVERSION_PATH","STRUCTURAL_POTENTIAL_NOT_DISPATCH_FEASIBILITY"
"co2 stored","SG","VN","SG2 0 services urban decentral water tanks -> SG2 0 services urban decentral heat -> co2 stored -> VN2 0 gas -> VN2 0 -> VN2 0 low voltage","SG2 0 services urban decentral water tanks discharger;SG2 0 services urban decentral DAC;VN2 0 helmeth;VN2 0 urban central gas CHP CC;VN2 0 electricity distribution grid","false","false","Country/node pool; preserve resource cap; require accepted allocation where finite","co2 stored","DIRECTED_CONVERSION_PATH","STRUCTURAL_POTENTIAL_NOT_DISPATCH_FEASIBILITY"
"co2 stored","TH","BN","TH2 1 H2 -> TH2 1 gas -> co2 stored -> BN4 0 oil","TH2 1 Sabatier;TH2 1 gas for industry CC;BN4 0 Fischer-Tropsch","false","false","Country/node pool; preserve resource cap; require accepted allocation where finite","co2 stored","DIRECTED_CONVERSION_PATH","STRUCTURAL_POTENTIAL_NOT_DISPATCH_FEASIBILITY"
"co2 stored","TH","ID","TH2 1 H2 -> TH2 1 gas -> co2 stored -> ID_Kalimantan4 5 gas -> ID_Kalimantan4 5 -> ID_Kalimantan4 5 low voltage","TH2 1 Sabatier;TH2 1 gas for industry CC;ID_Kalimantan4 5 helmeth;ID_Kalimantan4 5 urban central gas CHP CC;ID_Kalimantan4 5 electricity distribution grid","false","false","Country/node pool; preserve resource cap; require accepted allocation where finite","co2 stored","DIRECTED_CONVERSION_PATH","STRUCTURAL_POTENTIAL_NOT_DISPATCH_FEASIBILITY"
"co2 stored","TH","KH","TH2 1 H2 -> TH2 1 gas -> co2 stored -> KH2 0 gas -> KH2 0 H2 -> KH2 0 NH3","TH2 1 Sabatier;TH2 1 gas for industry CC;KH2 0 helmeth;KH2 0 SMR CC;KH2 0 Haber-Bosch","false","false","Country/node pool; preserve resource cap; require accepted allocation where finite","co2 stored","DIRECTED_CONVERSION_PATH","STRUCTURAL_POTENTIAL_NOT_DISPATCH_FEASIBILITY"
"co2 stored","TH","LA","TH2 1 H2 -> TH2 1 gas -> co2 stored -> LA2 1 gas -> LA2 1 urban central heat -> LA2 1 urban central water tanks","TH2 1 Sabatier;TH2 1 gas for industry CC;LA2 1 helmeth;LA2 1 urban central gas CHP CC;LA2 1 urban central water tanks charger","false","false","Country/node pool; preserve resource cap; require accepted allocation where finite","co2 stored","DIRECTED_CONVERSION_PATH","STRUCTURAL_POTENTIAL_NOT_DISPATCH_FEASIBILITY"
"co2 stored","TH","MM","TH2 1 H2 -> TH2 1 gas -> co2 stored -> MM2 4 gas -> MM2 4 -> MM2 4 battery","TH2 1 Sabatier;TH2 1 gas for industry CC;MM2 4 helmeth;MM2 4 urban central gas CHP CC;MM2 4 battery charger","false","false","Country/node pool; preserve resource cap; require accepted allocation where finite","co2 stored","DIRECTED_CONVERSION_PATH","STRUCTURAL_POTENTIAL_NOT_DISPATCH_FEASIBILITY"
"co2 stored","TH","MY","TH2 1 H2 -> TH2 1 gas -> co2 stored -> MY_Sabah4 0 gas -> MY_Sabah4 0 -> MY_Sabah4 0 low voltage -> MY_Sabah4 0 home battery","TH2 1 Sabatier;TH2 1 gas for industry CC;MY_Sabah4 0 helmeth;MY_Sabah4 0 urban central gas CHP CC;MY_Sabah4 0 electricity distribution grid;MY_Sabah4 0 home battery charger","false","false","Country/node pool; preserve resource cap; require accepted allocation where finite","co2 stored","DIRECTED_CONVERSION_PATH","STRUCTURAL_POTENTIAL_NOT_DISPATCH_FEASIBILITY"
"co2 stored","TH","PH","TH2 1 H2 -> TH2 1 gas -> co2 stored -> PH_Luzon9 0 gas -> PH_Luzon9 0 services rural heat","TH2 1 Sabatier;TH2 1 gas for industry CC;PH_Luzon9 0 helmeth;PH_Luzon9 0 services rural gas boiler","false","false","Country/node pool; preserve resource cap; require accepted allocation where finite","co2 stored","DIRECTED_CONVERSION_PATH","STRUCTURAL_POTENTIAL_NOT_DISPATCH_FEASIBILITY"
"co2 stored","TH","SG","TH2 1 H2 -> TH2 1 gas -> co2 stored -> SG2 0 gas -> SG2 0 residential rural heat -> SG2 0 residential rural water tanks","TH2 1 Sabatier;TH2 1 gas for industry CC;SG2 0 helmeth;SG2 0 residential rural gas boiler;SG2 0 residential rural water tanks charger","false","false","Country/node pool; preserve resource cap; require accepted allocation where finite","co2 stored","DIRECTED_CONVERSION_PATH","STRUCTURAL_POTENTIAL_NOT_DISPATCH_FEASIBILITY"
"co2 stored","TH","TL","TH2 1 H2 -> TH2 1 gas -> co2 stored -> TL11 0 gas -> TL11 0 residential urban decentral heat","TH2 1 Sabatier;TH2 1 gas for industry CC;TL11 0 helmeth;TL11 0 residential urban decentral gas boiler","false","false","Country/node pool; preserve resource cap; require accepted allocation where finite","co2 stored","DIRECTED_CONVERSION_PATH","STRUCTURAL_POTENTIAL_NOT_DISPATCH_FEASIBILITY"
"co2 stored","TH","VN","TH2 1 H2 -> TH2 1 gas -> co2 stored -> VN2 0 gas -> VN2 0 -> VN2 0 low voltage","TH2 1 Sabatier;TH2 1 gas for industry CC;VN2 0 helmeth;VN2 0 urban central gas CHP CC;VN2 0 electricity distribution grid","false","false","Country/node pool; preserve resource cap; require accepted allocation where finite","co2 stored","DIRECTED_CONVERSION_PATH","STRUCTURAL_POTENTIAL_NOT_DISPATCH_FEASIBILITY"
"co2 stored","TL","BN","TL11 0 gas -> co2 stored -> BN4 0 oil","TL11 0 gas for industry CC;BN4 0 Fischer-Tropsch","false","false","Country/node pool; preserve resource cap; require accepted allocation where finite","co2 stored","DIRECTED_CONVERSION_PATH","STRUCTURAL_POTENTIAL_NOT_DISPATCH_FEASIBILITY"
"co2 stored","TL","ID","TL11 0 gas -> co2 stored -> ID_Kalimantan4 5 gas -> ID_Kalimantan4 5 -> ID_Kalimantan4 5 low voltage","TL11 0 gas for industry CC;ID_Kalimantan4 5 helmeth;ID_Kalimantan4 5 urban central gas CHP CC;ID_Kalimantan4 5 electricity distribution grid","false","false","Country/node pool; preserve resource cap; require accepted allocation where finite","co2 stored","DIRECTED_CONVERSION_PATH","STRUCTURAL_POTENTIAL_NOT_DISPATCH_FEASIBILITY"
"co2 stored","TL","KH","TL11 0 gas -> co2 stored -> KH2 0 gas -> KH2 0 H2 -> KH2 0 NH3","TL11 0 gas for industry CC;KH2 0 helmeth;KH2 0 SMR CC;KH2 0 Haber-Bosch","false","false","Country/node pool; preserve resource cap; require accepted allocation where finite","co2 stored","DIRECTED_CONVERSION_PATH","STRUCTURAL_POTENTIAL_NOT_DISPATCH_FEASIBILITY"
"co2 stored","TL","LA","TL11 0 gas -> co2 stored -> LA2 1 gas -> LA2 1 urban central heat -> LA2 1 urban central water tanks","TL11 0 gas for industry CC;LA2 1 helmeth;LA2 1 urban central gas CHP CC;LA2 1 urban central water tanks charger","false","false","Country/node pool; preserve resource cap; require accepted allocation where finite","co2 stored","DIRECTED_CONVERSION_PATH","STRUCTURAL_POTENTIAL_NOT_DISPATCH_FEASIBILITY"
"co2 stored","TL","MM","TL11 0 gas -> co2 stored -> MM2 4 gas -> MM2 4 -> MM2 4 battery","TL11 0 gas for industry CC;MM2 4 helmeth;MM2 4 urban central gas CHP CC;MM2 4 battery charger","false","false","Country/node pool; preserve resource cap; require accepted allocation where finite","co2 stored","DIRECTED_CONVERSION_PATH","STRUCTURAL_POTENTIAL_NOT_DISPATCH_FEASIBILITY"
"co2 stored","TL","MY","TL11 0 gas -> co2 stored -> MY_Sabah4 0 gas -> MY_Sabah4 0 -> MY_Sabah4 0 low voltage -> MY_Sabah4 0 home battery","TL11 0 gas for industry CC;MY_Sabah4 0 helmeth;MY_Sabah4 0 urban central gas CHP CC;MY_Sabah4 0 electricity distribution grid;MY_Sabah4 0 home battery charger","false","false","Country/node pool; preserve resource cap; require accepted allocation where finite","co2 stored","DIRECTED_CONVERSION_PATH","STRUCTURAL_POTENTIAL_NOT_DISPATCH_FEASIBILITY"
"co2 stored","TL","PH","TL11 0 gas -> co2 stored -> PH_Luzon9 0 gas -> PH_Luzon9 0 services rural heat","TL11 0 gas for industry CC;PH_Luzon9 0 helmeth;PH_Luzon9 0 services rural gas boiler","false","false","Country/node pool; preserve resource cap; require accepted allocation where finite","co2 stored","DIRECTED_CONVERSION_PATH","STRUCTURAL_POTENTIAL_NOT_DISPATCH_FEASIBILITY"
"co2 stored","TL","SG","TL11 0 gas -> co2 stored -> SG2 0 gas -> SG2 0 residential rural heat -> SG2 0 residential rural water tanks","TL11 0 gas for industry CC;SG2 0 helmeth;SG2 0 residential rural gas boiler;SG2 0 residential rural water tanks charger","false","false","Country/node pool; preserve resource cap; require accepted allocation where finite","co2 stored","DIRECTED_CONVERSION_PATH","STRUCTURAL_POTENTIAL_NOT_DISPATCH_FEASIBILITY"
"co2 stored","TL","TH","TL11 0 gas -> co2 stored -> TH2 1 gas -> TH2 1 H2","TL11 0 gas for industry CC;TH2 1 helmeth;TH2 1 SMR CC","false","false","Country/node pool; preserve resource cap; require accepted allocation where finite","co2 stored","DIRECTED_CONVERSION_PATH","STRUCTURAL_POTENTIAL_NOT_DISPATCH_FEASIBILITY"
"co2 stored","TL","VN","TL11 0 gas -> co2 stored -> VN2 0 gas -> VN2 0 -> VN2 0 low voltage","TL11 0 gas for industry CC;VN2 0 helmeth;VN2 0 urban central gas CHP CC;VN2 0 electricity distribution grid","false","false","Country/node pool; preserve resource cap; require accepted allocation where finite","co2 stored","DIRECTED_CONVERSION_PATH","STRUCTURAL_POTENTIAL_NOT_DISPATCH_FEASIBILITY"
"co2 stored","VN","BN","VN2 0 low voltage -> VN2 0 -> co2 stored -> BN4 0 oil","VN2 0 electricity distribution grid;VN2 0 urban central DAC;BN4 0 Fischer-Tropsch","false","false","Country/node pool; preserve resource cap; require accepted allocation where finite","co2 stored","DIRECTED_CONVERSION_PATH","STRUCTURAL_POTENTIAL_NOT_DISPATCH_FEASIBILITY"
"co2 stored","VN","ID","VN2 0 low voltage -> VN2 0 -> co2 stored -> ID_Kalimantan4 5 gas -> ID_Kalimantan4 5 -> ID_Kalimantan4 5 low voltage","VN2 0 electricity distribution grid;VN2 0 urban central DAC;ID_Kalimantan4 5 helmeth;ID_Kalimantan4 5 urban central gas CHP CC;ID_Kalimantan4 5 electricity distribution grid","false","false","Country/node pool; preserve resource cap; require accepted allocation where finite","co2 stored","DIRECTED_CONVERSION_PATH","STRUCTURAL_POTENTIAL_NOT_DISPATCH_FEASIBILITY"
"co2 stored","VN","KH","VN2 0 low voltage -> VN2 0 -> co2 stored -> KH2 0 gas -> KH2 0 H2 -> KH2 0 NH3","VN2 0 electricity distribution grid;VN2 0 urban central DAC;KH2 0 helmeth;KH2 0 SMR CC;KH2 0 Haber-Bosch","false","false","Country/node pool; preserve resource cap; require accepted allocation where finite","co2 stored","DIRECTED_CONVERSION_PATH","STRUCTURAL_POTENTIAL_NOT_DISPATCH_FEASIBILITY"
"co2 stored","VN","LA","VN2 0 low voltage -> VN2 0 -> co2 stored -> LA2 1 gas -> LA2 1 urban central heat -> LA2 1 urban central water tanks","VN2 0 electricity distribution grid;VN2 0 urban central DAC;LA2 1 helmeth;LA2 1 urban central gas CHP CC;LA2 1 urban central water tanks charger","false","false","Country/node pool; preserve resource cap; require accepted allocation where finite","co2 stored","DIRECTED_CONVERSION_PATH","STRUCTURAL_POTENTIAL_NOT_DISPATCH_FEASIBILITY"
"co2 stored","VN","MM","VN2 0 low voltage -> VN2 0 -> co2 stored -> MM2 4 gas -> MM2 4 -> MM2 4 battery","VN2 0 electricity distribution grid;VN2 0 urban central DAC;MM2 4 helmeth;MM2 4 urban central gas CHP CC;MM2 4 battery charger","false","false","Country/node pool; preserve resource cap; require accepted allocation where finite","co2 stored","DIRECTED_CONVERSION_PATH","STRUCTURAL_POTENTIAL_NOT_DISPATCH_FEASIBILITY"
"co2 stored","VN","MY","VN2 0 low voltage -> VN2 0 -> co2 stored -> MY_Sabah4 0 gas -> MY_Sabah4 0 -> MY_Sabah4 0 low voltage -> MY_Sabah4 0 home battery","VN2 0 electricity distribution grid;VN2 0 urban central DAC;MY_Sabah4 0 helmeth;MY_Sabah4 0 urban central gas CHP CC;MY_Sabah4 0 electricity distribution grid;MY_Sabah4 0 home battery charger","false","false","Country/node pool; preserve resource cap; require accepted allocation where finite","co2 stored","DIRECTED_CONVERSION_PATH","STRUCTURAL_POTENTIAL_NOT_DISPATCH_FEASIBILITY"
"co2 stored","VN","PH","VN2 0 low voltage -> VN2 0 -> co2 stored -> PH_Luzon9 0 gas -> PH_Luzon9 0 services rural heat","VN2 0 electricity distribution grid;VN2 0 urban central DAC;PH_Luzon9 0 helmeth;PH_Luzon9 0 services rural gas boiler","false","false","Country/node pool; preserve resource cap; require accepted allocation where finite","co2 stored","DIRECTED_CONVERSION_PATH","STRUCTURAL_POTENTIAL_NOT_DISPATCH_FEASIBILITY"
"co2 stored","VN","SG","VN2 0 low voltage -> VN2 0 -> co2 stored -> SG2 0 gas -> SG2 0 residential rural heat -> SG2 0 residential rural water tanks","VN2 0 electricity distribution grid;VN2 0 urban central DAC;SG2 0 helmeth;SG2 0 residential rural gas boiler;SG2 0 residential rural water tanks charger","false","false","Country/node pool; preserve resource cap; require accepted allocation where finite","co2 stored","DIRECTED_CONVERSION_PATH","STRUCTURAL_POTENTIAL_NOT_DISPATCH_FEASIBILITY"
"co2 stored","VN","TH","VN2 0 low voltage -> VN2 0 -> co2 stored -> TH2 1 gas -> TH2 1 H2","VN2 0 electricity distribution grid;VN2 0 urban central DAC;TH2 1 helmeth;TH2 1 SMR CC","false","false","Country/node pool; preserve resource cap; require accepted allocation where finite","co2 stored","DIRECTED_CONVERSION_PATH","STRUCTURAL_POTENTIAL_NOT_DISPATCH_FEASIBILITY"
"co2 stored","VN","TL","VN2 0 low voltage -> VN2 0 -> co2 stored -> TL11 0 gas -> TL11 0 residential urban decentral heat","VN2 0 electricity distribution grid;VN2 0 urban central DAC;TL11 0 helmeth;TL11 0 residential urban decentral gas boiler","false","false","Country/node pool; preserve resource cap; require accepted allocation where finite","co2 stored","DIRECTED_CONVERSION_PATH","STRUCTURAL_POTENTIAL_NOT_DISPATCH_FEASIBILITY"
"lignite","ID","BN","Earth lignite -> ID_Kalimantan4 4 -> co2 stored -> BN4 0 oil","ID_Kalimantan4 4 lignite-2020;ID_Kalimantan4 4 urban central DAC;BN4 0 Fischer-Tropsch","false","false","Country/node pool; preserve resource cap; require accepted allocation where finite","Earth lignite","SHARED_RESOURCE_ACCESS_NOT_A_TO_B_INJECTION","STRUCTURAL_POTENTIAL_NOT_DISPATCH_FEASIBILITY"
"lignite","ID","KH","Earth lignite -> ID_Kalimantan4 4 -> co2 stored -> KH2 0 gas -> KH2 0 H2 -> KH2 0 NH3","ID_Kalimantan4 4 lignite-2020;ID_Kalimantan4 4 urban central DAC;KH2 0 helmeth;KH2 0 SMR CC;KH2 0 Haber-Bosch","false","false","Country/node pool; preserve resource cap; require accepted allocation where finite","Earth lignite","SHARED_RESOURCE_ACCESS_NOT_A_TO_B_INJECTION","STRUCTURAL_POTENTIAL_NOT_DISPATCH_FEASIBILITY"
"lignite","ID","LA","Earth lignite -> LA2 0 -> LA2 1 -> LA2 1 low voltage -> LA2 1 urban central heat -> LA2 1 urban central water tanks","LA2 0 lignite-2015;15;LA2 1 electricity distribution grid;LA2 1 urban central resistive heater;LA2 1 urban central water tanks charger","false","false","Country/node pool; preserve resource cap; require accepted allocation where finite","Earth lignite","SHARED_RESOURCE_ACCESS_NOT_A_TO_B_INJECTION","STRUCTURAL_POTENTIAL_NOT_DISPATCH_FEASIBILITY"
"lignite","ID","MM","Earth lignite -> ID_Kalimantan4 4 -> co2 stored -> MM2 4 gas -> MM2 4 -> MM2 4 battery","ID_Kalimantan4 4 lignite-2020;ID_Kalimantan4 4 urban central DAC;MM2 4 helmeth;MM2 4 urban central gas CHP CC;MM2 4 battery charger","false","false","Country/node pool; preserve resource cap; require accepted allocation where finite","Earth lignite","SHARED_RESOURCE_ACCESS_NOT_A_TO_B_INJECTION","STRUCTURAL_POTENTIAL_NOT_DISPATCH_FEASIBILITY"
"lignite","ID","MY","Earth lignite -> MY_Sarawak4 0 -> MY_Sabah4 0 -> MY_Sabah4 0 low voltage -> MY_Sabah4 0 home battery","MY_Sarawak4 0 lignite-2020;32;MY_Sabah4 0 electricity distribution grid;MY_Sabah4 0 home battery charger","false","false","Country/node pool; preserve resource cap; require accepted allocation where finite","Earth lignite","SHARED_RESOURCE_ACCESS_NOT_A_TO_B_INJECTION","STRUCTURAL_POTENTIAL_NOT_DISPATCH_FEASIBILITY"
"lignite","ID","PH","Earth lignite -> PH_Visayas7 0 -> PH_Luzon9 0 -> PH_Luzon9 0 low voltage -> PH_Luzon9 0 services rural heat","PH_Visayas7 0 lignite-2010;100000092-1_0+1;PH_Luzon9 0 electricity distribution grid;PH_Luzon9 0 services rural resistive heater","false","false","Country/node pool; preserve resource cap; require accepted allocation where finite","Earth lignite","SHARED_RESOURCE_ACCESS_NOT_A_TO_B_INJECTION","STRUCTURAL_POTENTIAL_NOT_DISPATCH_FEASIBILITY"
"lignite","ID","SG","Earth lignite -> ID_Kalimantan4 4 -> co2 stored -> SG2 0 gas -> SG2 0 residential rural heat -> SG2 0 residential rural water tanks","ID_Kalimantan4 4 lignite-2020;ID_Kalimantan4 4 urban central DAC;SG2 0 helmeth;SG2 0 residential rural gas boiler;SG2 0 residential rural water tanks charger","false","false","Country/node pool; preserve resource cap; require accepted allocation where finite","Earth lignite","SHARED_RESOURCE_ACCESS_NOT_A_TO_B_INJECTION","STRUCTURAL_POTENTIAL_NOT_DISPATCH_FEASIBILITY"
"lignite","ID","TH","Earth lignite -> TH2 0 -> TH2 1 -> TH2 1 H2","TH2 0 lignite-1985;34;TH2 1 H2 Electrolysis","false","false","Country/node pool; preserve resource cap; require accepted allocation where finite","Earth lignite","SHARED_RESOURCE_ACCESS_NOT_A_TO_B_INJECTION","STRUCTURAL_POTENTIAL_NOT_DISPATCH_FEASIBILITY"
"lignite","ID","TL","Earth lignite -> ID_Kalimantan4 4 -> co2 stored -> TL11 0 gas -> TL11 0 residential urban decentral heat","ID_Kalimantan4 4 lignite-2020;ID_Kalimantan4 4 urban central DAC;TL11 0 helmeth;TL11 0 residential urban decentral gas boiler","false","false","Country/node pool; preserve resource cap; require accepted allocation where finite","Earth lignite","SHARED_RESOURCE_ACCESS_NOT_A_TO_B_INJECTION","STRUCTURAL_POTENTIAL_NOT_DISPATCH_FEASIBILITY"
"lignite","ID","VN","Earth lignite -> VN2 1 -> VN2 2 -> VN2 0 -> VN2 0 low voltage","VN2 1 lignite-2005;36;35;VN2 0 electricity distribution grid","false","false","Country/node pool; preserve resource cap; require accepted allocation where finite","Earth lignite","SHARED_RESOURCE_ACCESS_NOT_A_TO_B_INJECTION","STRUCTURAL_POTENTIAL_NOT_DISPATCH_FEASIBILITY"
"lignite","LA","BN","Earth lignite -> ID_Kalimantan4 4 -> co2 stored -> BN4 0 oil","ID_Kalimantan4 4 lignite-2020;ID_Kalimantan4 4 urban central DAC;BN4 0 Fischer-Tropsch","false","false","Country/node pool; preserve resource cap; require accepted allocation where finite","Earth lignite","SHARED_RESOURCE_ACCESS_NOT_A_TO_B_INJECTION","STRUCTURAL_POTENTIAL_NOT_DISPATCH_FEASIBILITY"
"lignite","LA","ID","Earth lignite -> ID_Kalimantan4 4 -> ID_Kalimantan4 2 -> ID_Kalimantan4 5 -> ID_Kalimantan4 5 low voltage","ID_Kalimantan4 4 lignite-2020;6;7;ID_Kalimantan4 5 electricity distribution grid","false","false","Country/node pool; preserve resource cap; require accepted allocation where finite","Earth lignite","SHARED_RESOURCE_ACCESS_NOT_A_TO_B_INJECTION","STRUCTURAL_POTENTIAL_NOT_DISPATCH_FEASIBILITY"
"lignite","LA","KH","Earth lignite -> ID_Kalimantan4 4 -> co2 stored -> KH2 0 gas -> KH2 0 H2 -> KH2 0 NH3","ID_Kalimantan4 4 lignite-2020;ID_Kalimantan4 4 urban central DAC;KH2 0 helmeth;KH2 0 SMR CC;KH2 0 Haber-Bosch","false","false","Country/node pool; preserve resource cap; require accepted allocation where finite","Earth lignite","SHARED_RESOURCE_ACCESS_NOT_A_TO_B_INJECTION","STRUCTURAL_POTENTIAL_NOT_DISPATCH_FEASIBILITY"
"lignite","LA","MM","Earth lignite -> ID_Kalimantan4 4 -> co2 stored -> MM2 4 gas -> MM2 4 -> MM2 4 battery","ID_Kalimantan4 4 lignite-2020;ID_Kalimantan4 4 urban central DAC;MM2 4 helmeth;MM2 4 urban central gas CHP CC;MM2 4 battery charger","false","false","Country/node pool; preserve resource cap; require accepted allocation where finite","Earth lignite","SHARED_RESOURCE_ACCESS_NOT_A_TO_B_INJECTION","STRUCTURAL_POTENTIAL_NOT_DISPATCH_FEASIBILITY"
"lignite","LA","MY","Earth lignite -> MY_Sarawak4 0 -> MY_Sabah4 0 -> MY_Sabah4 0 low voltage -> MY_Sabah4 0 home battery","MY_Sarawak4 0 lignite-2020;32;MY_Sabah4 0 electricity distribution grid;MY_Sabah4 0 home battery charger","false","false","Country/node pool; preserve resource cap; require accepted allocation where finite","Earth lignite","SHARED_RESOURCE_ACCESS_NOT_A_TO_B_INJECTION","STRUCTURAL_POTENTIAL_NOT_DISPATCH_FEASIBILITY"
"lignite","LA","PH","Earth lignite -> PH_Visayas7 0 -> PH_Luzon9 0 -> PH_Luzon9 0 low voltage -> PH_Luzon9 0 services rural heat","PH_Visayas7 0 lignite-2010;100000092-1_0+1;PH_Luzon9 0 electricity distribution grid;PH_Luzon9 0 services rural resistive heater","false","false","Country/node pool; preserve resource cap; require accepted allocation where finite","Earth lignite","SHARED_RESOURCE_ACCESS_NOT_A_TO_B_INJECTION","STRUCTURAL_POTENTIAL_NOT_DISPATCH_FEASIBILITY"
"lignite","LA","SG","Earth lignite -> ID_Kalimantan4 4 -> co2 stored -> SG2 0 gas -> SG2 0 residential rural heat -> SG2 0 residential rural water tanks","ID_Kalimantan4 4 lignite-2020;ID_Kalimantan4 4 urban central DAC;SG2 0 helmeth;SG2 0 residential rural gas boiler;SG2 0 residential rural water tanks charger","false","false","Country/node pool; preserve resource cap; require accepted allocation where finite","Earth lignite","SHARED_RESOURCE_ACCESS_NOT_A_TO_B_INJECTION","STRUCTURAL_POTENTIAL_NOT_DISPATCH_FEASIBILITY"
"lignite","LA","TH","Earth lignite -> TH2 0 -> TH2 1 -> TH2 1 H2","TH2 0 lignite-1985;34;TH2 1 H2 Electrolysis","false","false","Country/node pool; preserve resource cap; require accepted allocation where finite","Earth lignite","SHARED_RESOURCE_ACCESS_NOT_A_TO_B_INJECTION","STRUCTURAL_POTENTIAL_NOT_DISPATCH_FEASIBILITY"
"lignite","LA","TL","Earth lignite -> ID_Kalimantan4 4 -> co2 stored -> TL11 0 gas -> TL11 0 residential urban decentral heat","ID_Kalimantan4 4 lignite-2020;ID_Kalimantan4 4 urban central DAC;TL11 0 helmeth;TL11 0 residential urban decentral gas boiler","false","false","Country/node pool; preserve resource cap; require accepted allocation where finite","Earth lignite","SHARED_RESOURCE_ACCESS_NOT_A_TO_B_INJECTION","STRUCTURAL_POTENTIAL_NOT_DISPATCH_FEASIBILITY"
"lignite","LA","VN","Earth lignite -> VN2 1 -> VN2 2 -> VN2 0 -> VN2 0 low voltage","VN2 1 lignite-2005;36;35;VN2 0 electricity distribution grid","false","false","Country/node pool; preserve resource cap; require accepted allocation where finite","Earth lignite","SHARED_RESOURCE_ACCESS_NOT_A_TO_B_INJECTION","STRUCTURAL_POTENTIAL_NOT_DISPATCH_FEASIBILITY"
"lignite","MY","BN","Earth lignite -> ID_Kalimantan4 4 -> co2 stored -> BN4 0 oil","ID_Kalimantan4 4 lignite-2020;ID_Kalimantan4 4 urban central DAC;BN4 0 Fischer-Tropsch","false","false","Country/node pool; preserve resource cap; require accepted allocation where finite","Earth lignite","SHARED_RESOURCE_ACCESS_NOT_A_TO_B_INJECTION","STRUCTURAL_POTENTIAL_NOT_DISPATCH_FEASIBILITY"
"lignite","MY","ID","Earth lignite -> ID_Kalimantan4 4 -> ID_Kalimantan4 2 -> ID_Kalimantan4 5 -> ID_Kalimantan4 5 low voltage","ID_Kalimantan4 4 lignite-2020;6;7;ID_Kalimantan4 5 electricity distribution grid","false","false","Country/node pool; preserve resource cap; require accepted allocation where finite","Earth lignite","SHARED_RESOURCE_ACCESS_NOT_A_TO_B_INJECTION","STRUCTURAL_POTENTIAL_NOT_DISPATCH_FEASIBILITY"
"lignite","MY","KH","Earth lignite -> ID_Kalimantan4 4 -> co2 stored -> KH2 0 gas -> KH2 0 H2 -> KH2 0 NH3","ID_Kalimantan4 4 lignite-2020;ID_Kalimantan4 4 urban central DAC;KH2 0 helmeth;KH2 0 SMR CC;KH2 0 Haber-Bosch","false","false","Country/node pool; preserve resource cap; require accepted allocation where finite","Earth lignite","SHARED_RESOURCE_ACCESS_NOT_A_TO_B_INJECTION","STRUCTURAL_POTENTIAL_NOT_DISPATCH_FEASIBILITY"
"lignite","MY","LA","Earth lignite -> LA2 0 -> LA2 1 -> LA2 1 low voltage -> LA2 1 urban central heat -> LA2 1 urban central water tanks","LA2 0 lignite-2015;15;LA2 1 electricity distribution grid;LA2 1 urban central resistive heater;LA2 1 urban central water tanks charger","false","false","Country/node pool; preserve resource cap; require accepted allocation where finite","Earth lignite","SHARED_RESOURCE_ACCESS_NOT_A_TO_B_INJECTION","STRUCTURAL_POTENTIAL_NOT_DISPATCH_FEASIBILITY"
"lignite","MY","MM","Earth lignite -> ID_Kalimantan4 4 -> co2 stored -> MM2 4 gas -> MM2 4 -> MM2 4 battery","ID_Kalimantan4 4 lignite-2020;ID_Kalimantan4 4 urban central DAC;MM2 4 helmeth;MM2 4 urban central gas CHP CC;MM2 4 battery charger","false","false","Country/node pool; preserve resource cap; require accepted allocation where finite","Earth lignite","SHARED_RESOURCE_ACCESS_NOT_A_TO_B_INJECTION","STRUCTURAL_POTENTIAL_NOT_DISPATCH_FEASIBILITY"
"lignite","MY","PH","Earth lignite -> PH_Visayas7 0 -> PH_Luzon9 0 -> PH_Luzon9 0 low voltage -> PH_Luzon9 0 services rural heat","PH_Visayas7 0 lignite-2010;100000092-1_0+1;PH_Luzon9 0 electricity distribution grid;PH_Luzon9 0 services rural resistive heater","false","false","Country/node pool; preserve resource cap; require accepted allocation where finite","Earth lignite","SHARED_RESOURCE_ACCESS_NOT_A_TO_B_INJECTION","STRUCTURAL_POTENTIAL_NOT_DISPATCH_FEASIBILITY"
"lignite","MY","SG","Earth lignite -> ID_Kalimantan4 4 -> co2 stored -> SG2 0 gas -> SG2 0 residential rural heat -> SG2 0 residential rural water tanks","ID_Kalimantan4 4 lignite-2020;ID_Kalimantan4 4 urban central DAC;SG2 0 helmeth;SG2 0 residential rural gas boiler;SG2 0 residential rural water tanks charger","false","false","Country/node pool; preserve resource cap; require accepted allocation where finite","Earth lignite","SHARED_RESOURCE_ACCESS_NOT_A_TO_B_INJECTION","STRUCTURAL_POTENTIAL_NOT_DISPATCH_FEASIBILITY"
"lignite","MY","TH","Earth lignite -> TH2 0 -> TH2 1 -> TH2 1 H2","TH2 0 lignite-1985;34;TH2 1 H2 Electrolysis","false","false","Country/node pool; preserve resource cap; require accepted allocation where finite","Earth lignite","SHARED_RESOURCE_ACCESS_NOT_A_TO_B_INJECTION","STRUCTURAL_POTENTIAL_NOT_DISPATCH_FEASIBILITY"
"lignite","MY","TL","Earth lignite -> ID_Kalimantan4 4 -> co2 stored -> TL11 0 gas -> TL11 0 residential urban decentral heat","ID_Kalimantan4 4 lignite-2020;ID_Kalimantan4 4 urban central DAC;TL11 0 helmeth;TL11 0 residential urban decentral gas boiler","false","false","Country/node pool; preserve resource cap; require accepted allocation where finite","Earth lignite","SHARED_RESOURCE_ACCESS_NOT_A_TO_B_INJECTION","STRUCTURAL_POTENTIAL_NOT_DISPATCH_FEASIBILITY"
"lignite","MY","VN","Earth lignite -> VN2 1 -> VN2 2 -> VN2 0 -> VN2 0 low voltage","VN2 1 lignite-2005;36;35;VN2 0 electricity distribution grid","false","false","Country/node pool; preserve resource cap; require accepted allocation where finite","Earth lignite","SHARED_RESOURCE_ACCESS_NOT_A_TO_B_INJECTION","STRUCTURAL_POTENTIAL_NOT_DISPATCH_FEASIBILITY"
"lignite","PH","BN","Earth lignite -> ID_Kalimantan4 4 -> co2 stored -> BN4 0 oil","ID_Kalimantan4 4 lignite-2020;ID_Kalimantan4 4 urban central DAC;BN4 0 Fischer-Tropsch","false","false","Country/node pool; preserve resource cap; require accepted allocation where finite","Earth lignite","SHARED_RESOURCE_ACCESS_NOT_A_TO_B_INJECTION","STRUCTURAL_POTENTIAL_NOT_DISPATCH_FEASIBILITY"
"lignite","PH","ID","Earth lignite -> ID_Kalimantan4 4 -> ID_Kalimantan4 2 -> ID_Kalimantan4 5 -> ID_Kalimantan4 5 low voltage","ID_Kalimantan4 4 lignite-2020;6;7;ID_Kalimantan4 5 electricity distribution grid","false","false","Country/node pool; preserve resource cap; require accepted allocation where finite","Earth lignite","SHARED_RESOURCE_ACCESS_NOT_A_TO_B_INJECTION","STRUCTURAL_POTENTIAL_NOT_DISPATCH_FEASIBILITY"
"lignite","PH","KH","Earth lignite -> ID_Kalimantan4 4 -> co2 stored -> KH2 0 gas -> KH2 0 H2 -> KH2 0 NH3","ID_Kalimantan4 4 lignite-2020;ID_Kalimantan4 4 urban central DAC;KH2 0 helmeth;KH2 0 SMR CC;KH2 0 Haber-Bosch","false","false","Country/node pool; preserve resource cap; require accepted allocation where finite","Earth lignite","SHARED_RESOURCE_ACCESS_NOT_A_TO_B_INJECTION","STRUCTURAL_POTENTIAL_NOT_DISPATCH_FEASIBILITY"
"lignite","PH","LA","Earth lignite -> LA2 0 -> LA2 1 -> LA2 1 low voltage -> LA2 1 urban central heat -> LA2 1 urban central water tanks","LA2 0 lignite-2015;15;LA2 1 electricity distribution grid;LA2 1 urban central resistive heater;LA2 1 urban central water tanks charger","false","false","Country/node pool; preserve resource cap; require accepted allocation where finite","Earth lignite","SHARED_RESOURCE_ACCESS_NOT_A_TO_B_INJECTION","STRUCTURAL_POTENTIAL_NOT_DISPATCH_FEASIBILITY"
"lignite","PH","MM","Earth lignite -> ID_Kalimantan4 4 -> co2 stored -> MM2 4 gas -> MM2 4 -> MM2 4 battery","ID_Kalimantan4 4 lignite-2020;ID_Kalimantan4 4 urban central DAC;MM2 4 helmeth;MM2 4 urban central gas CHP CC;MM2 4 battery charger","false","false","Country/node pool; preserve resource cap; require accepted allocation where finite","Earth lignite","SHARED_RESOURCE_ACCESS_NOT_A_TO_B_INJECTION","STRUCTURAL_POTENTIAL_NOT_DISPATCH_FEASIBILITY"
"lignite","PH","MY","Earth lignite -> MY_Sarawak4 0 -> MY_Sabah4 0 -> MY_Sabah4 0 low voltage -> MY_Sabah4 0 home battery","MY_Sarawak4 0 lignite-2020;32;MY_Sabah4 0 electricity distribution grid;MY_Sabah4 0 home battery charger","false","false","Country/node pool; preserve resource cap; require accepted allocation where finite","Earth lignite","SHARED_RESOURCE_ACCESS_NOT_A_TO_B_INJECTION","STRUCTURAL_POTENTIAL_NOT_DISPATCH_FEASIBILITY"
"lignite","PH","SG","Earth lignite -> ID_Kalimantan4 4 -> co2 stored -> SG2 0 gas -> SG2 0 residential rural heat -> SG2 0 residential rural water tanks","ID_Kalimantan4 4 lignite-2020;ID_Kalimantan4 4 urban central DAC;SG2 0 helmeth;SG2 0 residential rural gas boiler;SG2 0 residential rural water tanks charger","false","false","Country/node pool; preserve resource cap; require accepted allocation where finite","Earth lignite","SHARED_RESOURCE_ACCESS_NOT_A_TO_B_INJECTION","STRUCTURAL_POTENTIAL_NOT_DISPATCH_FEASIBILITY"
"lignite","PH","TH","Earth lignite -> TH2 0 -> TH2 1 -> TH2 1 H2","TH2 0 lignite-1985;34;TH2 1 H2 Electrolysis","false","false","Country/node pool; preserve resource cap; require accepted allocation where finite","Earth lignite","SHARED_RESOURCE_ACCESS_NOT_A_TO_B_INJECTION","STRUCTURAL_POTENTIAL_NOT_DISPATCH_FEASIBILITY"
"lignite","PH","TL","Earth lignite -> ID_Kalimantan4 4 -> co2 stored -> TL11 0 gas -> TL11 0 residential urban decentral heat","ID_Kalimantan4 4 lignite-2020;ID_Kalimantan4 4 urban central DAC;TL11 0 helmeth;TL11 0 residential urban decentral gas boiler","false","false","Country/node pool; preserve resource cap; require accepted allocation where finite","Earth lignite","SHARED_RESOURCE_ACCESS_NOT_A_TO_B_INJECTION","STRUCTURAL_POTENTIAL_NOT_DISPATCH_FEASIBILITY"
"lignite","PH","VN","Earth lignite -> VN2 1 -> VN2 2 -> VN2 0 -> VN2 0 low voltage","VN2 1 lignite-2005;36;35;VN2 0 electricity distribution grid","false","false","Country/node pool; preserve resource cap; require accepted allocation where finite","Earth lignite","SHARED_RESOURCE_ACCESS_NOT_A_TO_B_INJECTION","STRUCTURAL_POTENTIAL_NOT_DISPATCH_FEASIBILITY"
"lignite","TH","BN","Earth lignite -> ID_Kalimantan4 4 -> co2 stored -> BN4 0 oil","ID_Kalimantan4 4 lignite-2020;ID_Kalimantan4 4 urban central DAC;BN4 0 Fischer-Tropsch","false","false","Country/node pool; preserve resource cap; require accepted allocation where finite","Earth lignite","SHARED_RESOURCE_ACCESS_NOT_A_TO_B_INJECTION","STRUCTURAL_POTENTIAL_NOT_DISPATCH_FEASIBILITY"
"lignite","TH","ID","Earth lignite -> ID_Kalimantan4 4 -> ID_Kalimantan4 2 -> ID_Kalimantan4 5 -> ID_Kalimantan4 5 low voltage","ID_Kalimantan4 4 lignite-2020;6;7;ID_Kalimantan4 5 electricity distribution grid","false","false","Country/node pool; preserve resource cap; require accepted allocation where finite","Earth lignite","SHARED_RESOURCE_ACCESS_NOT_A_TO_B_INJECTION","STRUCTURAL_POTENTIAL_NOT_DISPATCH_FEASIBILITY"
"lignite","TH","KH","Earth lignite -> ID_Kalimantan4 4 -> co2 stored -> KH2 0 gas -> KH2 0 H2 -> KH2 0 NH3","ID_Kalimantan4 4 lignite-2020;ID_Kalimantan4 4 urban central DAC;KH2 0 helmeth;KH2 0 SMR CC;KH2 0 Haber-Bosch","false","false","Country/node pool; preserve resource cap; require accepted allocation where finite","Earth lignite","SHARED_RESOURCE_ACCESS_NOT_A_TO_B_INJECTION","STRUCTURAL_POTENTIAL_NOT_DISPATCH_FEASIBILITY"
"lignite","TH","LA","Earth lignite -> LA2 0 -> LA2 1 -> LA2 1 low voltage -> LA2 1 urban central heat -> LA2 1 urban central water tanks","LA2 0 lignite-2015;15;LA2 1 electricity distribution grid;LA2 1 urban central resistive heater;LA2 1 urban central water tanks charger","false","false","Country/node pool; preserve resource cap; require accepted allocation where finite","Earth lignite","SHARED_RESOURCE_ACCESS_NOT_A_TO_B_INJECTION","STRUCTURAL_POTENTIAL_NOT_DISPATCH_FEASIBILITY"
"lignite","TH","MM","Earth lignite -> ID_Kalimantan4 4 -> co2 stored -> MM2 4 gas -> MM2 4 -> MM2 4 battery","ID_Kalimantan4 4 lignite-2020;ID_Kalimantan4 4 urban central DAC;MM2 4 helmeth;MM2 4 urban central gas CHP CC;MM2 4 battery charger","false","false","Country/node pool; preserve resource cap; require accepted allocation where finite","Earth lignite","SHARED_RESOURCE_ACCESS_NOT_A_TO_B_INJECTION","STRUCTURAL_POTENTIAL_NOT_DISPATCH_FEASIBILITY"
"lignite","TH","MY","Earth lignite -> MY_Sarawak4 0 -> MY_Sabah4 0 -> MY_Sabah4 0 low voltage -> MY_Sabah4 0 home battery","MY_Sarawak4 0 lignite-2020;32;MY_Sabah4 0 electricity distribution grid;MY_Sabah4 0 home battery charger","false","false","Country/node pool; preserve resource cap; require accepted allocation where finite","Earth lignite","SHARED_RESOURCE_ACCESS_NOT_A_TO_B_INJECTION","STRUCTURAL_POTENTIAL_NOT_DISPATCH_FEASIBILITY"
"lignite","TH","PH","Earth lignite -> PH_Visayas7 0 -> PH_Luzon9 0 -> PH_Luzon9 0 low voltage -> PH_Luzon9 0 services rural heat","PH_Visayas7 0 lignite-2010;100000092-1_0+1;PH_Luzon9 0 electricity distribution grid;PH_Luzon9 0 services rural resistive heater","false","false","Country/node pool; preserve resource cap; require accepted allocation where finite","Earth lignite","SHARED_RESOURCE_ACCESS_NOT_A_TO_B_INJECTION","STRUCTURAL_POTENTIAL_NOT_DISPATCH_FEASIBILITY"
"lignite","TH","SG","Earth lignite -> ID_Kalimantan4 4 -> co2 stored -> SG2 0 gas -> SG2 0 residential rural heat -> SG2 0 residential rural water tanks","ID_Kalimantan4 4 lignite-2020;ID_Kalimantan4 4 urban central DAC;SG2 0 helmeth;SG2 0 residential rural gas boiler;SG2 0 residential rural water tanks charger","false","false","Country/node pool; preserve resource cap; require accepted allocation where finite","Earth lignite","SHARED_RESOURCE_ACCESS_NOT_A_TO_B_INJECTION","STRUCTURAL_POTENTIAL_NOT_DISPATCH_FEASIBILITY"
"lignite","TH","TL","Earth lignite -> ID_Kalimantan4 4 -> co2 stored -> TL11 0 gas -> TL11 0 residential urban decentral heat","ID_Kalimantan4 4 lignite-2020;ID_Kalimantan4 4 urban central DAC;TL11 0 helmeth;TL11 0 residential urban decentral gas boiler","false","false","Country/node pool; preserve resource cap; require accepted allocation where finite","Earth lignite","SHARED_RESOURCE_ACCESS_NOT_A_TO_B_INJECTION","STRUCTURAL_POTENTIAL_NOT_DISPATCH_FEASIBILITY"
"lignite","TH","VN","Earth lignite -> VN2 1 -> VN2 2 -> VN2 0 -> VN2 0 low voltage","VN2 1 lignite-2005;36;35;VN2 0 electricity distribution grid","false","false","Country/node pool; preserve resource cap; require accepted allocation where finite","Earth lignite","SHARED_RESOURCE_ACCESS_NOT_A_TO_B_INJECTION","STRUCTURAL_POTENTIAL_NOT_DISPATCH_FEASIBILITY"
"lignite","VN","BN","Earth lignite -> ID_Kalimantan4 4 -> co2 stored -> BN4 0 oil","ID_Kalimantan4 4 lignite-2020;ID_Kalimantan4 4 urban central DAC;BN4 0 Fischer-Tropsch","false","false","Country/node pool; preserve resource cap; require accepted allocation where finite","Earth lignite","SHARED_RESOURCE_ACCESS_NOT_A_TO_B_INJECTION","STRUCTURAL_POTENTIAL_NOT_DISPATCH_FEASIBILITY"
"lignite","VN","ID","Earth lignite -> ID_Kalimantan4 4 -> ID_Kalimantan4 2 -> ID_Kalimantan4 5 -> ID_Kalimantan4 5 low voltage","ID_Kalimantan4 4 lignite-2020;6;7;ID_Kalimantan4 5 electricity distribution grid","false","false","Country/node pool; preserve resource cap; require accepted allocation where finite","Earth lignite","SHARED_RESOURCE_ACCESS_NOT_A_TO_B_INJECTION","STRUCTURAL_POTENTIAL_NOT_DISPATCH_FEASIBILITY"
"lignite","VN","KH","Earth lignite -> ID_Kalimantan4 4 -> co2 stored -> KH2 0 gas -> KH2 0 H2 -> KH2 0 NH3","ID_Kalimantan4 4 lignite-2020;ID_Kalimantan4 4 urban central DAC;KH2 0 helmeth;KH2 0 SMR CC;KH2 0 Haber-Bosch","false","false","Country/node pool; preserve resource cap; require accepted allocation where finite","Earth lignite","SHARED_RESOURCE_ACCESS_NOT_A_TO_B_INJECTION","STRUCTURAL_POTENTIAL_NOT_DISPATCH_FEASIBILITY"
"lignite","VN","LA","Earth lignite -> LA2 0 -> LA2 1 -> LA2 1 low voltage -> LA2 1 urban central heat -> LA2 1 urban central water tanks","LA2 0 lignite-2015;15;LA2 1 electricity distribution grid;LA2 1 urban central resistive heater;LA2 1 urban central water tanks charger","false","false","Country/node pool; preserve resource cap; require accepted allocation where finite","Earth lignite","SHARED_RESOURCE_ACCESS_NOT_A_TO_B_INJECTION","STRUCTURAL_POTENTIAL_NOT_DISPATCH_FEASIBILITY"
"lignite","VN","MM","Earth lignite -> ID_Kalimantan4 4 -> co2 stored -> MM2 4 gas -> MM2 4 -> MM2 4 battery","ID_Kalimantan4 4 lignite-2020;ID_Kalimantan4 4 urban central DAC;MM2 4 helmeth;MM2 4 urban central gas CHP CC;MM2 4 battery charger","false","false","Country/node pool; preserve resource cap; require accepted allocation where finite","Earth lignite","SHARED_RESOURCE_ACCESS_NOT_A_TO_B_INJECTION","STRUCTURAL_POTENTIAL_NOT_DISPATCH_FEASIBILITY"
"lignite","VN","MY","Earth lignite -> MY_Sarawak4 0 -> MY_Sabah4 0 -> MY_Sabah4 0 low voltage -> MY_Sabah4 0 home battery","MY_Sarawak4 0 lignite-2020;32;MY_Sabah4 0 electricity distribution grid;MY_Sabah4 0 home battery charger","false","false","Country/node pool; preserve resource cap; require accepted allocation where finite","Earth lignite","SHARED_RESOURCE_ACCESS_NOT_A_TO_B_INJECTION","STRUCTURAL_POTENTIAL_NOT_DISPATCH_FEASIBILITY"
"lignite","VN","PH","Earth lignite -> PH_Visayas7 0 -> PH_Luzon9 0 -> PH_Luzon9 0 low voltage -> PH_Luzon9 0 services rural heat","PH_Visayas7 0 lignite-2010;100000092-1_0+1;PH_Luzon9 0 electricity distribution grid;PH_Luzon9 0 services rural resistive heater","false","false","Country/node pool; preserve resource cap; require accepted allocation where finite","Earth lignite","SHARED_RESOURCE_ACCESS_NOT_A_TO_B_INJECTION","STRUCTURAL_POTENTIAL_NOT_DISPATCH_FEASIBILITY"
"lignite","VN","SG","Earth lignite -> ID_Kalimantan4 4 -> co2 stored -> SG2 0 gas -> SG2 0 residential rural heat -> SG2 0 residential rural water tanks","ID_Kalimantan4 4 lignite-2020;ID_Kalimantan4 4 urban central DAC;SG2 0 helmeth;SG2 0 residential rural gas boiler;SG2 0 residential rural water tanks charger","false","false","Country/node pool; preserve resource cap; require accepted allocation where finite","Earth lignite","SHARED_RESOURCE_ACCESS_NOT_A_TO_B_INJECTION","STRUCTURAL_POTENTIAL_NOT_DISPATCH_FEASIBILITY"
"lignite","VN","TH","Earth lignite -> TH2 0 -> TH2 1 -> TH2 1 H2","TH2 0 lignite-1985;34;TH2 1 H2 Electrolysis","false","false","Country/node pool; preserve resource cap; require accepted allocation where finite","Earth lignite","SHARED_RESOURCE_ACCESS_NOT_A_TO_B_INJECTION","STRUCTURAL_POTENTIAL_NOT_DISPATCH_FEASIBILITY"
"lignite","VN","TL","Earth lignite -> ID_Kalimantan4 4 -> co2 stored -> TL11 0 gas -> TL11 0 residential urban decentral heat","ID_Kalimantan4 4 lignite-2020;ID_Kalimantan4 4 urban central DAC;TL11 0 helmeth;TL11 0 residential urban decentral gas boiler","false","false","Country/node pool; preserve resource cap; require accepted allocation where finite","Earth lignite","SHARED_RESOURCE_ACCESS_NOT_A_TO_B_INJECTION","STRUCTURAL_POTENTIAL_NOT_DISPATCH_FEASIBILITY"
"biomass","BN","ID","Earth solid biomass -> ID_Kalimantan4 5 -> ID_Kalimantan4 5 low voltage","ID_Kalimantan4 5 urban central solid biomass CHP CC;ID_Kalimantan4 5 electricity distribution grid","false","false","Country/node pool; preserve resource cap; require accepted allocation where finite","Earth solid biomass","SHARED_RESOURCE_ACCESS_NOT_A_TO_B_INJECTION","STRUCTURAL_POTENTIAL_NOT_DISPATCH_FEASIBILITY"
"biomass","BN","KH","Earth solid biomass -> KH2 0 -> KH2 0 NH3","KH2 0 urban central solid biomass CHP CC;KH2 0 Haber-Bosch","false","false","Country/node pool; preserve resource cap; require accepted allocation where finite","Earth solid biomass","SHARED_RESOURCE_ACCESS_NOT_A_TO_B_INJECTION","STRUCTURAL_POTENTIAL_NOT_DISPATCH_FEASIBILITY"
"biomass","BN","LA","Earth solid biomass -> LA2 1 urban central heat -> LA2 1 urban central water tanks","LA2 1 urban central solid biomass CHP CC;LA2 1 urban central water tanks charger","false","false","Country/node pool; preserve resource cap; require accepted allocation where finite","Earth solid biomass","SHARED_RESOURCE_ACCESS_NOT_A_TO_B_INJECTION","STRUCTURAL_POTENTIAL_NOT_DISPATCH_FEASIBILITY"
"biomass","BN","MM","Earth solid biomass -> MM2 4 -> MM2 4 battery","MM2 4 urban central solid biomass CHP CC;MM2 4 battery charger","false","false","Country/node pool; preserve resource cap; require accepted allocation where finite","Earth solid biomass","SHARED_RESOURCE_ACCESS_NOT_A_TO_B_INJECTION","STRUCTURAL_POTENTIAL_NOT_DISPATCH_FEASIBILITY"
"biomass","BN","MY","Earth solid biomass -> MY_Sabah4 0 -> MY_Sabah4 0 low voltage -> MY_Sabah4 0 home battery","MY_Sabah4 0 urban central solid biomass CHP CC;MY_Sabah4 0 electricity distribution grid;MY_Sabah4 0 home battery charger","false","false","Country/node pool; preserve resource cap; require accepted allocation where finite","Earth solid biomass","SHARED_RESOURCE_ACCESS_NOT_A_TO_B_INJECTION","STRUCTURAL_POTENTIAL_NOT_DISPATCH_FEASIBILITY"
"biomass","BN","PH","Earth solid biomass -> PH_Luzon9 0 -> PH_Luzon9 0 low voltage -> PH_Luzon9 0 services rural heat","PH_Luzon9 0 urban central solid biomass CHP CC;PH_Luzon9 0 electricity distribution grid;PH_Luzon9 0 services rural resistive heater","false","false","Country/node pool; preserve resource cap; require accepted allocation where finite","Earth solid biomass","SHARED_RESOURCE_ACCESS_NOT_A_TO_B_INJECTION","STRUCTURAL_POTENTIAL_NOT_DISPATCH_FEASIBILITY"
"biomass","BN","SG","Earth solid biomass -> SG2 0 -> SG2 0 low voltage -> SG2 0 residential rural heat -> SG2 0 residential rural water tanks","SG2 0 urban central solid biomass CHP CC;SG2 0 electricity distribution grid;SG2 0 residential rural resistive heater;SG2 0 residential rural water tanks charger","false","false","Country/node pool; preserve resource cap; require accepted allocation where finite","Earth solid biomass","SHARED_RESOURCE_ACCESS_NOT_A_TO_B_INJECTION","STRUCTURAL_POTENTIAL_NOT_DISPATCH_FEASIBILITY"
"biomass","BN","TH","Earth solid biomass -> TH2 1 -> TH2 1 H2","TH2 1 urban central solid biomass CHP CC;TH2 1 H2 Electrolysis","false","false","Country/node pool; preserve resource cap; require accepted allocation where finite","Earth solid biomass","SHARED_RESOURCE_ACCESS_NOT_A_TO_B_INJECTION","STRUCTURAL_POTENTIAL_NOT_DISPATCH_FEASIBILITY"
"biomass","BN","TL","Earth solid biomass -> TL11 0 -> TL11 0 low voltage -> TL11 0 residential urban decentral heat","TL11 0 urban central solid biomass CHP CC;TL11 0 electricity distribution grid;TL11 0 residential urban decentral resistive heater","false","false","Country/node pool; preserve resource cap; require accepted allocation where finite","Earth solid biomass","SHARED_RESOURCE_ACCESS_NOT_A_TO_B_INJECTION","STRUCTURAL_POTENTIAL_NOT_DISPATCH_FEASIBILITY"
"biomass","BN","VN","Earth solid biomass -> VN2 0 -> VN2 0 low voltage","VN2 0 urban central solid biomass CHP CC;VN2 0 electricity distribution grid","false","false","Country/node pool; preserve resource cap; require accepted allocation where finite","Earth solid biomass","SHARED_RESOURCE_ACCESS_NOT_A_TO_B_INJECTION","STRUCTURAL_POTENTIAL_NOT_DISPATCH_FEASIBILITY"
"biomass","ID","BN","Earth solid biomass -> co2 stored -> BN4 0 oil","solid biomass for industry CC;BN4 0 Fischer-Tropsch","false","false","Country/node pool; preserve resource cap; require accepted allocation where finite","Earth solid biomass","SHARED_RESOURCE_ACCESS_NOT_A_TO_B_INJECTION","STRUCTURAL_POTENTIAL_NOT_DISPATCH_FEASIBILITY"
"biomass","ID","KH","Earth solid biomass -> KH2 0 -> KH2 0 NH3","KH2 0 urban central solid biomass CHP CC;KH2 0 Haber-Bosch","false","false","Country/node pool; preserve resource cap; require accepted allocation where finite","Earth solid biomass","SHARED_RESOURCE_ACCESS_NOT_A_TO_B_INJECTION","STRUCTURAL_POTENTIAL_NOT_DISPATCH_FEASIBILITY"
"biomass","ID","LA","Earth solid biomass -> LA2 1 urban central heat -> LA2 1 urban central water tanks","LA2 1 urban central solid biomass CHP CC;LA2 1 urban central water tanks charger","false","false","Country/node pool; preserve resource cap; require accepted allocation where finite","Earth solid biomass","SHARED_RESOURCE_ACCESS_NOT_A_TO_B_INJECTION","STRUCTURAL_POTENTIAL_NOT_DISPATCH_FEASIBILITY"
"biomass","ID","MM","Earth solid biomass -> MM2 4 -> MM2 4 battery","MM2 4 urban central solid biomass CHP CC;MM2 4 battery charger","false","false","Country/node pool; preserve resource cap; require accepted allocation where finite","Earth solid biomass","SHARED_RESOURCE_ACCESS_NOT_A_TO_B_INJECTION","STRUCTURAL_POTENTIAL_NOT_DISPATCH_FEASIBILITY"
"biomass","ID","MY","Earth solid biomass -> MY_Sabah4 0 -> MY_Sabah4 0 low voltage -> MY_Sabah4 0 home battery","MY_Sabah4 0 urban central solid biomass CHP CC;MY_Sabah4 0 electricity distribution grid;MY_Sabah4 0 home battery charger","false","false","Country/node pool; preserve resource cap; require accepted allocation where finite","Earth solid biomass","SHARED_RESOURCE_ACCESS_NOT_A_TO_B_INJECTION","STRUCTURAL_POTENTIAL_NOT_DISPATCH_FEASIBILITY"
"biomass","ID","PH","Earth solid biomass -> PH_Luzon9 0 -> PH_Luzon9 0 low voltage -> PH_Luzon9 0 services rural heat","PH_Luzon9 0 urban central solid biomass CHP CC;PH_Luzon9 0 electricity distribution grid;PH_Luzon9 0 services rural resistive heater","false","false","Country/node pool; preserve resource cap; require accepted allocation where finite","Earth solid biomass","SHARED_RESOURCE_ACCESS_NOT_A_TO_B_INJECTION","STRUCTURAL_POTENTIAL_NOT_DISPATCH_FEASIBILITY"
"biomass","ID","SG","Earth solid biomass -> SG2 0 -> SG2 0 low voltage -> SG2 0 residential rural heat -> SG2 0 residential rural water tanks","SG2 0 urban central solid biomass CHP CC;SG2 0 electricity distribution grid;SG2 0 residential rural resistive heater;SG2 0 residential rural water tanks charger","false","false","Country/node pool; preserve resource cap; require accepted allocation where finite","Earth solid biomass","SHARED_RESOURCE_ACCESS_NOT_A_TO_B_INJECTION","STRUCTURAL_POTENTIAL_NOT_DISPATCH_FEASIBILITY"
"biomass","ID","TH","Earth solid biomass -> TH2 1 -> TH2 1 H2","TH2 1 urban central solid biomass CHP CC;TH2 1 H2 Electrolysis","false","false","Country/node pool; preserve resource cap; require accepted allocation where finite","Earth solid biomass","SHARED_RESOURCE_ACCESS_NOT_A_TO_B_INJECTION","STRUCTURAL_POTENTIAL_NOT_DISPATCH_FEASIBILITY"
"biomass","ID","TL","Earth solid biomass -> TL11 0 -> TL11 0 low voltage -> TL11 0 residential urban decentral heat","TL11 0 urban central solid biomass CHP CC;TL11 0 electricity distribution grid;TL11 0 residential urban decentral resistive heater","false","false","Country/node pool; preserve resource cap; require accepted allocation where finite","Earth solid biomass","SHARED_RESOURCE_ACCESS_NOT_A_TO_B_INJECTION","STRUCTURAL_POTENTIAL_NOT_DISPATCH_FEASIBILITY"
"biomass","ID","VN","Earth solid biomass -> VN2 0 -> VN2 0 low voltage","VN2 0 urban central solid biomass CHP CC;VN2 0 electricity distribution grid","false","false","Country/node pool; preserve resource cap; require accepted allocation where finite","Earth solid biomass","SHARED_RESOURCE_ACCESS_NOT_A_TO_B_INJECTION","STRUCTURAL_POTENTIAL_NOT_DISPATCH_FEASIBILITY"
"biomass","KH","BN","Earth solid biomass -> co2 stored -> BN4 0 oil","solid biomass for industry CC;BN4 0 Fischer-Tropsch","false","false","Country/node pool; preserve resource cap; require accepted allocation where finite","Earth solid biomass","SHARED_RESOURCE_ACCESS_NOT_A_TO_B_INJECTION","STRUCTURAL_POTENTIAL_NOT_DISPATCH_FEASIBILITY"
"biomass","KH","ID","Earth solid biomass -> ID_Kalimantan4 5 -> ID_Kalimantan4 5 low voltage","ID_Kalimantan4 5 urban central solid biomass CHP CC;ID_Kalimantan4 5 electricity distribution grid","false","false","Country/node pool; preserve resource cap; require accepted allocation where finite","Earth solid biomass","SHARED_RESOURCE_ACCESS_NOT_A_TO_B_INJECTION","STRUCTURAL_POTENTIAL_NOT_DISPATCH_FEASIBILITY"
"biomass","KH","LA","Earth solid biomass -> LA2 1 urban central heat -> LA2 1 urban central water tanks","LA2 1 urban central solid biomass CHP CC;LA2 1 urban central water tanks charger","false","false","Country/node pool; preserve resource cap; require accepted allocation where finite","Earth solid biomass","SHARED_RESOURCE_ACCESS_NOT_A_TO_B_INJECTION","STRUCTURAL_POTENTIAL_NOT_DISPATCH_FEASIBILITY"
"biomass","KH","MM","Earth solid biomass -> MM2 4 -> MM2 4 battery","MM2 4 urban central solid biomass CHP CC;MM2 4 battery charger","false","false","Country/node pool; preserve resource cap; require accepted allocation where finite","Earth solid biomass","SHARED_RESOURCE_ACCESS_NOT_A_TO_B_INJECTION","STRUCTURAL_POTENTIAL_NOT_DISPATCH_FEASIBILITY"
"biomass","KH","MY","Earth solid biomass -> MY_Sabah4 0 -> MY_Sabah4 0 low voltage -> MY_Sabah4 0 home battery","MY_Sabah4 0 urban central solid biomass CHP CC;MY_Sabah4 0 electricity distribution grid;MY_Sabah4 0 home battery charger","false","false","Country/node pool; preserve resource cap; require accepted allocation where finite","Earth solid biomass","SHARED_RESOURCE_ACCESS_NOT_A_TO_B_INJECTION","STRUCTURAL_POTENTIAL_NOT_DISPATCH_FEASIBILITY"
"biomass","KH","PH","Earth solid biomass -> PH_Luzon9 0 -> PH_Luzon9 0 low voltage -> PH_Luzon9 0 services rural heat","PH_Luzon9 0 urban central solid biomass CHP CC;PH_Luzon9 0 electricity distribution grid;PH_Luzon9 0 services rural resistive heater","false","false","Country/node pool; preserve resource cap; require accepted allocation where finite","Earth solid biomass","SHARED_RESOURCE_ACCESS_NOT_A_TO_B_INJECTION","STRUCTURAL_POTENTIAL_NOT_DISPATCH_FEASIBILITY"
"biomass","KH","SG","Earth solid biomass -> SG2 0 -> SG2 0 low voltage -> SG2 0 residential rural heat -> SG2 0 residential rural water tanks","SG2 0 urban central solid biomass CHP CC;SG2 0 electricity distribution grid;SG2 0 residential rural resistive heater;SG2 0 residential rural water tanks charger","false","false","Country/node pool; preserve resource cap; require accepted allocation where finite","Earth solid biomass","SHARED_RESOURCE_ACCESS_NOT_A_TO_B_INJECTION","STRUCTURAL_POTENTIAL_NOT_DISPATCH_FEASIBILITY"
"biomass","KH","TH","Earth solid biomass -> TH2 1 -> TH2 1 H2","TH2 1 urban central solid biomass CHP CC;TH2 1 H2 Electrolysis","false","false","Country/node pool; preserve resource cap; require accepted allocation where finite","Earth solid biomass","SHARED_RESOURCE_ACCESS_NOT_A_TO_B_INJECTION","STRUCTURAL_POTENTIAL_NOT_DISPATCH_FEASIBILITY"
"biomass","KH","TL","Earth solid biomass -> TL11 0 -> TL11 0 low voltage -> TL11 0 residential urban decentral heat","TL11 0 urban central solid biomass CHP CC;TL11 0 electricity distribution grid;TL11 0 residential urban decentral resistive heater","false","false","Country/node pool; preserve resource cap; require accepted allocation where finite","Earth solid biomass","SHARED_RESOURCE_ACCESS_NOT_A_TO_B_INJECTION","STRUCTURAL_POTENTIAL_NOT_DISPATCH_FEASIBILITY"
"biomass","KH","VN","Earth solid biomass -> VN2 0 -> VN2 0 low voltage","VN2 0 urban central solid biomass CHP CC;VN2 0 electricity distribution grid","false","false","Country/node pool; preserve resource cap; require accepted allocation where finite","Earth solid biomass","SHARED_RESOURCE_ACCESS_NOT_A_TO_B_INJECTION","STRUCTURAL_POTENTIAL_NOT_DISPATCH_FEASIBILITY"
"biomass","LA","BN","Earth solid biomass -> co2 stored -> BN4 0 oil","solid biomass for industry CC;BN4 0 Fischer-Tropsch","false","false","Country/node pool; preserve resource cap; require accepted allocation where finite","Earth solid biomass","SHARED_RESOURCE_ACCESS_NOT_A_TO_B_INJECTION","STRUCTURAL_POTENTIAL_NOT_DISPATCH_FEASIBILITY"
"biomass","LA","ID","Earth solid biomass -> ID_Kalimantan4 5 -> ID_Kalimantan4 5 low voltage","ID_Kalimantan4 5 urban central solid biomass CHP CC;ID_Kalimantan4 5 electricity distribution grid","false","false","Country/node pool; preserve resource cap; require accepted allocation where finite","Earth solid biomass","SHARED_RESOURCE_ACCESS_NOT_A_TO_B_INJECTION","STRUCTURAL_POTENTIAL_NOT_DISPATCH_FEASIBILITY"
"biomass","LA","KH","Earth solid biomass -> KH2 0 -> KH2 0 NH3","KH2 0 urban central solid biomass CHP CC;KH2 0 Haber-Bosch","false","false","Country/node pool; preserve resource cap; require accepted allocation where finite","Earth solid biomass","SHARED_RESOURCE_ACCESS_NOT_A_TO_B_INJECTION","STRUCTURAL_POTENTIAL_NOT_DISPATCH_FEASIBILITY"
"biomass","LA","MM","Earth solid biomass -> MM2 4 -> MM2 4 battery","MM2 4 urban central solid biomass CHP CC;MM2 4 battery charger","false","false","Country/node pool; preserve resource cap; require accepted allocation where finite","Earth solid biomass","SHARED_RESOURCE_ACCESS_NOT_A_TO_B_INJECTION","STRUCTURAL_POTENTIAL_NOT_DISPATCH_FEASIBILITY"
"biomass","LA","MY","Earth solid biomass -> MY_Sabah4 0 -> MY_Sabah4 0 low voltage -> MY_Sabah4 0 home battery","MY_Sabah4 0 urban central solid biomass CHP CC;MY_Sabah4 0 electricity distribution grid;MY_Sabah4 0 home battery charger","false","false","Country/node pool; preserve resource cap; require accepted allocation where finite","Earth solid biomass","SHARED_RESOURCE_ACCESS_NOT_A_TO_B_INJECTION","STRUCTURAL_POTENTIAL_NOT_DISPATCH_FEASIBILITY"
"biomass","LA","PH","Earth solid biomass -> PH_Luzon9 0 -> PH_Luzon9 0 low voltage -> PH_Luzon9 0 services rural heat","PH_Luzon9 0 urban central solid biomass CHP CC;PH_Luzon9 0 electricity distribution grid;PH_Luzon9 0 services rural resistive heater","false","false","Country/node pool; preserve resource cap; require accepted allocation where finite","Earth solid biomass","SHARED_RESOURCE_ACCESS_NOT_A_TO_B_INJECTION","STRUCTURAL_POTENTIAL_NOT_DISPATCH_FEASIBILITY"
"biomass","LA","SG","Earth solid biomass -> SG2 0 -> SG2 0 low voltage -> SG2 0 residential rural heat -> SG2 0 residential rural water tanks","SG2 0 urban central solid biomass CHP CC;SG2 0 electricity distribution grid;SG2 0 residential rural resistive heater;SG2 0 residential rural water tanks charger","false","false","Country/node pool; preserve resource cap; require accepted allocation where finite","Earth solid biomass","SHARED_RESOURCE_ACCESS_NOT_A_TO_B_INJECTION","STRUCTURAL_POTENTIAL_NOT_DISPATCH_FEASIBILITY"
"biomass","LA","TH","Earth solid biomass -> TH2 1 -> TH2 1 H2","TH2 1 urban central solid biomass CHP CC;TH2 1 H2 Electrolysis","false","false","Country/node pool; preserve resource cap; require accepted allocation where finite","Earth solid biomass","SHARED_RESOURCE_ACCESS_NOT_A_TO_B_INJECTION","STRUCTURAL_POTENTIAL_NOT_DISPATCH_FEASIBILITY"
"biomass","LA","TL","Earth solid biomass -> TL11 0 -> TL11 0 low voltage -> TL11 0 residential urban decentral heat","TL11 0 urban central solid biomass CHP CC;TL11 0 electricity distribution grid;TL11 0 residential urban decentral resistive heater","false","false","Country/node pool; preserve resource cap; require accepted allocation where finite","Earth solid biomass","SHARED_RESOURCE_ACCESS_NOT_A_TO_B_INJECTION","STRUCTURAL_POTENTIAL_NOT_DISPATCH_FEASIBILITY"
"biomass","LA","VN","Earth solid biomass -> VN2 0 -> VN2 0 low voltage","VN2 0 urban central solid biomass CHP CC;VN2 0 electricity distribution grid","false","false","Country/node pool; preserve resource cap; require accepted allocation where finite","Earth solid biomass","SHARED_RESOURCE_ACCESS_NOT_A_TO_B_INJECTION","STRUCTURAL_POTENTIAL_NOT_DISPATCH_FEASIBILITY"
"biomass","MM","BN","Earth solid biomass -> co2 stored -> BN4 0 oil","solid biomass for industry CC;BN4 0 Fischer-Tropsch","false","false","Country/node pool; preserve resource cap; require accepted allocation where finite","Earth solid biomass","SHARED_RESOURCE_ACCESS_NOT_A_TO_B_INJECTION","STRUCTURAL_POTENTIAL_NOT_DISPATCH_FEASIBILITY"
"biomass","MM","ID","Earth solid biomass -> ID_Kalimantan4 5 -> ID_Kalimantan4 5 low voltage","ID_Kalimantan4 5 urban central solid biomass CHP CC;ID_Kalimantan4 5 electricity distribution grid","false","false","Country/node pool; preserve resource cap; require accepted allocation where finite","Earth solid biomass","SHARED_RESOURCE_ACCESS_NOT_A_TO_B_INJECTION","STRUCTURAL_POTENTIAL_NOT_DISPATCH_FEASIBILITY"
"biomass","MM","KH","Earth solid biomass -> KH2 0 -> KH2 0 NH3","KH2 0 urban central solid biomass CHP CC;KH2 0 Haber-Bosch","false","false","Country/node pool; preserve resource cap; require accepted allocation where finite","Earth solid biomass","SHARED_RESOURCE_ACCESS_NOT_A_TO_B_INJECTION","STRUCTURAL_POTENTIAL_NOT_DISPATCH_FEASIBILITY"
"biomass","MM","LA","Earth solid biomass -> LA2 1 urban central heat -> LA2 1 urban central water tanks","LA2 1 urban central solid biomass CHP CC;LA2 1 urban central water tanks charger","false","false","Country/node pool; preserve resource cap; require accepted allocation where finite","Earth solid biomass","SHARED_RESOURCE_ACCESS_NOT_A_TO_B_INJECTION","STRUCTURAL_POTENTIAL_NOT_DISPATCH_FEASIBILITY"
"biomass","MM","MY","Earth solid biomass -> MY_Sabah4 0 -> MY_Sabah4 0 low voltage -> MY_Sabah4 0 home battery","MY_Sabah4 0 urban central solid biomass CHP CC;MY_Sabah4 0 electricity distribution grid;MY_Sabah4 0 home battery charger","false","false","Country/node pool; preserve resource cap; require accepted allocation where finite","Earth solid biomass","SHARED_RESOURCE_ACCESS_NOT_A_TO_B_INJECTION","STRUCTURAL_POTENTIAL_NOT_DISPATCH_FEASIBILITY"
"biomass","MM","PH","Earth solid biomass -> PH_Luzon9 0 -> PH_Luzon9 0 low voltage -> PH_Luzon9 0 services rural heat","PH_Luzon9 0 urban central solid biomass CHP CC;PH_Luzon9 0 electricity distribution grid;PH_Luzon9 0 services rural resistive heater","false","false","Country/node pool; preserve resource cap; require accepted allocation where finite","Earth solid biomass","SHARED_RESOURCE_ACCESS_NOT_A_TO_B_INJECTION","STRUCTURAL_POTENTIAL_NOT_DISPATCH_FEASIBILITY"
"biomass","MM","SG","Earth solid biomass -> SG2 0 -> SG2 0 low voltage -> SG2 0 residential rural heat -> SG2 0 residential rural water tanks","SG2 0 urban central solid biomass CHP CC;SG2 0 electricity distribution grid;SG2 0 residential rural resistive heater;SG2 0 residential rural water tanks charger","false","false","Country/node pool; preserve resource cap; require accepted allocation where finite","Earth solid biomass","SHARED_RESOURCE_ACCESS_NOT_A_TO_B_INJECTION","STRUCTURAL_POTENTIAL_NOT_DISPATCH_FEASIBILITY"
"biomass","MM","TH","Earth solid biomass -> TH2 1 -> TH2 1 H2","TH2 1 urban central solid biomass CHP CC;TH2 1 H2 Electrolysis","false","false","Country/node pool; preserve resource cap; require accepted allocation where finite","Earth solid biomass","SHARED_RESOURCE_ACCESS_NOT_A_TO_B_INJECTION","STRUCTURAL_POTENTIAL_NOT_DISPATCH_FEASIBILITY"
"biomass","MM","TL","Earth solid biomass -> TL11 0 -> TL11 0 low voltage -> TL11 0 residential urban decentral heat","TL11 0 urban central solid biomass CHP CC;TL11 0 electricity distribution grid;TL11 0 residential urban decentral resistive heater","false","false","Country/node pool; preserve resource cap; require accepted allocation where finite","Earth solid biomass","SHARED_RESOURCE_ACCESS_NOT_A_TO_B_INJECTION","STRUCTURAL_POTENTIAL_NOT_DISPATCH_FEASIBILITY"
"biomass","MM","VN","Earth solid biomass -> VN2 0 -> VN2 0 low voltage","VN2 0 urban central solid biomass CHP CC;VN2 0 electricity distribution grid","false","false","Country/node pool; preserve resource cap; require accepted allocation where finite","Earth solid biomass","SHARED_RESOURCE_ACCESS_NOT_A_TO_B_INJECTION","STRUCTURAL_POTENTIAL_NOT_DISPATCH_FEASIBILITY"
"biomass","MY","BN","Earth solid biomass -> co2 stored -> BN4 0 oil","solid biomass for industry CC;BN4 0 Fischer-Tropsch","false","false","Country/node pool; preserve resource cap; require accepted allocation where finite","Earth solid biomass","SHARED_RESOURCE_ACCESS_NOT_A_TO_B_INJECTION","STRUCTURAL_POTENTIAL_NOT_DISPATCH_FEASIBILITY"
"biomass","MY","ID","Earth solid biomass -> ID_Kalimantan4 5 -> ID_Kalimantan4 5 low voltage","ID_Kalimantan4 5 urban central solid biomass CHP CC;ID_Kalimantan4 5 electricity distribution grid","false","false","Country/node pool; preserve resource cap; require accepted allocation where finite","Earth solid biomass","SHARED_RESOURCE_ACCESS_NOT_A_TO_B_INJECTION","STRUCTURAL_POTENTIAL_NOT_DISPATCH_FEASIBILITY"
"biomass","MY","KH","Earth solid biomass -> KH2 0 -> KH2 0 NH3","KH2 0 urban central solid biomass CHP CC;KH2 0 Haber-Bosch","false","false","Country/node pool; preserve resource cap; require accepted allocation where finite","Earth solid biomass","SHARED_RESOURCE_ACCESS_NOT_A_TO_B_INJECTION","STRUCTURAL_POTENTIAL_NOT_DISPATCH_FEASIBILITY"
"biomass","MY","LA","Earth solid biomass -> LA2 1 urban central heat -> LA2 1 urban central water tanks","LA2 1 urban central solid biomass CHP CC;LA2 1 urban central water tanks charger","false","false","Country/node pool; preserve resource cap; require accepted allocation where finite","Earth solid biomass","SHARED_RESOURCE_ACCESS_NOT_A_TO_B_INJECTION","STRUCTURAL_POTENTIAL_NOT_DISPATCH_FEASIBILITY"
"biomass","MY","MM","Earth solid biomass -> MM2 4 -> MM2 4 battery","MM2 4 urban central solid biomass CHP CC;MM2 4 battery charger","false","false","Country/node pool; preserve resource cap; require accepted allocation where finite","Earth solid biomass","SHARED_RESOURCE_ACCESS_NOT_A_TO_B_INJECTION","STRUCTURAL_POTENTIAL_NOT_DISPATCH_FEASIBILITY"
"biomass","MY","PH","Earth solid biomass -> PH_Luzon9 0 -> PH_Luzon9 0 low voltage -> PH_Luzon9 0 services rural heat","PH_Luzon9 0 urban central solid biomass CHP CC;PH_Luzon9 0 electricity distribution grid;PH_Luzon9 0 services rural resistive heater","false","false","Country/node pool; preserve resource cap; require accepted allocation where finite","Earth solid biomass","SHARED_RESOURCE_ACCESS_NOT_A_TO_B_INJECTION","STRUCTURAL_POTENTIAL_NOT_DISPATCH_FEASIBILITY"
"biomass","MY","SG","Earth solid biomass -> SG2 0 -> SG2 0 low voltage -> SG2 0 residential rural heat -> SG2 0 residential rural water tanks","SG2 0 urban central solid biomass CHP CC;SG2 0 electricity distribution grid;SG2 0 residential rural resistive heater;SG2 0 residential rural water tanks charger","false","false","Country/node pool; preserve resource cap; require accepted allocation where finite","Earth solid biomass","SHARED_RESOURCE_ACCESS_NOT_A_TO_B_INJECTION","STRUCTURAL_POTENTIAL_NOT_DISPATCH_FEASIBILITY"
"biomass","MY","TH","Earth solid biomass -> TH2 1 -> TH2 1 H2","TH2 1 urban central solid biomass CHP CC;TH2 1 H2 Electrolysis","false","false","Country/node pool; preserve resource cap; require accepted allocation where finite","Earth solid biomass","SHARED_RESOURCE_ACCESS_NOT_A_TO_B_INJECTION","STRUCTURAL_POTENTIAL_NOT_DISPATCH_FEASIBILITY"
"biomass","MY","TL","Earth solid biomass -> TL11 0 -> TL11 0 low voltage -> TL11 0 residential urban decentral heat","TL11 0 urban central solid biomass CHP CC;TL11 0 electricity distribution grid;TL11 0 residential urban decentral resistive heater","false","false","Country/node pool; preserve resource cap; require accepted allocation where finite","Earth solid biomass","SHARED_RESOURCE_ACCESS_NOT_A_TO_B_INJECTION","STRUCTURAL_POTENTIAL_NOT_DISPATCH_FEASIBILITY"
"biomass","MY","VN","Earth solid biomass -> VN2 0 -> VN2 0 low voltage","VN2 0 urban central solid biomass CHP CC;VN2 0 electricity distribution grid","false","false","Country/node pool; preserve resource cap; require accepted allocation where finite","Earth solid biomass","SHARED_RESOURCE_ACCESS_NOT_A_TO_B_INJECTION","STRUCTURAL_POTENTIAL_NOT_DISPATCH_FEASIBILITY"
"biomass","PH","BN","Earth solid biomass -> co2 stored -> BN4 0 oil","solid biomass for industry CC;BN4 0 Fischer-Tropsch","false","false","Country/node pool; preserve resource cap; require accepted allocation where finite","Earth solid biomass","SHARED_RESOURCE_ACCESS_NOT_A_TO_B_INJECTION","STRUCTURAL_POTENTIAL_NOT_DISPATCH_FEASIBILITY"
"biomass","PH","ID","Earth solid biomass -> ID_Kalimantan4 5 -> ID_Kalimantan4 5 low voltage","ID_Kalimantan4 5 urban central solid biomass CHP CC;ID_Kalimantan4 5 electricity distribution grid","false","false","Country/node pool; preserve resource cap; require accepted allocation where finite","Earth solid biomass","SHARED_RESOURCE_ACCESS_NOT_A_TO_B_INJECTION","STRUCTURAL_POTENTIAL_NOT_DISPATCH_FEASIBILITY"
"biomass","PH","KH","Earth solid biomass -> KH2 0 -> KH2 0 NH3","KH2 0 urban central solid biomass CHP CC;KH2 0 Haber-Bosch","false","false","Country/node pool; preserve resource cap; require accepted allocation where finite","Earth solid biomass","SHARED_RESOURCE_ACCESS_NOT_A_TO_B_INJECTION","STRUCTURAL_POTENTIAL_NOT_DISPATCH_FEASIBILITY"
"biomass","PH","LA","Earth solid biomass -> LA2 1 urban central heat -> LA2 1 urban central water tanks","LA2 1 urban central solid biomass CHP CC;LA2 1 urban central water tanks charger","false","false","Country/node pool; preserve resource cap; require accepted allocation where finite","Earth solid biomass","SHARED_RESOURCE_ACCESS_NOT_A_TO_B_INJECTION","STRUCTURAL_POTENTIAL_NOT_DISPATCH_FEASIBILITY"
"biomass","PH","MM","Earth solid biomass -> MM2 4 -> MM2 4 battery","MM2 4 urban central solid biomass CHP CC;MM2 4 battery charger","false","false","Country/node pool; preserve resource cap; require accepted allocation where finite","Earth solid biomass","SHARED_RESOURCE_ACCESS_NOT_A_TO_B_INJECTION","STRUCTURAL_POTENTIAL_NOT_DISPATCH_FEASIBILITY"
"biomass","PH","MY","Earth solid biomass -> MY_Sabah4 0 -> MY_Sabah4 0 low voltage -> MY_Sabah4 0 home battery","MY_Sabah4 0 urban central solid biomass CHP CC;MY_Sabah4 0 electricity distribution grid;MY_Sabah4 0 home battery charger","false","false","Country/node pool; preserve resource cap; require accepted allocation where finite","Earth solid biomass","SHARED_RESOURCE_ACCESS_NOT_A_TO_B_INJECTION","STRUCTURAL_POTENTIAL_NOT_DISPATCH_FEASIBILITY"
"biomass","PH","SG","Earth solid biomass -> SG2 0 -> SG2 0 low voltage -> SG2 0 residential rural heat -> SG2 0 residential rural water tanks","SG2 0 urban central solid biomass CHP CC;SG2 0 electricity distribution grid;SG2 0 residential rural resistive heater;SG2 0 residential rural water tanks charger","false","false","Country/node pool; preserve resource cap; require accepted allocation where finite","Earth solid biomass","SHARED_RESOURCE_ACCESS_NOT_A_TO_B_INJECTION","STRUCTURAL_POTENTIAL_NOT_DISPATCH_FEASIBILITY"
"biomass","PH","TH","Earth solid biomass -> TH2 1 -> TH2 1 H2","TH2 1 urban central solid biomass CHP CC;TH2 1 H2 Electrolysis","false","false","Country/node pool; preserve resource cap; require accepted allocation where finite","Earth solid biomass","SHARED_RESOURCE_ACCESS_NOT_A_TO_B_INJECTION","STRUCTURAL_POTENTIAL_NOT_DISPATCH_FEASIBILITY"
"biomass","PH","TL","Earth solid biomass -> TL11 0 -> TL11 0 low voltage -> TL11 0 residential urban decentral heat","TL11 0 urban central solid biomass CHP CC;TL11 0 electricity distribution grid;TL11 0 residential urban decentral resistive heater","false","false","Country/node pool; preserve resource cap; require accepted allocation where finite","Earth solid biomass","SHARED_RESOURCE_ACCESS_NOT_A_TO_B_INJECTION","STRUCTURAL_POTENTIAL_NOT_DISPATCH_FEASIBILITY"
"biomass","PH","VN","Earth solid biomass -> VN2 0 -> VN2 0 low voltage","VN2 0 urban central solid biomass CHP CC;VN2 0 electricity distribution grid","false","false","Country/node pool; preserve resource cap; require accepted allocation where finite","Earth solid biomass","SHARED_RESOURCE_ACCESS_NOT_A_TO_B_INJECTION","STRUCTURAL_POTENTIAL_NOT_DISPATCH_FEASIBILITY"
"biomass","SG","BN","Earth solid biomass -> co2 stored -> BN4 0 oil","solid biomass for industry CC;BN4 0 Fischer-Tropsch","false","false","Country/node pool; preserve resource cap; require accepted allocation where finite","Earth solid biomass","SHARED_RESOURCE_ACCESS_NOT_A_TO_B_INJECTION","STRUCTURAL_POTENTIAL_NOT_DISPATCH_FEASIBILITY"
"biomass","SG","ID","Earth solid biomass -> ID_Kalimantan4 5 -> ID_Kalimantan4 5 low voltage","ID_Kalimantan4 5 urban central solid biomass CHP CC;ID_Kalimantan4 5 electricity distribution grid","false","false","Country/node pool; preserve resource cap; require accepted allocation where finite","Earth solid biomass","SHARED_RESOURCE_ACCESS_NOT_A_TO_B_INJECTION","STRUCTURAL_POTENTIAL_NOT_DISPATCH_FEASIBILITY"
"biomass","SG","KH","Earth solid biomass -> KH2 0 -> KH2 0 NH3","KH2 0 urban central solid biomass CHP CC;KH2 0 Haber-Bosch","false","false","Country/node pool; preserve resource cap; require accepted allocation where finite","Earth solid biomass","SHARED_RESOURCE_ACCESS_NOT_A_TO_B_INJECTION","STRUCTURAL_POTENTIAL_NOT_DISPATCH_FEASIBILITY"
"biomass","SG","LA","Earth solid biomass -> LA2 1 urban central heat -> LA2 1 urban central water tanks","LA2 1 urban central solid biomass CHP CC;LA2 1 urban central water tanks charger","false","false","Country/node pool; preserve resource cap; require accepted allocation where finite","Earth solid biomass","SHARED_RESOURCE_ACCESS_NOT_A_TO_B_INJECTION","STRUCTURAL_POTENTIAL_NOT_DISPATCH_FEASIBILITY"
"biomass","SG","MM","Earth solid biomass -> MM2 4 -> MM2 4 battery","MM2 4 urban central solid biomass CHP CC;MM2 4 battery charger","false","false","Country/node pool; preserve resource cap; require accepted allocation where finite","Earth solid biomass","SHARED_RESOURCE_ACCESS_NOT_A_TO_B_INJECTION","STRUCTURAL_POTENTIAL_NOT_DISPATCH_FEASIBILITY"
"biomass","SG","MY","Earth solid biomass -> MY_Sabah4 0 -> MY_Sabah4 0 low voltage -> MY_Sabah4 0 home battery","MY_Sabah4 0 urban central solid biomass CHP CC;MY_Sabah4 0 electricity distribution grid;MY_Sabah4 0 home battery charger","false","false","Country/node pool; preserve resource cap; require accepted allocation where finite","Earth solid biomass","SHARED_RESOURCE_ACCESS_NOT_A_TO_B_INJECTION","STRUCTURAL_POTENTIAL_NOT_DISPATCH_FEASIBILITY"
"biomass","SG","PH","Earth solid biomass -> PH_Luzon9 0 -> PH_Luzon9 0 low voltage -> PH_Luzon9 0 services rural heat","PH_Luzon9 0 urban central solid biomass CHP CC;PH_Luzon9 0 electricity distribution grid;PH_Luzon9 0 services rural resistive heater","false","false","Country/node pool; preserve resource cap; require accepted allocation where finite","Earth solid biomass","SHARED_RESOURCE_ACCESS_NOT_A_TO_B_INJECTION","STRUCTURAL_POTENTIAL_NOT_DISPATCH_FEASIBILITY"
"biomass","SG","TH","Earth solid biomass -> TH2 1 -> TH2 1 H2","TH2 1 urban central solid biomass CHP CC;TH2 1 H2 Electrolysis","false","false","Country/node pool; preserve resource cap; require accepted allocation where finite","Earth solid biomass","SHARED_RESOURCE_ACCESS_NOT_A_TO_B_INJECTION","STRUCTURAL_POTENTIAL_NOT_DISPATCH_FEASIBILITY"
"biomass","SG","TL","Earth solid biomass -> TL11 0 -> TL11 0 low voltage -> TL11 0 residential urban decentral heat","TL11 0 urban central solid biomass CHP CC;TL11 0 electricity distribution grid;TL11 0 residential urban decentral resistive heater","false","false","Country/node pool; preserve resource cap; require accepted allocation where finite","Earth solid biomass","SHARED_RESOURCE_ACCESS_NOT_A_TO_B_INJECTION","STRUCTURAL_POTENTIAL_NOT_DISPATCH_FEASIBILITY"
"biomass","SG","VN","Earth solid biomass -> VN2 0 -> VN2 0 low voltage","VN2 0 urban central solid biomass CHP CC;VN2 0 electricity distribution grid","false","false","Country/node pool; preserve resource cap; require accepted allocation where finite","Earth solid biomass","SHARED_RESOURCE_ACCESS_NOT_A_TO_B_INJECTION","STRUCTURAL_POTENTIAL_NOT_DISPATCH_FEASIBILITY"
"biomass","TH","BN","Earth solid biomass -> co2 stored -> BN4 0 oil","solid biomass for industry CC;BN4 0 Fischer-Tropsch","false","false","Country/node pool; preserve resource cap; require accepted allocation where finite","Earth solid biomass","SHARED_RESOURCE_ACCESS_NOT_A_TO_B_INJECTION","STRUCTURAL_POTENTIAL_NOT_DISPATCH_FEASIBILITY"
"biomass","TH","ID","Earth solid biomass -> ID_Kalimantan4 5 -> ID_Kalimantan4 5 low voltage","ID_Kalimantan4 5 urban central solid biomass CHP CC;ID_Kalimantan4 5 electricity distribution grid","false","false","Country/node pool; preserve resource cap; require accepted allocation where finite","Earth solid biomass","SHARED_RESOURCE_ACCESS_NOT_A_TO_B_INJECTION","STRUCTURAL_POTENTIAL_NOT_DISPATCH_FEASIBILITY"
"biomass","TH","KH","Earth solid biomass -> KH2 0 -> KH2 0 NH3","KH2 0 urban central solid biomass CHP CC;KH2 0 Haber-Bosch","false","false","Country/node pool; preserve resource cap; require accepted allocation where finite","Earth solid biomass","SHARED_RESOURCE_ACCESS_NOT_A_TO_B_INJECTION","STRUCTURAL_POTENTIAL_NOT_DISPATCH_FEASIBILITY"
"biomass","TH","LA","Earth solid biomass -> LA2 1 urban central heat -> LA2 1 urban central water tanks","LA2 1 urban central solid biomass CHP CC;LA2 1 urban central water tanks charger","false","false","Country/node pool; preserve resource cap; require accepted allocation where finite","Earth solid biomass","SHARED_RESOURCE_ACCESS_NOT_A_TO_B_INJECTION","STRUCTURAL_POTENTIAL_NOT_DISPATCH_FEASIBILITY"
"biomass","TH","MM","Earth solid biomass -> MM2 4 -> MM2 4 battery","MM2 4 urban central solid biomass CHP CC;MM2 4 battery charger","false","false","Country/node pool; preserve resource cap; require accepted allocation where finite","Earth solid biomass","SHARED_RESOURCE_ACCESS_NOT_A_TO_B_INJECTION","STRUCTURAL_POTENTIAL_NOT_DISPATCH_FEASIBILITY"
"biomass","TH","MY","Earth solid biomass -> MY_Sabah4 0 -> MY_Sabah4 0 low voltage -> MY_Sabah4 0 home battery","MY_Sabah4 0 urban central solid biomass CHP CC;MY_Sabah4 0 electricity distribution grid;MY_Sabah4 0 home battery charger","false","false","Country/node pool; preserve resource cap; require accepted allocation where finite","Earth solid biomass","SHARED_RESOURCE_ACCESS_NOT_A_TO_B_INJECTION","STRUCTURAL_POTENTIAL_NOT_DISPATCH_FEASIBILITY"
"biomass","TH","PH","Earth solid biomass -> PH_Luzon9 0 -> PH_Luzon9 0 low voltage -> PH_Luzon9 0 services rural heat","PH_Luzon9 0 urban central solid biomass CHP CC;PH_Luzon9 0 electricity distribution grid;PH_Luzon9 0 services rural resistive heater","false","false","Country/node pool; preserve resource cap; require accepted allocation where finite","Earth solid biomass","SHARED_RESOURCE_ACCESS_NOT_A_TO_B_INJECTION","STRUCTURAL_POTENTIAL_NOT_DISPATCH_FEASIBILITY"
"biomass","TH","SG","Earth solid biomass -> SG2 0 -> SG2 0 low voltage -> SG2 0 residential rural heat -> SG2 0 residential rural water tanks","SG2 0 urban central solid biomass CHP CC;SG2 0 electricity distribution grid;SG2 0 residential rural resistive heater;SG2 0 residential rural water tanks charger","false","false","Country/node pool; preserve resource cap; require accepted allocation where finite","Earth solid biomass","SHARED_RESOURCE_ACCESS_NOT_A_TO_B_INJECTION","STRUCTURAL_POTENTIAL_NOT_DISPATCH_FEASIBILITY"
"biomass","TH","TL","Earth solid biomass -> TL11 0 -> TL11 0 low voltage -> TL11 0 residential urban decentral heat","TL11 0 urban central solid biomass CHP CC;TL11 0 electricity distribution grid;TL11 0 residential urban decentral resistive heater","false","false","Country/node pool; preserve resource cap; require accepted allocation where finite","Earth solid biomass","SHARED_RESOURCE_ACCESS_NOT_A_TO_B_INJECTION","STRUCTURAL_POTENTIAL_NOT_DISPATCH_FEASIBILITY"
"biomass","TH","VN","Earth solid biomass -> VN2 0 -> VN2 0 low voltage","VN2 0 urban central solid biomass CHP CC;VN2 0 electricity distribution grid","false","false","Country/node pool; preserve resource cap; require accepted allocation where finite","Earth solid biomass","SHARED_RESOURCE_ACCESS_NOT_A_TO_B_INJECTION","STRUCTURAL_POTENTIAL_NOT_DISPATCH_FEASIBILITY"
"biomass","TL","BN","Earth solid biomass -> co2 stored -> BN4 0 oil","solid biomass for industry CC;BN4 0 Fischer-Tropsch","false","false","Country/node pool; preserve resource cap; require accepted allocation where finite","Earth solid biomass","SHARED_RESOURCE_ACCESS_NOT_A_TO_B_INJECTION","STRUCTURAL_POTENTIAL_NOT_DISPATCH_FEASIBILITY"
"biomass","TL","ID","Earth solid biomass -> ID_Kalimantan4 5 -> ID_Kalimantan4 5 low voltage","ID_Kalimantan4 5 urban central solid biomass CHP CC;ID_Kalimantan4 5 electricity distribution grid","false","false","Country/node pool; preserve resource cap; require accepted allocation where finite","Earth solid biomass","SHARED_RESOURCE_ACCESS_NOT_A_TO_B_INJECTION","STRUCTURAL_POTENTIAL_NOT_DISPATCH_FEASIBILITY"
"biomass","TL","KH","Earth solid biomass -> KH2 0 -> KH2 0 NH3","KH2 0 urban central solid biomass CHP CC;KH2 0 Haber-Bosch","false","false","Country/node pool; preserve resource cap; require accepted allocation where finite","Earth solid biomass","SHARED_RESOURCE_ACCESS_NOT_A_TO_B_INJECTION","STRUCTURAL_POTENTIAL_NOT_DISPATCH_FEASIBILITY"
"biomass","TL","LA","Earth solid biomass -> LA2 1 urban central heat -> LA2 1 urban central water tanks","LA2 1 urban central solid biomass CHP CC;LA2 1 urban central water tanks charger","false","false","Country/node pool; preserve resource cap; require accepted allocation where finite","Earth solid biomass","SHARED_RESOURCE_ACCESS_NOT_A_TO_B_INJECTION","STRUCTURAL_POTENTIAL_NOT_DISPATCH_FEASIBILITY"
"biomass","TL","MM","Earth solid biomass -> MM2 4 -> MM2 4 battery","MM2 4 urban central solid biomass CHP CC;MM2 4 battery charger","false","false","Country/node pool; preserve resource cap; require accepted allocation where finite","Earth solid biomass","SHARED_RESOURCE_ACCESS_NOT_A_TO_B_INJECTION","STRUCTURAL_POTENTIAL_NOT_DISPATCH_FEASIBILITY"
"biomass","TL","MY","Earth solid biomass -> MY_Sabah4 0 -> MY_Sabah4 0 low voltage -> MY_Sabah4 0 home battery","MY_Sabah4 0 urban central solid biomass CHP CC;MY_Sabah4 0 electricity distribution grid;MY_Sabah4 0 home battery charger","false","false","Country/node pool; preserve resource cap; require accepted allocation where finite","Earth solid biomass","SHARED_RESOURCE_ACCESS_NOT_A_TO_B_INJECTION","STRUCTURAL_POTENTIAL_NOT_DISPATCH_FEASIBILITY"
"biomass","TL","PH","Earth solid biomass -> PH_Luzon9 0 -> PH_Luzon9 0 low voltage -> PH_Luzon9 0 services rural heat","PH_Luzon9 0 urban central solid biomass CHP CC;PH_Luzon9 0 electricity distribution grid;PH_Luzon9 0 services rural resistive heater","false","false","Country/node pool; preserve resource cap; require accepted allocation where finite","Earth solid biomass","SHARED_RESOURCE_ACCESS_NOT_A_TO_B_INJECTION","STRUCTURAL_POTENTIAL_NOT_DISPATCH_FEASIBILITY"
"biomass","TL","SG","Earth solid biomass -> SG2 0 -> SG2 0 low voltage -> SG2 0 residential rural heat -> SG2 0 residential rural water tanks","SG2 0 urban central solid biomass CHP CC;SG2 0 electricity distribution grid;SG2 0 residential rural resistive heater;SG2 0 residential rural water tanks charger","false","false","Country/node pool; preserve resource cap; require accepted allocation where finite","Earth solid biomass","SHARED_RESOURCE_ACCESS_NOT_A_TO_B_INJECTION","STRUCTURAL_POTENTIAL_NOT_DISPATCH_FEASIBILITY"
"biomass","TL","TH","Earth solid biomass -> TH2 1 -> TH2 1 H2","TH2 1 urban central solid biomass CHP CC;TH2 1 H2 Electrolysis","false","false","Country/node pool; preserve resource cap; require accepted allocation where finite","Earth solid biomass","SHARED_RESOURCE_ACCESS_NOT_A_TO_B_INJECTION","STRUCTURAL_POTENTIAL_NOT_DISPATCH_FEASIBILITY"
"biomass","TL","VN","Earth solid biomass -> VN2 0 -> VN2 0 low voltage","VN2 0 urban central solid biomass CHP CC;VN2 0 electricity distribution grid","false","false","Country/node pool; preserve resource cap; require accepted allocation where finite","Earth solid biomass","SHARED_RESOURCE_ACCESS_NOT_A_TO_B_INJECTION","STRUCTURAL_POTENTIAL_NOT_DISPATCH_FEASIBILITY"
"biomass","VN","BN","Earth solid biomass -> co2 stored -> BN4 0 oil","solid biomass for industry CC;BN4 0 Fischer-Tropsch","false","false","Country/node pool; preserve resource cap; require accepted allocation where finite","Earth solid biomass","SHARED_RESOURCE_ACCESS_NOT_A_TO_B_INJECTION","STRUCTURAL_POTENTIAL_NOT_DISPATCH_FEASIBILITY"
"biomass","VN","ID","Earth solid biomass -> ID_Kalimantan4 5 -> ID_Kalimantan4 5 low voltage","ID_Kalimantan4 5 urban central solid biomass CHP CC;ID_Kalimantan4 5 electricity distribution grid","false","false","Country/node pool; preserve resource cap; require accepted allocation where finite","Earth solid biomass","SHARED_RESOURCE_ACCESS_NOT_A_TO_B_INJECTION","STRUCTURAL_POTENTIAL_NOT_DISPATCH_FEASIBILITY"
"biomass","VN","KH","Earth solid biomass -> KH2 0 -> KH2 0 NH3","KH2 0 urban central solid biomass CHP CC;KH2 0 Haber-Bosch","false","false","Country/node pool; preserve resource cap; require accepted allocation where finite","Earth solid biomass","SHARED_RESOURCE_ACCESS_NOT_A_TO_B_INJECTION","STRUCTURAL_POTENTIAL_NOT_DISPATCH_FEASIBILITY"
"biomass","VN","LA","Earth solid biomass -> LA2 1 urban central heat -> LA2 1 urban central water tanks","LA2 1 urban central solid biomass CHP CC;LA2 1 urban central water tanks charger","false","false","Country/node pool; preserve resource cap; require accepted allocation where finite","Earth solid biomass","SHARED_RESOURCE_ACCESS_NOT_A_TO_B_INJECTION","STRUCTURAL_POTENTIAL_NOT_DISPATCH_FEASIBILITY"
"biomass","VN","MM","Earth solid biomass -> MM2 4 -> MM2 4 battery","MM2 4 urban central solid biomass CHP CC;MM2 4 battery charger","false","false","Country/node pool; preserve resource cap; require accepted allocation where finite","Earth solid biomass","SHARED_RESOURCE_ACCESS_NOT_A_TO_B_INJECTION","STRUCTURAL_POTENTIAL_NOT_DISPATCH_FEASIBILITY"
"biomass","VN","MY","Earth solid biomass -> MY_Sabah4 0 -> MY_Sabah4 0 low voltage -> MY_Sabah4 0 home battery","MY_Sabah4 0 urban central solid biomass CHP CC;MY_Sabah4 0 electricity distribution grid;MY_Sabah4 0 home battery charger","false","false","Country/node pool; preserve resource cap; require accepted allocation where finite","Earth solid biomass","SHARED_RESOURCE_ACCESS_NOT_A_TO_B_INJECTION","STRUCTURAL_POTENTIAL_NOT_DISPATCH_FEASIBILITY"
"biomass","VN","PH","Earth solid biomass -> PH_Luzon9 0 -> PH_Luzon9 0 low voltage -> PH_Luzon9 0 services rural heat","PH_Luzon9 0 urban central solid biomass CHP CC;PH_Luzon9 0 electricity distribution grid;PH_Luzon9 0 services rural resistive heater","false","false","Country/node pool; preserve resource cap; require accepted allocation where finite","Earth solid biomass","SHARED_RESOURCE_ACCESS_NOT_A_TO_B_INJECTION","STRUCTURAL_POTENTIAL_NOT_DISPATCH_FEASIBILITY"
"biomass","VN","SG","Earth solid biomass -> SG2 0 -> SG2 0 low voltage -> SG2 0 residential rural heat -> SG2 0 residential rural water tanks","SG2 0 urban central solid biomass CHP CC;SG2 0 electricity distribution grid;SG2 0 residential rural resistive heater;SG2 0 residential rural water tanks charger","false","false","Country/node pool; preserve resource cap; require accepted allocation where finite","Earth solid biomass","SHARED_RESOURCE_ACCESS_NOT_A_TO_B_INJECTION","STRUCTURAL_POTENTIAL_NOT_DISPATCH_FEASIBILITY"
"biomass","VN","TH","Earth solid biomass -> TH2 1 -> TH2 1 H2","TH2 1 urban central solid biomass CHP CC;TH2 1 H2 Electrolysis","false","false","Country/node pool; preserve resource cap; require accepted allocation where finite","Earth solid biomass","SHARED_RESOURCE_ACCESS_NOT_A_TO_B_INJECTION","STRUCTURAL_POTENTIAL_NOT_DISPATCH_FEASIBILITY"
"biomass","VN","TL","Earth solid biomass -> TL11 0 -> TL11 0 low voltage -> TL11 0 residential urban decentral heat","TL11 0 urban central solid biomass CHP CC;TL11 0 electricity distribution grid;TL11 0 residential urban decentral resistive heater","false","false","Country/node pool; preserve resource cap; require accepted allocation where finite","Earth solid biomass","SHARED_RESOURCE_ACCESS_NOT_A_TO_B_INJECTION","STRUCTURAL_POTENTIAL_NOT_DISPATCH_FEASIBILITY"
