"Country","Year","Sector","Subsector","Carrier","DemandType","RawValue","RawUnit","ConvertedMWh","ParentAccount","ChildAccount","Representation","Source","SourceYear","SourceSHA256","Transformation","SpatialRule","TemporalRule","IncludedInAstar","TransferredFromAstar","FixedOrEndogenous","Status","HumanAcceptance","Notes","RowID","OwnerAccount","Posting","Required","NumericAccepted","ZeroEvidence","LogicalDestination","ExistingEnergyLoad","EmissionsPresent","SourceLocator","Group","ParentBefore","TransferredChild","ParentAfter","IndependentReference"
"BN","2019","Agriculture","AgricultureFinalEnergy","biomass","DIRECT_FUEL","","TWh/year","","","AgricultureFinalEnergy","EXPLICIT","/home/jin/research/SGP_ESE5004_Stage2/pypsa-asean/resources/baseline-aims-3H-tutorial/energy_totals_base.csv","2019","af27beafc01cfb1920a23e632c05e858883a28efd9bbf94df3dfdba455fde261","Frozen derived cache; TWh/year -> MWh; raw/calorific provenance still pending","PENDING_ACCEPTED_COUNTRY_NODE_WEIGHTS","PENDING_ACCEPTED_SHAPE_AND_PHYSICAL_WEIGHTS","false","false","FIXED","MISSING","REPRESENTATION_ACCEPTED_NUMERIC_PENDING","No agriculture technology model; retain each original fuel","BN:2019:Agriculture:AgricultureFinalEnergy:biomass","AgricultureFinalEnergy","true","true","false","MISSING","BN:biomass","false","false","BN/agriculture biomass","Agriculture","","","",""
"BN","2019","Agriculture","AgricultureFinalEnergy","coal","DIRECT_FUEL","","TWh/year","","","AgricultureFinalEnergy","EXPLICIT","/home/jin/research/SGP_ESE5004_Stage2/pypsa-asean/resources/baseline-aims-3H-tutorial/energy_totals_base.csv","2019","af27beafc01cfb1920a23e632c05e858883a28efd9bbf94df3dfdba455fde261","Frozen derived cache; TWh/year -> MWh; raw/calorific provenance still pending","PENDING_ACCEPTED_COUNTRY_NODE_WEIGHTS","PENDING_ACCEPTED_SHAPE_AND_PHYSICAL_WEIGHTS","false","false","FIXED","MISSING","REPRESENTATION_ACCEPTED_NUMERIC_PENDING","No agriculture technology model; retain each original fuel","BN:2019:Agriculture:AgricultureFinalEnergy:coal","AgricultureFinalEnergy","true","true","false","MISSING","BN:coal","false","false","BN/agriculture coal","Agriculture","","","",""
"BN","2019","Agriculture","AgricultureFinalEnergy","electricity","EMBEDDED","","Kilowatt-hours, million","","Astar","AgricultureFinalEnergy","EMBEDDED","/home/jin/research/SGP_ESE5004_Stage2/pypsa-asean/data/demand/unsd/data/UNdata_Export_20250502_110820872.txt","2019","12c99b3c40927449d9a4d0402f255a8b84b24917ff58e54efd4ec43b2125fe6b","Exact raw transaction; million kWh * 1000 = MWh; no losses or AEO scaling","PENDING_ACCEPTED_COUNTRY_NODE_WEIGHTS","PENDING_ACCEPTED_SHAPE_AND_PHYSICAL_WEIGHTS","true","false","FIXED","MISSING","REPRESENTATION_ACCEPTED_NUMERIC_PENDING","No agriculture technology model; retain each original fuel","BN:2019:Agriculture:AgricultureFinalEnergy:electricity","Astar","false","false","false","MISSING","BN:electricity","false","false","Consumption in agriculture, forestry and fishing","Agriculture","","","",""
"BN","2019","Agriculture","AgricultureFinalEnergy","oil","DIRECT_FUEL","","TWh/year","","","AgricultureFinalEnergy","EXPLICIT","/home/jin/research/SGP_ESE5004_Stage2/pypsa-asean/resources/baseline-aims-3H-tutorial/energy_totals_base.csv","2019","af27beafc01cfb1920a23e632c05e858883a28efd9bbf94df3dfdba455fde261","Frozen derived cache; TWh/year -> MWh; raw/calorific provenance still pending","PENDING_ACCEPTED_COUNTRY_NODE_WEIGHTS","PENDING_ACCEPTED_SHAPE_AND_PHYSICAL_WEIGHTS","false","false","FIXED","MISSING","REPRESENTATION_ACCEPTED_NUMERIC_PENDING","No agriculture technology model; retain each original fuel","BN:2019:Agriculture:AgricultureFinalEnergy:oil","AgricultureFinalEnergy","true","true","false","MISSING","BN:oil","false","false","BN/agriculture oil","Agriculture","","","",""
"BN","2019","Buildings","ResidentialCooking","mixed","EMBEDDED","","","","ResidentialDirectEnergy","ResidentialCooking","EMBEDDED","","2019","","","PENDING_ACCEPTED_COUNTRY_NODE_WEIGHTS","PENDING_ACCEPTED_SHAPE_AND_PHYSICAL_WEIGHTS","false","false","FIXED","EMBEDDED","REPRESENTATION_ACCEPTED_VALUES_NOT_DEFINED","No additional service obligation. Existing final electricity/fuel keeps ownership. Cooking is not space/water heat.","BN:2019:Buildings:ResidentialCooking:mixed","Astar_and_original_fuels","false","false","false","MISSING","BN:mixed","false","false","","Buildings","","","",""
"BN","2019","Buildings","ResidentialCooling","electricity","EMBEDDED","","","","ResidentialDirectEnergy","ResidentialCooling","EMBEDDED","","2019","","","PENDING_ACCEPTED_COUNTRY_NODE_WEIGHTS","PENDING_ACCEPTED_SHAPE_AND_PHYSICAL_WEIGHTS","true","false","FIXED","EMBEDDED","REPRESENTATION_ACCEPTED_VALUES_NOT_DEFINED","No additional service obligation. Existing final electricity/fuel keeps ownership. Cooking is not space/water heat.","BN:2019:Buildings:ResidentialCooling:electricity","Astar_and_original_fuels","false","false","false","MISSING","BN:electricity","false","false","","Buildings","","","",""
"BN","2019","Buildings","ResidentialDirectElectricity","electricity","DIRECT_ELECTRICITY","1328.662","Kilowatt-hours, million","1328662.0","Astar","ResidentialDirectElectricity","EMBEDDED","/home/jin/research/SGP_ESE5004_Stage2/pypsa-asean/data/demand/unsd/data/UNdata_Export_20250502_110820872.txt","2019","12c99b3c40927449d9a4d0402f255a8b84b24917ff58e54efd4ec43b2125fe6b","Exact raw transaction; million kWh * 1000 = MWh; no losses or AEO scaling","PENDING_ACCEPTED_COUNTRY_NODE_WEIGHTS","PENDING_ACCEPTED_SHAPE_AND_PHYSICAL_WEIGHTS","true","false","FIXED","PENDING","REPRESENTATION_ACCEPTED_NUMERIC_PENDING","Separate R/S identity retained in Astar; no second electricity Load; numeric decomposition is unaccepted","BN:2019:Buildings:ResidentialDirectElectricity:electricity","Astar","false","false","false","REPORTED_VALUE","BN:electricity","false","false","Consumption by households; physical line end 13159","Buildings","","","",""
"BN","2019","Buildings","ResidentialFuel","biomass","DIRECT_FUEL","0.0296","TWh/year","29600.0","","ResidentialFuel","EXPLICIT","/home/jin/research/SGP_ESE5004_Stage2/pypsa-asean/resources/baseline-aims-3H-tutorial/energy_totals_base.csv","2019","af27beafc01cfb1920a23e632c05e858883a28efd9bbf94df3dfdba455fde261","Frozen derived cache; TWh/year -> MWh; raw/calorific provenance still pending","PENDING_ACCEPTED_COUNTRY_NODE_WEIGHTS","PENDING_ACCEPTED_SHAPE_AND_PHYSICAL_WEIGHTS","false","false","FIXED","FROZEN_UPSTREAM","REPRESENTATION_ACCEPTED_NUMERIC_PENDING","Fixed final fuel; no useful-heat inference; cooking remains within original fuel. Coal not recast as electricity.","BN:2019:Buildings:ResidentialFuel:biomass","ResidentialFuel","true","true","false","POSITIVE_CACHE_VALUE","BN:biomass","false","false","BN/residential biomass","Buildings","","","",""
"BN","2019","Buildings","ResidentialFuel","coal","DIRECT_FUEL","","TWh/year","","","ResidentialFuel","EXPLICIT","/home/jin/research/SGP_ESE5004_Stage2/pypsa-asean/resources/baseline-aims-3H-tutorial/energy_totals_base.csv","2019","af27beafc01cfb1920a23e632c05e858883a28efd9bbf94df3dfdba455fde261","Frozen derived cache; TWh/year -> MWh; raw/calorific provenance still pending","PENDING_ACCEPTED_COUNTRY_NODE_WEIGHTS","PENDING_ACCEPTED_SHAPE_AND_PHYSICAL_WEIGHTS","false","false","FIXED","MISSING","REPRESENTATION_ACCEPTED_NUMERIC_PENDING","Fixed final fuel; no useful-heat inference; cooking remains within original fuel. Coal not recast as electricity.; cache has no original R/S coal column; source recovery required","BN:2019:Buildings:ResidentialFuel:coal","ResidentialFuel","true","true","false","MISSING","BN:coal","false","false","BN/residential coal","Buildings","","","",""
"BN","2019","Buildings","ResidentialFuel","gas","DIRECT_FUEL","0.2333","TWh/year","233300.0","","ResidentialFuel","EXPLICIT","/home/jin/research/SGP_ESE5004_Stage2/pypsa-asean/resources/baseline-aims-3H-tutorial/energy_totals_base.csv","2019","af27beafc01cfb1920a23e632c05e858883a28efd9bbf94df3dfdba455fde261","Frozen derived cache; TWh/year -> MWh; raw/calorific provenance still pending","PENDING_ACCEPTED_COUNTRY_NODE_WEIGHTS","PENDING_ACCEPTED_SHAPE_AND_PHYSICAL_WEIGHTS","false","false","FIXED","FROZEN_UPSTREAM","REPRESENTATION_ACCEPTED_NUMERIC_PENDING","Fixed final fuel; no useful-heat inference; cooking remains within original fuel. Coal not recast as electricity.","BN:2019:Buildings:ResidentialFuel:gas","ResidentialFuel","true","true","false","POSITIVE_CACHE_VALUE","BN:gas","false","false","BN/residential gas","Buildings","","","",""
"BN","2019","Buildings","ResidentialFuel","oil","DIRECT_FUEL","0.2261","TWh/year","226100.0","","ResidentialFuel","EXPLICIT","/home/jin/research/SGP_ESE5004_Stage2/pypsa-asean/resources/baseline-aims-3H-tutorial/energy_totals_base.csv","2019","af27beafc01cfb1920a23e632c05e858883a28efd9bbf94df3dfdba455fde261","Frozen derived cache; TWh/year -> MWh; raw/calorific provenance still pending","PENDING_ACCEPTED_COUNTRY_NODE_WEIGHTS","PENDING_ACCEPTED_SHAPE_AND_PHYSICAL_WEIGHTS","false","false","FIXED","FROZEN_UPSTREAM","REPRESENTATION_ACCEPTED_NUMERIC_PENDING","Fixed final fuel; no useful-heat inference; cooking remains within original fuel. Coal not recast as electricity.","BN:2019:Buildings:ResidentialFuel:oil","ResidentialFuel","true","true","false","POSITIVE_CACHE_VALUE","BN:oil","false","false","BN/residential oil","Buildings","","","",""
"BN","2019","Buildings","ResidentialSpaceHeat","mixed","EMBEDDED","","","","ResidentialDirectEnergy","ResidentialSpaceHeat","EMBEDDED","","2019","","","PENDING_ACCEPTED_COUNTRY_NODE_WEIGHTS","PENDING_ACCEPTED_SHAPE_AND_PHYSICAL_WEIGHTS","false","false","FIXED","EMBEDDED","REPRESENTATION_ACCEPTED_VALUES_NOT_DEFINED","No additional service obligation. Existing final electricity/fuel keeps ownership. Cooking is not space/water heat.","BN:2019:Buildings:ResidentialSpaceHeat:mixed","Astar_and_original_fuels","false","false","false","MISSING","BN:mixed","false","false","","Buildings","","","",""
"BN","2019","Buildings","ResidentialWaterHeat","mixed","EMBEDDED","","","","ResidentialDirectEnergy","ResidentialWaterHeat","EMBEDDED","","2019","","","PENDING_ACCEPTED_COUNTRY_NODE_WEIGHTS","PENDING_ACCEPTED_SHAPE_AND_PHYSICAL_WEIGHTS","false","false","FIXED","EMBEDDED","REPRESENTATION_ACCEPTED_VALUES_NOT_DEFINED","No additional service obligation. Existing final electricity/fuel keeps ownership. Cooking is not space/water heat.","BN:2019:Buildings:ResidentialWaterHeat:mixed","Astar_and_original_fuels","false","false","false","MISSING","BN:mixed","false","false","","Buildings","","","",""
"BN","2019","Buildings","ServicesCooking","mixed","EMBEDDED","","","","ServicesDirectEnergy","ServicesCooking","EMBEDDED","","2019","","","PENDING_ACCEPTED_COUNTRY_NODE_WEIGHTS","PENDING_ACCEPTED_SHAPE_AND_PHYSICAL_WEIGHTS","false","false","FIXED","EMBEDDED","REPRESENTATION_ACCEPTED_VALUES_NOT_DEFINED","No additional service obligation. Existing final electricity/fuel keeps ownership. Cooking is not space/water heat.","BN:2019:Buildings:ServicesCooking:mixed","Astar_and_original_fuels","false","false","false","MISSING","BN:mixed","false","false","","Buildings","","","",""
"BN","2019","Buildings","ServicesCooling","electricity","EMBEDDED","","","","ServicesDirectEnergy","ServicesCooling","EMBEDDED","","2019","","","PENDING_ACCEPTED_COUNTRY_NODE_WEIGHTS","PENDING_ACCEPTED_SHAPE_AND_PHYSICAL_WEIGHTS","true","false","FIXED","EMBEDDED","REPRESENTATION_ACCEPTED_VALUES_NOT_DEFINED","No additional service obligation. Existing final electricity/fuel keeps ownership. Cooking is not space/water heat.","BN:2019:Buildings:ServicesCooling:electricity","Astar_and_original_fuels","false","false","false","MISSING","BN:electricity","false","false","","Buildings","","","",""
"BN","2019","Buildings","ServicesDirectElectricity","electricity","DIRECT_ELECTRICITY","1868.292","Kilowatt-hours, million","1868292.0","Astar","ServicesDirectElectricity","EMBEDDED","/home/jin/research/SGP_ESE5004_Stage2/pypsa-asean/data/demand/unsd/data/UNdata_Export_20250502_110820872.txt","2019","12c99b3c40927449d9a4d0402f255a8b84b24917ff58e54efd4ec43b2125fe6b","Exact raw transaction; million kWh * 1000 = MWh; no losses or AEO scaling","PENDING_ACCEPTED_COUNTRY_NODE_WEIGHTS","PENDING_ACCEPTED_SHAPE_AND_PHYSICAL_WEIGHTS","true","false","FIXED","PENDING","REPRESENTATION_ACCEPTED_NUMERIC_PENDING","Separate R/S identity retained in Astar; no second electricity Load; numeric decomposition is unaccepted","BN:2019:Buildings:ServicesDirectElectricity:electricity","Astar","false","false","false","REPORTED_VALUE","BN:electricity","false","false","Consumption by commercial and public services; physical line end 13176","Buildings","","","",""
"BN","2019","Buildings","ServicesFuel","biomass","DIRECT_FUEL","0","TWh/year","","","ServicesFuel","EXPLICIT","/home/jin/research/SGP_ESE5004_Stage2/pypsa-asean/resources/baseline-aims-3H-tutorial/energy_totals_base.csv","2019","af27beafc01cfb1920a23e632c05e858883a28efd9bbf94df3dfdba455fde261","Frozen derived cache; TWh/year -> MWh; raw/calorific provenance still pending","PENDING_ACCEPTED_COUNTRY_NODE_WEIGHTS","PENDING_ACCEPTED_SHAPE_AND_PHYSICAL_WEIGHTS","false","false","FIXED","MISSING","REPRESENTATION_ACCEPTED_NUMERIC_PENDING","Fixed final fuel; no useful-heat inference; cooking remains within original fuel. Coal not recast as electricity.; cache zero has no certified raw-zero evidence","BN:2019:Buildings:ServicesFuel:biomass","ServicesFuel","true","true","false","CACHE_ZERO_UNVERIFIED","BN:biomass","false","false","BN/services biomass","Buildings","","","",""
"BN","2019","Buildings","ServicesFuel","coal","DIRECT_FUEL","","TWh/year","","","ServicesFuel","EXPLICIT","/home/jin/research/SGP_ESE5004_Stage2/pypsa-asean/resources/baseline-aims-3H-tutorial/energy_totals_base.csv","2019","af27beafc01cfb1920a23e632c05e858883a28efd9bbf94df3dfdba455fde261","Frozen derived cache; TWh/year -> MWh; raw/calorific provenance still pending","PENDING_ACCEPTED_COUNTRY_NODE_WEIGHTS","PENDING_ACCEPTED_SHAPE_AND_PHYSICAL_WEIGHTS","false","false","FIXED","MISSING","REPRESENTATION_ACCEPTED_NUMERIC_PENDING","Fixed final fuel; no useful-heat inference; cooking remains within original fuel. Coal not recast as electricity.; cache has no original R/S coal column; source recovery required","BN:2019:Buildings:ServicesFuel:coal","ServicesFuel","true","true","false","MISSING","BN:coal","false","false","BN/services coal","Buildings","","","",""
"BN","2019","Buildings","ServicesFuel","gas","DIRECT_FUEL","0","TWh/year","","","ServicesFuel","EXPLICIT","/home/jin/research/SGP_ESE5004_Stage2/pypsa-asean/resources/baseline-aims-3H-tutorial/energy_totals_base.csv","2019","af27beafc01cfb1920a23e632c05e858883a28efd9bbf94df3dfdba455fde261","Frozen derived cache; TWh/year -> MWh; raw/calorific provenance still pending","PENDING_ACCEPTED_COUNTRY_NODE_WEIGHTS","PENDING_ACCEPTED_SHAPE_AND_PHYSICAL_WEIGHTS","false","false","FIXED","MISSING","REPRESENTATION_ACCEPTED_NUMERIC_PENDING","Fixed final fuel; no useful-heat inference; cooking remains within original fuel. Coal not recast as electricity.; cache zero has no certified raw-zero evidence","BN:2019:Buildings:ServicesFuel:gas","ServicesFuel","true","true","false","CACHE_ZERO_UNVERIFIED","BN:gas","false","false","BN/services gas","Buildings","","","",""
"BN","2019","Buildings","ServicesFuel","oil","DIRECT_FUEL","0","TWh/year","","","ServicesFuel","EXPLICIT","/home/jin/research/SGP_ESE5004_Stage2/pypsa-asean/resources/baseline-aims-3H-tutorial/energy_totals_base.csv","2019","af27beafc01cfb1920a23e632c05e858883a28efd9bbf94df3dfdba455fde261","Frozen derived cache; TWh/year -> MWh; raw/calorific provenance still pending","PENDING_ACCEPTED_COUNTRY_NODE_WEIGHTS","PENDING_ACCEPTED_SHAPE_AND_PHYSICAL_WEIGHTS","false","false","FIXED","MISSING","REPRESENTATION_ACCEPTED_NUMERIC_PENDING","Fixed final fuel; no useful-heat inference; cooking remains within original fuel. Coal not recast as electricity.; cache zero has no certified raw-zero evidence","BN:2019:Buildings:ServicesFuel:oil","ServicesFuel","true","true","false","CACHE_ZERO_UNVERIFIED","BN:oil","false","false","BN/services oil","Buildings","","","",""
"BN","2019","Buildings","ServicesSpaceHeat","mixed","EMBEDDED","","","","ServicesDirectEnergy","ServicesSpaceHeat","EMBEDDED","","2019","","","PENDING_ACCEPTED_COUNTRY_NODE_WEIGHTS","PENDING_ACCEPTED_SHAPE_AND_PHYSICAL_WEIGHTS","false","false","FIXED","EMBEDDED","REPRESENTATION_ACCEPTED_VALUES_NOT_DEFINED","No additional service obligation. Existing final electricity/fuel keeps ownership. Cooking is not space/water heat.","BN:2019:Buildings:ServicesSpaceHeat:mixed","Astar_and_original_fuels","false","false","false","MISSING","BN:mixed","false","false","","Buildings","","","",""
"BN","2019","Buildings","ServicesWaterHeat","mixed","EMBEDDED","","","","ServicesDirectEnergy","ServicesWaterHeat","EMBEDDED","","2019","","","PENDING_ACCEPTED_COUNTRY_NODE_WEIGHTS","PENDING_ACCEPTED_SHAPE_AND_PHYSICAL_WEIGHTS","false","false","FIXED","EMBEDDED","REPRESENTATION_ACCEPTED_VALUES_NOT_DEFINED","No additional service obligation. Existing final electricity/fuel keeps ownership. Cooking is not space/water heat.","BN:2019:Buildings:ServicesWaterHeat:mixed","Astar_and_original_fuels","false","false","false","MISSING","BN:mixed","false","false","","Buildings","","","",""
"BN","2019","Bunker","InternationalAviationBunker","oil","BUNKER_FUEL","1.3247","TWh/year","1324700.0","","InternationalAviationBunker","EXPLICIT","/home/jin/research/SGP_ESE5004_Stage2/pypsa-asean/resources/baseline-aims-3H-tutorial/energy_totals_base.csv","2019","af27beafc01cfb1920a23e632c05e858883a28efd9bbf94df3dfdba455fde261","Frozen derived cache; TWh/year -> MWh; raw/calorific provenance still pending","PENDING_ACCEPTED_COUNTRY_NODE_WEIGHTS","PENDING_ACCEPTED_SHAPE_AND_PHYSICAL_WEIGHTS","false","false","FIXED","FROZEN_UPSTREAM","REPRESENTATION_ACCEPTED_NUMERIC_PENDING","FIXED fuel obligation; FT is later endogenous supply. Review status: EXACT_SELECTED_CACHE_MATCH","BN:2019:Bunker:InternationalAviationBunker:oil","InternationalAviationBunker","true","true","false","POSITIVE_CACHE_VALUE","BN:oil","false","false","BN/total international aviation; bunker_review.json BN/InternationalAviationBunkerFuel","bunker","","","",""
"BN","2019","Bunker","InternationalShippingBunker","oil","BUNKER_FUEL","","TWh/year","","","InternationalShippingBunker","EXPLICIT","/home/jin/research/SGP_ESE5004_Stage2/pypsa-asean/resources/baseline-aims-3H-tutorial/energy_totals_base.csv","2019","af27beafc01cfb1920a23e632c05e858883a28efd9bbf94df3dfdba455fde261","Frozen derived cache; TWh/year -> MWh; raw/calorific provenance still pending","PENDING_ACCEPTED_COUNTRY_NODE_WEIGHTS","PENDING_ACCEPTED_SHAPE_AND_PHYSICAL_WEIGHTS","false","false","FIXED","MISSING","REPRESENTATION_ACCEPTED_NUMERIC_PENDING","FIXED fuel obligation; FT is later endogenous supply. Review status: MISSING_BASE_SOURCE","BN:2019:Bunker:InternationalShippingBunker:oil","InternationalShippingBunker","true","true","false","MISSING","BN:oil","false","false","BN/total international navigation; bunker_review.json BN/InternationalShippingBunkerFuel","bunker","","","",""
"BN","2019","Conversion","EVIfConversion","electricity","ENDOGENOUS_CONVERSION_INPUT","","","","","EVIfConversion","CONTRACT_ONLY","","2019","","","PENDING_ACCEPTED_COUNTRY_NODE_WEIGHTS","PENDING_ACCEPTED_SHAPE_AND_PHYSICAL_WEIGHTS","false","false","ENDOGENOUS","PENDING","REPRESENTATION_ACCEPTED_NUMERIC_PENDING","No predetermined demand or Load; future accepted conversion Link owns its electricity input","BN:2019:Conversion:EVIfConversion:electricity","EVIfConversion","false","false","false","MISSING","BN:electricity","false","false","","electricity","","","",""
"BN","2019","Conversion","Electrolysis","electricity","ENDOGENOUS_CONVERSION_INPUT","","","","","Electrolysis","CONTRACT_ONLY","","2019","","","PENDING_ACCEPTED_COUNTRY_NODE_WEIGHTS","PENDING_ACCEPTED_SHAPE_AND_PHYSICAL_WEIGHTS","false","false","ENDOGENOUS","PENDING","REPRESENTATION_ACCEPTED_NUMERIC_PENDING","No predetermined demand or Load; future accepted conversion Link owns its electricity input","BN:2019:Conversion:Electrolysis:electricity","Electrolysis","false","false","false","MISSING","BN:electricity","false","false","","electricity","","","",""
"BN","2019","Conversion","FischerTropsch","electricity","ENDOGENOUS_CONVERSION_INPUT","","","","","FischerTropsch","CONTRACT_ONLY","","2019","","","PENDING_ACCEPTED_COUNTRY_NODE_WEIGHTS","PENDING_ACCEPTED_SHAPE_AND_PHYSICAL_WEIGHTS","false","false","ENDOGENOUS","PENDING","REPRESENTATION_ACCEPTED_NUMERIC_PENDING","No predetermined demand or Load; future accepted conversion Link owns its electricity input","BN:2019:Conversion:FischerTropsch:electricity","FischerTropsch","false","false","false","MISSING","BN:electricity","false","false","","electricity","","","",""
"BN","2019","Conversion","HeatPump","electricity","ENDOGENOUS_CONVERSION_INPUT","","","","","HeatPump","CONTRACT_ONLY","","2019","","","PENDING_ACCEPTED_COUNTRY_NODE_WEIGHTS","PENDING_ACCEPTED_SHAPE_AND_PHYSICAL_WEIGHTS","false","false","ENDOGENOUS","PENDING","REPRESENTATION_ACCEPTED_NUMERIC_PENDING","No predetermined demand or Load; future accepted conversion Link owns its electricity input","BN:2019:Conversion:HeatPump:electricity","HeatPump","false","false","false","MISSING","BN:electricity","false","false","","electricity","","","",""
"BN","2019","Conversion","ResistiveHeating","electricity","ENDOGENOUS_CONVERSION_INPUT","","","","","ResistiveHeating","CONTRACT_ONLY","","2019","","","PENDING_ACCEPTED_COUNTRY_NODE_WEIGHTS","PENDING_ACCEPTED_SHAPE_AND_PHYSICAL_WEIGHTS","false","false","ENDOGENOUS","PENDING","REPRESENTATION_ACCEPTED_NUMERIC_PENDING","No predetermined demand or Load; future accepted conversion Link owns its electricity input","BN:2019:Conversion:ResistiveHeating:electricity","ResistiveHeating","false","false","false","MISSING","BN:electricity","false","false","","electricity","","","",""
"BN","2019","Electricity","Astar","electricity","DIRECT_ELECTRICITY","3906.135","Kilowatt-hours, million","3906135.0","","Astar","EXPLICIT","/home/jin/research/SGP_ESE5004_Stage2/pypsa-asean/data/demand/unsd/data/UNdata_Export_20250502_110820872.txt","2019","12c99b3c40927449d9a4d0402f255a8b84b24917ff58e54efd4ec43b2125fe6b","Exact raw transaction; million kWh * 1000 = MWh; no losses or AEO scaling","PENDING_ACCEPTED_COUNTRY_NODE_WEIGHTS","PENDING_ACCEPTED_SHAPE_AND_PHYSICAL_WEIGHTS","true","false","FIXED","PENDING","REPRESENTATION_ACCEPTED_NUMERIC_PENDING","End-user final electricity before any accepted transfers; future conversion inputs excluded","BN:2019:Electricity:Astar:electricity","Astar","true","true","false","REPORTED_VALUE","BN:electricity","false","false","Final energy consumption; physical line end 13077","electricity","3906135.0","0.0","3906135.0","3906135.0"
"BN","2019","Industry","IndustryCacheElectricityReference","electricity","DIRECT_FUEL","709181","MWh/year","709181.0","","IndustryCacheElectricityReference","REFERENCE","/home/jin/research/SGP_ESE5004_Stage2/pypsa-asean/resources/baseline-aims-3H-tutorial/demand/base_industry_totals_2030.csv","2019","c62e8edab8451f93a4273f9214e6259306ea7e01a6ba9c85e7b7db48978aa404","Frozen derived cache; MWh/year -> MWh; raw/calorific provenance still pending","PENDING_ACCEPTED_COUNTRY_NODE_WEIGHTS","PENDING_ACCEPTED_SHAPE_AND_PHYSICAL_WEIGHTS","false","false","FIXED","REFERENCE_ONLY","REPRESENTATION_ACCEPTED_NUMERIC_PENDING","Base 2019 country/carrier sum of 13 cached industries; pre-NH3 deduction; raw calorific/feedstock boundary pending","BN:2019:Industry:IndustryCacheElectricityReference:electricity","IndustryCacheElectricityReference","false","false","false","POSITIVE_CACHE_VALUE","BN:electricity","false","false","BN/electricity; sum 13 columns","Industry","","","",""
"BN","2019","Industry","IndustryDirectElectricity","electricity","DIRECT_ELECTRICITY","709.181","Kilowatt-hours, million","709181.0","Astar","IndustryDirectElectricity","EMBEDDED","/home/jin/research/SGP_ESE5004_Stage2/pypsa-asean/data/demand/unsd/data/UNdata_Export_20250502_110820872.txt","2019","12c99b3c40927449d9a4d0402f255a8b84b24917ff58e54efd4ec43b2125fe6b","Exact raw transaction; million kWh * 1000 = MWh; no losses or AEO scaling","PENDING_ACCEPTED_COUNTRY_NODE_WEIGHTS","PENDING_ACCEPTED_SHAPE_AND_PHYSICAL_WEIGHTS","true","false","FIXED","PENDING","REPRESENTATION_ACCEPTED_NUMERIC_PENDING","Industrial final electricity stays inside Astar; no second industry Load. No process/service conversion","BN:2019:Industry:IndustryDirectElectricity:electricity","Astar","false","false","false","REPORTED_VALUE","BN:electricity","false","false","Consumption by manufacturing, construction and non-fuel industry; physical line end 13092","Industry","","","",""
"BN","2019","Industry","IndustryFuel","biomass","DIRECT_FUEL","","MWh/year","","","IndustryFuel","EXPLICIT","/home/jin/research/SGP_ESE5004_Stage2/pypsa-asean/resources/baseline-aims-3H-tutorial/demand/base_industry_totals_2030.csv","2019","c62e8edab8451f93a4273f9214e6259306ea7e01a6ba9c85e7b7db48978aa404","Frozen derived cache; MWh/year -> MWh; raw/calorific provenance still pending","PENDING_ACCEPTED_COUNTRY_NODE_WEIGHTS","PENDING_ACCEPTED_SHAPE_AND_PHYSICAL_WEIGHTS","false","false","FIXED","MISSING","REPRESENTATION_ACCEPTED_NUMERIC_PENDING","Base 2019 country/carrier sum of 13 cached industries; pre-NH3 deduction; raw calorific/feedstock boundary pending","BN:2019:Industry:IndustryFuel:biomass","IndustryFuel","true","true","false","MISSING","BN:biomass","false","false","BN/biomass; sum 13 columns","Industry","","","",""
"BN","2019","Industry","IndustryFuel","coal","DIRECT_FUEL","","MWh/year","","","IndustryFuel","EXPLICIT","/home/jin/research/SGP_ESE5004_Stage2/pypsa-asean/resources/baseline-aims-3H-tutorial/demand/base_industry_totals_2030.csv","2019","c62e8edab8451f93a4273f9214e6259306ea7e01a6ba9c85e7b7db48978aa404","Frozen derived cache; MWh/year -> MWh; raw/calorific provenance still pending","PENDING_ACCEPTED_COUNTRY_NODE_WEIGHTS","PENDING_ACCEPTED_SHAPE_AND_PHYSICAL_WEIGHTS","false","false","FIXED","MISSING","REPRESENTATION_ACCEPTED_NUMERIC_PENDING","Base 2019 country/carrier sum of 13 cached industries; pre-NH3 deduction; raw calorific/feedstock boundary pending","BN:2019:Industry:IndustryFuel:coal","IndustryFuel","true","true","false","MISSING","BN:coal","false","false","BN/coal; sum 13 columns","Industry","","","",""
"BN","2019","Industry","IndustryFuel","gas","DIRECT_FUEL","","MWh/year","","","IndustryFuel","EXPLICIT","/home/jin/research/SGP_ESE5004_Stage2/pypsa-asean/resources/baseline-aims-3H-tutorial/demand/base_industry_totals_2030.csv","2019","c62e8edab8451f93a4273f9214e6259306ea7e01a6ba9c85e7b7db48978aa404","Frozen derived cache; MWh/year -> MWh; raw/calorific provenance still pending","PENDING_ACCEPTED_COUNTRY_NODE_WEIGHTS","PENDING_ACCEPTED_SHAPE_AND_PHYSICAL_WEIGHTS","false","false","FIXED","MISSING","REPRESENTATION_ACCEPTED_NUMERIC_PENDING","Base 2019 country/carrier sum of 13 cached industries; pre-NH3 deduction; raw calorific/feedstock boundary pending","BN:2019:Industry:IndustryFuel:gas","IndustryFuel","true","true","false","MISSING","BN:gas","false","false","BN/gas; sum 13 columns","Industry","","","",""
"BN","2019","Industry","IndustryFuel","heat","DIRECT_FUEL","","MWh/year","","","IndustryFuel","PENDING","/home/jin/research/SGP_ESE5004_Stage2/pypsa-asean/resources/baseline-aims-3H-tutorial/demand/base_industry_totals_2030.csv","2019","c62e8edab8451f93a4273f9214e6259306ea7e01a6ba9c85e7b7db48978aa404","Frozen derived cache; MWh/year -> MWh; raw/calorific provenance still pending","PENDING_ACCEPTED_COUNTRY_NODE_WEIGHTS","PENDING_ACCEPTED_SHAPE_AND_PHYSICAL_WEIGHTS","false","false","FIXED","MISSING","REPRESENTATION_ACCEPTED_NUMERIC_PENDING","No accepted independent H2 or qualified heat service; no new service obligation","BN:2019:Industry:IndustryFuel:heat","IndustryFuel","false","false","false","MISSING","BN:heat","false","false","BN/heat; sum 13 columns","Industry","","","",""
"BN","2019","Industry","IndustryFuel","hydrogen","DIRECT_FUEL","","MWh/year","","","IndustryFuel","PENDING","/home/jin/research/SGP_ESE5004_Stage2/pypsa-asean/resources/baseline-aims-3H-tutorial/demand/base_industry_totals_2030.csv","2019","c62e8edab8451f93a4273f9214e6259306ea7e01a6ba9c85e7b7db48978aa404","Frozen derived cache; MWh/year -> MWh; raw/calorific provenance still pending","PENDING_ACCEPTED_COUNTRY_NODE_WEIGHTS","PENDING_ACCEPTED_SHAPE_AND_PHYSICAL_WEIGHTS","false","false","FIXED","MISSING","REPRESENTATION_ACCEPTED_NUMERIC_PENDING","No accepted independent H2 or qualified heat service; no new service obligation","BN:2019:Industry:IndustryFuel:hydrogen","IndustryFuel","false","false","false","MISSING","BN:hydrogen","false","false","BN/hydrogen; sum 13 columns","Industry","","","",""
"BN","2019","Industry","IndustryFuel","oil","DIRECT_FUEL","1498691.8799999999","MWh/year","1498691.88","","IndustryFuel","EXPLICIT","/home/jin/research/SGP_ESE5004_Stage2/pypsa-asean/resources/baseline-aims-3H-tutorial/demand/base_industry_totals_2030.csv","2019","c62e8edab8451f93a4273f9214e6259306ea7e01a6ba9c85e7b7db48978aa404","Frozen derived cache; MWh/year -> MWh; raw/calorific provenance still pending","PENDING_ACCEPTED_COUNTRY_NODE_WEIGHTS","PENDING_ACCEPTED_SHAPE_AND_PHYSICAL_WEIGHTS","false","false","FIXED","FROZEN_UPSTREAM","REPRESENTATION_ACCEPTED_NUMERIC_PENDING","Base 2019 country/carrier sum of 13 cached industries; pre-NH3 deduction; raw calorific/feedstock boundary pending","BN:2019:Industry:IndustryFuel:oil","IndustryFuel","true","true","false","POSITIVE_CACHE_VALUE","BN:oil","false","false","BN/oil; sum 13 columns","Industry","","","",""
"BN","2019","Transport","DomesticAviationFuel","oil","DIRECT_FUEL","0.0","TWh/year","","","DomesticAviationFuel","EXPLICIT","/home/jin/research/SGP_ESE5004_Stage2/pypsa-asean/resources/baseline-aims-3H-tutorial/energy_totals_base.csv","2019","af27beafc01cfb1920a23e632c05e858883a28efd9bbf94df3dfdba455fde261","Frozen derived cache; TWh/year -> MWh; raw/calorific provenance still pending","PENDING_ACCEPTED_COUNTRY_NODE_WEIGHTS","PENDING_ACCEPTED_SHAPE_AND_PHYSICAL_WEIGHTS","false","false","FIXED","MISSING","REPRESENTATION_ACCEPTED_NUMERIC_PENDING","FIXED fuel obligation; FT is later endogenous supply. Review status: ZERO_WITHOUT_EXACT_SELECTED_RAW; cache zero has no certified raw-zero evidence","BN:2019:Transport:DomesticAviationFuel:oil","DomesticAviationFuel","true","true","false","CACHE_ZERO_UNVERIFIED","BN:oil","false","false","BN/total domestic aviation; bunker_review.json BN/DomesticAviationFuel","bunker","","","",""
"BN","2019","Transport","DomesticShippingFuel","oil","DIRECT_FUEL","","TWh/year","","","DomesticShippingFuel","EXPLICIT","/home/jin/research/SGP_ESE5004_Stage2/pypsa-asean/resources/baseline-aims-3H-tutorial/energy_totals_base.csv","2019","af27beafc01cfb1920a23e632c05e858883a28efd9bbf94df3dfdba455fde261","Frozen derived cache; TWh/year -> MWh; raw/calorific provenance still pending","PENDING_ACCEPTED_COUNTRY_NODE_WEIGHTS","PENDING_ACCEPTED_SHAPE_AND_PHYSICAL_WEIGHTS","false","false","FIXED","MISSING","REPRESENTATION_ACCEPTED_NUMERIC_PENDING","FIXED fuel obligation; FT is later endogenous supply. Review status: MISSING_BASE_SOURCE","BN:2019:Transport:DomesticShippingFuel:oil","DomesticShippingFuel","true","true","false","MISSING","BN:oil","false","false","BN/total domestic navigation; bunker_review.json BN/DomesticShippingFuel","bunker","","","",""
"BN","2019","Transport","HistoricalRoadElectricity","electricity","DIRECT_ELECTRICITY","0.0","TWh/year","","Astar","HistoricalRoadElectricity","EMBEDDED","/home/jin/research/SGP_ESE5004_Stage2/pypsa-asean/resources/baseline-aims-3H-tutorial/energy_totals_base.csv","2019","af27beafc01cfb1920a23e632c05e858883a28efd9bbf94df3dfdba455fde261","Frozen derived cache; TWh/year -> MWh; raw/calorific provenance still pending","PENDING_ACCEPTED_COUNTRY_NODE_WEIGHTS","PENDING_ACCEPTED_SHAPE_AND_PHYSICAL_WEIGHTS","true","false","FIXED","MISSING","REPRESENTATION_ACCEPTED_NUMERIC_PENDING","Historical EV membership/quantity pending; retain any such energy inside Astar; no transfer performed; cache zero has no certified raw-zero evidence","BN:2019:Transport:HistoricalRoadElectricity:electricity","Astar","false","false","false","CACHE_ZERO_UNVERIFIED","BN:electricity","false","false","BN/road electricity","Transport","","","",""
"BN","2019","Transport","RailElectricity","electricity","EMBEDDED","","Kilowatt-hours, million","","Astar","RailElectricity","EMBEDDED","/home/jin/research/SGP_ESE5004_Stage2/pypsa-asean/data/demand/unsd/data/UNdata_Export_20250502_110820872.txt","2019","12c99b3c40927449d9a4d0402f255a8b84b24917ff58e54efd4ec43b2125fe6b","Exact raw transaction; million kWh * 1000 = MWh; no losses or AEO scaling","PENDING_ACCEPTED_COUNTRY_NODE_WEIGHTS","PENDING_ACCEPTED_SHAPE_AND_PHYSICAL_WEIGHTS","true","false","FIXED","MISSING","REPRESENTATION_ACCEPTED_NUMERIC_PENDING","Rail electricity occurs only within Astar; no independent rail Load","BN:2019:Transport:RailElectricity:electricity","Astar","false","false","false","MISSING","BN:electricity","false","false","Consumption by rail","Transport","","","",""
"BN","2019","Transport","RailFinalEnergyReference","mixed","DIRECT_FUEL","","TWh/year","","","RailFinalEnergyReference","REFERENCE","/home/jin/research/SGP_ESE5004_Stage2/pypsa-asean/resources/baseline-aims-3H-tutorial/energy_totals_base.csv","2019","af27beafc01cfb1920a23e632c05e858883a28efd9bbf94df3dfdba455fde261","Frozen derived cache; TWh/year -> MWh; raw/calorific provenance still pending","PENDING_ACCEPTED_COUNTRY_NODE_WEIGHTS","PENDING_ACCEPTED_SHAPE_AND_PHYSICAL_WEIGHTS","false","false","FIXED","MISSING","REPRESENTATION_ACCEPTED_NUMERIC_PENDING","Reference total only; fuel decomposition pending; no independent rail Load","BN:2019:Transport:RailFinalEnergyReference:mixed","RailFinalEnergyReference","false","false","false","MISSING","BN:mixed","false","false","BN/total rail","Transport","","","",""
"BN","2019","Transport","RoadParentFinalEnergy","all_final_energy","DIRECT_FUEL","5.134","TWh/year","5134000.0","","RoadParentFinalEnergy","REFERENCE","/home/jin/research/SGP_ESE5004_Stage2/pypsa-asean/resources/baseline-aims-3H-tutorial/energy_totals_base.csv","2019","af27beafc01cfb1920a23e632c05e858883a28efd9bbf94df3dfdba455fde261","Frozen derived cache; TWh/year -> MWh; raw/calorific provenance still pending","PENDING_ACCEPTED_COUNTRY_NODE_WEIGHTS","PENDING_ACCEPTED_SHAPE_AND_PHYSICAL_WEIGHTS","false","false","FIXED","FROZEN_UPSTREAM","REPRESENTATION_ACCEPTED_NUMERIC_PENDING","Independent cached final-energy control, not an extra fuel Load; EV share not accepted","BN:2019:Transport:RoadParentFinalEnergy:all_final_energy","RoadParentFinalEnergy","false","false","false","POSITIVE_CACHE_VALUE","BN:all_final_energy","false","false","BN/total road","Transport","","","",""
"BN","2019","Transport","RoadResidualFuel","biomass","DIRECT_FUEL","0.0","TWh/year","","","RoadResidualFuel","EXPLICIT","/home/jin/research/SGP_ESE5004_Stage2/pypsa-asean/resources/baseline-aims-3H-tutorial/energy_totals_base.csv","2019","af27beafc01cfb1920a23e632c05e858883a28efd9bbf94df3dfdba455fde261","Frozen derived cache; TWh/year -> MWh; raw/calorific provenance still pending","PENDING_ACCEPTED_COUNTRY_NODE_WEIGHTS","PENDING_ACCEPTED_SHAPE_AND_PHYSICAL_WEIGHTS","false","false","FIXED","MISSING","REPRESENTATION_ACCEPTED_NUMERIC_PENDING","Base-year carrier observation; future residual vector requires accepted energy share and fuel composition; cache zero has no certified raw-zero evidence","BN:2019:Transport:RoadResidualFuel:biomass","RoadResidualFuel","true","true","false","CACHE_ZERO_UNVERIFIED","BN:biomass","false","false","BN/road biomass","Transport","","","",""
"BN","2019","Transport","RoadResidualFuel","gas","DIRECT_FUEL","0.0","TWh/year","","","RoadResidualFuel","EXPLICIT","/home/jin/research/SGP_ESE5004_Stage2/pypsa-asean/resources/baseline-aims-3H-tutorial/energy_totals_base.csv","2019","af27beafc01cfb1920a23e632c05e858883a28efd9bbf94df3dfdba455fde261","Frozen derived cache; TWh/year -> MWh; raw/calorific provenance still pending","PENDING_ACCEPTED_COUNTRY_NODE_WEIGHTS","PENDING_ACCEPTED_SHAPE_AND_PHYSICAL_WEIGHTS","false","false","FIXED","MISSING","REPRESENTATION_ACCEPTED_NUMERIC_PENDING","Base-year carrier observation; future residual vector requires accepted energy share and fuel composition; cache zero has no certified raw-zero evidence","BN:2019:Transport:RoadResidualFuel:gas","RoadResidualFuel","true","true","false","CACHE_ZERO_UNVERIFIED","BN:gas","false","false","BN/road gas","Transport","","","",""
"BN","2019","Transport","RoadResidualFuel","oil","DIRECT_FUEL","5.134","TWh/year","5134000.0","","RoadResidualFuel","EXPLICIT","/home/jin/research/SGP_ESE5004_Stage2/pypsa-asean/resources/baseline-aims-3H-tutorial/energy_totals_base.csv","2019","af27beafc01cfb1920a23e632c05e858883a28efd9bbf94df3dfdba455fde261","Frozen derived cache; TWh/year -> MWh; raw/calorific provenance still pending","PENDING_ACCEPTED_COUNTRY_NODE_WEIGHTS","PENDING_ACCEPTED_SHAPE_AND_PHYSICAL_WEIGHTS","false","false","FIXED","FROZEN_UPSTREAM","REPRESENTATION_ACCEPTED_NUMERIC_PENDING","Base-year carrier observation; future residual vector requires accepted energy share and fuel composition","BN:2019:Transport:RoadResidualFuel:oil","RoadResidualFuel","true","true","false","POSITIVE_CACHE_VALUE","BN:oil","false","false","BN/road oil","Transport","","","",""
"BN","2019","Transport","TransportEmbeddedFuelParent","unclassified_fuel","UNCLASSIFIED","","","","","TransportEmbeddedFuelParent","EXPLICIT","","2019","","","PENDING_ACCEPTED_COUNTRY_NODE_WEIGHTS","PENDING_ACCEPTED_SHAPE_AND_PHYSICAL_WEIGHTS","false","false","FIXED","PENDING","REPRESENTATION_ACCEPTED_NUMERIC_PENDING","Rail fuel retained in one unresolved transport fuel parent; no extra rail oil Load or fabricated residual","BN:2019:Transport:TransportEmbeddedFuelParent:unclassified_fuel","TransportEmbeddedFuelParent","true","true","false","MISSING","","false","false","","Transport","","","",""
"BN","2030","Agriculture","AgricultureDirectElectricity","electricity","EMBEDDED","","","","Astar","AgricultureDirectElectricity","EMBEDDED","","2019","","","PENDING_ACCEPTED_COUNTRY_NODE_WEIGHTS","PENDING_ACCEPTED_SHAPE_AND_PHYSICAL_WEIGHTS","true","false","FIXED","PENDING","REPRESENTATION_ACCEPTED_NUMERIC_PENDING","Future direct electricity remains within Astar; no separate Load; growth unaccepted","BN:2030:Agriculture:AgricultureDirectElectricity:electricity","Astar","false","false","false","MISSING","BN:electricity","false","false","","Agriculture","","","",""
"BN","2030","Agriculture","AgricultureFinalEnergy","biomass","DIRECT_FUEL","","","","","AgricultureFinalEnergy","EXPLICIT","","2019","","","PENDING_ACCEPTED_COUNTRY_NODE_WEIGHTS","PENDING_ACCEPTED_SHAPE_AND_PHYSICAL_WEIGHTS","false","false","FIXED","PENDING","REPRESENTATION_ACCEPTED_NUMERIC_PENDING","PENDING_FUTURE_GROWTH; no DEFAULT or zero-growth assumption","BN:2030:Agriculture:AgricultureFinalEnergy:biomass","AgricultureFinalEnergy","true","true","false","MISSING","BN:biomass","false","false","","Agriculture","","","",""
"BN","2030","Agriculture","AgricultureFinalEnergy","coal","DIRECT_FUEL","","","","","AgricultureFinalEnergy","EXPLICIT","","2019","","","PENDING_ACCEPTED_COUNTRY_NODE_WEIGHTS","PENDING_ACCEPTED_SHAPE_AND_PHYSICAL_WEIGHTS","false","false","FIXED","PENDING","REPRESENTATION_ACCEPTED_NUMERIC_PENDING","PENDING_FUTURE_GROWTH; no DEFAULT or zero-growth assumption","BN:2030:Agriculture:AgricultureFinalEnergy:coal","AgricultureFinalEnergy","true","true","false","MISSING","BN:coal","false","false","","Agriculture","","","",""
"BN","2030","Agriculture","AgricultureFinalEnergy","oil","DIRECT_FUEL","","","","","AgricultureFinalEnergy","EXPLICIT","","2019","","","PENDING_ACCEPTED_COUNTRY_NODE_WEIGHTS","PENDING_ACCEPTED_SHAPE_AND_PHYSICAL_WEIGHTS","false","false","FIXED","PENDING","REPRESENTATION_ACCEPTED_NUMERIC_PENDING","PENDING_FUTURE_GROWTH; no DEFAULT or zero-growth assumption","BN:2030:Agriculture:AgricultureFinalEnergy:oil","AgricultureFinalEnergy","true","true","false","MISSING","BN:oil","false","false","","Agriculture","","","",""
"BN","2030","Buildings","ResidentialDirectElectricity","electricity","DIRECT_ELECTRICITY","","","","Astar","ResidentialDirectElectricity","EMBEDDED","","2019","","","PENDING_ACCEPTED_COUNTRY_NODE_WEIGHTS","PENDING_ACCEPTED_SHAPE_AND_PHYSICAL_WEIGHTS","true","false","FIXED","PENDING","REPRESENTATION_ACCEPTED_NUMERIC_PENDING","PENDING_FUTURE_GROWTH; separate R/S decomposition remains optional inside Astar","BN:2030:Buildings:ResidentialDirectElectricity:electricity","Astar","false","false","false","MISSING","BN:electricity","false","false","","Buildings","","","",""
"BN","2030","Buildings","ResidentialFuel","biomass","DIRECT_FUEL","","","","","ResidentialFuel","EXPLICIT","","2019","","","PENDING_ACCEPTED_COUNTRY_NODE_WEIGHTS","PENDING_ACCEPTED_SHAPE_AND_PHYSICAL_WEIGHTS","false","false","FIXED","PENDING","REPRESENTATION_ACCEPTED_NUMERIC_PENDING","PENDING_FUTURE_GROWTH; no default growth or heat conversion","BN:2030:Buildings:ResidentialFuel:biomass","ResidentialFuel","true","true","false","MISSING","BN:biomass","false","false","","Buildings","","","",""
"BN","2030","Buildings","ResidentialFuel","coal","DIRECT_FUEL","","","","","ResidentialFuel","EXPLICIT","","2019","","","PENDING_ACCEPTED_COUNTRY_NODE_WEIGHTS","PENDING_ACCEPTED_SHAPE_AND_PHYSICAL_WEIGHTS","false","false","FIXED","PENDING","REPRESENTATION_ACCEPTED_NUMERIC_PENDING","PENDING_FUTURE_GROWTH; no default growth or heat conversion","BN:2030:Buildings:ResidentialFuel:coal","ResidentialFuel","true","true","false","MISSING","BN:coal","false","false","","Buildings","","","",""
"BN","2030","Buildings","ResidentialFuel","gas","DIRECT_FUEL","","","","","ResidentialFuel","EXPLICIT","","2019","","","PENDING_ACCEPTED_COUNTRY_NODE_WEIGHTS","PENDING_ACCEPTED_SHAPE_AND_PHYSICAL_WEIGHTS","false","false","FIXED","PENDING","REPRESENTATION_ACCEPTED_NUMERIC_PENDING","PENDING_FUTURE_GROWTH; no default growth or heat conversion","BN:2030:Buildings:ResidentialFuel:gas","ResidentialFuel","true","true","false","MISSING","BN:gas","false","false","","Buildings","","","",""
"BN","2030","Buildings","ResidentialFuel","oil","DIRECT_FUEL","","","","","ResidentialFuel","EXPLICIT","","2019","","","PENDING_ACCEPTED_COUNTRY_NODE_WEIGHTS","PENDING_ACCEPTED_SHAPE_AND_PHYSICAL_WEIGHTS","false","false","FIXED","PENDING","REPRESENTATION_ACCEPTED_NUMERIC_PENDING","PENDING_FUTURE_GROWTH; no default growth or heat conversion","BN:2030:Buildings:ResidentialFuel:oil","ResidentialFuel","true","true","false","MISSING","BN:oil","false","false","","Buildings","","","",""
"BN","2030","Buildings","ServicesDirectElectricity","electricity","DIRECT_ELECTRICITY","","","","Astar","ServicesDirectElectricity","EMBEDDED","","2019","","","PENDING_ACCEPTED_COUNTRY_NODE_WEIGHTS","PENDING_ACCEPTED_SHAPE_AND_PHYSICAL_WEIGHTS","true","false","FIXED","PENDING","REPRESENTATION_ACCEPTED_NUMERIC_PENDING","PENDING_FUTURE_GROWTH; separate R/S decomposition remains optional inside Astar","BN:2030:Buildings:ServicesDirectElectricity:electricity","Astar","false","false","false","MISSING","BN:electricity","false","false","","Buildings","","","",""
"BN","2030","Buildings","ServicesFuel","biomass","DIRECT_FUEL","","","","","ServicesFuel","EXPLICIT","","2019","","","PENDING_ACCEPTED_COUNTRY_NODE_WEIGHTS","PENDING_ACCEPTED_SHAPE_AND_PHYSICAL_WEIGHTS","false","false","FIXED","PENDING","REPRESENTATION_ACCEPTED_NUMERIC_PENDING","PENDING_FUTURE_GROWTH; no default growth or heat conversion","BN:2030:Buildings:ServicesFuel:biomass","ServicesFuel","true","true","false","MISSING","BN:biomass","false","false","","Buildings","","","",""
"BN","2030","Buildings","ServicesFuel","coal","DIRECT_FUEL","","","","","ServicesFuel","EXPLICIT","","2019","","","PENDING_ACCEPTED_COUNTRY_NODE_WEIGHTS","PENDING_ACCEPTED_SHAPE_AND_PHYSICAL_WEIGHTS","false","false","FIXED","PENDING","REPRESENTATION_ACCEPTED_NUMERIC_PENDING","PENDING_FUTURE_GROWTH; no default growth or heat conversion","BN:2030:Buildings:ServicesFuel:coal","ServicesFuel","true","true","false","MISSING","BN:coal","false","false","","Buildings","","","",""
"BN","2030","Buildings","ServicesFuel","gas","DIRECT_FUEL","","","","","ServicesFuel","EXPLICIT","","2019","","","PENDING_ACCEPTED_COUNTRY_NODE_WEIGHTS","PENDING_ACCEPTED_SHAPE_AND_PHYSICAL_WEIGHTS","false","false","FIXED","PENDING","REPRESENTATION_ACCEPTED_NUMERIC_PENDING","PENDING_FUTURE_GROWTH; no default growth or heat conversion","BN:2030:Buildings:ServicesFuel:gas","ServicesFuel","true","true","false","MISSING","BN:gas","false","false","","Buildings","","","",""
"BN","2030","Buildings","ServicesFuel","oil","DIRECT_FUEL","","","","","ServicesFuel","EXPLICIT","","2019","","","PENDING_ACCEPTED_COUNTRY_NODE_WEIGHTS","PENDING_ACCEPTED_SHAPE_AND_PHYSICAL_WEIGHTS","false","false","FIXED","PENDING","REPRESENTATION_ACCEPTED_NUMERIC_PENDING","PENDING_FUTURE_GROWTH; no default growth or heat conversion","BN:2030:Buildings:ServicesFuel:oil","ServicesFuel","true","true","false","MISSING","BN:oil","false","false","","Buildings","","","",""
"BN","2030","Bunker","InternationalAviationBunker","oil","BUNKER_FUEL","","","","","InternationalAviationBunker","EXPLICIT","","2019","","","PENDING_ACCEPTED_COUNTRY_NODE_WEIGHTS","PENDING_ACCEPTED_SHAPE_AND_PHYSICAL_WEIGHTS","false","false","FIXED","PENDING","REPRESENTATION_ACCEPTED_NUMERIC_PENDING","PENDING_FUTURE_GROWTH; upstream default projection not accepted","BN:2030:Bunker:InternationalAviationBunker:oil","InternationalAviationBunker","true","true","false","MISSING","BN:oil","false","false","","bunker","","","",""
"BN","2030","Bunker","InternationalShippingBunker","oil","BUNKER_FUEL","","","","","InternationalShippingBunker","EXPLICIT","","2019","","","PENDING_ACCEPTED_COUNTRY_NODE_WEIGHTS","PENDING_ACCEPTED_SHAPE_AND_PHYSICAL_WEIGHTS","false","false","FIXED","PENDING","REPRESENTATION_ACCEPTED_NUMERIC_PENDING","PENDING_FUTURE_GROWTH; upstream default projection not accepted","BN:2030:Bunker:InternationalShippingBunker:oil","InternationalShippingBunker","true","true","false","MISSING","BN:oil","false","false","","bunker","","","",""
"BN","2030","Electricity","Astar","electricity","DIRECT_ELECTRICITY","","","","","Astar","EXPLICIT","","2019","","","PENDING_ACCEPTED_COUNTRY_NODE_WEIGHTS","PENDING_ACCEPTED_SHAPE_AND_PHYSICAL_WEIGHTS","true","false","FIXED","PENDING","REPRESENTATION_ACCEPTED_NUMERIC_PENDING","FUTURE_DIRECT_ELECTRICITY_PENDING; no AEO8 generation/DemandCast/default-growth fallback","BN:2030:Electricity:Astar:electricity","Astar","true","true","false","MISSING","BN:electricity","false","false","","electricity","","","",""
"BN","2030","Industry","IndustryDirectElectricity","electricity","EMBEDDED","","","","Astar","IndustryDirectElectricity","EMBEDDED","","2019","","","PENDING_ACCEPTED_COUNTRY_NODE_WEIGHTS","PENDING_ACCEPTED_SHAPE_AND_PHYSICAL_WEIGHTS","true","false","FIXED","PENDING","REPRESENTATION_ACCEPTED_NUMERIC_PENDING","Future direct electricity remains within Astar; no separate Load; growth unaccepted","BN:2030:Industry:IndustryDirectElectricity:electricity","Astar","false","false","false","MISSING","BN:electricity","false","false","","Industry","","","",""
"BN","2030","Industry","IndustryFinalEnergy","biomass","DIRECT_FUEL","","","","","IndustryFinalEnergy","EXPLICIT","","2019","","","PENDING_ACCEPTED_COUNTRY_NODE_WEIGHTS","PENDING_ACCEPTED_SHAPE_AND_PHYSICAL_WEIGHTS","false","false","FIXED","PENDING","REPRESENTATION_ACCEPTED_NUMERIC_PENDING","PENDING_FUTURE_GROWTH; no DEFAULT or zero-growth assumption","BN:2030:Industry:IndustryFinalEnergy:biomass","IndustryFinalEnergy","true","true","false","MISSING","BN:biomass","false","false","","Industry","","","",""
"BN","2030","Industry","IndustryFinalEnergy","coal","DIRECT_FUEL","","","","","IndustryFinalEnergy","EXPLICIT","","2019","","","PENDING_ACCEPTED_COUNTRY_NODE_WEIGHTS","PENDING_ACCEPTED_SHAPE_AND_PHYSICAL_WEIGHTS","false","false","FIXED","PENDING","REPRESENTATION_ACCEPTED_NUMERIC_PENDING","PENDING_FUTURE_GROWTH; no DEFAULT or zero-growth assumption","BN:2030:Industry:IndustryFinalEnergy:coal","IndustryFinalEnergy","true","true","false","MISSING","BN:coal","false","false","","Industry","","","",""
"BN","2030","Industry","IndustryFinalEnergy","gas","DIRECT_FUEL","","","","","IndustryFinalEnergy","EXPLICIT","","2019","","","PENDING_ACCEPTED_COUNTRY_NODE_WEIGHTS","PENDING_ACCEPTED_SHAPE_AND_PHYSICAL_WEIGHTS","false","false","FIXED","PENDING","REPRESENTATION_ACCEPTED_NUMERIC_PENDING","PENDING_FUTURE_GROWTH; no DEFAULT or zero-growth assumption","BN:2030:Industry:IndustryFinalEnergy:gas","IndustryFinalEnergy","true","true","false","MISSING","BN:gas","false","false","","Industry","","","",""
"BN","2030","Industry","IndustryFinalEnergy","oil","DIRECT_FUEL","","","","","IndustryFinalEnergy","EXPLICIT","","2019","","","PENDING_ACCEPTED_COUNTRY_NODE_WEIGHTS","PENDING_ACCEPTED_SHAPE_AND_PHYSICAL_WEIGHTS","false","false","FIXED","PENDING","REPRESENTATION_ACCEPTED_NUMERIC_PENDING","PENDING_FUTURE_GROWTH; no DEFAULT or zero-growth assumption","BN:2030:Industry:IndustryFinalEnergy:oil","IndustryFinalEnergy","true","true","false","MISSING","BN:oil","false","false","","Industry","","","",""
"BN","2030","Transport","DomesticAviationFuel","oil","DIRECT_FUEL","","","","","DomesticAviationFuel","EXPLICIT","","2019","","","PENDING_ACCEPTED_COUNTRY_NODE_WEIGHTS","PENDING_ACCEPTED_SHAPE_AND_PHYSICAL_WEIGHTS","false","false","FIXED","PENDING","REPRESENTATION_ACCEPTED_NUMERIC_PENDING","PENDING_FUTURE_GROWTH; upstream default projection not accepted","BN:2030:Transport:DomesticAviationFuel:oil","DomesticAviationFuel","true","true","false","MISSING","BN:oil","false","false","","bunker","","","",""
"BN","2030","Transport","DomesticShippingFuel","oil","DIRECT_FUEL","","","","","DomesticShippingFuel","EXPLICIT","","2019","","","PENDING_ACCEPTED_COUNTRY_NODE_WEIGHTS","PENDING_ACCEPTED_SHAPE_AND_PHYSICAL_WEIGHTS","false","false","FIXED","PENDING","REPRESENTATION_ACCEPTED_NUMERIC_PENDING","PENDING_FUTURE_GROWTH; upstream default projection not accepted","BN:2030:Transport:DomesticShippingFuel:oil","DomesticShippingFuel","true","true","false","MISSING","BN:oil","false","false","","bunker","","","",""
"BN","2030","Transport","RailElectricity","electricity","EMBEDDED","","","","Astar","RailElectricity","EMBEDDED","","2019","","","PENDING_ACCEPTED_COUNTRY_NODE_WEIGHTS","PENDING_ACCEPTED_SHAPE_AND_PHYSICAL_WEIGHTS","true","false","FIXED","PENDING","REPRESENTATION_ACCEPTED_NUMERIC_PENDING","Future rail stays in Astar once; decomposition pending","BN:2030:Transport:RailElectricity:electricity","Astar","false","false","false","MISSING","BN:electricity","false","false","","Transport","","","",""
"BN","2030","Transport","RoadEVFinalElectricity","electricity","DIRECT_ELECTRICITY","","","","","RoadEVFinalElectricity","EXPLICIT","","2019","","","PENDING_ACCEPTED_COUNTRY_NODE_WEIGHTS","PENDING_ACCEPTED_SHAPE_AND_PHYSICAL_WEIGHTS","false","false","FIXED","PENDING","REPRESENTATION_ACCEPTED_NUMERIC_PENDING","External final-energy share pending; future EV excluded from future direct Astar; no kWh/km proxy","BN:2030:Transport:RoadEVFinalElectricity:electricity","RoadEVFinalElectricity","true","true","false","MISSING","BN:electricity","false","false","","Transport","","","",""
"BN","2030","Transport","RoadResidualFuel","biomass","DIRECT_FUEL","","","","","RoadResidualFuel","EXPLICIT","","2019","","","PENDING_ACCEPTED_COUNTRY_NODE_WEIGHTS","PENDING_ACCEPTED_SHAPE_AND_PHYSICAL_WEIGHTS","false","false","FIXED","PENDING","REPRESENTATION_ACCEPTED_NUMERIC_PENDING","PENDING_FUTURE_GROWTH_AND_EV_ENERGY_PATH; carrier vector retained","BN:2030:Transport:RoadResidualFuel:biomass","RoadResidualFuel","true","true","false","MISSING","BN:biomass","false","false","","Transport","","","",""
"BN","2030","Transport","RoadResidualFuel","gas","DIRECT_FUEL","","","","","RoadResidualFuel","EXPLICIT","","2019","","","PENDING_ACCEPTED_COUNTRY_NODE_WEIGHTS","PENDING_ACCEPTED_SHAPE_AND_PHYSICAL_WEIGHTS","false","false","FIXED","PENDING","REPRESENTATION_ACCEPTED_NUMERIC_PENDING","PENDING_FUTURE_GROWTH_AND_EV_ENERGY_PATH; carrier vector retained","BN:2030:Transport:RoadResidualFuel:gas","RoadResidualFuel","true","true","false","MISSING","BN:gas","false","false","","Transport","","","",""
"BN","2030","Transport","RoadResidualFuel","oil","DIRECT_FUEL","","","","","RoadResidualFuel","EXPLICIT","","2019","","","PENDING_ACCEPTED_COUNTRY_NODE_WEIGHTS","PENDING_ACCEPTED_SHAPE_AND_PHYSICAL_WEIGHTS","false","false","FIXED","PENDING","REPRESENTATION_ACCEPTED_NUMERIC_PENDING","PENDING_FUTURE_GROWTH_AND_EV_ENERGY_PATH; carrier vector retained","BN:2030:Transport:RoadResidualFuel:oil","RoadResidualFuel","true","true","false","MISSING","BN:oil","false","false","","Transport","","","",""
"BN","2030","Transport","TransportEmbeddedFuelParent","unclassified_fuel","UNCLASSIFIED","","","","","TransportEmbeddedFuelParent","EXPLICIT","","2019","","","PENDING_ACCEPTED_COUNTRY_NODE_WEIGHTS","PENDING_ACCEPTED_SHAPE_AND_PHYSICAL_WEIGHTS","false","false","FIXED","PENDING","REPRESENTATION_ACCEPTED_NUMERIC_PENDING","Rail fuel remains within one pending transport fuel parent; no duplicate rail Load","BN:2030:Transport:TransportEmbeddedFuelParent:unclassified_fuel","TransportEmbeddedFuelParent","true","true","false","MISSING","","false","false","","Transport","","","",""
"BN","2040","Agriculture","AgricultureDirectElectricity","electricity","EMBEDDED","","","","Astar","AgricultureDirectElectricity","EMBEDDED","","2019","","","PENDING_ACCEPTED_COUNTRY_NODE_WEIGHTS","PENDING_ACCEPTED_SHAPE_AND_PHYSICAL_WEIGHTS","true","false","FIXED","PENDING","REPRESENTATION_ACCEPTED_NUMERIC_PENDING","Future direct electricity remains within Astar; no separate Load; growth unaccepted","BN:2040:Agriculture:AgricultureDirectElectricity:electricity","Astar","false","false","false","MISSING","BN:electricity","false","false","","Agriculture","","","",""
"BN","2040","Agriculture","AgricultureFinalEnergy","biomass","DIRECT_FUEL","","","","","AgricultureFinalEnergy","EXPLICIT","","2019","","","PENDING_ACCEPTED_COUNTRY_NODE_WEIGHTS","PENDING_ACCEPTED_SHAPE_AND_PHYSICAL_WEIGHTS","false","false","FIXED","PENDING","REPRESENTATION_ACCEPTED_NUMERIC_PENDING","PENDING_FUTURE_GROWTH; no DEFAULT or zero-growth assumption","BN:2040:Agriculture:AgricultureFinalEnergy:biomass","AgricultureFinalEnergy","true","true","false","MISSING","BN:biomass","false","false","","Agriculture","","","",""
"BN","2040","Agriculture","AgricultureFinalEnergy","coal","DIRECT_FUEL","","","","","AgricultureFinalEnergy","EXPLICIT","","2019","","","PENDING_ACCEPTED_COUNTRY_NODE_WEIGHTS","PENDING_ACCEPTED_SHAPE_AND_PHYSICAL_WEIGHTS","false","false","FIXED","PENDING","REPRESENTATION_ACCEPTED_NUMERIC_PENDING","PENDING_FUTURE_GROWTH; no DEFAULT or zero-growth assumption","BN:2040:Agriculture:AgricultureFinalEnergy:coal","AgricultureFinalEnergy","true","true","false","MISSING","BN:coal","false","false","","Agriculture","","","",""
"BN","2040","Agriculture","AgricultureFinalEnergy","oil","DIRECT_FUEL","","","","","AgricultureFinalEnergy","EXPLICIT","","2019","","","PENDING_ACCEPTED_COUNTRY_NODE_WEIGHTS","PENDING_ACCEPTED_SHAPE_AND_PHYSICAL_WEIGHTS","false","false","FIXED","PENDING","REPRESENTATION_ACCEPTED_NUMERIC_PENDING","PENDING_FUTURE_GROWTH; no DEFAULT or zero-growth assumption","BN:2040:Agriculture:AgricultureFinalEnergy:oil","AgricultureFinalEnergy","true","true","false","MISSING","BN:oil","false","false","","Agriculture","","","",""
"BN","2040","Buildings","ResidentialDirectElectricity","electricity","DIRECT_ELECTRICITY","","","","Astar","ResidentialDirectElectricity","EMBEDDED","","2019","","","PENDING_ACCEPTED_COUNTRY_NODE_WEIGHTS","PENDING_ACCEPTED_SHAPE_AND_PHYSICAL_WEIGHTS","true","false","FIXED","PENDING","REPRESENTATION_ACCEPTED_NUMERIC_PENDING","PENDING_FUTURE_GROWTH; separate R/S decomposition remains optional inside Astar","BN:2040:Buildings:ResidentialDirectElectricity:electricity","Astar","false","false","false","MISSING","BN:electricity","false","false","","Buildings","","","",""
"BN","2040","Buildings","ResidentialFuel","biomass","DIRECT_FUEL","","","","","ResidentialFuel","EXPLICIT","","2019","","","PENDING_ACCEPTED_COUNTRY_NODE_WEIGHTS","PENDING_ACCEPTED_SHAPE_AND_PHYSICAL_WEIGHTS","false","false","FIXED","PENDING","REPRESENTATION_ACCEPTED_NUMERIC_PENDING","PENDING_FUTURE_GROWTH; no default growth or heat conversion","BN:2040:Buildings:ResidentialFuel:biomass","ResidentialFuel","true","true","false","MISSING","BN:biomass","false","false","","Buildings","","","",""
"BN","2040","Buildings","ResidentialFuel","coal","DIRECT_FUEL","","","","","ResidentialFuel","EXPLICIT","","2019","","","PENDING_ACCEPTED_COUNTRY_NODE_WEIGHTS","PENDING_ACCEPTED_SHAPE_AND_PHYSICAL_WEIGHTS","false","false","FIXED","PENDING","REPRESENTATION_ACCEPTED_NUMERIC_PENDING","PENDING_FUTURE_GROWTH; no default growth or heat conversion","BN:2040:Buildings:ResidentialFuel:coal","ResidentialFuel","true","true","false","MISSING","BN:coal","false","false","","Buildings","","","",""
"BN","2040","Buildings","ResidentialFuel","gas","DIRECT_FUEL","","","","","ResidentialFuel","EXPLICIT","","2019","","","PENDING_ACCEPTED_COUNTRY_NODE_WEIGHTS","PENDING_ACCEPTED_SHAPE_AND_PHYSICAL_WEIGHTS","false","false","FIXED","PENDING","REPRESENTATION_ACCEPTED_NUMERIC_PENDING","PENDING_FUTURE_GROWTH; no default growth or heat conversion","BN:2040:Buildings:ResidentialFuel:gas","ResidentialFuel","true","true","false","MISSING","BN:gas","false","false","","Buildings","","","",""
"BN","2040","Buildings","ResidentialFuel","oil","DIRECT_FUEL","","","","","ResidentialFuel","EXPLICIT","","2019","","","PENDING_ACCEPTED_COUNTRY_NODE_WEIGHTS","PENDING_ACCEPTED_SHAPE_AND_PHYSICAL_WEIGHTS","false","false","FIXED","PENDING","REPRESENTATION_ACCEPTED_NUMERIC_PENDING","PENDING_FUTURE_GROWTH; no default growth or heat conversion","BN:2040:Buildings:ResidentialFuel:oil","ResidentialFuel","true","true","false","MISSING","BN:oil","false","false","","Buildings","","","",""
"BN","2040","Buildings","ServicesDirectElectricity","electricity","DIRECT_ELECTRICITY","","","","Astar","ServicesDirectElectricity","EMBEDDED","","2019","","","PENDING_ACCEPTED_COUNTRY_NODE_WEIGHTS","PENDING_ACCEPTED_SHAPE_AND_PHYSICAL_WEIGHTS","true","false","FIXED","PENDING","REPRESENTATION_ACCEPTED_NUMERIC_PENDING","PENDING_FUTURE_GROWTH; separate R/S decomposition remains optional inside Astar","BN:2040:Buildings:ServicesDirectElectricity:electricity","Astar","false","false","false","MISSING","BN:electricity","false","false","","Buildings","","","",""
"BN","2040","Buildings","ServicesFuel","biomass","DIRECT_FUEL","","","","","ServicesFuel","EXPLICIT","","2019","","","PENDING_ACCEPTED_COUNTRY_NODE_WEIGHTS","PENDING_ACCEPTED_SHAPE_AND_PHYSICAL_WEIGHTS","false","false","FIXED","PENDING","REPRESENTATION_ACCEPTED_NUMERIC_PENDING","PENDING_FUTURE_GROWTH; no default growth or heat conversion","BN:2040:Buildings:ServicesFuel:biomass","ServicesFuel","true","true","false","MISSING","BN:biomass","false","false","","Buildings","","","",""
"BN","2040","Buildings","ServicesFuel","coal","DIRECT_FUEL","","","","","ServicesFuel","EXPLICIT","","2019","","","PENDING_ACCEPTED_COUNTRY_NODE_WEIGHTS","PENDING_ACCEPTED_SHAPE_AND_PHYSICAL_WEIGHTS","false","false","FIXED","PENDING","REPRESENTATION_ACCEPTED_NUMERIC_PENDING","PENDING_FUTURE_GROWTH; no default growth or heat conversion","BN:2040:Buildings:ServicesFuel:coal","ServicesFuel","true","true","false","MISSING","BN:coal","false","false","","Buildings","","","",""
"BN","2040","Buildings","ServicesFuel","gas","DIRECT_FUEL","","","","","ServicesFuel","EXPLICIT","","2019","","","PENDING_ACCEPTED_COUNTRY_NODE_WEIGHTS","PENDING_ACCEPTED_SHAPE_AND_PHYSICAL_WEIGHTS","false","false","FIXED","PENDING","REPRESENTATION_ACCEPTED_NUMERIC_PENDING","PENDING_FUTURE_GROWTH; no default growth or heat conversion","BN:2040:Buildings:ServicesFuel:gas","ServicesFuel","true","true","false","MISSING","BN:gas","false","false","","Buildings","","","",""
"BN","2040","Buildings","ServicesFuel","oil","DIRECT_FUEL","","","","","ServicesFuel","EXPLICIT","","2019","","","PENDING_ACCEPTED_COUNTRY_NODE_WEIGHTS","PENDING_ACCEPTED_SHAPE_AND_PHYSICAL_WEIGHTS","false","false","FIXED","PENDING","REPRESENTATION_ACCEPTED_NUMERIC_PENDING","PENDING_FUTURE_GROWTH; no default growth or heat conversion","BN:2040:Buildings:ServicesFuel:oil","ServicesFuel","true","true","false","MISSING","BN:oil","false","false","","Buildings","","","",""
"BN","2040","Bunker","InternationalAviationBunker","oil","BUNKER_FUEL","","","","","InternationalAviationBunker","EXPLICIT","","2019","","","PENDING_ACCEPTED_COUNTRY_NODE_WEIGHTS","PENDING_ACCEPTED_SHAPE_AND_PHYSICAL_WEIGHTS","false","false","FIXED","PENDING","REPRESENTATION_ACCEPTED_NUMERIC_PENDING","PENDING_FUTURE_GROWTH; upstream default projection not accepted","BN:2040:Bunker:InternationalAviationBunker:oil","InternationalAviationBunker","true","true","false","MISSING","BN:oil","false","false","","bunker","","","",""
"BN","2040","Bunker","InternationalShippingBunker","oil","BUNKER_FUEL","","","","","InternationalShippingBunker","EXPLICIT","","2019","","","PENDING_ACCEPTED_COUNTRY_NODE_WEIGHTS","PENDING_ACCEPTED_SHAPE_AND_PHYSICAL_WEIGHTS","false","false","FIXED","PENDING","REPRESENTATION_ACCEPTED_NUMERIC_PENDING","PENDING_FUTURE_GROWTH; upstream default projection not accepted","BN:2040:Bunker:InternationalShippingBunker:oil","InternationalShippingBunker","true","true","false","MISSING","BN:oil","false","false","","bunker","","","",""
"BN","2040","Electricity","Astar","electricity","DIRECT_ELECTRICITY","","","","","Astar","EXPLICIT","","2019","","","PENDING_ACCEPTED_COUNTRY_NODE_WEIGHTS","PENDING_ACCEPTED_SHAPE_AND_PHYSICAL_WEIGHTS","true","false","FIXED","PENDING","REPRESENTATION_ACCEPTED_NUMERIC_PENDING","FUTURE_DIRECT_ELECTRICITY_PENDING; no AEO8 generation/DemandCast/default-growth fallback","BN:2040:Electricity:Astar:electricity","Astar","true","true","false","MISSING","BN:electricity","false","false","","electricity","","","",""
"BN","2040","Industry","IndustryDirectElectricity","electricity","EMBEDDED","","","","Astar","IndustryDirectElectricity","EMBEDDED","","2019","","","PENDING_ACCEPTED_COUNTRY_NODE_WEIGHTS","PENDING_ACCEPTED_SHAPE_AND_PHYSICAL_WEIGHTS","true","false","FIXED","PENDING","REPRESENTATION_ACCEPTED_NUMERIC_PENDING","Future direct electricity remains within Astar; no separate Load; growth unaccepted","BN:2040:Industry:IndustryDirectElectricity:electricity","Astar","false","false","false","MISSING","BN:electricity","false","false","","Industry","","","",""
"BN","2040","Industry","IndustryFinalEnergy","biomass","DIRECT_FUEL","","","","","IndustryFinalEnergy","EXPLICIT","","2019","","","PENDING_ACCEPTED_COUNTRY_NODE_WEIGHTS","PENDING_ACCEPTED_SHAPE_AND_PHYSICAL_WEIGHTS","false","false","FIXED","PENDING","REPRESENTATION_ACCEPTED_NUMERIC_PENDING","PENDING_FUTURE_GROWTH; no DEFAULT or zero-growth assumption","BN:2040:Industry:IndustryFinalEnergy:biomass","IndustryFinalEnergy","true","true","false","MISSING","BN:biomass","false","false","","Industry","","","",""
"BN","2040","Industry","IndustryFinalEnergy","coal","DIRECT_FUEL","","","","","IndustryFinalEnergy","EXPLICIT","","2019","","","PENDING_ACCEPTED_COUNTRY_NODE_WEIGHTS","PENDING_ACCEPTED_SHAPE_AND_PHYSICAL_WEIGHTS","false","false","FIXED","PENDING","REPRESENTATION_ACCEPTED_NUMERIC_PENDING","PENDING_FUTURE_GROWTH; no DEFAULT or zero-growth assumption","BN:2040:Industry:IndustryFinalEnergy:coal","IndustryFinalEnergy","true","true","false","MISSING","BN:coal","false","false","","Industry","","","",""
"BN","2040","Industry","IndustryFinalEnergy","gas","DIRECT_FUEL","","","","","IndustryFinalEnergy","EXPLICIT","","2019","","","PENDING_ACCEPTED_COUNTRY_NODE_WEIGHTS","PENDING_ACCEPTED_SHAPE_AND_PHYSICAL_WEIGHTS","false","false","FIXED","PENDING","REPRESENTATION_ACCEPTED_NUMERIC_PENDING","PENDING_FUTURE_GROWTH; no DEFAULT or zero-growth assumption","BN:2040:Industry:IndustryFinalEnergy:gas","IndustryFinalEnergy","true","true","false","MISSING","BN:gas","false","false","","Industry","","","",""
"BN","2040","Industry","IndustryFinalEnergy","oil","DIRECT_FUEL","","","","","IndustryFinalEnergy","EXPLICIT","","2019","","","PENDING_ACCEPTED_COUNTRY_NODE_WEIGHTS","PENDING_ACCEPTED_SHAPE_AND_PHYSICAL_WEIGHTS","false","false","FIXED","PENDING","REPRESENTATION_ACCEPTED_NUMERIC_PENDING","PENDING_FUTURE_GROWTH; no DEFAULT or zero-growth assumption","BN:2040:Industry:IndustryFinalEnergy:oil","IndustryFinalEnergy","true","true","false","MISSING","BN:oil","false","false","","Industry","","","",""
"BN","2040","Transport","DomesticAviationFuel","oil","DIRECT_FUEL","","","","","DomesticAviationFuel","EXPLICIT","","2019","","","PENDING_ACCEPTED_COUNTRY_NODE_WEIGHTS","PENDING_ACCEPTED_SHAPE_AND_PHYSICAL_WEIGHTS","false","false","FIXED","PENDING","REPRESENTATION_ACCEPTED_NUMERIC_PENDING","PENDING_FUTURE_GROWTH; upstream default projection not accepted","BN:2040:Transport:DomesticAviationFuel:oil","DomesticAviationFuel","true","true","false","MISSING","BN:oil","false","false","","bunker","","","",""
"BN","2040","Transport","DomesticShippingFuel","oil","DIRECT_FUEL","","","","","DomesticShippingFuel","EXPLICIT","","2019","","","PENDING_ACCEPTED_COUNTRY_NODE_WEIGHTS","PENDING_ACCEPTED_SHAPE_AND_PHYSICAL_WEIGHTS","false","false","FIXED","PENDING","REPRESENTATION_ACCEPTED_NUMERIC_PENDING","PENDING_FUTURE_GROWTH; upstream default projection not accepted","BN:2040:Transport:DomesticShippingFuel:oil","DomesticShippingFuel","true","true","false","MISSING","BN:oil","false","false","","bunker","","","",""
"BN","2040","Transport","RailElectricity","electricity","EMBEDDED","","","","Astar","RailElectricity","EMBEDDED","","2019","","","PENDING_ACCEPTED_COUNTRY_NODE_WEIGHTS","PENDING_ACCEPTED_SHAPE_AND_PHYSICAL_WEIGHTS","true","false","FIXED","PENDING","REPRESENTATION_ACCEPTED_NUMERIC_PENDING","Future rail stays in Astar once; decomposition pending","BN:2040:Transport:RailElectricity:electricity","Astar","false","false","false","MISSING","BN:electricity","false","false","","Transport","","","",""
"BN","2040","Transport","RoadEVFinalElectricity","electricity","DIRECT_ELECTRICITY","","","","","RoadEVFinalElectricity","EXPLICIT","","2019","","","PENDING_ACCEPTED_COUNTRY_NODE_WEIGHTS","PENDING_ACCEPTED_SHAPE_AND_PHYSICAL_WEIGHTS","false","false","FIXED","PENDING","REPRESENTATION_ACCEPTED_NUMERIC_PENDING","External final-energy share pending; future EV excluded from future direct Astar; no kWh/km proxy","BN:2040:Transport:RoadEVFinalElectricity:electricity","RoadEVFinalElectricity","true","true","false","MISSING","BN:electricity","false","false","","Transport","","","",""
"BN","2040","Transport","RoadResidualFuel","biomass","DIRECT_FUEL","","","","","RoadResidualFuel","EXPLICIT","","2019","","","PENDING_ACCEPTED_COUNTRY_NODE_WEIGHTS","PENDING_ACCEPTED_SHAPE_AND_PHYSICAL_WEIGHTS","false","false","FIXED","PENDING","REPRESENTATION_ACCEPTED_NUMERIC_PENDING","PENDING_FUTURE_GROWTH_AND_EV_ENERGY_PATH; carrier vector retained","BN:2040:Transport:RoadResidualFuel:biomass","RoadResidualFuel","true","true","false","MISSING","BN:biomass","false","false","","Transport","","","",""
"BN","2040","Transport","RoadResidualFuel","gas","DIRECT_FUEL","","","","","RoadResidualFuel","EXPLICIT","","2019","","","PENDING_ACCEPTED_COUNTRY_NODE_WEIGHTS","PENDING_ACCEPTED_SHAPE_AND_PHYSICAL_WEIGHTS","false","false","FIXED","PENDING","REPRESENTATION_ACCEPTED_NUMERIC_PENDING","PENDING_FUTURE_GROWTH_AND_EV_ENERGY_PATH; carrier vector retained","BN:2040:Transport:RoadResidualFuel:gas","RoadResidualFuel","true","true","false","MISSING","BN:gas","false","false","","Transport","","","",""
"BN","2040","Transport","RoadResidualFuel","oil","DIRECT_FUEL","","","","","RoadResidualFuel","EXPLICIT","","2019","","","PENDING_ACCEPTED_COUNTRY_NODE_WEIGHTS","PENDING_ACCEPTED_SHAPE_AND_PHYSICAL_WEIGHTS","false","false","FIXED","PENDING","REPRESENTATION_ACCEPTED_NUMERIC_PENDING","PENDING_FUTURE_GROWTH_AND_EV_ENERGY_PATH; carrier vector retained","BN:2040:Transport:RoadResidualFuel:oil","RoadResidualFuel","true","true","false","MISSING","BN:oil","false","false","","Transport","","","",""
"BN","2040","Transport","TransportEmbeddedFuelParent","unclassified_fuel","UNCLASSIFIED","","","","","TransportEmbeddedFuelParent","EXPLICIT","","2019","","","PENDING_ACCEPTED_COUNTRY_NODE_WEIGHTS","PENDING_ACCEPTED_SHAPE_AND_PHYSICAL_WEIGHTS","false","false","FIXED","PENDING","REPRESENTATION_ACCEPTED_NUMERIC_PENDING","Rail fuel remains within one pending transport fuel parent; no duplicate rail Load","BN:2040:Transport:TransportEmbeddedFuelParent:unclassified_fuel","TransportEmbeddedFuelParent","true","true","false","MISSING","","false","false","","Transport","","","",""
"BN","2050","Agriculture","AgricultureDirectElectricity","electricity","EMBEDDED","","","","Astar","AgricultureDirectElectricity","EMBEDDED","","2019","","","PENDING_ACCEPTED_COUNTRY_NODE_WEIGHTS","PENDING_ACCEPTED_SHAPE_AND_PHYSICAL_WEIGHTS","true","false","FIXED","PENDING","REPRESENTATION_ACCEPTED_NUMERIC_PENDING","Future direct electricity remains within Astar; no separate Load; growth unaccepted","BN:2050:Agriculture:AgricultureDirectElectricity:electricity","Astar","false","false","false","MISSING","BN:electricity","false","false","","Agriculture","","","",""
"BN","2050","Agriculture","AgricultureFinalEnergy","biomass","DIRECT_FUEL","","","","","AgricultureFinalEnergy","EXPLICIT","","2019","","","PENDING_ACCEPTED_COUNTRY_NODE_WEIGHTS","PENDING_ACCEPTED_SHAPE_AND_PHYSICAL_WEIGHTS","false","false","FIXED","PENDING","REPRESENTATION_ACCEPTED_NUMERIC_PENDING","PENDING_FUTURE_GROWTH; no DEFAULT or zero-growth assumption","BN:2050:Agriculture:AgricultureFinalEnergy:biomass","AgricultureFinalEnergy","true","true","false","MISSING","BN:biomass","false","false","","Agriculture","","","",""
"BN","2050","Agriculture","AgricultureFinalEnergy","coal","DIRECT_FUEL","","","","","AgricultureFinalEnergy","EXPLICIT","","2019","","","PENDING_ACCEPTED_COUNTRY_NODE_WEIGHTS","PENDING_ACCEPTED_SHAPE_AND_PHYSICAL_WEIGHTS","false","false","FIXED","PENDING","REPRESENTATION_ACCEPTED_NUMERIC_PENDING","PENDING_FUTURE_GROWTH; no DEFAULT or zero-growth assumption","BN:2050:Agriculture:AgricultureFinalEnergy:coal","AgricultureFinalEnergy","true","true","false","MISSING","BN:coal","false","false","","Agriculture","","","",""
"BN","2050","Agriculture","AgricultureFinalEnergy","oil","DIRECT_FUEL","","","","","AgricultureFinalEnergy","EXPLICIT","","2019","","","PENDING_ACCEPTED_COUNTRY_NODE_WEIGHTS","PENDING_ACCEPTED_SHAPE_AND_PHYSICAL_WEIGHTS","false","false","FIXED","PENDING","REPRESENTATION_ACCEPTED_NUMERIC_PENDING","PENDING_FUTURE_GROWTH; no DEFAULT or zero-growth assumption","BN:2050:Agriculture:AgricultureFinalEnergy:oil","AgricultureFinalEnergy","true","true","false","MISSING","BN:oil","false","false","","Agriculture","","","",""
"BN","2050","Buildings","ResidentialDirectElectricity","electricity","DIRECT_ELECTRICITY","","","","Astar","ResidentialDirectElectricity","EMBEDDED","","2019","","","PENDING_ACCEPTED_COUNTRY_NODE_WEIGHTS","PENDING_ACCEPTED_SHAPE_AND_PHYSICAL_WEIGHTS","true","false","FIXED","PENDING","REPRESENTATION_ACCEPTED_NUMERIC_PENDING","PENDING_FUTURE_GROWTH; separate R/S decomposition remains optional inside Astar","BN:2050:Buildings:ResidentialDirectElectricity:electricity","Astar","false","false","false","MISSING","BN:electricity","false","false","","Buildings","","","",""
"BN","2050","Buildings","ResidentialFuel","biomass","DIRECT_FUEL","","","","","ResidentialFuel","EXPLICIT","","2019","","","PENDING_ACCEPTED_COUNTRY_NODE_WEIGHTS","PENDING_ACCEPTED_SHAPE_AND_PHYSICAL_WEIGHTS","false","false","FIXED","PENDING","REPRESENTATION_ACCEPTED_NUMERIC_PENDING","PENDING_FUTURE_GROWTH; no default growth or heat conversion","BN:2050:Buildings:ResidentialFuel:biomass","ResidentialFuel","true","true","false","MISSING","BN:biomass","false","false","","Buildings","","","",""
"BN","2050","Buildings","ResidentialFuel","coal","DIRECT_FUEL","","","","","ResidentialFuel","EXPLICIT","","2019","","","PENDING_ACCEPTED_COUNTRY_NODE_WEIGHTS","PENDING_ACCEPTED_SHAPE_AND_PHYSICAL_WEIGHTS","false","false","FIXED","PENDING","REPRESENTATION_ACCEPTED_NUMERIC_PENDING","PENDING_FUTURE_GROWTH; no default growth or heat conversion","BN:2050:Buildings:ResidentialFuel:coal","ResidentialFuel","true","true","false","MISSING","BN:coal","false","false","","Buildings","","","",""
"BN","2050","Buildings","ResidentialFuel","gas","DIRECT_FUEL","","","","","ResidentialFuel","EXPLICIT","","2019","","","PENDING_ACCEPTED_COUNTRY_NODE_WEIGHTS","PENDING_ACCEPTED_SHAPE_AND_PHYSICAL_WEIGHTS","false","false","FIXED","PENDING","REPRESENTATION_ACCEPTED_NUMERIC_PENDING","PENDING_FUTURE_GROWTH; no default growth or heat conversion","BN:2050:Buildings:ResidentialFuel:gas","ResidentialFuel","true","true","false","MISSING","BN:gas","false","false","","Buildings","","","",""
"BN","2050","Buildings","ResidentialFuel","oil","DIRECT_FUEL","","","","","ResidentialFuel","EXPLICIT","","2019","","","PENDING_ACCEPTED_COUNTRY_NODE_WEIGHTS","PENDING_ACCEPTED_SHAPE_AND_PHYSICAL_WEIGHTS","false","false","FIXED","PENDING","REPRESENTATION_ACCEPTED_NUMERIC_PENDING","PENDING_FUTURE_GROWTH; no default growth or heat conversion","BN:2050:Buildings:ResidentialFuel:oil","ResidentialFuel","true","true","false","MISSING","BN:oil","false","false","","Buildings","","","",""
"BN","2050","Buildings","ServicesDirectElectricity","electricity","DIRECT_ELECTRICITY","","","","Astar","ServicesDirectElectricity","EMBEDDED","","2019","","","PENDING_ACCEPTED_COUNTRY_NODE_WEIGHTS","PENDING_ACCEPTED_SHAPE_AND_PHYSICAL_WEIGHTS","true","false","FIXED","PENDING","REPRESENTATION_ACCEPTED_NUMERIC_PENDING","PENDING_FUTURE_GROWTH; separate R/S decomposition remains optional inside Astar","BN:2050:Buildings:ServicesDirectElectricity:electricity","Astar","false","false","false","MISSING","BN:electricity","false","false","","Buildings","","","",""
"BN","2050","Buildings","ServicesFuel","biomass","DIRECT_FUEL","","","","","ServicesFuel","EXPLICIT","","2019","","","PENDING_ACCEPTED_COUNTRY_NODE_WEIGHTS","PENDING_ACCEPTED_SHAPE_AND_PHYSICAL_WEIGHTS","false","false","FIXED","PENDING","REPRESENTATION_ACCEPTED_NUMERIC_PENDING","PENDING_FUTURE_GROWTH; no default growth or heat conversion","BN:2050:Buildings:ServicesFuel:biomass","ServicesFuel","true","true","false","MISSING","BN:biomass","false","false","","Buildings","","","",""
"BN","2050","Buildings","ServicesFuel","coal","DIRECT_FUEL","","","","","ServicesFuel","EXPLICIT","","2019","","","PENDING_ACCEPTED_COUNTRY_NODE_WEIGHTS","PENDING_ACCEPTED_SHAPE_AND_PHYSICAL_WEIGHTS","false","false","FIXED","PENDING","REPRESENTATION_ACCEPTED_NUMERIC_PENDING","PENDING_FUTURE_GROWTH; no default growth or heat conversion","BN:2050:Buildings:ServicesFuel:coal","ServicesFuel","true","true","false","MISSING","BN:coal","false","false","","Buildings","","","",""
"BN","2050","Buildings","ServicesFuel","gas","DIRECT_FUEL","","","","","ServicesFuel","EXPLICIT","","2019","","","PENDING_ACCEPTED_COUNTRY_NODE_WEIGHTS","PENDING_ACCEPTED_SHAPE_AND_PHYSICAL_WEIGHTS","false","false","FIXED","PENDING","REPRESENTATION_ACCEPTED_NUMERIC_PENDING","PENDING_FUTURE_GROWTH; no default growth or heat conversion","BN:2050:Buildings:ServicesFuel:gas","ServicesFuel","true","true","false","MISSING","BN:gas","false","false","","Buildings","","","",""
"BN","2050","Buildings","ServicesFuel","oil","DIRECT_FUEL","","","","","ServicesFuel","EXPLICIT","","2019","","","PENDING_ACCEPTED_COUNTRY_NODE_WEIGHTS","PENDING_ACCEPTED_SHAPE_AND_PHYSICAL_WEIGHTS","false","false","FIXED","PENDING","REPRESENTATION_ACCEPTED_NUMERIC_PENDING","PENDING_FUTURE_GROWTH; no default growth or heat conversion","BN:2050:Buildings:ServicesFuel:oil","ServicesFuel","true","true","false","MISSING","BN:oil","false","false","","Buildings","","","",""
"BN","2050","Bunker","InternationalAviationBunker","oil","BUNKER_FUEL","","","","","InternationalAviationBunker","EXPLICIT","","2019","","","PENDING_ACCEPTED_COUNTRY_NODE_WEIGHTS","PENDING_ACCEPTED_SHAPE_AND_PHYSICAL_WEIGHTS","false","false","FIXED","PENDING","REPRESENTATION_ACCEPTED_NUMERIC_PENDING","PENDING_FUTURE_GROWTH; upstream default projection not accepted","BN:2050:Bunker:InternationalAviationBunker:oil","InternationalAviationBunker","true","true","false","MISSING","BN:oil","false","false","","bunker","","","",""
"BN","2050","Bunker","InternationalShippingBunker","oil","BUNKER_FUEL","","","","","InternationalShippingBunker","EXPLICIT","","2019","","","PENDING_ACCEPTED_COUNTRY_NODE_WEIGHTS","PENDING_ACCEPTED_SHAPE_AND_PHYSICAL_WEIGHTS","false","false","FIXED","PENDING","REPRESENTATION_ACCEPTED_NUMERIC_PENDING","PENDING_FUTURE_GROWTH; upstream default projection not accepted","BN:2050:Bunker:InternationalShippingBunker:oil","InternationalShippingBunker","true","true","false","MISSING","BN:oil","false","false","","bunker","","","",""
"BN","2050","Electricity","Astar","electricity","DIRECT_ELECTRICITY","","","","","Astar","EXPLICIT","","2019","","","PENDING_ACCEPTED_COUNTRY_NODE_WEIGHTS","PENDING_ACCEPTED_SHAPE_AND_PHYSICAL_WEIGHTS","true","false","FIXED","PENDING","REPRESENTATION_ACCEPTED_NUMERIC_PENDING","FUTURE_DIRECT_ELECTRICITY_PENDING; no AEO8 generation/DemandCast/default-growth fallback","BN:2050:Electricity:Astar:electricity","Astar","true","true","false","MISSING","BN:electricity","false","false","","electricity","","","",""
"BN","2050","Industry","IndustryDirectElectricity","electricity","EMBEDDED","","","","Astar","IndustryDirectElectricity","EMBEDDED","","2019","","","PENDING_ACCEPTED_COUNTRY_NODE_WEIGHTS","PENDING_ACCEPTED_SHAPE_AND_PHYSICAL_WEIGHTS","true","false","FIXED","PENDING","REPRESENTATION_ACCEPTED_NUMERIC_PENDING","Future direct electricity remains within Astar; no separate Load; growth unaccepted","BN:2050:Industry:IndustryDirectElectricity:electricity","Astar","false","false","false","MISSING","BN:electricity","false","false","","Industry","","","",""
"BN","2050","Industry","IndustryFinalEnergy","biomass","DIRECT_FUEL","","","","","IndustryFinalEnergy","EXPLICIT","","2019","","","PENDING_ACCEPTED_COUNTRY_NODE_WEIGHTS","PENDING_ACCEPTED_SHAPE_AND_PHYSICAL_WEIGHTS","false","false","FIXED","PENDING","REPRESENTATION_ACCEPTED_NUMERIC_PENDING","PENDING_FUTURE_GROWTH; no DEFAULT or zero-growth assumption","BN:2050:Industry:IndustryFinalEnergy:biomass","IndustryFinalEnergy","true","true","false","MISSING","BN:biomass","false","false","","Industry","","","",""
"BN","2050","Industry","IndustryFinalEnergy","coal","DIRECT_FUEL","","","","","IndustryFinalEnergy","EXPLICIT","","2019","","","PENDING_ACCEPTED_COUNTRY_NODE_WEIGHTS","PENDING_ACCEPTED_SHAPE_AND_PHYSICAL_WEIGHTS","false","false","FIXED","PENDING","REPRESENTATION_ACCEPTED_NUMERIC_PENDING","PENDING_FUTURE_GROWTH; no DEFAULT or zero-growth assumption","BN:2050:Industry:IndustryFinalEnergy:coal","IndustryFinalEnergy","true","true","false","MISSING","BN:coal","false","false","","Industry","","","",""
"BN","2050","Industry","IndustryFinalEnergy","gas","DIRECT_FUEL","","","","","IndustryFinalEnergy","EXPLICIT","","2019","","","PENDING_ACCEPTED_COUNTRY_NODE_WEIGHTS","PENDING_ACCEPTED_SHAPE_AND_PHYSICAL_WEIGHTS","false","false","FIXED","PENDING","REPRESENTATION_ACCEPTED_NUMERIC_PENDING","PENDING_FUTURE_GROWTH; no DEFAULT or zero-growth assumption","BN:2050:Industry:IndustryFinalEnergy:gas","IndustryFinalEnergy","true","true","false","MISSING","BN:gas","false","false","","Industry","","","",""
"BN","2050","Industry","IndustryFinalEnergy","oil","DIRECT_FUEL","","","","","IndustryFinalEnergy","EXPLICIT","","2019","","","PENDING_ACCEPTED_COUNTRY_NODE_WEIGHTS","PENDING_ACCEPTED_SHAPE_AND_PHYSICAL_WEIGHTS","false","false","FIXED","PENDING","REPRESENTATION_ACCEPTED_NUMERIC_PENDING","PENDING_FUTURE_GROWTH; no DEFAULT or zero-growth assumption","BN:2050:Industry:IndustryFinalEnergy:oil","IndustryFinalEnergy","true","true","false","MISSING","BN:oil","false","false","","Industry","","","",""
"BN","2050","Transport","DomesticAviationFuel","oil","DIRECT_FUEL","","","","","DomesticAviationFuel","EXPLICIT","","2019","","","PENDING_ACCEPTED_COUNTRY_NODE_WEIGHTS","PENDING_ACCEPTED_SHAPE_AND_PHYSICAL_WEIGHTS","false","false","FIXED","PENDING","REPRESENTATION_ACCEPTED_NUMERIC_PENDING","PENDING_FUTURE_GROWTH; upstream default projection not accepted","BN:2050:Transport:DomesticAviationFuel:oil","DomesticAviationFuel","true","true","false","MISSING","BN:oil","false","false","","bunker","","","",""
"BN","2050","Transport","DomesticShippingFuel","oil","DIRECT_FUEL","","","","","DomesticShippingFuel","EXPLICIT","","2019","","","PENDING_ACCEPTED_COUNTRY_NODE_WEIGHTS","PENDING_ACCEPTED_SHAPE_AND_PHYSICAL_WEIGHTS","false","false","FIXED","PENDING","REPRESENTATION_ACCEPTED_NUMERIC_PENDING","PENDING_FUTURE_GROWTH; upstream default projection not accepted","BN:2050:Transport:DomesticShippingFuel:oil","DomesticShippingFuel","true","true","false","MISSING","BN:oil","false","false","","bunker","","","",""
"BN","2050","Transport","RailElectricity","electricity","EMBEDDED","","","","Astar","RailElectricity","EMBEDDED","","2019","","","PENDING_ACCEPTED_COUNTRY_NODE_WEIGHTS","PENDING_ACCEPTED_SHAPE_AND_PHYSICAL_WEIGHTS","true","false","FIXED","PENDING","REPRESENTATION_ACCEPTED_NUMERIC_PENDING","Future rail stays in Astar once; decomposition pending","BN:2050:Transport:RailElectricity:electricity","Astar","false","false","false","MISSING","BN:electricity","false","false","","Transport","","","",""
"BN","2050","Transport","RoadEVFinalElectricity","electricity","DIRECT_ELECTRICITY","","","","","RoadEVFinalElectricity","EXPLICIT","","2019","","","PENDING_ACCEPTED_COUNTRY_NODE_WEIGHTS","PENDING_ACCEPTED_SHAPE_AND_PHYSICAL_WEIGHTS","false","false","FIXED","PENDING","REPRESENTATION_ACCEPTED_NUMERIC_PENDING","External final-energy share pending; future EV excluded from future direct Astar; no kWh/km proxy","BN:2050:Transport:RoadEVFinalElectricity:electricity","RoadEVFinalElectricity","true","true","false","MISSING","BN:electricity","false","false","","Transport","","","",""
"BN","2050","Transport","RoadResidualFuel","biomass","DIRECT_FUEL","","","","","RoadResidualFuel","EXPLICIT","","2019","","","PENDING_ACCEPTED_COUNTRY_NODE_WEIGHTS","PENDING_ACCEPTED_SHAPE_AND_PHYSICAL_WEIGHTS","false","false","FIXED","PENDING","REPRESENTATION_ACCEPTED_NUMERIC_PENDING","PENDING_FUTURE_GROWTH_AND_EV_ENERGY_PATH; carrier vector retained","BN:2050:Transport:RoadResidualFuel:biomass","RoadResidualFuel","true","true","false","MISSING","BN:biomass","false","false","","Transport","","","",""
"BN","2050","Transport","RoadResidualFuel","gas","DIRECT_FUEL","","","","","RoadResidualFuel","EXPLICIT","","2019","","","PENDING_ACCEPTED_COUNTRY_NODE_WEIGHTS","PENDING_ACCEPTED_SHAPE_AND_PHYSICAL_WEIGHTS","false","false","FIXED","PENDING","REPRESENTATION_ACCEPTED_NUMERIC_PENDING","PENDING_FUTURE_GROWTH_AND_EV_ENERGY_PATH; carrier vector retained","BN:2050:Transport:RoadResidualFuel:gas","RoadResidualFuel","true","true","false","MISSING","BN:gas","false","false","","Transport","","","",""
"BN","2050","Transport","RoadResidualFuel","oil","DIRECT_FUEL","","","","","RoadResidualFuel","EXPLICIT","","2019","","","PENDING_ACCEPTED_COUNTRY_NODE_WEIGHTS","PENDING_ACCEPTED_SHAPE_AND_PHYSICAL_WEIGHTS","false","false","FIXED","PENDING","REPRESENTATION_ACCEPTED_NUMERIC_PENDING","PENDING_FUTURE_GROWTH_AND_EV_ENERGY_PATH; carrier vector retained","BN:2050:Transport:RoadResidualFuel:oil","RoadResidualFuel","true","true","false","MISSING","BN:oil","false","false","","Transport","","","",""
"BN","2050","Transport","TransportEmbeddedFuelParent","unclassified_fuel","UNCLASSIFIED","","","","","TransportEmbeddedFuelParent","EXPLICIT","","2019","","","PENDING_ACCEPTED_COUNTRY_NODE_WEIGHTS","PENDING_ACCEPTED_SHAPE_AND_PHYSICAL_WEIGHTS","false","false","FIXED","PENDING","REPRESENTATION_ACCEPTED_NUMERIC_PENDING","Rail fuel remains within one pending transport fuel parent; no duplicate rail Load","BN:2050:Transport:TransportEmbeddedFuelParent:unclassified_fuel","TransportEmbeddedFuelParent","true","true","false","MISSING","","false","false","","Transport","","","",""
"ID","2019","Agriculture","AgricultureFinalEnergy","biomass","DIRECT_FUEL","0.0","TWh/year","","","AgricultureFinalEnergy","EXPLICIT","/home/jin/research/SGP_ESE5004_Stage2/pypsa-asean/resources/baseline-aims-3H-tutorial/energy_totals_base.csv","2019","af27beafc01cfb1920a23e632c05e858883a28efd9bbf94df3dfdba455fde261","Frozen derived cache; TWh/year -> MWh; raw/calorific provenance still pending","PENDING_ACCEPTED_COUNTRY_NODE_WEIGHTS","PENDING_ACCEPTED_SHAPE_AND_PHYSICAL_WEIGHTS","false","false","FIXED","MISSING","REPRESENTATION_ACCEPTED_NUMERIC_PENDING","No agriculture technology model; retain each original fuel; cache zero has no certified raw-zero evidence","ID:2019:Agriculture:AgricultureFinalEnergy:biomass","AgricultureFinalEnergy","true","true","false","CACHE_ZERO_UNVERIFIED","ID:biomass","false","false","ID/agriculture biomass","Agriculture","","","",""
"ID","2019","Agriculture","AgricultureFinalEnergy","coal","DIRECT_FUEL","0.0","TWh/year","","","AgricultureFinalEnergy","EXPLICIT","/home/jin/research/SGP_ESE5004_Stage2/pypsa-asean/resources/baseline-aims-3H-tutorial/energy_totals_base.csv","2019","af27beafc01cfb1920a23e632c05e858883a28efd9bbf94df3dfdba455fde261","Frozen derived cache; TWh/year -> MWh; raw/calorific provenance still pending","PENDING_ACCEPTED_COUNTRY_NODE_WEIGHTS","PENDING_ACCEPTED_SHAPE_AND_PHYSICAL_WEIGHTS","false","false","FIXED","MISSING","REPRESENTATION_ACCEPTED_NUMERIC_PENDING","No agriculture technology model; retain each original fuel; cache zero has no certified raw-zero evidence","ID:2019:Agriculture:AgricultureFinalEnergy:coal","AgricultureFinalEnergy","true","true","false","CACHE_ZERO_UNVERIFIED","ID:coal","false","false","ID/agriculture coal","Agriculture","","","",""
"ID","2019","Agriculture","AgricultureFinalEnergy","electricity","EMBEDDED","594","Kilowatt-hours, million","594000.0","Astar","AgricultureFinalEnergy","EMBEDDED","/home/jin/research/SGP_ESE5004_Stage2/pypsa-asean/data/demand/unsd/data/UNdata_Export_20250502_110820872.txt","2019","12c99b3c40927449d9a4d0402f255a8b84b24917ff58e54efd4ec43b2125fe6b","Exact raw transaction; million kWh * 1000 = MWh; no losses or AEO scaling","PENDING_ACCEPTED_COUNTRY_NODE_WEIGHTS","PENDING_ACCEPTED_SHAPE_AND_PHYSICAL_WEIGHTS","true","false","FIXED","PENDING","REPRESENTATION_ACCEPTED_NUMERIC_PENDING","No agriculture technology model; retain each original fuel","ID:2019:Agriculture:AgricultureFinalEnergy:electricity","Astar","false","false","false","REPORTED_VALUE","ID:electricity","false","false","Consumption in agriculture, forestry and fishing; physical line end 41829","Agriculture","","","",""
"ID","2019","Agriculture","AgricultureFinalEnergy","oil","DIRECT_FUEL","4.3145","TWh/year","4314500.0","","AgricultureFinalEnergy","EXPLICIT","/home/jin/research/SGP_ESE5004_Stage2/pypsa-asean/resources/baseline-aims-3H-tutorial/energy_totals_base.csv","2019","af27beafc01cfb1920a23e632c05e858883a28efd9bbf94df3dfdba455fde261","Frozen derived cache; TWh/year -> MWh; raw/calorific provenance still pending","PENDING_ACCEPTED_COUNTRY_NODE_WEIGHTS","PENDING_ACCEPTED_SHAPE_AND_PHYSICAL_WEIGHTS","false","false","FIXED","FROZEN_UPSTREAM","REPRESENTATION_ACCEPTED_NUMERIC_PENDING","No agriculture technology model; retain each original fuel","ID:2019:Agriculture:AgricultureFinalEnergy:oil","AgricultureFinalEnergy","true","true","false","POSITIVE_CACHE_VALUE","ID:oil","false","false","ID/agriculture oil","Agriculture","","","",""
"ID","2019","Buildings","ResidentialCooking","mixed","EMBEDDED","","","","ResidentialDirectEnergy","ResidentialCooking","EMBEDDED","","2019","","","PENDING_ACCEPTED_COUNTRY_NODE_WEIGHTS","PENDING_ACCEPTED_SHAPE_AND_PHYSICAL_WEIGHTS","false","false","FIXED","EMBEDDED","REPRESENTATION_ACCEPTED_VALUES_NOT_DEFINED","No additional service obligation. Existing final electricity/fuel keeps ownership. Cooking is not space/water heat.","ID:2019:Buildings:ResidentialCooking:mixed","Astar_and_original_fuels","false","false","false","MISSING","ID:mixed","false","false","","Buildings","","","",""
"ID","2019","Buildings","ResidentialCooling","electricity","EMBEDDED","","","","ResidentialDirectEnergy","ResidentialCooling","EMBEDDED","","2019","","","PENDING_ACCEPTED_COUNTRY_NODE_WEIGHTS","PENDING_ACCEPTED_SHAPE_AND_PHYSICAL_WEIGHTS","true","false","FIXED","EMBEDDED","REPRESENTATION_ACCEPTED_VALUES_NOT_DEFINED","No additional service obligation. Existing final electricity/fuel keeps ownership. Cooking is not space/water heat.","ID:2019:Buildings:ResidentialCooling:electricity","Astar_and_original_fuels","false","false","false","MISSING","ID:electricity","false","false","","Buildings","","","",""
"ID","2019","Buildings","ResidentialDirectElectricity","electricity","DIRECT_ELECTRICITY","104714","Kilowatt-hours, million","104714000.0","Astar","ResidentialDirectElectricity","EMBEDDED","/home/jin/research/SGP_ESE5004_Stage2/pypsa-asean/data/demand/unsd/data/UNdata_Export_20250502_110820872.txt","2019","12c99b3c40927449d9a4d0402f255a8b84b24917ff58e54efd4ec43b2125fe6b","Exact raw transaction; million kWh * 1000 = MWh; no losses or AEO scaling","PENDING_ACCEPTED_COUNTRY_NODE_WEIGHTS","PENDING_ACCEPTED_SHAPE_AND_PHYSICAL_WEIGHTS","true","false","FIXED","PENDING","REPRESENTATION_ACCEPTED_NUMERIC_PENDING","Separate R/S identity retained in Astar; no second electricity Load; numeric decomposition is unaccepted","ID:2019:Buildings:ResidentialDirectElectricity:electricity","Astar","false","false","false","REPORTED_VALUE","ID:electricity","false","false","Consumption by households; physical line end 41814","Buildings","","","",""
"ID","2019","Buildings","ResidentialFuel","biomass","DIRECT_FUEL","85.6952","TWh/year","85695200.0","","ResidentialFuel","EXPLICIT","/home/jin/research/SGP_ESE5004_Stage2/pypsa-asean/resources/baseline-aims-3H-tutorial/energy_totals_base.csv","2019","af27beafc01cfb1920a23e632c05e858883a28efd9bbf94df3dfdba455fde261","Frozen derived cache; TWh/year -> MWh; raw/calorific provenance still pending","PENDING_ACCEPTED_COUNTRY_NODE_WEIGHTS","PENDING_ACCEPTED_SHAPE_AND_PHYSICAL_WEIGHTS","false","false","FIXED","FROZEN_UPSTREAM","REPRESENTATION_ACCEPTED_NUMERIC_PENDING","Fixed final fuel; no useful-heat inference; cooking remains within original fuel. Coal not recast as electricity.","ID:2019:Buildings:ResidentialFuel:biomass","ResidentialFuel","true","true","false","POSITIVE_CACHE_VALUE","ID:biomass","false","false","ID/residential biomass","Buildings","","","",""
"ID","2019","Buildings","ResidentialFuel","coal","DIRECT_FUEL","","TWh/year","","","ResidentialFuel","EXPLICIT","/home/jin/research/SGP_ESE5004_Stage2/pypsa-asean/resources/baseline-aims-3H-tutorial/energy_totals_base.csv","2019","af27beafc01cfb1920a23e632c05e858883a28efd9bbf94df3dfdba455fde261","Frozen derived cache; TWh/year -> MWh; raw/calorific provenance still pending","PENDING_ACCEPTED_COUNTRY_NODE_WEIGHTS","PENDING_ACCEPTED_SHAPE_AND_PHYSICAL_WEIGHTS","false","false","FIXED","MISSING","REPRESENTATION_ACCEPTED_NUMERIC_PENDING","Fixed final fuel; no useful-heat inference; cooking remains within original fuel. Coal not recast as electricity.; cache has no original R/S coal column; source recovery required","ID:2019:Buildings:ResidentialFuel:coal","ResidentialFuel","true","true","false","MISSING","ID:coal","false","false","ID/residential coal","Buildings","","","",""
"ID","2019","Buildings","ResidentialFuel","gas","DIRECT_FUEL","0.2417","TWh/year","241700.0","","ResidentialFuel","EXPLICIT","/home/jin/research/SGP_ESE5004_Stage2/pypsa-asean/resources/baseline-aims-3H-tutorial/energy_totals_base.csv","2019","af27beafc01cfb1920a23e632c05e858883a28efd9bbf94df3dfdba455fde261","Frozen derived cache; TWh/year -> MWh; raw/calorific provenance still pending","PENDING_ACCEPTED_COUNTRY_NODE_WEIGHTS","PENDING_ACCEPTED_SHAPE_AND_PHYSICAL_WEIGHTS","false","false","FIXED","FROZEN_UPSTREAM","REPRESENTATION_ACCEPTED_NUMERIC_PENDING","Fixed final fuel; no useful-heat inference; cooking remains within original fuel. Coal not recast as electricity.","ID:2019:Buildings:ResidentialFuel:gas","ResidentialFuel","true","true","false","POSITIVE_CACHE_VALUE","ID:gas","false","false","ID/residential gas","Buildings","","","",""
"ID","2019","Buildings","ResidentialFuel","oil","DIRECT_FUEL","290.0345","TWh/year","290034500.0","","ResidentialFuel","EXPLICIT","/home/jin/research/SGP_ESE5004_Stage2/pypsa-asean/resources/baseline-aims-3H-tutorial/energy_totals_base.csv","2019","af27beafc01cfb1920a23e632c05e858883a28efd9bbf94df3dfdba455fde261","Frozen derived cache; TWh/year -> MWh; raw/calorific provenance still pending","PENDING_ACCEPTED_COUNTRY_NODE_WEIGHTS","PENDING_ACCEPTED_SHAPE_AND_PHYSICAL_WEIGHTS","false","false","FIXED","FROZEN_UPSTREAM","REPRESENTATION_ACCEPTED_NUMERIC_PENDING","Fixed final fuel; no useful-heat inference; cooking remains within original fuel. Coal not recast as electricity.","ID:2019:Buildings:ResidentialFuel:oil","ResidentialFuel","true","true","false","POSITIVE_CACHE_VALUE","ID:oil","false","false","ID/residential oil","Buildings","","","",""
"ID","2019","Buildings","ResidentialSpaceHeat","mixed","EMBEDDED","","","","ResidentialDirectEnergy","ResidentialSpaceHeat","EMBEDDED","","2019","","","PENDING_ACCEPTED_COUNTRY_NODE_WEIGHTS","PENDING_ACCEPTED_SHAPE_AND_PHYSICAL_WEIGHTS","false","false","FIXED","EMBEDDED","REPRESENTATION_ACCEPTED_VALUES_NOT_DEFINED","No additional service obligation. Existing final electricity/fuel keeps ownership. Cooking is not space/water heat.","ID:2019:Buildings:ResidentialSpaceHeat:mixed","Astar_and_original_fuels","false","false","false","MISSING","ID:mixed","false","false","","Buildings","","","",""
"ID","2019","Buildings","ResidentialWaterHeat","mixed","EMBEDDED","","","","ResidentialDirectEnergy","ResidentialWaterHeat","EMBEDDED","","2019","","","PENDING_ACCEPTED_COUNTRY_NODE_WEIGHTS","PENDING_ACCEPTED_SHAPE_AND_PHYSICAL_WEIGHTS","false","false","FIXED","EMBEDDED","REPRESENTATION_ACCEPTED_VALUES_NOT_DEFINED","No additional service obligation. Existing final electricity/fuel keeps ownership. Cooking is not space/water heat.","ID:2019:Buildings:ResidentialWaterHeat:mixed","Astar_and_original_fuels","false","false","false","MISSING","ID:mixed","false","false","","Buildings","","","",""
"ID","2019","Buildings","ServicesCooking","mixed","EMBEDDED","","","","ServicesDirectEnergy","ServicesCooking","EMBEDDED","","2019","","","PENDING_ACCEPTED_COUNTRY_NODE_WEIGHTS","PENDING_ACCEPTED_SHAPE_AND_PHYSICAL_WEIGHTS","false","false","FIXED","EMBEDDED","REPRESENTATION_ACCEPTED_VALUES_NOT_DEFINED","No additional service obligation. Existing final electricity/fuel keeps ownership. Cooking is not space/water heat.","ID:2019:Buildings:ServicesCooking:mixed","Astar_and_original_fuels","false","false","false","MISSING","ID:mixed","false","false","","Buildings","","","",""
"ID","2019","Buildings","ServicesCooling","electricity","EMBEDDED","","","","ServicesDirectEnergy","ServicesCooling","EMBEDDED","","2019","","","PENDING_ACCEPTED_COUNTRY_NODE_WEIGHTS","PENDING_ACCEPTED_SHAPE_AND_PHYSICAL_WEIGHTS","true","false","FIXED","EMBEDDED","REPRESENTATION_ACCEPTED_VALUES_NOT_DEFINED","No additional service obligation. Existing final electricity/fuel keeps ownership. Cooking is not space/water heat.","ID:2019:Buildings:ServicesCooling:electricity","Astar_and_original_fuels","false","false","false","MISSING","ID:electricity","false","false","","Buildings","","","",""
"ID","2019","Buildings","ServicesDirectElectricity","electricity","DIRECT_ELECTRICITY","64183","Kilowatt-hours, million","64183000.0","Astar","ServicesDirectElectricity","EMBEDDED","/home/jin/research/SGP_ESE5004_Stage2/pypsa-asean/data/demand/unsd/data/UNdata_Export_20250502_110820872.txt","2019","12c99b3c40927449d9a4d0402f255a8b84b24917ff58e54efd4ec43b2125fe6b","Exact raw transaction; million kWh * 1000 = MWh; no losses or AEO scaling","PENDING_ACCEPTED_COUNTRY_NODE_WEIGHTS","PENDING_ACCEPTED_SHAPE_AND_PHYSICAL_WEIGHTS","true","false","FIXED","PENDING","REPRESENTATION_ACCEPTED_NUMERIC_PENDING","Separate R/S identity retained in Astar; no second electricity Load; numeric decomposition is unaccepted","ID:2019:Buildings:ServicesDirectElectricity:electricity","Astar","false","false","false","REPORTED_VALUE","ID:electricity","false","false","Consumption by commercial and public services; physical line end 41843","Buildings","","","",""
"ID","2019","Buildings","ServicesFuel","biomass","DIRECT_FUEL","12.022","TWh/year","12022000.0","","ServicesFuel","EXPLICIT","/home/jin/research/SGP_ESE5004_Stage2/pypsa-asean/resources/baseline-aims-3H-tutorial/energy_totals_base.csv","2019","af27beafc01cfb1920a23e632c05e858883a28efd9bbf94df3dfdba455fde261","Frozen derived cache; TWh/year -> MWh; raw/calorific provenance still pending","PENDING_ACCEPTED_COUNTRY_NODE_WEIGHTS","PENDING_ACCEPTED_SHAPE_AND_PHYSICAL_WEIGHTS","false","false","FIXED","FROZEN_UPSTREAM","REPRESENTATION_ACCEPTED_NUMERIC_PENDING","Fixed final fuel; no useful-heat inference; cooking remains within original fuel. Coal not recast as electricity.","ID:2019:Buildings:ServicesFuel:biomass","ServicesFuel","true","true","false","POSITIVE_CACHE_VALUE","ID:biomass","false","false","ID/services biomass","Buildings","","","",""
"ID","2019","Buildings","ServicesFuel","coal","DIRECT_FUEL","","TWh/year","","","ServicesFuel","EXPLICIT","/home/jin/research/SGP_ESE5004_Stage2/pypsa-asean/resources/baseline-aims-3H-tutorial/energy_totals_base.csv","2019","af27beafc01cfb1920a23e632c05e858883a28efd9bbf94df3dfdba455fde261","Frozen derived cache; TWh/year -> MWh; raw/calorific provenance still pending","PENDING_ACCEPTED_COUNTRY_NODE_WEIGHTS","PENDING_ACCEPTED_SHAPE_AND_PHYSICAL_WEIGHTS","false","false","FIXED","MISSING","REPRESENTATION_ACCEPTED_NUMERIC_PENDING","Fixed final fuel; no useful-heat inference; cooking remains within original fuel. Coal not recast as electricity.; cache has no original R/S coal column; source recovery required","ID:2019:Buildings:ServicesFuel:coal","ServicesFuel","true","true","false","MISSING","ID:coal","false","false","ID/services coal","Buildings","","","",""
"ID","2019","Buildings","ServicesFuel","gas","DIRECT_FUEL","3.07","TWh/year","3070000.0","","ServicesFuel","EXPLICIT","/home/jin/research/SGP_ESE5004_Stage2/pypsa-asean/resources/baseline-aims-3H-tutorial/energy_totals_base.csv","2019","af27beafc01cfb1920a23e632c05e858883a28efd9bbf94df3dfdba455fde261","Frozen derived cache; TWh/year -> MWh; raw/calorific provenance still pending","PENDING_ACCEPTED_COUNTRY_NODE_WEIGHTS","PENDING_ACCEPTED_SHAPE_AND_PHYSICAL_WEIGHTS","false","false","FIXED","FROZEN_UPSTREAM","REPRESENTATION_ACCEPTED_NUMERIC_PENDING","Fixed final fuel; no useful-heat inference; cooking remains within original fuel. Coal not recast as electricity.","ID:2019:Buildings:ServicesFuel:gas","ServicesFuel","true","true","false","POSITIVE_CACHE_VALUE","ID:gas","false","false","ID/services gas","Buildings","","","",""
"ID","2019","Buildings","ServicesFuel","oil","DIRECT_FUEL","11.8392","TWh/year","11839200.0","","ServicesFuel","EXPLICIT","/home/jin/research/SGP_ESE5004_Stage2/pypsa-asean/resources/baseline-aims-3H-tutorial/energy_totals_base.csv","2019","af27beafc01cfb1920a23e632c05e858883a28efd9bbf94df3dfdba455fde261","Frozen derived cache; TWh/year -> MWh; raw/calorific provenance still pending","PENDING_ACCEPTED_COUNTRY_NODE_WEIGHTS","PENDING_ACCEPTED_SHAPE_AND_PHYSICAL_WEIGHTS","false","false","FIXED","FROZEN_UPSTREAM","REPRESENTATION_ACCEPTED_NUMERIC_PENDING","Fixed final fuel; no useful-heat inference; cooking remains within original fuel. Coal not recast as electricity.","ID:2019:Buildings:ServicesFuel:oil","ServicesFuel","true","true","false","POSITIVE_CACHE_VALUE","ID:oil","false","false","ID/services oil","Buildings","","","",""
"ID","2019","Buildings","ServicesSpaceHeat","mixed","EMBEDDED","","","","ServicesDirectEnergy","ServicesSpaceHeat","EMBEDDED","","2019","","","PENDING_ACCEPTED_COUNTRY_NODE_WEIGHTS","PENDING_ACCEPTED_SHAPE_AND_PHYSICAL_WEIGHTS","false","false","FIXED","EMBEDDED","REPRESENTATION_ACCEPTED_VALUES_NOT_DEFINED","No additional service obligation. Existing final electricity/fuel keeps ownership. Cooking is not space/water heat.","ID:2019:Buildings:ServicesSpaceHeat:mixed","Astar_and_original_fuels","false","false","false","MISSING","ID:mixed","false","false","","Buildings","","","",""
"ID","2019","Buildings","ServicesWaterHeat","mixed","EMBEDDED","","","","ServicesDirectEnergy","ServicesWaterHeat","EMBEDDED","","2019","","","PENDING_ACCEPTED_COUNTRY_NODE_WEIGHTS","PENDING_ACCEPTED_SHAPE_AND_PHYSICAL_WEIGHTS","false","false","FIXED","EMBEDDED","REPRESENTATION_ACCEPTED_VALUES_NOT_DEFINED","No additional service obligation. Existing final electricity/fuel keeps ownership. Cooking is not space/water heat.","ID:2019:Buildings:ServicesWaterHeat:mixed","Astar_and_original_fuels","false","false","false","MISSING","ID:mixed","false","false","","Buildings","","","",""
"ID","2019","Bunker","InternationalAviationBunker","oil","BUNKER_FUEL","11.2221","TWh/year","11222100.0","","InternationalAviationBunker","EXPLICIT","/home/jin/research/SGP_ESE5004_Stage2/pypsa-asean/resources/baseline-aims-3H-tutorial/energy_totals_base.csv","2019","af27beafc01cfb1920a23e632c05e858883a28efd9bbf94df3dfdba455fde261","Frozen derived cache; TWh/year -> MWh; raw/calorific provenance still pending","PENDING_ACCEPTED_COUNTRY_NODE_WEIGHTS","PENDING_ACCEPTED_SHAPE_AND_PHYSICAL_WEIGHTS","false","false","FIXED","FROZEN_UPSTREAM","REPRESENTATION_ACCEPTED_NUMERIC_PENDING","FIXED fuel obligation; FT is later endogenous supply. Review status: EXACT_SELECTED_CACHE_MATCH","ID:2019:Bunker:InternationalAviationBunker:oil","InternationalAviationBunker","true","true","false","POSITIVE_CACHE_VALUE","ID:oil","false","false","ID/total international aviation; bunker_review.json ID/InternationalAviationBunkerFuel","bunker","","","",""
"ID","2019","Bunker","InternationalShippingBunker","oil","BUNKER_FUEL","2.607","TWh/year","2607000.0","","InternationalShippingBunker","EXPLICIT","/home/jin/research/SGP_ESE5004_Stage2/pypsa-asean/resources/baseline-aims-3H-tutorial/energy_totals_base.csv","2019","af27beafc01cfb1920a23e632c05e858883a28efd9bbf94df3dfdba455fde261","Frozen derived cache; TWh/year -> MWh; raw/calorific provenance still pending","PENDING_ACCEPTED_COUNTRY_NODE_WEIGHTS","PENDING_ACCEPTED_SHAPE_AND_PHYSICAL_WEIGHTS","false","false","FIXED","FROZEN_UPSTREAM","REPRESENTATION_ACCEPTED_NUMERIC_PENDING","FIXED fuel obligation; FT is later endogenous supply. Review status: EXACT_SELECTED_CACHE_MATCH","ID:2019:Bunker:InternationalShippingBunker:oil","InternationalShippingBunker","true","true","false","POSITIVE_CACHE_VALUE","ID:oil","false","false","ID/total international navigation; bunker_review.json ID/InternationalShippingBunkerFuel","bunker","","","",""
"ID","2019","Conversion","EVIfConversion","electricity","ENDOGENOUS_CONVERSION_INPUT","","","","","EVIfConversion","CONTRACT_ONLY","","2019","","","PENDING_ACCEPTED_COUNTRY_NODE_WEIGHTS","PENDING_ACCEPTED_SHAPE_AND_PHYSICAL_WEIGHTS","false","false","ENDOGENOUS","PENDING","REPRESENTATION_ACCEPTED_NUMERIC_PENDING","No predetermined demand or Load; future accepted conversion Link owns its electricity input","ID:2019:Conversion:EVIfConversion:electricity","EVIfConversion","false","false","false","MISSING","ID:electricity","false","false","","electricity","","","",""
"ID","2019","Conversion","Electrolysis","electricity","ENDOGENOUS_CONVERSION_INPUT","","","","","Electrolysis","CONTRACT_ONLY","","2019","","","PENDING_ACCEPTED_COUNTRY_NODE_WEIGHTS","PENDING_ACCEPTED_SHAPE_AND_PHYSICAL_WEIGHTS","false","false","ENDOGENOUS","PENDING","REPRESENTATION_ACCEPTED_NUMERIC_PENDING","No predetermined demand or Load; future accepted conversion Link owns its electricity input","ID:2019:Conversion:Electrolysis:electricity","Electrolysis","false","false","false","MISSING","ID:electricity","false","false","","electricity","","","",""
"ID","2019","Conversion","FischerTropsch","electricity","ENDOGENOUS_CONVERSION_INPUT","","","","","FischerTropsch","CONTRACT_ONLY","","2019","","","PENDING_ACCEPTED_COUNTRY_NODE_WEIGHTS","PENDING_ACCEPTED_SHAPE_AND_PHYSICAL_WEIGHTS","false","false","ENDOGENOUS","PENDING","REPRESENTATION_ACCEPTED_NUMERIC_PENDING","No predetermined demand or Load; future accepted conversion Link owns its electricity input","ID:2019:Conversion:FischerTropsch:electricity","FischerTropsch","false","false","false","MISSING","ID:electricity","false","false","","electricity","","","",""
"ID","2019","Conversion","HeatPump","electricity","ENDOGENOUS_CONVERSION_INPUT","","","","","HeatPump","CONTRACT_ONLY","","2019","","","PENDING_ACCEPTED_COUNTRY_NODE_WEIGHTS","PENDING_ACCEPTED_SHAPE_AND_PHYSICAL_WEIGHTS","false","false","ENDOGENOUS","PENDING","REPRESENTATION_ACCEPTED_NUMERIC_PENDING","No predetermined demand or Load; future accepted conversion Link owns its electricity input","ID:2019:Conversion:HeatPump:electricity","HeatPump","false","false","false","MISSING","ID:electricity","false","false","","electricity","","","",""
"ID","2019","Conversion","ResistiveHeating","electricity","ENDOGENOUS_CONVERSION_INPUT","","","","","ResistiveHeating","CONTRACT_ONLY","","2019","","","PENDING_ACCEPTED_COUNTRY_NODE_WEIGHTS","PENDING_ACCEPTED_SHAPE_AND_PHYSICAL_WEIGHTS","false","false","ENDOGENOUS","PENDING","REPRESENTATION_ACCEPTED_NUMERIC_PENDING","No predetermined demand or Load; future accepted conversion Link owns its electricity input","ID:2019:Conversion:ResistiveHeating:electricity","ResistiveHeating","false","false","false","MISSING","ID:electricity","false","false","","electricity","","","",""
"ID","2019","Electricity","Astar","electricity","DIRECT_ELECTRICITY","258092","Kilowatt-hours, million","258092000.0","","Astar","EXPLICIT","/home/jin/research/SGP_ESE5004_Stage2/pypsa-asean/data/demand/unsd/data/UNdata_Export_20250502_110820872.txt","2019","12c99b3c40927449d9a4d0402f255a8b84b24917ff58e54efd4ec43b2125fe6b","Exact raw transaction; million kWh * 1000 = MWh; no losses or AEO scaling","PENDING_ACCEPTED_COUNTRY_NODE_WEIGHTS","PENDING_ACCEPTED_SHAPE_AND_PHYSICAL_WEIGHTS","true","false","FIXED","PENDING","REPRESENTATION_ACCEPTED_NUMERIC_PENDING","End-user final electricity before any accepted transfers; future conversion inputs excluded","ID:2019:Electricity:Astar:electricity","Astar","true","true","false","REPORTED_VALUE","ID:electricity","false","false","Final energy consumption; physical line end 41686","electricity","258092000.0","0.0","258092000.0","258092000.0"
"ID","2019","Industry","IndustryCacheElectricityReference","electricity","DIRECT_FUEL","88323000","MWh/year","88323000.0","","IndustryCacheElectricityReference","REFERENCE","/home/jin/research/SGP_ESE5004_Stage2/pypsa-asean/resources/baseline-aims-3H-tutorial/demand/base_industry_totals_2030.csv","2019","c62e8edab8451f93a4273f9214e6259306ea7e01a6ba9c85e7b7db48978aa404","Frozen derived cache; MWh/year -> MWh; raw/calorific provenance still pending","PENDING_ACCEPTED_COUNTRY_NODE_WEIGHTS","PENDING_ACCEPTED_SHAPE_AND_PHYSICAL_WEIGHTS","false","false","FIXED","REFERENCE_ONLY","REPRESENTATION_ACCEPTED_NUMERIC_PENDING","Base 2019 country/carrier sum of 13 cached industries; pre-NH3 deduction; raw calorific/feedstock boundary pending","ID:2019:Industry:IndustryCacheElectricityReference:electricity","IndustryCacheElectricityReference","false","false","false","POSITIVE_CACHE_VALUE","ID:electricity","false","false","ID/electricity; sum 13 columns","Industry","","","",""
"ID","2019","Industry","IndustryDirectElectricity","electricity","DIRECT_ELECTRICITY","88323","Kilowatt-hours, million","88323000.0","Astar","IndustryDirectElectricity","EMBEDDED","/home/jin/research/SGP_ESE5004_Stage2/pypsa-asean/data/demand/unsd/data/UNdata_Export_20250502_110820872.txt","2019","12c99b3c40927449d9a4d0402f255a8b84b24917ff58e54efd4ec43b2125fe6b","Exact raw transaction; million kWh * 1000 = MWh; no losses or AEO scaling","PENDING_ACCEPTED_COUNTRY_NODE_WEIGHTS","PENDING_ACCEPTED_SHAPE_AND_PHYSICAL_WEIGHTS","true","false","FIXED","PENDING","REPRESENTATION_ACCEPTED_NUMERIC_PENDING","Industrial final electricity stays inside Astar; no second industry Load. No process/service conversion","ID:2019:Industry:IndustryDirectElectricity:electricity","Astar","false","false","false","REPORTED_VALUE","ID:electricity","false","false","Consumption by manufacturing, construction and non-fuel industry; physical line end 41701","Industry","","","",""
"ID","2019","Industry","IndustryFuel","biomass","DIRECT_FUEL","185502047.63000003","MWh/year","185502047.63000003","","IndustryFuel","EXPLICIT","/home/jin/research/SGP_ESE5004_Stage2/pypsa-asean/resources/baseline-aims-3H-tutorial/demand/base_industry_totals_2030.csv","2019","c62e8edab8451f93a4273f9214e6259306ea7e01a6ba9c85e7b7db48978aa404","Frozen derived cache; MWh/year -> MWh; raw/calorific provenance still pending","PENDING_ACCEPTED_COUNTRY_NODE_WEIGHTS","PENDING_ACCEPTED_SHAPE_AND_PHYSICAL_WEIGHTS","false","false","FIXED","FROZEN_UPSTREAM","REPRESENTATION_ACCEPTED_NUMERIC_PENDING","Base 2019 country/carrier sum of 13 cached industries; pre-NH3 deduction; raw calorific/feedstock boundary pending","ID:2019:Industry:IndustryFuel:biomass","IndustryFuel","true","true","false","POSITIVE_CACHE_VALUE","ID:biomass","false","false","ID/biomass; sum 13 columns","Industry","","","",""
"ID","2019","Industry","IndustryFuel","coal","DIRECT_FUEL","289560071.37299997","MWh/year","289560071.37299997","","IndustryFuel","EXPLICIT","/home/jin/research/SGP_ESE5004_Stage2/pypsa-asean/resources/baseline-aims-3H-tutorial/demand/base_industry_totals_2030.csv","2019","c62e8edab8451f93a4273f9214e6259306ea7e01a6ba9c85e7b7db48978aa404","Frozen derived cache; MWh/year -> MWh; raw/calorific provenance still pending","PENDING_ACCEPTED_COUNTRY_NODE_WEIGHTS","PENDING_ACCEPTED_SHAPE_AND_PHYSICAL_WEIGHTS","false","false","FIXED","FROZEN_UPSTREAM","REPRESENTATION_ACCEPTED_NUMERIC_PENDING","Base 2019 country/carrier sum of 13 cached industries; pre-NH3 deduction; raw calorific/feedstock boundary pending; MISSING_ENERGY_OBLIGATION in upstream add_industry","ID:2019:Industry:IndustryFuel:coal","IndustryFuel","true","true","false","POSITIVE_CACHE_VALUE","ID:coal","false","true","ID/coal; sum 13 columns","Industry","","","",""
"ID","2019","Industry","IndustryFuel","gas","DIRECT_FUEL","133521944.44444445","MWh/year","133521944.44444445","","IndustryFuel","EXPLICIT","/home/jin/research/SGP_ESE5004_Stage2/pypsa-asean/resources/baseline-aims-3H-tutorial/demand/base_industry_totals_2030.csv","2019","c62e8edab8451f93a4273f9214e6259306ea7e01a6ba9c85e7b7db48978aa404","Frozen derived cache; MWh/year -> MWh; raw/calorific provenance still pending","PENDING_ACCEPTED_COUNTRY_NODE_WEIGHTS","PENDING_ACCEPTED_SHAPE_AND_PHYSICAL_WEIGHTS","false","false","FIXED","FROZEN_UPSTREAM","REPRESENTATION_ACCEPTED_NUMERIC_PENDING","Base 2019 country/carrier sum of 13 cached industries; pre-NH3 deduction; raw calorific/feedstock boundary pending","ID:2019:Industry:IndustryFuel:gas","IndustryFuel","true","true","false","POSITIVE_CACHE_VALUE","ID:gas","false","false","ID/gas; sum 13 columns","Industry","","","",""
"ID","2019","Industry","IndustryFuel","heat","DIRECT_FUEL","","MWh/year","","","IndustryFuel","PENDING","/home/jin/research/SGP_ESE5004_Stage2/pypsa-asean/resources/baseline-aims-3H-tutorial/demand/base_industry_totals_2030.csv","2019","c62e8edab8451f93a4273f9214e6259306ea7e01a6ba9c85e7b7db48978aa404","Frozen derived cache; MWh/year -> MWh; raw/calorific provenance still pending","PENDING_ACCEPTED_COUNTRY_NODE_WEIGHTS","PENDING_ACCEPTED_SHAPE_AND_PHYSICAL_WEIGHTS","false","false","FIXED","MISSING","REPRESENTATION_ACCEPTED_NUMERIC_PENDING","No accepted independent H2 or qualified heat service; no new service obligation","ID:2019:Industry:IndustryFuel:heat","IndustryFuel","false","false","false","MISSING","ID:heat","false","false","ID/heat; sum 13 columns","Industry","","","",""
"ID","2019","Industry","IndustryFuel","hydrogen","DIRECT_FUEL","","MWh/year","","","IndustryFuel","PENDING","/home/jin/research/SGP_ESE5004_Stage2/pypsa-asean/resources/baseline-aims-3H-tutorial/demand/base_industry_totals_2030.csv","2019","c62e8edab8451f93a4273f9214e6259306ea7e01a6ba9c85e7b7db48978aa404","Frozen derived cache; MWh/year -> MWh; raw/calorific provenance still pending","PENDING_ACCEPTED_COUNTRY_NODE_WEIGHTS","PENDING_ACCEPTED_SHAPE_AND_PHYSICAL_WEIGHTS","false","false","FIXED","MISSING","REPRESENTATION_ACCEPTED_NUMERIC_PENDING","No accepted independent H2 or qualified heat service; no new service obligation","ID:2019:Industry:IndustryFuel:hydrogen","IndustryFuel","false","false","false","MISSING","ID:hydrogen","false","false","ID/hydrogen; sum 13 columns","Industry","","","",""
"ID","2019","Industry","IndustryFuel","oil","DIRECT_FUEL","95211452.338000014","MWh/year","95211452.33800001","","IndustryFuel","EXPLICIT","/home/jin/research/SGP_ESE5004_Stage2/pypsa-asean/resources/baseline-aims-3H-tutorial/demand/base_industry_totals_2030.csv","2019","c62e8edab8451f93a4273f9214e6259306ea7e01a6ba9c85e7b7db48978aa404","Frozen derived cache; MWh/year -> MWh; raw/calorific provenance still pending","PENDING_ACCEPTED_COUNTRY_NODE_WEIGHTS","PENDING_ACCEPTED_SHAPE_AND_PHYSICAL_WEIGHTS","false","false","FIXED","FROZEN_UPSTREAM","REPRESENTATION_ACCEPTED_NUMERIC_PENDING","Base 2019 country/carrier sum of 13 cached industries; pre-NH3 deduction; raw calorific/feedstock boundary pending","ID:2019:Industry:IndustryFuel:oil","IndustryFuel","true","true","false","POSITIVE_CACHE_VALUE","ID:oil","false","false","ID/oil; sum 13 columns","Industry","","","",""
"ID","2019","Transport","DomesticAviationFuel","oil","DIRECT_FUEL","33.84","TWh/year","33840000.0","","DomesticAviationFuel","EXPLICIT","/home/jin/research/SGP_ESE5004_Stage2/pypsa-asean/resources/baseline-aims-3H-tutorial/energy_totals_base.csv","2019","af27beafc01cfb1920a23e632c05e858883a28efd9bbf94df3dfdba455fde261","Frozen derived cache; TWh/year -> MWh; raw/calorific provenance still pending","PENDING_ACCEPTED_COUNTRY_NODE_WEIGHTS","PENDING_ACCEPTED_SHAPE_AND_PHYSICAL_WEIGHTS","false","false","FIXED","BLOCKER","REPRESENTATION_ACCEPTED_NUMERIC_PENDING","FIXED fuel obligation; FT is later endogenous supply. Review status: EXACT_SELECTED_CACHE_MATCH_WITH_OMITTED_TRANSACTION_OR_COMMODITY; omitted transaction/commodity exists: no automatic correction","ID:2019:Transport:DomesticAviationFuel:oil","DomesticAviationFuel","true","true","false","POSITIVE_CACHE_VALUE","ID:oil","false","false","ID/total domestic aviation; bunker_review.json ID/DomesticAviationFuel","bunker","","","",""
"ID","2019","Transport","DomesticShippingFuel","oil","DIRECT_FUEL","2.7947","TWh/year","2794700.0","","DomesticShippingFuel","EXPLICIT","/home/jin/research/SGP_ESE5004_Stage2/pypsa-asean/resources/baseline-aims-3H-tutorial/energy_totals_base.csv","2019","af27beafc01cfb1920a23e632c05e858883a28efd9bbf94df3dfdba455fde261","Frozen derived cache; TWh/year -> MWh; raw/calorific provenance still pending","PENDING_ACCEPTED_COUNTRY_NODE_WEIGHTS","PENDING_ACCEPTED_SHAPE_AND_PHYSICAL_WEIGHTS","false","false","FIXED","BLOCKER","REPRESENTATION_ACCEPTED_NUMERIC_PENDING","FIXED fuel obligation; FT is later endogenous supply. Review status: EXACT_SELECTED_CACHE_MATCH_WITH_OMITTED_TRANSACTION_OR_COMMODITY; omitted transaction/commodity exists: no automatic correction","ID:2019:Transport:DomesticShippingFuel:oil","DomesticShippingFuel","true","true","false","POSITIVE_CACHE_VALUE","ID:oil","false","false","ID/total domestic navigation; bunker_review.json ID/DomesticShippingFuel","bunker","","","",""
"ID","2019","Transport","HistoricalRoadElectricity","electricity","DIRECT_ELECTRICITY","0.0","TWh/year","","Astar","HistoricalRoadElectricity","EMBEDDED","/home/jin/research/SGP_ESE5004_Stage2/pypsa-asean/resources/baseline-aims-3H-tutorial/energy_totals_base.csv","2019","af27beafc01cfb1920a23e632c05e858883a28efd9bbf94df3dfdba455fde261","Frozen derived cache; TWh/year -> MWh; raw/calorific provenance still pending","PENDING_ACCEPTED_COUNTRY_NODE_WEIGHTS","PENDING_ACCEPTED_SHAPE_AND_PHYSICAL_WEIGHTS","true","false","FIXED","MISSING","REPRESENTATION_ACCEPTED_NUMERIC_PENDING","Historical EV membership/quantity pending; retain any such energy inside Astar; no transfer performed; cache zero has no certified raw-zero evidence","ID:2019:Transport:HistoricalRoadElectricity:electricity","Astar","false","false","false","CACHE_ZERO_UNVERIFIED","ID:electricity","false","false","ID/road electricity","Transport","","","",""
"ID","2019","Transport","RailElectricity","electricity","EMBEDDED","278","Kilowatt-hours, million","278000.0","Astar","RailElectricity","EMBEDDED","/home/jin/research/SGP_ESE5004_Stage2/pypsa-asean/data/demand/unsd/data/UNdata_Export_20250502_110820872.txt","2019","12c99b3c40927449d9a4d0402f255a8b84b24917ff58e54efd4ec43b2125fe6b","Exact raw transaction; million kWh * 1000 = MWh; no losses or AEO scaling","PENDING_ACCEPTED_COUNTRY_NODE_WEIGHTS","PENDING_ACCEPTED_SHAPE_AND_PHYSICAL_WEIGHTS","true","false","FIXED","PENDING","REPRESENTATION_ACCEPTED_NUMERIC_PENDING","Rail electricity occurs only within Astar; no independent rail Load","ID:2019:Transport:RailElectricity:electricity","Astar","false","false","false","REPORTED_VALUE","ID:electricity","false","false","Consumption by rail; physical line end 41786","Transport","","","",""
"ID","2019","Transport","RailFinalEnergyReference","mixed","DIRECT_FUEL","2.7617","TWh/year","2761700.0","","RailFinalEnergyReference","REFERENCE","/home/jin/research/SGP_ESE5004_Stage2/pypsa-asean/resources/baseline-aims-3H-tutorial/energy_totals_base.csv","2019","af27beafc01cfb1920a23e632c05e858883a28efd9bbf94df3dfdba455fde261","Frozen derived cache; TWh/year -> MWh; raw/calorific provenance still pending","PENDING_ACCEPTED_COUNTRY_NODE_WEIGHTS","PENDING_ACCEPTED_SHAPE_AND_PHYSICAL_WEIGHTS","false","false","FIXED","FROZEN_UPSTREAM","REPRESENTATION_ACCEPTED_NUMERIC_PENDING","Reference total only; fuel decomposition pending; no independent rail Load","ID:2019:Transport:RailFinalEnergyReference:mixed","RailFinalEnergyReference","false","false","false","POSITIVE_CACHE_VALUE","ID:mixed","false","false","ID/total rail","Transport","","","",""
"ID","2019","Transport","RoadParentFinalEnergy","all_final_energy","DIRECT_FUEL","255.6664","TWh/year","255666400.0","","RoadParentFinalEnergy","REFERENCE","/home/jin/research/SGP_ESE5004_Stage2/pypsa-asean/resources/baseline-aims-3H-tutorial/energy_totals_base.csv","2019","af27beafc01cfb1920a23e632c05e858883a28efd9bbf94df3dfdba455fde261","Frozen derived cache; TWh/year -> MWh; raw/calorific provenance still pending","PENDING_ACCEPTED_COUNTRY_NODE_WEIGHTS","PENDING_ACCEPTED_SHAPE_AND_PHYSICAL_WEIGHTS","false","false","FIXED","FROZEN_UPSTREAM","REPRESENTATION_ACCEPTED_NUMERIC_PENDING","Independent cached final-energy control, not an extra fuel Load; EV share not accepted","ID:2019:Transport:RoadParentFinalEnergy:all_final_energy","RoadParentFinalEnergy","false","false","false","POSITIVE_CACHE_VALUE","ID:all_final_energy","false","false","ID/total road","Transport","","","",""
"ID","2019","Transport","RoadResidualFuel","biomass","DIRECT_FUEL","47.1449","TWh/year","47144900.0","","RoadResidualFuel","EXPLICIT","/home/jin/research/SGP_ESE5004_Stage2/pypsa-asean/resources/baseline-aims-3H-tutorial/energy_totals_base.csv","2019","af27beafc01cfb1920a23e632c05e858883a28efd9bbf94df3dfdba455fde261","Frozen derived cache; TWh/year -> MWh; raw/calorific provenance still pending","PENDING_ACCEPTED_COUNTRY_NODE_WEIGHTS","PENDING_ACCEPTED_SHAPE_AND_PHYSICAL_WEIGHTS","false","false","FIXED","FROZEN_UPSTREAM","REPRESENTATION_ACCEPTED_NUMERIC_PENDING","Base-year carrier observation; future residual vector requires accepted energy share and fuel composition","ID:2019:Transport:RoadResidualFuel:biomass","RoadResidualFuel","true","true","false","POSITIVE_CACHE_VALUE","ID:biomass","false","false","ID/road biomass","Transport","","","",""
"ID","2019","Transport","RoadResidualFuel","gas","DIRECT_FUEL","0.7914","TWh/year","791400.0","","RoadResidualFuel","EXPLICIT","/home/jin/research/SGP_ESE5004_Stage2/pypsa-asean/resources/baseline-aims-3H-tutorial/energy_totals_base.csv","2019","af27beafc01cfb1920a23e632c05e858883a28efd9bbf94df3dfdba455fde261","Frozen derived cache; TWh/year -> MWh; raw/calorific provenance still pending","PENDING_ACCEPTED_COUNTRY_NODE_WEIGHTS","PENDING_ACCEPTED_SHAPE_AND_PHYSICAL_WEIGHTS","false","false","FIXED","FROZEN_UPSTREAM","REPRESENTATION_ACCEPTED_NUMERIC_PENDING","Base-year carrier observation; future residual vector requires accepted energy share and fuel composition","ID:2019:Transport:RoadResidualFuel:gas","RoadResidualFuel","true","true","false","POSITIVE_CACHE_VALUE","ID:gas","false","false","ID/road gas","Transport","","","",""
"ID","2019","Transport","RoadResidualFuel","oil","DIRECT_FUEL","207.7302","TWh/year","207730200.0","","RoadResidualFuel","EXPLICIT","/home/jin/research/SGP_ESE5004_Stage2/pypsa-asean/resources/baseline-aims-3H-tutorial/energy_totals_base.csv","2019","af27beafc01cfb1920a23e632c05e858883a28efd9bbf94df3dfdba455fde261","Frozen derived cache; TWh/year -> MWh; raw/calorific provenance still pending","PENDING_ACCEPTED_COUNTRY_NODE_WEIGHTS","PENDING_ACCEPTED_SHAPE_AND_PHYSICAL_WEIGHTS","false","false","FIXED","FROZEN_UPSTREAM","REPRESENTATION_ACCEPTED_NUMERIC_PENDING","Base-year carrier observation; future residual vector requires accepted energy share and fuel composition","ID:2019:Transport:RoadResidualFuel:oil","RoadResidualFuel","true","true","false","POSITIVE_CACHE_VALUE","ID:oil","false","false","ID/road oil","Transport","","","",""
"ID","2019","Transport","TransportEmbeddedFuelParent","unclassified_fuel","UNCLASSIFIED","","","","","TransportEmbeddedFuelParent","EXPLICIT","","2019","","","PENDING_ACCEPTED_COUNTRY_NODE_WEIGHTS","PENDING_ACCEPTED_SHAPE_AND_PHYSICAL_WEIGHTS","false","false","FIXED","PENDING","REPRESENTATION_ACCEPTED_NUMERIC_PENDING","Rail fuel retained in one unresolved transport fuel parent; no extra rail oil Load or fabricated residual","ID:2019:Transport:TransportEmbeddedFuelParent:unclassified_fuel","TransportEmbeddedFuelParent","true","true","false","MISSING","","false","false","","Transport","","","",""
"ID","2030","Agriculture","AgricultureDirectElectricity","electricity","EMBEDDED","","","","Astar","AgricultureDirectElectricity","EMBEDDED","","2019","","","PENDING_ACCEPTED_COUNTRY_NODE_WEIGHTS","PENDING_ACCEPTED_SHAPE_AND_PHYSICAL_WEIGHTS","true","false","FIXED","PENDING","REPRESENTATION_ACCEPTED_NUMERIC_PENDING","Future direct electricity remains within Astar; no separate Load; growth unaccepted","ID:2030:Agriculture:AgricultureDirectElectricity:electricity","Astar","false","false","false","MISSING","ID:electricity","false","false","","Agriculture","","","",""
"ID","2030","Agriculture","AgricultureFinalEnergy","biomass","DIRECT_FUEL","","","","","AgricultureFinalEnergy","EXPLICIT","","2019","","","PENDING_ACCEPTED_COUNTRY_NODE_WEIGHTS","PENDING_ACCEPTED_SHAPE_AND_PHYSICAL_WEIGHTS","false","false","FIXED","PENDING","REPRESENTATION_ACCEPTED_NUMERIC_PENDING","PENDING_FUTURE_GROWTH; no DEFAULT or zero-growth assumption","ID:2030:Agriculture:AgricultureFinalEnergy:biomass","AgricultureFinalEnergy","true","true","false","MISSING","ID:biomass","false","false","","Agriculture","","","",""
"ID","2030","Agriculture","AgricultureFinalEnergy","coal","DIRECT_FUEL","","","","","AgricultureFinalEnergy","EXPLICIT","","2019","","","PENDING_ACCEPTED_COUNTRY_NODE_WEIGHTS","PENDING_ACCEPTED_SHAPE_AND_PHYSICAL_WEIGHTS","false","false","FIXED","PENDING","REPRESENTATION_ACCEPTED_NUMERIC_PENDING","PENDING_FUTURE_GROWTH; no DEFAULT or zero-growth assumption","ID:2030:Agriculture:AgricultureFinalEnergy:coal","AgricultureFinalEnergy","true","true","false","MISSING","ID:coal","false","false","","Agriculture","","","",""
"ID","2030","Agriculture","AgricultureFinalEnergy","oil","DIRECT_FUEL","","","","","AgricultureFinalEnergy","EXPLICIT","","2019","","","PENDING_ACCEPTED_COUNTRY_NODE_WEIGHTS","PENDING_ACCEPTED_SHAPE_AND_PHYSICAL_WEIGHTS","false","false","FIXED","PENDING","REPRESENTATION_ACCEPTED_NUMERIC_PENDING","PENDING_FUTURE_GROWTH; no DEFAULT or zero-growth assumption","ID:2030:Agriculture:AgricultureFinalEnergy:oil","AgricultureFinalEnergy","true","true","false","MISSING","ID:oil","false","false","","Agriculture","","","",""
"ID","2030","Buildings","ResidentialDirectElectricity","electricity","DIRECT_ELECTRICITY","","","","Astar","ResidentialDirectElectricity","EMBEDDED","","2019","","","PENDING_ACCEPTED_COUNTRY_NODE_WEIGHTS","PENDING_ACCEPTED_SHAPE_AND_PHYSICAL_WEIGHTS","true","false","FIXED","PENDING","REPRESENTATION_ACCEPTED_NUMERIC_PENDING","PENDING_FUTURE_GROWTH; separate R/S decomposition remains optional inside Astar","ID:2030:Buildings:ResidentialDirectElectricity:electricity","Astar","false","false","false","MISSING","ID:electricity","false","false","","Buildings","","","",""
"ID","2030","Buildings","ResidentialFuel","biomass","DIRECT_FUEL","","","","","ResidentialFuel","EXPLICIT","","2019","","","PENDING_ACCEPTED_COUNTRY_NODE_WEIGHTS","PENDING_ACCEPTED_SHAPE_AND_PHYSICAL_WEIGHTS","false","false","FIXED","PENDING","REPRESENTATION_ACCEPTED_NUMERIC_PENDING","PENDING_FUTURE_GROWTH; no default growth or heat conversion","ID:2030:Buildings:ResidentialFuel:biomass","ResidentialFuel","true","true","false","MISSING","ID:biomass","false","false","","Buildings","","","",""
"ID","2030","Buildings","ResidentialFuel","coal","DIRECT_FUEL","","","","","ResidentialFuel","EXPLICIT","","2019","","","PENDING_ACCEPTED_COUNTRY_NODE_WEIGHTS","PENDING_ACCEPTED_SHAPE_AND_PHYSICAL_WEIGHTS","false","false","FIXED","PENDING","REPRESENTATION_ACCEPTED_NUMERIC_PENDING","PENDING_FUTURE_GROWTH; no default growth or heat conversion","ID:2030:Buildings:ResidentialFuel:coal","ResidentialFuel","true","true","false","MISSING","ID:coal","false","false","","Buildings","","","",""
"ID","2030","Buildings","ResidentialFuel","gas","DIRECT_FUEL","","","","","ResidentialFuel","EXPLICIT","","2019","","","PENDING_ACCEPTED_COUNTRY_NODE_WEIGHTS","PENDING_ACCEPTED_SHAPE_AND_PHYSICAL_WEIGHTS","false","false","FIXED","PENDING","REPRESENTATION_ACCEPTED_NUMERIC_PENDING","PENDING_FUTURE_GROWTH; no default growth or heat conversion","ID:2030:Buildings:ResidentialFuel:gas","ResidentialFuel","true","true","false","MISSING","ID:gas","false","false","","Buildings","","","",""
"ID","2030","Buildings","ResidentialFuel","oil","DIRECT_FUEL","","","","","ResidentialFuel","EXPLICIT","","2019","","","PENDING_ACCEPTED_COUNTRY_NODE_WEIGHTS","PENDING_ACCEPTED_SHAPE_AND_PHYSICAL_WEIGHTS","false","false","FIXED","PENDING","REPRESENTATION_ACCEPTED_NUMERIC_PENDING","PENDING_FUTURE_GROWTH; no default growth or heat conversion","ID:2030:Buildings:ResidentialFuel:oil","ResidentialFuel","true","true","false","MISSING","ID:oil","false","false","","Buildings","","","",""
"ID","2030","Buildings","ServicesDirectElectricity","electricity","DIRECT_ELECTRICITY","","","","Astar","ServicesDirectElectricity","EMBEDDED","","2019","","","PENDING_ACCEPTED_COUNTRY_NODE_WEIGHTS","PENDING_ACCEPTED_SHAPE_AND_PHYSICAL_WEIGHTS","true","false","FIXED","PENDING","REPRESENTATION_ACCEPTED_NUMERIC_PENDING","PENDING_FUTURE_GROWTH; separate R/S decomposition remains optional inside Astar","ID:2030:Buildings:ServicesDirectElectricity:electricity","Astar","false","false","false","MISSING","ID:electricity","false","false","","Buildings","","","",""
"ID","2030","Buildings","ServicesFuel","biomass","DIRECT_FUEL","","","","","ServicesFuel","EXPLICIT","","2019","","","PENDING_ACCEPTED_COUNTRY_NODE_WEIGHTS","PENDING_ACCEPTED_SHAPE_AND_PHYSICAL_WEIGHTS","false","false","FIXED","PENDING","REPRESENTATION_ACCEPTED_NUMERIC_PENDING","PENDING_FUTURE_GROWTH; no default growth or heat conversion","ID:2030:Buildings:ServicesFuel:biomass","ServicesFuel","true","true","false","MISSING","ID:biomass","false","false","","Buildings","","","",""
"ID","2030","Buildings","ServicesFuel","coal","DIRECT_FUEL","","","","","ServicesFuel","EXPLICIT","","2019","","","PENDING_ACCEPTED_COUNTRY_NODE_WEIGHTS","PENDING_ACCEPTED_SHAPE_AND_PHYSICAL_WEIGHTS","false","false","FIXED","PENDING","REPRESENTATION_ACCEPTED_NUMERIC_PENDING","PENDING_FUTURE_GROWTH; no default growth or heat conversion","ID:2030:Buildings:ServicesFuel:coal","ServicesFuel","true","true","false","MISSING","ID:coal","false","false","","Buildings","","","",""
"ID","2030","Buildings","ServicesFuel","gas","DIRECT_FUEL","","","","","ServicesFuel","EXPLICIT","","2019","","","PENDING_ACCEPTED_COUNTRY_NODE_WEIGHTS","PENDING_ACCEPTED_SHAPE_AND_PHYSICAL_WEIGHTS","false","false","FIXED","PENDING","REPRESENTATION_ACCEPTED_NUMERIC_PENDING","PENDING_FUTURE_GROWTH; no default growth or heat conversion","ID:2030:Buildings:ServicesFuel:gas","ServicesFuel","true","true","false","MISSING","ID:gas","false","false","","Buildings","","","",""
"ID","2030","Buildings","ServicesFuel","oil","DIRECT_FUEL","","","","","ServicesFuel","EXPLICIT","","2019","","","PENDING_ACCEPTED_COUNTRY_NODE_WEIGHTS","PENDING_ACCEPTED_SHAPE_AND_PHYSICAL_WEIGHTS","false","false","FIXED","PENDING","REPRESENTATION_ACCEPTED_NUMERIC_PENDING","PENDING_FUTURE_GROWTH; no default growth or heat conversion","ID:2030:Buildings:ServicesFuel:oil","ServicesFuel","true","true","false","MISSING","ID:oil","false","false","","Buildings","","","",""
"ID","2030","Bunker","InternationalAviationBunker","oil","BUNKER_FUEL","","","","","InternationalAviationBunker","EXPLICIT","","2019","","","PENDING_ACCEPTED_COUNTRY_NODE_WEIGHTS","PENDING_ACCEPTED_SHAPE_AND_PHYSICAL_WEIGHTS","false","false","FIXED","PENDING","REPRESENTATION_ACCEPTED_NUMERIC_PENDING","PENDING_FUTURE_GROWTH; upstream default projection not accepted","ID:2030:Bunker:InternationalAviationBunker:oil","InternationalAviationBunker","true","true","false","MISSING","ID:oil","false","false","","bunker","","","",""
"ID","2030","Bunker","InternationalShippingBunker","oil","BUNKER_FUEL","","","","","InternationalShippingBunker","EXPLICIT","","2019","","","PENDING_ACCEPTED_COUNTRY_NODE_WEIGHTS","PENDING_ACCEPTED_SHAPE_AND_PHYSICAL_WEIGHTS","false","false","FIXED","PENDING","REPRESENTATION_ACCEPTED_NUMERIC_PENDING","PENDING_FUTURE_GROWTH; upstream default projection not accepted","ID:2030:Bunker:InternationalShippingBunker:oil","InternationalShippingBunker","true","true","false","MISSING","ID:oil","false","false","","bunker","","","",""
"ID","2030","Electricity","Astar","electricity","DIRECT_ELECTRICITY","","","","","Astar","EXPLICIT","","2019","","","PENDING_ACCEPTED_COUNTRY_NODE_WEIGHTS","PENDING_ACCEPTED_SHAPE_AND_PHYSICAL_WEIGHTS","true","false","FIXED","PENDING","REPRESENTATION_ACCEPTED_NUMERIC_PENDING","FUTURE_DIRECT_ELECTRICITY_PENDING; no AEO8 generation/DemandCast/default-growth fallback","ID:2030:Electricity:Astar:electricity","Astar","true","true","false","MISSING","ID:electricity","false","false","","electricity","","","",""
"ID","2030","Industry","IndustryDirectElectricity","electricity","EMBEDDED","","","","Astar","IndustryDirectElectricity","EMBEDDED","","2019","","","PENDING_ACCEPTED_COUNTRY_NODE_WEIGHTS","PENDING_ACCEPTED_SHAPE_AND_PHYSICAL_WEIGHTS","true","false","FIXED","PENDING","REPRESENTATION_ACCEPTED_NUMERIC_PENDING","Future direct electricity remains within Astar; no separate Load; growth unaccepted","ID:2030:Industry:IndustryDirectElectricity:electricity","Astar","false","false","false","MISSING","ID:electricity","false","false","","Industry","","","",""
"ID","2030","Industry","IndustryFinalEnergy","biomass","DIRECT_FUEL","","","","","IndustryFinalEnergy","EXPLICIT","","2019","","","PENDING_ACCEPTED_COUNTRY_NODE_WEIGHTS","PENDING_ACCEPTED_SHAPE_AND_PHYSICAL_WEIGHTS","false","false","FIXED","PENDING","REPRESENTATION_ACCEPTED_NUMERIC_PENDING","PENDING_FUTURE_GROWTH; no DEFAULT or zero-growth assumption","ID:2030:Industry:IndustryFinalEnergy:biomass","IndustryFinalEnergy","true","true","false","MISSING","ID:biomass","false","false","","Industry","","","",""
"ID","2030","Industry","IndustryFinalEnergy","coal","DIRECT_FUEL","","","","","IndustryFinalEnergy","EXPLICIT","","2019","","","PENDING_ACCEPTED_COUNTRY_NODE_WEIGHTS","PENDING_ACCEPTED_SHAPE_AND_PHYSICAL_WEIGHTS","false","false","FIXED","PENDING","REPRESENTATION_ACCEPTED_NUMERIC_PENDING","PENDING_FUTURE_GROWTH; no DEFAULT or zero-growth assumption","ID:2030:Industry:IndustryFinalEnergy:coal","IndustryFinalEnergy","true","true","false","MISSING","ID:coal","false","false","","Industry","","","",""
"ID","2030","Industry","IndustryFinalEnergy","gas","DIRECT_FUEL","","","","","IndustryFinalEnergy","EXPLICIT","","2019","","","PENDING_ACCEPTED_COUNTRY_NODE_WEIGHTS","PENDING_ACCEPTED_SHAPE_AND_PHYSICAL_WEIGHTS","false","false","FIXED","PENDING","REPRESENTATION_ACCEPTED_NUMERIC_PENDING","PENDING_FUTURE_GROWTH; no DEFAULT or zero-growth assumption","ID:2030:Industry:IndustryFinalEnergy:gas","IndustryFinalEnergy","true","true","false","MISSING","ID:gas","false","false","","Industry","","","",""
"ID","2030","Industry","IndustryFinalEnergy","oil","DIRECT_FUEL","","","","","IndustryFinalEnergy","EXPLICIT","","2019","","","PENDING_ACCEPTED_COUNTRY_NODE_WEIGHTS","PENDING_ACCEPTED_SHAPE_AND_PHYSICAL_WEIGHTS","false","false","FIXED","PENDING","REPRESENTATION_ACCEPTED_NUMERIC_PENDING","PENDING_FUTURE_GROWTH; no DEFAULT or zero-growth assumption","ID:2030:Industry:IndustryFinalEnergy:oil","IndustryFinalEnergy","true","true","false","MISSING","ID:oil","false","false","","Industry","","","",""
"ID","2030","Transport","DomesticAviationFuel","oil","DIRECT_FUEL","","","","","DomesticAviationFuel","EXPLICIT","","2019","","","PENDING_ACCEPTED_COUNTRY_NODE_WEIGHTS","PENDING_ACCEPTED_SHAPE_AND_PHYSICAL_WEIGHTS","false","false","FIXED","PENDING","REPRESENTATION_ACCEPTED_NUMERIC_PENDING","PENDING_FUTURE_GROWTH; upstream default projection not accepted","ID:2030:Transport:DomesticAviationFuel:oil","DomesticAviationFuel","true","true","false","MISSING","ID:oil","false","false","","bunker","","","",""
"ID","2030","Transport","DomesticShippingFuel","oil","DIRECT_FUEL","","","","","DomesticShippingFuel","EXPLICIT","","2019","","","PENDING_ACCEPTED_COUNTRY_NODE_WEIGHTS","PENDING_ACCEPTED_SHAPE_AND_PHYSICAL_WEIGHTS","false","false","FIXED","PENDING","REPRESENTATION_ACCEPTED_NUMERIC_PENDING","PENDING_FUTURE_GROWTH; upstream default projection not accepted","ID:2030:Transport:DomesticShippingFuel:oil","DomesticShippingFuel","true","true","false","MISSING","ID:oil","false","false","","bunker","","","",""
"ID","2030","Transport","RailElectricity","electricity","EMBEDDED","","","","Astar","RailElectricity","EMBEDDED","","2019","","","PENDING_ACCEPTED_COUNTRY_NODE_WEIGHTS","PENDING_ACCEPTED_SHAPE_AND_PHYSICAL_WEIGHTS","true","false","FIXED","PENDING","REPRESENTATION_ACCEPTED_NUMERIC_PENDING","Future rail stays in Astar once; decomposition pending","ID:2030:Transport:RailElectricity:electricity","Astar","false","false","false","MISSING","ID:electricity","false","false","","Transport","","","",""
"ID","2030","Transport","RoadEVFinalElectricity","electricity","DIRECT_ELECTRICITY","","","","","RoadEVFinalElectricity","EXPLICIT","","2019","","","PENDING_ACCEPTED_COUNTRY_NODE_WEIGHTS","PENDING_ACCEPTED_SHAPE_AND_PHYSICAL_WEIGHTS","false","false","FIXED","PENDING","REPRESENTATION_ACCEPTED_NUMERIC_PENDING","External final-energy share pending; future EV excluded from future direct Astar; no kWh/km proxy","ID:2030:Transport:RoadEVFinalElectricity:electricity","RoadEVFinalElectricity","true","true","false","MISSING","ID:electricity","false","false","","Transport","","","",""
"ID","2030","Transport","RoadResidualFuel","biomass","DIRECT_FUEL","","","","","RoadResidualFuel","EXPLICIT","","2019","","","PENDING_ACCEPTED_COUNTRY_NODE_WEIGHTS","PENDING_ACCEPTED_SHAPE_AND_PHYSICAL_WEIGHTS","false","false","FIXED","PENDING","REPRESENTATION_ACCEPTED_NUMERIC_PENDING","PENDING_FUTURE_GROWTH_AND_EV_ENERGY_PATH; carrier vector retained","ID:2030:Transport:RoadResidualFuel:biomass","RoadResidualFuel","true","true","false","MISSING","ID:biomass","false","false","","Transport","","","",""
"ID","2030","Transport","RoadResidualFuel","gas","DIRECT_FUEL","","","","","RoadResidualFuel","EXPLICIT","","2019","","","PENDING_ACCEPTED_COUNTRY_NODE_WEIGHTS","PENDING_ACCEPTED_SHAPE_AND_PHYSICAL_WEIGHTS","false","false","FIXED","PENDING","REPRESENTATION_ACCEPTED_NUMERIC_PENDING","PENDING_FUTURE_GROWTH_AND_EV_ENERGY_PATH; carrier vector retained","ID:2030:Transport:RoadResidualFuel:gas","RoadResidualFuel","true","true","false","MISSING","ID:gas","false","false","","Transport","","","",""
"ID","2030","Transport","RoadResidualFuel","oil","DIRECT_FUEL","","","","","RoadResidualFuel","EXPLICIT","","2019","","","PENDING_ACCEPTED_COUNTRY_NODE_WEIGHTS","PENDING_ACCEPTED_SHAPE_AND_PHYSICAL_WEIGHTS","false","false","FIXED","PENDING","REPRESENTATION_ACCEPTED_NUMERIC_PENDING","PENDING_FUTURE_GROWTH_AND_EV_ENERGY_PATH; carrier vector retained","ID:2030:Transport:RoadResidualFuel:oil","RoadResidualFuel","true","true","false","MISSING","ID:oil","false","false","","Transport","","","",""
"ID","2030","Transport","TransportEmbeddedFuelParent","unclassified_fuel","UNCLASSIFIED","","","","","TransportEmbeddedFuelParent","EXPLICIT","","2019","","","PENDING_ACCEPTED_COUNTRY_NODE_WEIGHTS","PENDING_ACCEPTED_SHAPE_AND_PHYSICAL_WEIGHTS","false","false","FIXED","PENDING","REPRESENTATION_ACCEPTED_NUMERIC_PENDING","Rail fuel remains within one pending transport fuel parent; no duplicate rail Load","ID:2030:Transport:TransportEmbeddedFuelParent:unclassified_fuel","TransportEmbeddedFuelParent","true","true","false","MISSING","","false","false","","Transport","","","",""
"ID","2040","Agriculture","AgricultureDirectElectricity","electricity","EMBEDDED","","","","Astar","AgricultureDirectElectricity","EMBEDDED","","2019","","","PENDING_ACCEPTED_COUNTRY_NODE_WEIGHTS","PENDING_ACCEPTED_SHAPE_AND_PHYSICAL_WEIGHTS","true","false","FIXED","PENDING","REPRESENTATION_ACCEPTED_NUMERIC_PENDING","Future direct electricity remains within Astar; no separate Load; growth unaccepted","ID:2040:Agriculture:AgricultureDirectElectricity:electricity","Astar","false","false","false","MISSING","ID:electricity","false","false","","Agriculture","","","",""
"ID","2040","Agriculture","AgricultureFinalEnergy","biomass","DIRECT_FUEL","","","","","AgricultureFinalEnergy","EXPLICIT","","2019","","","PENDING_ACCEPTED_COUNTRY_NODE_WEIGHTS","PENDING_ACCEPTED_SHAPE_AND_PHYSICAL_WEIGHTS","false","false","FIXED","PENDING","REPRESENTATION_ACCEPTED_NUMERIC_PENDING","PENDING_FUTURE_GROWTH; no DEFAULT or zero-growth assumption","ID:2040:Agriculture:AgricultureFinalEnergy:biomass","AgricultureFinalEnergy","true","true","false","MISSING","ID:biomass","false","false","","Agriculture","","","",""
"ID","2040","Agriculture","AgricultureFinalEnergy","coal","DIRECT_FUEL","","","","","AgricultureFinalEnergy","EXPLICIT","","2019","","","PENDING_ACCEPTED_COUNTRY_NODE_WEIGHTS","PENDING_ACCEPTED_SHAPE_AND_PHYSICAL_WEIGHTS","false","false","FIXED","PENDING","REPRESENTATION_ACCEPTED_NUMERIC_PENDING","PENDING_FUTURE_GROWTH; no DEFAULT or zero-growth assumption","ID:2040:Agriculture:AgricultureFinalEnergy:coal","AgricultureFinalEnergy","true","true","false","MISSING","ID:coal","false","false","","Agriculture","","","",""
"ID","2040","Agriculture","AgricultureFinalEnergy","oil","DIRECT_FUEL","","","","","AgricultureFinalEnergy","EXPLICIT","","2019","","","PENDING_ACCEPTED_COUNTRY_NODE_WEIGHTS","PENDING_ACCEPTED_SHAPE_AND_PHYSICAL_WEIGHTS","false","false","FIXED","PENDING","REPRESENTATION_ACCEPTED_NUMERIC_PENDING","PENDING_FUTURE_GROWTH; no DEFAULT or zero-growth assumption","ID:2040:Agriculture:AgricultureFinalEnergy:oil","AgricultureFinalEnergy","true","true","false","MISSING","ID:oil","false","false","","Agriculture","","","",""
"ID","2040","Buildings","ResidentialDirectElectricity","electricity","DIRECT_ELECTRICITY","","","","Astar","ResidentialDirectElectricity","EMBEDDED","","2019","","","PENDING_ACCEPTED_COUNTRY_NODE_WEIGHTS","PENDING_ACCEPTED_SHAPE_AND_PHYSICAL_WEIGHTS","true","false","FIXED","PENDING","REPRESENTATION_ACCEPTED_NUMERIC_PENDING","PENDING_FUTURE_GROWTH; separate R/S decomposition remains optional inside Astar","ID:2040:Buildings:ResidentialDirectElectricity:electricity","Astar","false","false","false","MISSING","ID:electricity","false","false","","Buildings","","","",""
"ID","2040","Buildings","ResidentialFuel","biomass","DIRECT_FUEL","","","","","ResidentialFuel","EXPLICIT","","2019","","","PENDING_ACCEPTED_COUNTRY_NODE_WEIGHTS","PENDING_ACCEPTED_SHAPE_AND_PHYSICAL_WEIGHTS","false","false","FIXED","PENDING","REPRESENTATION_ACCEPTED_NUMERIC_PENDING","PENDING_FUTURE_GROWTH; no default growth or heat conversion","ID:2040:Buildings:ResidentialFuel:biomass","ResidentialFuel","true","true","false","MISSING","ID:biomass","false","false","","Buildings","","","",""
"ID","2040","Buildings","ResidentialFuel","coal","DIRECT_FUEL","","","","","ResidentialFuel","EXPLICIT","","2019","","","PENDING_ACCEPTED_COUNTRY_NODE_WEIGHTS","PENDING_ACCEPTED_SHAPE_AND_PHYSICAL_WEIGHTS","false","false","FIXED","PENDING","REPRESENTATION_ACCEPTED_NUMERIC_PENDING","PENDING_FUTURE_GROWTH; no default growth or heat conversion","ID:2040:Buildings:ResidentialFuel:coal","ResidentialFuel","true","true","false","MISSING","ID:coal","false","false","","Buildings","","","",""
"ID","2040","Buildings","ResidentialFuel","gas","DIRECT_FUEL","","","","","ResidentialFuel","EXPLICIT","","2019","","","PENDING_ACCEPTED_COUNTRY_NODE_WEIGHTS","PENDING_ACCEPTED_SHAPE_AND_PHYSICAL_WEIGHTS","false","false","FIXED","PENDING","REPRESENTATION_ACCEPTED_NUMERIC_PENDING","PENDING_FUTURE_GROWTH; no default growth or heat conversion","ID:2040:Buildings:ResidentialFuel:gas","ResidentialFuel","true","true","false","MISSING","ID:gas","false","false","","Buildings","","","",""
"ID","2040","Buildings","ResidentialFuel","oil","DIRECT_FUEL","","","","","ResidentialFuel","EXPLICIT","","2019","","","PENDING_ACCEPTED_COUNTRY_NODE_WEIGHTS","PENDING_ACCEPTED_SHAPE_AND_PHYSICAL_WEIGHTS","false","false","FIXED","PENDING","REPRESENTATION_ACCEPTED_NUMERIC_PENDING","PENDING_FUTURE_GROWTH; no default growth or heat conversion","ID:2040:Buildings:ResidentialFuel:oil","ResidentialFuel","true","true","false","MISSING","ID:oil","false","false","","Buildings","","","",""
"ID","2040","Buildings","ServicesDirectElectricity","electricity","DIRECT_ELECTRICITY","","","","Astar","ServicesDirectElectricity","EMBEDDED","","2019","","","PENDING_ACCEPTED_COUNTRY_NODE_WEIGHTS","PENDING_ACCEPTED_SHAPE_AND_PHYSICAL_WEIGHTS","true","false","FIXED","PENDING","REPRESENTATION_ACCEPTED_NUMERIC_PENDING","PENDING_FUTURE_GROWTH; separate R/S decomposition remains optional inside Astar","ID:2040:Buildings:ServicesDirectElectricity:electricity","Astar","false","false","false","MISSING","ID:electricity","false","false","","Buildings","","","",""
"ID","2040","Buildings","ServicesFuel","biomass","DIRECT_FUEL","","","","","ServicesFuel","EXPLICIT","","2019","","","PENDING_ACCEPTED_COUNTRY_NODE_WEIGHTS","PENDING_ACCEPTED_SHAPE_AND_PHYSICAL_WEIGHTS","false","false","FIXED","PENDING","REPRESENTATION_ACCEPTED_NUMERIC_PENDING","PENDING_FUTURE_GROWTH; no default growth or heat conversion","ID:2040:Buildings:ServicesFuel:biomass","ServicesFuel","true","true","false","MISSING","ID:biomass","false","false","","Buildings","","","",""
"ID","2040","Buildings","ServicesFuel","coal","DIRECT_FUEL","","","","","ServicesFuel","EXPLICIT","","2019","","","PENDING_ACCEPTED_COUNTRY_NODE_WEIGHTS","PENDING_ACCEPTED_SHAPE_AND_PHYSICAL_WEIGHTS","false","false","FIXED","PENDING","REPRESENTATION_ACCEPTED_NUMERIC_PENDING","PENDING_FUTURE_GROWTH; no default growth or heat conversion","ID:2040:Buildings:ServicesFuel:coal","ServicesFuel","true","true","false","MISSING","ID:coal","false","false","","Buildings","","","",""
"ID","2040","Buildings","ServicesFuel","gas","DIRECT_FUEL","","","","","ServicesFuel","EXPLICIT","","2019","","","PENDING_ACCEPTED_COUNTRY_NODE_WEIGHTS","PENDING_ACCEPTED_SHAPE_AND_PHYSICAL_WEIGHTS","false","false","FIXED","PENDING","REPRESENTATION_ACCEPTED_NUMERIC_PENDING","PENDING_FUTURE_GROWTH; no default growth or heat conversion","ID:2040:Buildings:ServicesFuel:gas","ServicesFuel","true","true","false","MISSING","ID:gas","false","false","","Buildings","","","",""
"ID","2040","Buildings","ServicesFuel","oil","DIRECT_FUEL","","","","","ServicesFuel","EXPLICIT","","2019","","","PENDING_ACCEPTED_COUNTRY_NODE_WEIGHTS","PENDING_ACCEPTED_SHAPE_AND_PHYSICAL_WEIGHTS","false","false","FIXED","PENDING","REPRESENTATION_ACCEPTED_NUMERIC_PENDING","PENDING_FUTURE_GROWTH; no default growth or heat conversion","ID:2040:Buildings:ServicesFuel:oil","ServicesFuel","true","true","false","MISSING","ID:oil","false","false","","Buildings","","","",""
"ID","2040","Bunker","InternationalAviationBunker","oil","BUNKER_FUEL","","","","","InternationalAviationBunker","EXPLICIT","","2019","","","PENDING_ACCEPTED_COUNTRY_NODE_WEIGHTS","PENDING_ACCEPTED_SHAPE_AND_PHYSICAL_WEIGHTS","false","false","FIXED","PENDING","REPRESENTATION_ACCEPTED_NUMERIC_PENDING","PENDING_FUTURE_GROWTH; upstream default projection not accepted","ID:2040:Bunker:InternationalAviationBunker:oil","InternationalAviationBunker","true","true","false","MISSING","ID:oil","false","false","","bunker","","","",""
"ID","2040","Bunker","InternationalShippingBunker","oil","BUNKER_FUEL","","","","","InternationalShippingBunker","EXPLICIT","","2019","","","PENDING_ACCEPTED_COUNTRY_NODE_WEIGHTS","PENDING_ACCEPTED_SHAPE_AND_PHYSICAL_WEIGHTS","false","false","FIXED","PENDING","REPRESENTATION_ACCEPTED_NUMERIC_PENDING","PENDING_FUTURE_GROWTH; upstream default projection not accepted","ID:2040:Bunker:InternationalShippingBunker:oil","InternationalShippingBunker","true","true","false","MISSING","ID:oil","false","false","","bunker","","","",""
"ID","2040","Electricity","Astar","electricity","DIRECT_ELECTRICITY","","","","","Astar","EXPLICIT","","2019","","","PENDING_ACCEPTED_COUNTRY_NODE_WEIGHTS","PENDING_ACCEPTED_SHAPE_AND_PHYSICAL_WEIGHTS","true","false","FIXED","PENDING","REPRESENTATION_ACCEPTED_NUMERIC_PENDING","FUTURE_DIRECT_ELECTRICITY_PENDING; no AEO8 generation/DemandCast/default-growth fallback","ID:2040:Electricity:Astar:electricity","Astar","true","true","false","MISSING","ID:electricity","false","false","","electricity","","","",""
"ID","2040","Industry","IndustryDirectElectricity","electricity","EMBEDDED","","","","Astar","IndustryDirectElectricity","EMBEDDED","","2019","","","PENDING_ACCEPTED_COUNTRY_NODE_WEIGHTS","PENDING_ACCEPTED_SHAPE_AND_PHYSICAL_WEIGHTS","true","false","FIXED","PENDING","REPRESENTATION_ACCEPTED_NUMERIC_PENDING","Future direct electricity remains within Astar; no separate Load; growth unaccepted","ID:2040:Industry:IndustryDirectElectricity:electricity","Astar","false","false","false","MISSING","ID:electricity","false","false","","Industry","","","",""
"ID","2040","Industry","IndustryFinalEnergy","biomass","DIRECT_FUEL","","","","","IndustryFinalEnergy","EXPLICIT","","2019","","","PENDING_ACCEPTED_COUNTRY_NODE_WEIGHTS","PENDING_ACCEPTED_SHAPE_AND_PHYSICAL_WEIGHTS","false","false","FIXED","PENDING","REPRESENTATION_ACCEPTED_NUMERIC_PENDING","PENDING_FUTURE_GROWTH; no DEFAULT or zero-growth assumption","ID:2040:Industry:IndustryFinalEnergy:biomass","IndustryFinalEnergy","true","true","false","MISSING","ID:biomass","false","false","","Industry","","","",""
"ID","2040","Industry","IndustryFinalEnergy","coal","DIRECT_FUEL","","","","","IndustryFinalEnergy","EXPLICIT","","2019","","","PENDING_ACCEPTED_COUNTRY_NODE_WEIGHTS","PENDING_ACCEPTED_SHAPE_AND_PHYSICAL_WEIGHTS","false","false","FIXED","PENDING","REPRESENTATION_ACCEPTED_NUMERIC_PENDING","PENDING_FUTURE_GROWTH; no DEFAULT or zero-growth assumption","ID:2040:Industry:IndustryFinalEnergy:coal","IndustryFinalEnergy","true","true","false","MISSING","ID:coal","false","false","","Industry","","","",""
"ID","2040","Industry","IndustryFinalEnergy","gas","DIRECT_FUEL","","","","","IndustryFinalEnergy","EXPLICIT","","2019","","","PENDING_ACCEPTED_COUNTRY_NODE_WEIGHTS","PENDING_ACCEPTED_SHAPE_AND_PHYSICAL_WEIGHTS","false","false","FIXED","PENDING","REPRESENTATION_ACCEPTED_NUMERIC_PENDING","PENDING_FUTURE_GROWTH; no DEFAULT or zero-growth assumption","ID:2040:Industry:IndustryFinalEnergy:gas","IndustryFinalEnergy","true","true","false","MISSING","ID:gas","false","false","","Industry","","","",""
"ID","2040","Industry","IndustryFinalEnergy","oil","DIRECT_FUEL","","","","","IndustryFinalEnergy","EXPLICIT","","2019","","","PENDING_ACCEPTED_COUNTRY_NODE_WEIGHTS","PENDING_ACCEPTED_SHAPE_AND_PHYSICAL_WEIGHTS","false","false","FIXED","PENDING","REPRESENTATION_ACCEPTED_NUMERIC_PENDING","PENDING_FUTURE_GROWTH; no DEFAULT or zero-growth assumption","ID:2040:Industry:IndustryFinalEnergy:oil","IndustryFinalEnergy","true","true","false","MISSING","ID:oil","false","false","","Industry","","","",""
"ID","2040","Transport","DomesticAviationFuel","oil","DIRECT_FUEL","","","","","DomesticAviationFuel","EXPLICIT","","2019","","","PENDING_ACCEPTED_COUNTRY_NODE_WEIGHTS","PENDING_ACCEPTED_SHAPE_AND_PHYSICAL_WEIGHTS","false","false","FIXED","PENDING","REPRESENTATION_ACCEPTED_NUMERIC_PENDING","PENDING_FUTURE_GROWTH; upstream default projection not accepted","ID:2040:Transport:DomesticAviationFuel:oil","DomesticAviationFuel","true","true","false","MISSING","ID:oil","false","false","","bunker","","","",""
"ID","2040","Transport","DomesticShippingFuel","oil","DIRECT_FUEL","","","","","DomesticShippingFuel","EXPLICIT","","2019","","","PENDING_ACCEPTED_COUNTRY_NODE_WEIGHTS","PENDING_ACCEPTED_SHAPE_AND_PHYSICAL_WEIGHTS","false","false","FIXED","PENDING","REPRESENTATION_ACCEPTED_NUMERIC_PENDING","PENDING_FUTURE_GROWTH; upstream default projection not accepted","ID:2040:Transport:DomesticShippingFuel:oil","DomesticShippingFuel","true","true","false","MISSING","ID:oil","false","false","","bunker","","","",""
"ID","2040","Transport","RailElectricity","electricity","EMBEDDED","","","","Astar","RailElectricity","EMBEDDED","","2019","","","PENDING_ACCEPTED_COUNTRY_NODE_WEIGHTS","PENDING_ACCEPTED_SHAPE_AND_PHYSICAL_WEIGHTS","true","false","FIXED","PENDING","REPRESENTATION_ACCEPTED_NUMERIC_PENDING","Future rail stays in Astar once; decomposition pending","ID:2040:Transport:RailElectricity:electricity","Astar","false","false","false","MISSING","ID:electricity","false","false","","Transport","","","",""
"ID","2040","Transport","RoadEVFinalElectricity","electricity","DIRECT_ELECTRICITY","","","","","RoadEVFinalElectricity","EXPLICIT","","2019","","","PENDING_ACCEPTED_COUNTRY_NODE_WEIGHTS","PENDING_ACCEPTED_SHAPE_AND_PHYSICAL_WEIGHTS","false","false","FIXED","PENDING","REPRESENTATION_ACCEPTED_NUMERIC_PENDING","External final-energy share pending; future EV excluded from future direct Astar; no kWh/km proxy","ID:2040:Transport:RoadEVFinalElectricity:electricity","RoadEVFinalElectricity","true","true","false","MISSING","ID:electricity","false","false","","Transport","","","",""
"ID","2040","Transport","RoadResidualFuel","biomass","DIRECT_FUEL","","","","","RoadResidualFuel","EXPLICIT","","2019","","","PENDING_ACCEPTED_COUNTRY_NODE_WEIGHTS","PENDING_ACCEPTED_SHAPE_AND_PHYSICAL_WEIGHTS","false","false","FIXED","PENDING","REPRESENTATION_ACCEPTED_NUMERIC_PENDING","PENDING_FUTURE_GROWTH_AND_EV_ENERGY_PATH; carrier vector retained","ID:2040:Transport:RoadResidualFuel:biomass","RoadResidualFuel","true","true","false","MISSING","ID:biomass","false","false","","Transport","","","",""
"ID","2040","Transport","RoadResidualFuel","gas","DIRECT_FUEL","","","","","RoadResidualFuel","EXPLICIT","","2019","","","PENDING_ACCEPTED_COUNTRY_NODE_WEIGHTS","PENDING_ACCEPTED_SHAPE_AND_PHYSICAL_WEIGHTS","false","false","FIXED","PENDING","REPRESENTATION_ACCEPTED_NUMERIC_PENDING","PENDING_FUTURE_GROWTH_AND_EV_ENERGY_PATH; carrier vector retained","ID:2040:Transport:RoadResidualFuel:gas","RoadResidualFuel","true","true","false","MISSING","ID:gas","false","false","","Transport","","","",""
"ID","2040","Transport","RoadResidualFuel","oil","DIRECT_FUEL","","","","","RoadResidualFuel","EXPLICIT","","2019","","","PENDING_ACCEPTED_COUNTRY_NODE_WEIGHTS","PENDING_ACCEPTED_SHAPE_AND_PHYSICAL_WEIGHTS","false","false","FIXED","PENDING","REPRESENTATION_ACCEPTED_NUMERIC_PENDING","PENDING_FUTURE_GROWTH_AND_EV_ENERGY_PATH; carrier vector retained","ID:2040:Transport:RoadResidualFuel:oil","RoadResidualFuel","true","true","false","MISSING","ID:oil","false","false","","Transport","","","",""
"ID","2040","Transport","TransportEmbeddedFuelParent","unclassified_fuel","UNCLASSIFIED","","","","","TransportEmbeddedFuelParent","EXPLICIT","","2019","","","PENDING_ACCEPTED_COUNTRY_NODE_WEIGHTS","PENDING_ACCEPTED_SHAPE_AND_PHYSICAL_WEIGHTS","false","false","FIXED","PENDING","REPRESENTATION_ACCEPTED_NUMERIC_PENDING","Rail fuel remains within one pending transport fuel parent; no duplicate rail Load","ID:2040:Transport:TransportEmbeddedFuelParent:unclassified_fuel","TransportEmbeddedFuelParent","true","true","false","MISSING","","false","false","","Transport","","","",""
"ID","2050","Agriculture","AgricultureDirectElectricity","electricity","EMBEDDED","","","","Astar","AgricultureDirectElectricity","EMBEDDED","","2019","","","PENDING_ACCEPTED_COUNTRY_NODE_WEIGHTS","PENDING_ACCEPTED_SHAPE_AND_PHYSICAL_WEIGHTS","true","false","FIXED","PENDING","REPRESENTATION_ACCEPTED_NUMERIC_PENDING","Future direct electricity remains within Astar; no separate Load; growth unaccepted","ID:2050:Agriculture:AgricultureDirectElectricity:electricity","Astar","false","false","false","MISSING","ID:electricity","false","false","","Agriculture","","","",""
"ID","2050","Agriculture","AgricultureFinalEnergy","biomass","DIRECT_FUEL","","","","","AgricultureFinalEnergy","EXPLICIT","","2019","","","PENDING_ACCEPTED_COUNTRY_NODE_WEIGHTS","PENDING_ACCEPTED_SHAPE_AND_PHYSICAL_WEIGHTS","false","false","FIXED","PENDING","REPRESENTATION_ACCEPTED_NUMERIC_PENDING","PENDING_FUTURE_GROWTH; no DEFAULT or zero-growth assumption","ID:2050:Agriculture:AgricultureFinalEnergy:biomass","AgricultureFinalEnergy","true","true","false","MISSING","ID:biomass","false","false","","Agriculture","","","",""
"ID","2050","Agriculture","AgricultureFinalEnergy","coal","DIRECT_FUEL","","","","","AgricultureFinalEnergy","EXPLICIT","","2019","","","PENDING_ACCEPTED_COUNTRY_NODE_WEIGHTS","PENDING_ACCEPTED_SHAPE_AND_PHYSICAL_WEIGHTS","false","false","FIXED","PENDING","REPRESENTATION_ACCEPTED_NUMERIC_PENDING","PENDING_FUTURE_GROWTH; no DEFAULT or zero-growth assumption","ID:2050:Agriculture:AgricultureFinalEnergy:coal","AgricultureFinalEnergy","true","true","false","MISSING","ID:coal","false","false","","Agriculture","","","",""
"ID","2050","Agriculture","AgricultureFinalEnergy","oil","DIRECT_FUEL","","","","","AgricultureFinalEnergy","EXPLICIT","","2019","","","PENDING_ACCEPTED_COUNTRY_NODE_WEIGHTS","PENDING_ACCEPTED_SHAPE_AND_PHYSICAL_WEIGHTS","false","false","FIXED","PENDING","REPRESENTATION_ACCEPTED_NUMERIC_PENDING","PENDING_FUTURE_GROWTH; no DEFAULT or zero-growth assumption","ID:2050:Agriculture:AgricultureFinalEnergy:oil","AgricultureFinalEnergy","true","true","false","MISSING","ID:oil","false","false","","Agriculture","","","",""
"ID","2050","Buildings","ResidentialDirectElectricity","electricity","DIRECT_ELECTRICITY","","","","Astar","ResidentialDirectElectricity","EMBEDDED","","2019","","","PENDING_ACCEPTED_COUNTRY_NODE_WEIGHTS","PENDING_ACCEPTED_SHAPE_AND_PHYSICAL_WEIGHTS","true","false","FIXED","PENDING","REPRESENTATION_ACCEPTED_NUMERIC_PENDING","PENDING_FUTURE_GROWTH; separate R/S decomposition remains optional inside Astar","ID:2050:Buildings:ResidentialDirectElectricity:electricity","Astar","false","false","false","MISSING","ID:electricity","false","false","","Buildings","","","",""
"ID","2050","Buildings","ResidentialFuel","biomass","DIRECT_FUEL","","","","","ResidentialFuel","EXPLICIT","","2019","","","PENDING_ACCEPTED_COUNTRY_NODE_WEIGHTS","PENDING_ACCEPTED_SHAPE_AND_PHYSICAL_WEIGHTS","false","false","FIXED","PENDING","REPRESENTATION_ACCEPTED_NUMERIC_PENDING","PENDING_FUTURE_GROWTH; no default growth or heat conversion","ID:2050:Buildings:ResidentialFuel:biomass","ResidentialFuel","true","true","false","MISSING","ID:biomass","false","false","","Buildings","","","",""
"ID","2050","Buildings","ResidentialFuel","coal","DIRECT_FUEL","","","","","ResidentialFuel","EXPLICIT","","2019","","","PENDING_ACCEPTED_COUNTRY_NODE_WEIGHTS","PENDING_ACCEPTED_SHAPE_AND_PHYSICAL_WEIGHTS","false","false","FIXED","PENDING","REPRESENTATION_ACCEPTED_NUMERIC_PENDING","PENDING_FUTURE_GROWTH; no default growth or heat conversion","ID:2050:Buildings:ResidentialFuel:coal","ResidentialFuel","true","true","false","MISSING","ID:coal","false","false","","Buildings","","","",""
"ID","2050","Buildings","ResidentialFuel","gas","DIRECT_FUEL","","","","","ResidentialFuel","EXPLICIT","","2019","","","PENDING_ACCEPTED_COUNTRY_NODE_WEIGHTS","PENDING_ACCEPTED_SHAPE_AND_PHYSICAL_WEIGHTS","false","false","FIXED","PENDING","REPRESENTATION_ACCEPTED_NUMERIC_PENDING","PENDING_FUTURE_GROWTH; no default growth or heat conversion","ID:2050:Buildings:ResidentialFuel:gas","ResidentialFuel","true","true","false","MISSING","ID:gas","false","false","","Buildings","","","",""
"ID","2050","Buildings","ResidentialFuel","oil","DIRECT_FUEL","","","","","ResidentialFuel","EXPLICIT","","2019","","","PENDING_ACCEPTED_COUNTRY_NODE_WEIGHTS","PENDING_ACCEPTED_SHAPE_AND_PHYSICAL_WEIGHTS","false","false","FIXED","PENDING","REPRESENTATION_ACCEPTED_NUMERIC_PENDING","PENDING_FUTURE_GROWTH; no default growth or heat conversion","ID:2050:Buildings:ResidentialFuel:oil","ResidentialFuel","true","true","false","MISSING","ID:oil","false","false","","Buildings","","","",""
"ID","2050","Buildings","ServicesDirectElectricity","electricity","DIRECT_ELECTRICITY","","","","Astar","ServicesDirectElectricity","EMBEDDED","","2019","","","PENDING_ACCEPTED_COUNTRY_NODE_WEIGHTS","PENDING_ACCEPTED_SHAPE_AND_PHYSICAL_WEIGHTS","true","false","FIXED","PENDING","REPRESENTATION_ACCEPTED_NUMERIC_PENDING","PENDING_FUTURE_GROWTH; separate R/S decomposition remains optional inside Astar","ID:2050:Buildings:ServicesDirectElectricity:electricity","Astar","false","false","false","MISSING","ID:electricity","false","false","","Buildings","","","",""
"ID","2050","Buildings","ServicesFuel","biomass","DIRECT_FUEL","","","","","ServicesFuel","EXPLICIT","","2019","","","PENDING_ACCEPTED_COUNTRY_NODE_WEIGHTS","PENDING_ACCEPTED_SHAPE_AND_PHYSICAL_WEIGHTS","false","false","FIXED","PENDING","REPRESENTATION_ACCEPTED_NUMERIC_PENDING","PENDING_FUTURE_GROWTH; no default growth or heat conversion","ID:2050:Buildings:ServicesFuel:biomass","ServicesFuel","true","true","false","MISSING","ID:biomass","false","false","","Buildings","","","",""
"ID","2050","Buildings","ServicesFuel","coal","DIRECT_FUEL","","","","","ServicesFuel","EXPLICIT","","2019","","","PENDING_ACCEPTED_COUNTRY_NODE_WEIGHTS","PENDING_ACCEPTED_SHAPE_AND_PHYSICAL_WEIGHTS","false","false","FIXED","PENDING","REPRESENTATION_ACCEPTED_NUMERIC_PENDING","PENDING_FUTURE_GROWTH; no default growth or heat conversion","ID:2050:Buildings:ServicesFuel:coal","ServicesFuel","true","true","false","MISSING","ID:coal","false","false","","Buildings","","","",""
"ID","2050","Buildings","ServicesFuel","gas","DIRECT_FUEL","","","","","ServicesFuel","EXPLICIT","","2019","","","PENDING_ACCEPTED_COUNTRY_NODE_WEIGHTS","PENDING_ACCEPTED_SHAPE_AND_PHYSICAL_WEIGHTS","false","false","FIXED","PENDING","REPRESENTATION_ACCEPTED_NUMERIC_PENDING","PENDING_FUTURE_GROWTH; no default growth or heat conversion","ID:2050:Buildings:ServicesFuel:gas","ServicesFuel","true","true","false","MISSING","ID:gas","false","false","","Buildings","","","",""
"ID","2050","Buildings","ServicesFuel","oil","DIRECT_FUEL","","","","","ServicesFuel","EXPLICIT","","2019","","","PENDING_ACCEPTED_COUNTRY_NODE_WEIGHTS","PENDING_ACCEPTED_SHAPE_AND_PHYSICAL_WEIGHTS","false","false","FIXED","PENDING","REPRESENTATION_ACCEPTED_NUMERIC_PENDING","PENDING_FUTURE_GROWTH; no default growth or heat conversion","ID:2050:Buildings:ServicesFuel:oil","ServicesFuel","true","true","false","MISSING","ID:oil","false","false","","Buildings","","","",""
"ID","2050","Bunker","InternationalAviationBunker","oil","BUNKER_FUEL","","","","","InternationalAviationBunker","EXPLICIT","","2019","","","PENDING_ACCEPTED_COUNTRY_NODE_WEIGHTS","PENDING_ACCEPTED_SHAPE_AND_PHYSICAL_WEIGHTS","false","false","FIXED","PENDING","REPRESENTATION_ACCEPTED_NUMERIC_PENDING","PENDING_FUTURE_GROWTH; upstream default projection not accepted","ID:2050:Bunker:InternationalAviationBunker:oil","InternationalAviationBunker","true","true","false","MISSING","ID:oil","false","false","","bunker","","","",""
"ID","2050","Bunker","InternationalShippingBunker","oil","BUNKER_FUEL","","","","","InternationalShippingBunker","EXPLICIT","","2019","","","PENDING_ACCEPTED_COUNTRY_NODE_WEIGHTS","PENDING_ACCEPTED_SHAPE_AND_PHYSICAL_WEIGHTS","false","false","FIXED","PENDING","REPRESENTATION_ACCEPTED_NUMERIC_PENDING","PENDING_FUTURE_GROWTH; upstream default projection not accepted","ID:2050:Bunker:InternationalShippingBunker:oil","InternationalShippingBunker","true","true","false","MISSING","ID:oil","false","false","","bunker","","","",""
"ID","2050","Electricity","Astar","electricity","DIRECT_ELECTRICITY","","","","","Astar","EXPLICIT","","2019","","","PENDING_ACCEPTED_COUNTRY_NODE_WEIGHTS","PENDING_ACCEPTED_SHAPE_AND_PHYSICAL_WEIGHTS","true","false","FIXED","PENDING","REPRESENTATION_ACCEPTED_NUMERIC_PENDING","FUTURE_DIRECT_ELECTRICITY_PENDING; no AEO8 generation/DemandCast/default-growth fallback","ID:2050:Electricity:Astar:electricity","Astar","true","true","false","MISSING","ID:electricity","false","false","","electricity","","","",""
"ID","2050","Industry","IndustryDirectElectricity","electricity","EMBEDDED","","","","Astar","IndustryDirectElectricity","EMBEDDED","","2019","","","PENDING_ACCEPTED_COUNTRY_NODE_WEIGHTS","PENDING_ACCEPTED_SHAPE_AND_PHYSICAL_WEIGHTS","true","false","FIXED","PENDING","REPRESENTATION_ACCEPTED_NUMERIC_PENDING","Future direct electricity remains within Astar; no separate Load; growth unaccepted","ID:2050:Industry:IndustryDirectElectricity:electricity","Astar","false","false","false","MISSING","ID:electricity","false","false","","Industry","","","",""
"ID","2050","Industry","IndustryFinalEnergy","biomass","DIRECT_FUEL","","","","","IndustryFinalEnergy","EXPLICIT","","2019","","","PENDING_ACCEPTED_COUNTRY_NODE_WEIGHTS","PENDING_ACCEPTED_SHAPE_AND_PHYSICAL_WEIGHTS","false","false","FIXED","PENDING","REPRESENTATION_ACCEPTED_NUMERIC_PENDING","PENDING_FUTURE_GROWTH; no DEFAULT or zero-growth assumption","ID:2050:Industry:IndustryFinalEnergy:biomass","IndustryFinalEnergy","true","true","false","MISSING","ID:biomass","false","false","","Industry","","","",""
"ID","2050","Industry","IndustryFinalEnergy","coal","DIRECT_FUEL","","","","","IndustryFinalEnergy","EXPLICIT","","2019","","","PENDING_ACCEPTED_COUNTRY_NODE_WEIGHTS","PENDING_ACCEPTED_SHAPE_AND_PHYSICAL_WEIGHTS","false","false","FIXED","PENDING","REPRESENTATION_ACCEPTED_NUMERIC_PENDING","PENDING_FUTURE_GROWTH; no DEFAULT or zero-growth assumption","ID:2050:Industry:IndustryFinalEnergy:coal","IndustryFinalEnergy","true","true","false","MISSING","ID:coal","false","false","","Industry","","","",""
"ID","2050","Industry","IndustryFinalEnergy","gas","DIRECT_FUEL","","","","","IndustryFinalEnergy","EXPLICIT","","2019","","","PENDING_ACCEPTED_COUNTRY_NODE_WEIGHTS","PENDING_ACCEPTED_SHAPE_AND_PHYSICAL_WEIGHTS","false","false","FIXED","PENDING","REPRESENTATION_ACCEPTED_NUMERIC_PENDING","PENDING_FUTURE_GROWTH; no DEFAULT or zero-growth assumption","ID:2050:Industry:IndustryFinalEnergy:gas","IndustryFinalEnergy","true","true","false","MISSING","ID:gas","false","false","","Industry","","","",""
"ID","2050","Industry","IndustryFinalEnergy","oil","DIRECT_FUEL","","","","","IndustryFinalEnergy","EXPLICIT","","2019","","","PENDING_ACCEPTED_COUNTRY_NODE_WEIGHTS","PENDING_ACCEPTED_SHAPE_AND_PHYSICAL_WEIGHTS","false","false","FIXED","PENDING","REPRESENTATION_ACCEPTED_NUMERIC_PENDING","PENDING_FUTURE_GROWTH; no DEFAULT or zero-growth assumption","ID:2050:Industry:IndustryFinalEnergy:oil","IndustryFinalEnergy","true","true","false","MISSING","ID:oil","false","false","","Industry","","","",""
"ID","2050","Transport","DomesticAviationFuel","oil","DIRECT_FUEL","","","","","DomesticAviationFuel","EXPLICIT","","2019","","","PENDING_ACCEPTED_COUNTRY_NODE_WEIGHTS","PENDING_ACCEPTED_SHAPE_AND_PHYSICAL_WEIGHTS","false","false","FIXED","PENDING","REPRESENTATION_ACCEPTED_NUMERIC_PENDING","PENDING_FUTURE_GROWTH; upstream default projection not accepted","ID:2050:Transport:DomesticAviationFuel:oil","DomesticAviationFuel","true","true","false","MISSING","ID:oil","false","false","","bunker","","","",""
"ID","2050","Transport","DomesticShippingFuel","oil","DIRECT_FUEL","","","","","DomesticShippingFuel","EXPLICIT","","2019","","","PENDING_ACCEPTED_COUNTRY_NODE_WEIGHTS","PENDING_ACCEPTED_SHAPE_AND_PHYSICAL_WEIGHTS","false","false","FIXED","PENDING","REPRESENTATION_ACCEPTED_NUMERIC_PENDING","PENDING_FUTURE_GROWTH; upstream default projection not accepted","ID:2050:Transport:DomesticShippingFuel:oil","DomesticShippingFuel","true","true","false","MISSING","ID:oil","false","false","","bunker","","","",""
"ID","2050","Transport","RailElectricity","electricity","EMBEDDED","","","","Astar","RailElectricity","EMBEDDED","","2019","","","PENDING_ACCEPTED_COUNTRY_NODE_WEIGHTS","PENDING_ACCEPTED_SHAPE_AND_PHYSICAL_WEIGHTS","true","false","FIXED","PENDING","REPRESENTATION_ACCEPTED_NUMERIC_PENDING","Future rail stays in Astar once; decomposition pending","ID:2050:Transport:RailElectricity:electricity","Astar","false","false","false","MISSING","ID:electricity","false","false","","Transport","","","",""
"ID","2050","Transport","RoadEVFinalElectricity","electricity","DIRECT_ELECTRICITY","","","","","RoadEVFinalElectricity","EXPLICIT","","2019","","","PENDING_ACCEPTED_COUNTRY_NODE_WEIGHTS","PENDING_ACCEPTED_SHAPE_AND_PHYSICAL_WEIGHTS","false","false","FIXED","PENDING","REPRESENTATION_ACCEPTED_NUMERIC_PENDING","External final-energy share pending; future EV excluded from future direct Astar; no kWh/km proxy","ID:2050:Transport:RoadEVFinalElectricity:electricity","RoadEVFinalElectricity","true","true","false","MISSING","ID:electricity","false","false","","Transport","","","",""
"ID","2050","Transport","RoadResidualFuel","biomass","DIRECT_FUEL","","","","","RoadResidualFuel","EXPLICIT","","2019","","","PENDING_ACCEPTED_COUNTRY_NODE_WEIGHTS","PENDING_ACCEPTED_SHAPE_AND_PHYSICAL_WEIGHTS","false","false","FIXED","PENDING","REPRESENTATION_ACCEPTED_NUMERIC_PENDING","PENDING_FUTURE_GROWTH_AND_EV_ENERGY_PATH; carrier vector retained","ID:2050:Transport:RoadResidualFuel:biomass","RoadResidualFuel","true","true","false","MISSING","ID:biomass","false","false","","Transport","","","",""
"ID","2050","Transport","RoadResidualFuel","gas","DIRECT_FUEL","","","","","RoadResidualFuel","EXPLICIT","","2019","","","PENDING_ACCEPTED_COUNTRY_NODE_WEIGHTS","PENDING_ACCEPTED_SHAPE_AND_PHYSICAL_WEIGHTS","false","false","FIXED","PENDING","REPRESENTATION_ACCEPTED_NUMERIC_PENDING","PENDING_FUTURE_GROWTH_AND_EV_ENERGY_PATH; carrier vector retained","ID:2050:Transport:RoadResidualFuel:gas","RoadResidualFuel","true","true","false","MISSING","ID:gas","false","false","","Transport","","","",""
"ID","2050","Transport","RoadResidualFuel","oil","DIRECT_FUEL","","","","","RoadResidualFuel","EXPLICIT","","2019","","","PENDING_ACCEPTED_COUNTRY_NODE_WEIGHTS","PENDING_ACCEPTED_SHAPE_AND_PHYSICAL_WEIGHTS","false","false","FIXED","PENDING","REPRESENTATION_ACCEPTED_NUMERIC_PENDING","PENDING_FUTURE_GROWTH_AND_EV_ENERGY_PATH; carrier vector retained","ID:2050:Transport:RoadResidualFuel:oil","RoadResidualFuel","true","true","false","MISSING","ID:oil","false","false","","Transport","","","",""
"ID","2050","Transport","TransportEmbeddedFuelParent","unclassified_fuel","UNCLASSIFIED","","","","","TransportEmbeddedFuelParent","EXPLICIT","","2019","","","PENDING_ACCEPTED_COUNTRY_NODE_WEIGHTS","PENDING_ACCEPTED_SHAPE_AND_PHYSICAL_WEIGHTS","false","false","FIXED","PENDING","REPRESENTATION_ACCEPTED_NUMERIC_PENDING","Rail fuel remains within one pending transport fuel parent; no duplicate rail Load","ID:2050:Transport:TransportEmbeddedFuelParent:unclassified_fuel","TransportEmbeddedFuelParent","true","true","false","MISSING","","false","false","","Transport","","","",""
"KH","2019","Agriculture","AgricultureFinalEnergy","biomass","DIRECT_FUEL","0.0","TWh/year","","","AgricultureFinalEnergy","EXPLICIT","/home/jin/research/SGP_ESE5004_Stage2/pypsa-asean/resources/baseline-aims-3H-tutorial/energy_totals_base.csv","2019","af27beafc01cfb1920a23e632c05e858883a28efd9bbf94df3dfdba455fde261","Frozen derived cache; TWh/year -> MWh; raw/calorific provenance still pending","PENDING_ACCEPTED_COUNTRY_NODE_WEIGHTS","PENDING_ACCEPTED_SHAPE_AND_PHYSICAL_WEIGHTS","false","false","FIXED","MISSING","REPRESENTATION_ACCEPTED_NUMERIC_PENDING","No agriculture technology model; retain each original fuel; cache zero has no certified raw-zero evidence","KH:2019:Agriculture:AgricultureFinalEnergy:biomass","AgricultureFinalEnergy","true","true","false","CACHE_ZERO_UNVERIFIED","KH:biomass","false","false","KH/agriculture biomass","Agriculture","","","",""
"KH","2019","Agriculture","AgricultureFinalEnergy","coal","DIRECT_FUEL","0.0","TWh/year","","","AgricultureFinalEnergy","EXPLICIT","/home/jin/research/SGP_ESE5004_Stage2/pypsa-asean/resources/baseline-aims-3H-tutorial/energy_totals_base.csv","2019","af27beafc01cfb1920a23e632c05e858883a28efd9bbf94df3dfdba455fde261","Frozen derived cache; TWh/year -> MWh; raw/calorific provenance still pending","PENDING_ACCEPTED_COUNTRY_NODE_WEIGHTS","PENDING_ACCEPTED_SHAPE_AND_PHYSICAL_WEIGHTS","false","false","FIXED","MISSING","REPRESENTATION_ACCEPTED_NUMERIC_PENDING","No agriculture technology model; retain each original fuel; cache zero has no certified raw-zero evidence","KH:2019:Agriculture:AgricultureFinalEnergy:coal","AgricultureFinalEnergy","true","true","false","CACHE_ZERO_UNVERIFIED","KH:coal","false","false","KH/agriculture coal","Agriculture","","","",""
"KH","2019","Agriculture","AgricultureFinalEnergy","electricity","EMBEDDED","","Kilowatt-hours, million","","Astar","AgricultureFinalEnergy","EMBEDDED","/home/jin/research/SGP_ESE5004_Stage2/pypsa-asean/data/demand/unsd/data/UNdata_Export_20250502_110820872.txt","2019","12c99b3c40927449d9a4d0402f255a8b84b24917ff58e54efd4ec43b2125fe6b","Exact raw transaction; million kWh * 1000 = MWh; no losses or AEO scaling","PENDING_ACCEPTED_COUNTRY_NODE_WEIGHTS","PENDING_ACCEPTED_SHAPE_AND_PHYSICAL_WEIGHTS","true","false","FIXED","MISSING","REPRESENTATION_ACCEPTED_NUMERIC_PENDING","No agriculture technology model; retain each original fuel","KH:2019:Agriculture:AgricultureFinalEnergy:electricity","Astar","false","false","false","MISSING","KH:electricity","false","false","Consumption in agriculture, forestry and fishing","Agriculture","","","",""
"KH","2019","Agriculture","AgricultureFinalEnergy","oil","DIRECT_FUEL","0.0036","TWh/year","3600.0","","AgricultureFinalEnergy","EXPLICIT","/home/jin/research/SGP_ESE5004_Stage2/pypsa-asean/resources/baseline-aims-3H-tutorial/energy_totals_base.csv","2019","af27beafc01cfb1920a23e632c05e858883a28efd9bbf94df3dfdba455fde261","Frozen derived cache; TWh/year -> MWh; raw/calorific provenance still pending","PENDING_ACCEPTED_COUNTRY_NODE_WEIGHTS","PENDING_ACCEPTED_SHAPE_AND_PHYSICAL_WEIGHTS","false","false","FIXED","FROZEN_UPSTREAM","REPRESENTATION_ACCEPTED_NUMERIC_PENDING","No agriculture technology model; retain each original fuel","KH:2019:Agriculture:AgricultureFinalEnergy:oil","AgricultureFinalEnergy","true","true","false","POSITIVE_CACHE_VALUE","KH:oil","false","false","KH/agriculture oil","Agriculture","","","",""
"KH","2019","Buildings","ResidentialCooking","mixed","EMBEDDED","","","","ResidentialDirectEnergy","ResidentialCooking","EMBEDDED","","2019","","","PENDING_ACCEPTED_COUNTRY_NODE_WEIGHTS","PENDING_ACCEPTED_SHAPE_AND_PHYSICAL_WEIGHTS","false","false","FIXED","EMBEDDED","REPRESENTATION_ACCEPTED_VALUES_NOT_DEFINED","No additional service obligation. Existing final electricity/fuel keeps ownership. Cooking is not space/water heat.","KH:2019:Buildings:ResidentialCooking:mixed","Astar_and_original_fuels","false","false","false","MISSING","KH:mixed","false","false","","Buildings","","","",""
"KH","2019","Buildings","ResidentialCooling","electricity","EMBEDDED","","","","ResidentialDirectEnergy","ResidentialCooling","EMBEDDED","","2019","","","PENDING_ACCEPTED_COUNTRY_NODE_WEIGHTS","PENDING_ACCEPTED_SHAPE_AND_PHYSICAL_WEIGHTS","true","false","FIXED","EMBEDDED","REPRESENTATION_ACCEPTED_VALUES_NOT_DEFINED","No additional service obligation. Existing final electricity/fuel keeps ownership. Cooking is not space/water heat.","KH:2019:Buildings:ResidentialCooling:electricity","Astar_and_original_fuels","false","false","false","MISSING","KH:electricity","false","false","","Buildings","","","",""
"KH","2019","Buildings","ResidentialDirectElectricity","electricity","DIRECT_ELECTRICITY","3399.57","Kilowatt-hours, million","3399570.0","Astar","ResidentialDirectElectricity","EMBEDDED","/home/jin/research/SGP_ESE5004_Stage2/pypsa-asean/data/demand/unsd/data/UNdata_Export_20250502_110820872.txt","2019","12c99b3c40927449d9a4d0402f255a8b84b24917ff58e54efd4ec43b2125fe6b","Exact raw transaction; million kWh * 1000 = MWh; no losses or AEO scaling","PENDING_ACCEPTED_COUNTRY_NODE_WEIGHTS","PENDING_ACCEPTED_SHAPE_AND_PHYSICAL_WEIGHTS","true","false","FIXED","PENDING","REPRESENTATION_ACCEPTED_NUMERIC_PENDING","Separate R/S identity retained in Astar; no second electricity Load; numeric decomposition is unaccepted","KH:2019:Buildings:ResidentialDirectElectricity:electricity","Astar","false","false","false","REPORTED_VALUE","KH:electricity","false","false","Consumption by households; physical line end 15308","Buildings","","","",""
"KH","2019","Buildings","ResidentialFuel","biomass","DIRECT_FUEL","7.9612","TWh/year","7961200.0","","ResidentialFuel","EXPLICIT","/home/jin/research/SGP_ESE5004_Stage2/pypsa-asean/resources/baseline-aims-3H-tutorial/energy_totals_base.csv","2019","af27beafc01cfb1920a23e632c05e858883a28efd9bbf94df3dfdba455fde261","Frozen derived cache; TWh/year -> MWh; raw/calorific provenance still pending","PENDING_ACCEPTED_COUNTRY_NODE_WEIGHTS","PENDING_ACCEPTED_SHAPE_AND_PHYSICAL_WEIGHTS","false","false","FIXED","FROZEN_UPSTREAM","REPRESENTATION_ACCEPTED_NUMERIC_PENDING","Fixed final fuel; no useful-heat inference; cooking remains within original fuel. Coal not recast as electricity.","KH:2019:Buildings:ResidentialFuel:biomass","ResidentialFuel","true","true","false","POSITIVE_CACHE_VALUE","KH:biomass","false","false","KH/residential biomass","Buildings","","","",""
"KH","2019","Buildings","ResidentialFuel","coal","DIRECT_FUEL","","TWh/year","","","ResidentialFuel","EXPLICIT","/home/jin/research/SGP_ESE5004_Stage2/pypsa-asean/resources/baseline-aims-3H-tutorial/energy_totals_base.csv","2019","af27beafc01cfb1920a23e632c05e858883a28efd9bbf94df3dfdba455fde261","Frozen derived cache; TWh/year -> MWh; raw/calorific provenance still pending","PENDING_ACCEPTED_COUNTRY_NODE_WEIGHTS","PENDING_ACCEPTED_SHAPE_AND_PHYSICAL_WEIGHTS","false","false","FIXED","MISSING","REPRESENTATION_ACCEPTED_NUMERIC_PENDING","Fixed final fuel; no useful-heat inference; cooking remains within original fuel. Coal not recast as electricity.; cache has no original R/S coal column; source recovery required","KH:2019:Buildings:ResidentialFuel:coal","ResidentialFuel","true","true","false","MISSING","KH:coal","false","false","KH/residential coal","Buildings","","","",""
"KH","2019","Buildings","ResidentialFuel","gas","DIRECT_FUEL","0.0","TWh/year","","","ResidentialFuel","EXPLICIT","/home/jin/research/SGP_ESE5004_Stage2/pypsa-asean/resources/baseline-aims-3H-tutorial/energy_totals_base.csv","2019","af27beafc01cfb1920a23e632c05e858883a28efd9bbf94df3dfdba455fde261","Frozen derived cache; TWh/year -> MWh; raw/calorific provenance still pending","PENDING_ACCEPTED_COUNTRY_NODE_WEIGHTS","PENDING_ACCEPTED_SHAPE_AND_PHYSICAL_WEIGHTS","false","false","FIXED","MISSING","REPRESENTATION_ACCEPTED_NUMERIC_PENDING","Fixed final fuel; no useful-heat inference; cooking remains within original fuel. Coal not recast as electricity.; cache zero has no certified raw-zero evidence","KH:2019:Buildings:ResidentialFuel:gas","ResidentialFuel","true","true","false","CACHE_ZERO_UNVERIFIED","KH:gas","false","false","KH/residential gas","Buildings","","","",""
"KH","2019","Buildings","ResidentialFuel","oil","DIRECT_FUEL","0.3506","TWh/year","350600.0","","ResidentialFuel","EXPLICIT","/home/jin/research/SGP_ESE5004_Stage2/pypsa-asean/resources/baseline-aims-3H-tutorial/energy_totals_base.csv","2019","af27beafc01cfb1920a23e632c05e858883a28efd9bbf94df3dfdba455fde261","Frozen derived cache; TWh/year -> MWh; raw/calorific provenance still pending","PENDING_ACCEPTED_COUNTRY_NODE_WEIGHTS","PENDING_ACCEPTED_SHAPE_AND_PHYSICAL_WEIGHTS","false","false","FIXED","FROZEN_UPSTREAM","REPRESENTATION_ACCEPTED_NUMERIC_PENDING","Fixed final fuel; no useful-heat inference; cooking remains within original fuel. Coal not recast as electricity.","KH:2019:Buildings:ResidentialFuel:oil","ResidentialFuel","true","true","false","POSITIVE_CACHE_VALUE","KH:oil","false","false","KH/residential oil","Buildings","","","",""
"KH","2019","Buildings","ResidentialSpaceHeat","mixed","EMBEDDED","","","","ResidentialDirectEnergy","ResidentialSpaceHeat","EMBEDDED","","2019","","","PENDING_ACCEPTED_COUNTRY_NODE_WEIGHTS","PENDING_ACCEPTED_SHAPE_AND_PHYSICAL_WEIGHTS","false","false","FIXED","EMBEDDED","REPRESENTATION_ACCEPTED_VALUES_NOT_DEFINED","No additional service obligation. Existing final electricity/fuel keeps ownership. Cooking is not space/water heat.","KH:2019:Buildings:ResidentialSpaceHeat:mixed","Astar_and_original_fuels","false","false","false","MISSING","KH:mixed","false","false","","Buildings","","","",""
"KH","2019","Buildings","ResidentialWaterHeat","mixed","EMBEDDED","","","","ResidentialDirectEnergy","ResidentialWaterHeat","EMBEDDED","","2019","","","PENDING_ACCEPTED_COUNTRY_NODE_WEIGHTS","PENDING_ACCEPTED_SHAPE_AND_PHYSICAL_WEIGHTS","false","false","FIXED","EMBEDDED","REPRESENTATION_ACCEPTED_VALUES_NOT_DEFINED","No additional service obligation. Existing final electricity/fuel keeps ownership. Cooking is not space/water heat.","KH:2019:Buildings:ResidentialWaterHeat:mixed","Astar_and_original_fuels","false","false","false","MISSING","KH:mixed","false","false","","Buildings","","","",""
"KH","2019","Buildings","ServicesCooking","mixed","EMBEDDED","","","","ServicesDirectEnergy","ServicesCooking","EMBEDDED","","2019","","","PENDING_ACCEPTED_COUNTRY_NODE_WEIGHTS","PENDING_ACCEPTED_SHAPE_AND_PHYSICAL_WEIGHTS","false","false","FIXED","EMBEDDED","REPRESENTATION_ACCEPTED_VALUES_NOT_DEFINED","No additional service obligation. Existing final electricity/fuel keeps ownership. Cooking is not space/water heat.","KH:2019:Buildings:ServicesCooking:mixed","Astar_and_original_fuels","false","false","false","MISSING","KH:mixed","false","false","","Buildings","","","",""
"KH","2019","Buildings","ServicesCooling","electricity","EMBEDDED","","","","ServicesDirectEnergy","ServicesCooling","EMBEDDED","","2019","","","PENDING_ACCEPTED_COUNTRY_NODE_WEIGHTS","PENDING_ACCEPTED_SHAPE_AND_PHYSICAL_WEIGHTS","true","false","FIXED","EMBEDDED","REPRESENTATION_ACCEPTED_VALUES_NOT_DEFINED","No additional service obligation. Existing final electricity/fuel keeps ownership. Cooking is not space/water heat.","KH:2019:Buildings:ServicesCooling:electricity","Astar_and_original_fuels","false","false","false","MISSING","KH:electricity","false","false","","Buildings","","","",""
"KH","2019","Buildings","ServicesDirectElectricity","electricity","DIRECT_ELECTRICITY","3408.23","Kilowatt-hours, million","3408230.0","Astar","ServicesDirectElectricity","EMBEDDED","/home/jin/research/SGP_ESE5004_Stage2/pypsa-asean/data/demand/unsd/data/UNdata_Export_20250502_110820872.txt","2019","12c99b3c40927449d9a4d0402f255a8b84b24917ff58e54efd4ec43b2125fe6b","Exact raw transaction; million kWh * 1000 = MWh; no losses or AEO scaling","PENDING_ACCEPTED_COUNTRY_NODE_WEIGHTS","PENDING_ACCEPTED_SHAPE_AND_PHYSICAL_WEIGHTS","true","false","FIXED","PENDING","REPRESENTATION_ACCEPTED_NUMERIC_PENDING","Separate R/S identity retained in Astar; no second electricity Load; numeric decomposition is unaccepted","KH:2019:Buildings:ServicesDirectElectricity:electricity","Astar","false","false","false","REPORTED_VALUE","KH:electricity","false","false","Consumption by commercial and public services; physical line end 15324","Buildings","","","",""
"KH","2019","Buildings","ServicesFuel","biomass","DIRECT_FUEL","0.0","TWh/year","","","ServicesFuel","EXPLICIT","/home/jin/research/SGP_ESE5004_Stage2/pypsa-asean/resources/baseline-aims-3H-tutorial/energy_totals_base.csv","2019","af27beafc01cfb1920a23e632c05e858883a28efd9bbf94df3dfdba455fde261","Frozen derived cache; TWh/year -> MWh; raw/calorific provenance still pending","PENDING_ACCEPTED_COUNTRY_NODE_WEIGHTS","PENDING_ACCEPTED_SHAPE_AND_PHYSICAL_WEIGHTS","false","false","FIXED","MISSING","REPRESENTATION_ACCEPTED_NUMERIC_PENDING","Fixed final fuel; no useful-heat inference; cooking remains within original fuel. Coal not recast as electricity.; cache zero has no certified raw-zero evidence","KH:2019:Buildings:ServicesFuel:biomass","ServicesFuel","true","true","false","CACHE_ZERO_UNVERIFIED","KH:biomass","false","false","KH/services biomass","Buildings","","","",""
"KH","2019","Buildings","ServicesFuel","coal","DIRECT_FUEL","","TWh/year","","","ServicesFuel","EXPLICIT","/home/jin/research/SGP_ESE5004_Stage2/pypsa-asean/resources/baseline-aims-3H-tutorial/energy_totals_base.csv","2019","af27beafc01cfb1920a23e632c05e858883a28efd9bbf94df3dfdba455fde261","Frozen derived cache; TWh/year -> MWh; raw/calorific provenance still pending","PENDING_ACCEPTED_COUNTRY_NODE_WEIGHTS","PENDING_ACCEPTED_SHAPE_AND_PHYSICAL_WEIGHTS","false","false","FIXED","MISSING","REPRESENTATION_ACCEPTED_NUMERIC_PENDING","Fixed final fuel; no useful-heat inference; cooking remains within original fuel. Coal not recast as electricity.; cache has no original R/S coal column; source recovery required","KH:2019:Buildings:ServicesFuel:coal","ServicesFuel","true","true","false","MISSING","KH:coal","false","false","KH/services coal","Buildings","","","",""
"KH","2019","Buildings","ServicesFuel","gas","DIRECT_FUEL","0.0","TWh/year","","","ServicesFuel","EXPLICIT","/home/jin/research/SGP_ESE5004_Stage2/pypsa-asean/resources/baseline-aims-3H-tutorial/energy_totals_base.csv","2019","af27beafc01cfb1920a23e632c05e858883a28efd9bbf94df3dfdba455fde261","Frozen derived cache; TWh/year -> MWh; raw/calorific provenance still pending","PENDING_ACCEPTED_COUNTRY_NODE_WEIGHTS","PENDING_ACCEPTED_SHAPE_AND_PHYSICAL_WEIGHTS","false","false","FIXED","MISSING","REPRESENTATION_ACCEPTED_NUMERIC_PENDING","Fixed final fuel; no useful-heat inference; cooking remains within original fuel. Coal not recast as electricity.; cache zero has no certified raw-zero evidence","KH:2019:Buildings:ServicesFuel:gas","ServicesFuel","true","true","false","CACHE_ZERO_UNVERIFIED","KH:gas","false","false","KH/services gas","Buildings","","","",""
"KH","2019","Buildings","ServicesFuel","oil","DIRECT_FUEL","2.6811","TWh/year","2681100.0","","ServicesFuel","EXPLICIT","/home/jin/research/SGP_ESE5004_Stage2/pypsa-asean/resources/baseline-aims-3H-tutorial/energy_totals_base.csv","2019","af27beafc01cfb1920a23e632c05e858883a28efd9bbf94df3dfdba455fde261","Frozen derived cache; TWh/year -> MWh; raw/calorific provenance still pending","PENDING_ACCEPTED_COUNTRY_NODE_WEIGHTS","PENDING_ACCEPTED_SHAPE_AND_PHYSICAL_WEIGHTS","false","false","FIXED","FROZEN_UPSTREAM","REPRESENTATION_ACCEPTED_NUMERIC_PENDING","Fixed final fuel; no useful-heat inference; cooking remains within original fuel. Coal not recast as electricity.","KH:2019:Buildings:ServicesFuel:oil","ServicesFuel","true","true","false","POSITIVE_CACHE_VALUE","KH:oil","false","false","KH/services oil","Buildings","","","",""
"KH","2019","Buildings","ServicesSpaceHeat","mixed","EMBEDDED","","","","ServicesDirectEnergy","ServicesSpaceHeat","EMBEDDED","","2019","","","PENDING_ACCEPTED_COUNTRY_NODE_WEIGHTS","PENDING_ACCEPTED_SHAPE_AND_PHYSICAL_WEIGHTS","false","false","FIXED","EMBEDDED","REPRESENTATION_ACCEPTED_VALUES_NOT_DEFINED","No additional service obligation. Existing final electricity/fuel keeps ownership. Cooking is not space/water heat.","KH:2019:Buildings:ServicesSpaceHeat:mixed","Astar_and_original_fuels","false","false","false","MISSING","KH:mixed","false","false","","Buildings","","","",""
"KH","2019","Buildings","ServicesWaterHeat","mixed","EMBEDDED","","","","ServicesDirectEnergy","ServicesWaterHeat","EMBEDDED","","2019","","","PENDING_ACCEPTED_COUNTRY_NODE_WEIGHTS","PENDING_ACCEPTED_SHAPE_AND_PHYSICAL_WEIGHTS","false","false","FIXED","EMBEDDED","REPRESENTATION_ACCEPTED_VALUES_NOT_DEFINED","No additional service obligation. Existing final electricity/fuel keeps ownership. Cooking is not space/water heat.","KH:2019:Buildings:ServicesWaterHeat:mixed","Astar_and_original_fuels","false","false","false","MISSING","KH:mixed","false","false","","Buildings","","","",""
"KH","2019","Bunker","InternationalAviationBunker","oil","BUNKER_FUEL","1.9073","TWh/year","1907300.0","","InternationalAviationBunker","EXPLICIT","/home/jin/research/SGP_ESE5004_Stage2/pypsa-asean/resources/baseline-aims-3H-tutorial/energy_totals_base.csv","2019","af27beafc01cfb1920a23e632c05e858883a28efd9bbf94df3dfdba455fde261","Frozen derived cache; TWh/year -> MWh; raw/calorific provenance still pending","PENDING_ACCEPTED_COUNTRY_NODE_WEIGHTS","PENDING_ACCEPTED_SHAPE_AND_PHYSICAL_WEIGHTS","false","false","FIXED","FROZEN_UPSTREAM","REPRESENTATION_ACCEPTED_NUMERIC_PENDING","FIXED fuel obligation; FT is later endogenous supply. Review status: EXACT_SELECTED_CACHE_MATCH","KH:2019:Bunker:InternationalAviationBunker:oil","InternationalAviationBunker","true","true","false","POSITIVE_CACHE_VALUE","KH:oil","false","false","KH/total international aviation; bunker_review.json KH/InternationalAviationBunkerFuel","bunker","","","",""
"KH","2019","Bunker","InternationalShippingBunker","oil","BUNKER_FUEL","0.0","TWh/year","","","InternationalShippingBunker","EXPLICIT","/home/jin/research/SGP_ESE5004_Stage2/pypsa-asean/resources/baseline-aims-3H-tutorial/energy_totals_base.csv","2019","af27beafc01cfb1920a23e632c05e858883a28efd9bbf94df3dfdba455fde261","Frozen derived cache; TWh/year -> MWh; raw/calorific provenance still pending","PENDING_ACCEPTED_COUNTRY_NODE_WEIGHTS","PENDING_ACCEPTED_SHAPE_AND_PHYSICAL_WEIGHTS","false","false","FIXED","MISSING","REPRESENTATION_ACCEPTED_NUMERIC_PENDING","FIXED fuel obligation; FT is later endogenous supply. Review status: ZERO_WITHOUT_EXACT_SELECTED_RAW; cache zero has no certified raw-zero evidence","KH:2019:Bunker:InternationalShippingBunker:oil","InternationalShippingBunker","true","true","false","CACHE_ZERO_UNVERIFIED","KH:oil","false","false","KH/total international navigation; bunker_review.json KH/InternationalShippingBunkerFuel","bunker","","","",""
"KH","2019","Conversion","EVIfConversion","electricity","ENDOGENOUS_CONVERSION_INPUT","","","","","EVIfConversion","CONTRACT_ONLY","","2019","","","PENDING_ACCEPTED_COUNTRY_NODE_WEIGHTS","PENDING_ACCEPTED_SHAPE_AND_PHYSICAL_WEIGHTS","false","false","ENDOGENOUS","PENDING","REPRESENTATION_ACCEPTED_NUMERIC_PENDING","No predetermined demand or Load; future accepted conversion Link owns its electricity input","KH:2019:Conversion:EVIfConversion:electricity","EVIfConversion","false","false","false","MISSING","KH:electricity","false","false","","electricity","","","",""
"KH","2019","Conversion","Electrolysis","electricity","ENDOGENOUS_CONVERSION_INPUT","","","","","Electrolysis","CONTRACT_ONLY","","2019","","","PENDING_ACCEPTED_COUNTRY_NODE_WEIGHTS","PENDING_ACCEPTED_SHAPE_AND_PHYSICAL_WEIGHTS","false","false","ENDOGENOUS","PENDING","REPRESENTATION_ACCEPTED_NUMERIC_PENDING","No predetermined demand or Load; future accepted conversion Link owns its electricity input","KH:2019:Conversion:Electrolysis:electricity","Electrolysis","false","false","false","MISSING","KH:electricity","false","false","","electricity","","","",""
"KH","2019","Conversion","FischerTropsch","electricity","ENDOGENOUS_CONVERSION_INPUT","","","","","FischerTropsch","CONTRACT_ONLY","","2019","","","PENDING_ACCEPTED_COUNTRY_NODE_WEIGHTS","PENDING_ACCEPTED_SHAPE_AND_PHYSICAL_WEIGHTS","false","false","ENDOGENOUS","PENDING","REPRESENTATION_ACCEPTED_NUMERIC_PENDING","No predetermined demand or Load; future accepted conversion Link owns its electricity input","KH:2019:Conversion:FischerTropsch:electricity","FischerTropsch","false","false","false","MISSING","KH:electricity","false","false","","electricity","","","",""
"KH","2019","Conversion","HeatPump","electricity","ENDOGENOUS_CONVERSION_INPUT","","","","","HeatPump","CONTRACT_ONLY","","2019","","","PENDING_ACCEPTED_COUNTRY_NODE_WEIGHTS","PENDING_ACCEPTED_SHAPE_AND_PHYSICAL_WEIGHTS","false","false","ENDOGENOUS","PENDING","REPRESENTATION_ACCEPTED_NUMERIC_PENDING","No predetermined demand or Load; future accepted conversion Link owns its electricity input","KH:2019:Conversion:HeatPump:electricity","HeatPump","false","false","false","MISSING","KH:electricity","false","false","","electricity","","","",""
"KH","2019","Conversion","ResistiveHeating","electricity","ENDOGENOUS_CONVERSION_INPUT","","","","","ResistiveHeating","CONTRACT_ONLY","","2019","","","PENDING_ACCEPTED_COUNTRY_NODE_WEIGHTS","PENDING_ACCEPTED_SHAPE_AND_PHYSICAL_WEIGHTS","false","false","ENDOGENOUS","PENDING","REPRESENTATION_ACCEPTED_NUMERIC_PENDING","No predetermined demand or Load; future accepted conversion Link owns its electricity input","KH:2019:Conversion:ResistiveHeating:electricity","ResistiveHeating","false","false","false","MISSING","KH:electricity","false","false","","electricity","","","",""
"KH","2019","Electricity","Astar","electricity","DIRECT_ELECTRICITY","10191.09","Kilowatt-hours, million","10191090.0","","Astar","EXPLICIT","/home/jin/research/SGP_ESE5004_Stage2/pypsa-asean/data/demand/unsd/data/UNdata_Export_20250502_110820872.txt","2019","12c99b3c40927449d9a4d0402f255a8b84b24917ff58e54efd4ec43b2125fe6b","Exact raw transaction; million kWh * 1000 = MWh; no losses or AEO scaling","PENDING_ACCEPTED_COUNTRY_NODE_WEIGHTS","PENDING_ACCEPTED_SHAPE_AND_PHYSICAL_WEIGHTS","true","false","FIXED","PENDING","REPRESENTATION_ACCEPTED_NUMERIC_PENDING","End-user final electricity before any accepted transfers; future conversion inputs excluded","KH:2019:Electricity:Astar:electricity","Astar","true","true","false","REPORTED_VALUE","KH:electricity","false","false","Final energy consumption; physical line end 15233","electricity","10191090.0","0.0","10191090.0","10191090.0"
"KH","2019","Industry","IndustryCacheElectricityReference","electricity","DIRECT_FUEL","3383290","MWh/year","3383290.0","","IndustryCacheElectricityReference","REFERENCE","/home/jin/research/SGP_ESE5004_Stage2/pypsa-asean/resources/baseline-aims-3H-tutorial/demand/base_industry_totals_2030.csv","2019","c62e8edab8451f93a4273f9214e6259306ea7e01a6ba9c85e7b7db48978aa404","Frozen derived cache; MWh/year -> MWh; raw/calorific provenance still pending","PENDING_ACCEPTED_COUNTRY_NODE_WEIGHTS","PENDING_ACCEPTED_SHAPE_AND_PHYSICAL_WEIGHTS","false","false","FIXED","REFERENCE_ONLY","REPRESENTATION_ACCEPTED_NUMERIC_PENDING","Base 2019 country/carrier sum of 13 cached industries; pre-NH3 deduction; raw calorific/feedstock boundary pending","KH:2019:Industry:IndustryCacheElectricityReference:electricity","IndustryCacheElectricityReference","false","false","false","POSITIVE_CACHE_VALUE","KH:electricity","false","false","KH/electricity; sum 13 columns","Industry","","","",""
"KH","2019","Industry","IndustryDirectElectricity","electricity","DIRECT_ELECTRICITY","3383.29","Kilowatt-hours, million","3383290.0","Astar","IndustryDirectElectricity","EMBEDDED","/home/jin/research/SGP_ESE5004_Stage2/pypsa-asean/data/demand/unsd/data/UNdata_Export_20250502_110820872.txt","2019","12c99b3c40927449d9a4d0402f255a8b84b24917ff58e54efd4ec43b2125fe6b","Exact raw transaction; million kWh * 1000 = MWh; no losses or AEO scaling","PENDING_ACCEPTED_COUNTRY_NODE_WEIGHTS","PENDING_ACCEPTED_SHAPE_AND_PHYSICAL_WEIGHTS","true","false","FIXED","PENDING","REPRESENTATION_ACCEPTED_NUMERIC_PENDING","Industrial final electricity stays inside Astar; no second industry Load. No process/service conversion","KH:2019:Industry:IndustryDirectElectricity:electricity","Astar","false","false","false","REPORTED_VALUE","KH:electricity","false","false","Consumption by manufacturing, construction and non-fuel industry; physical line end 15248","Industry","","","",""
"KH","2019","Industry","IndustryFuel","biomass","DIRECT_FUEL","2487422","MWh/year","2487422.0","","IndustryFuel","EXPLICIT","/home/jin/research/SGP_ESE5004_Stage2/pypsa-asean/resources/baseline-aims-3H-tutorial/demand/base_industry_totals_2030.csv","2019","c62e8edab8451f93a4273f9214e6259306ea7e01a6ba9c85e7b7db48978aa404","Frozen derived cache; MWh/year -> MWh; raw/calorific provenance still pending","PENDING_ACCEPTED_COUNTRY_NODE_WEIGHTS","PENDING_ACCEPTED_SHAPE_AND_PHYSICAL_WEIGHTS","false","false","FIXED","FROZEN_UPSTREAM","REPRESENTATION_ACCEPTED_NUMERIC_PENDING","Base 2019 country/carrier sum of 13 cached industries; pre-NH3 deduction; raw calorific/feedstock boundary pending","KH:2019:Industry:IndustryFuel:biomass","IndustryFuel","true","true","false","POSITIVE_CACHE_VALUE","KH:biomass","false","false","KH/biomass; sum 13 columns","Industry","","","",""
"KH","2019","Industry","IndustryFuel","coal","DIRECT_FUEL","2986349.1999999997","MWh/year","2986349.1999999997","","IndustryFuel","EXPLICIT","/home/jin/research/SGP_ESE5004_Stage2/pypsa-asean/resources/baseline-aims-3H-tutorial/demand/base_industry_totals_2030.csv","2019","c62e8edab8451f93a4273f9214e6259306ea7e01a6ba9c85e7b7db48978aa404","Frozen derived cache; MWh/year -> MWh; raw/calorific provenance still pending","PENDING_ACCEPTED_COUNTRY_NODE_WEIGHTS","PENDING_ACCEPTED_SHAPE_AND_PHYSICAL_WEIGHTS","false","false","FIXED","FROZEN_UPSTREAM","REPRESENTATION_ACCEPTED_NUMERIC_PENDING","Base 2019 country/carrier sum of 13 cached industries; pre-NH3 deduction; raw calorific/feedstock boundary pending; MISSING_ENERGY_OBLIGATION in upstream add_industry","KH:2019:Industry:IndustryFuel:coal","IndustryFuel","true","true","false","POSITIVE_CACHE_VALUE","KH:coal","false","true","KH/coal; sum 13 columns","Industry","","","",""
"KH","2019","Industry","IndustryFuel","gas","DIRECT_FUEL","","MWh/year","","","IndustryFuel","EXPLICIT","/home/jin/research/SGP_ESE5004_Stage2/pypsa-asean/resources/baseline-aims-3H-tutorial/demand/base_industry_totals_2030.csv","2019","c62e8edab8451f93a4273f9214e6259306ea7e01a6ba9c85e7b7db48978aa404","Frozen derived cache; MWh/year -> MWh; raw/calorific provenance still pending","PENDING_ACCEPTED_COUNTRY_NODE_WEIGHTS","PENDING_ACCEPTED_SHAPE_AND_PHYSICAL_WEIGHTS","false","false","FIXED","MISSING","REPRESENTATION_ACCEPTED_NUMERIC_PENDING","Base 2019 country/carrier sum of 13 cached industries; pre-NH3 deduction; raw calorific/feedstock boundary pending","KH:2019:Industry:IndustryFuel:gas","IndustryFuel","true","true","false","MISSING","KH:gas","false","false","KH/gas; sum 13 columns","Industry","","","",""
"KH","2019","Industry","IndustryFuel","heat","DIRECT_FUEL","","MWh/year","","","IndustryFuel","PENDING","/home/jin/research/SGP_ESE5004_Stage2/pypsa-asean/resources/baseline-aims-3H-tutorial/demand/base_industry_totals_2030.csv","2019","c62e8edab8451f93a4273f9214e6259306ea7e01a6ba9c85e7b7db48978aa404","Frozen derived cache; MWh/year -> MWh; raw/calorific provenance still pending","PENDING_ACCEPTED_COUNTRY_NODE_WEIGHTS","PENDING_ACCEPTED_SHAPE_AND_PHYSICAL_WEIGHTS","false","false","FIXED","MISSING","REPRESENTATION_ACCEPTED_NUMERIC_PENDING","No accepted independent H2 or qualified heat service; no new service obligation","KH:2019:Industry:IndustryFuel:heat","IndustryFuel","false","false","false","MISSING","KH:heat","false","false","KH/heat; sum 13 columns","Industry","","","",""
"KH","2019","Industry","IndustryFuel","hydrogen","DIRECT_FUEL","","MWh/year","","","IndustryFuel","PENDING","/home/jin/research/SGP_ESE5004_Stage2/pypsa-asean/resources/baseline-aims-3H-tutorial/demand/base_industry_totals_2030.csv","2019","c62e8edab8451f93a4273f9214e6259306ea7e01a6ba9c85e7b7db48978aa404","Frozen derived cache; MWh/year -> MWh; raw/calorific provenance still pending","PENDING_ACCEPTED_COUNTRY_NODE_WEIGHTS","PENDING_ACCEPTED_SHAPE_AND_PHYSICAL_WEIGHTS","false","false","FIXED","MISSING","REPRESENTATION_ACCEPTED_NUMERIC_PENDING","No accepted independent H2 or qualified heat service; no new service obligation","KH:2019:Industry:IndustryFuel:hydrogen","IndustryFuel","false","false","false","MISSING","KH:hydrogen","false","false","KH/hydrogen; sum 13 columns","Industry","","","",""
"KH","2019","Industry","IndustryFuel","oil","DIRECT_FUEL","2882052","MWh/year","2882052.0","","IndustryFuel","EXPLICIT","/home/jin/research/SGP_ESE5004_Stage2/pypsa-asean/resources/baseline-aims-3H-tutorial/demand/base_industry_totals_2030.csv","2019","c62e8edab8451f93a4273f9214e6259306ea7e01a6ba9c85e7b7db48978aa404","Frozen derived cache; MWh/year -> MWh; raw/calorific provenance still pending","PENDING_ACCEPTED_COUNTRY_NODE_WEIGHTS","PENDING_ACCEPTED_SHAPE_AND_PHYSICAL_WEIGHTS","false","false","FIXED","FROZEN_UPSTREAM","REPRESENTATION_ACCEPTED_NUMERIC_PENDING","Base 2019 country/carrier sum of 13 cached industries; pre-NH3 deduction; raw calorific/feedstock boundary pending","KH:2019:Industry:IndustryFuel:oil","IndustryFuel","true","true","false","POSITIVE_CACHE_VALUE","KH:oil","false","false","KH/oil; sum 13 columns","Industry","","","",""
"KH","2019","Transport","DomesticAviationFuel","oil","DIRECT_FUEL","0.8465","TWh/year","846500.0","","DomesticAviationFuel","EXPLICIT","/home/jin/research/SGP_ESE5004_Stage2/pypsa-asean/resources/baseline-aims-3H-tutorial/energy_totals_base.csv","2019","af27beafc01cfb1920a23e632c05e858883a28efd9bbf94df3dfdba455fde261","Frozen derived cache; TWh/year -> MWh; raw/calorific provenance still pending","PENDING_ACCEPTED_COUNTRY_NODE_WEIGHTS","PENDING_ACCEPTED_SHAPE_AND_PHYSICAL_WEIGHTS","false","false","FIXED","FROZEN_UPSTREAM","REPRESENTATION_ACCEPTED_NUMERIC_PENDING","FIXED fuel obligation; FT is later endogenous supply. Review status: EXACT_SELECTED_CACHE_MATCH","KH:2019:Transport:DomesticAviationFuel:oil","DomesticAviationFuel","true","true","false","POSITIVE_CACHE_VALUE","KH:oil","false","false","KH/total domestic aviation; bunker_review.json KH/DomesticAviationFuel","bunker","","","",""
"KH","2019","Transport","DomesticShippingFuel","oil","DIRECT_FUEL","0.0","TWh/year","","","DomesticShippingFuel","EXPLICIT","/home/jin/research/SGP_ESE5004_Stage2/pypsa-asean/resources/baseline-aims-3H-tutorial/energy_totals_base.csv","2019","af27beafc01cfb1920a23e632c05e858883a28efd9bbf94df3dfdba455fde261","Frozen derived cache; TWh/year -> MWh; raw/calorific provenance still pending","PENDING_ACCEPTED_COUNTRY_NODE_WEIGHTS","PENDING_ACCEPTED_SHAPE_AND_PHYSICAL_WEIGHTS","false","false","FIXED","BLOCKER","REPRESENTATION_ACCEPTED_NUMERIC_PENDING","FIXED fuel obligation; FT is later endogenous supply. Review status: ZERO_WITHOUT_EXACT_SELECTED_RAW_WITH_OMITTED_TRANSACTION_OR_COMMODITY; cache zero has no certified raw-zero evidence; omitted transaction/commodity exists: no automatic correction","KH:2019:Transport:DomesticShippingFuel:oil","DomesticShippingFuel","true","true","false","CACHE_ZERO_UNVERIFIED","KH:oil","false","false","KH/total domestic navigation; bunker_review.json KH/DomesticShippingFuel","bunker","","","",""
"KH","2019","Transport","HistoricalRoadElectricity","electricity","DIRECT_ELECTRICITY","0.0","TWh/year","","Astar","HistoricalRoadElectricity","EMBEDDED","/home/jin/research/SGP_ESE5004_Stage2/pypsa-asean/resources/baseline-aims-3H-tutorial/energy_totals_base.csv","2019","af27beafc01cfb1920a23e632c05e858883a28efd9bbf94df3dfdba455fde261","Frozen derived cache; TWh/year -> MWh; raw/calorific provenance still pending","PENDING_ACCEPTED_COUNTRY_NODE_WEIGHTS","PENDING_ACCEPTED_SHAPE_AND_PHYSICAL_WEIGHTS","true","false","FIXED","MISSING","REPRESENTATION_ACCEPTED_NUMERIC_PENDING","Historical EV membership/quantity pending; retain any such energy inside Astar; no transfer performed; cache zero has no certified raw-zero evidence","KH:2019:Transport:HistoricalRoadElectricity:electricity","Astar","false","false","false","CACHE_ZERO_UNVERIFIED","KH:electricity","false","false","KH/road electricity","Transport","","","",""
"KH","2019","Transport","RailElectricity","electricity","EMBEDDED","","Kilowatt-hours, million","","Astar","RailElectricity","EMBEDDED","/home/jin/research/SGP_ESE5004_Stage2/pypsa-asean/data/demand/unsd/data/UNdata_Export_20250502_110820872.txt","2019","12c99b3c40927449d9a4d0402f255a8b84b24917ff58e54efd4ec43b2125fe6b","Exact raw transaction; million kWh * 1000 = MWh; no losses or AEO scaling","PENDING_ACCEPTED_COUNTRY_NODE_WEIGHTS","PENDING_ACCEPTED_SHAPE_AND_PHYSICAL_WEIGHTS","true","false","FIXED","MISSING","REPRESENTATION_ACCEPTED_NUMERIC_PENDING","Rail electricity occurs only within Astar; no independent rail Load","KH:2019:Transport:RailElectricity:electricity","Astar","false","false","false","MISSING","KH:electricity","false","false","Consumption by rail","Transport","","","",""
"KH","2019","Transport","RailFinalEnergyReference","mixed","DIRECT_FUEL","2.6984","TWh/year","2698400.0","","RailFinalEnergyReference","REFERENCE","/home/jin/research/SGP_ESE5004_Stage2/pypsa-asean/resources/baseline-aims-3H-tutorial/energy_totals_base.csv","2019","af27beafc01cfb1920a23e632c05e858883a28efd9bbf94df3dfdba455fde261","Frozen derived cache; TWh/year -> MWh; raw/calorific provenance still pending","PENDING_ACCEPTED_COUNTRY_NODE_WEIGHTS","PENDING_ACCEPTED_SHAPE_AND_PHYSICAL_WEIGHTS","false","false","FIXED","FROZEN_UPSTREAM","REPRESENTATION_ACCEPTED_NUMERIC_PENDING","Reference total only; fuel decomposition pending; no independent rail Load","KH:2019:Transport:RailFinalEnergyReference:mixed","RailFinalEnergyReference","false","false","false","POSITIVE_CACHE_VALUE","KH:mixed","false","false","KH/total rail","Transport","","","",""
"KH","2019","Transport","RoadParentFinalEnergy","all_final_energy","DIRECT_FUEL","20.3452","TWh/year","20345200.0","","RoadParentFinalEnergy","REFERENCE","/home/jin/research/SGP_ESE5004_Stage2/pypsa-asean/resources/baseline-aims-3H-tutorial/energy_totals_base.csv","2019","af27beafc01cfb1920a23e632c05e858883a28efd9bbf94df3dfdba455fde261","Frozen derived cache; TWh/year -> MWh; raw/calorific provenance still pending","PENDING_ACCEPTED_COUNTRY_NODE_WEIGHTS","PENDING_ACCEPTED_SHAPE_AND_PHYSICAL_WEIGHTS","false","false","FIXED","FROZEN_UPSTREAM","REPRESENTATION_ACCEPTED_NUMERIC_PENDING","Independent cached final-energy control, not an extra fuel Load; EV share not accepted","KH:2019:Transport:RoadParentFinalEnergy:all_final_energy","RoadParentFinalEnergy","false","false","false","POSITIVE_CACHE_VALUE","KH:all_final_energy","false","false","KH/total road","Transport","","","",""
"KH","2019","Transport","RoadResidualFuel","biomass","DIRECT_FUEL","0.0","TWh/year","","","RoadResidualFuel","EXPLICIT","/home/jin/research/SGP_ESE5004_Stage2/pypsa-asean/resources/baseline-aims-3H-tutorial/energy_totals_base.csv","2019","af27beafc01cfb1920a23e632c05e858883a28efd9bbf94df3dfdba455fde261","Frozen derived cache; TWh/year -> MWh; raw/calorific provenance still pending","PENDING_ACCEPTED_COUNTRY_NODE_WEIGHTS","PENDING_ACCEPTED_SHAPE_AND_PHYSICAL_WEIGHTS","false","false","FIXED","MISSING","REPRESENTATION_ACCEPTED_NUMERIC_PENDING","Base-year carrier observation; future residual vector requires accepted energy share and fuel composition; cache zero has no certified raw-zero evidence","KH:2019:Transport:RoadResidualFuel:biomass","RoadResidualFuel","true","true","false","CACHE_ZERO_UNVERIFIED","KH:biomass","false","false","KH/road biomass","Transport","","","",""
"KH","2019","Transport","RoadResidualFuel","gas","DIRECT_FUEL","0.0","TWh/year","","","RoadResidualFuel","EXPLICIT","/home/jin/research/SGP_ESE5004_Stage2/pypsa-asean/resources/baseline-aims-3H-tutorial/energy_totals_base.csv","2019","af27beafc01cfb1920a23e632c05e858883a28efd9bbf94df3dfdba455fde261","Frozen derived cache; TWh/year -> MWh; raw/calorific provenance still pending","PENDING_ACCEPTED_COUNTRY_NODE_WEIGHTS","PENDING_ACCEPTED_SHAPE_AND_PHYSICAL_WEIGHTS","false","false","FIXED","MISSING","REPRESENTATION_ACCEPTED_NUMERIC_PENDING","Base-year carrier observation; future residual vector requires accepted energy share and fuel composition; cache zero has no certified raw-zero evidence","KH:2019:Transport:RoadResidualFuel:gas","RoadResidualFuel","true","true","false","CACHE_ZERO_UNVERIFIED","KH:gas","false","false","KH/road gas","Transport","","","",""
"KH","2019","Transport","RoadResidualFuel","oil","DIRECT_FUEL","20.3452","TWh/year","20345200.0","","RoadResidualFuel","EXPLICIT","/home/jin/research/SGP_ESE5004_Stage2/pypsa-asean/resources/baseline-aims-3H-tutorial/energy_totals_base.csv","2019","af27beafc01cfb1920a23e632c05e858883a28efd9bbf94df3dfdba455fde261","Frozen derived cache; TWh/year -> MWh; raw/calorific provenance still pending","PENDING_ACCEPTED_COUNTRY_NODE_WEIGHTS","PENDING_ACCEPTED_SHAPE_AND_PHYSICAL_WEIGHTS","false","false","FIXED","FROZEN_UPSTREAM","REPRESENTATION_ACCEPTED_NUMERIC_PENDING","Base-year carrier observation; future residual vector requires accepted energy share and fuel composition","KH:2019:Transport:RoadResidualFuel:oil","RoadResidualFuel","true","true","false","POSITIVE_CACHE_VALUE","KH:oil","false","false","KH/road oil","Transport","","","",""
"KH","2019","Transport","TransportEmbeddedFuelParent","unclassified_fuel","UNCLASSIFIED","","","","","TransportEmbeddedFuelParent","EXPLICIT","","2019","","","PENDING_ACCEPTED_COUNTRY_NODE_WEIGHTS","PENDING_ACCEPTED_SHAPE_AND_PHYSICAL_WEIGHTS","false","false","FIXED","PENDING","REPRESENTATION_ACCEPTED_NUMERIC_PENDING","Rail fuel retained in one unresolved transport fuel parent; no extra rail oil Load or fabricated residual","KH:2019:Transport:TransportEmbeddedFuelParent:unclassified_fuel","TransportEmbeddedFuelParent","true","true","false","MISSING","","false","false","","Transport","","","",""
"KH","2030","Agriculture","AgricultureDirectElectricity","electricity","EMBEDDED","","","","Astar","AgricultureDirectElectricity","EMBEDDED","","2019","","","PENDING_ACCEPTED_COUNTRY_NODE_WEIGHTS","PENDING_ACCEPTED_SHAPE_AND_PHYSICAL_WEIGHTS","true","false","FIXED","PENDING","REPRESENTATION_ACCEPTED_NUMERIC_PENDING","Future direct electricity remains within Astar; no separate Load; growth unaccepted","KH:2030:Agriculture:AgricultureDirectElectricity:electricity","Astar","false","false","false","MISSING","KH:electricity","false","false","","Agriculture","","","",""
"KH","2030","Agriculture","AgricultureFinalEnergy","biomass","DIRECT_FUEL","","","","","AgricultureFinalEnergy","EXPLICIT","","2019","","","PENDING_ACCEPTED_COUNTRY_NODE_WEIGHTS","PENDING_ACCEPTED_SHAPE_AND_PHYSICAL_WEIGHTS","false","false","FIXED","PENDING","REPRESENTATION_ACCEPTED_NUMERIC_PENDING","PENDING_FUTURE_GROWTH; no DEFAULT or zero-growth assumption","KH:2030:Agriculture:AgricultureFinalEnergy:biomass","AgricultureFinalEnergy","true","true","false","MISSING","KH:biomass","false","false","","Agriculture","","","",""
"KH","2030","Agriculture","AgricultureFinalEnergy","coal","DIRECT_FUEL","","","","","AgricultureFinalEnergy","EXPLICIT","","2019","","","PENDING_ACCEPTED_COUNTRY_NODE_WEIGHTS","PENDING_ACCEPTED_SHAPE_AND_PHYSICAL_WEIGHTS","false","false","FIXED","PENDING","REPRESENTATION_ACCEPTED_NUMERIC_PENDING","PENDING_FUTURE_GROWTH; no DEFAULT or zero-growth assumption","KH:2030:Agriculture:AgricultureFinalEnergy:coal","AgricultureFinalEnergy","true","true","false","MISSING","KH:coal","false","false","","Agriculture","","","",""
"KH","2030","Agriculture","AgricultureFinalEnergy","oil","DIRECT_FUEL","","","","","AgricultureFinalEnergy","EXPLICIT","","2019","","","PENDING_ACCEPTED_COUNTRY_NODE_WEIGHTS","PENDING_ACCEPTED_SHAPE_AND_PHYSICAL_WEIGHTS","false","false","FIXED","PENDING","REPRESENTATION_ACCEPTED_NUMERIC_PENDING","PENDING_FUTURE_GROWTH; no DEFAULT or zero-growth assumption","KH:2030:Agriculture:AgricultureFinalEnergy:oil","AgricultureFinalEnergy","true","true","false","MISSING","KH:oil","false","false","","Agriculture","","","",""
"KH","2030","Buildings","ResidentialDirectElectricity","electricity","DIRECT_ELECTRICITY","","","","Astar","ResidentialDirectElectricity","EMBEDDED","","2019","","","PENDING_ACCEPTED_COUNTRY_NODE_WEIGHTS","PENDING_ACCEPTED_SHAPE_AND_PHYSICAL_WEIGHTS","true","false","FIXED","PENDING","REPRESENTATION_ACCEPTED_NUMERIC_PENDING","PENDING_FUTURE_GROWTH; separate R/S decomposition remains optional inside Astar","KH:2030:Buildings:ResidentialDirectElectricity:electricity","Astar","false","false","false","MISSING","KH:electricity","false","false","","Buildings","","","",""
"KH","2030","Buildings","ResidentialFuel","biomass","DIRECT_FUEL","","","","","ResidentialFuel","EXPLICIT","","2019","","","PENDING_ACCEPTED_COUNTRY_NODE_WEIGHTS","PENDING_ACCEPTED_SHAPE_AND_PHYSICAL_WEIGHTS","false","false","FIXED","PENDING","REPRESENTATION_ACCEPTED_NUMERIC_PENDING","PENDING_FUTURE_GROWTH; no default growth or heat conversion","KH:2030:Buildings:ResidentialFuel:biomass","ResidentialFuel","true","true","false","MISSING","KH:biomass","false","false","","Buildings","","","",""
"KH","2030","Buildings","ResidentialFuel","coal","DIRECT_FUEL","","","","","ResidentialFuel","EXPLICIT","","2019","","","PENDING_ACCEPTED_COUNTRY_NODE_WEIGHTS","PENDING_ACCEPTED_SHAPE_AND_PHYSICAL_WEIGHTS","false","false","FIXED","PENDING","REPRESENTATION_ACCEPTED_NUMERIC_PENDING","PENDING_FUTURE_GROWTH; no default growth or heat conversion","KH:2030:Buildings:ResidentialFuel:coal","ResidentialFuel","true","true","false","MISSING","KH:coal","false","false","","Buildings","","","",""
"KH","2030","Buildings","ResidentialFuel","gas","DIRECT_FUEL","","","","","ResidentialFuel","EXPLICIT","","2019","","","PENDING_ACCEPTED_COUNTRY_NODE_WEIGHTS","PENDING_ACCEPTED_SHAPE_AND_PHYSICAL_WEIGHTS","false","false","FIXED","PENDING","REPRESENTATION_ACCEPTED_NUMERIC_PENDING","PENDING_FUTURE_GROWTH; no default growth or heat conversion","KH:2030:Buildings:ResidentialFuel:gas","ResidentialFuel","true","true","false","MISSING","KH:gas","false","false","","Buildings","","","",""
"KH","2030","Buildings","ResidentialFuel","oil","DIRECT_FUEL","","","","","ResidentialFuel","EXPLICIT","","2019","","","PENDING_ACCEPTED_COUNTRY_NODE_WEIGHTS","PENDING_ACCEPTED_SHAPE_AND_PHYSICAL_WEIGHTS","false","false","FIXED","PENDING","REPRESENTATION_ACCEPTED_NUMERIC_PENDING","PENDING_FUTURE_GROWTH; no default growth or heat conversion","KH:2030:Buildings:ResidentialFuel:oil","ResidentialFuel","true","true","false","MISSING","KH:oil","false","false","","Buildings","","","",""
"KH","2030","Buildings","ServicesDirectElectricity","electricity","DIRECT_ELECTRICITY","","","","Astar","ServicesDirectElectricity","EMBEDDED","","2019","","","PENDING_ACCEPTED_COUNTRY_NODE_WEIGHTS","PENDING_ACCEPTED_SHAPE_AND_PHYSICAL_WEIGHTS","true","false","FIXED","PENDING","REPRESENTATION_ACCEPTED_NUMERIC_PENDING","PENDING_FUTURE_GROWTH; separate R/S decomposition remains optional inside Astar","KH:2030:Buildings:ServicesDirectElectricity:electricity","Astar","false","false","false","MISSING","KH:electricity","false","false","","Buildings","","","",""
"KH","2030","Buildings","ServicesFuel","biomass","DIRECT_FUEL","","","","","ServicesFuel","EXPLICIT","","2019","","","PENDING_ACCEPTED_COUNTRY_NODE_WEIGHTS","PENDING_ACCEPTED_SHAPE_AND_PHYSICAL_WEIGHTS","false","false","FIXED","PENDING","REPRESENTATION_ACCEPTED_NUMERIC_PENDING","PENDING_FUTURE_GROWTH; no default growth or heat conversion","KH:2030:Buildings:ServicesFuel:biomass","ServicesFuel","true","true","false","MISSING","KH:biomass","false","false","","Buildings","","","",""
"KH","2030","Buildings","ServicesFuel","coal","DIRECT_FUEL","","","","","ServicesFuel","EXPLICIT","","2019","","","PENDING_ACCEPTED_COUNTRY_NODE_WEIGHTS","PENDING_ACCEPTED_SHAPE_AND_PHYSICAL_WEIGHTS","false","false","FIXED","PENDING","REPRESENTATION_ACCEPTED_NUMERIC_PENDING","PENDING_FUTURE_GROWTH; no default growth or heat conversion","KH:2030:Buildings:ServicesFuel:coal","ServicesFuel","true","true","false","MISSING","KH:coal","false","false","","Buildings","","","",""
"KH","2030","Buildings","ServicesFuel","gas","DIRECT_FUEL","","","","","ServicesFuel","EXPLICIT","","2019","","","PENDING_ACCEPTED_COUNTRY_NODE_WEIGHTS","PENDING_ACCEPTED_SHAPE_AND_PHYSICAL_WEIGHTS","false","false","FIXED","PENDING","REPRESENTATION_ACCEPTED_NUMERIC_PENDING","PENDING_FUTURE_GROWTH; no default growth or heat conversion","KH:2030:Buildings:ServicesFuel:gas","ServicesFuel","true","true","false","MISSING","KH:gas","false","false","","Buildings","","","",""
"KH","2030","Buildings","ServicesFuel","oil","DIRECT_FUEL","","","","","ServicesFuel","EXPLICIT","","2019","","","PENDING_ACCEPTED_COUNTRY_NODE_WEIGHTS","PENDING_ACCEPTED_SHAPE_AND_PHYSICAL_WEIGHTS","false","false","FIXED","PENDING","REPRESENTATION_ACCEPTED_NUMERIC_PENDING","PENDING_FUTURE_GROWTH; no default growth or heat conversion","KH:2030:Buildings:ServicesFuel:oil","ServicesFuel","true","true","false","MISSING","KH:oil","false","false","","Buildings","","","",""
"KH","2030","Bunker","InternationalAviationBunker","oil","BUNKER_FUEL","","","","","InternationalAviationBunker","EXPLICIT","","2019","","","PENDING_ACCEPTED_COUNTRY_NODE_WEIGHTS","PENDING_ACCEPTED_SHAPE_AND_PHYSICAL_WEIGHTS","false","false","FIXED","PENDING","REPRESENTATION_ACCEPTED_NUMERIC_PENDING","PENDING_FUTURE_GROWTH; upstream default projection not accepted","KH:2030:Bunker:InternationalAviationBunker:oil","InternationalAviationBunker","true","true","false","MISSING","KH:oil","false","false","","bunker","","","",""
"KH","2030","Bunker","InternationalShippingBunker","oil","BUNKER_FUEL","","","","","InternationalShippingBunker","EXPLICIT","","2019","","","PENDING_ACCEPTED_COUNTRY_NODE_WEIGHTS","PENDING_ACCEPTED_SHAPE_AND_PHYSICAL_WEIGHTS","false","false","FIXED","PENDING","REPRESENTATION_ACCEPTED_NUMERIC_PENDING","PENDING_FUTURE_GROWTH; upstream default projection not accepted","KH:2030:Bunker:InternationalShippingBunker:oil","InternationalShippingBunker","true","true","false","MISSING","KH:oil","false","false","","bunker","","","",""
"KH","2030","Electricity","Astar","electricity","DIRECT_ELECTRICITY","","","","","Astar","EXPLICIT","","2019","","","PENDING_ACCEPTED_COUNTRY_NODE_WEIGHTS","PENDING_ACCEPTED_SHAPE_AND_PHYSICAL_WEIGHTS","true","false","FIXED","PENDING","REPRESENTATION_ACCEPTED_NUMERIC_PENDING","FUTURE_DIRECT_ELECTRICITY_PENDING; no AEO8 generation/DemandCast/default-growth fallback","KH:2030:Electricity:Astar:electricity","Astar","true","true","false","MISSING","KH:electricity","false","false","","electricity","","","",""
"KH","2030","Industry","IndustryDirectElectricity","electricity","EMBEDDED","","","","Astar","IndustryDirectElectricity","EMBEDDED","","2019","","","PENDING_ACCEPTED_COUNTRY_NODE_WEIGHTS","PENDING_ACCEPTED_SHAPE_AND_PHYSICAL_WEIGHTS","true","false","FIXED","PENDING","REPRESENTATION_ACCEPTED_NUMERIC_PENDING","Future direct electricity remains within Astar; no separate Load; growth unaccepted","KH:2030:Industry:IndustryDirectElectricity:electricity","Astar","false","false","false","MISSING","KH:electricity","false","false","","Industry","","","",""
"KH","2030","Industry","IndustryFinalEnergy","biomass","DIRECT_FUEL","","","","","IndustryFinalEnergy","EXPLICIT","","2019","","","PENDING_ACCEPTED_COUNTRY_NODE_WEIGHTS","PENDING_ACCEPTED_SHAPE_AND_PHYSICAL_WEIGHTS","false","false","FIXED","PENDING","REPRESENTATION_ACCEPTED_NUMERIC_PENDING","PENDING_FUTURE_GROWTH; no DEFAULT or zero-growth assumption","KH:2030:Industry:IndustryFinalEnergy:biomass","IndustryFinalEnergy","true","true","false","MISSING","KH:biomass","false","false","","Industry","","","",""
"KH","2030","Industry","IndustryFinalEnergy","coal","DIRECT_FUEL","","","","","IndustryFinalEnergy","EXPLICIT","","2019","","","PENDING_ACCEPTED_COUNTRY_NODE_WEIGHTS","PENDING_ACCEPTED_SHAPE_AND_PHYSICAL_WEIGHTS","false","false","FIXED","PENDING","REPRESENTATION_ACCEPTED_NUMERIC_PENDING","PENDING_FUTURE_GROWTH; no DEFAULT or zero-growth assumption","KH:2030:Industry:IndustryFinalEnergy:coal","IndustryFinalEnergy","true","true","false","MISSING","KH:coal","false","false","","Industry","","","",""
"KH","2030","Industry","IndustryFinalEnergy","gas","DIRECT_FUEL","","","","","IndustryFinalEnergy","EXPLICIT","","2019","","","PENDING_ACCEPTED_COUNTRY_NODE_WEIGHTS","PENDING_ACCEPTED_SHAPE_AND_PHYSICAL_WEIGHTS","false","false","FIXED","PENDING","REPRESENTATION_ACCEPTED_NUMERIC_PENDING","PENDING_FUTURE_GROWTH; no DEFAULT or zero-growth assumption","KH:2030:Industry:IndustryFinalEnergy:gas","IndustryFinalEnergy","true","true","false","MISSING","KH:gas","false","false","","Industry","","","",""
"KH","2030","Industry","IndustryFinalEnergy","oil","DIRECT_FUEL","","","","","IndustryFinalEnergy","EXPLICIT","","2019","","","PENDING_ACCEPTED_COUNTRY_NODE_WEIGHTS","PENDING_ACCEPTED_SHAPE_AND_PHYSICAL_WEIGHTS","false","false","FIXED","PENDING","REPRESENTATION_ACCEPTED_NUMERIC_PENDING","PENDING_FUTURE_GROWTH; no DEFAULT or zero-growth assumption","KH:2030:Industry:IndustryFinalEnergy:oil","IndustryFinalEnergy","true","true","false","MISSING","KH:oil","false","false","","Industry","","","",""
"KH","2030","Transport","DomesticAviationFuel","oil","DIRECT_FUEL","","","","","DomesticAviationFuel","EXPLICIT","","2019","","","PENDING_ACCEPTED_COUNTRY_NODE_WEIGHTS","PENDING_ACCEPTED_SHAPE_AND_PHYSICAL_WEIGHTS","false","false","FIXED","PENDING","REPRESENTATION_ACCEPTED_NUMERIC_PENDING","PENDING_FUTURE_GROWTH; upstream default projection not accepted","KH:2030:Transport:DomesticAviationFuel:oil","DomesticAviationFuel","true","true","false","MISSING","KH:oil","false","false","","bunker","","","",""
"KH","2030","Transport","DomesticShippingFuel","oil","DIRECT_FUEL","","","","","DomesticShippingFuel","EXPLICIT","","2019","","","PENDING_ACCEPTED_COUNTRY_NODE_WEIGHTS","PENDING_ACCEPTED_SHAPE_AND_PHYSICAL_WEIGHTS","false","false","FIXED","PENDING","REPRESENTATION_ACCEPTED_NUMERIC_PENDING","PENDING_FUTURE_GROWTH; upstream default projection not accepted","KH:2030:Transport:DomesticShippingFuel:oil","DomesticShippingFuel","true","true","false","MISSING","KH:oil","false","false","","bunker","","","",""
"KH","2030","Transport","RailElectricity","electricity","EMBEDDED","","","","Astar","RailElectricity","EMBEDDED","","2019","","","PENDING_ACCEPTED_COUNTRY_NODE_WEIGHTS","PENDING_ACCEPTED_SHAPE_AND_PHYSICAL_WEIGHTS","true","false","FIXED","PENDING","REPRESENTATION_ACCEPTED_NUMERIC_PENDING","Future rail stays in Astar once; decomposition pending","KH:2030:Transport:RailElectricity:electricity","Astar","false","false","false","MISSING","KH:electricity","false","false","","Transport","","","",""
"KH","2030","Transport","RoadEVFinalElectricity","electricity","DIRECT_ELECTRICITY","","","","","RoadEVFinalElectricity","EXPLICIT","","2019","","","PENDING_ACCEPTED_COUNTRY_NODE_WEIGHTS","PENDING_ACCEPTED_SHAPE_AND_PHYSICAL_WEIGHTS","false","false","FIXED","PENDING","REPRESENTATION_ACCEPTED_NUMERIC_PENDING","External final-energy share pending; future EV excluded from future direct Astar; no kWh/km proxy","KH:2030:Transport:RoadEVFinalElectricity:electricity","RoadEVFinalElectricity","true","true","false","MISSING","KH:electricity","false","false","","Transport","","","",""
"KH","2030","Transport","RoadResidualFuel","biomass","DIRECT_FUEL","","","","","RoadResidualFuel","EXPLICIT","","2019","","","PENDING_ACCEPTED_COUNTRY_NODE_WEIGHTS","PENDING_ACCEPTED_SHAPE_AND_PHYSICAL_WEIGHTS","false","false","FIXED","PENDING","REPRESENTATION_ACCEPTED_NUMERIC_PENDING","PENDING_FUTURE_GROWTH_AND_EV_ENERGY_PATH; carrier vector retained","KH:2030:Transport:RoadResidualFuel:biomass","RoadResidualFuel","true","true","false","MISSING","KH:biomass","false","false","","Transport","","","",""
"KH","2030","Transport","RoadResidualFuel","gas","DIRECT_FUEL","","","","","RoadResidualFuel","EXPLICIT","","2019","","","PENDING_ACCEPTED_COUNTRY_NODE_WEIGHTS","PENDING_ACCEPTED_SHAPE_AND_PHYSICAL_WEIGHTS","false","false","FIXED","PENDING","REPRESENTATION_ACCEPTED_NUMERIC_PENDING","PENDING_FUTURE_GROWTH_AND_EV_ENERGY_PATH; carrier vector retained","KH:2030:Transport:RoadResidualFuel:gas","RoadResidualFuel","true","true","false","MISSING","KH:gas","false","false","","Transport","","","",""
"KH","2030","Transport","RoadResidualFuel","oil","DIRECT_FUEL","","","","","RoadResidualFuel","EXPLICIT","","2019","","","PENDING_ACCEPTED_COUNTRY_NODE_WEIGHTS","PENDING_ACCEPTED_SHAPE_AND_PHYSICAL_WEIGHTS","false","false","FIXED","PENDING","REPRESENTATION_ACCEPTED_NUMERIC_PENDING","PENDING_FUTURE_GROWTH_AND_EV_ENERGY_PATH; carrier vector retained","KH:2030:Transport:RoadResidualFuel:oil","RoadResidualFuel","true","true","false","MISSING","KH:oil","false","false","","Transport","","","",""
"KH","2030","Transport","TransportEmbeddedFuelParent","unclassified_fuel","UNCLASSIFIED","","","","","TransportEmbeddedFuelParent","EXPLICIT","","2019","","","PENDING_ACCEPTED_COUNTRY_NODE_WEIGHTS","PENDING_ACCEPTED_SHAPE_AND_PHYSICAL_WEIGHTS","false","false","FIXED","PENDING","REPRESENTATION_ACCEPTED_NUMERIC_PENDING","Rail fuel remains within one pending transport fuel parent; no duplicate rail Load","KH:2030:Transport:TransportEmbeddedFuelParent:unclassified_fuel","TransportEmbeddedFuelParent","true","true","false","MISSING","","false","false","","Transport","","","",""
"KH","2040","Agriculture","AgricultureDirectElectricity","electricity","EMBEDDED","","","","Astar","AgricultureDirectElectricity","EMBEDDED","","2019","","","PENDING_ACCEPTED_COUNTRY_NODE_WEIGHTS","PENDING_ACCEPTED_SHAPE_AND_PHYSICAL_WEIGHTS","true","false","FIXED","PENDING","REPRESENTATION_ACCEPTED_NUMERIC_PENDING","Future direct electricity remains within Astar; no separate Load; growth unaccepted","KH:2040:Agriculture:AgricultureDirectElectricity:electricity","Astar","false","false","false","MISSING","KH:electricity","false","false","","Agriculture","","","",""
"KH","2040","Agriculture","AgricultureFinalEnergy","biomass","DIRECT_FUEL","","","","","AgricultureFinalEnergy","EXPLICIT","","2019","","","PENDING_ACCEPTED_COUNTRY_NODE_WEIGHTS","PENDING_ACCEPTED_SHAPE_AND_PHYSICAL_WEIGHTS","false","false","FIXED","PENDING","REPRESENTATION_ACCEPTED_NUMERIC_PENDING","PENDING_FUTURE_GROWTH; no DEFAULT or zero-growth assumption","KH:2040:Agriculture:AgricultureFinalEnergy:biomass","AgricultureFinalEnergy","true","true","false","MISSING","KH:biomass","false","false","","Agriculture","","","",""
"KH","2040","Agriculture","AgricultureFinalEnergy","coal","DIRECT_FUEL","","","","","AgricultureFinalEnergy","EXPLICIT","","2019","","","PENDING_ACCEPTED_COUNTRY_NODE_WEIGHTS","PENDING_ACCEPTED_SHAPE_AND_PHYSICAL_WEIGHTS","false","false","FIXED","PENDING","REPRESENTATION_ACCEPTED_NUMERIC_PENDING","PENDING_FUTURE_GROWTH; no DEFAULT or zero-growth assumption","KH:2040:Agriculture:AgricultureFinalEnergy:coal","AgricultureFinalEnergy","true","true","false","MISSING","KH:coal","false","false","","Agriculture","","","",""
"KH","2040","Agriculture","AgricultureFinalEnergy","oil","DIRECT_FUEL","","","","","AgricultureFinalEnergy","EXPLICIT","","2019","","","PENDING_ACCEPTED_COUNTRY_NODE_WEIGHTS","PENDING_ACCEPTED_SHAPE_AND_PHYSICAL_WEIGHTS","false","false","FIXED","PENDING","REPRESENTATION_ACCEPTED_NUMERIC_PENDING","PENDING_FUTURE_GROWTH; no DEFAULT or zero-growth assumption","KH:2040:Agriculture:AgricultureFinalEnergy:oil","AgricultureFinalEnergy","true","true","false","MISSING","KH:oil","false","false","","Agriculture","","","",""
"KH","2040","Buildings","ResidentialDirectElectricity","electricity","DIRECT_ELECTRICITY","","","","Astar","ResidentialDirectElectricity","EMBEDDED","","2019","","","PENDING_ACCEPTED_COUNTRY_NODE_WEIGHTS","PENDING_ACCEPTED_SHAPE_AND_PHYSICAL_WEIGHTS","true","false","FIXED","PENDING","REPRESENTATION_ACCEPTED_NUMERIC_PENDING","PENDING_FUTURE_GROWTH; separate R/S decomposition remains optional inside Astar","KH:2040:Buildings:ResidentialDirectElectricity:electricity","Astar","false","false","false","MISSING","KH:electricity","false","false","","Buildings","","","",""
"KH","2040","Buildings","ResidentialFuel","biomass","DIRECT_FUEL","","","","","ResidentialFuel","EXPLICIT","","2019","","","PENDING_ACCEPTED_COUNTRY_NODE_WEIGHTS","PENDING_ACCEPTED_SHAPE_AND_PHYSICAL_WEIGHTS","false","false","FIXED","PENDING","REPRESENTATION_ACCEPTED_NUMERIC_PENDING","PENDING_FUTURE_GROWTH; no default growth or heat conversion","KH:2040:Buildings:ResidentialFuel:biomass","ResidentialFuel","true","true","false","MISSING","KH:biomass","false","false","","Buildings","","","",""
"KH","2040","Buildings","ResidentialFuel","coal","DIRECT_FUEL","","","","","ResidentialFuel","EXPLICIT","","2019","","","PENDING_ACCEPTED_COUNTRY_NODE_WEIGHTS","PENDING_ACCEPTED_SHAPE_AND_PHYSICAL_WEIGHTS","false","false","FIXED","PENDING","REPRESENTATION_ACCEPTED_NUMERIC_PENDING","PENDING_FUTURE_GROWTH; no default growth or heat conversion","KH:2040:Buildings:ResidentialFuel:coal","ResidentialFuel","true","true","false","MISSING","KH:coal","false","false","","Buildings","","","",""
"KH","2040","Buildings","ResidentialFuel","gas","DIRECT_FUEL","","","","","ResidentialFuel","EXPLICIT","","2019","","","PENDING_ACCEPTED_COUNTRY_NODE_WEIGHTS","PENDING_ACCEPTED_SHAPE_AND_PHYSICAL_WEIGHTS","false","false","FIXED","PENDING","REPRESENTATION_ACCEPTED_NUMERIC_PENDING","PENDING_FUTURE_GROWTH; no default growth or heat conversion","KH:2040:Buildings:ResidentialFuel:gas","ResidentialFuel","true","true","false","MISSING","KH:gas","false","false","","Buildings","","","",""
"KH","2040","Buildings","ResidentialFuel","oil","DIRECT_FUEL","","","","","ResidentialFuel","EXPLICIT","","2019","","","PENDING_ACCEPTED_COUNTRY_NODE_WEIGHTS","PENDING_ACCEPTED_SHAPE_AND_PHYSICAL_WEIGHTS","false","false","FIXED","PENDING","REPRESENTATION_ACCEPTED_NUMERIC_PENDING","PENDING_FUTURE_GROWTH; no default growth or heat conversion","KH:2040:Buildings:ResidentialFuel:oil","ResidentialFuel","true","true","false","MISSING","KH:oil","false","false","","Buildings","","","",""
"KH","2040","Buildings","ServicesDirectElectricity","electricity","DIRECT_ELECTRICITY","","","","Astar","ServicesDirectElectricity","EMBEDDED","","2019","","","PENDING_ACCEPTED_COUNTRY_NODE_WEIGHTS","PENDING_ACCEPTED_SHAPE_AND_PHYSICAL_WEIGHTS","true","false","FIXED","PENDING","REPRESENTATION_ACCEPTED_NUMERIC_PENDING","PENDING_FUTURE_GROWTH; separate R/S decomposition remains optional inside Astar","KH:2040:Buildings:ServicesDirectElectricity:electricity","Astar","false","false","false","MISSING","KH:electricity","false","false","","Buildings","","","",""
"KH","2040","Buildings","ServicesFuel","biomass","DIRECT_FUEL","","","","","ServicesFuel","EXPLICIT","","2019","","","PENDING_ACCEPTED_COUNTRY_NODE_WEIGHTS","PENDING_ACCEPTED_SHAPE_AND_PHYSICAL_WEIGHTS","false","false","FIXED","PENDING","REPRESENTATION_ACCEPTED_NUMERIC_PENDING","PENDING_FUTURE_GROWTH; no default growth or heat conversion","KH:2040:Buildings:ServicesFuel:biomass","ServicesFuel","true","true","false","MISSING","KH:biomass","false","false","","Buildings","","","",""
"KH","2040","Buildings","ServicesFuel","coal","DIRECT_FUEL","","","","","ServicesFuel","EXPLICIT","","2019","","","PENDING_ACCEPTED_COUNTRY_NODE_WEIGHTS","PENDING_ACCEPTED_SHAPE_AND_PHYSICAL_WEIGHTS","false","false","FIXED","PENDING","REPRESENTATION_ACCEPTED_NUMERIC_PENDING","PENDING_FUTURE_GROWTH; no default growth or heat conversion","KH:2040:Buildings:ServicesFuel:coal","ServicesFuel","true","true","false","MISSING","KH:coal","false","false","","Buildings","","","",""
"KH","2040","Buildings","ServicesFuel","gas","DIRECT_FUEL","","","","","ServicesFuel","EXPLICIT","","2019","","","PENDING_ACCEPTED_COUNTRY_NODE_WEIGHTS","PENDING_ACCEPTED_SHAPE_AND_PHYSICAL_WEIGHTS","false","false","FIXED","PENDING","REPRESENTATION_ACCEPTED_NUMERIC_PENDING","PENDING_FUTURE_GROWTH; no default growth or heat conversion","KH:2040:Buildings:ServicesFuel:gas","ServicesFuel","true","true","false","MISSING","KH:gas","false","false","","Buildings","","","",""
"KH","2040","Buildings","ServicesFuel","oil","DIRECT_FUEL","","","","","ServicesFuel","EXPLICIT","","2019","","","PENDING_ACCEPTED_COUNTRY_NODE_WEIGHTS","PENDING_ACCEPTED_SHAPE_AND_PHYSICAL_WEIGHTS","false","false","FIXED","PENDING","REPRESENTATION_ACCEPTED_NUMERIC_PENDING","PENDING_FUTURE_GROWTH; no default growth or heat conversion","KH:2040:Buildings:ServicesFuel:oil","ServicesFuel","true","true","false","MISSING","KH:oil","false","false","","Buildings","","","",""
"KH","2040","Bunker","InternationalAviationBunker","oil","BUNKER_FUEL","","","","","InternationalAviationBunker","EXPLICIT","","2019","","","PENDING_ACCEPTED_COUNTRY_NODE_WEIGHTS","PENDING_ACCEPTED_SHAPE_AND_PHYSICAL_WEIGHTS","false","false","FIXED","PENDING","REPRESENTATION_ACCEPTED_NUMERIC_PENDING","PENDING_FUTURE_GROWTH; upstream default projection not accepted","KH:2040:Bunker:InternationalAviationBunker:oil","InternationalAviationBunker","true","true","false","MISSING","KH:oil","false","false","","bunker","","","",""
"KH","2040","Bunker","InternationalShippingBunker","oil","BUNKER_FUEL","","","","","InternationalShippingBunker","EXPLICIT","","2019","","","PENDING_ACCEPTED_COUNTRY_NODE_WEIGHTS","PENDING_ACCEPTED_SHAPE_AND_PHYSICAL_WEIGHTS","false","false","FIXED","PENDING","REPRESENTATION_ACCEPTED_NUMERIC_PENDING","PENDING_FUTURE_GROWTH; upstream default projection not accepted","KH:2040:Bunker:InternationalShippingBunker:oil","InternationalShippingBunker","true","true","false","MISSING","KH:oil","false","false","","bunker","","","",""
"KH","2040","Electricity","Astar","electricity","DIRECT_ELECTRICITY","","","","","Astar","EXPLICIT","","2019","","","PENDING_ACCEPTED_COUNTRY_NODE_WEIGHTS","PENDING_ACCEPTED_SHAPE_AND_PHYSICAL_WEIGHTS","true","false","FIXED","PENDING","REPRESENTATION_ACCEPTED_NUMERIC_PENDING","FUTURE_DIRECT_ELECTRICITY_PENDING; no AEO8 generation/DemandCast/default-growth fallback","KH:2040:Electricity:Astar:electricity","Astar","true","true","false","MISSING","KH:electricity","false","false","","electricity","","","",""
"KH","2040","Industry","IndustryDirectElectricity","electricity","EMBEDDED","","","","Astar","IndustryDirectElectricity","EMBEDDED","","2019","","","PENDING_ACCEPTED_COUNTRY_NODE_WEIGHTS","PENDING_ACCEPTED_SHAPE_AND_PHYSICAL_WEIGHTS","true","false","FIXED","PENDING","REPRESENTATION_ACCEPTED_NUMERIC_PENDING","Future direct electricity remains within Astar; no separate Load; growth unaccepted","KH:2040:Industry:IndustryDirectElectricity:electricity","Astar","false","false","false","MISSING","KH:electricity","false","false","","Industry","","","",""
"KH","2040","Industry","IndustryFinalEnergy","biomass","DIRECT_FUEL","","","","","IndustryFinalEnergy","EXPLICIT","","2019","","","PENDING_ACCEPTED_COUNTRY_NODE_WEIGHTS","PENDING_ACCEPTED_SHAPE_AND_PHYSICAL_WEIGHTS","false","false","FIXED","PENDING","REPRESENTATION_ACCEPTED_NUMERIC_PENDING","PENDING_FUTURE_GROWTH; no DEFAULT or zero-growth assumption","KH:2040:Industry:IndustryFinalEnergy:biomass","IndustryFinalEnergy","true","true","false","MISSING","KH:biomass","false","false","","Industry","","","",""
"KH","2040","Industry","IndustryFinalEnergy","coal","DIRECT_FUEL","","","","","IndustryFinalEnergy","EXPLICIT","","2019","","","PENDING_ACCEPTED_COUNTRY_NODE_WEIGHTS","PENDING_ACCEPTED_SHAPE_AND_PHYSICAL_WEIGHTS","false","false","FIXED","PENDING","REPRESENTATION_ACCEPTED_NUMERIC_PENDING","PENDING_FUTURE_GROWTH; no DEFAULT or zero-growth assumption","KH:2040:Industry:IndustryFinalEnergy:coal","IndustryFinalEnergy","true","true","false","MISSING","KH:coal","false","false","","Industry","","","",""
"KH","2040","Industry","IndustryFinalEnergy","gas","DIRECT_FUEL","","","","","IndustryFinalEnergy","EXPLICIT","","2019","","","PENDING_ACCEPTED_COUNTRY_NODE_WEIGHTS","PENDING_ACCEPTED_SHAPE_AND_PHYSICAL_WEIGHTS","false","false","FIXED","PENDING","REPRESENTATION_ACCEPTED_NUMERIC_PENDING","PENDING_FUTURE_GROWTH; no DEFAULT or zero-growth assumption","KH:2040:Industry:IndustryFinalEnergy:gas","IndustryFinalEnergy","true","true","false","MISSING","KH:gas","false","false","","Industry","","","",""
"KH","2040","Industry","IndustryFinalEnergy","oil","DIRECT_FUEL","","","","","IndustryFinalEnergy","EXPLICIT","","2019","","","PENDING_ACCEPTED_COUNTRY_NODE_WEIGHTS","PENDING_ACCEPTED_SHAPE_AND_PHYSICAL_WEIGHTS","false","false","FIXED","PENDING","REPRESENTATION_ACCEPTED_NUMERIC_PENDING","PENDING_FUTURE_GROWTH; no DEFAULT or zero-growth assumption","KH:2040:Industry:IndustryFinalEnergy:oil","IndustryFinalEnergy","true","true","false","MISSING","KH:oil","false","false","","Industry","","","",""
"KH","2040","Transport","DomesticAviationFuel","oil","DIRECT_FUEL","","","","","DomesticAviationFuel","EXPLICIT","","2019","","","PENDING_ACCEPTED_COUNTRY_NODE_WEIGHTS","PENDING_ACCEPTED_SHAPE_AND_PHYSICAL_WEIGHTS","false","false","FIXED","PENDING","REPRESENTATION_ACCEPTED_NUMERIC_PENDING","PENDING_FUTURE_GROWTH; upstream default projection not accepted","KH:2040:Transport:DomesticAviationFuel:oil","DomesticAviationFuel","true","true","false","MISSING","KH:oil","false","false","","bunker","","","",""
"KH","2040","Transport","DomesticShippingFuel","oil","DIRECT_FUEL","","","","","DomesticShippingFuel","EXPLICIT","","2019","","","PENDING_ACCEPTED_COUNTRY_NODE_WEIGHTS","PENDING_ACCEPTED_SHAPE_AND_PHYSICAL_WEIGHTS","false","false","FIXED","PENDING","REPRESENTATION_ACCEPTED_NUMERIC_PENDING","PENDING_FUTURE_GROWTH; upstream default projection not accepted","KH:2040:Transport:DomesticShippingFuel:oil","DomesticShippingFuel","true","true","false","MISSING","KH:oil","false","false","","bunker","","","",""
"KH","2040","Transport","RailElectricity","electricity","EMBEDDED","","","","Astar","RailElectricity","EMBEDDED","","2019","","","PENDING_ACCEPTED_COUNTRY_NODE_WEIGHTS","PENDING_ACCEPTED_SHAPE_AND_PHYSICAL_WEIGHTS","true","false","FIXED","PENDING","REPRESENTATION_ACCEPTED_NUMERIC_PENDING","Future rail stays in Astar once; decomposition pending","KH:2040:Transport:RailElectricity:electricity","Astar","false","false","false","MISSING","KH:electricity","false","false","","Transport","","","",""
"KH","2040","Transport","RoadEVFinalElectricity","electricity","DIRECT_ELECTRICITY","","","","","RoadEVFinalElectricity","EXPLICIT","","2019","","","PENDING_ACCEPTED_COUNTRY_NODE_WEIGHTS","PENDING_ACCEPTED_SHAPE_AND_PHYSICAL_WEIGHTS","false","false","FIXED","PENDING","REPRESENTATION_ACCEPTED_NUMERIC_PENDING","External final-energy share pending; future EV excluded from future direct Astar; no kWh/km proxy","KH:2040:Transport:RoadEVFinalElectricity:electricity","RoadEVFinalElectricity","true","true","false","MISSING","KH:electricity","false","false","","Transport","","","",""
"KH","2040","Transport","RoadResidualFuel","biomass","DIRECT_FUEL","","","","","RoadResidualFuel","EXPLICIT","","2019","","","PENDING_ACCEPTED_COUNTRY_NODE_WEIGHTS","PENDING_ACCEPTED_SHAPE_AND_PHYSICAL_WEIGHTS","false","false","FIXED","PENDING","REPRESENTATION_ACCEPTED_NUMERIC_PENDING","PENDING_FUTURE_GROWTH_AND_EV_ENERGY_PATH; carrier vector retained","KH:2040:Transport:RoadResidualFuel:biomass","RoadResidualFuel","true","true","false","MISSING","KH:biomass","false","false","","Transport","","","",""
"KH","2040","Transport","RoadResidualFuel","gas","DIRECT_FUEL","","","","","RoadResidualFuel","EXPLICIT","","2019","","","PENDING_ACCEPTED_COUNTRY_NODE_WEIGHTS","PENDING_ACCEPTED_SHAPE_AND_PHYSICAL_WEIGHTS","false","false","FIXED","PENDING","REPRESENTATION_ACCEPTED_NUMERIC_PENDING","PENDING_FUTURE_GROWTH_AND_EV_ENERGY_PATH; carrier vector retained","KH:2040:Transport:RoadResidualFuel:gas","RoadResidualFuel","true","true","false","MISSING","KH:gas","false","false","","Transport","","","",""
"KH","2040","Transport","RoadResidualFuel","oil","DIRECT_FUEL","","","","","RoadResidualFuel","EXPLICIT","","2019","","","PENDING_ACCEPTED_COUNTRY_NODE_WEIGHTS","PENDING_ACCEPTED_SHAPE_AND_PHYSICAL_WEIGHTS","false","false","FIXED","PENDING","REPRESENTATION_ACCEPTED_NUMERIC_PENDING","PENDING_FUTURE_GROWTH_AND_EV_ENERGY_PATH; carrier vector retained","KH:2040:Transport:RoadResidualFuel:oil","RoadResidualFuel","true","true","false","MISSING","KH:oil","false","false","","Transport","","","",""
"KH","2040","Transport","TransportEmbeddedFuelParent","unclassified_fuel","UNCLASSIFIED","","","","","TransportEmbeddedFuelParent","EXPLICIT","","2019","","","PENDING_ACCEPTED_COUNTRY_NODE_WEIGHTS","PENDING_ACCEPTED_SHAPE_AND_PHYSICAL_WEIGHTS","false","false","FIXED","PENDING","REPRESENTATION_ACCEPTED_NUMERIC_PENDING","Rail fuel remains within one pending transport fuel parent; no duplicate rail Load","KH:2040:Transport:TransportEmbeddedFuelParent:unclassified_fuel","TransportEmbeddedFuelParent","true","true","false","MISSING","","false","false","","Transport","","","",""
"KH","2050","Agriculture","AgricultureDirectElectricity","electricity","EMBEDDED","","","","Astar","AgricultureDirectElectricity","EMBEDDED","","2019","","","PENDING_ACCEPTED_COUNTRY_NODE_WEIGHTS","PENDING_ACCEPTED_SHAPE_AND_PHYSICAL_WEIGHTS","true","false","FIXED","PENDING","REPRESENTATION_ACCEPTED_NUMERIC_PENDING","Future direct electricity remains within Astar; no separate Load; growth unaccepted","KH:2050:Agriculture:AgricultureDirectElectricity:electricity","Astar","false","false","false","MISSING","KH:electricity","false","false","","Agriculture","","","",""
"KH","2050","Agriculture","AgricultureFinalEnergy","biomass","DIRECT_FUEL","","","","","AgricultureFinalEnergy","EXPLICIT","","2019","","","PENDING_ACCEPTED_COUNTRY_NODE_WEIGHTS","PENDING_ACCEPTED_SHAPE_AND_PHYSICAL_WEIGHTS","false","false","FIXED","PENDING","REPRESENTATION_ACCEPTED_NUMERIC_PENDING","PENDING_FUTURE_GROWTH; no DEFAULT or zero-growth assumption","KH:2050:Agriculture:AgricultureFinalEnergy:biomass","AgricultureFinalEnergy","true","true","false","MISSING","KH:biomass","false","false","","Agriculture","","","",""
"KH","2050","Agriculture","AgricultureFinalEnergy","coal","DIRECT_FUEL","","","","","AgricultureFinalEnergy","EXPLICIT","","2019","","","PENDING_ACCEPTED_COUNTRY_NODE_WEIGHTS","PENDING_ACCEPTED_SHAPE_AND_PHYSICAL_WEIGHTS","false","false","FIXED","PENDING","REPRESENTATION_ACCEPTED_NUMERIC_PENDING","PENDING_FUTURE_GROWTH; no DEFAULT or zero-growth assumption","KH:2050:Agriculture:AgricultureFinalEnergy:coal","AgricultureFinalEnergy","true","true","false","MISSING","KH:coal","false","false","","Agriculture","","","",""
"KH","2050","Agriculture","AgricultureFinalEnergy","oil","DIRECT_FUEL","","","","","AgricultureFinalEnergy","EXPLICIT","","2019","","","PENDING_ACCEPTED_COUNTRY_NODE_WEIGHTS","PENDING_ACCEPTED_SHAPE_AND_PHYSICAL_WEIGHTS","false","false","FIXED","PENDING","REPRESENTATION_ACCEPTED_NUMERIC_PENDING","PENDING_FUTURE_GROWTH; no DEFAULT or zero-growth assumption","KH:2050:Agriculture:AgricultureFinalEnergy:oil","AgricultureFinalEnergy","true","true","false","MISSING","KH:oil","false","false","","Agriculture","","","",""
"KH","2050","Buildings","ResidentialDirectElectricity","electricity","DIRECT_ELECTRICITY","","","","Astar","ResidentialDirectElectricity","EMBEDDED","","2019","","","PENDING_ACCEPTED_COUNTRY_NODE_WEIGHTS","PENDING_ACCEPTED_SHAPE_AND_PHYSICAL_WEIGHTS","true","false","FIXED","PENDING","REPRESENTATION_ACCEPTED_NUMERIC_PENDING","PENDING_FUTURE_GROWTH; separate R/S decomposition remains optional inside Astar","KH:2050:Buildings:ResidentialDirectElectricity:electricity","Astar","false","false","false","MISSING","KH:electricity","false","false","","Buildings","","","",""
"KH","2050","Buildings","ResidentialFuel","biomass","DIRECT_FUEL","","","","","ResidentialFuel","EXPLICIT","","2019","","","PENDING_ACCEPTED_COUNTRY_NODE_WEIGHTS","PENDING_ACCEPTED_SHAPE_AND_PHYSICAL_WEIGHTS","false","false","FIXED","PENDING","REPRESENTATION_ACCEPTED_NUMERIC_PENDING","PENDING_FUTURE_GROWTH; no default growth or heat conversion","KH:2050:Buildings:ResidentialFuel:biomass","ResidentialFuel","true","true","false","MISSING","KH:biomass","false","false","","Buildings","","","",""
"KH","2050","Buildings","ResidentialFuel","coal","DIRECT_FUEL","","","","","ResidentialFuel","EXPLICIT","","2019","","","PENDING_ACCEPTED_COUNTRY_NODE_WEIGHTS","PENDING_ACCEPTED_SHAPE_AND_PHYSICAL_WEIGHTS","false","false","FIXED","PENDING","REPRESENTATION_ACCEPTED_NUMERIC_PENDING","PENDING_FUTURE_GROWTH; no default growth or heat conversion","KH:2050:Buildings:ResidentialFuel:coal","ResidentialFuel","true","true","false","MISSING","KH:coal","false","false","","Buildings","","","",""
"KH","2050","Buildings","ResidentialFuel","gas","DIRECT_FUEL","","","","","ResidentialFuel","EXPLICIT","","2019","","","PENDING_ACCEPTED_COUNTRY_NODE_WEIGHTS","PENDING_ACCEPTED_SHAPE_AND_PHYSICAL_WEIGHTS","false","false","FIXED","PENDING","REPRESENTATION_ACCEPTED_NUMERIC_PENDING","PENDING_FUTURE_GROWTH; no default growth or heat conversion","KH:2050:Buildings:ResidentialFuel:gas","ResidentialFuel","true","true","false","MISSING","KH:gas","false","false","","Buildings","","","",""
"KH","2050","Buildings","ResidentialFuel","oil","DIRECT_FUEL","","","","","ResidentialFuel","EXPLICIT","","2019","","","PENDING_ACCEPTED_COUNTRY_NODE_WEIGHTS","PENDING_ACCEPTED_SHAPE_AND_PHYSICAL_WEIGHTS","false","false","FIXED","PENDING","REPRESENTATION_ACCEPTED_NUMERIC_PENDING","PENDING_FUTURE_GROWTH; no default growth or heat conversion","KH:2050:Buildings:ResidentialFuel:oil","ResidentialFuel","true","true","false","MISSING","KH:oil","false","false","","Buildings","","","",""
"KH","2050","Buildings","ServicesDirectElectricity","electricity","DIRECT_ELECTRICITY","","","","Astar","ServicesDirectElectricity","EMBEDDED","","2019","","","PENDING_ACCEPTED_COUNTRY_NODE_WEIGHTS","PENDING_ACCEPTED_SHAPE_AND_PHYSICAL_WEIGHTS","true","false","FIXED","PENDING","REPRESENTATION_ACCEPTED_NUMERIC_PENDING","PENDING_FUTURE_GROWTH; separate R/S decomposition remains optional inside Astar","KH:2050:Buildings:ServicesDirectElectricity:electricity","Astar","false","false","false","MISSING","KH:electricity","false","false","","Buildings","","","",""
"KH","2050","Buildings","ServicesFuel","biomass","DIRECT_FUEL","","","","","ServicesFuel","EXPLICIT","","2019","","","PENDING_ACCEPTED_COUNTRY_NODE_WEIGHTS","PENDING_ACCEPTED_SHAPE_AND_PHYSICAL_WEIGHTS","false","false","FIXED","PENDING","REPRESENTATION_ACCEPTED_NUMERIC_PENDING","PENDING_FUTURE_GROWTH; no default growth or heat conversion","KH:2050:Buildings:ServicesFuel:biomass","ServicesFuel","true","true","false","MISSING","KH:biomass","false","false","","Buildings","","","",""
"KH","2050","Buildings","ServicesFuel","coal","DIRECT_FUEL","","","","","ServicesFuel","EXPLICIT","","2019","","","PENDING_ACCEPTED_COUNTRY_NODE_WEIGHTS","PENDING_ACCEPTED_SHAPE_AND_PHYSICAL_WEIGHTS","false","false","FIXED","PENDING","REPRESENTATION_ACCEPTED_NUMERIC_PENDING","PENDING_FUTURE_GROWTH; no default growth or heat conversion","KH:2050:Buildings:ServicesFuel:coal","ServicesFuel","true","true","false","MISSING","KH:coal","false","false","","Buildings","","","",""
"KH","2050","Buildings","ServicesFuel","gas","DIRECT_FUEL","","","","","ServicesFuel","EXPLICIT","","2019","","","PENDING_ACCEPTED_COUNTRY_NODE_WEIGHTS","PENDING_ACCEPTED_SHAPE_AND_PHYSICAL_WEIGHTS","false","false","FIXED","PENDING","REPRESENTATION_ACCEPTED_NUMERIC_PENDING","PENDING_FUTURE_GROWTH; no default growth or heat conversion","KH:2050:Buildings:ServicesFuel:gas","ServicesFuel","true","true","false","MISSING","KH:gas","false","false","","Buildings","","","",""
"KH","2050","Buildings","ServicesFuel","oil","DIRECT_FUEL","","","","","ServicesFuel","EXPLICIT","","2019","","","PENDING_ACCEPTED_COUNTRY_NODE_WEIGHTS","PENDING_ACCEPTED_SHAPE_AND_PHYSICAL_WEIGHTS","false","false","FIXED","PENDING","REPRESENTATION_ACCEPTED_NUMERIC_PENDING","PENDING_FUTURE_GROWTH; no default growth or heat conversion","KH:2050:Buildings:ServicesFuel:oil","ServicesFuel","true","true","false","MISSING","KH:oil","false","false","","Buildings","","","",""
"KH","2050","Bunker","InternationalAviationBunker","oil","BUNKER_FUEL","","","","","InternationalAviationBunker","EXPLICIT","","2019","","","PENDING_ACCEPTED_COUNTRY_NODE_WEIGHTS","PENDING_ACCEPTED_SHAPE_AND_PHYSICAL_WEIGHTS","false","false","FIXED","PENDING","REPRESENTATION_ACCEPTED_NUMERIC_PENDING","PENDING_FUTURE_GROWTH; upstream default projection not accepted","KH:2050:Bunker:InternationalAviationBunker:oil","InternationalAviationBunker","true","true","false","MISSING","KH:oil","false","false","","bunker","","","",""
"KH","2050","Bunker","InternationalShippingBunker","oil","BUNKER_FUEL","","","","","InternationalShippingBunker","EXPLICIT","","2019","","","PENDING_ACCEPTED_COUNTRY_NODE_WEIGHTS","PENDING_ACCEPTED_SHAPE_AND_PHYSICAL_WEIGHTS","false","false","FIXED","PENDING","REPRESENTATION_ACCEPTED_NUMERIC_PENDING","PENDING_FUTURE_GROWTH; upstream default projection not accepted","KH:2050:Bunker:InternationalShippingBunker:oil","InternationalShippingBunker","true","true","false","MISSING","KH:oil","false","false","","bunker","","","",""
"KH","2050","Electricity","Astar","electricity","DIRECT_ELECTRICITY","","","","","Astar","EXPLICIT","","2019","","","PENDING_ACCEPTED_COUNTRY_NODE_WEIGHTS","PENDING_ACCEPTED_SHAPE_AND_PHYSICAL_WEIGHTS","true","false","FIXED","PENDING","REPRESENTATION_ACCEPTED_NUMERIC_PENDING","FUTURE_DIRECT_ELECTRICITY_PENDING; no AEO8 generation/DemandCast/default-growth fallback","KH:2050:Electricity:Astar:electricity","Astar","true","true","false","MISSING","KH:electricity","false","false","","electricity","","","",""
"KH","2050","Industry","IndustryDirectElectricity","electricity","EMBEDDED","","","","Astar","IndustryDirectElectricity","EMBEDDED","","2019","","","PENDING_ACCEPTED_COUNTRY_NODE_WEIGHTS","PENDING_ACCEPTED_SHAPE_AND_PHYSICAL_WEIGHTS","true","false","FIXED","PENDING","REPRESENTATION_ACCEPTED_NUMERIC_PENDING","Future direct electricity remains within Astar; no separate Load; growth unaccepted","KH:2050:Industry:IndustryDirectElectricity:electricity","Astar","false","false","false","MISSING","KH:electricity","false","false","","Industry","","","",""
"KH","2050","Industry","IndustryFinalEnergy","biomass","DIRECT_FUEL","","","","","IndustryFinalEnergy","EXPLICIT","","2019","","","PENDING_ACCEPTED_COUNTRY_NODE_WEIGHTS","PENDING_ACCEPTED_SHAPE_AND_PHYSICAL_WEIGHTS","false","false","FIXED","PENDING","REPRESENTATION_ACCEPTED_NUMERIC_PENDING","PENDING_FUTURE_GROWTH; no DEFAULT or zero-growth assumption","KH:2050:Industry:IndustryFinalEnergy:biomass","IndustryFinalEnergy","true","true","false","MISSING","KH:biomass","false","false","","Industry","","","",""
"KH","2050","Industry","IndustryFinalEnergy","coal","DIRECT_FUEL","","","","","IndustryFinalEnergy","EXPLICIT","","2019","","","PENDING_ACCEPTED_COUNTRY_NODE_WEIGHTS","PENDING_ACCEPTED_SHAPE_AND_PHYSICAL_WEIGHTS","false","false","FIXED","PENDING","REPRESENTATION_ACCEPTED_NUMERIC_PENDING","PENDING_FUTURE_GROWTH; no DEFAULT or zero-growth assumption","KH:2050:Industry:IndustryFinalEnergy:coal","IndustryFinalEnergy","true","true","false","MISSING","KH:coal","false","false","","Industry","","","",""
"KH","2050","Industry","IndustryFinalEnergy","gas","DIRECT_FUEL","","","","","IndustryFinalEnergy","EXPLICIT","","2019","","","PENDING_ACCEPTED_COUNTRY_NODE_WEIGHTS","PENDING_ACCEPTED_SHAPE_AND_PHYSICAL_WEIGHTS","false","false","FIXED","PENDING","REPRESENTATION_ACCEPTED_NUMERIC_PENDING","PENDING_FUTURE_GROWTH; no DEFAULT or zero-growth assumption","KH:2050:Industry:IndustryFinalEnergy:gas","IndustryFinalEnergy","true","true","false","MISSING","KH:gas","false","false","","Industry","","","",""
"KH","2050","Industry","IndustryFinalEnergy","oil","DIRECT_FUEL","","","","","IndustryFinalEnergy","EXPLICIT","","2019","","","PENDING_ACCEPTED_COUNTRY_NODE_WEIGHTS","PENDING_ACCEPTED_SHAPE_AND_PHYSICAL_WEIGHTS","false","false","FIXED","PENDING","REPRESENTATION_ACCEPTED_NUMERIC_PENDING","PENDING_FUTURE_GROWTH; no DEFAULT or zero-growth assumption","KH:2050:Industry:IndustryFinalEnergy:oil","IndustryFinalEnergy","true","true","false","MISSING","KH:oil","false","false","","Industry","","","",""
"KH","2050","Transport","DomesticAviationFuel","oil","DIRECT_FUEL","","","","","DomesticAviationFuel","EXPLICIT","","2019","","","PENDING_ACCEPTED_COUNTRY_NODE_WEIGHTS","PENDING_ACCEPTED_SHAPE_AND_PHYSICAL_WEIGHTS","false","false","FIXED","PENDING","REPRESENTATION_ACCEPTED_NUMERIC_PENDING","PENDING_FUTURE_GROWTH; upstream default projection not accepted","KH:2050:Transport:DomesticAviationFuel:oil","DomesticAviationFuel","true","true","false","MISSING","KH:oil","false","false","","bunker","","","",""
"KH","2050","Transport","DomesticShippingFuel","oil","DIRECT_FUEL","","","","","DomesticShippingFuel","EXPLICIT","","2019","","","PENDING_ACCEPTED_COUNTRY_NODE_WEIGHTS","PENDING_ACCEPTED_SHAPE_AND_PHYSICAL_WEIGHTS","false","false","FIXED","PENDING","REPRESENTATION_ACCEPTED_NUMERIC_PENDING","PENDING_FUTURE_GROWTH; upstream default projection not accepted","KH:2050:Transport:DomesticShippingFuel:oil","DomesticShippingFuel","true","true","false","MISSING","KH:oil","false","false","","bunker","","","",""
"KH","2050","Transport","RailElectricity","electricity","EMBEDDED","","","","Astar","RailElectricity","EMBEDDED","","2019","","","PENDING_ACCEPTED_COUNTRY_NODE_WEIGHTS","PENDING_ACCEPTED_SHAPE_AND_PHYSICAL_WEIGHTS","true","false","FIXED","PENDING","REPRESENTATION_ACCEPTED_NUMERIC_PENDING","Future rail stays in Astar once; decomposition pending","KH:2050:Transport:RailElectricity:electricity","Astar","false","false","false","MISSING","KH:electricity","false","false","","Transport","","","",""
"KH","2050","Transport","RoadEVFinalElectricity","electricity","DIRECT_ELECTRICITY","","","","","RoadEVFinalElectricity","EXPLICIT","","2019","","","PENDING_ACCEPTED_COUNTRY_NODE_WEIGHTS","PENDING_ACCEPTED_SHAPE_AND_PHYSICAL_WEIGHTS","false","false","FIXED","PENDING","REPRESENTATION_ACCEPTED_NUMERIC_PENDING","External final-energy share pending; future EV excluded from future direct Astar; no kWh/km proxy","KH:2050:Transport:RoadEVFinalElectricity:electricity","RoadEVFinalElectricity","true","true","false","MISSING","KH:electricity","false","false","","Transport","","","",""
"KH","2050","Transport","RoadResidualFuel","biomass","DIRECT_FUEL","","","","","RoadResidualFuel","EXPLICIT","","2019","","","PENDING_ACCEPTED_COUNTRY_NODE_WEIGHTS","PENDING_ACCEPTED_SHAPE_AND_PHYSICAL_WEIGHTS","false","false","FIXED","PENDING","REPRESENTATION_ACCEPTED_NUMERIC_PENDING","PENDING_FUTURE_GROWTH_AND_EV_ENERGY_PATH; carrier vector retained","KH:2050:Transport:RoadResidualFuel:biomass","RoadResidualFuel","true","true","false","MISSING","KH:biomass","false","false","","Transport","","","",""
"KH","2050","Transport","RoadResidualFuel","gas","DIRECT_FUEL","","","","","RoadResidualFuel","EXPLICIT","","2019","","","PENDING_ACCEPTED_COUNTRY_NODE_WEIGHTS","PENDING_ACCEPTED_SHAPE_AND_PHYSICAL_WEIGHTS","false","false","FIXED","PENDING","REPRESENTATION_ACCEPTED_NUMERIC_PENDING","PENDING_FUTURE_GROWTH_AND_EV_ENERGY_PATH; carrier vector retained","KH:2050:Transport:RoadResidualFuel:gas","RoadResidualFuel","true","true","false","MISSING","KH:gas","false","false","","Transport","","","",""
"KH","2050","Transport","RoadResidualFuel","oil","DIRECT_FUEL","","","","","RoadResidualFuel","EXPLICIT","","2019","","","PENDING_ACCEPTED_COUNTRY_NODE_WEIGHTS","PENDING_ACCEPTED_SHAPE_AND_PHYSICAL_WEIGHTS","false","false","FIXED","PENDING","REPRESENTATION_ACCEPTED_NUMERIC_PENDING","PENDING_FUTURE_GROWTH_AND_EV_ENERGY_PATH; carrier vector retained","KH:2050:Transport:RoadResidualFuel:oil","RoadResidualFuel","true","true","false","MISSING","KH:oil","false","false","","Transport","","","",""
"KH","2050","Transport","TransportEmbeddedFuelParent","unclassified_fuel","UNCLASSIFIED","","","","","TransportEmbeddedFuelParent","EXPLICIT","","2019","","","PENDING_ACCEPTED_COUNTRY_NODE_WEIGHTS","PENDING_ACCEPTED_SHAPE_AND_PHYSICAL_WEIGHTS","false","false","FIXED","PENDING","REPRESENTATION_ACCEPTED_NUMERIC_PENDING","Rail fuel remains within one pending transport fuel parent; no duplicate rail Load","KH:2050:Transport:TransportEmbeddedFuelParent:unclassified_fuel","TransportEmbeddedFuelParent","true","true","false","MISSING","","false","false","","Transport","","","",""
"LA","2019","Agriculture","AgricultureFinalEnergy","biomass","DIRECT_FUEL","0.0","TWh/year","","","AgricultureFinalEnergy","EXPLICIT","/home/jin/research/SGP_ESE5004_Stage2/pypsa-asean/resources/baseline-aims-3H-tutorial/energy_totals_base.csv","2019","af27beafc01cfb1920a23e632c05e858883a28efd9bbf94df3dfdba455fde261","Frozen derived cache; TWh/year -> MWh; raw/calorific provenance still pending","PENDING_ACCEPTED_COUNTRY_NODE_WEIGHTS","PENDING_ACCEPTED_SHAPE_AND_PHYSICAL_WEIGHTS","false","false","FIXED","MISSING","REPRESENTATION_ACCEPTED_NUMERIC_PENDING","No agriculture technology model; retain each original fuel; cache zero has no certified raw-zero evidence","LA:2019:Agriculture:AgricultureFinalEnergy:biomass","AgricultureFinalEnergy","true","true","false","CACHE_ZERO_UNVERIFIED","LA:biomass","false","false","LA/agriculture biomass","Agriculture","","","",""
"LA","2019","Agriculture","AgricultureFinalEnergy","coal","DIRECT_FUEL","0.0","TWh/year","","","AgricultureFinalEnergy","EXPLICIT","/home/jin/research/SGP_ESE5004_Stage2/pypsa-asean/resources/baseline-aims-3H-tutorial/energy_totals_base.csv","2019","af27beafc01cfb1920a23e632c05e858883a28efd9bbf94df3dfdba455fde261","Frozen derived cache; TWh/year -> MWh; raw/calorific provenance still pending","PENDING_ACCEPTED_COUNTRY_NODE_WEIGHTS","PENDING_ACCEPTED_SHAPE_AND_PHYSICAL_WEIGHTS","false","false","FIXED","MISSING","REPRESENTATION_ACCEPTED_NUMERIC_PENDING","No agriculture technology model; retain each original fuel; cache zero has no certified raw-zero evidence","LA:2019:Agriculture:AgricultureFinalEnergy:coal","AgricultureFinalEnergy","true","true","false","CACHE_ZERO_UNVERIFIED","LA:coal","false","false","LA/agriculture coal","Agriculture","","","",""
"LA","2019","Agriculture","AgricultureFinalEnergy","electricity","EMBEDDED","41.88","Kilowatt-hours, million","41880.0","Astar","AgricultureFinalEnergy","EMBEDDED","/home/jin/research/SGP_ESE5004_Stage2/pypsa-asean/data/demand/unsd/data/UNdata_Export_20250502_110820872.txt","2019","12c99b3c40927449d9a4d0402f255a8b84b24917ff58e54efd4ec43b2125fe6b","Exact raw transaction; million kWh * 1000 = MWh; no losses or AEO scaling","PENDING_ACCEPTED_COUNTRY_NODE_WEIGHTS","PENDING_ACCEPTED_SHAPE_AND_PHYSICAL_WEIGHTS","true","false","FIXED","PENDING","REPRESENTATION_ACCEPTED_NUMERIC_PENDING","No agriculture technology model; retain each original fuel","LA:2019:Agriculture:AgricultureFinalEnergy:electricity","Astar","false","false","false","REPORTED_VALUE","LA:electricity","false","false","Consumption in agriculture, forestry and fishing; physical line end 50959","Agriculture","","","",""
"LA","2019","Agriculture","AgricultureFinalEnergy","oil","DIRECT_FUEL","0.3821","TWh/year","382100.0","","AgricultureFinalEnergy","EXPLICIT","/home/jin/research/SGP_ESE5004_Stage2/pypsa-asean/resources/baseline-aims-3H-tutorial/energy_totals_base.csv","2019","af27beafc01cfb1920a23e632c05e858883a28efd9bbf94df3dfdba455fde261","Frozen derived cache; TWh/year -> MWh; raw/calorific provenance still pending","PENDING_ACCEPTED_COUNTRY_NODE_WEIGHTS","PENDING_ACCEPTED_SHAPE_AND_PHYSICAL_WEIGHTS","false","false","FIXED","FROZEN_UPSTREAM","REPRESENTATION_ACCEPTED_NUMERIC_PENDING","No agriculture technology model; retain each original fuel","LA:2019:Agriculture:AgricultureFinalEnergy:oil","AgricultureFinalEnergy","true","true","false","POSITIVE_CACHE_VALUE","LA:oil","false","false","LA/agriculture oil","Agriculture","","","",""
"LA","2019","Buildings","ResidentialCooking","mixed","EMBEDDED","","","","ResidentialDirectEnergy","ResidentialCooking","EMBEDDED","","2019","","","PENDING_ACCEPTED_COUNTRY_NODE_WEIGHTS","PENDING_ACCEPTED_SHAPE_AND_PHYSICAL_WEIGHTS","false","false","FIXED","EMBEDDED","REPRESENTATION_ACCEPTED_VALUES_NOT_DEFINED","No additional service obligation. Existing final electricity/fuel keeps ownership. Cooking is not space/water heat.","LA:2019:Buildings:ResidentialCooking:mixed","Astar_and_original_fuels","false","false","false","MISSING","LA:mixed","false","false","","Buildings","","","",""
"LA","2019","Buildings","ResidentialCooling","electricity","EMBEDDED","","","","ResidentialDirectEnergy","ResidentialCooling","EMBEDDED","","2019","","","PENDING_ACCEPTED_COUNTRY_NODE_WEIGHTS","PENDING_ACCEPTED_SHAPE_AND_PHYSICAL_WEIGHTS","true","false","FIXED","EMBEDDED","REPRESENTATION_ACCEPTED_VALUES_NOT_DEFINED","No additional service obligation. Existing final electricity/fuel keeps ownership. Cooking is not space/water heat.","LA:2019:Buildings:ResidentialCooling:electricity","Astar_and_original_fuels","false","false","false","MISSING","LA:electricity","false","false","","Buildings","","","",""
"LA","2019","Buildings","ResidentialDirectElectricity","electricity","DIRECT_ELECTRICITY","2135.78","Kilowatt-hours, million","2135780.0","Astar","ResidentialDirectElectricity","EMBEDDED","/home/jin/research/SGP_ESE5004_Stage2/pypsa-asean/data/demand/unsd/data/UNdata_Export_20250502_110820872.txt","2019","12c99b3c40927449d9a4d0402f255a8b84b24917ff58e54efd4ec43b2125fe6b","Exact raw transaction; million kWh * 1000 = MWh; no losses or AEO scaling","PENDING_ACCEPTED_COUNTRY_NODE_WEIGHTS","PENDING_ACCEPTED_SHAPE_AND_PHYSICAL_WEIGHTS","true","false","FIXED","PENDING","REPRESENTATION_ACCEPTED_NUMERIC_PENDING","Separate R/S identity retained in Astar; no second electricity Load; numeric decomposition is unaccepted","LA:2019:Buildings:ResidentialDirectElectricity:electricity","Astar","false","false","false","REPORTED_VALUE","LA:electricity","false","false","Consumption by households; physical line end 50944","Buildings","","","",""
"LA","2019","Buildings","ResidentialFuel","biomass","DIRECT_FUEL","9.866","TWh/year","9866000.0","","ResidentialFuel","EXPLICIT","/home/jin/research/SGP_ESE5004_Stage2/pypsa-asean/resources/baseline-aims-3H-tutorial/energy_totals_base.csv","2019","af27beafc01cfb1920a23e632c05e858883a28efd9bbf94df3dfdba455fde261","Frozen derived cache; TWh/year -> MWh; raw/calorific provenance still pending","PENDING_ACCEPTED_COUNTRY_NODE_WEIGHTS","PENDING_ACCEPTED_SHAPE_AND_PHYSICAL_WEIGHTS","false","false","FIXED","FROZEN_UPSTREAM","REPRESENTATION_ACCEPTED_NUMERIC_PENDING","Fixed final fuel; no useful-heat inference; cooking remains within original fuel. Coal not recast as electricity.","LA:2019:Buildings:ResidentialFuel:biomass","ResidentialFuel","true","true","false","POSITIVE_CACHE_VALUE","LA:biomass","false","false","LA/residential biomass","Buildings","","","",""
"LA","2019","Buildings","ResidentialFuel","coal","DIRECT_FUEL","","TWh/year","","","ResidentialFuel","EXPLICIT","/home/jin/research/SGP_ESE5004_Stage2/pypsa-asean/resources/baseline-aims-3H-tutorial/energy_totals_base.csv","2019","af27beafc01cfb1920a23e632c05e858883a28efd9bbf94df3dfdba455fde261","Frozen derived cache; TWh/year -> MWh; raw/calorific provenance still pending","PENDING_ACCEPTED_COUNTRY_NODE_WEIGHTS","PENDING_ACCEPTED_SHAPE_AND_PHYSICAL_WEIGHTS","false","false","FIXED","MISSING","REPRESENTATION_ACCEPTED_NUMERIC_PENDING","Fixed final fuel; no useful-heat inference; cooking remains within original fuel. Coal not recast as electricity.; cache has no original R/S coal column; source recovery required","LA:2019:Buildings:ResidentialFuel:coal","ResidentialFuel","true","true","false","MISSING","LA:coal","false","false","LA/residential coal","Buildings","","","",""
"LA","2019","Buildings","ResidentialFuel","gas","DIRECT_FUEL","0.0","TWh/year","","","ResidentialFuel","EXPLICIT","/home/jin/research/SGP_ESE5004_Stage2/pypsa-asean/resources/baseline-aims-3H-tutorial/energy_totals_base.csv","2019","af27beafc01cfb1920a23e632c05e858883a28efd9bbf94df3dfdba455fde261","Frozen derived cache; TWh/year -> MWh; raw/calorific provenance still pending","PENDING_ACCEPTED_COUNTRY_NODE_WEIGHTS","PENDING_ACCEPTED_SHAPE_AND_PHYSICAL_WEIGHTS","false","false","FIXED","MISSING","REPRESENTATION_ACCEPTED_NUMERIC_PENDING","Fixed final fuel; no useful-heat inference; cooking remains within original fuel. Coal not recast as electricity.; cache zero has no certified raw-zero evidence","LA:2019:Buildings:ResidentialFuel:gas","ResidentialFuel","true","true","false","CACHE_ZERO_UNVERIFIED","LA:gas","false","false","LA/residential gas","Buildings","","","",""
"LA","2019","Buildings","ResidentialFuel","oil","DIRECT_FUEL","0.0919","TWh/year","91900.0","","ResidentialFuel","EXPLICIT","/home/jin/research/SGP_ESE5004_Stage2/pypsa-asean/resources/baseline-aims-3H-tutorial/energy_totals_base.csv","2019","af27beafc01cfb1920a23e632c05e858883a28efd9bbf94df3dfdba455fde261","Frozen derived cache; TWh/year -> MWh; raw/calorific provenance still pending","PENDING_ACCEPTED_COUNTRY_NODE_WEIGHTS","PENDING_ACCEPTED_SHAPE_AND_PHYSICAL_WEIGHTS","false","false","FIXED","FROZEN_UPSTREAM","REPRESENTATION_ACCEPTED_NUMERIC_PENDING","Fixed final fuel; no useful-heat inference; cooking remains within original fuel. Coal not recast as electricity.","LA:2019:Buildings:ResidentialFuel:oil","ResidentialFuel","true","true","false","POSITIVE_CACHE_VALUE","LA:oil","false","false","LA/residential oil","Buildings","","","",""
"LA","2019","Buildings","ResidentialSpaceHeat","mixed","EMBEDDED","","","","ResidentialDirectEnergy","ResidentialSpaceHeat","EMBEDDED","","2019","","","PENDING_ACCEPTED_COUNTRY_NODE_WEIGHTS","PENDING_ACCEPTED_SHAPE_AND_PHYSICAL_WEIGHTS","false","false","FIXED","EMBEDDED","REPRESENTATION_ACCEPTED_VALUES_NOT_DEFINED","No additional service obligation. Existing final electricity/fuel keeps ownership. Cooking is not space/water heat.","LA:2019:Buildings:ResidentialSpaceHeat:mixed","Astar_and_original_fuels","false","false","false","MISSING","LA:mixed","false","false","","Buildings","","","",""
"LA","2019","Buildings","ResidentialWaterHeat","mixed","EMBEDDED","","","","ResidentialDirectEnergy","ResidentialWaterHeat","EMBEDDED","","2019","","","PENDING_ACCEPTED_COUNTRY_NODE_WEIGHTS","PENDING_ACCEPTED_SHAPE_AND_PHYSICAL_WEIGHTS","false","false","FIXED","EMBEDDED","REPRESENTATION_ACCEPTED_VALUES_NOT_DEFINED","No additional service obligation. Existing final electricity/fuel keeps ownership. Cooking is not space/water heat.","LA:2019:Buildings:ResidentialWaterHeat:mixed","Astar_and_original_fuels","false","false","false","MISSING","LA:mixed","false","false","","Buildings","","","",""
"LA","2019","Buildings","ServicesCooking","mixed","EMBEDDED","","","","ServicesDirectEnergy","ServicesCooking","EMBEDDED","","2019","","","PENDING_ACCEPTED_COUNTRY_NODE_WEIGHTS","PENDING_ACCEPTED_SHAPE_AND_PHYSICAL_WEIGHTS","false","false","FIXED","EMBEDDED","REPRESENTATION_ACCEPTED_VALUES_NOT_DEFINED","No additional service obligation. Existing final electricity/fuel keeps ownership. Cooking is not space/water heat.","LA:2019:Buildings:ServicesCooking:mixed","Astar_and_original_fuels","false","false","false","MISSING","LA:mixed","false","false","","Buildings","","","",""
"LA","2019","Buildings","ServicesCooling","electricity","EMBEDDED","","","","ServicesDirectEnergy","ServicesCooling","EMBEDDED","","2019","","","PENDING_ACCEPTED_COUNTRY_NODE_WEIGHTS","PENDING_ACCEPTED_SHAPE_AND_PHYSICAL_WEIGHTS","true","false","FIXED","EMBEDDED","REPRESENTATION_ACCEPTED_VALUES_NOT_DEFINED","No additional service obligation. Existing final electricity/fuel keeps ownership. Cooking is not space/water heat.","LA:2019:Buildings:ServicesCooling:electricity","Astar_and_original_fuels","false","false","false","MISSING","LA:electricity","false","false","","Buildings","","","",""
"LA","2019","Buildings","ServicesDirectElectricity","electricity","DIRECT_ELECTRICITY","1275.41","Kilowatt-hours, million","1275410.0","Astar","ServicesDirectElectricity","EMBEDDED","/home/jin/research/SGP_ESE5004_Stage2/pypsa-asean/data/demand/unsd/data/UNdata_Export_20250502_110820872.txt","2019","12c99b3c40927449d9a4d0402f255a8b84b24917ff58e54efd4ec43b2125fe6b","Exact raw transaction; million kWh * 1000 = MWh; no losses or AEO scaling","PENDING_ACCEPTED_COUNTRY_NODE_WEIGHTS","PENDING_ACCEPTED_SHAPE_AND_PHYSICAL_WEIGHTS","true","false","FIXED","PENDING","REPRESENTATION_ACCEPTED_NUMERIC_PENDING","Separate R/S identity retained in Astar; no second electricity Load; numeric decomposition is unaccepted","LA:2019:Buildings:ServicesDirectElectricity:electricity","Astar","false","false","false","REPORTED_VALUE","LA:electricity","false","false","Consumption by commercial and public services; physical line end 50989","Buildings","","","",""
"LA","2019","Buildings","ServicesFuel","biomass","DIRECT_FUEL","2.855","TWh/year","2855000.0","","ServicesFuel","EXPLICIT","/home/jin/research/SGP_ESE5004_Stage2/pypsa-asean/resources/baseline-aims-3H-tutorial/energy_totals_base.csv","2019","af27beafc01cfb1920a23e632c05e858883a28efd9bbf94df3dfdba455fde261","Frozen derived cache; TWh/year -> MWh; raw/calorific provenance still pending","PENDING_ACCEPTED_COUNTRY_NODE_WEIGHTS","PENDING_ACCEPTED_SHAPE_AND_PHYSICAL_WEIGHTS","false","false","FIXED","FROZEN_UPSTREAM","REPRESENTATION_ACCEPTED_NUMERIC_PENDING","Fixed final fuel; no useful-heat inference; cooking remains within original fuel. Coal not recast as electricity.","LA:2019:Buildings:ServicesFuel:biomass","ServicesFuel","true","true","false","POSITIVE_CACHE_VALUE","LA:biomass","false","false","LA/services biomass","Buildings","","","",""
"LA","2019","Buildings","ServicesFuel","coal","DIRECT_FUEL","","TWh/year","","","ServicesFuel","EXPLICIT","/home/jin/research/SGP_ESE5004_Stage2/pypsa-asean/resources/baseline-aims-3H-tutorial/energy_totals_base.csv","2019","af27beafc01cfb1920a23e632c05e858883a28efd9bbf94df3dfdba455fde261","Frozen derived cache; TWh/year -> MWh; raw/calorific provenance still pending","PENDING_ACCEPTED_COUNTRY_NODE_WEIGHTS","PENDING_ACCEPTED_SHAPE_AND_PHYSICAL_WEIGHTS","false","false","FIXED","MISSING","REPRESENTATION_ACCEPTED_NUMERIC_PENDING","Fixed final fuel; no useful-heat inference; cooking remains within original fuel. Coal not recast as electricity.; cache has no original R/S coal column; source recovery required","LA:2019:Buildings:ServicesFuel:coal","ServicesFuel","true","true","false","MISSING","LA:coal","false","false","LA/services coal","Buildings","","","",""
"LA","2019","Buildings","ServicesFuel","gas","DIRECT_FUEL","0.0","TWh/year","","","ServicesFuel","EXPLICIT","/home/jin/research/SGP_ESE5004_Stage2/pypsa-asean/resources/baseline-aims-3H-tutorial/energy_totals_base.csv","2019","af27beafc01cfb1920a23e632c05e858883a28efd9bbf94df3dfdba455fde261","Frozen derived cache; TWh/year -> MWh; raw/calorific provenance still pending","PENDING_ACCEPTED_COUNTRY_NODE_WEIGHTS","PENDING_ACCEPTED_SHAPE_AND_PHYSICAL_WEIGHTS","false","false","FIXED","MISSING","REPRESENTATION_ACCEPTED_NUMERIC_PENDING","Fixed final fuel; no useful-heat inference; cooking remains within original fuel. Coal not recast as electricity.; cache zero has no certified raw-zero evidence","LA:2019:Buildings:ServicesFuel:gas","ServicesFuel","true","true","false","CACHE_ZERO_UNVERIFIED","LA:gas","false","false","LA/services gas","Buildings","","","",""
"LA","2019","Buildings","ServicesFuel","oil","DIRECT_FUEL","0.1313","TWh/year","131300.0","","ServicesFuel","EXPLICIT","/home/jin/research/SGP_ESE5004_Stage2/pypsa-asean/resources/baseline-aims-3H-tutorial/energy_totals_base.csv","2019","af27beafc01cfb1920a23e632c05e858883a28efd9bbf94df3dfdba455fde261","Frozen derived cache; TWh/year -> MWh; raw/calorific provenance still pending","PENDING_ACCEPTED_COUNTRY_NODE_WEIGHTS","PENDING_ACCEPTED_SHAPE_AND_PHYSICAL_WEIGHTS","false","false","FIXED","FROZEN_UPSTREAM","REPRESENTATION_ACCEPTED_NUMERIC_PENDING","Fixed final fuel; no useful-heat inference; cooking remains within original fuel. Coal not recast as electricity.","LA:2019:Buildings:ServicesFuel:oil","ServicesFuel","true","true","false","POSITIVE_CACHE_VALUE","LA:oil","false","false","LA/services oil","Buildings","","","",""
"LA","2019","Buildings","ServicesSpaceHeat","mixed","EMBEDDED","","","","ServicesDirectEnergy","ServicesSpaceHeat","EMBEDDED","","2019","","","PENDING_ACCEPTED_COUNTRY_NODE_WEIGHTS","PENDING_ACCEPTED_SHAPE_AND_PHYSICAL_WEIGHTS","false","false","FIXED","EMBEDDED","REPRESENTATION_ACCEPTED_VALUES_NOT_DEFINED","No additional service obligation. Existing final electricity/fuel keeps ownership. Cooking is not space/water heat.","LA:2019:Buildings:ServicesSpaceHeat:mixed","Astar_and_original_fuels","false","false","false","MISSING","LA:mixed","false","false","","Buildings","","","",""
"LA","2019","Buildings","ServicesWaterHeat","mixed","EMBEDDED","","","","ServicesDirectEnergy","ServicesWaterHeat","EMBEDDED","","2019","","","PENDING_ACCEPTED_COUNTRY_NODE_WEIGHTS","PENDING_ACCEPTED_SHAPE_AND_PHYSICAL_WEIGHTS","false","false","FIXED","EMBEDDED","REPRESENTATION_ACCEPTED_VALUES_NOT_DEFINED","No additional service obligation. Existing final electricity/fuel keeps ownership. Cooking is not space/water heat.","LA:2019:Buildings:ServicesWaterHeat:mixed","Astar_and_original_fuels","false","false","false","MISSING","LA:mixed","false","false","","Buildings","","","",""
"LA","2019","Bunker","InternationalAviationBunker","oil","BUNKER_FUEL","0.4435","TWh/year","443500.0","","InternationalAviationBunker","EXPLICIT","/home/jin/research/SGP_ESE5004_Stage2/pypsa-asean/resources/baseline-aims-3H-tutorial/energy_totals_base.csv","2019","af27beafc01cfb1920a23e632c05e858883a28efd9bbf94df3dfdba455fde261","Frozen derived cache; TWh/year -> MWh; raw/calorific provenance still pending","PENDING_ACCEPTED_COUNTRY_NODE_WEIGHTS","PENDING_ACCEPTED_SHAPE_AND_PHYSICAL_WEIGHTS","false","false","FIXED","FROZEN_UPSTREAM","REPRESENTATION_ACCEPTED_NUMERIC_PENDING","FIXED fuel obligation; FT is later endogenous supply. Review status: EXACT_SELECTED_CACHE_MATCH","LA:2019:Bunker:InternationalAviationBunker:oil","InternationalAviationBunker","true","true","false","POSITIVE_CACHE_VALUE","LA:oil","false","false","LA/total international aviation; bunker_review.json LA/InternationalAviationBunkerFuel","bunker","","","",""
"LA","2019","Bunker","InternationalShippingBunker","oil","BUNKER_FUEL","","TWh/year","","","InternationalShippingBunker","EXPLICIT","/home/jin/research/SGP_ESE5004_Stage2/pypsa-asean/resources/baseline-aims-3H-tutorial/energy_totals_base.csv","2019","af27beafc01cfb1920a23e632c05e858883a28efd9bbf94df3dfdba455fde261","Frozen derived cache; TWh/year -> MWh; raw/calorific provenance still pending","PENDING_ACCEPTED_COUNTRY_NODE_WEIGHTS","PENDING_ACCEPTED_SHAPE_AND_PHYSICAL_WEIGHTS","false","false","FIXED","MISSING","REPRESENTATION_ACCEPTED_NUMERIC_PENDING","FIXED fuel obligation; FT is later endogenous supply. Review status: MISSING_BASE_SOURCE","LA:2019:Bunker:InternationalShippingBunker:oil","InternationalShippingBunker","true","true","false","MISSING","LA:oil","false","false","LA/total international navigation; bunker_review.json LA/InternationalShippingBunkerFuel","bunker","","","",""
"LA","2019","Conversion","EVIfConversion","electricity","ENDOGENOUS_CONVERSION_INPUT","","","","","EVIfConversion","CONTRACT_ONLY","","2019","","","PENDING_ACCEPTED_COUNTRY_NODE_WEIGHTS","PENDING_ACCEPTED_SHAPE_AND_PHYSICAL_WEIGHTS","false","false","ENDOGENOUS","PENDING","REPRESENTATION_ACCEPTED_NUMERIC_PENDING","No predetermined demand or Load; future accepted conversion Link owns its electricity input","LA:2019:Conversion:EVIfConversion:electricity","EVIfConversion","false","false","false","MISSING","LA:electricity","false","false","","electricity","","","",""
"LA","2019","Conversion","Electrolysis","electricity","ENDOGENOUS_CONVERSION_INPUT","","","","","Electrolysis","CONTRACT_ONLY","","2019","","","PENDING_ACCEPTED_COUNTRY_NODE_WEIGHTS","PENDING_ACCEPTED_SHAPE_AND_PHYSICAL_WEIGHTS","false","false","ENDOGENOUS","PENDING","REPRESENTATION_ACCEPTED_NUMERIC_PENDING","No predetermined demand or Load; future accepted conversion Link owns its electricity input","LA:2019:Conversion:Electrolysis:electricity","Electrolysis","false","false","false","MISSING","LA:electricity","false","false","","electricity","","","",""
"LA","2019","Conversion","FischerTropsch","electricity","ENDOGENOUS_CONVERSION_INPUT","","","","","FischerTropsch","CONTRACT_ONLY","","2019","","","PENDING_ACCEPTED_COUNTRY_NODE_WEIGHTS","PENDING_ACCEPTED_SHAPE_AND_PHYSICAL_WEIGHTS","false","false","ENDOGENOUS","PENDING","REPRESENTATION_ACCEPTED_NUMERIC_PENDING","No predetermined demand or Load; future accepted conversion Link owns its electricity input","LA:2019:Conversion:FischerTropsch:electricity","FischerTropsch","false","false","false","MISSING","LA:electricity","false","false","","electricity","","","",""
"LA","2019","Conversion","HeatPump","electricity","ENDOGENOUS_CONVERSION_INPUT","","","","","HeatPump","CONTRACT_ONLY","","2019","","","PENDING_ACCEPTED_COUNTRY_NODE_WEIGHTS","PENDING_ACCEPTED_SHAPE_AND_PHYSICAL_WEIGHTS","false","false","ENDOGENOUS","PENDING","REPRESENTATION_ACCEPTED_NUMERIC_PENDING","No predetermined demand or Load; future accepted conversion Link owns its electricity input","LA:2019:Conversion:HeatPump:electricity","HeatPump","false","false","false","MISSING","LA:electricity","false","false","","electricity","","","",""
"LA","2019","Conversion","ResistiveHeating","electricity","ENDOGENOUS_CONVERSION_INPUT","","","","","ResistiveHeating","CONTRACT_ONLY","","2019","","","PENDING_ACCEPTED_COUNTRY_NODE_WEIGHTS","PENDING_ACCEPTED_SHAPE_AND_PHYSICAL_WEIGHTS","false","false","ENDOGENOUS","PENDING","REPRESENTATION_ACCEPTED_NUMERIC_PENDING","No predetermined demand or Load; future accepted conversion Link owns its electricity input","LA:2019:Conversion:ResistiveHeating:electricity","ResistiveHeating","false","false","false","MISSING","LA:electricity","false","false","","electricity","","","",""
"LA","2019","Electricity","Astar","electricity","DIRECT_ELECTRICITY","6595.54","Kilowatt-hours, million","6595540.0","","Astar","EXPLICIT","/home/jin/research/SGP_ESE5004_Stage2/pypsa-asean/data/demand/unsd/data/UNdata_Export_20250502_110820872.txt","2019","12c99b3c40927449d9a4d0402f255a8b84b24917ff58e54efd4ec43b2125fe6b","Exact raw transaction; million kWh * 1000 = MWh; no losses or AEO scaling","PENDING_ACCEPTED_COUNTRY_NODE_WEIGHTS","PENDING_ACCEPTED_SHAPE_AND_PHYSICAL_WEIGHTS","true","false","FIXED","PENDING","REPRESENTATION_ACCEPTED_NUMERIC_PENDING","End-user final electricity before any accepted transfers; future conversion inputs excluded","LA:2019:Electricity:Astar:electricity","Astar","true","true","false","REPORTED_VALUE","LA:electricity","false","false","Final energy consumption; physical line end 50869","electricity","6595540.0","0.0","6595540.0","6595540.0"
"LA","2019","Industry","IndustryCacheElectricityReference","electricity","DIRECT_FUEL","3099070","MWh/year","3099070.0","","IndustryCacheElectricityReference","REFERENCE","/home/jin/research/SGP_ESE5004_Stage2/pypsa-asean/resources/baseline-aims-3H-tutorial/demand/base_industry_totals_2030.csv","2019","c62e8edab8451f93a4273f9214e6259306ea7e01a6ba9c85e7b7db48978aa404","Frozen derived cache; MWh/year -> MWh; raw/calorific provenance still pending","PENDING_ACCEPTED_COUNTRY_NODE_WEIGHTS","PENDING_ACCEPTED_SHAPE_AND_PHYSICAL_WEIGHTS","false","false","FIXED","REFERENCE_ONLY","REPRESENTATION_ACCEPTED_NUMERIC_PENDING","Base 2019 country/carrier sum of 13 cached industries; pre-NH3 deduction; raw calorific/feedstock boundary pending","LA:2019:Industry:IndustryCacheElectricityReference:electricity","IndustryCacheElectricityReference","false","false","false","POSITIVE_CACHE_VALUE","LA:electricity","false","false","LA/electricity; sum 13 columns","Industry","","","",""
"LA","2019","Industry","IndustryDirectElectricity","electricity","DIRECT_ELECTRICITY","3099.07","Kilowatt-hours, million","3099070.0","Astar","IndustryDirectElectricity","EMBEDDED","/home/jin/research/SGP_ESE5004_Stage2/pypsa-asean/data/demand/unsd/data/UNdata_Export_20250502_110820872.txt","2019","12c99b3c40927449d9a4d0402f255a8b84b24917ff58e54efd4ec43b2125fe6b","Exact raw transaction; million kWh * 1000 = MWh; no losses or AEO scaling","PENDING_ACCEPTED_COUNTRY_NODE_WEIGHTS","PENDING_ACCEPTED_SHAPE_AND_PHYSICAL_WEIGHTS","true","false","FIXED","PENDING","REPRESENTATION_ACCEPTED_NUMERIC_PENDING","Industrial final electricity stays inside Astar; no second industry Load. No process/service conversion","LA:2019:Industry:IndustryDirectElectricity:electricity","Astar","false","false","false","REPORTED_VALUE","LA:electricity","false","false","Consumption by manufacturing, construction and non-fuel industry; physical line end 50884","Industry","","","",""
"LA","2019","Industry","IndustryFuel","biomass","DIRECT_FUEL","1484844","MWh/year","1484844.0","","IndustryFuel","EXPLICIT","/home/jin/research/SGP_ESE5004_Stage2/pypsa-asean/resources/baseline-aims-3H-tutorial/demand/base_industry_totals_2030.csv","2019","c62e8edab8451f93a4273f9214e6259306ea7e01a6ba9c85e7b7db48978aa404","Frozen derived cache; MWh/year -> MWh; raw/calorific provenance still pending","PENDING_ACCEPTED_COUNTRY_NODE_WEIGHTS","PENDING_ACCEPTED_SHAPE_AND_PHYSICAL_WEIGHTS","false","false","FIXED","FROZEN_UPSTREAM","REPRESENTATION_ACCEPTED_NUMERIC_PENDING","Base 2019 country/carrier sum of 13 cached industries; pre-NH3 deduction; raw calorific/feedstock boundary pending","LA:2019:Industry:IndustryFuel:biomass","IndustryFuel","true","true","false","POSITIVE_CACHE_VALUE","LA:biomass","false","false","LA/biomass; sum 13 columns","Industry","","","",""
"LA","2019","Industry","IndustryFuel","coal","DIRECT_FUEL","3040037.1919999998","MWh/year","3040037.192","","IndustryFuel","EXPLICIT","/home/jin/research/SGP_ESE5004_Stage2/pypsa-asean/resources/baseline-aims-3H-tutorial/demand/base_industry_totals_2030.csv","2019","c62e8edab8451f93a4273f9214e6259306ea7e01a6ba9c85e7b7db48978aa404","Frozen derived cache; MWh/year -> MWh; raw/calorific provenance still pending","PENDING_ACCEPTED_COUNTRY_NODE_WEIGHTS","PENDING_ACCEPTED_SHAPE_AND_PHYSICAL_WEIGHTS","false","false","FIXED","FROZEN_UPSTREAM","REPRESENTATION_ACCEPTED_NUMERIC_PENDING","Base 2019 country/carrier sum of 13 cached industries; pre-NH3 deduction; raw calorific/feedstock boundary pending; MISSING_ENERGY_OBLIGATION in upstream add_industry","LA:2019:Industry:IndustryFuel:coal","IndustryFuel","true","true","false","POSITIVE_CACHE_VALUE","LA:coal","false","true","LA/coal; sum 13 columns","Industry","","","",""
"LA","2019","Industry","IndustryFuel","gas","DIRECT_FUEL","","MWh/year","","","IndustryFuel","EXPLICIT","/home/jin/research/SGP_ESE5004_Stage2/pypsa-asean/resources/baseline-aims-3H-tutorial/demand/base_industry_totals_2030.csv","2019","c62e8edab8451f93a4273f9214e6259306ea7e01a6ba9c85e7b7db48978aa404","Frozen derived cache; MWh/year -> MWh; raw/calorific provenance still pending","PENDING_ACCEPTED_COUNTRY_NODE_WEIGHTS","PENDING_ACCEPTED_SHAPE_AND_PHYSICAL_WEIGHTS","false","false","FIXED","MISSING","REPRESENTATION_ACCEPTED_NUMERIC_PENDING","Base 2019 country/carrier sum of 13 cached industries; pre-NH3 deduction; raw calorific/feedstock boundary pending","LA:2019:Industry:IndustryFuel:gas","IndustryFuel","true","true","false","MISSING","LA:gas","false","false","LA/gas; sum 13 columns","Industry","","","",""
"LA","2019","Industry","IndustryFuel","heat","DIRECT_FUEL","","MWh/year","","","IndustryFuel","PENDING","/home/jin/research/SGP_ESE5004_Stage2/pypsa-asean/resources/baseline-aims-3H-tutorial/demand/base_industry_totals_2030.csv","2019","c62e8edab8451f93a4273f9214e6259306ea7e01a6ba9c85e7b7db48978aa404","Frozen derived cache; MWh/year -> MWh; raw/calorific provenance still pending","PENDING_ACCEPTED_COUNTRY_NODE_WEIGHTS","PENDING_ACCEPTED_SHAPE_AND_PHYSICAL_WEIGHTS","false","false","FIXED","MISSING","REPRESENTATION_ACCEPTED_NUMERIC_PENDING","No accepted independent H2 or qualified heat service; no new service obligation","LA:2019:Industry:IndustryFuel:heat","IndustryFuel","false","false","false","MISSING","LA:heat","false","false","LA/heat; sum 13 columns","Industry","","","",""
"LA","2019","Industry","IndustryFuel","hydrogen","DIRECT_FUEL","","MWh/year","","","IndustryFuel","PENDING","/home/jin/research/SGP_ESE5004_Stage2/pypsa-asean/resources/baseline-aims-3H-tutorial/demand/base_industry_totals_2030.csv","2019","c62e8edab8451f93a4273f9214e6259306ea7e01a6ba9c85e7b7db48978aa404","Frozen derived cache; MWh/year -> MWh; raw/calorific provenance still pending","PENDING_ACCEPTED_COUNTRY_NODE_WEIGHTS","PENDING_ACCEPTED_SHAPE_AND_PHYSICAL_WEIGHTS","false","false","FIXED","MISSING","REPRESENTATION_ACCEPTED_NUMERIC_PENDING","No accepted independent H2 or qualified heat service; no new service obligation","LA:2019:Industry:IndustryFuel:hydrogen","IndustryFuel","false","false","false","MISSING","LA:hydrogen","false","false","LA/hydrogen; sum 13 columns","Industry","","","",""
"LA","2019","Industry","IndustryFuel","oil","DIRECT_FUEL","125664","MWh/year","125664.0","","IndustryFuel","EXPLICIT","/home/jin/research/SGP_ESE5004_Stage2/pypsa-asean/resources/baseline-aims-3H-tutorial/demand/base_industry_totals_2030.csv","2019","c62e8edab8451f93a4273f9214e6259306ea7e01a6ba9c85e7b7db48978aa404","Frozen derived cache; MWh/year -> MWh; raw/calorific provenance still pending","PENDING_ACCEPTED_COUNTRY_NODE_WEIGHTS","PENDING_ACCEPTED_SHAPE_AND_PHYSICAL_WEIGHTS","false","false","FIXED","FROZEN_UPSTREAM","REPRESENTATION_ACCEPTED_NUMERIC_PENDING","Base 2019 country/carrier sum of 13 cached industries; pre-NH3 deduction; raw calorific/feedstock boundary pending","LA:2019:Industry:IndustryFuel:oil","IndustryFuel","true","true","false","POSITIVE_CACHE_VALUE","LA:oil","false","false","LA/oil; sum 13 columns","Industry","","","",""
"LA","2019","Transport","DomesticAviationFuel","oil","DIRECT_FUEL","0.0649","TWh/year","64900.0","","DomesticAviationFuel","EXPLICIT","/home/jin/research/SGP_ESE5004_Stage2/pypsa-asean/resources/baseline-aims-3H-tutorial/energy_totals_base.csv","2019","af27beafc01cfb1920a23e632c05e858883a28efd9bbf94df3dfdba455fde261","Frozen derived cache; TWh/year -> MWh; raw/calorific provenance still pending","PENDING_ACCEPTED_COUNTRY_NODE_WEIGHTS","PENDING_ACCEPTED_SHAPE_AND_PHYSICAL_WEIGHTS","false","false","FIXED","BLOCKER","REPRESENTATION_ACCEPTED_NUMERIC_PENDING","FIXED fuel obligation; FT is later endogenous supply. Review status: EXACT_SELECTED_CACHE_MATCH_WITH_OMITTED_TRANSACTION_OR_COMMODITY; omitted transaction/commodity exists: no automatic correction","LA:2019:Transport:DomesticAviationFuel:oil","DomesticAviationFuel","true","true","false","POSITIVE_CACHE_VALUE","LA:oil","false","false","LA/total domestic aviation; bunker_review.json LA/DomesticAviationFuel","bunker","","","",""
"LA","2019","Transport","DomesticShippingFuel","oil","DIRECT_FUEL","","TWh/year","","","DomesticShippingFuel","EXPLICIT","/home/jin/research/SGP_ESE5004_Stage2/pypsa-asean/resources/baseline-aims-3H-tutorial/energy_totals_base.csv","2019","af27beafc01cfb1920a23e632c05e858883a28efd9bbf94df3dfdba455fde261","Frozen derived cache; TWh/year -> MWh; raw/calorific provenance still pending","PENDING_ACCEPTED_COUNTRY_NODE_WEIGHTS","PENDING_ACCEPTED_SHAPE_AND_PHYSICAL_WEIGHTS","false","false","FIXED","MISSING","REPRESENTATION_ACCEPTED_NUMERIC_PENDING","FIXED fuel obligation; FT is later endogenous supply. Review status: MISSING_BASE_SOURCE","LA:2019:Transport:DomesticShippingFuel:oil","DomesticShippingFuel","true","true","false","MISSING","LA:oil","false","false","LA/total domestic navigation; bunker_review.json LA/DomesticShippingFuel","bunker","","","",""
"LA","2019","Transport","HistoricalRoadElectricity","electricity","DIRECT_ELECTRICITY","0.0","TWh/year","","Astar","HistoricalRoadElectricity","EMBEDDED","/home/jin/research/SGP_ESE5004_Stage2/pypsa-asean/resources/baseline-aims-3H-tutorial/energy_totals_base.csv","2019","af27beafc01cfb1920a23e632c05e858883a28efd9bbf94df3dfdba455fde261","Frozen derived cache; TWh/year -> MWh; raw/calorific provenance still pending","PENDING_ACCEPTED_COUNTRY_NODE_WEIGHTS","PENDING_ACCEPTED_SHAPE_AND_PHYSICAL_WEIGHTS","true","false","FIXED","MISSING","REPRESENTATION_ACCEPTED_NUMERIC_PENDING","Historical EV membership/quantity pending; retain any such energy inside Astar; no transfer performed; cache zero has no certified raw-zero evidence","LA:2019:Transport:HistoricalRoadElectricity:electricity","Astar","false","false","false","CACHE_ZERO_UNVERIFIED","LA:electricity","false","false","LA/road electricity","Transport","","","",""
"LA","2019","Transport","RailElectricity","electricity","EMBEDDED","","Kilowatt-hours, million","","Astar","RailElectricity","EMBEDDED","/home/jin/research/SGP_ESE5004_Stage2/pypsa-asean/data/demand/unsd/data/UNdata_Export_20250502_110820872.txt","2019","12c99b3c40927449d9a4d0402f255a8b84b24917ff58e54efd4ec43b2125fe6b","Exact raw transaction; million kWh * 1000 = MWh; no losses or AEO scaling","PENDING_ACCEPTED_COUNTRY_NODE_WEIGHTS","PENDING_ACCEPTED_SHAPE_AND_PHYSICAL_WEIGHTS","true","false","FIXED","MISSING","REPRESENTATION_ACCEPTED_NUMERIC_PENDING","Rail electricity occurs only within Astar; no independent rail Load","LA:2019:Transport:RailElectricity:electricity","Astar","false","false","false","MISSING","LA:electricity","false","false","Consumption by rail","Transport","","","",""
"LA","2019","Transport","RailFinalEnergyReference","mixed","DIRECT_FUEL","","TWh/year","","","RailFinalEnergyReference","REFERENCE","/home/jin/research/SGP_ESE5004_Stage2/pypsa-asean/resources/baseline-aims-3H-tutorial/energy_totals_base.csv","2019","af27beafc01cfb1920a23e632c05e858883a28efd9bbf94df3dfdba455fde261","Frozen derived cache; TWh/year -> MWh; raw/calorific provenance still pending","PENDING_ACCEPTED_COUNTRY_NODE_WEIGHTS","PENDING_ACCEPTED_SHAPE_AND_PHYSICAL_WEIGHTS","false","false","FIXED","MISSING","REPRESENTATION_ACCEPTED_NUMERIC_PENDING","Reference total only; fuel decomposition pending; no independent rail Load","LA:2019:Transport:RailFinalEnergyReference:mixed","RailFinalEnergyReference","false","false","false","MISSING","LA:mixed","false","false","LA/total rail","Transport","","","",""
"LA","2019","Transport","RoadParentFinalEnergy","all_final_energy","DIRECT_FUEL","9.5947","TWh/year","9594700.0","","RoadParentFinalEnergy","REFERENCE","/home/jin/research/SGP_ESE5004_Stage2/pypsa-asean/resources/baseline-aims-3H-tutorial/energy_totals_base.csv","2019","af27beafc01cfb1920a23e632c05e858883a28efd9bbf94df3dfdba455fde261","Frozen derived cache; TWh/year -> MWh; raw/calorific provenance still pending","PENDING_ACCEPTED_COUNTRY_NODE_WEIGHTS","PENDING_ACCEPTED_SHAPE_AND_PHYSICAL_WEIGHTS","false","false","FIXED","FROZEN_UPSTREAM","REPRESENTATION_ACCEPTED_NUMERIC_PENDING","Independent cached final-energy control, not an extra fuel Load; EV share not accepted","LA:2019:Transport:RoadParentFinalEnergy:all_final_energy","RoadParentFinalEnergy","false","false","false","POSITIVE_CACHE_VALUE","LA:all_final_energy","false","false","LA/total road","Transport","","","",""
"LA","2019","Transport","RoadResidualFuel","biomass","DIRECT_FUEL","0.0","TWh/year","","","RoadResidualFuel","EXPLICIT","/home/jin/research/SGP_ESE5004_Stage2/pypsa-asean/resources/baseline-aims-3H-tutorial/energy_totals_base.csv","2019","af27beafc01cfb1920a23e632c05e858883a28efd9bbf94df3dfdba455fde261","Frozen derived cache; TWh/year -> MWh; raw/calorific provenance still pending","PENDING_ACCEPTED_COUNTRY_NODE_WEIGHTS","PENDING_ACCEPTED_SHAPE_AND_PHYSICAL_WEIGHTS","false","false","FIXED","MISSING","REPRESENTATION_ACCEPTED_NUMERIC_PENDING","Base-year carrier observation; future residual vector requires accepted energy share and fuel composition; cache zero has no certified raw-zero evidence","LA:2019:Transport:RoadResidualFuel:biomass","RoadResidualFuel","true","true","false","CACHE_ZERO_UNVERIFIED","LA:biomass","false","false","LA/road biomass","Transport","","","",""
"LA","2019","Transport","RoadResidualFuel","gas","DIRECT_FUEL","0.0","TWh/year","","","RoadResidualFuel","EXPLICIT","/home/jin/research/SGP_ESE5004_Stage2/pypsa-asean/resources/baseline-aims-3H-tutorial/energy_totals_base.csv","2019","af27beafc01cfb1920a23e632c05e858883a28efd9bbf94df3dfdba455fde261","Frozen derived cache; TWh/year -> MWh; raw/calorific provenance still pending","PENDING_ACCEPTED_COUNTRY_NODE_WEIGHTS","PENDING_ACCEPTED_SHAPE_AND_PHYSICAL_WEIGHTS","false","false","FIXED","MISSING","REPRESENTATION_ACCEPTED_NUMERIC_PENDING","Base-year carrier observation; future residual vector requires accepted energy share and fuel composition; cache zero has no certified raw-zero evidence","LA:2019:Transport:RoadResidualFuel:gas","RoadResidualFuel","true","true","false","CACHE_ZERO_UNVERIFIED","LA:gas","false","false","LA/road gas","Transport","","","",""
"LA","2019","Transport","RoadResidualFuel","oil","DIRECT_FUEL","9.5947","TWh/year","9594700.0","","RoadResidualFuel","EXPLICIT","/home/jin/research/SGP_ESE5004_Stage2/pypsa-asean/resources/baseline-aims-3H-tutorial/energy_totals_base.csv","2019","af27beafc01cfb1920a23e632c05e858883a28efd9bbf94df3dfdba455fde261","Frozen derived cache; TWh/year -> MWh; raw/calorific provenance still pending","PENDING_ACCEPTED_COUNTRY_NODE_WEIGHTS","PENDING_ACCEPTED_SHAPE_AND_PHYSICAL_WEIGHTS","false","false","FIXED","FROZEN_UPSTREAM","REPRESENTATION_ACCEPTED_NUMERIC_PENDING","Base-year carrier observation; future residual vector requires accepted energy share and fuel composition","LA:2019:Transport:RoadResidualFuel:oil","RoadResidualFuel","true","true","false","POSITIVE_CACHE_VALUE","LA:oil","false","false","LA/road oil","Transport","","","",""
"LA","2019","Transport","TransportEmbeddedFuelParent","unclassified_fuel","UNCLASSIFIED","","","","","TransportEmbeddedFuelParent","EXPLICIT","","2019","","","PENDING_ACCEPTED_COUNTRY_NODE_WEIGHTS","PENDING_ACCEPTED_SHAPE_AND_PHYSICAL_WEIGHTS","false","false","FIXED","PENDING","REPRESENTATION_ACCEPTED_NUMERIC_PENDING","Rail fuel retained in one unresolved transport fuel parent; no extra rail oil Load or fabricated residual","LA:2019:Transport:TransportEmbeddedFuelParent:unclassified_fuel","TransportEmbeddedFuelParent","true","true","false","MISSING","","false","false","","Transport","","","",""
"LA","2030","Agriculture","AgricultureDirectElectricity","electricity","EMBEDDED","","","","Astar","AgricultureDirectElectricity","EMBEDDED","","2019","","","PENDING_ACCEPTED_COUNTRY_NODE_WEIGHTS","PENDING_ACCEPTED_SHAPE_AND_PHYSICAL_WEIGHTS","true","false","FIXED","PENDING","REPRESENTATION_ACCEPTED_NUMERIC_PENDING","Future direct electricity remains within Astar; no separate Load; growth unaccepted","LA:2030:Agriculture:AgricultureDirectElectricity:electricity","Astar","false","false","false","MISSING","LA:electricity","false","false","","Agriculture","","","",""
"LA","2030","Agriculture","AgricultureFinalEnergy","biomass","DIRECT_FUEL","","","","","AgricultureFinalEnergy","EXPLICIT","","2019","","","PENDING_ACCEPTED_COUNTRY_NODE_WEIGHTS","PENDING_ACCEPTED_SHAPE_AND_PHYSICAL_WEIGHTS","false","false","FIXED","PENDING","REPRESENTATION_ACCEPTED_NUMERIC_PENDING","PENDING_FUTURE_GROWTH; no DEFAULT or zero-growth assumption","LA:2030:Agriculture:AgricultureFinalEnergy:biomass","AgricultureFinalEnergy","true","true","false","MISSING","LA:biomass","false","false","","Agriculture","","","",""
"LA","2030","Agriculture","AgricultureFinalEnergy","coal","DIRECT_FUEL","","","","","AgricultureFinalEnergy","EXPLICIT","","2019","","","PENDING_ACCEPTED_COUNTRY_NODE_WEIGHTS","PENDING_ACCEPTED_SHAPE_AND_PHYSICAL_WEIGHTS","false","false","FIXED","PENDING","REPRESENTATION_ACCEPTED_NUMERIC_PENDING","PENDING_FUTURE_GROWTH; no DEFAULT or zero-growth assumption","LA:2030:Agriculture:AgricultureFinalEnergy:coal","AgricultureFinalEnergy","true","true","false","MISSING","LA:coal","false","false","","Agriculture","","","",""
"LA","2030","Agriculture","AgricultureFinalEnergy","oil","DIRECT_FUEL","","","","","AgricultureFinalEnergy","EXPLICIT","","2019","","","PENDING_ACCEPTED_COUNTRY_NODE_WEIGHTS","PENDING_ACCEPTED_SHAPE_AND_PHYSICAL_WEIGHTS","false","false","FIXED","PENDING","REPRESENTATION_ACCEPTED_NUMERIC_PENDING","PENDING_FUTURE_GROWTH; no DEFAULT or zero-growth assumption","LA:2030:Agriculture:AgricultureFinalEnergy:oil","AgricultureFinalEnergy","true","true","false","MISSING","LA:oil","false","false","","Agriculture","","","",""
"LA","2030","Buildings","ResidentialDirectElectricity","electricity","DIRECT_ELECTRICITY","","","","Astar","ResidentialDirectElectricity","EMBEDDED","","2019","","","PENDING_ACCEPTED_COUNTRY_NODE_WEIGHTS","PENDING_ACCEPTED_SHAPE_AND_PHYSICAL_WEIGHTS","true","false","FIXED","PENDING","REPRESENTATION_ACCEPTED_NUMERIC_PENDING","PENDING_FUTURE_GROWTH; separate R/S decomposition remains optional inside Astar","LA:2030:Buildings:ResidentialDirectElectricity:electricity","Astar","false","false","false","MISSING","LA:electricity","false","false","","Buildings","","","",""
"LA","2030","Buildings","ResidentialFuel","biomass","DIRECT_FUEL","","","","","ResidentialFuel","EXPLICIT","","2019","","","PENDING_ACCEPTED_COUNTRY_NODE_WEIGHTS","PENDING_ACCEPTED_SHAPE_AND_PHYSICAL_WEIGHTS","false","false","FIXED","PENDING","REPRESENTATION_ACCEPTED_NUMERIC_PENDING","PENDING_FUTURE_GROWTH; no default growth or heat conversion","LA:2030:Buildings:ResidentialFuel:biomass","ResidentialFuel","true","true","false","MISSING","LA:biomass","false","false","","Buildings","","","",""
"LA","2030","Buildings","ResidentialFuel","coal","DIRECT_FUEL","","","","","ResidentialFuel","EXPLICIT","","2019","","","PENDING_ACCEPTED_COUNTRY_NODE_WEIGHTS","PENDING_ACCEPTED_SHAPE_AND_PHYSICAL_WEIGHTS","false","false","FIXED","PENDING","REPRESENTATION_ACCEPTED_NUMERIC_PENDING","PENDING_FUTURE_GROWTH; no default growth or heat conversion","LA:2030:Buildings:ResidentialFuel:coal","ResidentialFuel","true","true","false","MISSING","LA:coal","false","false","","Buildings","","","",""
"LA","2030","Buildings","ResidentialFuel","gas","DIRECT_FUEL","","","","","ResidentialFuel","EXPLICIT","","2019","","","PENDING_ACCEPTED_COUNTRY_NODE_WEIGHTS","PENDING_ACCEPTED_SHAPE_AND_PHYSICAL_WEIGHTS","false","false","FIXED","PENDING","REPRESENTATION_ACCEPTED_NUMERIC_PENDING","PENDING_FUTURE_GROWTH; no default growth or heat conversion","LA:2030:Buildings:ResidentialFuel:gas","ResidentialFuel","true","true","false","MISSING","LA:gas","false","false","","Buildings","","","",""
"LA","2030","Buildings","ResidentialFuel","oil","DIRECT_FUEL","","","","","ResidentialFuel","EXPLICIT","","2019","","","PENDING_ACCEPTED_COUNTRY_NODE_WEIGHTS","PENDING_ACCEPTED_SHAPE_AND_PHYSICAL_WEIGHTS","false","false","FIXED","PENDING","REPRESENTATION_ACCEPTED_NUMERIC_PENDING","PENDING_FUTURE_GROWTH; no default growth or heat conversion","LA:2030:Buildings:ResidentialFuel:oil","ResidentialFuel","true","true","false","MISSING","LA:oil","false","false","","Buildings","","","",""
"LA","2030","Buildings","ServicesDirectElectricity","electricity","DIRECT_ELECTRICITY","","","","Astar","ServicesDirectElectricity","EMBEDDED","","2019","","","PENDING_ACCEPTED_COUNTRY_NODE_WEIGHTS","PENDING_ACCEPTED_SHAPE_AND_PHYSICAL_WEIGHTS","true","false","FIXED","PENDING","REPRESENTATION_ACCEPTED_NUMERIC_PENDING","PENDING_FUTURE_GROWTH; separate R/S decomposition remains optional inside Astar","LA:2030:Buildings:ServicesDirectElectricity:electricity","Astar","false","false","false","MISSING","LA:electricity","false","false","","Buildings","","","",""
"LA","2030","Buildings","ServicesFuel","biomass","DIRECT_FUEL","","","","","ServicesFuel","EXPLICIT","","2019","","","PENDING_ACCEPTED_COUNTRY_NODE_WEIGHTS","PENDING_ACCEPTED_SHAPE_AND_PHYSICAL_WEIGHTS","false","false","FIXED","PENDING","REPRESENTATION_ACCEPTED_NUMERIC_PENDING","PENDING_FUTURE_GROWTH; no default growth or heat conversion","LA:2030:Buildings:ServicesFuel:biomass","ServicesFuel","true","true","false","MISSING","LA:biomass","false","false","","Buildings","","","",""
"LA","2030","Buildings","ServicesFuel","coal","DIRECT_FUEL","","","","","ServicesFuel","EXPLICIT","","2019","","","PENDING_ACCEPTED_COUNTRY_NODE_WEIGHTS","PENDING_ACCEPTED_SHAPE_AND_PHYSICAL_WEIGHTS","false","false","FIXED","PENDING","REPRESENTATION_ACCEPTED_NUMERIC_PENDING","PENDING_FUTURE_GROWTH; no default growth or heat conversion","LA:2030:Buildings:ServicesFuel:coal","ServicesFuel","true","true","false","MISSING","LA:coal","false","false","","Buildings","","","",""
"LA","2030","Buildings","ServicesFuel","gas","DIRECT_FUEL","","","","","ServicesFuel","EXPLICIT","","2019","","","PENDING_ACCEPTED_COUNTRY_NODE_WEIGHTS","PENDING_ACCEPTED_SHAPE_AND_PHYSICAL_WEIGHTS","false","false","FIXED","PENDING","REPRESENTATION_ACCEPTED_NUMERIC_PENDING","PENDING_FUTURE_GROWTH; no default growth or heat conversion","LA:2030:Buildings:ServicesFuel:gas","ServicesFuel","true","true","false","MISSING","LA:gas","false","false","","Buildings","","","",""
"LA","2030","Buildings","ServicesFuel","oil","DIRECT_FUEL","","","","","ServicesFuel","EXPLICIT","","2019","","","PENDING_ACCEPTED_COUNTRY_NODE_WEIGHTS","PENDING_ACCEPTED_SHAPE_AND_PHYSICAL_WEIGHTS","false","false","FIXED","PENDING","REPRESENTATION_ACCEPTED_NUMERIC_PENDING","PENDING_FUTURE_GROWTH; no default growth or heat conversion","LA:2030:Buildings:ServicesFuel:oil","ServicesFuel","true","true","false","MISSING","LA:oil","false","false","","Buildings","","","",""
"LA","2030","Bunker","InternationalAviationBunker","oil","BUNKER_FUEL","","","","","InternationalAviationBunker","EXPLICIT","","2019","","","PENDING_ACCEPTED_COUNTRY_NODE_WEIGHTS","PENDING_ACCEPTED_SHAPE_AND_PHYSICAL_WEIGHTS","false","false","FIXED","PENDING","REPRESENTATION_ACCEPTED_NUMERIC_PENDING","PENDING_FUTURE_GROWTH; upstream default projection not accepted","LA:2030:Bunker:InternationalAviationBunker:oil","InternationalAviationBunker","true","true","false","MISSING","LA:oil","false","false","","bunker","","","",""
"LA","2030","Bunker","InternationalShippingBunker","oil","BUNKER_FUEL","","","","","InternationalShippingBunker","EXPLICIT","","2019","","","PENDING_ACCEPTED_COUNTRY_NODE_WEIGHTS","PENDING_ACCEPTED_SHAPE_AND_PHYSICAL_WEIGHTS","false","false","FIXED","PENDING","REPRESENTATION_ACCEPTED_NUMERIC_PENDING","PENDING_FUTURE_GROWTH; upstream default projection not accepted","LA:2030:Bunker:InternationalShippingBunker:oil","InternationalShippingBunker","true","true","false","MISSING","LA:oil","false","false","","bunker","","","",""
"LA","2030","Electricity","Astar","electricity","DIRECT_ELECTRICITY","","","","","Astar","EXPLICIT","","2019","","","PENDING_ACCEPTED_COUNTRY_NODE_WEIGHTS","PENDING_ACCEPTED_SHAPE_AND_PHYSICAL_WEIGHTS","true","false","FIXED","PENDING","REPRESENTATION_ACCEPTED_NUMERIC_PENDING","FUTURE_DIRECT_ELECTRICITY_PENDING; no AEO8 generation/DemandCast/default-growth fallback","LA:2030:Electricity:Astar:electricity","Astar","true","true","false","MISSING","LA:electricity","false","false","","electricity","","","",""
"LA","2030","Industry","IndustryDirectElectricity","electricity","EMBEDDED","","","","Astar","IndustryDirectElectricity","EMBEDDED","","2019","","","PENDING_ACCEPTED_COUNTRY_NODE_WEIGHTS","PENDING_ACCEPTED_SHAPE_AND_PHYSICAL_WEIGHTS","true","false","FIXED","PENDING","REPRESENTATION_ACCEPTED_NUMERIC_PENDING","Future direct electricity remains within Astar; no separate Load; growth unaccepted","LA:2030:Industry:IndustryDirectElectricity:electricity","Astar","false","false","false","MISSING","LA:electricity","false","false","","Industry","","","",""
"LA","2030","Industry","IndustryFinalEnergy","biomass","DIRECT_FUEL","","","","","IndustryFinalEnergy","EXPLICIT","","2019","","","PENDING_ACCEPTED_COUNTRY_NODE_WEIGHTS","PENDING_ACCEPTED_SHAPE_AND_PHYSICAL_WEIGHTS","false","false","FIXED","PENDING","REPRESENTATION_ACCEPTED_NUMERIC_PENDING","PENDING_FUTURE_GROWTH; no DEFAULT or zero-growth assumption","LA:2030:Industry:IndustryFinalEnergy:biomass","IndustryFinalEnergy","true","true","false","MISSING","LA:biomass","false","false","","Industry","","","",""
"LA","2030","Industry","IndustryFinalEnergy","coal","DIRECT_FUEL","","","","","IndustryFinalEnergy","EXPLICIT","","2019","","","PENDING_ACCEPTED_COUNTRY_NODE_WEIGHTS","PENDING_ACCEPTED_SHAPE_AND_PHYSICAL_WEIGHTS","false","false","FIXED","PENDING","REPRESENTATION_ACCEPTED_NUMERIC_PENDING","PENDING_FUTURE_GROWTH; no DEFAULT or zero-growth assumption","LA:2030:Industry:IndustryFinalEnergy:coal","IndustryFinalEnergy","true","true","false","MISSING","LA:coal","false","false","","Industry","","","",""
"LA","2030","Industry","IndustryFinalEnergy","gas","DIRECT_FUEL","","","","","IndustryFinalEnergy","EXPLICIT","","2019","","","PENDING_ACCEPTED_COUNTRY_NODE_WEIGHTS","PENDING_ACCEPTED_SHAPE_AND_PHYSICAL_WEIGHTS","false","false","FIXED","PENDING","REPRESENTATION_ACCEPTED_NUMERIC_PENDING","PENDING_FUTURE_GROWTH; no DEFAULT or zero-growth assumption","LA:2030:Industry:IndustryFinalEnergy:gas","IndustryFinalEnergy","true","true","false","MISSING","LA:gas","false","false","","Industry","","","",""
"LA","2030","Industry","IndustryFinalEnergy","oil","DIRECT_FUEL","","","","","IndustryFinalEnergy","EXPLICIT","","2019","","","PENDING_ACCEPTED_COUNTRY_NODE_WEIGHTS","PENDING_ACCEPTED_SHAPE_AND_PHYSICAL_WEIGHTS","false","false","FIXED","PENDING","REPRESENTATION_ACCEPTED_NUMERIC_PENDING","PENDING_FUTURE_GROWTH; no DEFAULT or zero-growth assumption","LA:2030:Industry:IndustryFinalEnergy:oil","IndustryFinalEnergy","true","true","false","MISSING","LA:oil","false","false","","Industry","","","",""
"LA","2030","Transport","DomesticAviationFuel","oil","DIRECT_FUEL","","","","","DomesticAviationFuel","EXPLICIT","","2019","","","PENDING_ACCEPTED_COUNTRY_NODE_WEIGHTS","PENDING_ACCEPTED_SHAPE_AND_PHYSICAL_WEIGHTS","false","false","FIXED","PENDING","REPRESENTATION_ACCEPTED_NUMERIC_PENDING","PENDING_FUTURE_GROWTH; upstream default projection not accepted","LA:2030:Transport:DomesticAviationFuel:oil","DomesticAviationFuel","true","true","false","MISSING","LA:oil","false","false","","bunker","","","",""
"LA","2030","Transport","DomesticShippingFuel","oil","DIRECT_FUEL","","","","","DomesticShippingFuel","EXPLICIT","","2019","","","PENDING_ACCEPTED_COUNTRY_NODE_WEIGHTS","PENDING_ACCEPTED_SHAPE_AND_PHYSICAL_WEIGHTS","false","false","FIXED","PENDING","REPRESENTATION_ACCEPTED_NUMERIC_PENDING","PENDING_FUTURE_GROWTH; upstream default projection not accepted","LA:2030:Transport:DomesticShippingFuel:oil","DomesticShippingFuel","true","true","false","MISSING","LA:oil","false","false","","bunker","","","",""
"LA","2030","Transport","RailElectricity","electricity","EMBEDDED","","","","Astar","RailElectricity","EMBEDDED","","2019","","","PENDING_ACCEPTED_COUNTRY_NODE_WEIGHTS","PENDING_ACCEPTED_SHAPE_AND_PHYSICAL_WEIGHTS","true","false","FIXED","PENDING","REPRESENTATION_ACCEPTED_NUMERIC_PENDING","Future rail stays in Astar once; decomposition pending","LA:2030:Transport:RailElectricity:electricity","Astar","false","false","false","MISSING","LA:electricity","false","false","","Transport","","","",""
"LA","2030","Transport","RoadEVFinalElectricity","electricity","DIRECT_ELECTRICITY","","","","","RoadEVFinalElectricity","EXPLICIT","","2019","","","PENDING_ACCEPTED_COUNTRY_NODE_WEIGHTS","PENDING_ACCEPTED_SHAPE_AND_PHYSICAL_WEIGHTS","false","false","FIXED","PENDING","REPRESENTATION_ACCEPTED_NUMERIC_PENDING","External final-energy share pending; future EV excluded from future direct Astar; no kWh/km proxy","LA:2030:Transport:RoadEVFinalElectricity:electricity","RoadEVFinalElectricity","true","true","false","MISSING","LA:electricity","false","false","","Transport","","","",""
"LA","2030","Transport","RoadResidualFuel","biomass","DIRECT_FUEL","","","","","RoadResidualFuel","EXPLICIT","","2019","","","PENDING_ACCEPTED_COUNTRY_NODE_WEIGHTS","PENDING_ACCEPTED_SHAPE_AND_PHYSICAL_WEIGHTS","false","false","FIXED","PENDING","REPRESENTATION_ACCEPTED_NUMERIC_PENDING","PENDING_FUTURE_GROWTH_AND_EV_ENERGY_PATH; carrier vector retained","LA:2030:Transport:RoadResidualFuel:biomass","RoadResidualFuel","true","true","false","MISSING","LA:biomass","false","false","","Transport","","","",""
"LA","2030","Transport","RoadResidualFuel","gas","DIRECT_FUEL","","","","","RoadResidualFuel","EXPLICIT","","2019","","","PENDING_ACCEPTED_COUNTRY_NODE_WEIGHTS","PENDING_ACCEPTED_SHAPE_AND_PHYSICAL_WEIGHTS","false","false","FIXED","PENDING","REPRESENTATION_ACCEPTED_NUMERIC_PENDING","PENDING_FUTURE_GROWTH_AND_EV_ENERGY_PATH; carrier vector retained","LA:2030:Transport:RoadResidualFuel:gas","RoadResidualFuel","true","true","false","MISSING","LA:gas","false","false","","Transport","","","",""
"LA","2030","Transport","RoadResidualFuel","oil","DIRECT_FUEL","","","","","RoadResidualFuel","EXPLICIT","","2019","","","PENDING_ACCEPTED_COUNTRY_NODE_WEIGHTS","PENDING_ACCEPTED_SHAPE_AND_PHYSICAL_WEIGHTS","false","false","FIXED","PENDING","REPRESENTATION_ACCEPTED_NUMERIC_PENDING","PENDING_FUTURE_GROWTH_AND_EV_ENERGY_PATH; carrier vector retained","LA:2030:Transport:RoadResidualFuel:oil","RoadResidualFuel","true","true","false","MISSING","LA:oil","false","false","","Transport","","","",""
"LA","2030","Transport","TransportEmbeddedFuelParent","unclassified_fuel","UNCLASSIFIED","","","","","TransportEmbeddedFuelParent","EXPLICIT","","2019","","","PENDING_ACCEPTED_COUNTRY_NODE_WEIGHTS","PENDING_ACCEPTED_SHAPE_AND_PHYSICAL_WEIGHTS","false","false","FIXED","PENDING","REPRESENTATION_ACCEPTED_NUMERIC_PENDING","Rail fuel remains within one pending transport fuel parent; no duplicate rail Load","LA:2030:Transport:TransportEmbeddedFuelParent:unclassified_fuel","TransportEmbeddedFuelParent","true","true","false","MISSING","","false","false","","Transport","","","",""
"LA","2040","Agriculture","AgricultureDirectElectricity","electricity","EMBEDDED","","","","Astar","AgricultureDirectElectricity","EMBEDDED","","2019","","","PENDING_ACCEPTED_COUNTRY_NODE_WEIGHTS","PENDING_ACCEPTED_SHAPE_AND_PHYSICAL_WEIGHTS","true","false","FIXED","PENDING","REPRESENTATION_ACCEPTED_NUMERIC_PENDING","Future direct electricity remains within Astar; no separate Load; growth unaccepted","LA:2040:Agriculture:AgricultureDirectElectricity:electricity","Astar","false","false","false","MISSING","LA:electricity","false","false","","Agriculture","","","",""
"LA","2040","Agriculture","AgricultureFinalEnergy","biomass","DIRECT_FUEL","","","","","AgricultureFinalEnergy","EXPLICIT","","2019","","","PENDING_ACCEPTED_COUNTRY_NODE_WEIGHTS","PENDING_ACCEPTED_SHAPE_AND_PHYSICAL_WEIGHTS","false","false","FIXED","PENDING","REPRESENTATION_ACCEPTED_NUMERIC_PENDING","PENDING_FUTURE_GROWTH; no DEFAULT or zero-growth assumption","LA:2040:Agriculture:AgricultureFinalEnergy:biomass","AgricultureFinalEnergy","true","true","false","MISSING","LA:biomass","false","false","","Agriculture","","","",""
"LA","2040","Agriculture","AgricultureFinalEnergy","coal","DIRECT_FUEL","","","","","AgricultureFinalEnergy","EXPLICIT","","2019","","","PENDING_ACCEPTED_COUNTRY_NODE_WEIGHTS","PENDING_ACCEPTED_SHAPE_AND_PHYSICAL_WEIGHTS","false","false","FIXED","PENDING","REPRESENTATION_ACCEPTED_NUMERIC_PENDING","PENDING_FUTURE_GROWTH; no DEFAULT or zero-growth assumption","LA:2040:Agriculture:AgricultureFinalEnergy:coal","AgricultureFinalEnergy","true","true","false","MISSING","LA:coal","false","false","","Agriculture","","","",""
"LA","2040","Agriculture","AgricultureFinalEnergy","oil","DIRECT_FUEL","","","","","AgricultureFinalEnergy","EXPLICIT","","2019","","","PENDING_ACCEPTED_COUNTRY_NODE_WEIGHTS","PENDING_ACCEPTED_SHAPE_AND_PHYSICAL_WEIGHTS","false","false","FIXED","PENDING","REPRESENTATION_ACCEPTED_NUMERIC_PENDING","PENDING_FUTURE_GROWTH; no DEFAULT or zero-growth assumption","LA:2040:Agriculture:AgricultureFinalEnergy:oil","AgricultureFinalEnergy","true","true","false","MISSING","LA:oil","false","false","","Agriculture","","","",""
"LA","2040","Buildings","ResidentialDirectElectricity","electricity","DIRECT_ELECTRICITY","","","","Astar","ResidentialDirectElectricity","EMBEDDED","","2019","","","PENDING_ACCEPTED_COUNTRY_NODE_WEIGHTS","PENDING_ACCEPTED_SHAPE_AND_PHYSICAL_WEIGHTS","true","false","FIXED","PENDING","REPRESENTATION_ACCEPTED_NUMERIC_PENDING","PENDING_FUTURE_GROWTH; separate R/S decomposition remains optional inside Astar","LA:2040:Buildings:ResidentialDirectElectricity:electricity","Astar","false","false","false","MISSING","LA:electricity","false","false","","Buildings","","","",""
"LA","2040","Buildings","ResidentialFuel","biomass","DIRECT_FUEL","","","","","ResidentialFuel","EXPLICIT","","2019","","","PENDING_ACCEPTED_COUNTRY_NODE_WEIGHTS","PENDING_ACCEPTED_SHAPE_AND_PHYSICAL_WEIGHTS","false","false","FIXED","PENDING","REPRESENTATION_ACCEPTED_NUMERIC_PENDING","PENDING_FUTURE_GROWTH; no default growth or heat conversion","LA:2040:Buildings:ResidentialFuel:biomass","ResidentialFuel","true","true","false","MISSING","LA:biomass","false","false","","Buildings","","","",""
"LA","2040","Buildings","ResidentialFuel","coal","DIRECT_FUEL","","","","","ResidentialFuel","EXPLICIT","","2019","","","PENDING_ACCEPTED_COUNTRY_NODE_WEIGHTS","PENDING_ACCEPTED_SHAPE_AND_PHYSICAL_WEIGHTS","false","false","FIXED","PENDING","REPRESENTATION_ACCEPTED_NUMERIC_PENDING","PENDING_FUTURE_GROWTH; no default growth or heat conversion","LA:2040:Buildings:ResidentialFuel:coal","ResidentialFuel","true","true","false","MISSING","LA:coal","false","false","","Buildings","","","",""
"LA","2040","Buildings","ResidentialFuel","gas","DIRECT_FUEL","","","","","ResidentialFuel","EXPLICIT","","2019","","","PENDING_ACCEPTED_COUNTRY_NODE_WEIGHTS","PENDING_ACCEPTED_SHAPE_AND_PHYSICAL_WEIGHTS","false","false","FIXED","PENDING","REPRESENTATION_ACCEPTED_NUMERIC_PENDING","PENDING_FUTURE_GROWTH; no default growth or heat conversion","LA:2040:Buildings:ResidentialFuel:gas","ResidentialFuel","true","true","false","MISSING","LA:gas","false","false","","Buildings","","","",""
"LA","2040","Buildings","ResidentialFuel","oil","DIRECT_FUEL","","","","","ResidentialFuel","EXPLICIT","","2019","","","PENDING_ACCEPTED_COUNTRY_NODE_WEIGHTS","PENDING_ACCEPTED_SHAPE_AND_PHYSICAL_WEIGHTS","false","false","FIXED","PENDING","REPRESENTATION_ACCEPTED_NUMERIC_PENDING","PENDING_FUTURE_GROWTH; no default growth or heat conversion","LA:2040:Buildings:ResidentialFuel:oil","ResidentialFuel","true","true","false","MISSING","LA:oil","false","false","","Buildings","","","",""
"LA","2040","Buildings","ServicesDirectElectricity","electricity","DIRECT_ELECTRICITY","","","","Astar","ServicesDirectElectricity","EMBEDDED","","2019","","","PENDING_ACCEPTED_COUNTRY_NODE_WEIGHTS","PENDING_ACCEPTED_SHAPE_AND_PHYSICAL_WEIGHTS","true","false","FIXED","PENDING","REPRESENTATION_ACCEPTED_NUMERIC_PENDING","PENDING_FUTURE_GROWTH; separate R/S decomposition remains optional inside Astar","LA:2040:Buildings:ServicesDirectElectricity:electricity","Astar","false","false","false","MISSING","LA:electricity","false","false","","Buildings","","","",""
"LA","2040","Buildings","ServicesFuel","biomass","DIRECT_FUEL","","","","","ServicesFuel","EXPLICIT","","2019","","","PENDING_ACCEPTED_COUNTRY_NODE_WEIGHTS","PENDING_ACCEPTED_SHAPE_AND_PHYSICAL_WEIGHTS","false","false","FIXED","PENDING","REPRESENTATION_ACCEPTED_NUMERIC_PENDING","PENDING_FUTURE_GROWTH; no default growth or heat conversion","LA:2040:Buildings:ServicesFuel:biomass","ServicesFuel","true","true","false","MISSING","LA:biomass","false","false","","Buildings","","","",""
"LA","2040","Buildings","ServicesFuel","coal","DIRECT_FUEL","","","","","ServicesFuel","EXPLICIT","","2019","","","PENDING_ACCEPTED_COUNTRY_NODE_WEIGHTS","PENDING_ACCEPTED_SHAPE_AND_PHYSICAL_WEIGHTS","false","false","FIXED","PENDING","REPRESENTATION_ACCEPTED_NUMERIC_PENDING","PENDING_FUTURE_GROWTH; no default growth or heat conversion","LA:2040:Buildings:ServicesFuel:coal","ServicesFuel","true","true","false","MISSING","LA:coal","false","false","","Buildings","","","",""
"LA","2040","Buildings","ServicesFuel","gas","DIRECT_FUEL","","","","","ServicesFuel","EXPLICIT","","2019","","","PENDING_ACCEPTED_COUNTRY_NODE_WEIGHTS","PENDING_ACCEPTED_SHAPE_AND_PHYSICAL_WEIGHTS","false","false","FIXED","PENDING","REPRESENTATION_ACCEPTED_NUMERIC_PENDING","PENDING_FUTURE_GROWTH; no default growth or heat conversion","LA:2040:Buildings:ServicesFuel:gas","ServicesFuel","true","true","false","MISSING","LA:gas","false","false","","Buildings","","","",""
"LA","2040","Buildings","ServicesFuel","oil","DIRECT_FUEL","","","","","ServicesFuel","EXPLICIT","","2019","","","PENDING_ACCEPTED_COUNTRY_NODE_WEIGHTS","PENDING_ACCEPTED_SHAPE_AND_PHYSICAL_WEIGHTS","false","false","FIXED","PENDING","REPRESENTATION_ACCEPTED_NUMERIC_PENDING","PENDING_FUTURE_GROWTH; no default growth or heat conversion","LA:2040:Buildings:ServicesFuel:oil","ServicesFuel","true","true","false","MISSING","LA:oil","false","false","","Buildings","","","",""
"LA","2040","Bunker","InternationalAviationBunker","oil","BUNKER_FUEL","","","","","InternationalAviationBunker","EXPLICIT","","2019","","","PENDING_ACCEPTED_COUNTRY_NODE_WEIGHTS","PENDING_ACCEPTED_SHAPE_AND_PHYSICAL_WEIGHTS","false","false","FIXED","PENDING","REPRESENTATION_ACCEPTED_NUMERIC_PENDING","PENDING_FUTURE_GROWTH; upstream default projection not accepted","LA:2040:Bunker:InternationalAviationBunker:oil","InternationalAviationBunker","true","true","false","MISSING","LA:oil","false","false","","bunker","","","",""
"LA","2040","Bunker","InternationalShippingBunker","oil","BUNKER_FUEL","","","","","InternationalShippingBunker","EXPLICIT","","2019","","","PENDING_ACCEPTED_COUNTRY_NODE_WEIGHTS","PENDING_ACCEPTED_SHAPE_AND_PHYSICAL_WEIGHTS","false","false","FIXED","PENDING","REPRESENTATION_ACCEPTED_NUMERIC_PENDING","PENDING_FUTURE_GROWTH; upstream default projection not accepted","LA:2040:Bunker:InternationalShippingBunker:oil","InternationalShippingBunker","true","true","false","MISSING","LA:oil","false","false","","bunker","","","",""
"LA","2040","Electricity","Astar","electricity","DIRECT_ELECTRICITY","","","","","Astar","EXPLICIT","","2019","","","PENDING_ACCEPTED_COUNTRY_NODE_WEIGHTS","PENDING_ACCEPTED_SHAPE_AND_PHYSICAL_WEIGHTS","true","false","FIXED","PENDING","REPRESENTATION_ACCEPTED_NUMERIC_PENDING","FUTURE_DIRECT_ELECTRICITY_PENDING; no AEO8 generation/DemandCast/default-growth fallback","LA:2040:Electricity:Astar:electricity","Astar","true","true","false","MISSING","LA:electricity","false","false","","electricity","","","",""
"LA","2040","Industry","IndustryDirectElectricity","electricity","EMBEDDED","","","","Astar","IndustryDirectElectricity","EMBEDDED","","2019","","","PENDING_ACCEPTED_COUNTRY_NODE_WEIGHTS","PENDING_ACCEPTED_SHAPE_AND_PHYSICAL_WEIGHTS","true","false","FIXED","PENDING","REPRESENTATION_ACCEPTED_NUMERIC_PENDING","Future direct electricity remains within Astar; no separate Load; growth unaccepted","LA:2040:Industry:IndustryDirectElectricity:electricity","Astar","false","false","false","MISSING","LA:electricity","false","false","","Industry","","","",""
"LA","2040","Industry","IndustryFinalEnergy","biomass","DIRECT_FUEL","","","","","IndustryFinalEnergy","EXPLICIT","","2019","","","PENDING_ACCEPTED_COUNTRY_NODE_WEIGHTS","PENDING_ACCEPTED_SHAPE_AND_PHYSICAL_WEIGHTS","false","false","FIXED","PENDING","REPRESENTATION_ACCEPTED_NUMERIC_PENDING","PENDING_FUTURE_GROWTH; no DEFAULT or zero-growth assumption","LA:2040:Industry:IndustryFinalEnergy:biomass","IndustryFinalEnergy","true","true","false","MISSING","LA:biomass","false","false","","Industry","","","",""
"LA","2040","Industry","IndustryFinalEnergy","coal","DIRECT_FUEL","","","","","IndustryFinalEnergy","EXPLICIT","","2019","","","PENDING_ACCEPTED_COUNTRY_NODE_WEIGHTS","PENDING_ACCEPTED_SHAPE_AND_PHYSICAL_WEIGHTS","false","false","FIXED","PENDING","REPRESENTATION_ACCEPTED_NUMERIC_PENDING","PENDING_FUTURE_GROWTH; no DEFAULT or zero-growth assumption","LA:2040:Industry:IndustryFinalEnergy:coal","IndustryFinalEnergy","true","true","false","MISSING","LA:coal","false","false","","Industry","","","",""
"LA","2040","Industry","IndustryFinalEnergy","gas","DIRECT_FUEL","","","","","IndustryFinalEnergy","EXPLICIT","","2019","","","PENDING_ACCEPTED_COUNTRY_NODE_WEIGHTS","PENDING_ACCEPTED_SHAPE_AND_PHYSICAL_WEIGHTS","false","false","FIXED","PENDING","REPRESENTATION_ACCEPTED_NUMERIC_PENDING","PENDING_FUTURE_GROWTH; no DEFAULT or zero-growth assumption","LA:2040:Industry:IndustryFinalEnergy:gas","IndustryFinalEnergy","true","true","false","MISSING","LA:gas","false","false","","Industry","","","",""
"LA","2040","Industry","IndustryFinalEnergy","oil","DIRECT_FUEL","","","","","IndustryFinalEnergy","EXPLICIT","","2019","","","PENDING_ACCEPTED_COUNTRY_NODE_WEIGHTS","PENDING_ACCEPTED_SHAPE_AND_PHYSICAL_WEIGHTS","false","false","FIXED","PENDING","REPRESENTATION_ACCEPTED_NUMERIC_PENDING","PENDING_FUTURE_GROWTH; no DEFAULT or zero-growth assumption","LA:2040:Industry:IndustryFinalEnergy:oil","IndustryFinalEnergy","true","true","false","MISSING","LA:oil","false","false","","Industry","","","",""
"LA","2040","Transport","DomesticAviationFuel","oil","DIRECT_FUEL","","","","","DomesticAviationFuel","EXPLICIT","","2019","","","PENDING_ACCEPTED_COUNTRY_NODE_WEIGHTS","PENDING_ACCEPTED_SHAPE_AND_PHYSICAL_WEIGHTS","false","false","FIXED","PENDING","REPRESENTATION_ACCEPTED_NUMERIC_PENDING","PENDING_FUTURE_GROWTH; upstream default projection not accepted","LA:2040:Transport:DomesticAviationFuel:oil","DomesticAviationFuel","true","true","false","MISSING","LA:oil","false","false","","bunker","","","",""
"LA","2040","Transport","DomesticShippingFuel","oil","DIRECT_FUEL","","","","","DomesticShippingFuel","EXPLICIT","","2019","","","PENDING_ACCEPTED_COUNTRY_NODE_WEIGHTS","PENDING_ACCEPTED_SHAPE_AND_PHYSICAL_WEIGHTS","false","false","FIXED","PENDING","REPRESENTATION_ACCEPTED_NUMERIC_PENDING","PENDING_FUTURE_GROWTH; upstream default projection not accepted","LA:2040:Transport:DomesticShippingFuel:oil","DomesticShippingFuel","true","true","false","MISSING","LA:oil","false","false","","bunker","","","",""
"LA","2040","Transport","RailElectricity","electricity","EMBEDDED","","","","Astar","RailElectricity","EMBEDDED","","2019","","","PENDING_ACCEPTED_COUNTRY_NODE_WEIGHTS","PENDING_ACCEPTED_SHAPE_AND_PHYSICAL_WEIGHTS","true","false","FIXED","PENDING","REPRESENTATION_ACCEPTED_NUMERIC_PENDING","Future rail stays in Astar once; decomposition pending","LA:2040:Transport:RailElectricity:electricity","Astar","false","false","false","MISSING","LA:electricity","false","false","","Transport","","","",""
"LA","2040","Transport","RoadEVFinalElectricity","electricity","DIRECT_ELECTRICITY","","","","","RoadEVFinalElectricity","EXPLICIT","","2019","","","PENDING_ACCEPTED_COUNTRY_NODE_WEIGHTS","PENDING_ACCEPTED_SHAPE_AND_PHYSICAL_WEIGHTS","false","false","FIXED","PENDING","REPRESENTATION_ACCEPTED_NUMERIC_PENDING","External final-energy share pending; future EV excluded from future direct Astar; no kWh/km proxy","LA:2040:Transport:RoadEVFinalElectricity:electricity","RoadEVFinalElectricity","true","true","false","MISSING","LA:electricity","false","false","","Transport","","","",""
"LA","2040","Transport","RoadResidualFuel","biomass","DIRECT_FUEL","","","","","RoadResidualFuel","EXPLICIT","","2019","","","PENDING_ACCEPTED_COUNTRY_NODE_WEIGHTS","PENDING_ACCEPTED_SHAPE_AND_PHYSICAL_WEIGHTS","false","false","FIXED","PENDING","REPRESENTATION_ACCEPTED_NUMERIC_PENDING","PENDING_FUTURE_GROWTH_AND_EV_ENERGY_PATH; carrier vector retained","LA:2040:Transport:RoadResidualFuel:biomass","RoadResidualFuel","true","true","false","MISSING","LA:biomass","false","false","","Transport","","","",""
"LA","2040","Transport","RoadResidualFuel","gas","DIRECT_FUEL","","","","","RoadResidualFuel","EXPLICIT","","2019","","","PENDING_ACCEPTED_COUNTRY_NODE_WEIGHTS","PENDING_ACCEPTED_SHAPE_AND_PHYSICAL_WEIGHTS","false","false","FIXED","PENDING","REPRESENTATION_ACCEPTED_NUMERIC_PENDING","PENDING_FUTURE_GROWTH_AND_EV_ENERGY_PATH; carrier vector retained","LA:2040:Transport:RoadResidualFuel:gas","RoadResidualFuel","true","true","false","MISSING","LA:gas","false","false","","Transport","","","",""
"LA","2040","Transport","RoadResidualFuel","oil","DIRECT_FUEL","","","","","RoadResidualFuel","EXPLICIT","","2019","","","PENDING_ACCEPTED_COUNTRY_NODE_WEIGHTS","PENDING_ACCEPTED_SHAPE_AND_PHYSICAL_WEIGHTS","false","false","FIXED","PENDING","REPRESENTATION_ACCEPTED_NUMERIC_PENDING","PENDING_FUTURE_GROWTH_AND_EV_ENERGY_PATH; carrier vector retained","LA:2040:Transport:RoadResidualFuel:oil","RoadResidualFuel","true","true","false","MISSING","LA:oil","false","false","","Transport","","","",""
"LA","2040","Transport","TransportEmbeddedFuelParent","unclassified_fuel","UNCLASSIFIED","","","","","TransportEmbeddedFuelParent","EXPLICIT","","2019","","","PENDING_ACCEPTED_COUNTRY_NODE_WEIGHTS","PENDING_ACCEPTED_SHAPE_AND_PHYSICAL_WEIGHTS","false","false","FIXED","PENDING","REPRESENTATION_ACCEPTED_NUMERIC_PENDING","Rail fuel remains within one pending transport fuel parent; no duplicate rail Load","LA:2040:Transport:TransportEmbeddedFuelParent:unclassified_fuel","TransportEmbeddedFuelParent","true","true","false","MISSING","","false","false","","Transport","","","",""
"LA","2050","Agriculture","AgricultureDirectElectricity","electricity","EMBEDDED","","","","Astar","AgricultureDirectElectricity","EMBEDDED","","2019","","","PENDING_ACCEPTED_COUNTRY_NODE_WEIGHTS","PENDING_ACCEPTED_SHAPE_AND_PHYSICAL_WEIGHTS","true","false","FIXED","PENDING","REPRESENTATION_ACCEPTED_NUMERIC_PENDING","Future direct electricity remains within Astar; no separate Load; growth unaccepted","LA:2050:Agriculture:AgricultureDirectElectricity:electricity","Astar","false","false","false","MISSING","LA:electricity","false","false","","Agriculture","","","",""
"LA","2050","Agriculture","AgricultureFinalEnergy","biomass","DIRECT_FUEL","","","","","AgricultureFinalEnergy","EXPLICIT","","2019","","","PENDING_ACCEPTED_COUNTRY_NODE_WEIGHTS","PENDING_ACCEPTED_SHAPE_AND_PHYSICAL_WEIGHTS","false","false","FIXED","PENDING","REPRESENTATION_ACCEPTED_NUMERIC_PENDING","PENDING_FUTURE_GROWTH; no DEFAULT or zero-growth assumption","LA:2050:Agriculture:AgricultureFinalEnergy:biomass","AgricultureFinalEnergy","true","true","false","MISSING","LA:biomass","false","false","","Agriculture","","","",""
"LA","2050","Agriculture","AgricultureFinalEnergy","coal","DIRECT_FUEL","","","","","AgricultureFinalEnergy","EXPLICIT","","2019","","","PENDING_ACCEPTED_COUNTRY_NODE_WEIGHTS","PENDING_ACCEPTED_SHAPE_AND_PHYSICAL_WEIGHTS","false","false","FIXED","PENDING","REPRESENTATION_ACCEPTED_NUMERIC_PENDING","PENDING_FUTURE_GROWTH; no DEFAULT or zero-growth assumption","LA:2050:Agriculture:AgricultureFinalEnergy:coal","AgricultureFinalEnergy","true","true","false","MISSING","LA:coal","false","false","","Agriculture","","","",""
"LA","2050","Agriculture","AgricultureFinalEnergy","oil","DIRECT_FUEL","","","","","AgricultureFinalEnergy","EXPLICIT","","2019","","","PENDING_ACCEPTED_COUNTRY_NODE_WEIGHTS","PENDING_ACCEPTED_SHAPE_AND_PHYSICAL_WEIGHTS","false","false","FIXED","PENDING","REPRESENTATION_ACCEPTED_NUMERIC_PENDING","PENDING_FUTURE_GROWTH; no DEFAULT or zero-growth assumption","LA:2050:Agriculture:AgricultureFinalEnergy:oil","AgricultureFinalEnergy","true","true","false","MISSING","LA:oil","false","false","","Agriculture","","","",""
"LA","2050","Buildings","ResidentialDirectElectricity","electricity","DIRECT_ELECTRICITY","","","","Astar","ResidentialDirectElectricity","EMBEDDED","","2019","","","PENDING_ACCEPTED_COUNTRY_NODE_WEIGHTS","PENDING_ACCEPTED_SHAPE_AND_PHYSICAL_WEIGHTS","true","false","FIXED","PENDING","REPRESENTATION_ACCEPTED_NUMERIC_PENDING","PENDING_FUTURE_GROWTH; separate R/S decomposition remains optional inside Astar","LA:2050:Buildings:ResidentialDirectElectricity:electricity","Astar","false","false","false","MISSING","LA:electricity","false","false","","Buildings","","","",""
"LA","2050","Buildings","ResidentialFuel","biomass","DIRECT_FUEL","","","","","ResidentialFuel","EXPLICIT","","2019","","","PENDING_ACCEPTED_COUNTRY_NODE_WEIGHTS","PENDING_ACCEPTED_SHAPE_AND_PHYSICAL_WEIGHTS","false","false","FIXED","PENDING","REPRESENTATION_ACCEPTED_NUMERIC_PENDING","PENDING_FUTURE_GROWTH; no default growth or heat conversion","LA:2050:Buildings:ResidentialFuel:biomass","ResidentialFuel","true","true","false","MISSING","LA:biomass","false","false","","Buildings","","","",""
"LA","2050","Buildings","ResidentialFuel","coal","DIRECT_FUEL","","","","","ResidentialFuel","EXPLICIT","","2019","","","PENDING_ACCEPTED_COUNTRY_NODE_WEIGHTS","PENDING_ACCEPTED_SHAPE_AND_PHYSICAL_WEIGHTS","false","false","FIXED","PENDING","REPRESENTATION_ACCEPTED_NUMERIC_PENDING","PENDING_FUTURE_GROWTH; no default growth or heat conversion","LA:2050:Buildings:ResidentialFuel:coal","ResidentialFuel","true","true","false","MISSING","LA:coal","false","false","","Buildings","","","",""
"LA","2050","Buildings","ResidentialFuel","gas","DIRECT_FUEL","","","","","ResidentialFuel","EXPLICIT","","2019","","","PENDING_ACCEPTED_COUNTRY_NODE_WEIGHTS","PENDING_ACCEPTED_SHAPE_AND_PHYSICAL_WEIGHTS","false","false","FIXED","PENDING","REPRESENTATION_ACCEPTED_NUMERIC_PENDING","PENDING_FUTURE_GROWTH; no default growth or heat conversion","LA:2050:Buildings:ResidentialFuel:gas","ResidentialFuel","true","true","false","MISSING","LA:gas","false","false","","Buildings","","","",""
"LA","2050","Buildings","ResidentialFuel","oil","DIRECT_FUEL","","","","","ResidentialFuel","EXPLICIT","","2019","","","PENDING_ACCEPTED_COUNTRY_NODE_WEIGHTS","PENDING_ACCEPTED_SHAPE_AND_PHYSICAL_WEIGHTS","false","false","FIXED","PENDING","REPRESENTATION_ACCEPTED_NUMERIC_PENDING","PENDING_FUTURE_GROWTH; no default growth or heat conversion","LA:2050:Buildings:ResidentialFuel:oil","ResidentialFuel","true","true","false","MISSING","LA:oil","false","false","","Buildings","","","",""
"LA","2050","Buildings","ServicesDirectElectricity","electricity","DIRECT_ELECTRICITY","","","","Astar","ServicesDirectElectricity","EMBEDDED","","2019","","","PENDING_ACCEPTED_COUNTRY_NODE_WEIGHTS","PENDING_ACCEPTED_SHAPE_AND_PHYSICAL_WEIGHTS","true","false","FIXED","PENDING","REPRESENTATION_ACCEPTED_NUMERIC_PENDING","PENDING_FUTURE_GROWTH; separate R/S decomposition remains optional inside Astar","LA:2050:Buildings:ServicesDirectElectricity:electricity","Astar","false","false","false","MISSING","LA:electricity","false","false","","Buildings","","","",""
"LA","2050","Buildings","ServicesFuel","biomass","DIRECT_FUEL","","","","","ServicesFuel","EXPLICIT","","2019","","","PENDING_ACCEPTED_COUNTRY_NODE_WEIGHTS","PENDING_ACCEPTED_SHAPE_AND_PHYSICAL_WEIGHTS","false","false","FIXED","PENDING","REPRESENTATION_ACCEPTED_NUMERIC_PENDING","PENDING_FUTURE_GROWTH; no default growth or heat conversion","LA:2050:Buildings:ServicesFuel:biomass","ServicesFuel","true","true","false","MISSING","LA:biomass","false","false","","Buildings","","","",""
"LA","2050","Buildings","ServicesFuel","coal","DIRECT_FUEL","","","","","ServicesFuel","EXPLICIT","","2019","","","PENDING_ACCEPTED_COUNTRY_NODE_WEIGHTS","PENDING_ACCEPTED_SHAPE_AND_PHYSICAL_WEIGHTS","false","false","FIXED","PENDING","REPRESENTATION_ACCEPTED_NUMERIC_PENDING","PENDING_FUTURE_GROWTH; no default growth or heat conversion","LA:2050:Buildings:ServicesFuel:coal","ServicesFuel","true","true","false","MISSING","LA:coal","false","false","","Buildings","","","",""
"LA","2050","Buildings","ServicesFuel","gas","DIRECT_FUEL","","","","","ServicesFuel","EXPLICIT","","2019","","","PENDING_ACCEPTED_COUNTRY_NODE_WEIGHTS","PENDING_ACCEPTED_SHAPE_AND_PHYSICAL_WEIGHTS","false","false","FIXED","PENDING","REPRESENTATION_ACCEPTED_NUMERIC_PENDING","PENDING_FUTURE_GROWTH; no default growth or heat conversion","LA:2050:Buildings:ServicesFuel:gas","ServicesFuel","true","true","false","MISSING","LA:gas","false","false","","Buildings","","","",""
"LA","2050","Buildings","ServicesFuel","oil","DIRECT_FUEL","","","","","ServicesFuel","EXPLICIT","","2019","","","PENDING_ACCEPTED_COUNTRY_NODE_WEIGHTS","PENDING_ACCEPTED_SHAPE_AND_PHYSICAL_WEIGHTS","false","false","FIXED","PENDING","REPRESENTATION_ACCEPTED_NUMERIC_PENDING","PENDING_FUTURE_GROWTH; no default growth or heat conversion","LA:2050:Buildings:ServicesFuel:oil","ServicesFuel","true","true","false","MISSING","LA:oil","false","false","","Buildings","","","",""
"LA","2050","Bunker","InternationalAviationBunker","oil","BUNKER_FUEL","","","","","InternationalAviationBunker","EXPLICIT","","2019","","","PENDING_ACCEPTED_COUNTRY_NODE_WEIGHTS","PENDING_ACCEPTED_SHAPE_AND_PHYSICAL_WEIGHTS","false","false","FIXED","PENDING","REPRESENTATION_ACCEPTED_NUMERIC_PENDING","PENDING_FUTURE_GROWTH; upstream default projection not accepted","LA:2050:Bunker:InternationalAviationBunker:oil","InternationalAviationBunker","true","true","false","MISSING","LA:oil","false","false","","bunker","","","",""
"LA","2050","Bunker","InternationalShippingBunker","oil","BUNKER_FUEL","","","","","InternationalShippingBunker","EXPLICIT","","2019","","","PENDING_ACCEPTED_COUNTRY_NODE_WEIGHTS","PENDING_ACCEPTED_SHAPE_AND_PHYSICAL_WEIGHTS","false","false","FIXED","PENDING","REPRESENTATION_ACCEPTED_NUMERIC_PENDING","PENDING_FUTURE_GROWTH; upstream default projection not accepted","LA:2050:Bunker:InternationalShippingBunker:oil","InternationalShippingBunker","true","true","false","MISSING","LA:oil","false","false","","bunker","","","",""
"LA","2050","Electricity","Astar","electricity","DIRECT_ELECTRICITY","","","","","Astar","EXPLICIT","","2019","","","PENDING_ACCEPTED_COUNTRY_NODE_WEIGHTS","PENDING_ACCEPTED_SHAPE_AND_PHYSICAL_WEIGHTS","true","false","FIXED","PENDING","REPRESENTATION_ACCEPTED_NUMERIC_PENDING","FUTURE_DIRECT_ELECTRICITY_PENDING; no AEO8 generation/DemandCast/default-growth fallback","LA:2050:Electricity:Astar:electricity","Astar","true","true","false","MISSING","LA:electricity","false","false","","electricity","","","",""
"LA","2050","Industry","IndustryDirectElectricity","electricity","EMBEDDED","","","","Astar","IndustryDirectElectricity","EMBEDDED","","2019","","","PENDING_ACCEPTED_COUNTRY_NODE_WEIGHTS","PENDING_ACCEPTED_SHAPE_AND_PHYSICAL_WEIGHTS","true","false","FIXED","PENDING","REPRESENTATION_ACCEPTED_NUMERIC_PENDING","Future direct electricity remains within Astar; no separate Load; growth unaccepted","LA:2050:Industry:IndustryDirectElectricity:electricity","Astar","false","false","false","MISSING","LA:electricity","false","false","","Industry","","","",""
"LA","2050","Industry","IndustryFinalEnergy","biomass","DIRECT_FUEL","","","","","IndustryFinalEnergy","EXPLICIT","","2019","","","PENDING_ACCEPTED_COUNTRY_NODE_WEIGHTS","PENDING_ACCEPTED_SHAPE_AND_PHYSICAL_WEIGHTS","false","false","FIXED","PENDING","REPRESENTATION_ACCEPTED_NUMERIC_PENDING","PENDING_FUTURE_GROWTH; no DEFAULT or zero-growth assumption","LA:2050:Industry:IndustryFinalEnergy:biomass","IndustryFinalEnergy","true","true","false","MISSING","LA:biomass","false","false","","Industry","","","",""
"LA","2050","Industry","IndustryFinalEnergy","coal","DIRECT_FUEL","","","","","IndustryFinalEnergy","EXPLICIT","","2019","","","PENDING_ACCEPTED_COUNTRY_NODE_WEIGHTS","PENDING_ACCEPTED_SHAPE_AND_PHYSICAL_WEIGHTS","false","false","FIXED","PENDING","REPRESENTATION_ACCEPTED_NUMERIC_PENDING","PENDING_FUTURE_GROWTH; no DEFAULT or zero-growth assumption","LA:2050:Industry:IndustryFinalEnergy:coal","IndustryFinalEnergy","true","true","false","MISSING","LA:coal","false","false","","Industry","","","",""
"LA","2050","Industry","IndustryFinalEnergy","gas","DIRECT_FUEL","","","","","IndustryFinalEnergy","EXPLICIT","","2019","","","PENDING_ACCEPTED_COUNTRY_NODE_WEIGHTS","PENDING_ACCEPTED_SHAPE_AND_PHYSICAL_WEIGHTS","false","false","FIXED","PENDING","REPRESENTATION_ACCEPTED_NUMERIC_PENDING","PENDING_FUTURE_GROWTH; no DEFAULT or zero-growth assumption","LA:2050:Industry:IndustryFinalEnergy:gas","IndustryFinalEnergy","true","true","false","MISSING","LA:gas","false","false","","Industry","","","",""
"LA","2050","Industry","IndustryFinalEnergy","oil","DIRECT_FUEL","","","","","IndustryFinalEnergy","EXPLICIT","","2019","","","PENDING_ACCEPTED_COUNTRY_NODE_WEIGHTS","PENDING_ACCEPTED_SHAPE_AND_PHYSICAL_WEIGHTS","false","false","FIXED","PENDING","REPRESENTATION_ACCEPTED_NUMERIC_PENDING","PENDING_FUTURE_GROWTH; no DEFAULT or zero-growth assumption","LA:2050:Industry:IndustryFinalEnergy:oil","IndustryFinalEnergy","true","true","false","MISSING","LA:oil","false","false","","Industry","","","",""
"LA","2050","Transport","DomesticAviationFuel","oil","DIRECT_FUEL","","","","","DomesticAviationFuel","EXPLICIT","","2019","","","PENDING_ACCEPTED_COUNTRY_NODE_WEIGHTS","PENDING_ACCEPTED_SHAPE_AND_PHYSICAL_WEIGHTS","false","false","FIXED","PENDING","REPRESENTATION_ACCEPTED_NUMERIC_PENDING","PENDING_FUTURE_GROWTH; upstream default projection not accepted","LA:2050:Transport:DomesticAviationFuel:oil","DomesticAviationFuel","true","true","false","MISSING","LA:oil","false","false","","bunker","","","",""
"LA","2050","Transport","DomesticShippingFuel","oil","DIRECT_FUEL","","","","","DomesticShippingFuel","EXPLICIT","","2019","","","PENDING_ACCEPTED_COUNTRY_NODE_WEIGHTS","PENDING_ACCEPTED_SHAPE_AND_PHYSICAL_WEIGHTS","false","false","FIXED","PENDING","REPRESENTATION_ACCEPTED_NUMERIC_PENDING","PENDING_FUTURE_GROWTH; upstream default projection not accepted","LA:2050:Transport:DomesticShippingFuel:oil","DomesticShippingFuel","true","true","false","MISSING","LA:oil","false","false","","bunker","","","",""
"LA","2050","Transport","RailElectricity","electricity","EMBEDDED","","","","Astar","RailElectricity","EMBEDDED","","2019","","","PENDING_ACCEPTED_COUNTRY_NODE_WEIGHTS","PENDING_ACCEPTED_SHAPE_AND_PHYSICAL_WEIGHTS","true","false","FIXED","PENDING","REPRESENTATION_ACCEPTED_NUMERIC_PENDING","Future rail stays in Astar once; decomposition pending","LA:2050:Transport:RailElectricity:electricity","Astar","false","false","false","MISSING","LA:electricity","false","false","","Transport","","","",""
"LA","2050","Transport","RoadEVFinalElectricity","electricity","DIRECT_ELECTRICITY","","","","","RoadEVFinalElectricity","EXPLICIT","","2019","","","PENDING_ACCEPTED_COUNTRY_NODE_WEIGHTS","PENDING_ACCEPTED_SHAPE_AND_PHYSICAL_WEIGHTS","false","false","FIXED","PENDING","REPRESENTATION_ACCEPTED_NUMERIC_PENDING","External final-energy share pending; future EV excluded from future direct Astar; no kWh/km proxy","LA:2050:Transport:RoadEVFinalElectricity:electricity","RoadEVFinalElectricity","true","true","false","MISSING","LA:electricity","false","false","","Transport","","","",""
"LA","2050","Transport","RoadResidualFuel","biomass","DIRECT_FUEL","","","","","RoadResidualFuel","EXPLICIT","","2019","","","PENDING_ACCEPTED_COUNTRY_NODE_WEIGHTS","PENDING_ACCEPTED_SHAPE_AND_PHYSICAL_WEIGHTS","false","false","FIXED","PENDING","REPRESENTATION_ACCEPTED_NUMERIC_PENDING","PENDING_FUTURE_GROWTH_AND_EV_ENERGY_PATH; carrier vector retained","LA:2050:Transport:RoadResidualFuel:biomass","RoadResidualFuel","true","true","false","MISSING","LA:biomass","false","false","","Transport","","","",""
"LA","2050","Transport","RoadResidualFuel","gas","DIRECT_FUEL","","","","","RoadResidualFuel","EXPLICIT","","2019","","","PENDING_ACCEPTED_COUNTRY_NODE_WEIGHTS","PENDING_ACCEPTED_SHAPE_AND_PHYSICAL_WEIGHTS","false","false","FIXED","PENDING","REPRESENTATION_ACCEPTED_NUMERIC_PENDING","PENDING_FUTURE_GROWTH_AND_EV_ENERGY_PATH; carrier vector retained","LA:2050:Transport:RoadResidualFuel:gas","RoadResidualFuel","true","true","false","MISSING","LA:gas","false","false","","Transport","","","",""
"LA","2050","Transport","RoadResidualFuel","oil","DIRECT_FUEL","","","","","RoadResidualFuel","EXPLICIT","","2019","","","PENDING_ACCEPTED_COUNTRY_NODE_WEIGHTS","PENDING_ACCEPTED_SHAPE_AND_PHYSICAL_WEIGHTS","false","false","FIXED","PENDING","REPRESENTATION_ACCEPTED_NUMERIC_PENDING","PENDING_FUTURE_GROWTH_AND_EV_ENERGY_PATH; carrier vector retained","LA:2050:Transport:RoadResidualFuel:oil","RoadResidualFuel","true","true","false","MISSING","LA:oil","false","false","","Transport","","","",""
"LA","2050","Transport","TransportEmbeddedFuelParent","unclassified_fuel","UNCLASSIFIED","","","","","TransportEmbeddedFuelParent","EXPLICIT","","2019","","","PENDING_ACCEPTED_COUNTRY_NODE_WEIGHTS","PENDING_ACCEPTED_SHAPE_AND_PHYSICAL_WEIGHTS","false","false","FIXED","PENDING","REPRESENTATION_ACCEPTED_NUMERIC_PENDING","Rail fuel remains within one pending transport fuel parent; no duplicate rail Load","LA:2050:Transport:TransportEmbeddedFuelParent:unclassified_fuel","TransportEmbeddedFuelParent","true","true","false","MISSING","","false","false","","Transport","","","",""
"MM","2019","Agriculture","AgricultureFinalEnergy","biomass","DIRECT_FUEL","0.0","TWh/year","","","AgricultureFinalEnergy","EXPLICIT","/home/jin/research/SGP_ESE5004_Stage2/pypsa-asean/resources/baseline-aims-3H-tutorial/energy_totals_base.csv","2019","af27beafc01cfb1920a23e632c05e858883a28efd9bbf94df3dfdba455fde261","Frozen derived cache; TWh/year -> MWh; raw/calorific provenance still pending","PENDING_ACCEPTED_COUNTRY_NODE_WEIGHTS","PENDING_ACCEPTED_SHAPE_AND_PHYSICAL_WEIGHTS","false","false","FIXED","MISSING","REPRESENTATION_ACCEPTED_NUMERIC_PENDING","No agriculture technology model; retain each original fuel; cache zero has no certified raw-zero evidence","MM:2019:Agriculture:AgricultureFinalEnergy:biomass","AgricultureFinalEnergy","true","true","false","CACHE_ZERO_UNVERIFIED","MM:biomass","false","false","MM/agriculture biomass","Agriculture","","","",""
"MM","2019","Agriculture","AgricultureFinalEnergy","coal","DIRECT_FUEL","0.0","TWh/year","","","AgricultureFinalEnergy","EXPLICIT","/home/jin/research/SGP_ESE5004_Stage2/pypsa-asean/resources/baseline-aims-3H-tutorial/energy_totals_base.csv","2019","af27beafc01cfb1920a23e632c05e858883a28efd9bbf94df3dfdba455fde261","Frozen derived cache; TWh/year -> MWh; raw/calorific provenance still pending","PENDING_ACCEPTED_COUNTRY_NODE_WEIGHTS","PENDING_ACCEPTED_SHAPE_AND_PHYSICAL_WEIGHTS","false","false","FIXED","MISSING","REPRESENTATION_ACCEPTED_NUMERIC_PENDING","No agriculture technology model; retain each original fuel; cache zero has no certified raw-zero evidence","MM:2019:Agriculture:AgricultureFinalEnergy:coal","AgricultureFinalEnergy","true","true","false","CACHE_ZERO_UNVERIFIED","MM:coal","false","false","MM/agriculture coal","Agriculture","","","",""
"MM","2019","Agriculture","AgricultureFinalEnergy","electricity","EMBEDDED","","Kilowatt-hours, million","","Astar","AgricultureFinalEnergy","EMBEDDED","/home/jin/research/SGP_ESE5004_Stage2/pypsa-asean/data/demand/unsd/data/UNdata_Export_20250502_110820872.txt","2019","12c99b3c40927449d9a4d0402f255a8b84b24917ff58e54efd4ec43b2125fe6b","Exact raw transaction; million kWh * 1000 = MWh; no losses or AEO scaling","PENDING_ACCEPTED_COUNTRY_NODE_WEIGHTS","PENDING_ACCEPTED_SHAPE_AND_PHYSICAL_WEIGHTS","true","false","FIXED","MISSING","REPRESENTATION_ACCEPTED_NUMERIC_PENDING","No agriculture technology model; retain each original fuel","MM:2019:Agriculture:AgricultureFinalEnergy:electricity","Astar","false","false","false","MISSING","MM:electricity","false","false","Consumption in agriculture, forestry and fishing","Agriculture","","","",""
"MM","2019","Agriculture","AgricultureFinalEnergy","oil","DIRECT_FUEL","16.0165","TWh/year","16016500.0","","AgricultureFinalEnergy","EXPLICIT","/home/jin/research/SGP_ESE5004_Stage2/pypsa-asean/resources/baseline-aims-3H-tutorial/energy_totals_base.csv","2019","af27beafc01cfb1920a23e632c05e858883a28efd9bbf94df3dfdba455fde261","Frozen derived cache; TWh/year -> MWh; raw/calorific provenance still pending","PENDING_ACCEPTED_COUNTRY_NODE_WEIGHTS","PENDING_ACCEPTED_SHAPE_AND_PHYSICAL_WEIGHTS","false","false","FIXED","FROZEN_UPSTREAM","REPRESENTATION_ACCEPTED_NUMERIC_PENDING","No agriculture technology model; retain each original fuel","MM:2019:Agriculture:AgricultureFinalEnergy:oil","AgricultureFinalEnergy","true","true","false","POSITIVE_CACHE_VALUE","MM:oil","false","false","MM/agriculture oil","Agriculture","","","",""
"MM","2019","Buildings","ResidentialCooking","mixed","EMBEDDED","","","","ResidentialDirectEnergy","ResidentialCooking","EMBEDDED","","2019","","","PENDING_ACCEPTED_COUNTRY_NODE_WEIGHTS","PENDING_ACCEPTED_SHAPE_AND_PHYSICAL_WEIGHTS","false","false","FIXED","EMBEDDED","REPRESENTATION_ACCEPTED_VALUES_NOT_DEFINED","No additional service obligation. Existing final electricity/fuel keeps ownership. Cooking is not space/water heat.","MM:2019:Buildings:ResidentialCooking:mixed","Astar_and_original_fuels","false","false","false","MISSING","MM:mixed","false","false","","Buildings","","","",""
"MM","2019","Buildings","ResidentialCooling","electricity","EMBEDDED","","","","ResidentialDirectEnergy","ResidentialCooling","EMBEDDED","","2019","","","PENDING_ACCEPTED_COUNTRY_NODE_WEIGHTS","PENDING_ACCEPTED_SHAPE_AND_PHYSICAL_WEIGHTS","true","false","FIXED","EMBEDDED","REPRESENTATION_ACCEPTED_VALUES_NOT_DEFINED","No additional service obligation. Existing final electricity/fuel keeps ownership. Cooking is not space/water heat.","MM:2019:Buildings:ResidentialCooling:electricity","Astar_and_original_fuels","false","false","false","MISSING","MM:electricity","false","false","","Buildings","","","",""
"MM","2019","Buildings","ResidentialDirectElectricity","electricity","DIRECT_ELECTRICITY","8075.79","Kilowatt-hours, million","8075790.0","Astar","ResidentialDirectElectricity","EMBEDDED","/home/jin/research/SGP_ESE5004_Stage2/pypsa-asean/data/demand/unsd/data/UNdata_Export_20250502_110820872.txt","2019","12c99b3c40927449d9a4d0402f255a8b84b24917ff58e54efd4ec43b2125fe6b","Exact raw transaction; million kWh * 1000 = MWh; no losses or AEO scaling","PENDING_ACCEPTED_COUNTRY_NODE_WEIGHTS","PENDING_ACCEPTED_SHAPE_AND_PHYSICAL_WEIGHTS","true","false","FIXED","PENDING","REPRESENTATION_ACCEPTED_NUMERIC_PENDING","Separate R/S identity retained in Astar; no second electricity Load; numeric decomposition is unaccepted","MM:2019:Buildings:ResidentialDirectElectricity:electricity","Astar","false","false","false","REPORTED_VALUE","MM:electricity","false","false","Consumption by households; physical line end 61048","Buildings","","","",""
"MM","2019","Buildings","ResidentialFuel","biomass","DIRECT_FUEL","55.95","TWh/year","55950000.0","","ResidentialFuel","EXPLICIT","/home/jin/research/SGP_ESE5004_Stage2/pypsa-asean/resources/baseline-aims-3H-tutorial/energy_totals_base.csv","2019","af27beafc01cfb1920a23e632c05e858883a28efd9bbf94df3dfdba455fde261","Frozen derived cache; TWh/year -> MWh; raw/calorific provenance still pending","PENDING_ACCEPTED_COUNTRY_NODE_WEIGHTS","PENDING_ACCEPTED_SHAPE_AND_PHYSICAL_WEIGHTS","false","false","FIXED","FROZEN_UPSTREAM","REPRESENTATION_ACCEPTED_NUMERIC_PENDING","Fixed final fuel; no useful-heat inference; cooking remains within original fuel. Coal not recast as electricity.","MM:2019:Buildings:ResidentialFuel:biomass","ResidentialFuel","true","true","false","POSITIVE_CACHE_VALUE","MM:biomass","false","false","MM/residential biomass","Buildings","","","",""
"MM","2019","Buildings","ResidentialFuel","coal","DIRECT_FUEL","","TWh/year","","","ResidentialFuel","EXPLICIT","/home/jin/research/SGP_ESE5004_Stage2/pypsa-asean/resources/baseline-aims-3H-tutorial/energy_totals_base.csv","2019","af27beafc01cfb1920a23e632c05e858883a28efd9bbf94df3dfdba455fde261","Frozen derived cache; TWh/year -> MWh; raw/calorific provenance still pending","PENDING_ACCEPTED_COUNTRY_NODE_WEIGHTS","PENDING_ACCEPTED_SHAPE_AND_PHYSICAL_WEIGHTS","false","false","FIXED","MISSING","REPRESENTATION_ACCEPTED_NUMERIC_PENDING","Fixed final fuel; no useful-heat inference; cooking remains within original fuel. Coal not recast as electricity.; cache has no original R/S coal column; source recovery required","MM:2019:Buildings:ResidentialFuel:coal","ResidentialFuel","true","true","false","MISSING","MM:coal","false","false","MM/residential coal","Buildings","","","",""
"MM","2019","Buildings","ResidentialFuel","gas","DIRECT_FUEL","0.0","TWh/year","","","ResidentialFuel","EXPLICIT","/home/jin/research/SGP_ESE5004_Stage2/pypsa-asean/resources/baseline-aims-3H-tutorial/energy_totals_base.csv","2019","af27beafc01cfb1920a23e632c05e858883a28efd9bbf94df3dfdba455fde261","Frozen derived cache; TWh/year -> MWh; raw/calorific provenance still pending","PENDING_ACCEPTED_COUNTRY_NODE_WEIGHTS","PENDING_ACCEPTED_SHAPE_AND_PHYSICAL_WEIGHTS","false","false","FIXED","MISSING","REPRESENTATION_ACCEPTED_NUMERIC_PENDING","Fixed final fuel; no useful-heat inference; cooking remains within original fuel. Coal not recast as electricity.; cache zero has no certified raw-zero evidence","MM:2019:Buildings:ResidentialFuel:gas","ResidentialFuel","true","true","false","CACHE_ZERO_UNVERIFIED","MM:gas","false","false","MM/residential gas","Buildings","","","",""
"MM","2019","Buildings","ResidentialFuel","oil","DIRECT_FUEL","6.0481","TWh/year","6048100.0","","ResidentialFuel","EXPLICIT","/home/jin/research/SGP_ESE5004_Stage2/pypsa-asean/resources/baseline-aims-3H-tutorial/energy_totals_base.csv","2019","af27beafc01cfb1920a23e632c05e858883a28efd9bbf94df3dfdba455fde261","Frozen derived cache; TWh/year -> MWh; raw/calorific provenance still pending","PENDING_ACCEPTED_COUNTRY_NODE_WEIGHTS","PENDING_ACCEPTED_SHAPE_AND_PHYSICAL_WEIGHTS","false","false","FIXED","FROZEN_UPSTREAM","REPRESENTATION_ACCEPTED_NUMERIC_PENDING","Fixed final fuel; no useful-heat inference; cooking remains within original fuel. Coal not recast as electricity.","MM:2019:Buildings:ResidentialFuel:oil","ResidentialFuel","true","true","false","POSITIVE_CACHE_VALUE","MM:oil","false","false","MM/residential oil","Buildings","","","",""
"MM","2019","Buildings","ResidentialSpaceHeat","mixed","EMBEDDED","","","","ResidentialDirectEnergy","ResidentialSpaceHeat","EMBEDDED","","2019","","","PENDING_ACCEPTED_COUNTRY_NODE_WEIGHTS","PENDING_ACCEPTED_SHAPE_AND_PHYSICAL_WEIGHTS","false","false","FIXED","EMBEDDED","REPRESENTATION_ACCEPTED_VALUES_NOT_DEFINED","No additional service obligation. Existing final electricity/fuel keeps ownership. Cooking is not space/water heat.","MM:2019:Buildings:ResidentialSpaceHeat:mixed","Astar_and_original_fuels","false","false","false","MISSING","MM:mixed","false","false","","Buildings","","","",""
"MM","2019","Buildings","ResidentialWaterHeat","mixed","EMBEDDED","","","","ResidentialDirectEnergy","ResidentialWaterHeat","EMBEDDED","","2019","","","PENDING_ACCEPTED_COUNTRY_NODE_WEIGHTS","PENDING_ACCEPTED_SHAPE_AND_PHYSICAL_WEIGHTS","false","false","FIXED","EMBEDDED","REPRESENTATION_ACCEPTED_VALUES_NOT_DEFINED","No additional service obligation. Existing final electricity/fuel keeps ownership. Cooking is not space/water heat.","MM:2019:Buildings:ResidentialWaterHeat:mixed","Astar_and_original_fuels","false","false","false","MISSING","MM:mixed","false","false","","Buildings","","","",""
"MM","2019","Buildings","ServicesCooking","mixed","EMBEDDED","","","","ServicesDirectEnergy","ServicesCooking","EMBEDDED","","2019","","","PENDING_ACCEPTED_COUNTRY_NODE_WEIGHTS","PENDING_ACCEPTED_SHAPE_AND_PHYSICAL_WEIGHTS","false","false","FIXED","EMBEDDED","REPRESENTATION_ACCEPTED_VALUES_NOT_DEFINED","No additional service obligation. Existing final electricity/fuel keeps ownership. Cooking is not space/water heat.","MM:2019:Buildings:ServicesCooking:mixed","Astar_and_original_fuels","false","false","false","MISSING","MM:mixed","false","false","","Buildings","","","",""
"MM","2019","Buildings","ServicesCooling","electricity","EMBEDDED","","","","ServicesDirectEnergy","ServicesCooling","EMBEDDED","","2019","","","PENDING_ACCEPTED_COUNTRY_NODE_WEIGHTS","PENDING_ACCEPTED_SHAPE_AND_PHYSICAL_WEIGHTS","true","false","FIXED","EMBEDDED","REPRESENTATION_ACCEPTED_VALUES_NOT_DEFINED","No additional service obligation. Existing final electricity/fuel keeps ownership. Cooking is not space/water heat.","MM:2019:Buildings:ServicesCooling:electricity","Astar_and_original_fuels","false","false","false","MISSING","MM:electricity","false","false","","Buildings","","","",""
"MM","2019","Buildings","ServicesDirectElectricity","electricity","DIRECT_ELECTRICITY","2197.74","Kilowatt-hours, million","2197740.0","Astar","ServicesDirectElectricity","EMBEDDED","/home/jin/research/SGP_ESE5004_Stage2/pypsa-asean/data/demand/unsd/data/UNdata_Export_20250502_110820872.txt","2019","12c99b3c40927449d9a4d0402f255a8b84b24917ff58e54efd4ec43b2125fe6b","Exact raw transaction; million kWh * 1000 = MWh; no losses or AEO scaling","PENDING_ACCEPTED_COUNTRY_NODE_WEIGHTS","PENDING_ACCEPTED_SHAPE_AND_PHYSICAL_WEIGHTS","true","false","FIXED","PENDING","REPRESENTATION_ACCEPTED_NUMERIC_PENDING","Separate R/S identity retained in Astar; no second electricity Load; numeric decomposition is unaccepted","MM:2019:Buildings:ServicesDirectElectricity:electricity","Astar","false","false","false","REPORTED_VALUE","MM:electricity","false","false","Consumption by commercial and public services; physical line end 61071","Buildings","","","",""
"MM","2019","Buildings","ServicesFuel","biomass","DIRECT_FUEL","18.4159","TWh/year","18415900.0","","ServicesFuel","EXPLICIT","/home/jin/research/SGP_ESE5004_Stage2/pypsa-asean/resources/baseline-aims-3H-tutorial/energy_totals_base.csv","2019","af27beafc01cfb1920a23e632c05e858883a28efd9bbf94df3dfdba455fde261","Frozen derived cache; TWh/year -> MWh; raw/calorific provenance still pending","PENDING_ACCEPTED_COUNTRY_NODE_WEIGHTS","PENDING_ACCEPTED_SHAPE_AND_PHYSICAL_WEIGHTS","false","false","FIXED","FROZEN_UPSTREAM","REPRESENTATION_ACCEPTED_NUMERIC_PENDING","Fixed final fuel; no useful-heat inference; cooking remains within original fuel. Coal not recast as electricity.","MM:2019:Buildings:ServicesFuel:biomass","ServicesFuel","true","true","false","POSITIVE_CACHE_VALUE","MM:biomass","false","false","MM/services biomass","Buildings","","","",""
"MM","2019","Buildings","ServicesFuel","coal","DIRECT_FUEL","","TWh/year","","","ServicesFuel","EXPLICIT","/home/jin/research/SGP_ESE5004_Stage2/pypsa-asean/resources/baseline-aims-3H-tutorial/energy_totals_base.csv","2019","af27beafc01cfb1920a23e632c05e858883a28efd9bbf94df3dfdba455fde261","Frozen derived cache; TWh/year -> MWh; raw/calorific provenance still pending","PENDING_ACCEPTED_COUNTRY_NODE_WEIGHTS","PENDING_ACCEPTED_SHAPE_AND_PHYSICAL_WEIGHTS","false","false","FIXED","MISSING","REPRESENTATION_ACCEPTED_NUMERIC_PENDING","Fixed final fuel; no useful-heat inference; cooking remains within original fuel. Coal not recast as electricity.; cache has no original R/S coal column; source recovery required","MM:2019:Buildings:ServicesFuel:coal","ServicesFuel","true","true","false","MISSING","MM:coal","false","false","MM/services coal","Buildings","","","",""
"MM","2019","Buildings","ServicesFuel","gas","DIRECT_FUEL","0.005","TWh/year","5000.0","","ServicesFuel","EXPLICIT","/home/jin/research/SGP_ESE5004_Stage2/pypsa-asean/resources/baseline-aims-3H-tutorial/energy_totals_base.csv","2019","af27beafc01cfb1920a23e632c05e858883a28efd9bbf94df3dfdba455fde261","Frozen derived cache; TWh/year -> MWh; raw/calorific provenance still pending","PENDING_ACCEPTED_COUNTRY_NODE_WEIGHTS","PENDING_ACCEPTED_SHAPE_AND_PHYSICAL_WEIGHTS","false","false","FIXED","FROZEN_UPSTREAM","REPRESENTATION_ACCEPTED_NUMERIC_PENDING","Fixed final fuel; no useful-heat inference; cooking remains within original fuel. Coal not recast as electricity.","MM:2019:Buildings:ServicesFuel:gas","ServicesFuel","true","true","false","POSITIVE_CACHE_VALUE","MM:gas","false","false","MM/services gas","Buildings","","","",""
"MM","2019","Buildings","ServicesFuel","oil","DIRECT_FUEL","0.1907","TWh/year","190700.0","","ServicesFuel","EXPLICIT","/home/jin/research/SGP_ESE5004_Stage2/pypsa-asean/resources/baseline-aims-3H-tutorial/energy_totals_base.csv","2019","af27beafc01cfb1920a23e632c05e858883a28efd9bbf94df3dfdba455fde261","Frozen derived cache; TWh/year -> MWh; raw/calorific provenance still pending","PENDING_ACCEPTED_COUNTRY_NODE_WEIGHTS","PENDING_ACCEPTED_SHAPE_AND_PHYSICAL_WEIGHTS","false","false","FIXED","FROZEN_UPSTREAM","REPRESENTATION_ACCEPTED_NUMERIC_PENDING","Fixed final fuel; no useful-heat inference; cooking remains within original fuel. Coal not recast as electricity.","MM:2019:Buildings:ServicesFuel:oil","ServicesFuel","true","true","false","POSITIVE_CACHE_VALUE","MM:oil","false","false","MM/services oil","Buildings","","","",""
"MM","2019","Buildings","ServicesSpaceHeat","mixed","EMBEDDED","","","","ServicesDirectEnergy","ServicesSpaceHeat","EMBEDDED","","2019","","","PENDING_ACCEPTED_COUNTRY_NODE_WEIGHTS","PENDING_ACCEPTED_SHAPE_AND_PHYSICAL_WEIGHTS","false","false","FIXED","EMBEDDED","REPRESENTATION_ACCEPTED_VALUES_NOT_DEFINED","No additional service obligation. Existing final electricity/fuel keeps ownership. Cooking is not space/water heat.","MM:2019:Buildings:ServicesSpaceHeat:mixed","Astar_and_original_fuels","false","false","false","MISSING","MM:mixed","false","false","","Buildings","","","",""
"MM","2019","Buildings","ServicesWaterHeat","mixed","EMBEDDED","","","","ServicesDirectEnergy","ServicesWaterHeat","EMBEDDED","","2019","","","PENDING_ACCEPTED_COUNTRY_NODE_WEIGHTS","PENDING_ACCEPTED_SHAPE_AND_PHYSICAL_WEIGHTS","false","false","FIXED","EMBEDDED","REPRESENTATION_ACCEPTED_VALUES_NOT_DEFINED","No additional service obligation. Existing final electricity/fuel keeps ownership. Cooking is not space/water heat.","MM:2019:Buildings:ServicesWaterHeat:mixed","Astar_and_original_fuels","false","false","false","MISSING","MM:mixed","false","false","","Buildings","","","",""
"MM","2019","Bunker","InternationalAviationBunker","oil","BUNKER_FUEL","0.882","TWh/year","882000.0","","InternationalAviationBunker","EXPLICIT","/home/jin/research/SGP_ESE5004_Stage2/pypsa-asean/resources/baseline-aims-3H-tutorial/energy_totals_base.csv","2019","af27beafc01cfb1920a23e632c05e858883a28efd9bbf94df3dfdba455fde261","Frozen derived cache; TWh/year -> MWh; raw/calorific provenance still pending","PENDING_ACCEPTED_COUNTRY_NODE_WEIGHTS","PENDING_ACCEPTED_SHAPE_AND_PHYSICAL_WEIGHTS","false","false","FIXED","FROZEN_UPSTREAM","REPRESENTATION_ACCEPTED_NUMERIC_PENDING","FIXED fuel obligation; FT is later endogenous supply. Review status: EXACT_SELECTED_CACHE_MATCH","MM:2019:Bunker:InternationalAviationBunker:oil","InternationalAviationBunker","true","true","false","POSITIVE_CACHE_VALUE","MM:oil","false","false","MM/total international aviation; bunker_review.json MM/InternationalAviationBunkerFuel","bunker","","","",""
"MM","2019","Bunker","InternationalShippingBunker","oil","BUNKER_FUEL","0.0119","TWh/year","11900.0","","InternationalShippingBunker","EXPLICIT","/home/jin/research/SGP_ESE5004_Stage2/pypsa-asean/resources/baseline-aims-3H-tutorial/energy_totals_base.csv","2019","af27beafc01cfb1920a23e632c05e858883a28efd9bbf94df3dfdba455fde261","Frozen derived cache; TWh/year -> MWh; raw/calorific provenance still pending","PENDING_ACCEPTED_COUNTRY_NODE_WEIGHTS","PENDING_ACCEPTED_SHAPE_AND_PHYSICAL_WEIGHTS","false","false","FIXED","FROZEN_UPSTREAM","REPRESENTATION_ACCEPTED_NUMERIC_PENDING","FIXED fuel obligation; FT is later endogenous supply. Review status: EXACT_SELECTED_CACHE_MATCH","MM:2019:Bunker:InternationalShippingBunker:oil","InternationalShippingBunker","true","true","false","POSITIVE_CACHE_VALUE","MM:oil","false","false","MM/total international navigation; bunker_review.json MM/InternationalShippingBunkerFuel","bunker","","","",""
"MM","2019","Conversion","EVIfConversion","electricity","ENDOGENOUS_CONVERSION_INPUT","","","","","EVIfConversion","CONTRACT_ONLY","","2019","","","PENDING_ACCEPTED_COUNTRY_NODE_WEIGHTS","PENDING_ACCEPTED_SHAPE_AND_PHYSICAL_WEIGHTS","false","false","ENDOGENOUS","PENDING","REPRESENTATION_ACCEPTED_NUMERIC_PENDING","No predetermined demand or Load; future accepted conversion Link owns its electricity input","MM:2019:Conversion:EVIfConversion:electricity","EVIfConversion","false","false","false","MISSING","MM:electricity","false","false","","electricity","","","",""
"MM","2019","Conversion","Electrolysis","electricity","ENDOGENOUS_CONVERSION_INPUT","","","","","Electrolysis","CONTRACT_ONLY","","2019","","","PENDING_ACCEPTED_COUNTRY_NODE_WEIGHTS","PENDING_ACCEPTED_SHAPE_AND_PHYSICAL_WEIGHTS","false","false","ENDOGENOUS","PENDING","REPRESENTATION_ACCEPTED_NUMERIC_PENDING","No predetermined demand or Load; future accepted conversion Link owns its electricity input","MM:2019:Conversion:Electrolysis:electricity","Electrolysis","false","false","false","MISSING","MM:electricity","false","false","","electricity","","","",""
"MM","2019","Conversion","FischerTropsch","electricity","ENDOGENOUS_CONVERSION_INPUT","","","","","FischerTropsch","CONTRACT_ONLY","","2019","","","PENDING_ACCEPTED_COUNTRY_NODE_WEIGHTS","PENDING_ACCEPTED_SHAPE_AND_PHYSICAL_WEIGHTS","false","false","ENDOGENOUS","PENDING","REPRESENTATION_ACCEPTED_NUMERIC_PENDING","No predetermined demand or Load; future accepted conversion Link owns its electricity input","MM:2019:Conversion:FischerTropsch:electricity","FischerTropsch","false","false","false","MISSING","MM:electricity","false","false","","electricity","","","",""
"MM","2019","Conversion","HeatPump","electricity","ENDOGENOUS_CONVERSION_INPUT","","","","","HeatPump","CONTRACT_ONLY","","2019","","","PENDING_ACCEPTED_COUNTRY_NODE_WEIGHTS","PENDING_ACCEPTED_SHAPE_AND_PHYSICAL_WEIGHTS","false","false","ENDOGENOUS","PENDING","REPRESENTATION_ACCEPTED_NUMERIC_PENDING","No predetermined demand or Load; future accepted conversion Link owns its electricity input","MM:2019:Conversion:HeatPump:electricity","HeatPump","false","false","false","MISSING","MM:electricity","false","false","","electricity","","","",""
"MM","2019","Conversion","ResistiveHeating","electricity","ENDOGENOUS_CONVERSION_INPUT","","","","","ResistiveHeating","CONTRACT_ONLY","","2019","","","PENDING_ACCEPTED_COUNTRY_NODE_WEIGHTS","PENDING_ACCEPTED_SHAPE_AND_PHYSICAL_WEIGHTS","false","false","ENDOGENOUS","PENDING","REPRESENTATION_ACCEPTED_NUMERIC_PENDING","No predetermined demand or Load; future accepted conversion Link owns its electricity input","MM:2019:Conversion:ResistiveHeating:electricity","ResistiveHeating","false","false","false","MISSING","MM:electricity","false","false","","electricity","","","",""
"MM","2019","Electricity","Astar","electricity","DIRECT_ELECTRICITY","18681.01","Kilowatt-hours, million","18681010.0","","Astar","EXPLICIT","/home/jin/research/SGP_ESE5004_Stage2/pypsa-asean/data/demand/unsd/data/UNdata_Export_20250502_110820872.txt","2019","12c99b3c40927449d9a4d0402f255a8b84b24917ff58e54efd4ec43b2125fe6b","Exact raw transaction; million kWh * 1000 = MWh; no losses or AEO scaling","PENDING_ACCEPTED_COUNTRY_NODE_WEIGHTS","PENDING_ACCEPTED_SHAPE_AND_PHYSICAL_WEIGHTS","true","false","FIXED","PENDING","REPRESENTATION_ACCEPTED_NUMERIC_PENDING","End-user final electricity before any accepted transfers; future conversion inputs excluded","MM:2019:Electricity:Astar:electricity","Astar","true","true","false","REPORTED_VALUE","MM:electricity","false","false","Final energy consumption; physical line end 60973","electricity","18681010.0","0.0","18681010.0","18681010.0"
"MM","2019","Industry","IndustryCacheElectricityReference","electricity","DIRECT_FUEL","5553479.9999999991","MWh/year","5553479.999999999","","IndustryCacheElectricityReference","REFERENCE","/home/jin/research/SGP_ESE5004_Stage2/pypsa-asean/resources/baseline-aims-3H-tutorial/demand/base_industry_totals_2030.csv","2019","c62e8edab8451f93a4273f9214e6259306ea7e01a6ba9c85e7b7db48978aa404","Frozen derived cache; MWh/year -> MWh; raw/calorific provenance still pending","PENDING_ACCEPTED_COUNTRY_NODE_WEIGHTS","PENDING_ACCEPTED_SHAPE_AND_PHYSICAL_WEIGHTS","false","false","FIXED","REFERENCE_ONLY","REPRESENTATION_ACCEPTED_NUMERIC_PENDING","Base 2019 country/carrier sum of 13 cached industries; pre-NH3 deduction; raw calorific/feedstock boundary pending","MM:2019:Industry:IndustryCacheElectricityReference:electricity","IndustryCacheElectricityReference","false","false","false","POSITIVE_CACHE_VALUE","MM:electricity","false","false","MM/electricity; sum 13 columns","Industry","","","",""
"MM","2019","Industry","IndustryDirectElectricity","electricity","DIRECT_ELECTRICITY","5553.48","Kilowatt-hours, million","5553480.0","Astar","IndustryDirectElectricity","EMBEDDED","/home/jin/research/SGP_ESE5004_Stage2/pypsa-asean/data/demand/unsd/data/UNdata_Export_20250502_110820872.txt","2019","12c99b3c40927449d9a4d0402f255a8b84b24917ff58e54efd4ec43b2125fe6b","Exact raw transaction; million kWh * 1000 = MWh; no losses or AEO scaling","PENDING_ACCEPTED_COUNTRY_NODE_WEIGHTS","PENDING_ACCEPTED_SHAPE_AND_PHYSICAL_WEIGHTS","true","false","FIXED","PENDING","REPRESENTATION_ACCEPTED_NUMERIC_PENDING","Industrial final electricity stays inside Astar; no second industry Load. No process/service conversion","MM:2019:Industry:IndustryDirectElectricity:electricity","Astar","false","false","false","REPORTED_VALUE","MM:electricity","false","false","Consumption by manufacturing, construction and non-fuel industry; physical line end 60988","Industry","","","",""
"MM","2019","Industry","IndustryFuel","biomass","DIRECT_FUEL","20870740.856800001","MWh/year","20870740.8568","","IndustryFuel","EXPLICIT","/home/jin/research/SGP_ESE5004_Stage2/pypsa-asean/resources/baseline-aims-3H-tutorial/demand/base_industry_totals_2030.csv","2019","c62e8edab8451f93a4273f9214e6259306ea7e01a6ba9c85e7b7db48978aa404","Frozen derived cache; MWh/year -> MWh; raw/calorific provenance still pending","PENDING_ACCEPTED_COUNTRY_NODE_WEIGHTS","PENDING_ACCEPTED_SHAPE_AND_PHYSICAL_WEIGHTS","false","false","FIXED","FROZEN_UPSTREAM","REPRESENTATION_ACCEPTED_NUMERIC_PENDING","Base 2019 country/carrier sum of 13 cached industries; pre-NH3 deduction; raw calorific/feedstock boundary pending","MM:2019:Industry:IndustryFuel:biomass","IndustryFuel","true","true","false","POSITIVE_CACHE_VALUE","MM:biomass","false","false","MM/biomass; sum 13 columns","Industry","","","",""
"MM","2019","Industry","IndustryFuel","coal","DIRECT_FUEL","3640836","MWh/year","3640836.0","","IndustryFuel","EXPLICIT","/home/jin/research/SGP_ESE5004_Stage2/pypsa-asean/resources/baseline-aims-3H-tutorial/demand/base_industry_totals_2030.csv","2019","c62e8edab8451f93a4273f9214e6259306ea7e01a6ba9c85e7b7db48978aa404","Frozen derived cache; MWh/year -> MWh; raw/calorific provenance still pending","PENDING_ACCEPTED_COUNTRY_NODE_WEIGHTS","PENDING_ACCEPTED_SHAPE_AND_PHYSICAL_WEIGHTS","false","false","FIXED","FROZEN_UPSTREAM","REPRESENTATION_ACCEPTED_NUMERIC_PENDING","Base 2019 country/carrier sum of 13 cached industries; pre-NH3 deduction; raw calorific/feedstock boundary pending; MISSING_ENERGY_OBLIGATION in upstream add_industry","MM:2019:Industry:IndustryFuel:coal","IndustryFuel","true","true","false","POSITIVE_CACHE_VALUE","MM:coal","false","true","MM/coal; sum 13 columns","Industry","","","",""
"MM","2019","Industry","IndustryFuel","gas","DIRECT_FUEL","3493611.111111111","MWh/year","3493611.111111111","","IndustryFuel","EXPLICIT","/home/jin/research/SGP_ESE5004_Stage2/pypsa-asean/resources/baseline-aims-3H-tutorial/demand/base_industry_totals_2030.csv","2019","c62e8edab8451f93a4273f9214e6259306ea7e01a6ba9c85e7b7db48978aa404","Frozen derived cache; MWh/year -> MWh; raw/calorific provenance still pending","PENDING_ACCEPTED_COUNTRY_NODE_WEIGHTS","PENDING_ACCEPTED_SHAPE_AND_PHYSICAL_WEIGHTS","false","false","FIXED","FROZEN_UPSTREAM","REPRESENTATION_ACCEPTED_NUMERIC_PENDING","Base 2019 country/carrier sum of 13 cached industries; pre-NH3 deduction; raw calorific/feedstock boundary pending","MM:2019:Industry:IndustryFuel:gas","IndustryFuel","true","true","false","POSITIVE_CACHE_VALUE","MM:gas","false","false","MM/gas; sum 13 columns","Industry","","","",""
"MM","2019","Industry","IndustryFuel","heat","DIRECT_FUEL","","MWh/year","","","IndustryFuel","PENDING","/home/jin/research/SGP_ESE5004_Stage2/pypsa-asean/resources/baseline-aims-3H-tutorial/demand/base_industry_totals_2030.csv","2019","c62e8edab8451f93a4273f9214e6259306ea7e01a6ba9c85e7b7db48978aa404","Frozen derived cache; MWh/year -> MWh; raw/calorific provenance still pending","PENDING_ACCEPTED_COUNTRY_NODE_WEIGHTS","PENDING_ACCEPTED_SHAPE_AND_PHYSICAL_WEIGHTS","false","false","FIXED","MISSING","REPRESENTATION_ACCEPTED_NUMERIC_PENDING","No accepted independent H2 or qualified heat service; no new service obligation","MM:2019:Industry:IndustryFuel:heat","IndustryFuel","false","false","false","MISSING","MM:heat","false","false","MM/heat; sum 13 columns","Industry","","","",""
"MM","2019","Industry","IndustryFuel","hydrogen","DIRECT_FUEL","","MWh/year","","","IndustryFuel","PENDING","/home/jin/research/SGP_ESE5004_Stage2/pypsa-asean/resources/baseline-aims-3H-tutorial/demand/base_industry_totals_2030.csv","2019","c62e8edab8451f93a4273f9214e6259306ea7e01a6ba9c85e7b7db48978aa404","Frozen derived cache; MWh/year -> MWh; raw/calorific provenance still pending","PENDING_ACCEPTED_COUNTRY_NODE_WEIGHTS","PENDING_ACCEPTED_SHAPE_AND_PHYSICAL_WEIGHTS","false","false","FIXED","MISSING","REPRESENTATION_ACCEPTED_NUMERIC_PENDING","No accepted independent H2 or qualified heat service; no new service obligation","MM:2019:Industry:IndustryFuel:hydrogen","IndustryFuel","false","false","false","MISSING","MM:hydrogen","false","false","MM/hydrogen; sum 13 columns","Industry","","","",""
"MM","2019","Industry","IndustryFuel","oil","DIRECT_FUEL","25997228","MWh/year","25997228.0","","IndustryFuel","EXPLICIT","/home/jin/research/SGP_ESE5004_Stage2/pypsa-asean/resources/baseline-aims-3H-tutorial/demand/base_industry_totals_2030.csv","2019","c62e8edab8451f93a4273f9214e6259306ea7e01a6ba9c85e7b7db48978aa404","Frozen derived cache; MWh/year -> MWh; raw/calorific provenance still pending","PENDING_ACCEPTED_COUNTRY_NODE_WEIGHTS","PENDING_ACCEPTED_SHAPE_AND_PHYSICAL_WEIGHTS","false","false","FIXED","FROZEN_UPSTREAM","REPRESENTATION_ACCEPTED_NUMERIC_PENDING","Base 2019 country/carrier sum of 13 cached industries; pre-NH3 deduction; raw calorific/feedstock boundary pending","MM:2019:Industry:IndustryFuel:oil","IndustryFuel","true","true","false","POSITIVE_CACHE_VALUE","MM:oil","false","false","MM/oil; sum 13 columns","Industry","","","",""
"MM","2019","Transport","DomesticAviationFuel","oil","DIRECT_FUEL","1.715","TWh/year","1715000.0","","DomesticAviationFuel","EXPLICIT","/home/jin/research/SGP_ESE5004_Stage2/pypsa-asean/resources/baseline-aims-3H-tutorial/energy_totals_base.csv","2019","af27beafc01cfb1920a23e632c05e858883a28efd9bbf94df3dfdba455fde261","Frozen derived cache; TWh/year -> MWh; raw/calorific provenance still pending","PENDING_ACCEPTED_COUNTRY_NODE_WEIGHTS","PENDING_ACCEPTED_SHAPE_AND_PHYSICAL_WEIGHTS","false","false","FIXED","BLOCKER","REPRESENTATION_ACCEPTED_NUMERIC_PENDING","FIXED fuel obligation; FT is later endogenous supply. Review status: EXACT_SELECTED_CACHE_MATCH_WITH_OMITTED_TRANSACTION_OR_COMMODITY; omitted transaction/commodity exists: no automatic correction","MM:2019:Transport:DomesticAviationFuel:oil","DomesticAviationFuel","true","true","false","POSITIVE_CACHE_VALUE","MM:oil","false","false","MM/total domestic aviation; bunker_review.json MM/DomesticAviationFuel","bunker","","","",""
"MM","2019","Transport","DomesticShippingFuel","oil","DIRECT_FUEL","0.0","TWh/year","","","DomesticShippingFuel","EXPLICIT","/home/jin/research/SGP_ESE5004_Stage2/pypsa-asean/resources/baseline-aims-3H-tutorial/energy_totals_base.csv","2019","af27beafc01cfb1920a23e632c05e858883a28efd9bbf94df3dfdba455fde261","Frozen derived cache; TWh/year -> MWh; raw/calorific provenance still pending","PENDING_ACCEPTED_COUNTRY_NODE_WEIGHTS","PENDING_ACCEPTED_SHAPE_AND_PHYSICAL_WEIGHTS","false","false","FIXED","MISSING","REPRESENTATION_ACCEPTED_NUMERIC_PENDING","FIXED fuel obligation; FT is later endogenous supply. Review status: ZERO_WITHOUT_EXACT_SELECTED_RAW; cache zero has no certified raw-zero evidence","MM:2019:Transport:DomesticShippingFuel:oil","DomesticShippingFuel","true","true","false","CACHE_ZERO_UNVERIFIED","MM:oil","false","false","MM/total domestic navigation; bunker_review.json MM/DomesticShippingFuel","bunker","","","",""
"MM","2019","Transport","HistoricalRoadElectricity","electricity","DIRECT_ELECTRICITY","0.0","TWh/year","","Astar","HistoricalRoadElectricity","EMBEDDED","/home/jin/research/SGP_ESE5004_Stage2/pypsa-asean/resources/baseline-aims-3H-tutorial/energy_totals_base.csv","2019","af27beafc01cfb1920a23e632c05e858883a28efd9bbf94df3dfdba455fde261","Frozen derived cache; TWh/year -> MWh; raw/calorific provenance still pending","PENDING_ACCEPTED_COUNTRY_NODE_WEIGHTS","PENDING_ACCEPTED_SHAPE_AND_PHYSICAL_WEIGHTS","true","false","FIXED","MISSING","REPRESENTATION_ACCEPTED_NUMERIC_PENDING","Historical EV membership/quantity pending; retain any such energy inside Astar; no transfer performed; cache zero has no certified raw-zero evidence","MM:2019:Transport:HistoricalRoadElectricity:electricity","Astar","false","false","false","CACHE_ZERO_UNVERIFIED","MM:electricity","false","false","MM/road electricity","Transport","","","",""
"MM","2019","Transport","RailElectricity","electricity","EMBEDDED","","Kilowatt-hours, million","","Astar","RailElectricity","EMBEDDED","/home/jin/research/SGP_ESE5004_Stage2/pypsa-asean/data/demand/unsd/data/UNdata_Export_20250502_110820872.txt","2019","12c99b3c40927449d9a4d0402f255a8b84b24917ff58e54efd4ec43b2125fe6b","Exact raw transaction; million kWh * 1000 = MWh; no losses or AEO scaling","PENDING_ACCEPTED_COUNTRY_NODE_WEIGHTS","PENDING_ACCEPTED_SHAPE_AND_PHYSICAL_WEIGHTS","true","false","FIXED","MISSING","REPRESENTATION_ACCEPTED_NUMERIC_PENDING","Rail electricity occurs only within Astar; no independent rail Load","MM:2019:Transport:RailElectricity:electricity","Astar","false","false","false","MISSING","MM:electricity","false","false","Consumption by rail","Transport","","","",""
"MM","2019","Transport","RailFinalEnergyReference","mixed","DIRECT_FUEL","0.9671","TWh/year","967100.0","","RailFinalEnergyReference","REFERENCE","/home/jin/research/SGP_ESE5004_Stage2/pypsa-asean/resources/baseline-aims-3H-tutorial/energy_totals_base.csv","2019","af27beafc01cfb1920a23e632c05e858883a28efd9bbf94df3dfdba455fde261","Frozen derived cache; TWh/year -> MWh; raw/calorific provenance still pending","PENDING_ACCEPTED_COUNTRY_NODE_WEIGHTS","PENDING_ACCEPTED_SHAPE_AND_PHYSICAL_WEIGHTS","false","false","FIXED","FROZEN_UPSTREAM","REPRESENTATION_ACCEPTED_NUMERIC_PENDING","Reference total only; fuel decomposition pending; no independent rail Load","MM:2019:Transport:RailFinalEnergyReference:mixed","RailFinalEnergyReference","false","false","false","POSITIVE_CACHE_VALUE","MM:mixed","false","false","MM/total rail","Transport","","","",""
"MM","2019","Transport","RoadParentFinalEnergy","all_final_energy","DIRECT_FUEL","22.499","TWh/year","22499000.0","","RoadParentFinalEnergy","REFERENCE","/home/jin/research/SGP_ESE5004_Stage2/pypsa-asean/resources/baseline-aims-3H-tutorial/energy_totals_base.csv","2019","af27beafc01cfb1920a23e632c05e858883a28efd9bbf94df3dfdba455fde261","Frozen derived cache; TWh/year -> MWh; raw/calorific provenance still pending","PENDING_ACCEPTED_COUNTRY_NODE_WEIGHTS","PENDING_ACCEPTED_SHAPE_AND_PHYSICAL_WEIGHTS","false","false","FIXED","FROZEN_UPSTREAM","REPRESENTATION_ACCEPTED_NUMERIC_PENDING","Independent cached final-energy control, not an extra fuel Load; EV share not accepted","MM:2019:Transport:RoadParentFinalEnergy:all_final_energy","RoadParentFinalEnergy","false","false","false","POSITIVE_CACHE_VALUE","MM:all_final_energy","false","false","MM/total road","Transport","","","",""
"MM","2019","Transport","RoadResidualFuel","biomass","DIRECT_FUEL","0.0","TWh/year","","","RoadResidualFuel","EXPLICIT","/home/jin/research/SGP_ESE5004_Stage2/pypsa-asean/resources/baseline-aims-3H-tutorial/energy_totals_base.csv","2019","af27beafc01cfb1920a23e632c05e858883a28efd9bbf94df3dfdba455fde261","Frozen derived cache; TWh/year -> MWh; raw/calorific provenance still pending","PENDING_ACCEPTED_COUNTRY_NODE_WEIGHTS","PENDING_ACCEPTED_SHAPE_AND_PHYSICAL_WEIGHTS","false","false","FIXED","MISSING","REPRESENTATION_ACCEPTED_NUMERIC_PENDING","Base-year carrier observation; future residual vector requires accepted energy share and fuel composition; cache zero has no certified raw-zero evidence","MM:2019:Transport:RoadResidualFuel:biomass","RoadResidualFuel","true","true","false","CACHE_ZERO_UNVERIFIED","MM:biomass","false","false","MM/road biomass","Transport","","","",""
"MM","2019","Transport","RoadResidualFuel","gas","DIRECT_FUEL","2.2556","TWh/year","2255600.0","","RoadResidualFuel","EXPLICIT","/home/jin/research/SGP_ESE5004_Stage2/pypsa-asean/resources/baseline-aims-3H-tutorial/energy_totals_base.csv","2019","af27beafc01cfb1920a23e632c05e858883a28efd9bbf94df3dfdba455fde261","Frozen derived cache; TWh/year -> MWh; raw/calorific provenance still pending","PENDING_ACCEPTED_COUNTRY_NODE_WEIGHTS","PENDING_ACCEPTED_SHAPE_AND_PHYSICAL_WEIGHTS","false","false","FIXED","FROZEN_UPSTREAM","REPRESENTATION_ACCEPTED_NUMERIC_PENDING","Base-year carrier observation; future residual vector requires accepted energy share and fuel composition","MM:2019:Transport:RoadResidualFuel:gas","RoadResidualFuel","true","true","false","POSITIVE_CACHE_VALUE","MM:gas","false","false","MM/road gas","Transport","","","",""
"MM","2019","Transport","RoadResidualFuel","oil","DIRECT_FUEL","20.2434","TWh/year","20243400.0","","RoadResidualFuel","EXPLICIT","/home/jin/research/SGP_ESE5004_Stage2/pypsa-asean/resources/baseline-aims-3H-tutorial/energy_totals_base.csv","2019","af27beafc01cfb1920a23e632c05e858883a28efd9bbf94df3dfdba455fde261","Frozen derived cache; TWh/year -> MWh; raw/calorific provenance still pending","PENDING_ACCEPTED_COUNTRY_NODE_WEIGHTS","PENDING_ACCEPTED_SHAPE_AND_PHYSICAL_WEIGHTS","false","false","FIXED","FROZEN_UPSTREAM","REPRESENTATION_ACCEPTED_NUMERIC_PENDING","Base-year carrier observation; future residual vector requires accepted energy share and fuel composition","MM:2019:Transport:RoadResidualFuel:oil","RoadResidualFuel","true","true","false","POSITIVE_CACHE_VALUE","MM:oil","false","false","MM/road oil","Transport","","","",""
"MM","2019","Transport","TransportEmbeddedFuelParent","unclassified_fuel","UNCLASSIFIED","","","","","TransportEmbeddedFuelParent","EXPLICIT","","2019","","","PENDING_ACCEPTED_COUNTRY_NODE_WEIGHTS","PENDING_ACCEPTED_SHAPE_AND_PHYSICAL_WEIGHTS","false","false","FIXED","PENDING","REPRESENTATION_ACCEPTED_NUMERIC_PENDING","Rail fuel retained in one unresolved transport fuel parent; no extra rail oil Load or fabricated residual","MM:2019:Transport:TransportEmbeddedFuelParent:unclassified_fuel","TransportEmbeddedFuelParent","true","true","false","MISSING","","false","false","","Transport","","","",""
"MM","2030","Agriculture","AgricultureDirectElectricity","electricity","EMBEDDED","","","","Astar","AgricultureDirectElectricity","EMBEDDED","","2019","","","PENDING_ACCEPTED_COUNTRY_NODE_WEIGHTS","PENDING_ACCEPTED_SHAPE_AND_PHYSICAL_WEIGHTS","true","false","FIXED","PENDING","REPRESENTATION_ACCEPTED_NUMERIC_PENDING","Future direct electricity remains within Astar; no separate Load; growth unaccepted","MM:2030:Agriculture:AgricultureDirectElectricity:electricity","Astar","false","false","false","MISSING","MM:electricity","false","false","","Agriculture","","","",""
"MM","2030","Agriculture","AgricultureFinalEnergy","biomass","DIRECT_FUEL","","","","","AgricultureFinalEnergy","EXPLICIT","","2019","","","PENDING_ACCEPTED_COUNTRY_NODE_WEIGHTS","PENDING_ACCEPTED_SHAPE_AND_PHYSICAL_WEIGHTS","false","false","FIXED","PENDING","REPRESENTATION_ACCEPTED_NUMERIC_PENDING","PENDING_FUTURE_GROWTH; no DEFAULT or zero-growth assumption","MM:2030:Agriculture:AgricultureFinalEnergy:biomass","AgricultureFinalEnergy","true","true","false","MISSING","MM:biomass","false","false","","Agriculture","","","",""
"MM","2030","Agriculture","AgricultureFinalEnergy","coal","DIRECT_FUEL","","","","","AgricultureFinalEnergy","EXPLICIT","","2019","","","PENDING_ACCEPTED_COUNTRY_NODE_WEIGHTS","PENDING_ACCEPTED_SHAPE_AND_PHYSICAL_WEIGHTS","false","false","FIXED","PENDING","REPRESENTATION_ACCEPTED_NUMERIC_PENDING","PENDING_FUTURE_GROWTH; no DEFAULT or zero-growth assumption","MM:2030:Agriculture:AgricultureFinalEnergy:coal","AgricultureFinalEnergy","true","true","false","MISSING","MM:coal","false","false","","Agriculture","","","",""
"MM","2030","Agriculture","AgricultureFinalEnergy","oil","DIRECT_FUEL","","","","","AgricultureFinalEnergy","EXPLICIT","","2019","","","PENDING_ACCEPTED_COUNTRY_NODE_WEIGHTS","PENDING_ACCEPTED_SHAPE_AND_PHYSICAL_WEIGHTS","false","false","FIXED","PENDING","REPRESENTATION_ACCEPTED_NUMERIC_PENDING","PENDING_FUTURE_GROWTH; no DEFAULT or zero-growth assumption","MM:2030:Agriculture:AgricultureFinalEnergy:oil","AgricultureFinalEnergy","true","true","false","MISSING","MM:oil","false","false","","Agriculture","","","",""
"MM","2030","Buildings","ResidentialDirectElectricity","electricity","DIRECT_ELECTRICITY","","","","Astar","ResidentialDirectElectricity","EMBEDDED","","2019","","","PENDING_ACCEPTED_COUNTRY_NODE_WEIGHTS","PENDING_ACCEPTED_SHAPE_AND_PHYSICAL_WEIGHTS","true","false","FIXED","PENDING","REPRESENTATION_ACCEPTED_NUMERIC_PENDING","PENDING_FUTURE_GROWTH; separate R/S decomposition remains optional inside Astar","MM:2030:Buildings:ResidentialDirectElectricity:electricity","Astar","false","false","false","MISSING","MM:electricity","false","false","","Buildings","","","",""
"MM","2030","Buildings","ResidentialFuel","biomass","DIRECT_FUEL","","","","","ResidentialFuel","EXPLICIT","","2019","","","PENDING_ACCEPTED_COUNTRY_NODE_WEIGHTS","PENDING_ACCEPTED_SHAPE_AND_PHYSICAL_WEIGHTS","false","false","FIXED","PENDING","REPRESENTATION_ACCEPTED_NUMERIC_PENDING","PENDING_FUTURE_GROWTH; no default growth or heat conversion","MM:2030:Buildings:ResidentialFuel:biomass","ResidentialFuel","true","true","false","MISSING","MM:biomass","false","false","","Buildings","","","",""
"MM","2030","Buildings","ResidentialFuel","coal","DIRECT_FUEL","","","","","ResidentialFuel","EXPLICIT","","2019","","","PENDING_ACCEPTED_COUNTRY_NODE_WEIGHTS","PENDING_ACCEPTED_SHAPE_AND_PHYSICAL_WEIGHTS","false","false","FIXED","PENDING","REPRESENTATION_ACCEPTED_NUMERIC_PENDING","PENDING_FUTURE_GROWTH; no default growth or heat conversion","MM:2030:Buildings:ResidentialFuel:coal","ResidentialFuel","true","true","false","MISSING","MM:coal","false","false","","Buildings","","","",""
"MM","2030","Buildings","ResidentialFuel","gas","DIRECT_FUEL","","","","","ResidentialFuel","EXPLICIT","","2019","","","PENDING_ACCEPTED_COUNTRY_NODE_WEIGHTS","PENDING_ACCEPTED_SHAPE_AND_PHYSICAL_WEIGHTS","false","false","FIXED","PENDING","REPRESENTATION_ACCEPTED_NUMERIC_PENDING","PENDING_FUTURE_GROWTH; no default growth or heat conversion","MM:2030:Buildings:ResidentialFuel:gas","ResidentialFuel","true","true","false","MISSING","MM:gas","false","false","","Buildings","","","",""
"MM","2030","Buildings","ResidentialFuel","oil","DIRECT_FUEL","","","","","ResidentialFuel","EXPLICIT","","2019","","","PENDING_ACCEPTED_COUNTRY_NODE_WEIGHTS","PENDING_ACCEPTED_SHAPE_AND_PHYSICAL_WEIGHTS","false","false","FIXED","PENDING","REPRESENTATION_ACCEPTED_NUMERIC_PENDING","PENDING_FUTURE_GROWTH; no default growth or heat conversion","MM:2030:Buildings:ResidentialFuel:oil","ResidentialFuel","true","true","false","MISSING","MM:oil","false","false","","Buildings","","","",""
"MM","2030","Buildings","ServicesDirectElectricity","electricity","DIRECT_ELECTRICITY","","","","Astar","ServicesDirectElectricity","EMBEDDED","","2019","","","PENDING_ACCEPTED_COUNTRY_NODE_WEIGHTS","PENDING_ACCEPTED_SHAPE_AND_PHYSICAL_WEIGHTS","true","false","FIXED","PENDING","REPRESENTATION_ACCEPTED_NUMERIC_PENDING","PENDING_FUTURE_GROWTH; separate R/S decomposition remains optional inside Astar","MM:2030:Buildings:ServicesDirectElectricity:electricity","Astar","false","false","false","MISSING","MM:electricity","false","false","","Buildings","","","",""
"MM","2030","Buildings","ServicesFuel","biomass","DIRECT_FUEL","","","","","ServicesFuel","EXPLICIT","","2019","","","PENDING_ACCEPTED_COUNTRY_NODE_WEIGHTS","PENDING_ACCEPTED_SHAPE_AND_PHYSICAL_WEIGHTS","false","false","FIXED","PENDING","REPRESENTATION_ACCEPTED_NUMERIC_PENDING","PENDING_FUTURE_GROWTH; no default growth or heat conversion","MM:2030:Buildings:ServicesFuel:biomass","ServicesFuel","true","true","false","MISSING","MM:biomass","false","false","","Buildings","","","",""
"MM","2030","Buildings","ServicesFuel","coal","DIRECT_FUEL","","","","","ServicesFuel","EXPLICIT","","2019","","","PENDING_ACCEPTED_COUNTRY_NODE_WEIGHTS","PENDING_ACCEPTED_SHAPE_AND_PHYSICAL_WEIGHTS","false","false","FIXED","PENDING","REPRESENTATION_ACCEPTED_NUMERIC_PENDING","PENDING_FUTURE_GROWTH; no default growth or heat conversion","MM:2030:Buildings:ServicesFuel:coal","ServicesFuel","true","true","false","MISSING","MM:coal","false","false","","Buildings","","","",""
"MM","2030","Buildings","ServicesFuel","gas","DIRECT_FUEL","","","","","ServicesFuel","EXPLICIT","","2019","","","PENDING_ACCEPTED_COUNTRY_NODE_WEIGHTS","PENDING_ACCEPTED_SHAPE_AND_PHYSICAL_WEIGHTS","false","false","FIXED","PENDING","REPRESENTATION_ACCEPTED_NUMERIC_PENDING","PENDING_FUTURE_GROWTH; no default growth or heat conversion","MM:2030:Buildings:ServicesFuel:gas","ServicesFuel","true","true","false","MISSING","MM:gas","false","false","","Buildings","","","",""
"MM","2030","Buildings","ServicesFuel","oil","DIRECT_FUEL","","","","","ServicesFuel","EXPLICIT","","2019","","","PENDING_ACCEPTED_COUNTRY_NODE_WEIGHTS","PENDING_ACCEPTED_SHAPE_AND_PHYSICAL_WEIGHTS","false","false","FIXED","PENDING","REPRESENTATION_ACCEPTED_NUMERIC_PENDING","PENDING_FUTURE_GROWTH; no default growth or heat conversion","MM:2030:Buildings:ServicesFuel:oil","ServicesFuel","true","true","false","MISSING","MM:oil","false","false","","Buildings","","","",""
"MM","2030","Bunker","InternationalAviationBunker","oil","BUNKER_FUEL","","","","","InternationalAviationBunker","EXPLICIT","","2019","","","PENDING_ACCEPTED_COUNTRY_NODE_WEIGHTS","PENDING_ACCEPTED_SHAPE_AND_PHYSICAL_WEIGHTS","false","false","FIXED","PENDING","REPRESENTATION_ACCEPTED_NUMERIC_PENDING","PENDING_FUTURE_GROWTH; upstream default projection not accepted","MM:2030:Bunker:InternationalAviationBunker:oil","InternationalAviationBunker","true","true","false","MISSING","MM:oil","false","false","","bunker","","","",""
"MM","2030","Bunker","InternationalShippingBunker","oil","BUNKER_FUEL","","","","","InternationalShippingBunker","EXPLICIT","","2019","","","PENDING_ACCEPTED_COUNTRY_NODE_WEIGHTS","PENDING_ACCEPTED_SHAPE_AND_PHYSICAL_WEIGHTS","false","false","FIXED","PENDING","REPRESENTATION_ACCEPTED_NUMERIC_PENDING","PENDING_FUTURE_GROWTH; upstream default projection not accepted","MM:2030:Bunker:InternationalShippingBunker:oil","InternationalShippingBunker","true","true","false","MISSING","MM:oil","false","false","","bunker","","","",""
"MM","2030","Electricity","Astar","electricity","DIRECT_ELECTRICITY","","","","","Astar","EXPLICIT","","2019","","","PENDING_ACCEPTED_COUNTRY_NODE_WEIGHTS","PENDING_ACCEPTED_SHAPE_AND_PHYSICAL_WEIGHTS","true","false","FIXED","PENDING","REPRESENTATION_ACCEPTED_NUMERIC_PENDING","FUTURE_DIRECT_ELECTRICITY_PENDING; no AEO8 generation/DemandCast/default-growth fallback","MM:2030:Electricity:Astar:electricity","Astar","true","true","false","MISSING","MM:electricity","false","false","","electricity","","","",""
"MM","2030","Industry","IndustryDirectElectricity","electricity","EMBEDDED","","","","Astar","IndustryDirectElectricity","EMBEDDED","","2019","","","PENDING_ACCEPTED_COUNTRY_NODE_WEIGHTS","PENDING_ACCEPTED_SHAPE_AND_PHYSICAL_WEIGHTS","true","false","FIXED","PENDING","REPRESENTATION_ACCEPTED_NUMERIC_PENDING","Future direct electricity remains within Astar; no separate Load; growth unaccepted","MM:2030:Industry:IndustryDirectElectricity:electricity","Astar","false","false","false","MISSING","MM:electricity","false","false","","Industry","","","",""
"MM","2030","Industry","IndustryFinalEnergy","biomass","DIRECT_FUEL","","","","","IndustryFinalEnergy","EXPLICIT","","2019","","","PENDING_ACCEPTED_COUNTRY_NODE_WEIGHTS","PENDING_ACCEPTED_SHAPE_AND_PHYSICAL_WEIGHTS","false","false","FIXED","PENDING","REPRESENTATION_ACCEPTED_NUMERIC_PENDING","PENDING_FUTURE_GROWTH; no DEFAULT or zero-growth assumption","MM:2030:Industry:IndustryFinalEnergy:biomass","IndustryFinalEnergy","true","true","false","MISSING","MM:biomass","false","false","","Industry","","","",""
"MM","2030","Industry","IndustryFinalEnergy","coal","DIRECT_FUEL","","","","","IndustryFinalEnergy","EXPLICIT","","2019","","","PENDING_ACCEPTED_COUNTRY_NODE_WEIGHTS","PENDING_ACCEPTED_SHAPE_AND_PHYSICAL_WEIGHTS","false","false","FIXED","PENDING","REPRESENTATION_ACCEPTED_NUMERIC_PENDING","PENDING_FUTURE_GROWTH; no DEFAULT or zero-growth assumption","MM:2030:Industry:IndustryFinalEnergy:coal","IndustryFinalEnergy","true","true","false","MISSING","MM:coal","false","false","","Industry","","","",""
"MM","2030","Industry","IndustryFinalEnergy","gas","DIRECT_FUEL","","","","","IndustryFinalEnergy","EXPLICIT","","2019","","","PENDING_ACCEPTED_COUNTRY_NODE_WEIGHTS","PENDING_ACCEPTED_SHAPE_AND_PHYSICAL_WEIGHTS","false","false","FIXED","PENDING","REPRESENTATION_ACCEPTED_NUMERIC_PENDING","PENDING_FUTURE_GROWTH; no DEFAULT or zero-growth assumption","MM:2030:Industry:IndustryFinalEnergy:gas","IndustryFinalEnergy","true","true","false","MISSING","MM:gas","false","false","","Industry","","","",""
"MM","2030","Industry","IndustryFinalEnergy","oil","DIRECT_FUEL","","","","","IndustryFinalEnergy","EXPLICIT","","2019","","","PENDING_ACCEPTED_COUNTRY_NODE_WEIGHTS","PENDING_ACCEPTED_SHAPE_AND_PHYSICAL_WEIGHTS","false","false","FIXED","PENDING","REPRESENTATION_ACCEPTED_NUMERIC_PENDING","PENDING_FUTURE_GROWTH; no DEFAULT or zero-growth assumption","MM:2030:Industry:IndustryFinalEnergy:oil","IndustryFinalEnergy","true","true","false","MISSING","MM:oil","false","false","","Industry","","","",""
"MM","2030","Transport","DomesticAviationFuel","oil","DIRECT_FUEL","","","","","DomesticAviationFuel","EXPLICIT","","2019","","","PENDING_ACCEPTED_COUNTRY_NODE_WEIGHTS","PENDING_ACCEPTED_SHAPE_AND_PHYSICAL_WEIGHTS","false","false","FIXED","PENDING","REPRESENTATION_ACCEPTED_NUMERIC_PENDING","PENDING_FUTURE_GROWTH; upstream default projection not accepted","MM:2030:Transport:DomesticAviationFuel:oil","DomesticAviationFuel","true","true","false","MISSING","MM:oil","false","false","","bunker","","","",""
"MM","2030","Transport","DomesticShippingFuel","oil","DIRECT_FUEL","","","","","DomesticShippingFuel","EXPLICIT","","2019","","","PENDING_ACCEPTED_COUNTRY_NODE_WEIGHTS","PENDING_ACCEPTED_SHAPE_AND_PHYSICAL_WEIGHTS","false","false","FIXED","PENDING","REPRESENTATION_ACCEPTED_NUMERIC_PENDING","PENDING_FUTURE_GROWTH; upstream default projection not accepted","MM:2030:Transport:DomesticShippingFuel:oil","DomesticShippingFuel","true","true","false","MISSING","MM:oil","false","false","","bunker","","","",""
"MM","2030","Transport","RailElectricity","electricity","EMBEDDED","","","","Astar","RailElectricity","EMBEDDED","","2019","","","PENDING_ACCEPTED_COUNTRY_NODE_WEIGHTS","PENDING_ACCEPTED_SHAPE_AND_PHYSICAL_WEIGHTS","true","false","FIXED","PENDING","REPRESENTATION_ACCEPTED_NUMERIC_PENDING","Future rail stays in Astar once; decomposition pending","MM:2030:Transport:RailElectricity:electricity","Astar","false","false","false","MISSING","MM:electricity","false","false","","Transport","","","",""
"MM","2030","Transport","RoadEVFinalElectricity","electricity","DIRECT_ELECTRICITY","","","","","RoadEVFinalElectricity","EXPLICIT","","2019","","","PENDING_ACCEPTED_COUNTRY_NODE_WEIGHTS","PENDING_ACCEPTED_SHAPE_AND_PHYSICAL_WEIGHTS","false","false","FIXED","PENDING","REPRESENTATION_ACCEPTED_NUMERIC_PENDING","External final-energy share pending; future EV excluded from future direct Astar; no kWh/km proxy","MM:2030:Transport:RoadEVFinalElectricity:electricity","RoadEVFinalElectricity","true","true","false","MISSING","MM:electricity","false","false","","Transport","","","",""
"MM","2030","Transport","RoadResidualFuel","biomass","DIRECT_FUEL","","","","","RoadResidualFuel","EXPLICIT","","2019","","","PENDING_ACCEPTED_COUNTRY_NODE_WEIGHTS","PENDING_ACCEPTED_SHAPE_AND_PHYSICAL_WEIGHTS","false","false","FIXED","PENDING","REPRESENTATION_ACCEPTED_NUMERIC_PENDING","PENDING_FUTURE_GROWTH_AND_EV_ENERGY_PATH; carrier vector retained","MM:2030:Transport:RoadResidualFuel:biomass","RoadResidualFuel","true","true","false","MISSING","MM:biomass","false","false","","Transport","","","",""
"MM","2030","Transport","RoadResidualFuel","gas","DIRECT_FUEL","","","","","RoadResidualFuel","EXPLICIT","","2019","","","PENDING_ACCEPTED_COUNTRY_NODE_WEIGHTS","PENDING_ACCEPTED_SHAPE_AND_PHYSICAL_WEIGHTS","false","false","FIXED","PENDING","REPRESENTATION_ACCEPTED_NUMERIC_PENDING","PENDING_FUTURE_GROWTH_AND_EV_ENERGY_PATH; carrier vector retained","MM:2030:Transport:RoadResidualFuel:gas","RoadResidualFuel","true","true","false","MISSING","MM:gas","false","false","","Transport","","","",""
"MM","2030","Transport","RoadResidualFuel","oil","DIRECT_FUEL","","","","","RoadResidualFuel","EXPLICIT","","2019","","","PENDING_ACCEPTED_COUNTRY_NODE_WEIGHTS","PENDING_ACCEPTED_SHAPE_AND_PHYSICAL_WEIGHTS","false","false","FIXED","PENDING","REPRESENTATION_ACCEPTED_NUMERIC_PENDING","PENDING_FUTURE_GROWTH_AND_EV_ENERGY_PATH; carrier vector retained","MM:2030:Transport:RoadResidualFuel:oil","RoadResidualFuel","true","true","false","MISSING","MM:oil","false","false","","Transport","","","",""
"MM","2030","Transport","TransportEmbeddedFuelParent","unclassified_fuel","UNCLASSIFIED","","","","","TransportEmbeddedFuelParent","EXPLICIT","","2019","","","PENDING_ACCEPTED_COUNTRY_NODE_WEIGHTS","PENDING_ACCEPTED_SHAPE_AND_PHYSICAL_WEIGHTS","false","false","FIXED","PENDING","REPRESENTATION_ACCEPTED_NUMERIC_PENDING","Rail fuel remains within one pending transport fuel parent; no duplicate rail Load","MM:2030:Transport:TransportEmbeddedFuelParent:unclassified_fuel","TransportEmbeddedFuelParent","true","true","false","MISSING","","false","false","","Transport","","","",""
"MM","2040","Agriculture","AgricultureDirectElectricity","electricity","EMBEDDED","","","","Astar","AgricultureDirectElectricity","EMBEDDED","","2019","","","PENDING_ACCEPTED_COUNTRY_NODE_WEIGHTS","PENDING_ACCEPTED_SHAPE_AND_PHYSICAL_WEIGHTS","true","false","FIXED","PENDING","REPRESENTATION_ACCEPTED_NUMERIC_PENDING","Future direct electricity remains within Astar; no separate Load; growth unaccepted","MM:2040:Agriculture:AgricultureDirectElectricity:electricity","Astar","false","false","false","MISSING","MM:electricity","false","false","","Agriculture","","","",""
"MM","2040","Agriculture","AgricultureFinalEnergy","biomass","DIRECT_FUEL","","","","","AgricultureFinalEnergy","EXPLICIT","","2019","","","PENDING_ACCEPTED_COUNTRY_NODE_WEIGHTS","PENDING_ACCEPTED_SHAPE_AND_PHYSICAL_WEIGHTS","false","false","FIXED","PENDING","REPRESENTATION_ACCEPTED_NUMERIC_PENDING","PENDING_FUTURE_GROWTH; no DEFAULT or zero-growth assumption","MM:2040:Agriculture:AgricultureFinalEnergy:biomass","AgricultureFinalEnergy","true","true","false","MISSING","MM:biomass","false","false","","Agriculture","","","",""
"MM","2040","Agriculture","AgricultureFinalEnergy","coal","DIRECT_FUEL","","","","","AgricultureFinalEnergy","EXPLICIT","","2019","","","PENDING_ACCEPTED_COUNTRY_NODE_WEIGHTS","PENDING_ACCEPTED_SHAPE_AND_PHYSICAL_WEIGHTS","false","false","FIXED","PENDING","REPRESENTATION_ACCEPTED_NUMERIC_PENDING","PENDING_FUTURE_GROWTH; no DEFAULT or zero-growth assumption","MM:2040:Agriculture:AgricultureFinalEnergy:coal","AgricultureFinalEnergy","true","true","false","MISSING","MM:coal","false","false","","Agriculture","","","",""
"MM","2040","Agriculture","AgricultureFinalEnergy","oil","DIRECT_FUEL","","","","","AgricultureFinalEnergy","EXPLICIT","","2019","","","PENDING_ACCEPTED_COUNTRY_NODE_WEIGHTS","PENDING_ACCEPTED_SHAPE_AND_PHYSICAL_WEIGHTS","false","false","FIXED","PENDING","REPRESENTATION_ACCEPTED_NUMERIC_PENDING","PENDING_FUTURE_GROWTH; no DEFAULT or zero-growth assumption","MM:2040:Agriculture:AgricultureFinalEnergy:oil","AgricultureFinalEnergy","true","true","false","MISSING","MM:oil","false","false","","Agriculture","","","",""
"MM","2040","Buildings","ResidentialDirectElectricity","electricity","DIRECT_ELECTRICITY","","","","Astar","ResidentialDirectElectricity","EMBEDDED","","2019","","","PENDING_ACCEPTED_COUNTRY_NODE_WEIGHTS","PENDING_ACCEPTED_SHAPE_AND_PHYSICAL_WEIGHTS","true","false","FIXED","PENDING","REPRESENTATION_ACCEPTED_NUMERIC_PENDING","PENDING_FUTURE_GROWTH; separate R/S decomposition remains optional inside Astar","MM:2040:Buildings:ResidentialDirectElectricity:electricity","Astar","false","false","false","MISSING","MM:electricity","false","false","","Buildings","","","",""
"MM","2040","Buildings","ResidentialFuel","biomass","DIRECT_FUEL","","","","","ResidentialFuel","EXPLICIT","","2019","","","PENDING_ACCEPTED_COUNTRY_NODE_WEIGHTS","PENDING_ACCEPTED_SHAPE_AND_PHYSICAL_WEIGHTS","false","false","FIXED","PENDING","REPRESENTATION_ACCEPTED_NUMERIC_PENDING","PENDING_FUTURE_GROWTH; no default growth or heat conversion","MM:2040:Buildings:ResidentialFuel:biomass","ResidentialFuel","true","true","false","MISSING","MM:biomass","false","false","","Buildings","","","",""
"MM","2040","Buildings","ResidentialFuel","coal","DIRECT_FUEL","","","","","ResidentialFuel","EXPLICIT","","2019","","","PENDING_ACCEPTED_COUNTRY_NODE_WEIGHTS","PENDING_ACCEPTED_SHAPE_AND_PHYSICAL_WEIGHTS","false","false","FIXED","PENDING","REPRESENTATION_ACCEPTED_NUMERIC_PENDING","PENDING_FUTURE_GROWTH; no default growth or heat conversion","MM:2040:Buildings:ResidentialFuel:coal","ResidentialFuel","true","true","false","MISSING","MM:coal","false","false","","Buildings","","","",""
"MM","2040","Buildings","ResidentialFuel","gas","DIRECT_FUEL","","","","","ResidentialFuel","EXPLICIT","","2019","","","PENDING_ACCEPTED_COUNTRY_NODE_WEIGHTS","PENDING_ACCEPTED_SHAPE_AND_PHYSICAL_WEIGHTS","false","false","FIXED","PENDING","REPRESENTATION_ACCEPTED_NUMERIC_PENDING","PENDING_FUTURE_GROWTH; no default growth or heat conversion","MM:2040:Buildings:ResidentialFuel:gas","ResidentialFuel","true","true","false","MISSING","MM:gas","false","false","","Buildings","","","",""
"MM","2040","Buildings","ResidentialFuel","oil","DIRECT_FUEL","","","","","ResidentialFuel","EXPLICIT","","2019","","","PENDING_ACCEPTED_COUNTRY_NODE_WEIGHTS","PENDING_ACCEPTED_SHAPE_AND_PHYSICAL_WEIGHTS","false","false","FIXED","PENDING","REPRESENTATION_ACCEPTED_NUMERIC_PENDING","PENDING_FUTURE_GROWTH; no default growth or heat conversion","MM:2040:Buildings:ResidentialFuel:oil","ResidentialFuel","true","true","false","MISSING","MM:oil","false","false","","Buildings","","","",""
"MM","2040","Buildings","ServicesDirectElectricity","electricity","DIRECT_ELECTRICITY","","","","Astar","ServicesDirectElectricity","EMBEDDED","","2019","","","PENDING_ACCEPTED_COUNTRY_NODE_WEIGHTS","PENDING_ACCEPTED_SHAPE_AND_PHYSICAL_WEIGHTS","true","false","FIXED","PENDING","REPRESENTATION_ACCEPTED_NUMERIC_PENDING","PENDING_FUTURE_GROWTH; separate R/S decomposition remains optional inside Astar","MM:2040:Buildings:ServicesDirectElectricity:electricity","Astar","false","false","false","MISSING","MM:electricity","false","false","","Buildings","","","",""
"MM","2040","Buildings","ServicesFuel","biomass","DIRECT_FUEL","","","","","ServicesFuel","EXPLICIT","","2019","","","PENDING_ACCEPTED_COUNTRY_NODE_WEIGHTS","PENDING_ACCEPTED_SHAPE_AND_PHYSICAL_WEIGHTS","false","false","FIXED","PENDING","REPRESENTATION_ACCEPTED_NUMERIC_PENDING","PENDING_FUTURE_GROWTH; no default growth or heat conversion","MM:2040:Buildings:ServicesFuel:biomass","ServicesFuel","true","true","false","MISSING","MM:biomass","false","false","","Buildings","","","",""
"MM","2040","Buildings","ServicesFuel","coal","DIRECT_FUEL","","","","","ServicesFuel","EXPLICIT","","2019","","","PENDING_ACCEPTED_COUNTRY_NODE_WEIGHTS","PENDING_ACCEPTED_SHAPE_AND_PHYSICAL_WEIGHTS","false","false","FIXED","PENDING","REPRESENTATION_ACCEPTED_NUMERIC_PENDING","PENDING_FUTURE_GROWTH; no default growth or heat conversion","MM:2040:Buildings:ServicesFuel:coal","ServicesFuel","true","true","false","MISSING","MM:coal","false","false","","Buildings","","","",""
"MM","2040","Buildings","ServicesFuel","gas","DIRECT_FUEL","","","","","ServicesFuel","EXPLICIT","","2019","","","PENDING_ACCEPTED_COUNTRY_NODE_WEIGHTS","PENDING_ACCEPTED_SHAPE_AND_PHYSICAL_WEIGHTS","false","false","FIXED","PENDING","REPRESENTATION_ACCEPTED_NUMERIC_PENDING","PENDING_FUTURE_GROWTH; no default growth or heat conversion","MM:2040:Buildings:ServicesFuel:gas","ServicesFuel","true","true","false","MISSING","MM:gas","false","false","","Buildings","","","",""
"MM","2040","Buildings","ServicesFuel","oil","DIRECT_FUEL","","","","","ServicesFuel","EXPLICIT","","2019","","","PENDING_ACCEPTED_COUNTRY_NODE_WEIGHTS","PENDING_ACCEPTED_SHAPE_AND_PHYSICAL_WEIGHTS","false","false","FIXED","PENDING","REPRESENTATION_ACCEPTED_NUMERIC_PENDING","PENDING_FUTURE_GROWTH; no default growth or heat conversion","MM:2040:Buildings:ServicesFuel:oil","ServicesFuel","true","true","false","MISSING","MM:oil","false","false","","Buildings","","","",""
"MM","2040","Bunker","InternationalAviationBunker","oil","BUNKER_FUEL","","","","","InternationalAviationBunker","EXPLICIT","","2019","","","PENDING_ACCEPTED_COUNTRY_NODE_WEIGHTS","PENDING_ACCEPTED_SHAPE_AND_PHYSICAL_WEIGHTS","false","false","FIXED","PENDING","REPRESENTATION_ACCEPTED_NUMERIC_PENDING","PENDING_FUTURE_GROWTH; upstream default projection not accepted","MM:2040:Bunker:InternationalAviationBunker:oil","InternationalAviationBunker","true","true","false","MISSING","MM:oil","false","false","","bunker","","","",""
"MM","2040","Bunker","InternationalShippingBunker","oil","BUNKER_FUEL","","","","","InternationalShippingBunker","EXPLICIT","","2019","","","PENDING_ACCEPTED_COUNTRY_NODE_WEIGHTS","PENDING_ACCEPTED_SHAPE_AND_PHYSICAL_WEIGHTS","false","false","FIXED","PENDING","REPRESENTATION_ACCEPTED_NUMERIC_PENDING","PENDING_FUTURE_GROWTH; upstream default projection not accepted","MM:2040:Bunker:InternationalShippingBunker:oil","InternationalShippingBunker","true","true","false","MISSING","MM:oil","false","false","","bunker","","","",""
"MM","2040","Electricity","Astar","electricity","DIRECT_ELECTRICITY","","","","","Astar","EXPLICIT","","2019","","","PENDING_ACCEPTED_COUNTRY_NODE_WEIGHTS","PENDING_ACCEPTED_SHAPE_AND_PHYSICAL_WEIGHTS","true","false","FIXED","PENDING","REPRESENTATION_ACCEPTED_NUMERIC_PENDING","FUTURE_DIRECT_ELECTRICITY_PENDING; no AEO8 generation/DemandCast/default-growth fallback","MM:2040:Electricity:Astar:electricity","Astar","true","true","false","MISSING","MM:electricity","false","false","","electricity","","","",""
"MM","2040","Industry","IndustryDirectElectricity","electricity","EMBEDDED","","","","Astar","IndustryDirectElectricity","EMBEDDED","","2019","","","PENDING_ACCEPTED_COUNTRY_NODE_WEIGHTS","PENDING_ACCEPTED_SHAPE_AND_PHYSICAL_WEIGHTS","true","false","FIXED","PENDING","REPRESENTATION_ACCEPTED_NUMERIC_PENDING","Future direct electricity remains within Astar; no separate Load; growth unaccepted","MM:2040:Industry:IndustryDirectElectricity:electricity","Astar","false","false","false","MISSING","MM:electricity","false","false","","Industry","","","",""
"MM","2040","Industry","IndustryFinalEnergy","biomass","DIRECT_FUEL","","","","","IndustryFinalEnergy","EXPLICIT","","2019","","","PENDING_ACCEPTED_COUNTRY_NODE_WEIGHTS","PENDING_ACCEPTED_SHAPE_AND_PHYSICAL_WEIGHTS","false","false","FIXED","PENDING","REPRESENTATION_ACCEPTED_NUMERIC_PENDING","PENDING_FUTURE_GROWTH; no DEFAULT or zero-growth assumption","MM:2040:Industry:IndustryFinalEnergy:biomass","IndustryFinalEnergy","true","true","false","MISSING","MM:biomass","false","false","","Industry","","","",""
"MM","2040","Industry","IndustryFinalEnergy","coal","DIRECT_FUEL","","","","","IndustryFinalEnergy","EXPLICIT","","2019","","","PENDING_ACCEPTED_COUNTRY_NODE_WEIGHTS","PENDING_ACCEPTED_SHAPE_AND_PHYSICAL_WEIGHTS","false","false","FIXED","PENDING","REPRESENTATION_ACCEPTED_NUMERIC_PENDING","PENDING_FUTURE_GROWTH; no DEFAULT or zero-growth assumption","MM:2040:Industry:IndustryFinalEnergy:coal","IndustryFinalEnergy","true","true","false","MISSING","MM:coal","false","false","","Industry","","","",""
"MM","2040","Industry","IndustryFinalEnergy","gas","DIRECT_FUEL","","","","","IndustryFinalEnergy","EXPLICIT","","2019","","","PENDING_ACCEPTED_COUNTRY_NODE_WEIGHTS","PENDING_ACCEPTED_SHAPE_AND_PHYSICAL_WEIGHTS","false","false","FIXED","PENDING","REPRESENTATION_ACCEPTED_NUMERIC_PENDING","PENDING_FUTURE_GROWTH; no DEFAULT or zero-growth assumption","MM:2040:Industry:IndustryFinalEnergy:gas","IndustryFinalEnergy","true","true","false","MISSING","MM:gas","false","false","","Industry","","","",""
"MM","2040","Industry","IndustryFinalEnergy","oil","DIRECT_FUEL","","","","","IndustryFinalEnergy","EXPLICIT","","2019","","","PENDING_ACCEPTED_COUNTRY_NODE_WEIGHTS","PENDING_ACCEPTED_SHAPE_AND_PHYSICAL_WEIGHTS","false","false","FIXED","PENDING","REPRESENTATION_ACCEPTED_NUMERIC_PENDING","PENDING_FUTURE_GROWTH; no DEFAULT or zero-growth assumption","MM:2040:Industry:IndustryFinalEnergy:oil","IndustryFinalEnergy","true","true","false","MISSING","MM:oil","false","false","","Industry","","","",""
"MM","2040","Transport","DomesticAviationFuel","oil","DIRECT_FUEL","","","","","DomesticAviationFuel","EXPLICIT","","2019","","","PENDING_ACCEPTED_COUNTRY_NODE_WEIGHTS","PENDING_ACCEPTED_SHAPE_AND_PHYSICAL_WEIGHTS","false","false","FIXED","PENDING","REPRESENTATION_ACCEPTED_NUMERIC_PENDING","PENDING_FUTURE_GROWTH; upstream default projection not accepted","MM:2040:Transport:DomesticAviationFuel:oil","DomesticAviationFuel","true","true","false","MISSING","MM:oil","false","false","","bunker","","","",""
"MM","2040","Transport","DomesticShippingFuel","oil","DIRECT_FUEL","","","","","DomesticShippingFuel","EXPLICIT","","2019","","","PENDING_ACCEPTED_COUNTRY_NODE_WEIGHTS","PENDING_ACCEPTED_SHAPE_AND_PHYSICAL_WEIGHTS","false","false","FIXED","PENDING","REPRESENTATION_ACCEPTED_NUMERIC_PENDING","PENDING_FUTURE_GROWTH; upstream default projection not accepted","MM:2040:Transport:DomesticShippingFuel:oil","DomesticShippingFuel","true","true","false","MISSING","MM:oil","false","false","","bunker","","","",""
"MM","2040","Transport","RailElectricity","electricity","EMBEDDED","","","","Astar","RailElectricity","EMBEDDED","","2019","","","PENDING_ACCEPTED_COUNTRY_NODE_WEIGHTS","PENDING_ACCEPTED_SHAPE_AND_PHYSICAL_WEIGHTS","true","false","FIXED","PENDING","REPRESENTATION_ACCEPTED_NUMERIC_PENDING","Future rail stays in Astar once; decomposition pending","MM:2040:Transport:RailElectricity:electricity","Astar","false","false","false","MISSING","MM:electricity","false","false","","Transport","","","",""
"MM","2040","Transport","RoadEVFinalElectricity","electricity","DIRECT_ELECTRICITY","","","","","RoadEVFinalElectricity","EXPLICIT","","2019","","","PENDING_ACCEPTED_COUNTRY_NODE_WEIGHTS","PENDING_ACCEPTED_SHAPE_AND_PHYSICAL_WEIGHTS","false","false","FIXED","PENDING","REPRESENTATION_ACCEPTED_NUMERIC_PENDING","External final-energy share pending; future EV excluded from future direct Astar; no kWh/km proxy","MM:2040:Transport:RoadEVFinalElectricity:electricity","RoadEVFinalElectricity","true","true","false","MISSING","MM:electricity","false","false","","Transport","","","",""
"MM","2040","Transport","RoadResidualFuel","biomass","DIRECT_FUEL","","","","","RoadResidualFuel","EXPLICIT","","2019","","","PENDING_ACCEPTED_COUNTRY_NODE_WEIGHTS","PENDING_ACCEPTED_SHAPE_AND_PHYSICAL_WEIGHTS","false","false","FIXED","PENDING","REPRESENTATION_ACCEPTED_NUMERIC_PENDING","PENDING_FUTURE_GROWTH_AND_EV_ENERGY_PATH; carrier vector retained","MM:2040:Transport:RoadResidualFuel:biomass","RoadResidualFuel","true","true","false","MISSING","MM:biomass","false","false","","Transport","","","",""
"MM","2040","Transport","RoadResidualFuel","gas","DIRECT_FUEL","","","","","RoadResidualFuel","EXPLICIT","","2019","","","PENDING_ACCEPTED_COUNTRY_NODE_WEIGHTS","PENDING_ACCEPTED_SHAPE_AND_PHYSICAL_WEIGHTS","false","false","FIXED","PENDING","REPRESENTATION_ACCEPTED_NUMERIC_PENDING","PENDING_FUTURE_GROWTH_AND_EV_ENERGY_PATH; carrier vector retained","MM:2040:Transport:RoadResidualFuel:gas","RoadResidualFuel","true","true","false","MISSING","MM:gas","false","false","","Transport","","","",""
"MM","2040","Transport","RoadResidualFuel","oil","DIRECT_FUEL","","","","","RoadResidualFuel","EXPLICIT","","2019","","","PENDING_ACCEPTED_COUNTRY_NODE_WEIGHTS","PENDING_ACCEPTED_SHAPE_AND_PHYSICAL_WEIGHTS","false","false","FIXED","PENDING","REPRESENTATION_ACCEPTED_NUMERIC_PENDING","PENDING_FUTURE_GROWTH_AND_EV_ENERGY_PATH; carrier vector retained","MM:2040:Transport:RoadResidualFuel:oil","RoadResidualFuel","true","true","false","MISSING","MM:oil","false","false","","Transport","","","",""
"MM","2040","Transport","TransportEmbeddedFuelParent","unclassified_fuel","UNCLASSIFIED","","","","","TransportEmbeddedFuelParent","EXPLICIT","","2019","","","PENDING_ACCEPTED_COUNTRY_NODE_WEIGHTS","PENDING_ACCEPTED_SHAPE_AND_PHYSICAL_WEIGHTS","false","false","FIXED","PENDING","REPRESENTATION_ACCEPTED_NUMERIC_PENDING","Rail fuel remains within one pending transport fuel parent; no duplicate rail Load","MM:2040:Transport:TransportEmbeddedFuelParent:unclassified_fuel","TransportEmbeddedFuelParent","true","true","false","MISSING","","false","false","","Transport","","","",""
"MM","2050","Agriculture","AgricultureDirectElectricity","electricity","EMBEDDED","","","","Astar","AgricultureDirectElectricity","EMBEDDED","","2019","","","PENDING_ACCEPTED_COUNTRY_NODE_WEIGHTS","PENDING_ACCEPTED_SHAPE_AND_PHYSICAL_WEIGHTS","true","false","FIXED","PENDING","REPRESENTATION_ACCEPTED_NUMERIC_PENDING","Future direct electricity remains within Astar; no separate Load; growth unaccepted","MM:2050:Agriculture:AgricultureDirectElectricity:electricity","Astar","false","false","false","MISSING","MM:electricity","false","false","","Agriculture","","","",""
"MM","2050","Agriculture","AgricultureFinalEnergy","biomass","DIRECT_FUEL","","","","","AgricultureFinalEnergy","EXPLICIT","","2019","","","PENDING_ACCEPTED_COUNTRY_NODE_WEIGHTS","PENDING_ACCEPTED_SHAPE_AND_PHYSICAL_WEIGHTS","false","false","FIXED","PENDING","REPRESENTATION_ACCEPTED_NUMERIC_PENDING","PENDING_FUTURE_GROWTH; no DEFAULT or zero-growth assumption","MM:2050:Agriculture:AgricultureFinalEnergy:biomass","AgricultureFinalEnergy","true","true","false","MISSING","MM:biomass","false","false","","Agriculture","","","",""
"MM","2050","Agriculture","AgricultureFinalEnergy","coal","DIRECT_FUEL","","","","","AgricultureFinalEnergy","EXPLICIT","","2019","","","PENDING_ACCEPTED_COUNTRY_NODE_WEIGHTS","PENDING_ACCEPTED_SHAPE_AND_PHYSICAL_WEIGHTS","false","false","FIXED","PENDING","REPRESENTATION_ACCEPTED_NUMERIC_PENDING","PENDING_FUTURE_GROWTH; no DEFAULT or zero-growth assumption","MM:2050:Agriculture:AgricultureFinalEnergy:coal","AgricultureFinalEnergy","true","true","false","MISSING","MM:coal","false","false","","Agriculture","","","",""
"MM","2050","Agriculture","AgricultureFinalEnergy","oil","DIRECT_FUEL","","","","","AgricultureFinalEnergy","EXPLICIT","","2019","","","PENDING_ACCEPTED_COUNTRY_NODE_WEIGHTS","PENDING_ACCEPTED_SHAPE_AND_PHYSICAL_WEIGHTS","false","false","FIXED","PENDING","REPRESENTATION_ACCEPTED_NUMERIC_PENDING","PENDING_FUTURE_GROWTH; no DEFAULT or zero-growth assumption","MM:2050:Agriculture:AgricultureFinalEnergy:oil","AgricultureFinalEnergy","true","true","false","MISSING","MM:oil","false","false","","Agriculture","","","",""
"MM","2050","Buildings","ResidentialDirectElectricity","electricity","DIRECT_ELECTRICITY","","","","Astar","ResidentialDirectElectricity","EMBEDDED","","2019","","","PENDING_ACCEPTED_COUNTRY_NODE_WEIGHTS","PENDING_ACCEPTED_SHAPE_AND_PHYSICAL_WEIGHTS","true","false","FIXED","PENDING","REPRESENTATION_ACCEPTED_NUMERIC_PENDING","PENDING_FUTURE_GROWTH; separate R/S decomposition remains optional inside Astar","MM:2050:Buildings:ResidentialDirectElectricity:electricity","Astar","false","false","false","MISSING","MM:electricity","false","false","","Buildings","","","",""
"MM","2050","Buildings","ResidentialFuel","biomass","DIRECT_FUEL","","","","","ResidentialFuel","EXPLICIT","","2019","","","PENDING_ACCEPTED_COUNTRY_NODE_WEIGHTS","PENDING_ACCEPTED_SHAPE_AND_PHYSICAL_WEIGHTS","false","false","FIXED","PENDING","REPRESENTATION_ACCEPTED_NUMERIC_PENDING","PENDING_FUTURE_GROWTH; no default growth or heat conversion","MM:2050:Buildings:ResidentialFuel:biomass","ResidentialFuel","true","true","false","MISSING","MM:biomass","false","false","","Buildings","","","",""
"MM","2050","Buildings","ResidentialFuel","coal","DIRECT_FUEL","","","","","ResidentialFuel","EXPLICIT","","2019","","","PENDING_ACCEPTED_COUNTRY_NODE_WEIGHTS","PENDING_ACCEPTED_SHAPE_AND_PHYSICAL_WEIGHTS","false","false","FIXED","PENDING","REPRESENTATION_ACCEPTED_NUMERIC_PENDING","PENDING_FUTURE_GROWTH; no default growth or heat conversion","MM:2050:Buildings:ResidentialFuel:coal","ResidentialFuel","true","true","false","MISSING","MM:coal","false","false","","Buildings","","","",""
"MM","2050","Buildings","ResidentialFuel","gas","DIRECT_FUEL","","","","","ResidentialFuel","EXPLICIT","","2019","","","PENDING_ACCEPTED_COUNTRY_NODE_WEIGHTS","PENDING_ACCEPTED_SHAPE_AND_PHYSICAL_WEIGHTS","false","false","FIXED","PENDING","REPRESENTATION_ACCEPTED_NUMERIC_PENDING","PENDING_FUTURE_GROWTH; no default growth or heat conversion","MM:2050:Buildings:ResidentialFuel:gas","ResidentialFuel","true","true","false","MISSING","MM:gas","false","false","","Buildings","","","",""
"MM","2050","Buildings","ResidentialFuel","oil","DIRECT_FUEL","","","","","ResidentialFuel","EXPLICIT","","2019","","","PENDING_ACCEPTED_COUNTRY_NODE_WEIGHTS","PENDING_ACCEPTED_SHAPE_AND_PHYSICAL_WEIGHTS","false","false","FIXED","PENDING","REPRESENTATION_ACCEPTED_NUMERIC_PENDING","PENDING_FUTURE_GROWTH; no default growth or heat conversion","MM:2050:Buildings:ResidentialFuel:oil","ResidentialFuel","true","true","false","MISSING","MM:oil","false","false","","Buildings","","","",""
"MM","2050","Buildings","ServicesDirectElectricity","electricity","DIRECT_ELECTRICITY","","","","Astar","ServicesDirectElectricity","EMBEDDED","","2019","","","PENDING_ACCEPTED_COUNTRY_NODE_WEIGHTS","PENDING_ACCEPTED_SHAPE_AND_PHYSICAL_WEIGHTS","true","false","FIXED","PENDING","REPRESENTATION_ACCEPTED_NUMERIC_PENDING","PENDING_FUTURE_GROWTH; separate R/S decomposition remains optional inside Astar","MM:2050:Buildings:ServicesDirectElectricity:electricity","Astar","false","false","false","MISSING","MM:electricity","false","false","","Buildings","","","",""
"MM","2050","Buildings","ServicesFuel","biomass","DIRECT_FUEL","","","","","ServicesFuel","EXPLICIT","","2019","","","PENDING_ACCEPTED_COUNTRY_NODE_WEIGHTS","PENDING_ACCEPTED_SHAPE_AND_PHYSICAL_WEIGHTS","false","false","FIXED","PENDING","REPRESENTATION_ACCEPTED_NUMERIC_PENDING","PENDING_FUTURE_GROWTH; no default growth or heat conversion","MM:2050:Buildings:ServicesFuel:biomass","ServicesFuel","true","true","false","MISSING","MM:biomass","false","false","","Buildings","","","",""
"MM","2050","Buildings","ServicesFuel","coal","DIRECT_FUEL","","","","","ServicesFuel","EXPLICIT","","2019","","","PENDING_ACCEPTED_COUNTRY_NODE_WEIGHTS","PENDING_ACCEPTED_SHAPE_AND_PHYSICAL_WEIGHTS","false","false","FIXED","PENDING","REPRESENTATION_ACCEPTED_NUMERIC_PENDING","PENDING_FUTURE_GROWTH; no default growth or heat conversion","MM:2050:Buildings:ServicesFuel:coal","ServicesFuel","true","true","false","MISSING","MM:coal","false","false","","Buildings","","","",""
"MM","2050","Buildings","ServicesFuel","gas","DIRECT_FUEL","","","","","ServicesFuel","EXPLICIT","","2019","","","PENDING_ACCEPTED_COUNTRY_NODE_WEIGHTS","PENDING_ACCEPTED_SHAPE_AND_PHYSICAL_WEIGHTS","false","false","FIXED","PENDING","REPRESENTATION_ACCEPTED_NUMERIC_PENDING","PENDING_FUTURE_GROWTH; no default growth or heat conversion","MM:2050:Buildings:ServicesFuel:gas","ServicesFuel","true","true","false","MISSING","MM:gas","false","false","","Buildings","","","",""
"MM","2050","Buildings","ServicesFuel","oil","DIRECT_FUEL","","","","","ServicesFuel","EXPLICIT","","2019","","","PENDING_ACCEPTED_COUNTRY_NODE_WEIGHTS","PENDING_ACCEPTED_SHAPE_AND_PHYSICAL_WEIGHTS","false","false","FIXED","PENDING","REPRESENTATION_ACCEPTED_NUMERIC_PENDING","PENDING_FUTURE_GROWTH; no default growth or heat conversion","MM:2050:Buildings:ServicesFuel:oil","ServicesFuel","true","true","false","MISSING","MM:oil","false","false","","Buildings","","","",""
"MM","2050","Bunker","InternationalAviationBunker","oil","BUNKER_FUEL","","","","","InternationalAviationBunker","EXPLICIT","","2019","","","PENDING_ACCEPTED_COUNTRY_NODE_WEIGHTS","PENDING_ACCEPTED_SHAPE_AND_PHYSICAL_WEIGHTS","false","false","FIXED","PENDING","REPRESENTATION_ACCEPTED_NUMERIC_PENDING","PENDING_FUTURE_GROWTH; upstream default projection not accepted","MM:2050:Bunker:InternationalAviationBunker:oil","InternationalAviationBunker","true","true","false","MISSING","MM:oil","false","false","","bunker","","","",""
"MM","2050","Bunker","InternationalShippingBunker","oil","BUNKER_FUEL","","","","","InternationalShippingBunker","EXPLICIT","","2019","","","PENDING_ACCEPTED_COUNTRY_NODE_WEIGHTS","PENDING_ACCEPTED_SHAPE_AND_PHYSICAL_WEIGHTS","false","false","FIXED","PENDING","REPRESENTATION_ACCEPTED_NUMERIC_PENDING","PENDING_FUTURE_GROWTH; upstream default projection not accepted","MM:2050:Bunker:InternationalShippingBunker:oil","InternationalShippingBunker","true","true","false","MISSING","MM:oil","false","false","","bunker","","","",""
"MM","2050","Electricity","Astar","electricity","DIRECT_ELECTRICITY","","","","","Astar","EXPLICIT","","2019","","","PENDING_ACCEPTED_COUNTRY_NODE_WEIGHTS","PENDING_ACCEPTED_SHAPE_AND_PHYSICAL_WEIGHTS","true","false","FIXED","PENDING","REPRESENTATION_ACCEPTED_NUMERIC_PENDING","FUTURE_DIRECT_ELECTRICITY_PENDING; no AEO8 generation/DemandCast/default-growth fallback","MM:2050:Electricity:Astar:electricity","Astar","true","true","false","MISSING","MM:electricity","false","false","","electricity","","","",""
"MM","2050","Industry","IndustryDirectElectricity","electricity","EMBEDDED","","","","Astar","IndustryDirectElectricity","EMBEDDED","","2019","","","PENDING_ACCEPTED_COUNTRY_NODE_WEIGHTS","PENDING_ACCEPTED_SHAPE_AND_PHYSICAL_WEIGHTS","true","false","FIXED","PENDING","REPRESENTATION_ACCEPTED_NUMERIC_PENDING","Future direct electricity remains within Astar; no separate Load; growth unaccepted","MM:2050:Industry:IndustryDirectElectricity:electricity","Astar","false","false","false","MISSING","MM:electricity","false","false","","Industry","","","",""
"MM","2050","Industry","IndustryFinalEnergy","biomass","DIRECT_FUEL","","","","","IndustryFinalEnergy","EXPLICIT","","2019","","","PENDING_ACCEPTED_COUNTRY_NODE_WEIGHTS","PENDING_ACCEPTED_SHAPE_AND_PHYSICAL_WEIGHTS","false","false","FIXED","PENDING","REPRESENTATION_ACCEPTED_NUMERIC_PENDING","PENDING_FUTURE_GROWTH; no DEFAULT or zero-growth assumption","MM:2050:Industry:IndustryFinalEnergy:biomass","IndustryFinalEnergy","true","true","false","MISSING","MM:biomass","false","false","","Industry","","","",""
"MM","2050","Industry","IndustryFinalEnergy","coal","DIRECT_FUEL","","","","","IndustryFinalEnergy","EXPLICIT","","2019","","","PENDING_ACCEPTED_COUNTRY_NODE_WEIGHTS","PENDING_ACCEPTED_SHAPE_AND_PHYSICAL_WEIGHTS","false","false","FIXED","PENDING","REPRESENTATION_ACCEPTED_NUMERIC_PENDING","PENDING_FUTURE_GROWTH; no DEFAULT or zero-growth assumption","MM:2050:Industry:IndustryFinalEnergy:coal","IndustryFinalEnergy","true","true","false","MISSING","MM:coal","false","false","","Industry","","","",""
"MM","2050","Industry","IndustryFinalEnergy","gas","DIRECT_FUEL","","","","","IndustryFinalEnergy","EXPLICIT","","2019","","","PENDING_ACCEPTED_COUNTRY_NODE_WEIGHTS","PENDING_ACCEPTED_SHAPE_AND_PHYSICAL_WEIGHTS","false","false","FIXED","PENDING","REPRESENTATION_ACCEPTED_NUMERIC_PENDING","PENDING_FUTURE_GROWTH; no DEFAULT or zero-growth assumption","MM:2050:Industry:IndustryFinalEnergy:gas","IndustryFinalEnergy","true","true","false","MISSING","MM:gas","false","false","","Industry","","","",""
"MM","2050","Industry","IndustryFinalEnergy","oil","DIRECT_FUEL","","","","","IndustryFinalEnergy","EXPLICIT","","2019","","","PENDING_ACCEPTED_COUNTRY_NODE_WEIGHTS","PENDING_ACCEPTED_SHAPE_AND_PHYSICAL_WEIGHTS","false","false","FIXED","PENDING","REPRESENTATION_ACCEPTED_NUMERIC_PENDING","PENDING_FUTURE_GROWTH; no DEFAULT or zero-growth assumption","MM:2050:Industry:IndustryFinalEnergy:oil","IndustryFinalEnergy","true","true","false","MISSING","MM:oil","false","false","","Industry","","","",""
"MM","2050","Transport","DomesticAviationFuel","oil","DIRECT_FUEL","","","","","DomesticAviationFuel","EXPLICIT","","2019","","","PENDING_ACCEPTED_COUNTRY_NODE_WEIGHTS","PENDING_ACCEPTED_SHAPE_AND_PHYSICAL_WEIGHTS","false","false","FIXED","PENDING","REPRESENTATION_ACCEPTED_NUMERIC_PENDING","PENDING_FUTURE_GROWTH; upstream default projection not accepted","MM:2050:Transport:DomesticAviationFuel:oil","DomesticAviationFuel","true","true","false","MISSING","MM:oil","false","false","","bunker","","","",""
"MM","2050","Transport","DomesticShippingFuel","oil","DIRECT_FUEL","","","","","DomesticShippingFuel","EXPLICIT","","2019","","","PENDING_ACCEPTED_COUNTRY_NODE_WEIGHTS","PENDING_ACCEPTED_SHAPE_AND_PHYSICAL_WEIGHTS","false","false","FIXED","PENDING","REPRESENTATION_ACCEPTED_NUMERIC_PENDING","PENDING_FUTURE_GROWTH; upstream default projection not accepted","MM:2050:Transport:DomesticShippingFuel:oil","DomesticShippingFuel","true","true","false","MISSING","MM:oil","false","false","","bunker","","","",""
"MM","2050","Transport","RailElectricity","electricity","EMBEDDED","","","","Astar","RailElectricity","EMBEDDED","","2019","","","PENDING_ACCEPTED_COUNTRY_NODE_WEIGHTS","PENDING_ACCEPTED_SHAPE_AND_PHYSICAL_WEIGHTS","true","false","FIXED","PENDING","REPRESENTATION_ACCEPTED_NUMERIC_PENDING","Future rail stays in Astar once; decomposition pending","MM:2050:Transport:RailElectricity:electricity","Astar","false","false","false","MISSING","MM:electricity","false","false","","Transport","","","",""
"MM","2050","Transport","RoadEVFinalElectricity","electricity","DIRECT_ELECTRICITY","","","","","RoadEVFinalElectricity","EXPLICIT","","2019","","","PENDING_ACCEPTED_COUNTRY_NODE_WEIGHTS","PENDING_ACCEPTED_SHAPE_AND_PHYSICAL_WEIGHTS","false","false","FIXED","PENDING","REPRESENTATION_ACCEPTED_NUMERIC_PENDING","External final-energy share pending; future EV excluded from future direct Astar; no kWh/km proxy","MM:2050:Transport:RoadEVFinalElectricity:electricity","RoadEVFinalElectricity","true","true","false","MISSING","MM:electricity","false","false","","Transport","","","",""
"MM","2050","Transport","RoadResidualFuel","biomass","DIRECT_FUEL","","","","","RoadResidualFuel","EXPLICIT","","2019","","","PENDING_ACCEPTED_COUNTRY_NODE_WEIGHTS","PENDING_ACCEPTED_SHAPE_AND_PHYSICAL_WEIGHTS","false","false","FIXED","PENDING","REPRESENTATION_ACCEPTED_NUMERIC_PENDING","PENDING_FUTURE_GROWTH_AND_EV_ENERGY_PATH; carrier vector retained","MM:2050:Transport:RoadResidualFuel:biomass","RoadResidualFuel","true","true","false","MISSING","MM:biomass","false","false","","Transport","","","",""
"MM","2050","Transport","RoadResidualFuel","gas","DIRECT_FUEL","","","","","RoadResidualFuel","EXPLICIT","","2019","","","PENDING_ACCEPTED_COUNTRY_NODE_WEIGHTS","PENDING_ACCEPTED_SHAPE_AND_PHYSICAL_WEIGHTS","false","false","FIXED","PENDING","REPRESENTATION_ACCEPTED_NUMERIC_PENDING","PENDING_FUTURE_GROWTH_AND_EV_ENERGY_PATH; carrier vector retained","MM:2050:Transport:RoadResidualFuel:gas","RoadResidualFuel","true","true","false","MISSING","MM:gas","false","false","","Transport","","","",""
"MM","2050","Transport","RoadResidualFuel","oil","DIRECT_FUEL","","","","","RoadResidualFuel","EXPLICIT","","2019","","","PENDING_ACCEPTED_COUNTRY_NODE_WEIGHTS","PENDING_ACCEPTED_SHAPE_AND_PHYSICAL_WEIGHTS","false","false","FIXED","PENDING","REPRESENTATION_ACCEPTED_NUMERIC_PENDING","PENDING_FUTURE_GROWTH_AND_EV_ENERGY_PATH; carrier vector retained","MM:2050:Transport:RoadResidualFuel:oil","RoadResidualFuel","true","true","false","MISSING","MM:oil","false","false","","Transport","","","",""
"MM","2050","Transport","TransportEmbeddedFuelParent","unclassified_fuel","UNCLASSIFIED","","","","","TransportEmbeddedFuelParent","EXPLICIT","","2019","","","PENDING_ACCEPTED_COUNTRY_NODE_WEIGHTS","PENDING_ACCEPTED_SHAPE_AND_PHYSICAL_WEIGHTS","false","false","FIXED","PENDING","REPRESENTATION_ACCEPTED_NUMERIC_PENDING","Rail fuel remains within one pending transport fuel parent; no duplicate rail Load","MM:2050:Transport:TransportEmbeddedFuelParent:unclassified_fuel","TransportEmbeddedFuelParent","true","true","false","MISSING","","false","false","","Transport","","","",""
"MY","2019","Agriculture","AgricultureFinalEnergy","biomass","DIRECT_FUEL","0.0","TWh/year","","","AgricultureFinalEnergy","EXPLICIT","/home/jin/research/SGP_ESE5004_Stage2/pypsa-asean/resources/baseline-aims-3H-tutorial/energy_totals_base.csv","2019","af27beafc01cfb1920a23e632c05e858883a28efd9bbf94df3dfdba455fde261","Frozen derived cache; TWh/year -> MWh; raw/calorific provenance still pending","PENDING_ACCEPTED_COUNTRY_NODE_WEIGHTS","PENDING_ACCEPTED_SHAPE_AND_PHYSICAL_WEIGHTS","false","false","FIXED","MISSING","REPRESENTATION_ACCEPTED_NUMERIC_PENDING","No agriculture technology model; retain each original fuel; cache zero has no certified raw-zero evidence","MY:2019:Agriculture:AgricultureFinalEnergy:biomass","AgricultureFinalEnergy","true","true","false","CACHE_ZERO_UNVERIFIED","MY:biomass","false","false","MY/agriculture biomass","Agriculture","","","",""
"MY","2019","Agriculture","AgricultureFinalEnergy","coal","DIRECT_FUEL","0.0","TWh/year","","","AgricultureFinalEnergy","EXPLICIT","/home/jin/research/SGP_ESE5004_Stage2/pypsa-asean/resources/baseline-aims-3H-tutorial/energy_totals_base.csv","2019","af27beafc01cfb1920a23e632c05e858883a28efd9bbf94df3dfdba455fde261","Frozen derived cache; TWh/year -> MWh; raw/calorific provenance still pending","PENDING_ACCEPTED_COUNTRY_NODE_WEIGHTS","PENDING_ACCEPTED_SHAPE_AND_PHYSICAL_WEIGHTS","false","false","FIXED","MISSING","REPRESENTATION_ACCEPTED_NUMERIC_PENDING","No agriculture technology model; retain each original fuel; cache zero has no certified raw-zero evidence","MY:2019:Agriculture:AgricultureFinalEnergy:coal","AgricultureFinalEnergy","true","true","false","CACHE_ZERO_UNVERIFIED","MY:coal","false","false","MY/agriculture coal","Agriculture","","","",""
"MY","2019","Agriculture","AgricultureFinalEnergy","electricity","EMBEDDED","663.934","Kilowatt-hours, million","663934.0","Astar","AgricultureFinalEnergy","EMBEDDED","/home/jin/research/SGP_ESE5004_Stage2/pypsa-asean/data/demand/unsd/data/UNdata_Export_20250502_110820872.txt","2019","12c99b3c40927449d9a4d0402f255a8b84b24917ff58e54efd4ec43b2125fe6b","Exact raw transaction; million kWh * 1000 = MWh; no losses or AEO scaling","PENDING_ACCEPTED_COUNTRY_NODE_WEIGHTS","PENDING_ACCEPTED_SHAPE_AND_PHYSICAL_WEIGHTS","true","false","FIXED","PENDING","REPRESENTATION_ACCEPTED_NUMERIC_PENDING","No agriculture technology model; retain each original fuel","MY:2019:Agriculture:AgricultureFinalEnergy:electricity","Astar","false","false","false","REPORTED_VALUE","MY:electricity","false","false","Consumption in agriculture, forestry and fishing; physical line end 55444","Agriculture","","","",""
"MY","2019","Agriculture","AgricultureFinalEnergy","oil","DIRECT_FUEL","10.2298","TWh/year","10229800.0","","AgricultureFinalEnergy","EXPLICIT","/home/jin/research/SGP_ESE5004_Stage2/pypsa-asean/resources/baseline-aims-3H-tutorial/energy_totals_base.csv","2019","af27beafc01cfb1920a23e632c05e858883a28efd9bbf94df3dfdba455fde261","Frozen derived cache; TWh/year -> MWh; raw/calorific provenance still pending","PENDING_ACCEPTED_COUNTRY_NODE_WEIGHTS","PENDING_ACCEPTED_SHAPE_AND_PHYSICAL_WEIGHTS","false","false","FIXED","FROZEN_UPSTREAM","REPRESENTATION_ACCEPTED_NUMERIC_PENDING","No agriculture technology model; retain each original fuel","MY:2019:Agriculture:AgricultureFinalEnergy:oil","AgricultureFinalEnergy","true","true","false","POSITIVE_CACHE_VALUE","MY:oil","false","false","MY/agriculture oil","Agriculture","","","",""
"MY","2019","Buildings","ResidentialCooking","mixed","EMBEDDED","","","","ResidentialDirectEnergy","ResidentialCooking","EMBEDDED","","2019","","","PENDING_ACCEPTED_COUNTRY_NODE_WEIGHTS","PENDING_ACCEPTED_SHAPE_AND_PHYSICAL_WEIGHTS","false","false","FIXED","EMBEDDED","REPRESENTATION_ACCEPTED_VALUES_NOT_DEFINED","No additional service obligation. Existing final electricity/fuel keeps ownership. Cooking is not space/water heat.","MY:2019:Buildings:ResidentialCooking:mixed","Astar_and_original_fuels","false","false","false","MISSING","MY:mixed","false","false","","Buildings","","","",""
"MY","2019","Buildings","ResidentialCooling","electricity","EMBEDDED","","","","ResidentialDirectEnergy","ResidentialCooling","EMBEDDED","","2019","","","PENDING_ACCEPTED_COUNTRY_NODE_WEIGHTS","PENDING_ACCEPTED_SHAPE_AND_PHYSICAL_WEIGHTS","true","false","FIXED","EMBEDDED","REPRESENTATION_ACCEPTED_VALUES_NOT_DEFINED","No additional service obligation. Existing final electricity/fuel keeps ownership. Cooking is not space/water heat.","MY:2019:Buildings:ResidentialCooling:electricity","Astar_and_original_fuels","false","false","false","MISSING","MY:electricity","false","false","","Buildings","","","",""
"MY","2019","Buildings","ResidentialDirectElectricity","electricity","DIRECT_ELECTRICITY","31570.164","Kilowatt-hours, million","31570164.0","Astar","ResidentialDirectElectricity","EMBEDDED","/home/jin/research/SGP_ESE5004_Stage2/pypsa-asean/data/demand/unsd/data/UNdata_Export_20250502_110820872.txt","2019","12c99b3c40927449d9a4d0402f255a8b84b24917ff58e54efd4ec43b2125fe6b","Exact raw transaction; million kWh * 1000 = MWh; no losses or AEO scaling","PENDING_ACCEPTED_COUNTRY_NODE_WEIGHTS","PENDING_ACCEPTED_SHAPE_AND_PHYSICAL_WEIGHTS","true","false","FIXED","PENDING","REPRESENTATION_ACCEPTED_NUMERIC_PENDING","Separate R/S identity retained in Astar; no second electricity Load; numeric decomposition is unaccepted","MY:2019:Buildings:ResidentialDirectElectricity:electricity","Astar","false","false","false","REPORTED_VALUE","MY:electricity","false","false","Consumption by households; physical line end 55429","Buildings","","","",""
"MY","2019","Buildings","ResidentialFuel","biomass","DIRECT_FUEL","5.7866","TWh/year","5786600.0","","ResidentialFuel","EXPLICIT","/home/jin/research/SGP_ESE5004_Stage2/pypsa-asean/resources/baseline-aims-3H-tutorial/energy_totals_base.csv","2019","af27beafc01cfb1920a23e632c05e858883a28efd9bbf94df3dfdba455fde261","Frozen derived cache; TWh/year -> MWh; raw/calorific provenance still pending","PENDING_ACCEPTED_COUNTRY_NODE_WEIGHTS","PENDING_ACCEPTED_SHAPE_AND_PHYSICAL_WEIGHTS","false","false","FIXED","FROZEN_UPSTREAM","REPRESENTATION_ACCEPTED_NUMERIC_PENDING","Fixed final fuel; no useful-heat inference; cooking remains within original fuel. Coal not recast as electricity.","MY:2019:Buildings:ResidentialFuel:biomass","ResidentialFuel","true","true","false","POSITIVE_CACHE_VALUE","MY:biomass","false","false","MY/residential biomass","Buildings","","","",""
"MY","2019","Buildings","ResidentialFuel","coal","DIRECT_FUEL","","TWh/year","","","ResidentialFuel","EXPLICIT","/home/jin/research/SGP_ESE5004_Stage2/pypsa-asean/resources/baseline-aims-3H-tutorial/energy_totals_base.csv","2019","af27beafc01cfb1920a23e632c05e858883a28efd9bbf94df3dfdba455fde261","Frozen derived cache; TWh/year -> MWh; raw/calorific provenance still pending","PENDING_ACCEPTED_COUNTRY_NODE_WEIGHTS","PENDING_ACCEPTED_SHAPE_AND_PHYSICAL_WEIGHTS","false","false","FIXED","MISSING","REPRESENTATION_ACCEPTED_NUMERIC_PENDING","Fixed final fuel; no useful-heat inference; cooking remains within original fuel. Coal not recast as electricity.; cache has no original R/S coal column; source recovery required","MY:2019:Buildings:ResidentialFuel:coal","ResidentialFuel","true","true","false","MISSING","MY:coal","false","false","MY/residential coal","Buildings","","","",""
"MY","2019","Buildings","ResidentialFuel","gas","DIRECT_FUEL","0.0078","TWh/year","7800.0","","ResidentialFuel","EXPLICIT","/home/jin/research/SGP_ESE5004_Stage2/pypsa-asean/resources/baseline-aims-3H-tutorial/energy_totals_base.csv","2019","af27beafc01cfb1920a23e632c05e858883a28efd9bbf94df3dfdba455fde261","Frozen derived cache; TWh/year -> MWh; raw/calorific provenance still pending","PENDING_ACCEPTED_COUNTRY_NODE_WEIGHTS","PENDING_ACCEPTED_SHAPE_AND_PHYSICAL_WEIGHTS","false","false","FIXED","FROZEN_UPSTREAM","REPRESENTATION_ACCEPTED_NUMERIC_PENDING","Fixed final fuel; no useful-heat inference; cooking remains within original fuel. Coal not recast as electricity.","MY:2019:Buildings:ResidentialFuel:gas","ResidentialFuel","true","true","false","POSITIVE_CACHE_VALUE","MY:gas","false","false","MY/residential gas","Buildings","","","",""
"MY","2019","Buildings","ResidentialFuel","oil","DIRECT_FUEL","9.6052","TWh/year","9605200.0","","ResidentialFuel","EXPLICIT","/home/jin/research/SGP_ESE5004_Stage2/pypsa-asean/resources/baseline-aims-3H-tutorial/energy_totals_base.csv","2019","af27beafc01cfb1920a23e632c05e858883a28efd9bbf94df3dfdba455fde261","Frozen derived cache; TWh/year -> MWh; raw/calorific provenance still pending","PENDING_ACCEPTED_COUNTRY_NODE_WEIGHTS","PENDING_ACCEPTED_SHAPE_AND_PHYSICAL_WEIGHTS","false","false","FIXED","FROZEN_UPSTREAM","REPRESENTATION_ACCEPTED_NUMERIC_PENDING","Fixed final fuel; no useful-heat inference; cooking remains within original fuel. Coal not recast as electricity.","MY:2019:Buildings:ResidentialFuel:oil","ResidentialFuel","true","true","false","POSITIVE_CACHE_VALUE","MY:oil","false","false","MY/residential oil","Buildings","","","",""
"MY","2019","Buildings","ResidentialSpaceHeat","mixed","EMBEDDED","","","","ResidentialDirectEnergy","ResidentialSpaceHeat","EMBEDDED","","2019","","","PENDING_ACCEPTED_COUNTRY_NODE_WEIGHTS","PENDING_ACCEPTED_SHAPE_AND_PHYSICAL_WEIGHTS","false","false","FIXED","EMBEDDED","REPRESENTATION_ACCEPTED_VALUES_NOT_DEFINED","No additional service obligation. Existing final electricity/fuel keeps ownership. Cooking is not space/water heat.","MY:2019:Buildings:ResidentialSpaceHeat:mixed","Astar_and_original_fuels","false","false","false","MISSING","MY:mixed","false","false","","Buildings","","","",""
"MY","2019","Buildings","ResidentialWaterHeat","mixed","EMBEDDED","","","","ResidentialDirectEnergy","ResidentialWaterHeat","EMBEDDED","","2019","","","PENDING_ACCEPTED_COUNTRY_NODE_WEIGHTS","PENDING_ACCEPTED_SHAPE_AND_PHYSICAL_WEIGHTS","false","false","FIXED","EMBEDDED","REPRESENTATION_ACCEPTED_VALUES_NOT_DEFINED","No additional service obligation. Existing final electricity/fuel keeps ownership. Cooking is not space/water heat.","MY:2019:Buildings:ResidentialWaterHeat:mixed","Astar_and_original_fuels","false","false","false","MISSING","MY:mixed","false","false","","Buildings","","","",""
"MY","2019","Buildings","ServicesCooking","mixed","EMBEDDED","","","","ServicesDirectEnergy","ServicesCooking","EMBEDDED","","2019","","","PENDING_ACCEPTED_COUNTRY_NODE_WEIGHTS","PENDING_ACCEPTED_SHAPE_AND_PHYSICAL_WEIGHTS","false","false","FIXED","EMBEDDED","REPRESENTATION_ACCEPTED_VALUES_NOT_DEFINED","No additional service obligation. Existing final electricity/fuel keeps ownership. Cooking is not space/water heat.","MY:2019:Buildings:ServicesCooking:mixed","Astar_and_original_fuels","false","false","false","MISSING","MY:mixed","false","false","","Buildings","","","",""
"MY","2019","Buildings","ServicesCooling","electricity","EMBEDDED","","","","ServicesDirectEnergy","ServicesCooling","EMBEDDED","","2019","","","PENDING_ACCEPTED_COUNTRY_NODE_WEIGHTS","PENDING_ACCEPTED_SHAPE_AND_PHYSICAL_WEIGHTS","true","false","FIXED","EMBEDDED","REPRESENTATION_ACCEPTED_VALUES_NOT_DEFINED","No additional service obligation. Existing final electricity/fuel keeps ownership. Cooking is not space/water heat.","MY:2019:Buildings:ServicesCooling:electricity","Astar_and_original_fuels","false","false","false","MISSING","MY:electricity","false","false","","Buildings","","","",""
"MY","2019","Buildings","ServicesDirectElectricity","electricity","DIRECT_ELECTRICITY","47517.709","Kilowatt-hours, million","47517709.0","Astar","ServicesDirectElectricity","EMBEDDED","/home/jin/research/SGP_ESE5004_Stage2/pypsa-asean/data/demand/unsd/data/UNdata_Export_20250502_110820872.txt","2019","12c99b3c40927449d9a4d0402f255a8b84b24917ff58e54efd4ec43b2125fe6b","Exact raw transaction; million kWh * 1000 = MWh; no losses or AEO scaling","PENDING_ACCEPTED_COUNTRY_NODE_WEIGHTS","PENDING_ACCEPTED_SHAPE_AND_PHYSICAL_WEIGHTS","true","false","FIXED","PENDING","REPRESENTATION_ACCEPTED_NUMERIC_PENDING","Separate R/S identity retained in Astar; no second electricity Load; numeric decomposition is unaccepted","MY:2019:Buildings:ServicesDirectElectricity:electricity","Astar","false","false","false","REPORTED_VALUE","MY:electricity","false","false","Consumption by commercial and public services; physical line end 55459","Buildings","","","",""
"MY","2019","Buildings","ServicesFuel","biomass","DIRECT_FUEL","0.0","TWh/year","","","ServicesFuel","EXPLICIT","/home/jin/research/SGP_ESE5004_Stage2/pypsa-asean/resources/baseline-aims-3H-tutorial/energy_totals_base.csv","2019","af27beafc01cfb1920a23e632c05e858883a28efd9bbf94df3dfdba455fde261","Frozen derived cache; TWh/year -> MWh; raw/calorific provenance still pending","PENDING_ACCEPTED_COUNTRY_NODE_WEIGHTS","PENDING_ACCEPTED_SHAPE_AND_PHYSICAL_WEIGHTS","false","false","FIXED","MISSING","REPRESENTATION_ACCEPTED_NUMERIC_PENDING","Fixed final fuel; no useful-heat inference; cooking remains within original fuel. Coal not recast as electricity.; cache zero has no certified raw-zero evidence","MY:2019:Buildings:ServicesFuel:biomass","ServicesFuel","true","true","false","CACHE_ZERO_UNVERIFIED","MY:biomass","false","false","MY/services biomass","Buildings","","","",""
"MY","2019","Buildings","ServicesFuel","coal","DIRECT_FUEL","","TWh/year","","","ServicesFuel","EXPLICIT","/home/jin/research/SGP_ESE5004_Stage2/pypsa-asean/resources/baseline-aims-3H-tutorial/energy_totals_base.csv","2019","af27beafc01cfb1920a23e632c05e858883a28efd9bbf94df3dfdba455fde261","Frozen derived cache; TWh/year -> MWh; raw/calorific provenance still pending","PENDING_ACCEPTED_COUNTRY_NODE_WEIGHTS","PENDING_ACCEPTED_SHAPE_AND_PHYSICAL_WEIGHTS","false","false","FIXED","MISSING","REPRESENTATION_ACCEPTED_NUMERIC_PENDING","Fixed final fuel; no useful-heat inference; cooking remains within original fuel. Coal not recast as electricity.; cache has no original R/S coal column; source recovery required","MY:2019:Buildings:ServicesFuel:coal","ServicesFuel","true","true","false","MISSING","MY:coal","false","false","MY/services coal","Buildings","","","",""
"MY","2019","Buildings","ServicesFuel","gas","DIRECT_FUEL","0.3005","TWh/year","300500.0","","ServicesFuel","EXPLICIT","/home/jin/research/SGP_ESE5004_Stage2/pypsa-asean/resources/baseline-aims-3H-tutorial/energy_totals_base.csv","2019","af27beafc01cfb1920a23e632c05e858883a28efd9bbf94df3dfdba455fde261","Frozen derived cache; TWh/year -> MWh; raw/calorific provenance still pending","PENDING_ACCEPTED_COUNTRY_NODE_WEIGHTS","PENDING_ACCEPTED_SHAPE_AND_PHYSICAL_WEIGHTS","false","false","FIXED","FROZEN_UPSTREAM","REPRESENTATION_ACCEPTED_NUMERIC_PENDING","Fixed final fuel; no useful-heat inference; cooking remains within original fuel. Coal not recast as electricity.","MY:2019:Buildings:ServicesFuel:gas","ServicesFuel","true","true","false","POSITIVE_CACHE_VALUE","MY:gas","false","false","MY/services gas","Buildings","","","",""
"MY","2019","Buildings","ServicesFuel","oil","DIRECT_FUEL","8.8809","TWh/year","8880900.0","","ServicesFuel","EXPLICIT","/home/jin/research/SGP_ESE5004_Stage2/pypsa-asean/resources/baseline-aims-3H-tutorial/energy_totals_base.csv","2019","af27beafc01cfb1920a23e632c05e858883a28efd9bbf94df3dfdba455fde261","Frozen derived cache; TWh/year -> MWh; raw/calorific provenance still pending","PENDING_ACCEPTED_COUNTRY_NODE_WEIGHTS","PENDING_ACCEPTED_SHAPE_AND_PHYSICAL_WEIGHTS","false","false","FIXED","FROZEN_UPSTREAM","REPRESENTATION_ACCEPTED_NUMERIC_PENDING","Fixed final fuel; no useful-heat inference; cooking remains within original fuel. Coal not recast as electricity.","MY:2019:Buildings:ServicesFuel:oil","ServicesFuel","true","true","false","POSITIVE_CACHE_VALUE","MY:oil","false","false","MY/services oil","Buildings","","","",""
"MY","2019","Buildings","ServicesSpaceHeat","mixed","EMBEDDED","","","","ServicesDirectEnergy","ServicesSpaceHeat","EMBEDDED","","2019","","","PENDING_ACCEPTED_COUNTRY_NODE_WEIGHTS","PENDING_ACCEPTED_SHAPE_AND_PHYSICAL_WEIGHTS","false","false","FIXED","EMBEDDED","REPRESENTATION_ACCEPTED_VALUES_NOT_DEFINED","No additional service obligation. Existing final electricity/fuel keeps ownership. Cooking is not space/water heat.","MY:2019:Buildings:ServicesSpaceHeat:mixed","Astar_and_original_fuels","false","false","false","MISSING","MY:mixed","false","false","","Buildings","","","",""
"MY","2019","Buildings","ServicesWaterHeat","mixed","EMBEDDED","","","","ServicesDirectEnergy","ServicesWaterHeat","EMBEDDED","","2019","","","PENDING_ACCEPTED_COUNTRY_NODE_WEIGHTS","PENDING_ACCEPTED_SHAPE_AND_PHYSICAL_WEIGHTS","false","false","FIXED","EMBEDDED","REPRESENTATION_ACCEPTED_VALUES_NOT_DEFINED","No additional service obligation. Existing final electricity/fuel keeps ownership. Cooking is not space/water heat.","MY:2019:Buildings:ServicesWaterHeat:mixed","Astar_and_original_fuels","false","false","false","MISSING","MY:mixed","false","false","","Buildings","","","",""
"MY","2019","Bunker","InternationalAviationBunker","oil","BUNKER_FUEL","29.6543","TWh/year","29654300.0","","InternationalAviationBunker","EXPLICIT","/home/jin/research/SGP_ESE5004_Stage2/pypsa-asean/resources/baseline-aims-3H-tutorial/energy_totals_base.csv","2019","af27beafc01cfb1920a23e632c05e858883a28efd9bbf94df3dfdba455fde261","Frozen derived cache; TWh/year -> MWh; raw/calorific provenance still pending","PENDING_ACCEPTED_COUNTRY_NODE_WEIGHTS","PENDING_ACCEPTED_SHAPE_AND_PHYSICAL_WEIGHTS","false","false","FIXED","FROZEN_UPSTREAM","REPRESENTATION_ACCEPTED_NUMERIC_PENDING","FIXED fuel obligation; FT is later endogenous supply. Review status: EXACT_SELECTED_CACHE_MATCH","MY:2019:Bunker:InternationalAviationBunker:oil","InternationalAviationBunker","true","true","false","POSITIVE_CACHE_VALUE","MY:oil","false","false","MY/total international aviation; bunker_review.json MY/InternationalAviationBunkerFuel","bunker","","","",""
"MY","2019","Bunker","InternationalShippingBunker","oil","BUNKER_FUEL","4.6361","TWh/year","4636100.0","","InternationalShippingBunker","EXPLICIT","/home/jin/research/SGP_ESE5004_Stage2/pypsa-asean/resources/baseline-aims-3H-tutorial/energy_totals_base.csv","2019","af27beafc01cfb1920a23e632c05e858883a28efd9bbf94df3dfdba455fde261","Frozen derived cache; TWh/year -> MWh; raw/calorific provenance still pending","PENDING_ACCEPTED_COUNTRY_NODE_WEIGHTS","PENDING_ACCEPTED_SHAPE_AND_PHYSICAL_WEIGHTS","false","false","FIXED","FROZEN_UPSTREAM","REPRESENTATION_ACCEPTED_NUMERIC_PENDING","FIXED fuel obligation; FT is later endogenous supply. Review status: EXACT_SELECTED_CACHE_MATCH","MY:2019:Bunker:InternationalShippingBunker:oil","InternationalShippingBunker","true","true","false","POSITIVE_CACHE_VALUE","MY:oil","false","false","MY/total international navigation; bunker_review.json MY/InternationalShippingBunkerFuel","bunker","","","",""
"MY","2019","Conversion","EVIfConversion","electricity","ENDOGENOUS_CONVERSION_INPUT","","","","","EVIfConversion","CONTRACT_ONLY","","2019","","","PENDING_ACCEPTED_COUNTRY_NODE_WEIGHTS","PENDING_ACCEPTED_SHAPE_AND_PHYSICAL_WEIGHTS","false","false","ENDOGENOUS","PENDING","REPRESENTATION_ACCEPTED_NUMERIC_PENDING","No predetermined demand or Load; future accepted conversion Link owns its electricity input","MY:2019:Conversion:EVIfConversion:electricity","EVIfConversion","false","false","false","MISSING","MY:electricity","false","false","","electricity","","","",""
"MY","2019","Conversion","Electrolysis","electricity","ENDOGENOUS_CONVERSION_INPUT","","","","","Electrolysis","CONTRACT_ONLY","","2019","","","PENDING_ACCEPTED_COUNTRY_NODE_WEIGHTS","PENDING_ACCEPTED_SHAPE_AND_PHYSICAL_WEIGHTS","false","false","ENDOGENOUS","PENDING","REPRESENTATION_ACCEPTED_NUMERIC_PENDING","No predetermined demand or Load; future accepted conversion Link owns its electricity input","MY:2019:Conversion:Electrolysis:electricity","Electrolysis","false","false","false","MISSING","MY:electricity","false","false","","electricity","","","",""
"MY","2019","Conversion","FischerTropsch","electricity","ENDOGENOUS_CONVERSION_INPUT","","","","","FischerTropsch","CONTRACT_ONLY","","2019","","","PENDING_ACCEPTED_COUNTRY_NODE_WEIGHTS","PENDING_ACCEPTED_SHAPE_AND_PHYSICAL_WEIGHTS","false","false","ENDOGENOUS","PENDING","REPRESENTATION_ACCEPTED_NUMERIC_PENDING","No predetermined demand or Load; future accepted conversion Link owns its electricity input","MY:2019:Conversion:FischerTropsch:electricity","FischerTropsch","false","false","false","MISSING","MY:electricity","false","false","","electricity","","","",""
"MY","2019","Conversion","HeatPump","electricity","ENDOGENOUS_CONVERSION_INPUT","","","","","HeatPump","CONTRACT_ONLY","","2019","","","PENDING_ACCEPTED_COUNTRY_NODE_WEIGHTS","PENDING_ACCEPTED_SHAPE_AND_PHYSICAL_WEIGHTS","false","false","ENDOGENOUS","PENDING","REPRESENTATION_ACCEPTED_NUMERIC_PENDING","No predetermined demand or Load; future accepted conversion Link owns its electricity input","MY:2019:Conversion:HeatPump:electricity","HeatPump","false","false","false","MISSING","MY:electricity","false","false","","electricity","","","",""
"MY","2019","Conversion","ResistiveHeating","electricity","ENDOGENOUS_CONVERSION_INPUT","","","","","ResistiveHeating","CONTRACT_ONLY","","2019","","","PENDING_ACCEPTED_COUNTRY_NODE_WEIGHTS","PENDING_ACCEPTED_SHAPE_AND_PHYSICAL_WEIGHTS","false","false","ENDOGENOUS","PENDING","REPRESENTATION_ACCEPTED_NUMERIC_PENDING","No predetermined demand or Load; future accepted conversion Link owns its electricity input","MY:2019:Conversion:ResistiveHeating:electricity","ResistiveHeating","false","false","false","MISSING","MY:electricity","false","false","","electricity","","","",""
"MY","2019","Electricity","Astar","electricity","DIRECT_ELECTRICITY","158709.264","Kilowatt-hours, million","158709264.0","","Astar","EXPLICIT","/home/jin/research/SGP_ESE5004_Stage2/pypsa-asean/data/demand/unsd/data/UNdata_Export_20250502_110820872.txt","2019","12c99b3c40927449d9a4d0402f255a8b84b24917ff58e54efd4ec43b2125fe6b","Exact raw transaction; million kWh * 1000 = MWh; no losses or AEO scaling","PENDING_ACCEPTED_COUNTRY_NODE_WEIGHTS","PENDING_ACCEPTED_SHAPE_AND_PHYSICAL_WEIGHTS","true","false","FIXED","PENDING","REPRESENTATION_ACCEPTED_NUMERIC_PENDING","End-user final electricity before any accepted transfers; future conversion inputs excluded","MY:2019:Electricity:Astar:electricity","Astar","true","true","false","REPORTED_VALUE","MY:electricity","false","false","Final energy consumption; physical line end 55326","electricity","158709264.0","0.0","158709264.0","158709264.0"
"MY","2019","Industry","IndustryCacheElectricityReference","electricity","DIRECT_FUEL","78479700","MWh/year","78479700.0","","IndustryCacheElectricityReference","REFERENCE","/home/jin/research/SGP_ESE5004_Stage2/pypsa-asean/resources/baseline-aims-3H-tutorial/demand/base_industry_totals_2030.csv","2019","c62e8edab8451f93a4273f9214e6259306ea7e01a6ba9c85e7b7db48978aa404","Frozen derived cache; MWh/year -> MWh; raw/calorific provenance still pending","PENDING_ACCEPTED_COUNTRY_NODE_WEIGHTS","PENDING_ACCEPTED_SHAPE_AND_PHYSICAL_WEIGHTS","false","false","FIXED","REFERENCE_ONLY","REPRESENTATION_ACCEPTED_NUMERIC_PENDING","Base 2019 country/carrier sum of 13 cached industries; pre-NH3 deduction; raw calorific/feedstock boundary pending","MY:2019:Industry:IndustryCacheElectricityReference:electricity","IndustryCacheElectricityReference","false","false","false","POSITIVE_CACHE_VALUE","MY:electricity","false","false","MY/electricity; sum 13 columns","Industry","","","",""
"MY","2019","Industry","IndustryDirectElectricity","electricity","DIRECT_ELECTRICITY","78479.7","Kilowatt-hours, million","78479700.0","Astar","IndustryDirectElectricity","EMBEDDED","/home/jin/research/SGP_ESE5004_Stage2/pypsa-asean/data/demand/unsd/data/UNdata_Export_20250502_110820872.txt","2019","12c99b3c40927449d9a4d0402f255a8b84b24917ff58e54efd4ec43b2125fe6b","Exact raw transaction; million kWh * 1000 = MWh; no losses or AEO scaling","PENDING_ACCEPTED_COUNTRY_NODE_WEIGHTS","PENDING_ACCEPTED_SHAPE_AND_PHYSICAL_WEIGHTS","true","false","FIXED","PENDING","REPRESENTATION_ACCEPTED_NUMERIC_PENDING","Industrial final electricity stays inside Astar; no second industry Load. No process/service conversion","MY:2019:Industry:IndustryDirectElectricity:electricity","Astar","false","false","false","REPORTED_VALUE","MY:electricity","false","false","Consumption by manufacturing, construction and non-fuel industry; physical line end 55341","Industry","","","",""
"MY","2019","Industry","IndustryFuel","biomass","DIRECT_FUEL","12435.200000000001","MWh/year","12435.2","","IndustryFuel","EXPLICIT","/home/jin/research/SGP_ESE5004_Stage2/pypsa-asean/resources/baseline-aims-3H-tutorial/demand/base_industry_totals_2030.csv","2019","c62e8edab8451f93a4273f9214e6259306ea7e01a6ba9c85e7b7db48978aa404","Frozen derived cache; MWh/year -> MWh; raw/calorific provenance still pending","PENDING_ACCEPTED_COUNTRY_NODE_WEIGHTS","PENDING_ACCEPTED_SHAPE_AND_PHYSICAL_WEIGHTS","false","false","FIXED","FROZEN_UPSTREAM","REPRESENTATION_ACCEPTED_NUMERIC_PENDING","Base 2019 country/carrier sum of 13 cached industries; pre-NH3 deduction; raw calorific/feedstock boundary pending","MY:2019:Industry:IndustryFuel:biomass","IndustryFuel","true","true","false","POSITIVE_CACHE_VALUE","MY:biomass","false","false","MY/biomass; sum 13 columns","Industry","","","",""
"MY","2019","Industry","IndustryFuel","coal","DIRECT_FUEL","13223357.230333334","MWh/year","13223357.230333334","","IndustryFuel","EXPLICIT","/home/jin/research/SGP_ESE5004_Stage2/pypsa-asean/resources/baseline-aims-3H-tutorial/demand/base_industry_totals_2030.csv","2019","c62e8edab8451f93a4273f9214e6259306ea7e01a6ba9c85e7b7db48978aa404","Frozen derived cache; MWh/year -> MWh; raw/calorific provenance still pending","PENDING_ACCEPTED_COUNTRY_NODE_WEIGHTS","PENDING_ACCEPTED_SHAPE_AND_PHYSICAL_WEIGHTS","false","false","FIXED","FROZEN_UPSTREAM","REPRESENTATION_ACCEPTED_NUMERIC_PENDING","Base 2019 country/carrier sum of 13 cached industries; pre-NH3 deduction; raw calorific/feedstock boundary pending; MISSING_ENERGY_OBLIGATION in upstream add_industry","MY:2019:Industry:IndustryFuel:coal","IndustryFuel","true","true","false","POSITIVE_CACHE_VALUE","MY:coal","false","true","MY/coal; sum 13 columns","Industry","","","",""
"MY","2019","Industry","IndustryFuel","gas","DIRECT_FUEL","99576760.555555552","MWh/year","99576760.55555555","","IndustryFuel","EXPLICIT","/home/jin/research/SGP_ESE5004_Stage2/pypsa-asean/resources/baseline-aims-3H-tutorial/demand/base_industry_totals_2030.csv","2019","c62e8edab8451f93a4273f9214e6259306ea7e01a6ba9c85e7b7db48978aa404","Frozen derived cache; MWh/year -> MWh; raw/calorific provenance still pending","PENDING_ACCEPTED_COUNTRY_NODE_WEIGHTS","PENDING_ACCEPTED_SHAPE_AND_PHYSICAL_WEIGHTS","false","false","FIXED","FROZEN_UPSTREAM","REPRESENTATION_ACCEPTED_NUMERIC_PENDING","Base 2019 country/carrier sum of 13 cached industries; pre-NH3 deduction; raw calorific/feedstock boundary pending","MY:2019:Industry:IndustryFuel:gas","IndustryFuel","true","true","false","POSITIVE_CACHE_VALUE","MY:gas","false","false","MY/gas; sum 13 columns","Industry","","","",""
"MY","2019","Industry","IndustryFuel","heat","DIRECT_FUEL","","MWh/year","","","IndustryFuel","PENDING","/home/jin/research/SGP_ESE5004_Stage2/pypsa-asean/resources/baseline-aims-3H-tutorial/demand/base_industry_totals_2030.csv","2019","c62e8edab8451f93a4273f9214e6259306ea7e01a6ba9c85e7b7db48978aa404","Frozen derived cache; MWh/year -> MWh; raw/calorific provenance still pending","PENDING_ACCEPTED_COUNTRY_NODE_WEIGHTS","PENDING_ACCEPTED_SHAPE_AND_PHYSICAL_WEIGHTS","false","false","FIXED","MISSING","REPRESENTATION_ACCEPTED_NUMERIC_PENDING","No accepted independent H2 or qualified heat service; no new service obligation","MY:2019:Industry:IndustryFuel:heat","IndustryFuel","false","false","false","MISSING","MY:heat","false","false","MY/heat; sum 13 columns","Industry","","","",""
"MY","2019","Industry","IndustryFuel","hydrogen","DIRECT_FUEL","","MWh/year","","","IndustryFuel","PENDING","/home/jin/research/SGP_ESE5004_Stage2/pypsa-asean/resources/baseline-aims-3H-tutorial/demand/base_industry_totals_2030.csv","2019","c62e8edab8451f93a4273f9214e6259306ea7e01a6ba9c85e7b7db48978aa404","Frozen derived cache; MWh/year -> MWh; raw/calorific provenance still pending","PENDING_ACCEPTED_COUNTRY_NODE_WEIGHTS","PENDING_ACCEPTED_SHAPE_AND_PHYSICAL_WEIGHTS","false","false","FIXED","MISSING","REPRESENTATION_ACCEPTED_NUMERIC_PENDING","No accepted independent H2 or qualified heat service; no new service obligation","MY:2019:Industry:IndustryFuel:hydrogen","IndustryFuel","false","false","false","MISSING","MY:hydrogen","false","false","MY/hydrogen; sum 13 columns","Industry","","","",""
"MY","2019","Industry","IndustryFuel","oil","DIRECT_FUEL","32712935.620000005","MWh/year","32712935.620000005","","IndustryFuel","EXPLICIT","/home/jin/research/SGP_ESE5004_Stage2/pypsa-asean/resources/baseline-aims-3H-tutorial/demand/base_industry_totals_2030.csv","2019","c62e8edab8451f93a4273f9214e6259306ea7e01a6ba9c85e7b7db48978aa404","Frozen derived cache; MWh/year -> MWh; raw/calorific provenance still pending","PENDING_ACCEPTED_COUNTRY_NODE_WEIGHTS","PENDING_ACCEPTED_SHAPE_AND_PHYSICAL_WEIGHTS","false","false","FIXED","FROZEN_UPSTREAM","REPRESENTATION_ACCEPTED_NUMERIC_PENDING","Base 2019 country/carrier sum of 13 cached industries; pre-NH3 deduction; raw calorific/feedstock boundary pending","MY:2019:Industry:IndustryFuel:oil","IndustryFuel","true","true","false","POSITIVE_CACHE_VALUE","MY:oil","false","false","MY/oil; sum 13 columns","Industry","","","",""
"MY","2019","Transport","DomesticAviationFuel","oil","DIRECT_FUEL","9.0649","TWh/year","9064900.0","","DomesticAviationFuel","EXPLICIT","/home/jin/research/SGP_ESE5004_Stage2/pypsa-asean/resources/baseline-aims-3H-tutorial/energy_totals_base.csv","2019","af27beafc01cfb1920a23e632c05e858883a28efd9bbf94df3dfdba455fde261","Frozen derived cache; TWh/year -> MWh; raw/calorific provenance still pending","PENDING_ACCEPTED_COUNTRY_NODE_WEIGHTS","PENDING_ACCEPTED_SHAPE_AND_PHYSICAL_WEIGHTS","false","false","FIXED","FROZEN_UPSTREAM","REPRESENTATION_ACCEPTED_NUMERIC_PENDING","FIXED fuel obligation; FT is later endogenous supply. Review status: EXACT_SELECTED_CACHE_MATCH","MY:2019:Transport:DomesticAviationFuel:oil","DomesticAviationFuel","true","true","false","POSITIVE_CACHE_VALUE","MY:oil","false","false","MY/total domestic aviation; bunker_review.json MY/DomesticAviationFuel","bunker","","","",""
"MY","2019","Transport","DomesticShippingFuel","oil","DIRECT_FUEL","0.0","TWh/year","","","DomesticShippingFuel","EXPLICIT","/home/jin/research/SGP_ESE5004_Stage2/pypsa-asean/resources/baseline-aims-3H-tutorial/energy_totals_base.csv","2019","af27beafc01cfb1920a23e632c05e858883a28efd9bbf94df3dfdba455fde261","Frozen derived cache; TWh/year -> MWh; raw/calorific provenance still pending","PENDING_ACCEPTED_COUNTRY_NODE_WEIGHTS","PENDING_ACCEPTED_SHAPE_AND_PHYSICAL_WEIGHTS","false","false","FIXED","MISSING","REPRESENTATION_ACCEPTED_NUMERIC_PENDING","FIXED fuel obligation; FT is later endogenous supply. Review status: ZERO_WITHOUT_EXACT_SELECTED_RAW; cache zero has no certified raw-zero evidence","MY:2019:Transport:DomesticShippingFuel:oil","DomesticShippingFuel","true","true","false","CACHE_ZERO_UNVERIFIED","MY:oil","false","false","MY/total domestic navigation; bunker_review.json MY/DomesticShippingFuel","bunker","","","",""
"MY","2019","Transport","HistoricalRoadElectricity","electricity","DIRECT_ELECTRICITY","0.0","TWh/year","","Astar","HistoricalRoadElectricity","EMBEDDED","/home/jin/research/SGP_ESE5004_Stage2/pypsa-asean/resources/baseline-aims-3H-tutorial/energy_totals_base.csv","2019","af27beafc01cfb1920a23e632c05e858883a28efd9bbf94df3dfdba455fde261","Frozen derived cache; TWh/year -> MWh; raw/calorific provenance still pending","PENDING_ACCEPTED_COUNTRY_NODE_WEIGHTS","PENDING_ACCEPTED_SHAPE_AND_PHYSICAL_WEIGHTS","true","false","FIXED","MISSING","REPRESENTATION_ACCEPTED_NUMERIC_PENDING","Historical EV membership/quantity pending; retain any such energy inside Astar; no transfer performed; cache zero has no certified raw-zero evidence","MY:2019:Transport:HistoricalRoadElectricity:electricity","Astar","false","false","false","CACHE_ZERO_UNVERIFIED","MY:electricity","false","false","MY/road electricity","Transport","","","",""
"MY","2019","Transport","RailElectricity","electricity","EMBEDDED","477.757","Kilowatt-hours, million","477757.0","Astar","RailElectricity","EMBEDDED","/home/jin/research/SGP_ESE5004_Stage2/pypsa-asean/data/demand/unsd/data/UNdata_Export_20250502_110820872.txt","2019","12c99b3c40927449d9a4d0402f255a8b84b24917ff58e54efd4ec43b2125fe6b","Exact raw transaction; million kWh * 1000 = MWh; no losses or AEO scaling","PENDING_ACCEPTED_COUNTRY_NODE_WEIGHTS","PENDING_ACCEPTED_SHAPE_AND_PHYSICAL_WEIGHTS","true","false","FIXED","PENDING","REPRESENTATION_ACCEPTED_NUMERIC_PENDING","Rail electricity occurs only within Astar; no independent rail Load","MY:2019:Transport:RailElectricity:electricity","Astar","false","false","false","REPORTED_VALUE","MY:electricity","false","false","Consumption by rail; physical line end 55400","Transport","","","",""
"MY","2019","Transport","RailFinalEnergyReference","mixed","DIRECT_FUEL","0.4778","TWh/year","477800.0","","RailFinalEnergyReference","REFERENCE","/home/jin/research/SGP_ESE5004_Stage2/pypsa-asean/resources/baseline-aims-3H-tutorial/energy_totals_base.csv","2019","af27beafc01cfb1920a23e632c05e858883a28efd9bbf94df3dfdba455fde261","Frozen derived cache; TWh/year -> MWh; raw/calorific provenance still pending","PENDING_ACCEPTED_COUNTRY_NODE_WEIGHTS","PENDING_ACCEPTED_SHAPE_AND_PHYSICAL_WEIGHTS","false","false","FIXED","FROZEN_UPSTREAM","REPRESENTATION_ACCEPTED_NUMERIC_PENDING","Reference total only; fuel decomposition pending; no independent rail Load","MY:2019:Transport:RailFinalEnergyReference:mixed","RailFinalEnergyReference","false","false","false","POSITIVE_CACHE_VALUE","MY:mixed","false","false","MY/total rail","Transport","","","",""
"MY","2019","Transport","RoadParentFinalEnergy","all_final_energy","DIRECT_FUEL","263.4454","TWh/year","263445400.0","","RoadParentFinalEnergy","REFERENCE","/home/jin/research/SGP_ESE5004_Stage2/pypsa-asean/resources/baseline-aims-3H-tutorial/energy_totals_base.csv","2019","af27beafc01cfb1920a23e632c05e858883a28efd9bbf94df3dfdba455fde261","Frozen derived cache; TWh/year -> MWh; raw/calorific provenance still pending","PENDING_ACCEPTED_COUNTRY_NODE_WEIGHTS","PENDING_ACCEPTED_SHAPE_AND_PHYSICAL_WEIGHTS","false","false","FIXED","FROZEN_UPSTREAM","REPRESENTATION_ACCEPTED_NUMERIC_PENDING","Independent cached final-energy control, not an extra fuel Load; EV share not accepted","MY:2019:Transport:RoadParentFinalEnergy:all_final_energy","RoadParentFinalEnergy","false","false","false","POSITIVE_CACHE_VALUE","MY:all_final_energy","false","false","MY/total road","Transport","","","",""
"MY","2019","Transport","RoadResidualFuel","biomass","DIRECT_FUEL","7.5392","TWh/year","7539200.0","","RoadResidualFuel","EXPLICIT","/home/jin/research/SGP_ESE5004_Stage2/pypsa-asean/resources/baseline-aims-3H-tutorial/energy_totals_base.csv","2019","af27beafc01cfb1920a23e632c05e858883a28efd9bbf94df3dfdba455fde261","Frozen derived cache; TWh/year -> MWh; raw/calorific provenance still pending","PENDING_ACCEPTED_COUNTRY_NODE_WEIGHTS","PENDING_ACCEPTED_SHAPE_AND_PHYSICAL_WEIGHTS","false","false","FIXED","FROZEN_UPSTREAM","REPRESENTATION_ACCEPTED_NUMERIC_PENDING","Base-year carrier observation; future residual vector requires accepted energy share and fuel composition","MY:2019:Transport:RoadResidualFuel:biomass","RoadResidualFuel","true","true","false","POSITIVE_CACHE_VALUE","MY:biomass","false","false","MY/road biomass","Transport","","","",""
"MY","2019","Transport","RoadResidualFuel","gas","DIRECT_FUEL","1.2726","TWh/year","1272600.0","","RoadResidualFuel","EXPLICIT","/home/jin/research/SGP_ESE5004_Stage2/pypsa-asean/resources/baseline-aims-3H-tutorial/energy_totals_base.csv","2019","af27beafc01cfb1920a23e632c05e858883a28efd9bbf94df3dfdba455fde261","Frozen derived cache; TWh/year -> MWh; raw/calorific provenance still pending","PENDING_ACCEPTED_COUNTRY_NODE_WEIGHTS","PENDING_ACCEPTED_SHAPE_AND_PHYSICAL_WEIGHTS","false","false","FIXED","FROZEN_UPSTREAM","REPRESENTATION_ACCEPTED_NUMERIC_PENDING","Base-year carrier observation; future residual vector requires accepted energy share and fuel composition","MY:2019:Transport:RoadResidualFuel:gas","RoadResidualFuel","true","true","false","POSITIVE_CACHE_VALUE","MY:gas","false","false","MY/road gas","Transport","","","",""
"MY","2019","Transport","RoadResidualFuel","oil","DIRECT_FUEL","254.6336","TWh/year","254633600.0","","RoadResidualFuel","EXPLICIT","/home/jin/research/SGP_ESE5004_Stage2/pypsa-asean/resources/baseline-aims-3H-tutorial/energy_totals_base.csv","2019","af27beafc01cfb1920a23e632c05e858883a28efd9bbf94df3dfdba455fde261","Frozen derived cache; TWh/year -> MWh; raw/calorific provenance still pending","PENDING_ACCEPTED_COUNTRY_NODE_WEIGHTS","PENDING_ACCEPTED_SHAPE_AND_PHYSICAL_WEIGHTS","false","false","FIXED","FROZEN_UPSTREAM","REPRESENTATION_ACCEPTED_NUMERIC_PENDING","Base-year carrier observation; future residual vector requires accepted energy share and fuel composition","MY:2019:Transport:RoadResidualFuel:oil","RoadResidualFuel","true","true","false","POSITIVE_CACHE_VALUE","MY:oil","false","false","MY/road oil","Transport","","","",""
"MY","2019","Transport","TransportEmbeddedFuelParent","unclassified_fuel","UNCLASSIFIED","","","","","TransportEmbeddedFuelParent","EXPLICIT","","2019","","","PENDING_ACCEPTED_COUNTRY_NODE_WEIGHTS","PENDING_ACCEPTED_SHAPE_AND_PHYSICAL_WEIGHTS","false","false","FIXED","PENDING","REPRESENTATION_ACCEPTED_NUMERIC_PENDING","Rail fuel retained in one unresolved transport fuel parent; no extra rail oil Load or fabricated residual","MY:2019:Transport:TransportEmbeddedFuelParent:unclassified_fuel","TransportEmbeddedFuelParent","true","true","false","MISSING","","false","false","","Transport","","","",""
"MY","2030","Agriculture","AgricultureDirectElectricity","electricity","EMBEDDED","","","","Astar","AgricultureDirectElectricity","EMBEDDED","","2019","","","PENDING_ACCEPTED_COUNTRY_NODE_WEIGHTS","PENDING_ACCEPTED_SHAPE_AND_PHYSICAL_WEIGHTS","true","false","FIXED","PENDING","REPRESENTATION_ACCEPTED_NUMERIC_PENDING","Future direct electricity remains within Astar; no separate Load; growth unaccepted","MY:2030:Agriculture:AgricultureDirectElectricity:electricity","Astar","false","false","false","MISSING","MY:electricity","false","false","","Agriculture","","","",""
"MY","2030","Agriculture","AgricultureFinalEnergy","biomass","DIRECT_FUEL","","","","","AgricultureFinalEnergy","EXPLICIT","","2019","","","PENDING_ACCEPTED_COUNTRY_NODE_WEIGHTS","PENDING_ACCEPTED_SHAPE_AND_PHYSICAL_WEIGHTS","false","false","FIXED","PENDING","REPRESENTATION_ACCEPTED_NUMERIC_PENDING","PENDING_FUTURE_GROWTH; no DEFAULT or zero-growth assumption","MY:2030:Agriculture:AgricultureFinalEnergy:biomass","AgricultureFinalEnergy","true","true","false","MISSING","MY:biomass","false","false","","Agriculture","","","",""
"MY","2030","Agriculture","AgricultureFinalEnergy","coal","DIRECT_FUEL","","","","","AgricultureFinalEnergy","EXPLICIT","","2019","","","PENDING_ACCEPTED_COUNTRY_NODE_WEIGHTS","PENDING_ACCEPTED_SHAPE_AND_PHYSICAL_WEIGHTS","false","false","FIXED","PENDING","REPRESENTATION_ACCEPTED_NUMERIC_PENDING","PENDING_FUTURE_GROWTH; no DEFAULT or zero-growth assumption","MY:2030:Agriculture:AgricultureFinalEnergy:coal","AgricultureFinalEnergy","true","true","false","MISSING","MY:coal","false","false","","Agriculture","","","",""
"MY","2030","Agriculture","AgricultureFinalEnergy","oil","DIRECT_FUEL","","","","","AgricultureFinalEnergy","EXPLICIT","","2019","","","PENDING_ACCEPTED_COUNTRY_NODE_WEIGHTS","PENDING_ACCEPTED_SHAPE_AND_PHYSICAL_WEIGHTS","false","false","FIXED","PENDING","REPRESENTATION_ACCEPTED_NUMERIC_PENDING","PENDING_FUTURE_GROWTH; no DEFAULT or zero-growth assumption","MY:2030:Agriculture:AgricultureFinalEnergy:oil","AgricultureFinalEnergy","true","true","false","MISSING","MY:oil","false","false","","Agriculture","","","",""
"MY","2030","Buildings","ResidentialDirectElectricity","electricity","DIRECT_ELECTRICITY","","","","Astar","ResidentialDirectElectricity","EMBEDDED","","2019","","","PENDING_ACCEPTED_COUNTRY_NODE_WEIGHTS","PENDING_ACCEPTED_SHAPE_AND_PHYSICAL_WEIGHTS","true","false","FIXED","PENDING","REPRESENTATION_ACCEPTED_NUMERIC_PENDING","PENDING_FUTURE_GROWTH; separate R/S decomposition remains optional inside Astar","MY:2030:Buildings:ResidentialDirectElectricity:electricity","Astar","false","false","false","MISSING","MY:electricity","false","false","","Buildings","","","",""
"MY","2030","Buildings","ResidentialFuel","biomass","DIRECT_FUEL","","","","","ResidentialFuel","EXPLICIT","","2019","","","PENDING_ACCEPTED_COUNTRY_NODE_WEIGHTS","PENDING_ACCEPTED_SHAPE_AND_PHYSICAL_WEIGHTS","false","false","FIXED","PENDING","REPRESENTATION_ACCEPTED_NUMERIC_PENDING","PENDING_FUTURE_GROWTH; no default growth or heat conversion","MY:2030:Buildings:ResidentialFuel:biomass","ResidentialFuel","true","true","false","MISSING","MY:biomass","false","false","","Buildings","","","",""
"MY","2030","Buildings","ResidentialFuel","coal","DIRECT_FUEL","","","","","ResidentialFuel","EXPLICIT","","2019","","","PENDING_ACCEPTED_COUNTRY_NODE_WEIGHTS","PENDING_ACCEPTED_SHAPE_AND_PHYSICAL_WEIGHTS","false","false","FIXED","PENDING","REPRESENTATION_ACCEPTED_NUMERIC_PENDING","PENDING_FUTURE_GROWTH; no default growth or heat conversion","MY:2030:Buildings:ResidentialFuel:coal","ResidentialFuel","true","true","false","MISSING","MY:coal","false","false","","Buildings","","","",""
"MY","2030","Buildings","ResidentialFuel","gas","DIRECT_FUEL","","","","","ResidentialFuel","EXPLICIT","","2019","","","PENDING_ACCEPTED_COUNTRY_NODE_WEIGHTS","PENDING_ACCEPTED_SHAPE_AND_PHYSICAL_WEIGHTS","false","false","FIXED","PENDING","REPRESENTATION_ACCEPTED_NUMERIC_PENDING","PENDING_FUTURE_GROWTH; no default growth or heat conversion","MY:2030:Buildings:ResidentialFuel:gas","ResidentialFuel","true","true","false","MISSING","MY:gas","false","false","","Buildings","","","",""
"MY","2030","Buildings","ResidentialFuel","oil","DIRECT_FUEL","","","","","ResidentialFuel","EXPLICIT","","2019","","","PENDING_ACCEPTED_COUNTRY_NODE_WEIGHTS","PENDING_ACCEPTED_SHAPE_AND_PHYSICAL_WEIGHTS","false","false","FIXED","PENDING","REPRESENTATION_ACCEPTED_NUMERIC_PENDING","PENDING_FUTURE_GROWTH; no default growth or heat conversion","MY:2030:Buildings:ResidentialFuel:oil","ResidentialFuel","true","true","false","MISSING","MY:oil","false","false","","Buildings","","","",""
"MY","2030","Buildings","ServicesDirectElectricity","electricity","DIRECT_ELECTRICITY","","","","Astar","ServicesDirectElectricity","EMBEDDED","","2019","","","PENDING_ACCEPTED_COUNTRY_NODE_WEIGHTS","PENDING_ACCEPTED_SHAPE_AND_PHYSICAL_WEIGHTS","true","false","FIXED","PENDING","REPRESENTATION_ACCEPTED_NUMERIC_PENDING","PENDING_FUTURE_GROWTH; separate R/S decomposition remains optional inside Astar","MY:2030:Buildings:ServicesDirectElectricity:electricity","Astar","false","false","false","MISSING","MY:electricity","false","false","","Buildings","","","",""
"MY","2030","Buildings","ServicesFuel","biomass","DIRECT_FUEL","","","","","ServicesFuel","EXPLICIT","","2019","","","PENDING_ACCEPTED_COUNTRY_NODE_WEIGHTS","PENDING_ACCEPTED_SHAPE_AND_PHYSICAL_WEIGHTS","false","false","FIXED","PENDING","REPRESENTATION_ACCEPTED_NUMERIC_PENDING","PENDING_FUTURE_GROWTH; no default growth or heat conversion","MY:2030:Buildings:ServicesFuel:biomass","ServicesFuel","true","true","false","MISSING","MY:biomass","false","false","","Buildings","","","",""
"MY","2030","Buildings","ServicesFuel","coal","DIRECT_FUEL","","","","","ServicesFuel","EXPLICIT","","2019","","","PENDING_ACCEPTED_COUNTRY_NODE_WEIGHTS","PENDING_ACCEPTED_SHAPE_AND_PHYSICAL_WEIGHTS","false","false","FIXED","PENDING","REPRESENTATION_ACCEPTED_NUMERIC_PENDING","PENDING_FUTURE_GROWTH; no default growth or heat conversion","MY:2030:Buildings:ServicesFuel:coal","ServicesFuel","true","true","false","MISSING","MY:coal","false","false","","Buildings","","","",""
"MY","2030","Buildings","ServicesFuel","gas","DIRECT_FUEL","","","","","ServicesFuel","EXPLICIT","","2019","","","PENDING_ACCEPTED_COUNTRY_NODE_WEIGHTS","PENDING_ACCEPTED_SHAPE_AND_PHYSICAL_WEIGHTS","false","false","FIXED","PENDING","REPRESENTATION_ACCEPTED_NUMERIC_PENDING","PENDING_FUTURE_GROWTH; no default growth or heat conversion","MY:2030:Buildings:ServicesFuel:gas","ServicesFuel","true","true","false","MISSING","MY:gas","false","false","","Buildings","","","",""
"MY","2030","Buildings","ServicesFuel","oil","DIRECT_FUEL","","","","","ServicesFuel","EXPLICIT","","2019","","","PENDING_ACCEPTED_COUNTRY_NODE_WEIGHTS","PENDING_ACCEPTED_SHAPE_AND_PHYSICAL_WEIGHTS","false","false","FIXED","PENDING","REPRESENTATION_ACCEPTED_NUMERIC_PENDING","PENDING_FUTURE_GROWTH; no default growth or heat conversion","MY:2030:Buildings:ServicesFuel:oil","ServicesFuel","true","true","false","MISSING","MY:oil","false","false","","Buildings","","","",""
"MY","2030","Bunker","InternationalAviationBunker","oil","BUNKER_FUEL","","","","","InternationalAviationBunker","EXPLICIT","","2019","","","PENDING_ACCEPTED_COUNTRY_NODE_WEIGHTS","PENDING_ACCEPTED_SHAPE_AND_PHYSICAL_WEIGHTS","false","false","FIXED","PENDING","REPRESENTATION_ACCEPTED_NUMERIC_PENDING","PENDING_FUTURE_GROWTH; upstream default projection not accepted","MY:2030:Bunker:InternationalAviationBunker:oil","InternationalAviationBunker","true","true","false","MISSING","MY:oil","false","false","","bunker","","","",""
"MY","2030","Bunker","InternationalShippingBunker","oil","BUNKER_FUEL","","","","","InternationalShippingBunker","EXPLICIT","","2019","","","PENDING_ACCEPTED_COUNTRY_NODE_WEIGHTS","PENDING_ACCEPTED_SHAPE_AND_PHYSICAL_WEIGHTS","false","false","FIXED","PENDING","REPRESENTATION_ACCEPTED_NUMERIC_PENDING","PENDING_FUTURE_GROWTH; upstream default projection not accepted","MY:2030:Bunker:InternationalShippingBunker:oil","InternationalShippingBunker","true","true","false","MISSING","MY:oil","false","false","","bunker","","","",""
"MY","2030","Electricity","Astar","electricity","DIRECT_ELECTRICITY","","","","","Astar","EXPLICIT","","2019","","","PENDING_ACCEPTED_COUNTRY_NODE_WEIGHTS","PENDING_ACCEPTED_SHAPE_AND_PHYSICAL_WEIGHTS","true","false","FIXED","PENDING","REPRESENTATION_ACCEPTED_NUMERIC_PENDING","FUTURE_DIRECT_ELECTRICITY_PENDING; no AEO8 generation/DemandCast/default-growth fallback","MY:2030:Electricity:Astar:electricity","Astar","true","true","false","MISSING","MY:electricity","false","false","","electricity","","","",""
"MY","2030","Industry","IndustryDirectElectricity","electricity","EMBEDDED","","","","Astar","IndustryDirectElectricity","EMBEDDED","","2019","","","PENDING_ACCEPTED_COUNTRY_NODE_WEIGHTS","PENDING_ACCEPTED_SHAPE_AND_PHYSICAL_WEIGHTS","true","false","FIXED","PENDING","REPRESENTATION_ACCEPTED_NUMERIC_PENDING","Future direct electricity remains within Astar; no separate Load; growth unaccepted","MY:2030:Industry:IndustryDirectElectricity:electricity","Astar","false","false","false","MISSING","MY:electricity","false","false","","Industry","","","",""
"MY","2030","Industry","IndustryFinalEnergy","biomass","DIRECT_FUEL","","","","","IndustryFinalEnergy","EXPLICIT","","2019","","","PENDING_ACCEPTED_COUNTRY_NODE_WEIGHTS","PENDING_ACCEPTED_SHAPE_AND_PHYSICAL_WEIGHTS","false","false","FIXED","PENDING","REPRESENTATION_ACCEPTED_NUMERIC_PENDING","PENDING_FUTURE_GROWTH; no DEFAULT or zero-growth assumption","MY:2030:Industry:IndustryFinalEnergy:biomass","IndustryFinalEnergy","true","true","false","MISSING","MY:biomass","false","false","","Industry","","","",""
"MY","2030","Industry","IndustryFinalEnergy","coal","DIRECT_FUEL","","","","","IndustryFinalEnergy","EXPLICIT","","2019","","","PENDING_ACCEPTED_COUNTRY_NODE_WEIGHTS","PENDING_ACCEPTED_SHAPE_AND_PHYSICAL_WEIGHTS","false","false","FIXED","PENDING","REPRESENTATION_ACCEPTED_NUMERIC_PENDING","PENDING_FUTURE_GROWTH; no DEFAULT or zero-growth assumption","MY:2030:Industry:IndustryFinalEnergy:coal","IndustryFinalEnergy","true","true","false","MISSING","MY:coal","false","false","","Industry","","","",""
"MY","2030","Industry","IndustryFinalEnergy","gas","DIRECT_FUEL","","","","","IndustryFinalEnergy","EXPLICIT","","2019","","","PENDING_ACCEPTED_COUNTRY_NODE_WEIGHTS","PENDING_ACCEPTED_SHAPE_AND_PHYSICAL_WEIGHTS","false","false","FIXED","PENDING","REPRESENTATION_ACCEPTED_NUMERIC_PENDING","PENDING_FUTURE_GROWTH; no DEFAULT or zero-growth assumption","MY:2030:Industry:IndustryFinalEnergy:gas","IndustryFinalEnergy","true","true","false","MISSING","MY:gas","false","false","","Industry","","","",""
"MY","2030","Industry","IndustryFinalEnergy","oil","DIRECT_FUEL","","","","","IndustryFinalEnergy","EXPLICIT","","2019","","","PENDING_ACCEPTED_COUNTRY_NODE_WEIGHTS","PENDING_ACCEPTED_SHAPE_AND_PHYSICAL_WEIGHTS","false","false","FIXED","PENDING","REPRESENTATION_ACCEPTED_NUMERIC_PENDING","PENDING_FUTURE_GROWTH; no DEFAULT or zero-growth assumption","MY:2030:Industry:IndustryFinalEnergy:oil","IndustryFinalEnergy","true","true","false","MISSING","MY:oil","false","false","","Industry","","","",""
"MY","2030","Transport","DomesticAviationFuel","oil","DIRECT_FUEL","","","","","DomesticAviationFuel","EXPLICIT","","2019","","","PENDING_ACCEPTED_COUNTRY_NODE_WEIGHTS","PENDING_ACCEPTED_SHAPE_AND_PHYSICAL_WEIGHTS","false","false","FIXED","PENDING","REPRESENTATION_ACCEPTED_NUMERIC_PENDING","PENDING_FUTURE_GROWTH; upstream default projection not accepted","MY:2030:Transport:DomesticAviationFuel:oil","DomesticAviationFuel","true","true","false","MISSING","MY:oil","false","false","","bunker","","","",""
"MY","2030","Transport","DomesticShippingFuel","oil","DIRECT_FUEL","","","","","DomesticShippingFuel","EXPLICIT","","2019","","","PENDING_ACCEPTED_COUNTRY_NODE_WEIGHTS","PENDING_ACCEPTED_SHAPE_AND_PHYSICAL_WEIGHTS","false","false","FIXED","PENDING","REPRESENTATION_ACCEPTED_NUMERIC_PENDING","PENDING_FUTURE_GROWTH; upstream default projection not accepted","MY:2030:Transport:DomesticShippingFuel:oil","DomesticShippingFuel","true","true","false","MISSING","MY:oil","false","false","","bunker","","","",""
"MY","2030","Transport","RailElectricity","electricity","EMBEDDED","","","","Astar","RailElectricity","EMBEDDED","","2019","","","PENDING_ACCEPTED_COUNTRY_NODE_WEIGHTS","PENDING_ACCEPTED_SHAPE_AND_PHYSICAL_WEIGHTS","true","false","FIXED","PENDING","REPRESENTATION_ACCEPTED_NUMERIC_PENDING","Future rail stays in Astar once; decomposition pending","MY:2030:Transport:RailElectricity:electricity","Astar","false","false","false","MISSING","MY:electricity","false","false","","Transport","","","",""
"MY","2030","Transport","RoadEVFinalElectricity","electricity","DIRECT_ELECTRICITY","","","","","RoadEVFinalElectricity","EXPLICIT","","2019","","","PENDING_ACCEPTED_COUNTRY_NODE_WEIGHTS","PENDING_ACCEPTED_SHAPE_AND_PHYSICAL_WEIGHTS","false","false","FIXED","PENDING","REPRESENTATION_ACCEPTED_NUMERIC_PENDING","External final-energy share pending; future EV excluded from future direct Astar; no kWh/km proxy","MY:2030:Transport:RoadEVFinalElectricity:electricity","RoadEVFinalElectricity","true","true","false","MISSING","MY:electricity","false","false","","Transport","","","",""
"MY","2030","Transport","RoadResidualFuel","biomass","DIRECT_FUEL","","","","","RoadResidualFuel","EXPLICIT","","2019","","","PENDING_ACCEPTED_COUNTRY_NODE_WEIGHTS","PENDING_ACCEPTED_SHAPE_AND_PHYSICAL_WEIGHTS","false","false","FIXED","PENDING","REPRESENTATION_ACCEPTED_NUMERIC_PENDING","PENDING_FUTURE_GROWTH_AND_EV_ENERGY_PATH; carrier vector retained","MY:2030:Transport:RoadResidualFuel:biomass","RoadResidualFuel","true","true","false","MISSING","MY:biomass","false","false","","Transport","","","",""
"MY","2030","Transport","RoadResidualFuel","gas","DIRECT_FUEL","","","","","RoadResidualFuel","EXPLICIT","","2019","","","PENDING_ACCEPTED_COUNTRY_NODE_WEIGHTS","PENDING_ACCEPTED_SHAPE_AND_PHYSICAL_WEIGHTS","false","false","FIXED","PENDING","REPRESENTATION_ACCEPTED_NUMERIC_PENDING","PENDING_FUTURE_GROWTH_AND_EV_ENERGY_PATH; carrier vector retained","MY:2030:Transport:RoadResidualFuel:gas","RoadResidualFuel","true","true","false","MISSING","MY:gas","false","false","","Transport","","","",""
"MY","2030","Transport","RoadResidualFuel","oil","DIRECT_FUEL","","","","","RoadResidualFuel","EXPLICIT","","2019","","","PENDING_ACCEPTED_COUNTRY_NODE_WEIGHTS","PENDING_ACCEPTED_SHAPE_AND_PHYSICAL_WEIGHTS","false","false","FIXED","PENDING","REPRESENTATION_ACCEPTED_NUMERIC_PENDING","PENDING_FUTURE_GROWTH_AND_EV_ENERGY_PATH; carrier vector retained","MY:2030:Transport:RoadResidualFuel:oil","RoadResidualFuel","true","true","false","MISSING","MY:oil","false","false","","Transport","","","",""
"MY","2030","Transport","TransportEmbeddedFuelParent","unclassified_fuel","UNCLASSIFIED","","","","","TransportEmbeddedFuelParent","EXPLICIT","","2019","","","PENDING_ACCEPTED_COUNTRY_NODE_WEIGHTS","PENDING_ACCEPTED_SHAPE_AND_PHYSICAL_WEIGHTS","false","false","FIXED","PENDING","REPRESENTATION_ACCEPTED_NUMERIC_PENDING","Rail fuel remains within one pending transport fuel parent; no duplicate rail Load","MY:2030:Transport:TransportEmbeddedFuelParent:unclassified_fuel","TransportEmbeddedFuelParent","true","true","false","MISSING","","false","false","","Transport","","","",""
"MY","2040","Agriculture","AgricultureDirectElectricity","electricity","EMBEDDED","","","","Astar","AgricultureDirectElectricity","EMBEDDED","","2019","","","PENDING_ACCEPTED_COUNTRY_NODE_WEIGHTS","PENDING_ACCEPTED_SHAPE_AND_PHYSICAL_WEIGHTS","true","false","FIXED","PENDING","REPRESENTATION_ACCEPTED_NUMERIC_PENDING","Future direct electricity remains within Astar; no separate Load; growth unaccepted","MY:2040:Agriculture:AgricultureDirectElectricity:electricity","Astar","false","false","false","MISSING","MY:electricity","false","false","","Agriculture","","","",""
"MY","2040","Agriculture","AgricultureFinalEnergy","biomass","DIRECT_FUEL","","","","","AgricultureFinalEnergy","EXPLICIT","","2019","","","PENDING_ACCEPTED_COUNTRY_NODE_WEIGHTS","PENDING_ACCEPTED_SHAPE_AND_PHYSICAL_WEIGHTS","false","false","FIXED","PENDING","REPRESENTATION_ACCEPTED_NUMERIC_PENDING","PENDING_FUTURE_GROWTH; no DEFAULT or zero-growth assumption","MY:2040:Agriculture:AgricultureFinalEnergy:biomass","AgricultureFinalEnergy","true","true","false","MISSING","MY:biomass","false","false","","Agriculture","","","",""
"MY","2040","Agriculture","AgricultureFinalEnergy","coal","DIRECT_FUEL","","","","","AgricultureFinalEnergy","EXPLICIT","","2019","","","PENDING_ACCEPTED_COUNTRY_NODE_WEIGHTS","PENDING_ACCEPTED_SHAPE_AND_PHYSICAL_WEIGHTS","false","false","FIXED","PENDING","REPRESENTATION_ACCEPTED_NUMERIC_PENDING","PENDING_FUTURE_GROWTH; no DEFAULT or zero-growth assumption","MY:2040:Agriculture:AgricultureFinalEnergy:coal","AgricultureFinalEnergy","true","true","false","MISSING","MY:coal","false","false","","Agriculture","","","",""
"MY","2040","Agriculture","AgricultureFinalEnergy","oil","DIRECT_FUEL","","","","","AgricultureFinalEnergy","EXPLICIT","","2019","","","PENDING_ACCEPTED_COUNTRY_NODE_WEIGHTS","PENDING_ACCEPTED_SHAPE_AND_PHYSICAL_WEIGHTS","false","false","FIXED","PENDING","REPRESENTATION_ACCEPTED_NUMERIC_PENDING","PENDING_FUTURE_GROWTH; no DEFAULT or zero-growth assumption","MY:2040:Agriculture:AgricultureFinalEnergy:oil","AgricultureFinalEnergy","true","true","false","MISSING","MY:oil","false","false","","Agriculture","","","",""
"MY","2040","Buildings","ResidentialDirectElectricity","electricity","DIRECT_ELECTRICITY","","","","Astar","ResidentialDirectElectricity","EMBEDDED","","2019","","","PENDING_ACCEPTED_COUNTRY_NODE_WEIGHTS","PENDING_ACCEPTED_SHAPE_AND_PHYSICAL_WEIGHTS","true","false","FIXED","PENDING","REPRESENTATION_ACCEPTED_NUMERIC_PENDING","PENDING_FUTURE_GROWTH; separate R/S decomposition remains optional inside Astar","MY:2040:Buildings:ResidentialDirectElectricity:electricity","Astar","false","false","false","MISSING","MY:electricity","false","false","","Buildings","","","",""
"MY","2040","Buildings","ResidentialFuel","biomass","DIRECT_FUEL","","","","","ResidentialFuel","EXPLICIT","","2019","","","PENDING_ACCEPTED_COUNTRY_NODE_WEIGHTS","PENDING_ACCEPTED_SHAPE_AND_PHYSICAL_WEIGHTS","false","false","FIXED","PENDING","REPRESENTATION_ACCEPTED_NUMERIC_PENDING","PENDING_FUTURE_GROWTH; no default growth or heat conversion","MY:2040:Buildings:ResidentialFuel:biomass","ResidentialFuel","true","true","false","MISSING","MY:biomass","false","false","","Buildings","","","",""
"MY","2040","Buildings","ResidentialFuel","coal","DIRECT_FUEL","","","","","ResidentialFuel","EXPLICIT","","2019","","","PENDING_ACCEPTED_COUNTRY_NODE_WEIGHTS","PENDING_ACCEPTED_SHAPE_AND_PHYSICAL_WEIGHTS","false","false","FIXED","PENDING","REPRESENTATION_ACCEPTED_NUMERIC_PENDING","PENDING_FUTURE_GROWTH; no default growth or heat conversion","MY:2040:Buildings:ResidentialFuel:coal","ResidentialFuel","true","true","false","MISSING","MY:coal","false","false","","Buildings","","","",""
"MY","2040","Buildings","ResidentialFuel","gas","DIRECT_FUEL","","","","","ResidentialFuel","EXPLICIT","","2019","","","PENDING_ACCEPTED_COUNTRY_NODE_WEIGHTS","PENDING_ACCEPTED_SHAPE_AND_PHYSICAL_WEIGHTS","false","false","FIXED","PENDING","REPRESENTATION_ACCEPTED_NUMERIC_PENDING","PENDING_FUTURE_GROWTH; no default growth or heat conversion","MY:2040:Buildings:ResidentialFuel:gas","ResidentialFuel","true","true","false","MISSING","MY:gas","false","false","","Buildings","","","",""
"MY","2040","Buildings","ResidentialFuel","oil","DIRECT_FUEL","","","","","ResidentialFuel","EXPLICIT","","2019","","","PENDING_ACCEPTED_COUNTRY_NODE_WEIGHTS","PENDING_ACCEPTED_SHAPE_AND_PHYSICAL_WEIGHTS","false","false","FIXED","PENDING","REPRESENTATION_ACCEPTED_NUMERIC_PENDING","PENDING_FUTURE_GROWTH; no default growth or heat conversion","MY:2040:Buildings:ResidentialFuel:oil","ResidentialFuel","true","true","false","MISSING","MY:oil","false","false","","Buildings","","","",""
"MY","2040","Buildings","ServicesDirectElectricity","electricity","DIRECT_ELECTRICITY","","","","Astar","ServicesDirectElectricity","EMBEDDED","","2019","","","PENDING_ACCEPTED_COUNTRY_NODE_WEIGHTS","PENDING_ACCEPTED_SHAPE_AND_PHYSICAL_WEIGHTS","true","false","FIXED","PENDING","REPRESENTATION_ACCEPTED_NUMERIC_PENDING","PENDING_FUTURE_GROWTH; separate R/S decomposition remains optional inside Astar","MY:2040:Buildings:ServicesDirectElectricity:electricity","Astar","false","false","false","MISSING","MY:electricity","false","false","","Buildings","","","",""
"MY","2040","Buildings","ServicesFuel","biomass","DIRECT_FUEL","","","","","ServicesFuel","EXPLICIT","","2019","","","PENDING_ACCEPTED_COUNTRY_NODE_WEIGHTS","PENDING_ACCEPTED_SHAPE_AND_PHYSICAL_WEIGHTS","false","false","FIXED","PENDING","REPRESENTATION_ACCEPTED_NUMERIC_PENDING","PENDING_FUTURE_GROWTH; no default growth or heat conversion","MY:2040:Buildings:ServicesFuel:biomass","ServicesFuel","true","true","false","MISSING","MY:biomass","false","false","","Buildings","","","",""
"MY","2040","Buildings","ServicesFuel","coal","DIRECT_FUEL","","","","","ServicesFuel","EXPLICIT","","2019","","","PENDING_ACCEPTED_COUNTRY_NODE_WEIGHTS","PENDING_ACCEPTED_SHAPE_AND_PHYSICAL_WEIGHTS","false","false","FIXED","PENDING","REPRESENTATION_ACCEPTED_NUMERIC_PENDING","PENDING_FUTURE_GROWTH; no default growth or heat conversion","MY:2040:Buildings:ServicesFuel:coal","ServicesFuel","true","true","false","MISSING","MY:coal","false","false","","Buildings","","","",""
"MY","2040","Buildings","ServicesFuel","gas","DIRECT_FUEL","","","","","ServicesFuel","EXPLICIT","","2019","","","PENDING_ACCEPTED_COUNTRY_NODE_WEIGHTS","PENDING_ACCEPTED_SHAPE_AND_PHYSICAL_WEIGHTS","false","false","FIXED","PENDING","REPRESENTATION_ACCEPTED_NUMERIC_PENDING","PENDING_FUTURE_GROWTH; no default growth or heat conversion","MY:2040:Buildings:ServicesFuel:gas","ServicesFuel","true","true","false","MISSING","MY:gas","false","false","","Buildings","","","",""
"MY","2040","Buildings","ServicesFuel","oil","DIRECT_FUEL","","","","","ServicesFuel","EXPLICIT","","2019","","","PENDING_ACCEPTED_COUNTRY_NODE_WEIGHTS","PENDING_ACCEPTED_SHAPE_AND_PHYSICAL_WEIGHTS","false","false","FIXED","PENDING","REPRESENTATION_ACCEPTED_NUMERIC_PENDING","PENDING_FUTURE_GROWTH; no default growth or heat conversion","MY:2040:Buildings:ServicesFuel:oil","ServicesFuel","true","true","false","MISSING","MY:oil","false","false","","Buildings","","","",""
"MY","2040","Bunker","InternationalAviationBunker","oil","BUNKER_FUEL","","","","","InternationalAviationBunker","EXPLICIT","","2019","","","PENDING_ACCEPTED_COUNTRY_NODE_WEIGHTS","PENDING_ACCEPTED_SHAPE_AND_PHYSICAL_WEIGHTS","false","false","FIXED","PENDING","REPRESENTATION_ACCEPTED_NUMERIC_PENDING","PENDING_FUTURE_GROWTH; upstream default projection not accepted","MY:2040:Bunker:InternationalAviationBunker:oil","InternationalAviationBunker","true","true","false","MISSING","MY:oil","false","false","","bunker","","","",""
"MY","2040","Bunker","InternationalShippingBunker","oil","BUNKER_FUEL","","","","","InternationalShippingBunker","EXPLICIT","","2019","","","PENDING_ACCEPTED_COUNTRY_NODE_WEIGHTS","PENDING_ACCEPTED_SHAPE_AND_PHYSICAL_WEIGHTS","false","false","FIXED","PENDING","REPRESENTATION_ACCEPTED_NUMERIC_PENDING","PENDING_FUTURE_GROWTH; upstream default projection not accepted","MY:2040:Bunker:InternationalShippingBunker:oil","InternationalShippingBunker","true","true","false","MISSING","MY:oil","false","false","","bunker","","","",""
"MY","2040","Electricity","Astar","electricity","DIRECT_ELECTRICITY","","","","","Astar","EXPLICIT","","2019","","","PENDING_ACCEPTED_COUNTRY_NODE_WEIGHTS","PENDING_ACCEPTED_SHAPE_AND_PHYSICAL_WEIGHTS","true","false","FIXED","PENDING","REPRESENTATION_ACCEPTED_NUMERIC_PENDING","FUTURE_DIRECT_ELECTRICITY_PENDING; no AEO8 generation/DemandCast/default-growth fallback","MY:2040:Electricity:Astar:electricity","Astar","true","true","false","MISSING","MY:electricity","false","false","","electricity","","","",""
"MY","2040","Industry","IndustryDirectElectricity","electricity","EMBEDDED","","","","Astar","IndustryDirectElectricity","EMBEDDED","","2019","","","PENDING_ACCEPTED_COUNTRY_NODE_WEIGHTS","PENDING_ACCEPTED_SHAPE_AND_PHYSICAL_WEIGHTS","true","false","FIXED","PENDING","REPRESENTATION_ACCEPTED_NUMERIC_PENDING","Future direct electricity remains within Astar; no separate Load; growth unaccepted","MY:2040:Industry:IndustryDirectElectricity:electricity","Astar","false","false","false","MISSING","MY:electricity","false","false","","Industry","","","",""
"MY","2040","Industry","IndustryFinalEnergy","biomass","DIRECT_FUEL","","","","","IndustryFinalEnergy","EXPLICIT","","2019","","","PENDING_ACCEPTED_COUNTRY_NODE_WEIGHTS","PENDING_ACCEPTED_SHAPE_AND_PHYSICAL_WEIGHTS","false","false","FIXED","PENDING","REPRESENTATION_ACCEPTED_NUMERIC_PENDING","PENDING_FUTURE_GROWTH; no DEFAULT or zero-growth assumption","MY:2040:Industry:IndustryFinalEnergy:biomass","IndustryFinalEnergy","true","true","false","MISSING","MY:biomass","false","false","","Industry","","","",""
"MY","2040","Industry","IndustryFinalEnergy","coal","DIRECT_FUEL","","","","","IndustryFinalEnergy","EXPLICIT","","2019","","","PENDING_ACCEPTED_COUNTRY_NODE_WEIGHTS","PENDING_ACCEPTED_SHAPE_AND_PHYSICAL_WEIGHTS","false","false","FIXED","PENDING","REPRESENTATION_ACCEPTED_NUMERIC_PENDING","PENDING_FUTURE_GROWTH; no DEFAULT or zero-growth assumption","MY:2040:Industry:IndustryFinalEnergy:coal","IndustryFinalEnergy","true","true","false","MISSING","MY:coal","false","false","","Industry","","","",""
"MY","2040","Industry","IndustryFinalEnergy","gas","DIRECT_FUEL","","","","","IndustryFinalEnergy","EXPLICIT","","2019","","","PENDING_ACCEPTED_COUNTRY_NODE_WEIGHTS","PENDING_ACCEPTED_SHAPE_AND_PHYSICAL_WEIGHTS","false","false","FIXED","PENDING","REPRESENTATION_ACCEPTED_NUMERIC_PENDING","PENDING_FUTURE_GROWTH; no DEFAULT or zero-growth assumption","MY:2040:Industry:IndustryFinalEnergy:gas","IndustryFinalEnergy","true","true","false","MISSING","MY:gas","false","false","","Industry","","","",""
"MY","2040","Industry","IndustryFinalEnergy","oil","DIRECT_FUEL","","","","","IndustryFinalEnergy","EXPLICIT","","2019","","","PENDING_ACCEPTED_COUNTRY_NODE_WEIGHTS","PENDING_ACCEPTED_SHAPE_AND_PHYSICAL_WEIGHTS","false","false","FIXED","PENDING","REPRESENTATION_ACCEPTED_NUMERIC_PENDING","PENDING_FUTURE_GROWTH; no DEFAULT or zero-growth assumption","MY:2040:Industry:IndustryFinalEnergy:oil","IndustryFinalEnergy","true","true","false","MISSING","MY:oil","false","false","","Industry","","","",""
"MY","2040","Transport","DomesticAviationFuel","oil","DIRECT_FUEL","","","","","DomesticAviationFuel","EXPLICIT","","2019","","","PENDING_ACCEPTED_COUNTRY_NODE_WEIGHTS","PENDING_ACCEPTED_SHAPE_AND_PHYSICAL_WEIGHTS","false","false","FIXED","PENDING","REPRESENTATION_ACCEPTED_NUMERIC_PENDING","PENDING_FUTURE_GROWTH; upstream default projection not accepted","MY:2040:Transport:DomesticAviationFuel:oil","DomesticAviationFuel","true","true","false","MISSING","MY:oil","false","false","","bunker","","","",""
"MY","2040","Transport","DomesticShippingFuel","oil","DIRECT_FUEL","","","","","DomesticShippingFuel","EXPLICIT","","2019","","","PENDING_ACCEPTED_COUNTRY_NODE_WEIGHTS","PENDING_ACCEPTED_SHAPE_AND_PHYSICAL_WEIGHTS","false","false","FIXED","PENDING","REPRESENTATION_ACCEPTED_NUMERIC_PENDING","PENDING_FUTURE_GROWTH; upstream default projection not accepted","MY:2040:Transport:DomesticShippingFuel:oil","DomesticShippingFuel","true","true","false","MISSING","MY:oil","false","false","","bunker","","","",""
"MY","2040","Transport","RailElectricity","electricity","EMBEDDED","","","","Astar","RailElectricity","EMBEDDED","","2019","","","PENDING_ACCEPTED_COUNTRY_NODE_WEIGHTS","PENDING_ACCEPTED_SHAPE_AND_PHYSICAL_WEIGHTS","true","false","FIXED","PENDING","REPRESENTATION_ACCEPTED_NUMERIC_PENDING","Future rail stays in Astar once; decomposition pending","MY:2040:Transport:RailElectricity:electricity","Astar","false","false","false","MISSING","MY:electricity","false","false","","Transport","","","",""
"MY","2040","Transport","RoadEVFinalElectricity","electricity","DIRECT_ELECTRICITY","","","","","RoadEVFinalElectricity","EXPLICIT","","2019","","","PENDING_ACCEPTED_COUNTRY_NODE_WEIGHTS","PENDING_ACCEPTED_SHAPE_AND_PHYSICAL_WEIGHTS","false","false","FIXED","PENDING","REPRESENTATION_ACCEPTED_NUMERIC_PENDING","External final-energy share pending; future EV excluded from future direct Astar; no kWh/km proxy","MY:2040:Transport:RoadEVFinalElectricity:electricity","RoadEVFinalElectricity","true","true","false","MISSING","MY:electricity","false","false","","Transport","","","",""
"MY","2040","Transport","RoadResidualFuel","biomass","DIRECT_FUEL","","","","","RoadResidualFuel","EXPLICIT","","2019","","","PENDING_ACCEPTED_COUNTRY_NODE_WEIGHTS","PENDING_ACCEPTED_SHAPE_AND_PHYSICAL_WEIGHTS","false","false","FIXED","PENDING","REPRESENTATION_ACCEPTED_NUMERIC_PENDING","PENDING_FUTURE_GROWTH_AND_EV_ENERGY_PATH; carrier vector retained","MY:2040:Transport:RoadResidualFuel:biomass","RoadResidualFuel","true","true","false","MISSING","MY:biomass","false","false","","Transport","","","",""
"MY","2040","Transport","RoadResidualFuel","gas","DIRECT_FUEL","","","","","RoadResidualFuel","EXPLICIT","","2019","","","PENDING_ACCEPTED_COUNTRY_NODE_WEIGHTS","PENDING_ACCEPTED_SHAPE_AND_PHYSICAL_WEIGHTS","false","false","FIXED","PENDING","REPRESENTATION_ACCEPTED_NUMERIC_PENDING","PENDING_FUTURE_GROWTH_AND_EV_ENERGY_PATH; carrier vector retained","MY:2040:Transport:RoadResidualFuel:gas","RoadResidualFuel","true","true","false","MISSING","MY:gas","false","false","","Transport","","","",""
"MY","2040","Transport","RoadResidualFuel","oil","DIRECT_FUEL","","","","","RoadResidualFuel","EXPLICIT","","2019","","","PENDING_ACCEPTED_COUNTRY_NODE_WEIGHTS","PENDING_ACCEPTED_SHAPE_AND_PHYSICAL_WEIGHTS","false","false","FIXED","PENDING","REPRESENTATION_ACCEPTED_NUMERIC_PENDING","PENDING_FUTURE_GROWTH_AND_EV_ENERGY_PATH; carrier vector retained","MY:2040:Transport:RoadResidualFuel:oil","RoadResidualFuel","true","true","false","MISSING","MY:oil","false","false","","Transport","","","",""
"MY","2040","Transport","TransportEmbeddedFuelParent","unclassified_fuel","UNCLASSIFIED","","","","","TransportEmbeddedFuelParent","EXPLICIT","","2019","","","PENDING_ACCEPTED_COUNTRY_NODE_WEIGHTS","PENDING_ACCEPTED_SHAPE_AND_PHYSICAL_WEIGHTS","false","false","FIXED","PENDING","REPRESENTATION_ACCEPTED_NUMERIC_PENDING","Rail fuel remains within one pending transport fuel parent; no duplicate rail Load","MY:2040:Transport:TransportEmbeddedFuelParent:unclassified_fuel","TransportEmbeddedFuelParent","true","true","false","MISSING","","false","false","","Transport","","","",""
"MY","2050","Agriculture","AgricultureDirectElectricity","electricity","EMBEDDED","","","","Astar","AgricultureDirectElectricity","EMBEDDED","","2019","","","PENDING_ACCEPTED_COUNTRY_NODE_WEIGHTS","PENDING_ACCEPTED_SHAPE_AND_PHYSICAL_WEIGHTS","true","false","FIXED","PENDING","REPRESENTATION_ACCEPTED_NUMERIC_PENDING","Future direct electricity remains within Astar; no separate Load; growth unaccepted","MY:2050:Agriculture:AgricultureDirectElectricity:electricity","Astar","false","false","false","MISSING","MY:electricity","false","false","","Agriculture","","","",""
"MY","2050","Agriculture","AgricultureFinalEnergy","biomass","DIRECT_FUEL","","","","","AgricultureFinalEnergy","EXPLICIT","","2019","","","PENDING_ACCEPTED_COUNTRY_NODE_WEIGHTS","PENDING_ACCEPTED_SHAPE_AND_PHYSICAL_WEIGHTS","false","false","FIXED","PENDING","REPRESENTATION_ACCEPTED_NUMERIC_PENDING","PENDING_FUTURE_GROWTH; no DEFAULT or zero-growth assumption","MY:2050:Agriculture:AgricultureFinalEnergy:biomass","AgricultureFinalEnergy","true","true","false","MISSING","MY:biomass","false","false","","Agriculture","","","",""
"MY","2050","Agriculture","AgricultureFinalEnergy","coal","DIRECT_FUEL","","","","","AgricultureFinalEnergy","EXPLICIT","","2019","","","PENDING_ACCEPTED_COUNTRY_NODE_WEIGHTS","PENDING_ACCEPTED_SHAPE_AND_PHYSICAL_WEIGHTS","false","false","FIXED","PENDING","REPRESENTATION_ACCEPTED_NUMERIC_PENDING","PENDING_FUTURE_GROWTH; no DEFAULT or zero-growth assumption","MY:2050:Agriculture:AgricultureFinalEnergy:coal","AgricultureFinalEnergy","true","true","false","MISSING","MY:coal","false","false","","Agriculture","","","",""
"MY","2050","Agriculture","AgricultureFinalEnergy","oil","DIRECT_FUEL","","","","","AgricultureFinalEnergy","EXPLICIT","","2019","","","PENDING_ACCEPTED_COUNTRY_NODE_WEIGHTS","PENDING_ACCEPTED_SHAPE_AND_PHYSICAL_WEIGHTS","false","false","FIXED","PENDING","REPRESENTATION_ACCEPTED_NUMERIC_PENDING","PENDING_FUTURE_GROWTH; no DEFAULT or zero-growth assumption","MY:2050:Agriculture:AgricultureFinalEnergy:oil","AgricultureFinalEnergy","true","true","false","MISSING","MY:oil","false","false","","Agriculture","","","",""
"MY","2050","Buildings","ResidentialDirectElectricity","electricity","DIRECT_ELECTRICITY","","","","Astar","ResidentialDirectElectricity","EMBEDDED","","2019","","","PENDING_ACCEPTED_COUNTRY_NODE_WEIGHTS","PENDING_ACCEPTED_SHAPE_AND_PHYSICAL_WEIGHTS","true","false","FIXED","PENDING","REPRESENTATION_ACCEPTED_NUMERIC_PENDING","PENDING_FUTURE_GROWTH; separate R/S decomposition remains optional inside Astar","MY:2050:Buildings:ResidentialDirectElectricity:electricity","Astar","false","false","false","MISSING","MY:electricity","false","false","","Buildings","","","",""
"MY","2050","Buildings","ResidentialFuel","biomass","DIRECT_FUEL","","","","","ResidentialFuel","EXPLICIT","","2019","","","PENDING_ACCEPTED_COUNTRY_NODE_WEIGHTS","PENDING_ACCEPTED_SHAPE_AND_PHYSICAL_WEIGHTS","false","false","FIXED","PENDING","REPRESENTATION_ACCEPTED_NUMERIC_PENDING","PENDING_FUTURE_GROWTH; no default growth or heat conversion","MY:2050:Buildings:ResidentialFuel:biomass","ResidentialFuel","true","true","false","MISSING","MY:biomass","false","false","","Buildings","","","",""
"MY","2050","Buildings","ResidentialFuel","coal","DIRECT_FUEL","","","","","ResidentialFuel","EXPLICIT","","2019","","","PENDING_ACCEPTED_COUNTRY_NODE_WEIGHTS","PENDING_ACCEPTED_SHAPE_AND_PHYSICAL_WEIGHTS","false","false","FIXED","PENDING","REPRESENTATION_ACCEPTED_NUMERIC_PENDING","PENDING_FUTURE_GROWTH; no default growth or heat conversion","MY:2050:Buildings:ResidentialFuel:coal","ResidentialFuel","true","true","false","MISSING","MY:coal","false","false","","Buildings","","","",""
"MY","2050","Buildings","ResidentialFuel","gas","DIRECT_FUEL","","","","","ResidentialFuel","EXPLICIT","","2019","","","PENDING_ACCEPTED_COUNTRY_NODE_WEIGHTS","PENDING_ACCEPTED_SHAPE_AND_PHYSICAL_WEIGHTS","false","false","FIXED","PENDING","REPRESENTATION_ACCEPTED_NUMERIC_PENDING","PENDING_FUTURE_GROWTH; no default growth or heat conversion","MY:2050:Buildings:ResidentialFuel:gas","ResidentialFuel","true","true","false","MISSING","MY:gas","false","false","","Buildings","","","",""
"MY","2050","Buildings","ResidentialFuel","oil","DIRECT_FUEL","","","","","ResidentialFuel","EXPLICIT","","2019","","","PENDING_ACCEPTED_COUNTRY_NODE_WEIGHTS","PENDING_ACCEPTED_SHAPE_AND_PHYSICAL_WEIGHTS","false","false","FIXED","PENDING","REPRESENTATION_ACCEPTED_NUMERIC_PENDING","PENDING_FUTURE_GROWTH; no default growth or heat conversion","MY:2050:Buildings:ResidentialFuel:oil","ResidentialFuel","true","true","false","MISSING","MY:oil","false","false","","Buildings","","","",""
"MY","2050","Buildings","ServicesDirectElectricity","electricity","DIRECT_ELECTRICITY","","","","Astar","ServicesDirectElectricity","EMBEDDED","","2019","","","PENDING_ACCEPTED_COUNTRY_NODE_WEIGHTS","PENDING_ACCEPTED_SHAPE_AND_PHYSICAL_WEIGHTS","true","false","FIXED","PENDING","REPRESENTATION_ACCEPTED_NUMERIC_PENDING","PENDING_FUTURE_GROWTH; separate R/S decomposition remains optional inside Astar","MY:2050:Buildings:ServicesDirectElectricity:electricity","Astar","false","false","false","MISSING","MY:electricity","false","false","","Buildings","","","",""
"MY","2050","Buildings","ServicesFuel","biomass","DIRECT_FUEL","","","","","ServicesFuel","EXPLICIT","","2019","","","PENDING_ACCEPTED_COUNTRY_NODE_WEIGHTS","PENDING_ACCEPTED_SHAPE_AND_PHYSICAL_WEIGHTS","false","false","FIXED","PENDING","REPRESENTATION_ACCEPTED_NUMERIC_PENDING","PENDING_FUTURE_GROWTH; no default growth or heat conversion","MY:2050:Buildings:ServicesFuel:biomass","ServicesFuel","true","true","false","MISSING","MY:biomass","false","false","","Buildings","","","",""
"MY","2050","Buildings","ServicesFuel","coal","DIRECT_FUEL","","","","","ServicesFuel","EXPLICIT","","2019","","","PENDING_ACCEPTED_COUNTRY_NODE_WEIGHTS","PENDING_ACCEPTED_SHAPE_AND_PHYSICAL_WEIGHTS","false","false","FIXED","PENDING","REPRESENTATION_ACCEPTED_NUMERIC_PENDING","PENDING_FUTURE_GROWTH; no default growth or heat conversion","MY:2050:Buildings:ServicesFuel:coal","ServicesFuel","true","true","false","MISSING","MY:coal","false","false","","Buildings","","","",""
"MY","2050","Buildings","ServicesFuel","gas","DIRECT_FUEL","","","","","ServicesFuel","EXPLICIT","","2019","","","PENDING_ACCEPTED_COUNTRY_NODE_WEIGHTS","PENDING_ACCEPTED_SHAPE_AND_PHYSICAL_WEIGHTS","false","false","FIXED","PENDING","REPRESENTATION_ACCEPTED_NUMERIC_PENDING","PENDING_FUTURE_GROWTH; no default growth or heat conversion","MY:2050:Buildings:ServicesFuel:gas","ServicesFuel","true","true","false","MISSING","MY:gas","false","false","","Buildings","","","",""
"MY","2050","Buildings","ServicesFuel","oil","DIRECT_FUEL","","","","","ServicesFuel","EXPLICIT","","2019","","","PENDING_ACCEPTED_COUNTRY_NODE_WEIGHTS","PENDING_ACCEPTED_SHAPE_AND_PHYSICAL_WEIGHTS","false","false","FIXED","PENDING","REPRESENTATION_ACCEPTED_NUMERIC_PENDING","PENDING_FUTURE_GROWTH; no default growth or heat conversion","MY:2050:Buildings:ServicesFuel:oil","ServicesFuel","true","true","false","MISSING","MY:oil","false","false","","Buildings","","","",""
"MY","2050","Bunker","InternationalAviationBunker","oil","BUNKER_FUEL","","","","","InternationalAviationBunker","EXPLICIT","","2019","","","PENDING_ACCEPTED_COUNTRY_NODE_WEIGHTS","PENDING_ACCEPTED_SHAPE_AND_PHYSICAL_WEIGHTS","false","false","FIXED","PENDING","REPRESENTATION_ACCEPTED_NUMERIC_PENDING","PENDING_FUTURE_GROWTH; upstream default projection not accepted","MY:2050:Bunker:InternationalAviationBunker:oil","InternationalAviationBunker","true","true","false","MISSING","MY:oil","false","false","","bunker","","","",""
"MY","2050","Bunker","InternationalShippingBunker","oil","BUNKER_FUEL","","","","","InternationalShippingBunker","EXPLICIT","","2019","","","PENDING_ACCEPTED_COUNTRY_NODE_WEIGHTS","PENDING_ACCEPTED_SHAPE_AND_PHYSICAL_WEIGHTS","false","false","FIXED","PENDING","REPRESENTATION_ACCEPTED_NUMERIC_PENDING","PENDING_FUTURE_GROWTH; upstream default projection not accepted","MY:2050:Bunker:InternationalShippingBunker:oil","InternationalShippingBunker","true","true","false","MISSING","MY:oil","false","false","","bunker","","","",""
"MY","2050","Electricity","Astar","electricity","DIRECT_ELECTRICITY","","","","","Astar","EXPLICIT","","2019","","","PENDING_ACCEPTED_COUNTRY_NODE_WEIGHTS","PENDING_ACCEPTED_SHAPE_AND_PHYSICAL_WEIGHTS","true","false","FIXED","PENDING","REPRESENTATION_ACCEPTED_NUMERIC_PENDING","FUTURE_DIRECT_ELECTRICITY_PENDING; no AEO8 generation/DemandCast/default-growth fallback","MY:2050:Electricity:Astar:electricity","Astar","true","true","false","MISSING","MY:electricity","false","false","","electricity","","","",""
"MY","2050","Industry","IndustryDirectElectricity","electricity","EMBEDDED","","","","Astar","IndustryDirectElectricity","EMBEDDED","","2019","","","PENDING_ACCEPTED_COUNTRY_NODE_WEIGHTS","PENDING_ACCEPTED_SHAPE_AND_PHYSICAL_WEIGHTS","true","false","FIXED","PENDING","REPRESENTATION_ACCEPTED_NUMERIC_PENDING","Future direct electricity remains within Astar; no separate Load; growth unaccepted","MY:2050:Industry:IndustryDirectElectricity:electricity","Astar","false","false","false","MISSING","MY:electricity","false","false","","Industry","","","",""
"MY","2050","Industry","IndustryFinalEnergy","biomass","DIRECT_FUEL","","","","","IndustryFinalEnergy","EXPLICIT","","2019","","","PENDING_ACCEPTED_COUNTRY_NODE_WEIGHTS","PENDING_ACCEPTED_SHAPE_AND_PHYSICAL_WEIGHTS","false","false","FIXED","PENDING","REPRESENTATION_ACCEPTED_NUMERIC_PENDING","PENDING_FUTURE_GROWTH; no DEFAULT or zero-growth assumption","MY:2050:Industry:IndustryFinalEnergy:biomass","IndustryFinalEnergy","true","true","false","MISSING","MY:biomass","false","false","","Industry","","","",""
"MY","2050","Industry","IndustryFinalEnergy","coal","DIRECT_FUEL","","","","","IndustryFinalEnergy","EXPLICIT","","2019","","","PENDING_ACCEPTED_COUNTRY_NODE_WEIGHTS","PENDING_ACCEPTED_SHAPE_AND_PHYSICAL_WEIGHTS","false","false","FIXED","PENDING","REPRESENTATION_ACCEPTED_NUMERIC_PENDING","PENDING_FUTURE_GROWTH; no DEFAULT or zero-growth assumption","MY:2050:Industry:IndustryFinalEnergy:coal","IndustryFinalEnergy","true","true","false","MISSING","MY:coal","false","false","","Industry","","","",""
"MY","2050","Industry","IndustryFinalEnergy","gas","DIRECT_FUEL","","","","","IndustryFinalEnergy","EXPLICIT","","2019","","","PENDING_ACCEPTED_COUNTRY_NODE_WEIGHTS","PENDING_ACCEPTED_SHAPE_AND_PHYSICAL_WEIGHTS","false","false","FIXED","PENDING","REPRESENTATION_ACCEPTED_NUMERIC_PENDING","PENDING_FUTURE_GROWTH; no DEFAULT or zero-growth assumption","MY:2050:Industry:IndustryFinalEnergy:gas","IndustryFinalEnergy","true","true","false","MISSING","MY:gas","false","false","","Industry","","","",""
"MY","2050","Industry","IndustryFinalEnergy","oil","DIRECT_FUEL","","","","","IndustryFinalEnergy","EXPLICIT","","2019","","","PENDING_ACCEPTED_COUNTRY_NODE_WEIGHTS","PENDING_ACCEPTED_SHAPE_AND_PHYSICAL_WEIGHTS","false","false","FIXED","PENDING","REPRESENTATION_ACCEPTED_NUMERIC_PENDING","PENDING_FUTURE_GROWTH; no DEFAULT or zero-growth assumption","MY:2050:Industry:IndustryFinalEnergy:oil","IndustryFinalEnergy","true","true","false","MISSING","MY:oil","false","false","","Industry","","","",""
"MY","2050","Transport","DomesticAviationFuel","oil","DIRECT_FUEL","","","","","DomesticAviationFuel","EXPLICIT","","2019","","","PENDING_ACCEPTED_COUNTRY_NODE_WEIGHTS","PENDING_ACCEPTED_SHAPE_AND_PHYSICAL_WEIGHTS","false","false","FIXED","PENDING","REPRESENTATION_ACCEPTED_NUMERIC_PENDING","PENDING_FUTURE_GROWTH; upstream default projection not accepted","MY:2050:Transport:DomesticAviationFuel:oil","DomesticAviationFuel","true","true","false","MISSING","MY:oil","false","false","","bunker","","","",""
"MY","2050","Transport","DomesticShippingFuel","oil","DIRECT_FUEL","","","","","DomesticShippingFuel","EXPLICIT","","2019","","","PENDING_ACCEPTED_COUNTRY_NODE_WEIGHTS","PENDING_ACCEPTED_SHAPE_AND_PHYSICAL_WEIGHTS","false","false","FIXED","PENDING","REPRESENTATION_ACCEPTED_NUMERIC_PENDING","PENDING_FUTURE_GROWTH; upstream default projection not accepted","MY:2050:Transport:DomesticShippingFuel:oil","DomesticShippingFuel","true","true","false","MISSING","MY:oil","false","false","","bunker","","","",""
"MY","2050","Transport","RailElectricity","electricity","EMBEDDED","","","","Astar","RailElectricity","EMBEDDED","","2019","","","PENDING_ACCEPTED_COUNTRY_NODE_WEIGHTS","PENDING_ACCEPTED_SHAPE_AND_PHYSICAL_WEIGHTS","true","false","FIXED","PENDING","REPRESENTATION_ACCEPTED_NUMERIC_PENDING","Future rail stays in Astar once; decomposition pending","MY:2050:Transport:RailElectricity:electricity","Astar","false","false","false","MISSING","MY:electricity","false","false","","Transport","","","",""
"MY","2050","Transport","RoadEVFinalElectricity","electricity","DIRECT_ELECTRICITY","","","","","RoadEVFinalElectricity","EXPLICIT","","2019","","","PENDING_ACCEPTED_COUNTRY_NODE_WEIGHTS","PENDING_ACCEPTED_SHAPE_AND_PHYSICAL_WEIGHTS","false","false","FIXED","PENDING","REPRESENTATION_ACCEPTED_NUMERIC_PENDING","External final-energy share pending; future EV excluded from future direct Astar; no kWh/km proxy","MY:2050:Transport:RoadEVFinalElectricity:electricity","RoadEVFinalElectricity","true","true","false","MISSING","MY:electricity","false","false","","Transport","","","",""
"MY","2050","Transport","RoadResidualFuel","biomass","DIRECT_FUEL","","","","","RoadResidualFuel","EXPLICIT","","2019","","","PENDING_ACCEPTED_COUNTRY_NODE_WEIGHTS","PENDING_ACCEPTED_SHAPE_AND_PHYSICAL_WEIGHTS","false","false","FIXED","PENDING","REPRESENTATION_ACCEPTED_NUMERIC_PENDING","PENDING_FUTURE_GROWTH_AND_EV_ENERGY_PATH; carrier vector retained","MY:2050:Transport:RoadResidualFuel:biomass","RoadResidualFuel","true","true","false","MISSING","MY:biomass","false","false","","Transport","","","",""
"MY","2050","Transport","RoadResidualFuel","gas","DIRECT_FUEL","","","","","RoadResidualFuel","EXPLICIT","","2019","","","PENDING_ACCEPTED_COUNTRY_NODE_WEIGHTS","PENDING_ACCEPTED_SHAPE_AND_PHYSICAL_WEIGHTS","false","false","FIXED","PENDING","REPRESENTATION_ACCEPTED_NUMERIC_PENDING","PENDING_FUTURE_GROWTH_AND_EV_ENERGY_PATH; carrier vector retained","MY:2050:Transport:RoadResidualFuel:gas","RoadResidualFuel","true","true","false","MISSING","MY:gas","false","false","","Transport","","","",""
"MY","2050","Transport","RoadResidualFuel","oil","DIRECT_FUEL","","","","","RoadResidualFuel","EXPLICIT","","2019","","","PENDING_ACCEPTED_COUNTRY_NODE_WEIGHTS","PENDING_ACCEPTED_SHAPE_AND_PHYSICAL_WEIGHTS","false","false","FIXED","PENDING","REPRESENTATION_ACCEPTED_NUMERIC_PENDING","PENDING_FUTURE_GROWTH_AND_EV_ENERGY_PATH; carrier vector retained","MY:2050:Transport:RoadResidualFuel:oil","RoadResidualFuel","true","true","false","MISSING","MY:oil","false","false","","Transport","","","",""
"MY","2050","Transport","TransportEmbeddedFuelParent","unclassified_fuel","UNCLASSIFIED","","","","","TransportEmbeddedFuelParent","EXPLICIT","","2019","","","PENDING_ACCEPTED_COUNTRY_NODE_WEIGHTS","PENDING_ACCEPTED_SHAPE_AND_PHYSICAL_WEIGHTS","false","false","FIXED","PENDING","REPRESENTATION_ACCEPTED_NUMERIC_PENDING","Rail fuel remains within one pending transport fuel parent; no duplicate rail Load","MY:2050:Transport:TransportEmbeddedFuelParent:unclassified_fuel","TransportEmbeddedFuelParent","true","true","false","MISSING","","false","false","","Transport","","","",""
"PH","2019","Agriculture","AgricultureFinalEnergy","biomass","DIRECT_FUEL","0.0461","TWh/year","46100.0","","AgricultureFinalEnergy","EXPLICIT","/home/jin/research/SGP_ESE5004_Stage2/pypsa-asean/resources/baseline-aims-3H-tutorial/energy_totals_base.csv","2019","af27beafc01cfb1920a23e632c05e858883a28efd9bbf94df3dfdba455fde261","Frozen derived cache; TWh/year -> MWh; raw/calorific provenance still pending","PENDING_ACCEPTED_COUNTRY_NODE_WEIGHTS","PENDING_ACCEPTED_SHAPE_AND_PHYSICAL_WEIGHTS","false","false","FIXED","FROZEN_UPSTREAM","REPRESENTATION_ACCEPTED_NUMERIC_PENDING","No agriculture technology model; retain each original fuel; candidate energy preserved; upstream add_agriculture does not consume this carrier","PH:2019:Agriculture:AgricultureFinalEnergy:biomass","AgricultureFinalEnergy","true","true","false","POSITIVE_CACHE_VALUE","PH:biomass","false","false","PH/agriculture biomass","Agriculture","","","",""
"PH","2019","Agriculture","AgricultureFinalEnergy","coal","DIRECT_FUEL","0.0","TWh/year","","","AgricultureFinalEnergy","EXPLICIT","/home/jin/research/SGP_ESE5004_Stage2/pypsa-asean/resources/baseline-aims-3H-tutorial/energy_totals_base.csv","2019","af27beafc01cfb1920a23e632c05e858883a28efd9bbf94df3dfdba455fde261","Frozen derived cache; TWh/year -> MWh; raw/calorific provenance still pending","PENDING_ACCEPTED_COUNTRY_NODE_WEIGHTS","PENDING_ACCEPTED_SHAPE_AND_PHYSICAL_WEIGHTS","false","false","FIXED","MISSING","REPRESENTATION_ACCEPTED_NUMERIC_PENDING","No agriculture technology model; retain each original fuel; cache zero has no certified raw-zero evidence","PH:2019:Agriculture:AgricultureFinalEnergy:coal","AgricultureFinalEnergy","true","true","false","CACHE_ZERO_UNVERIFIED","PH:coal","false","false","PH/agriculture coal","Agriculture","","","",""
"PH","2019","Agriculture","AgricultureFinalEnergy","electricity","EMBEDDED","2790","Kilowatt-hours, million","2790000.0","Astar","AgricultureFinalEnergy","EMBEDDED","/home/jin/research/SGP_ESE5004_Stage2/pypsa-asean/data/demand/unsd/data/UNdata_Export_20250502_110820872.txt","2019","12c99b3c40927449d9a4d0402f255a8b84b24917ff58e54efd4ec43b2125fe6b","Exact raw transaction; million kWh * 1000 = MWh; no losses or AEO scaling","PENDING_ACCEPTED_COUNTRY_NODE_WEIGHTS","PENDING_ACCEPTED_SHAPE_AND_PHYSICAL_WEIGHTS","true","false","FIXED","PENDING","REPRESENTATION_ACCEPTED_NUMERIC_PENDING","No agriculture technology model; retain each original fuel","PH:2019:Agriculture:AgricultureFinalEnergy:electricity","Astar","false","false","false","REPORTED_VALUE","PH:electricity","false","false","Consumption in agriculture, forestry and fishing; physical line end 70852","Agriculture","","","",""
"PH","2019","Agriculture","AgricultureFinalEnergy","oil","DIRECT_FUEL","2.8012","TWh/year","2801200.0","","AgricultureFinalEnergy","EXPLICIT","/home/jin/research/SGP_ESE5004_Stage2/pypsa-asean/resources/baseline-aims-3H-tutorial/energy_totals_base.csv","2019","af27beafc01cfb1920a23e632c05e858883a28efd9bbf94df3dfdba455fde261","Frozen derived cache; TWh/year -> MWh; raw/calorific provenance still pending","PENDING_ACCEPTED_COUNTRY_NODE_WEIGHTS","PENDING_ACCEPTED_SHAPE_AND_PHYSICAL_WEIGHTS","false","false","FIXED","FROZEN_UPSTREAM","REPRESENTATION_ACCEPTED_NUMERIC_PENDING","No agriculture technology model; retain each original fuel","PH:2019:Agriculture:AgricultureFinalEnergy:oil","AgricultureFinalEnergy","true","true","false","POSITIVE_CACHE_VALUE","PH:oil","false","false","PH/agriculture oil","Agriculture","","","",""
"PH","2019","Buildings","ResidentialCooking","mixed","EMBEDDED","","","","ResidentialDirectEnergy","ResidentialCooking","EMBEDDED","","2019","","","PENDING_ACCEPTED_COUNTRY_NODE_WEIGHTS","PENDING_ACCEPTED_SHAPE_AND_PHYSICAL_WEIGHTS","false","false","FIXED","EMBEDDED","REPRESENTATION_ACCEPTED_VALUES_NOT_DEFINED","No additional service obligation. Existing final electricity/fuel keeps ownership. Cooking is not space/water heat.","PH:2019:Buildings:ResidentialCooking:mixed","Astar_and_original_fuels","false","false","false","MISSING","PH:mixed","false","false","","Buildings","","","",""
"PH","2019","Buildings","ResidentialCooling","electricity","EMBEDDED","","","","ResidentialDirectEnergy","ResidentialCooling","EMBEDDED","","2019","","","PENDING_ACCEPTED_COUNTRY_NODE_WEIGHTS","PENDING_ACCEPTED_SHAPE_AND_PHYSICAL_WEIGHTS","true","false","FIXED","EMBEDDED","REPRESENTATION_ACCEPTED_VALUES_NOT_DEFINED","No additional service obligation. Existing final electricity/fuel keeps ownership. Cooking is not space/water heat.","PH:2019:Buildings:ResidentialCooling:electricity","Astar_and_original_fuels","false","false","false","MISSING","PH:electricity","false","false","","Buildings","","","",""
"PH","2019","Buildings","ResidentialDirectElectricity","electricity","DIRECT_ELECTRICITY","30552","Kilowatt-hours, million","30552000.0","Astar","ResidentialDirectElectricity","EMBEDDED","/home/jin/research/SGP_ESE5004_Stage2/pypsa-asean/data/demand/unsd/data/UNdata_Export_20250502_110820872.txt","2019","12c99b3c40927449d9a4d0402f255a8b84b24917ff58e54efd4ec43b2125fe6b","Exact raw transaction; million kWh * 1000 = MWh; no losses or AEO scaling","PENDING_ACCEPTED_COUNTRY_NODE_WEIGHTS","PENDING_ACCEPTED_SHAPE_AND_PHYSICAL_WEIGHTS","true","false","FIXED","PENDING","REPRESENTATION_ACCEPTED_NUMERIC_PENDING","Separate R/S identity retained in Astar; no second electricity Load; numeric decomposition is unaccepted","PH:2019:Buildings:ResidentialDirectElectricity:electricity","Astar","false","false","false","REPORTED_VALUE","PH:electricity","false","false","Consumption by households; physical line end 70837","Buildings","","","",""
"PH","2019","Buildings","ResidentialFuel","biomass","DIRECT_FUEL","59.4536","TWh/year","59453600.0","","ResidentialFuel","EXPLICIT","/home/jin/research/SGP_ESE5004_Stage2/pypsa-asean/resources/baseline-aims-3H-tutorial/energy_totals_base.csv","2019","af27beafc01cfb1920a23e632c05e858883a28efd9bbf94df3dfdba455fde261","Frozen derived cache; TWh/year -> MWh; raw/calorific provenance still pending","PENDING_ACCEPTED_COUNTRY_NODE_WEIGHTS","PENDING_ACCEPTED_SHAPE_AND_PHYSICAL_WEIGHTS","false","false","FIXED","FROZEN_UPSTREAM","REPRESENTATION_ACCEPTED_NUMERIC_PENDING","Fixed final fuel; no useful-heat inference; cooking remains within original fuel. Coal not recast as electricity.","PH:2019:Buildings:ResidentialFuel:biomass","ResidentialFuel","true","true","false","POSITIVE_CACHE_VALUE","PH:biomass","false","false","PH/residential biomass","Buildings","","","",""
"PH","2019","Buildings","ResidentialFuel","coal","DIRECT_FUEL","","TWh/year","","","ResidentialFuel","EXPLICIT","/home/jin/research/SGP_ESE5004_Stage2/pypsa-asean/resources/baseline-aims-3H-tutorial/energy_totals_base.csv","2019","af27beafc01cfb1920a23e632c05e858883a28efd9bbf94df3dfdba455fde261","Frozen derived cache; TWh/year -> MWh; raw/calorific provenance still pending","PENDING_ACCEPTED_COUNTRY_NODE_WEIGHTS","PENDING_ACCEPTED_SHAPE_AND_PHYSICAL_WEIGHTS","false","false","FIXED","MISSING","REPRESENTATION_ACCEPTED_NUMERIC_PENDING","Fixed final fuel; no useful-heat inference; cooking remains within original fuel. Coal not recast as electricity.; cache has no original R/S coal column; source recovery required","PH:2019:Buildings:ResidentialFuel:coal","ResidentialFuel","true","true","false","MISSING","PH:coal","false","false","PH/residential coal","Buildings","","","",""
"PH","2019","Buildings","ResidentialFuel","gas","DIRECT_FUEL","0.0","TWh/year","","","ResidentialFuel","EXPLICIT","/home/jin/research/SGP_ESE5004_Stage2/pypsa-asean/resources/baseline-aims-3H-tutorial/energy_totals_base.csv","2019","af27beafc01cfb1920a23e632c05e858883a28efd9bbf94df3dfdba455fde261","Frozen derived cache; TWh/year -> MWh; raw/calorific provenance still pending","PENDING_ACCEPTED_COUNTRY_NODE_WEIGHTS","PENDING_ACCEPTED_SHAPE_AND_PHYSICAL_WEIGHTS","false","false","FIXED","MISSING","REPRESENTATION_ACCEPTED_NUMERIC_PENDING","Fixed final fuel; no useful-heat inference; cooking remains within original fuel. Coal not recast as electricity.; cache zero has no certified raw-zero evidence","PH:2019:Buildings:ResidentialFuel:gas","ResidentialFuel","true","true","false","CACHE_ZERO_UNVERIFIED","PH:gas","false","false","PH/residential gas","Buildings","","","",""
"PH","2019","Buildings","ResidentialFuel","oil","DIRECT_FUEL","15.1533","TWh/year","15153300.0","","ResidentialFuel","EXPLICIT","/home/jin/research/SGP_ESE5004_Stage2/pypsa-asean/resources/baseline-aims-3H-tutorial/energy_totals_base.csv","2019","af27beafc01cfb1920a23e632c05e858883a28efd9bbf94df3dfdba455fde261","Frozen derived cache; TWh/year -> MWh; raw/calorific provenance still pending","PENDING_ACCEPTED_COUNTRY_NODE_WEIGHTS","PENDING_ACCEPTED_SHAPE_AND_PHYSICAL_WEIGHTS","false","false","FIXED","FROZEN_UPSTREAM","REPRESENTATION_ACCEPTED_NUMERIC_PENDING","Fixed final fuel; no useful-heat inference; cooking remains within original fuel. Coal not recast as electricity.","PH:2019:Buildings:ResidentialFuel:oil","ResidentialFuel","true","true","false","POSITIVE_CACHE_VALUE","PH:oil","false","false","PH/residential oil","Buildings","","","",""
"PH","2019","Buildings","ResidentialSpaceHeat","mixed","EMBEDDED","","","","ResidentialDirectEnergy","ResidentialSpaceHeat","EMBEDDED","","2019","","","PENDING_ACCEPTED_COUNTRY_NODE_WEIGHTS","PENDING_ACCEPTED_SHAPE_AND_PHYSICAL_WEIGHTS","false","false","FIXED","EMBEDDED","REPRESENTATION_ACCEPTED_VALUES_NOT_DEFINED","No additional service obligation. Existing final electricity/fuel keeps ownership. Cooking is not space/water heat.","PH:2019:Buildings:ResidentialSpaceHeat:mixed","Astar_and_original_fuels","false","false","false","MISSING","PH:mixed","false","false","","Buildings","","","",""
"PH","2019","Buildings","ResidentialWaterHeat","mixed","EMBEDDED","","","","ResidentialDirectEnergy","ResidentialWaterHeat","EMBEDDED","","2019","","","PENDING_ACCEPTED_COUNTRY_NODE_WEIGHTS","PENDING_ACCEPTED_SHAPE_AND_PHYSICAL_WEIGHTS","false","false","FIXED","EMBEDDED","REPRESENTATION_ACCEPTED_VALUES_NOT_DEFINED","No additional service obligation. Existing final electricity/fuel keeps ownership. Cooking is not space/water heat.","PH:2019:Buildings:ResidentialWaterHeat:mixed","Astar_and_original_fuels","false","false","false","MISSING","PH:mixed","false","false","","Buildings","","","",""
"PH","2019","Buildings","ServicesCooking","mixed","EMBEDDED","","","","ServicesDirectEnergy","ServicesCooking","EMBEDDED","","2019","","","PENDING_ACCEPTED_COUNTRY_NODE_WEIGHTS","PENDING_ACCEPTED_SHAPE_AND_PHYSICAL_WEIGHTS","false","false","FIXED","EMBEDDED","REPRESENTATION_ACCEPTED_VALUES_NOT_DEFINED","No additional service obligation. Existing final electricity/fuel keeps ownership. Cooking is not space/water heat.","PH:2019:Buildings:ServicesCooking:mixed","Astar_and_original_fuels","false","false","false","MISSING","PH:mixed","false","false","","Buildings","","","",""
"PH","2019","Buildings","ServicesCooling","electricity","EMBEDDED","","","","ServicesDirectEnergy","ServicesCooling","EMBEDDED","","2019","","","PENDING_ACCEPTED_COUNTRY_NODE_WEIGHTS","PENDING_ACCEPTED_SHAPE_AND_PHYSICAL_WEIGHTS","true","false","FIXED","EMBEDDED","REPRESENTATION_ACCEPTED_VALUES_NOT_DEFINED","No additional service obligation. Existing final electricity/fuel keeps ownership. Cooking is not space/water heat.","PH:2019:Buildings:ServicesCooling:electricity","Astar_and_original_fuels","false","false","false","MISSING","PH:electricity","false","false","","Buildings","","","",""
"PH","2019","Buildings","ServicesDirectElectricity","electricity","DIRECT_ELECTRICITY","25476","Kilowatt-hours, million","25476000.0","Astar","ServicesDirectElectricity","EMBEDDED","/home/jin/research/SGP_ESE5004_Stage2/pypsa-asean/data/demand/unsd/data/UNdata_Export_20250502_110820872.txt","2019","12c99b3c40927449d9a4d0402f255a8b84b24917ff58e54efd4ec43b2125fe6b","Exact raw transaction; million kWh * 1000 = MWh; no losses or AEO scaling","PENDING_ACCEPTED_COUNTRY_NODE_WEIGHTS","PENDING_ACCEPTED_SHAPE_AND_PHYSICAL_WEIGHTS","true","false","FIXED","PENDING","REPRESENTATION_ACCEPTED_NUMERIC_PENDING","Separate R/S identity retained in Astar; no second electricity Load; numeric decomposition is unaccepted","PH:2019:Buildings:ServicesDirectElectricity:electricity","Astar","false","false","false","REPORTED_VALUE","PH:electricity","false","false","Consumption by commercial and public services; physical line end 70871","Buildings","","","",""
"PH","2019","Buildings","ServicesFuel","biomass","DIRECT_FUEL","4.5623","TWh/year","4562300.0","","ServicesFuel","EXPLICIT","/home/jin/research/SGP_ESE5004_Stage2/pypsa-asean/resources/baseline-aims-3H-tutorial/energy_totals_base.csv","2019","af27beafc01cfb1920a23e632c05e858883a28efd9bbf94df3dfdba455fde261","Frozen derived cache; TWh/year -> MWh; raw/calorific provenance still pending","PENDING_ACCEPTED_COUNTRY_NODE_WEIGHTS","PENDING_ACCEPTED_SHAPE_AND_PHYSICAL_WEIGHTS","false","false","FIXED","FROZEN_UPSTREAM","REPRESENTATION_ACCEPTED_NUMERIC_PENDING","Fixed final fuel; no useful-heat inference; cooking remains within original fuel. Coal not recast as electricity.","PH:2019:Buildings:ServicesFuel:biomass","ServicesFuel","true","true","false","POSITIVE_CACHE_VALUE","PH:biomass","false","false","PH/services biomass","Buildings","","","",""
"PH","2019","Buildings","ServicesFuel","coal","DIRECT_FUEL","","TWh/year","","","ServicesFuel","EXPLICIT","/home/jin/research/SGP_ESE5004_Stage2/pypsa-asean/resources/baseline-aims-3H-tutorial/energy_totals_base.csv","2019","af27beafc01cfb1920a23e632c05e858883a28efd9bbf94df3dfdba455fde261","Frozen derived cache; TWh/year -> MWh; raw/calorific provenance still pending","PENDING_ACCEPTED_COUNTRY_NODE_WEIGHTS","PENDING_ACCEPTED_SHAPE_AND_PHYSICAL_WEIGHTS","false","false","FIXED","MISSING","REPRESENTATION_ACCEPTED_NUMERIC_PENDING","Fixed final fuel; no useful-heat inference; cooking remains within original fuel. Coal not recast as electricity.; cache has no original R/S coal column; source recovery required","PH:2019:Buildings:ServicesFuel:coal","ServicesFuel","true","true","false","MISSING","PH:coal","false","false","PH/services coal","Buildings","","","",""
"PH","2019","Buildings","ServicesFuel","gas","DIRECT_FUEL","0.0","TWh/year","","","ServicesFuel","EXPLICIT","/home/jin/research/SGP_ESE5004_Stage2/pypsa-asean/resources/baseline-aims-3H-tutorial/energy_totals_base.csv","2019","af27beafc01cfb1920a23e632c05e858883a28efd9bbf94df3dfdba455fde261","Frozen derived cache; TWh/year -> MWh; raw/calorific provenance still pending","PENDING_ACCEPTED_COUNTRY_NODE_WEIGHTS","PENDING_ACCEPTED_SHAPE_AND_PHYSICAL_WEIGHTS","false","false","FIXED","MISSING","REPRESENTATION_ACCEPTED_NUMERIC_PENDING","Fixed final fuel; no useful-heat inference; cooking remains within original fuel. Coal not recast as electricity.; cache zero has no certified raw-zero evidence","PH:2019:Buildings:ServicesFuel:gas","ServicesFuel","true","true","false","CACHE_ZERO_UNVERIFIED","PH:gas","false","false","PH/services gas","Buildings","","","",""
"PH","2019","Buildings","ServicesFuel","oil","DIRECT_FUEL","28.8287","TWh/year","28828700.0","","ServicesFuel","EXPLICIT","/home/jin/research/SGP_ESE5004_Stage2/pypsa-asean/resources/baseline-aims-3H-tutorial/energy_totals_base.csv","2019","af27beafc01cfb1920a23e632c05e858883a28efd9bbf94df3dfdba455fde261","Frozen derived cache; TWh/year -> MWh; raw/calorific provenance still pending","PENDING_ACCEPTED_COUNTRY_NODE_WEIGHTS","PENDING_ACCEPTED_SHAPE_AND_PHYSICAL_WEIGHTS","false","false","FIXED","FROZEN_UPSTREAM","REPRESENTATION_ACCEPTED_NUMERIC_PENDING","Fixed final fuel; no useful-heat inference; cooking remains within original fuel. Coal not recast as electricity.","PH:2019:Buildings:ServicesFuel:oil","ServicesFuel","true","true","false","POSITIVE_CACHE_VALUE","PH:oil","false","false","PH/services oil","Buildings","","","",""
"PH","2019","Buildings","ServicesSpaceHeat","mixed","EMBEDDED","","","","ServicesDirectEnergy","ServicesSpaceHeat","EMBEDDED","","2019","","","PENDING_ACCEPTED_COUNTRY_NODE_WEIGHTS","PENDING_ACCEPTED_SHAPE_AND_PHYSICAL_WEIGHTS","false","false","FIXED","EMBEDDED","REPRESENTATION_ACCEPTED_VALUES_NOT_DEFINED","No additional service obligation. Existing final electricity/fuel keeps ownership. Cooking is not space/water heat.","PH:2019:Buildings:ServicesSpaceHeat:mixed","Astar_and_original_fuels","false","false","false","MISSING","PH:mixed","false","false","","Buildings","","","",""
"PH","2019","Buildings","ServicesWaterHeat","mixed","EMBEDDED","","","","ServicesDirectEnergy","ServicesWaterHeat","EMBEDDED","","2019","","","PENDING_ACCEPTED_COUNTRY_NODE_WEIGHTS","PENDING_ACCEPTED_SHAPE_AND_PHYSICAL_WEIGHTS","false","false","FIXED","EMBEDDED","REPRESENTATION_ACCEPTED_VALUES_NOT_DEFINED","No additional service obligation. Existing final electricity/fuel keeps ownership. Cooking is not space/water heat.","PH:2019:Buildings:ServicesWaterHeat:mixed","Astar_and_original_fuels","false","false","false","MISSING","PH:mixed","false","false","","Buildings","","","",""
"PH","2019","Bunker","InternationalAviationBunker","oil","BUNKER_FUEL","20.0876","TWh/year","20087600.0","","InternationalAviationBunker","EXPLICIT","/home/jin/research/SGP_ESE5004_Stage2/pypsa-asean/resources/baseline-aims-3H-tutorial/energy_totals_base.csv","2019","af27beafc01cfb1920a23e632c05e858883a28efd9bbf94df3dfdba455fde261","Frozen derived cache; TWh/year -> MWh; raw/calorific provenance still pending","PENDING_ACCEPTED_COUNTRY_NODE_WEIGHTS","PENDING_ACCEPTED_SHAPE_AND_PHYSICAL_WEIGHTS","false","false","FIXED","FROZEN_UPSTREAM","REPRESENTATION_ACCEPTED_NUMERIC_PENDING","FIXED fuel obligation; FT is later endogenous supply. Review status: EXACT_SELECTED_CACHE_MATCH","PH:2019:Bunker:InternationalAviationBunker:oil","InternationalAviationBunker","true","true","false","POSITIVE_CACHE_VALUE","PH:oil","false","false","PH/total international aviation; bunker_review.json PH/InternationalAviationBunkerFuel","bunker","","","",""
"PH","2019","Bunker","InternationalShippingBunker","oil","BUNKER_FUEL","0.6408","TWh/year","640800.0","","InternationalShippingBunker","EXPLICIT","/home/jin/research/SGP_ESE5004_Stage2/pypsa-asean/resources/baseline-aims-3H-tutorial/energy_totals_base.csv","2019","af27beafc01cfb1920a23e632c05e858883a28efd9bbf94df3dfdba455fde261","Frozen derived cache; TWh/year -> MWh; raw/calorific provenance still pending","PENDING_ACCEPTED_COUNTRY_NODE_WEIGHTS","PENDING_ACCEPTED_SHAPE_AND_PHYSICAL_WEIGHTS","false","false","FIXED","FROZEN_UPSTREAM","REPRESENTATION_ACCEPTED_NUMERIC_PENDING","FIXED fuel obligation; FT is later endogenous supply. Review status: EXACT_SELECTED_CACHE_MATCH","PH:2019:Bunker:InternationalShippingBunker:oil","InternationalShippingBunker","true","true","false","POSITIVE_CACHE_VALUE","PH:oil","false","false","PH/total international navigation; bunker_review.json PH/InternationalShippingBunkerFuel","bunker","","","",""
"PH","2019","Conversion","EVIfConversion","electricity","ENDOGENOUS_CONVERSION_INPUT","","","","","EVIfConversion","CONTRACT_ONLY","","2019","","","PENDING_ACCEPTED_COUNTRY_NODE_WEIGHTS","PENDING_ACCEPTED_SHAPE_AND_PHYSICAL_WEIGHTS","false","false","ENDOGENOUS","PENDING","REPRESENTATION_ACCEPTED_NUMERIC_PENDING","No predetermined demand or Load; future accepted conversion Link owns its electricity input","PH:2019:Conversion:EVIfConversion:electricity","EVIfConversion","false","false","false","MISSING","PH:electricity","false","false","","electricity","","","",""
"PH","2019","Conversion","Electrolysis","electricity","ENDOGENOUS_CONVERSION_INPUT","","","","","Electrolysis","CONTRACT_ONLY","","2019","","","PENDING_ACCEPTED_COUNTRY_NODE_WEIGHTS","PENDING_ACCEPTED_SHAPE_AND_PHYSICAL_WEIGHTS","false","false","ENDOGENOUS","PENDING","REPRESENTATION_ACCEPTED_NUMERIC_PENDING","No predetermined demand or Load; future accepted conversion Link owns its electricity input","PH:2019:Conversion:Electrolysis:electricity","Electrolysis","false","false","false","MISSING","PH:electricity","false","false","","electricity","","","",""
"PH","2019","Conversion","FischerTropsch","electricity","ENDOGENOUS_CONVERSION_INPUT","","","","","FischerTropsch","CONTRACT_ONLY","","2019","","","PENDING_ACCEPTED_COUNTRY_NODE_WEIGHTS","PENDING_ACCEPTED_SHAPE_AND_PHYSICAL_WEIGHTS","false","false","ENDOGENOUS","PENDING","REPRESENTATION_ACCEPTED_NUMERIC_PENDING","No predetermined demand or Load; future accepted conversion Link owns its electricity input","PH:2019:Conversion:FischerTropsch:electricity","FischerTropsch","false","false","false","MISSING","PH:electricity","false","false","","electricity","","","",""
"PH","2019","Conversion","HeatPump","electricity","ENDOGENOUS_CONVERSION_INPUT","","","","","HeatPump","CONTRACT_ONLY","","2019","","","PENDING_ACCEPTED_COUNTRY_NODE_WEIGHTS","PENDING_ACCEPTED_SHAPE_AND_PHYSICAL_WEIGHTS","false","false","ENDOGENOUS","PENDING","REPRESENTATION_ACCEPTED_NUMERIC_PENDING","No predetermined demand or Load; future accepted conversion Link owns its electricity input","PH:2019:Conversion:HeatPump:electricity","HeatPump","false","false","false","MISSING","PH:electricity","false","false","","electricity","","","",""
"PH","2019","Conversion","ResistiveHeating","electricity","ENDOGENOUS_CONVERSION_INPUT","","","","","ResistiveHeating","CONTRACT_ONLY","","2019","","","PENDING_ACCEPTED_COUNTRY_NODE_WEIGHTS","PENDING_ACCEPTED_SHAPE_AND_PHYSICAL_WEIGHTS","false","false","ENDOGENOUS","PENDING","REPRESENTATION_ACCEPTED_NUMERIC_PENDING","No predetermined demand or Load; future accepted conversion Link owns its electricity input","PH:2019:Conversion:ResistiveHeating:electricity","ResistiveHeating","false","false","false","MISSING","PH:electricity","false","false","","electricity","","","",""
"PH","2019","Electricity","Astar","electricity","DIRECT_ELECTRICITY","87118.3","Kilowatt-hours, million","87118300.0","","Astar","EXPLICIT","/home/jin/research/SGP_ESE5004_Stage2/pypsa-asean/data/demand/unsd/data/UNdata_Export_20250502_110820872.txt","2019","12c99b3c40927449d9a4d0402f255a8b84b24917ff58e54efd4ec43b2125fe6b","Exact raw transaction; million kWh * 1000 = MWh; no losses or AEO scaling","PENDING_ACCEPTED_COUNTRY_NODE_WEIGHTS","PENDING_ACCEPTED_SHAPE_AND_PHYSICAL_WEIGHTS","true","false","FIXED","PENDING","REPRESENTATION_ACCEPTED_NUMERIC_PENDING","End-user final electricity before any accepted transfers; future conversion inputs excluded","PH:2019:Electricity:Astar:electricity","Astar","true","true","false","REPORTED_VALUE","PH:electricity","false","false","Final energy consumption; physical line end 70593","electricity","87118300.0","0.0","87118300.0","87118300.0"
"PH","2019","Industry","IndustryCacheElectricityReference","electricity","DIRECT_FUEL","28194100","MWh/year","28194100.0","","IndustryCacheElectricityReference","REFERENCE","/home/jin/research/SGP_ESE5004_Stage2/pypsa-asean/resources/baseline-aims-3H-tutorial/demand/base_industry_totals_2030.csv","2019","c62e8edab8451f93a4273f9214e6259306ea7e01a6ba9c85e7b7db48978aa404","Frozen derived cache; MWh/year -> MWh; raw/calorific provenance still pending","PENDING_ACCEPTED_COUNTRY_NODE_WEIGHTS","PENDING_ACCEPTED_SHAPE_AND_PHYSICAL_WEIGHTS","false","false","FIXED","REFERENCE_ONLY","REPRESENTATION_ACCEPTED_NUMERIC_PENDING","Base 2019 country/carrier sum of 13 cached industries; pre-NH3 deduction; raw calorific/feedstock boundary pending","PH:2019:Industry:IndustryCacheElectricityReference:electricity","IndustryCacheElectricityReference","false","false","false","POSITIVE_CACHE_VALUE","PH:electricity","false","false","PH/electricity; sum 13 columns","Industry","","","",""
"PH","2019","Industry","IndustryDirectElectricity","electricity","DIRECT_ELECTRICITY","28194.1","Kilowatt-hours, million","28194100.0","Astar","IndustryDirectElectricity","EMBEDDED","/home/jin/research/SGP_ESE5004_Stage2/pypsa-asean/data/demand/unsd/data/UNdata_Export_20250502_110820872.txt","2019","12c99b3c40927449d9a4d0402f255a8b84b24917ff58e54efd4ec43b2125fe6b","Exact raw transaction; million kWh * 1000 = MWh; no losses or AEO scaling","PENDING_ACCEPTED_COUNTRY_NODE_WEIGHTS","PENDING_ACCEPTED_SHAPE_AND_PHYSICAL_WEIGHTS","true","false","FIXED","PENDING","REPRESENTATION_ACCEPTED_NUMERIC_PENDING","Industrial final electricity stays inside Astar; no second industry Load. No process/service conversion","PH:2019:Industry:IndustryDirectElectricity:electricity","Astar","false","false","false","REPORTED_VALUE","PH:electricity","false","false","Consumption by manufacturing, construction and non-fuel industry; physical line end 70608","Industry","","","",""
"PH","2019","Industry","IndustryFuel","biomass","DIRECT_FUEL","7403607.9918773947","MWh/year","7403607.991877395","","IndustryFuel","EXPLICIT","/home/jin/research/SGP_ESE5004_Stage2/pypsa-asean/resources/baseline-aims-3H-tutorial/demand/base_industry_totals_2030.csv","2019","c62e8edab8451f93a4273f9214e6259306ea7e01a6ba9c85e7b7db48978aa404","Frozen derived cache; MWh/year -> MWh; raw/calorific provenance still pending","PENDING_ACCEPTED_COUNTRY_NODE_WEIGHTS","PENDING_ACCEPTED_SHAPE_AND_PHYSICAL_WEIGHTS","false","false","FIXED","FROZEN_UPSTREAM","REPRESENTATION_ACCEPTED_NUMERIC_PENDING","Base 2019 country/carrier sum of 13 cached industries; pre-NH3 deduction; raw calorific/feedstock boundary pending","PH:2019:Industry:IndustryFuel:biomass","IndustryFuel","true","true","false","POSITIVE_CACHE_VALUE","PH:biomass","false","false","PH/biomass; sum 13 columns","Industry","","","",""
"PH","2019","Industry","IndustryFuel","coal","DIRECT_FUEL","16336133.4","MWh/year","16336133.4","","IndustryFuel","EXPLICIT","/home/jin/research/SGP_ESE5004_Stage2/pypsa-asean/resources/baseline-aims-3H-tutorial/demand/base_industry_totals_2030.csv","2019","c62e8edab8451f93a4273f9214e6259306ea7e01a6ba9c85e7b7db48978aa404","Frozen derived cache; MWh/year -> MWh; raw/calorific provenance still pending","PENDING_ACCEPTED_COUNTRY_NODE_WEIGHTS","PENDING_ACCEPTED_SHAPE_AND_PHYSICAL_WEIGHTS","false","false","FIXED","FROZEN_UPSTREAM","REPRESENTATION_ACCEPTED_NUMERIC_PENDING","Base 2019 country/carrier sum of 13 cached industries; pre-NH3 deduction; raw calorific/feedstock boundary pending; MISSING_ENERGY_OBLIGATION in upstream add_industry","PH:2019:Industry:IndustryFuel:coal","IndustryFuel","true","true","false","POSITIVE_CACHE_VALUE","PH:coal","false","true","PH/coal; sum 13 columns","Industry","","","",""
"PH","2019","Industry","IndustryFuel","gas","DIRECT_FUEL","810769.66666666663","MWh/year","810769.6666666666","","IndustryFuel","EXPLICIT","/home/jin/research/SGP_ESE5004_Stage2/pypsa-asean/resources/baseline-aims-3H-tutorial/demand/base_industry_totals_2030.csv","2019","c62e8edab8451f93a4273f9214e6259306ea7e01a6ba9c85e7b7db48978aa404","Frozen derived cache; MWh/year -> MWh; raw/calorific provenance still pending","PENDING_ACCEPTED_COUNTRY_NODE_WEIGHTS","PENDING_ACCEPTED_SHAPE_AND_PHYSICAL_WEIGHTS","false","false","FIXED","FROZEN_UPSTREAM","REPRESENTATION_ACCEPTED_NUMERIC_PENDING","Base 2019 country/carrier sum of 13 cached industries; pre-NH3 deduction; raw calorific/feedstock boundary pending","PH:2019:Industry:IndustryFuel:gas","IndustryFuel","true","true","false","POSITIVE_CACHE_VALUE","PH:gas","false","false","PH/gas; sum 13 columns","Industry","","","",""
"PH","2019","Industry","IndustryFuel","heat","DIRECT_FUEL","","MWh/year","","","IndustryFuel","PENDING","/home/jin/research/SGP_ESE5004_Stage2/pypsa-asean/resources/baseline-aims-3H-tutorial/demand/base_industry_totals_2030.csv","2019","c62e8edab8451f93a4273f9214e6259306ea7e01a6ba9c85e7b7db48978aa404","Frozen derived cache; MWh/year -> MWh; raw/calorific provenance still pending","PENDING_ACCEPTED_COUNTRY_NODE_WEIGHTS","PENDING_ACCEPTED_SHAPE_AND_PHYSICAL_WEIGHTS","false","false","FIXED","MISSING","REPRESENTATION_ACCEPTED_NUMERIC_PENDING","No accepted independent H2 or qualified heat service; no new service obligation","PH:2019:Industry:IndustryFuel:heat","IndustryFuel","false","false","false","MISSING","PH:heat","false","false","PH/heat; sum 13 columns","Industry","","","",""
"PH","2019","Industry","IndustryFuel","hydrogen","DIRECT_FUEL","","MWh/year","","","IndustryFuel","PENDING","/home/jin/research/SGP_ESE5004_Stage2/pypsa-asean/resources/baseline-aims-3H-tutorial/demand/base_industry_totals_2030.csv","2019","c62e8edab8451f93a4273f9214e6259306ea7e01a6ba9c85e7b7db48978aa404","Frozen derived cache; MWh/year -> MWh; raw/calorific provenance still pending","PENDING_ACCEPTED_COUNTRY_NODE_WEIGHTS","PENDING_ACCEPTED_SHAPE_AND_PHYSICAL_WEIGHTS","false","false","FIXED","MISSING","REPRESENTATION_ACCEPTED_NUMERIC_PENDING","No accepted independent H2 or qualified heat service; no new service obligation","PH:2019:Industry:IndustryFuel:hydrogen","IndustryFuel","false","false","false","MISSING","PH:hydrogen","false","false","PH/hydrogen; sum 13 columns","Industry","","","",""
"PH","2019","Industry","IndustryFuel","oil","DIRECT_FUEL","16672554","MWh/year","16672554.0","","IndustryFuel","EXPLICIT","/home/jin/research/SGP_ESE5004_Stage2/pypsa-asean/resources/baseline-aims-3H-tutorial/demand/base_industry_totals_2030.csv","2019","c62e8edab8451f93a4273f9214e6259306ea7e01a6ba9c85e7b7db48978aa404","Frozen derived cache; MWh/year -> MWh; raw/calorific provenance still pending","PENDING_ACCEPTED_COUNTRY_NODE_WEIGHTS","PENDING_ACCEPTED_SHAPE_AND_PHYSICAL_WEIGHTS","false","false","FIXED","FROZEN_UPSTREAM","REPRESENTATION_ACCEPTED_NUMERIC_PENDING","Base 2019 country/carrier sum of 13 cached industries; pre-NH3 deduction; raw calorific/feedstock boundary pending","PH:2019:Industry:IndustryFuel:oil","IndustryFuel","true","true","false","POSITIVE_CACHE_VALUE","PH:oil","false","false","PH/oil; sum 13 columns","Industry","","","",""
"PH","2019","Transport","DomesticAviationFuel","oil","DIRECT_FUEL","7.7102","TWh/year","7710200.0","","DomesticAviationFuel","EXPLICIT","/home/jin/research/SGP_ESE5004_Stage2/pypsa-asean/resources/baseline-aims-3H-tutorial/energy_totals_base.csv","2019","af27beafc01cfb1920a23e632c05e858883a28efd9bbf94df3dfdba455fde261","Frozen derived cache; TWh/year -> MWh; raw/calorific provenance still pending","PENDING_ACCEPTED_COUNTRY_NODE_WEIGHTS","PENDING_ACCEPTED_SHAPE_AND_PHYSICAL_WEIGHTS","false","false","FIXED","BLOCKER","REPRESENTATION_ACCEPTED_NUMERIC_PENDING","FIXED fuel obligation; FT is later endogenous supply. Review status: EXACT_SELECTED_CACHE_MATCH_WITH_OMITTED_TRANSACTION_OR_COMMODITY; omitted transaction/commodity exists: no automatic correction","PH:2019:Transport:DomesticAviationFuel:oil","DomesticAviationFuel","true","true","false","POSITIVE_CACHE_VALUE","PH:oil","false","false","PH/total domestic aviation; bunker_review.json PH/DomesticAviationFuel","bunker","","","",""
"PH","2019","Transport","DomesticShippingFuel","oil","DIRECT_FUEL","4.3647","TWh/year","4364700.0","","DomesticShippingFuel","EXPLICIT","/home/jin/research/SGP_ESE5004_Stage2/pypsa-asean/resources/baseline-aims-3H-tutorial/energy_totals_base.csv","2019","af27beafc01cfb1920a23e632c05e858883a28efd9bbf94df3dfdba455fde261","Frozen derived cache; TWh/year -> MWh; raw/calorific provenance still pending","PENDING_ACCEPTED_COUNTRY_NODE_WEIGHTS","PENDING_ACCEPTED_SHAPE_AND_PHYSICAL_WEIGHTS","false","false","FIXED","BLOCKER","REPRESENTATION_ACCEPTED_NUMERIC_PENDING","FIXED fuel obligation; FT is later endogenous supply. Review status: EXACT_SELECTED_CACHE_MATCH_WITH_OMITTED_TRANSACTION_OR_COMMODITY; omitted transaction/commodity exists: no automatic correction","PH:2019:Transport:DomesticShippingFuel:oil","DomesticShippingFuel","true","true","false","POSITIVE_CACHE_VALUE","PH:oil","false","false","PH/total domestic navigation; bunker_review.json PH/DomesticShippingFuel","bunker","","","",""
"PH","2019","Transport","HistoricalRoadElectricity","electricity","DIRECT_ELECTRICITY","0.0","TWh/year","","Astar","HistoricalRoadElectricity","EMBEDDED","/home/jin/research/SGP_ESE5004_Stage2/pypsa-asean/resources/baseline-aims-3H-tutorial/energy_totals_base.csv","2019","af27beafc01cfb1920a23e632c05e858883a28efd9bbf94df3dfdba455fde261","Frozen derived cache; TWh/year -> MWh; raw/calorific provenance still pending","PENDING_ACCEPTED_COUNTRY_NODE_WEIGHTS","PENDING_ACCEPTED_SHAPE_AND_PHYSICAL_WEIGHTS","true","false","FIXED","MISSING","REPRESENTATION_ACCEPTED_NUMERIC_PENDING","Historical EV membership/quantity pending; retain any such energy inside Astar; no transfer performed; cache zero has no certified raw-zero evidence","PH:2019:Transport:HistoricalRoadElectricity:electricity","Astar","false","false","false","CACHE_ZERO_UNVERIFIED","PH:electricity","false","false","PH/road electricity","Transport","","","",""
"PH","2019","Transport","RailElectricity","electricity","EMBEDDED","106.2","Kilowatt-hours, million","106200.0","Astar","RailElectricity","EMBEDDED","/home/jin/research/SGP_ESE5004_Stage2/pypsa-asean/data/demand/unsd/data/UNdata_Export_20250502_110820872.txt","2019","12c99b3c40927449d9a4d0402f255a8b84b24917ff58e54efd4ec43b2125fe6b","Exact raw transaction; million kWh * 1000 = MWh; no losses or AEO scaling","PENDING_ACCEPTED_COUNTRY_NODE_WEIGHTS","PENDING_ACCEPTED_SHAPE_AND_PHYSICAL_WEIGHTS","true","false","FIXED","PENDING","REPRESENTATION_ACCEPTED_NUMERIC_PENDING","Rail electricity occurs only within Astar; no independent rail Load","PH:2019:Transport:RailElectricity:electricity","Astar","false","false","false","REPORTED_VALUE","PH:electricity","false","false","Consumption by rail; physical line end 70807","Transport","","","",""
"PH","2019","Transport","RailFinalEnergyReference","mixed","DIRECT_FUEL","0.1256","TWh/year","125599.99999999999","","RailFinalEnergyReference","REFERENCE","/home/jin/research/SGP_ESE5004_Stage2/pypsa-asean/resources/baseline-aims-3H-tutorial/energy_totals_base.csv","2019","af27beafc01cfb1920a23e632c05e858883a28efd9bbf94df3dfdba455fde261","Frozen derived cache; TWh/year -> MWh; raw/calorific provenance still pending","PENDING_ACCEPTED_COUNTRY_NODE_WEIGHTS","PENDING_ACCEPTED_SHAPE_AND_PHYSICAL_WEIGHTS","false","false","FIXED","FROZEN_UPSTREAM","REPRESENTATION_ACCEPTED_NUMERIC_PENDING","Reference total only; fuel decomposition pending; no independent rail Load","PH:2019:Transport:RailFinalEnergyReference:mixed","RailFinalEnergyReference","false","false","false","POSITIVE_CACHE_VALUE","PH:mixed","false","false","PH/total rail","Transport","","","",""
"PH","2019","Transport","RoadParentFinalEnergy","all_final_energy","DIRECT_FUEL","135.7023","TWh/year","135702300.0","","RoadParentFinalEnergy","REFERENCE","/home/jin/research/SGP_ESE5004_Stage2/pypsa-asean/resources/baseline-aims-3H-tutorial/energy_totals_base.csv","2019","af27beafc01cfb1920a23e632c05e858883a28efd9bbf94df3dfdba455fde261","Frozen derived cache; TWh/year -> MWh; raw/calorific provenance still pending","PENDING_ACCEPTED_COUNTRY_NODE_WEIGHTS","PENDING_ACCEPTED_SHAPE_AND_PHYSICAL_WEIGHTS","false","false","FIXED","FROZEN_UPSTREAM","REPRESENTATION_ACCEPTED_NUMERIC_PENDING","Independent cached final-energy control, not an extra fuel Load; EV share not accepted","PH:2019:Transport:RoadParentFinalEnergy:all_final_energy","RoadParentFinalEnergy","false","false","false","POSITIVE_CACHE_VALUE","PH:all_final_energy","false","false","PH/total road","Transport","","","",""
"PH","2019","Transport","RoadResidualFuel","biomass","DIRECT_FUEL","8.2439","TWh/year","8243900.0","","RoadResidualFuel","EXPLICIT","/home/jin/research/SGP_ESE5004_Stage2/pypsa-asean/resources/baseline-aims-3H-tutorial/energy_totals_base.csv","2019","af27beafc01cfb1920a23e632c05e858883a28efd9bbf94df3dfdba455fde261","Frozen derived cache; TWh/year -> MWh; raw/calorific provenance still pending","PENDING_ACCEPTED_COUNTRY_NODE_WEIGHTS","PENDING_ACCEPTED_SHAPE_AND_PHYSICAL_WEIGHTS","false","false","FIXED","FROZEN_UPSTREAM","REPRESENTATION_ACCEPTED_NUMERIC_PENDING","Base-year carrier observation; future residual vector requires accepted energy share and fuel composition","PH:2019:Transport:RoadResidualFuel:biomass","RoadResidualFuel","true","true","false","POSITIVE_CACHE_VALUE","PH:biomass","false","false","PH/road biomass","Transport","","","",""
"PH","2019","Transport","RoadResidualFuel","gas","DIRECT_FUEL","0.0","TWh/year","","","RoadResidualFuel","EXPLICIT","/home/jin/research/SGP_ESE5004_Stage2/pypsa-asean/resources/baseline-aims-3H-tutorial/energy_totals_base.csv","2019","af27beafc01cfb1920a23e632c05e858883a28efd9bbf94df3dfdba455fde261","Frozen derived cache; TWh/year -> MWh; raw/calorific provenance still pending","PENDING_ACCEPTED_COUNTRY_NODE_WEIGHTS","PENDING_ACCEPTED_SHAPE_AND_PHYSICAL_WEIGHTS","false","false","FIXED","MISSING","REPRESENTATION_ACCEPTED_NUMERIC_PENDING","Base-year carrier observation; future residual vector requires accepted energy share and fuel composition; cache zero has no certified raw-zero evidence","PH:2019:Transport:RoadResidualFuel:gas","RoadResidualFuel","true","true","false","CACHE_ZERO_UNVERIFIED","PH:gas","false","false","PH/road gas","Transport","","","",""
"PH","2019","Transport","RoadResidualFuel","oil","DIRECT_FUEL","127.4584","TWh/year","127458400.0","","RoadResidualFuel","EXPLICIT","/home/jin/research/SGP_ESE5004_Stage2/pypsa-asean/resources/baseline-aims-3H-tutorial/energy_totals_base.csv","2019","af27beafc01cfb1920a23e632c05e858883a28efd9bbf94df3dfdba455fde261","Frozen derived cache; TWh/year -> MWh; raw/calorific provenance still pending","PENDING_ACCEPTED_COUNTRY_NODE_WEIGHTS","PENDING_ACCEPTED_SHAPE_AND_PHYSICAL_WEIGHTS","false","false","FIXED","FROZEN_UPSTREAM","REPRESENTATION_ACCEPTED_NUMERIC_PENDING","Base-year carrier observation; future residual vector requires accepted energy share and fuel composition","PH:2019:Transport:RoadResidualFuel:oil","RoadResidualFuel","true","true","false","POSITIVE_CACHE_VALUE","PH:oil","false","false","PH/road oil","Transport","","","",""
"PH","2019","Transport","TransportEmbeddedFuelParent","unclassified_fuel","UNCLASSIFIED","","","","","TransportEmbeddedFuelParent","EXPLICIT","","2019","","","PENDING_ACCEPTED_COUNTRY_NODE_WEIGHTS","PENDING_ACCEPTED_SHAPE_AND_PHYSICAL_WEIGHTS","false","false","FIXED","PENDING","REPRESENTATION_ACCEPTED_NUMERIC_PENDING","Rail fuel retained in one unresolved transport fuel parent; no extra rail oil Load or fabricated residual","PH:2019:Transport:TransportEmbeddedFuelParent:unclassified_fuel","TransportEmbeddedFuelParent","true","true","false","MISSING","","false","false","","Transport","","","",""
"PH","2030","Agriculture","AgricultureDirectElectricity","electricity","EMBEDDED","","","","Astar","AgricultureDirectElectricity","EMBEDDED","","2019","","","PENDING_ACCEPTED_COUNTRY_NODE_WEIGHTS","PENDING_ACCEPTED_SHAPE_AND_PHYSICAL_WEIGHTS","true","false","FIXED","PENDING","REPRESENTATION_ACCEPTED_NUMERIC_PENDING","Future direct electricity remains within Astar; no separate Load; growth unaccepted","PH:2030:Agriculture:AgricultureDirectElectricity:electricity","Astar","false","false","false","MISSING","PH:electricity","false","false","","Agriculture","","","",""
"PH","2030","Agriculture","AgricultureFinalEnergy","biomass","DIRECT_FUEL","","","","","AgricultureFinalEnergy","EXPLICIT","","2019","","","PENDING_ACCEPTED_COUNTRY_NODE_WEIGHTS","PENDING_ACCEPTED_SHAPE_AND_PHYSICAL_WEIGHTS","false","false","FIXED","PENDING","REPRESENTATION_ACCEPTED_NUMERIC_PENDING","PENDING_FUTURE_GROWTH; no DEFAULT or zero-growth assumption","PH:2030:Agriculture:AgricultureFinalEnergy:biomass","AgricultureFinalEnergy","true","true","false","MISSING","PH:biomass","false","false","","Agriculture","","","",""
"PH","2030","Agriculture","AgricultureFinalEnergy","coal","DIRECT_FUEL","","","","","AgricultureFinalEnergy","EXPLICIT","","2019","","","PENDING_ACCEPTED_COUNTRY_NODE_WEIGHTS","PENDING_ACCEPTED_SHAPE_AND_PHYSICAL_WEIGHTS","false","false","FIXED","PENDING","REPRESENTATION_ACCEPTED_NUMERIC_PENDING","PENDING_FUTURE_GROWTH; no DEFAULT or zero-growth assumption","PH:2030:Agriculture:AgricultureFinalEnergy:coal","AgricultureFinalEnergy","true","true","false","MISSING","PH:coal","false","false","","Agriculture","","","",""
"PH","2030","Agriculture","AgricultureFinalEnergy","oil","DIRECT_FUEL","","","","","AgricultureFinalEnergy","EXPLICIT","","2019","","","PENDING_ACCEPTED_COUNTRY_NODE_WEIGHTS","PENDING_ACCEPTED_SHAPE_AND_PHYSICAL_WEIGHTS","false","false","FIXED","PENDING","REPRESENTATION_ACCEPTED_NUMERIC_PENDING","PENDING_FUTURE_GROWTH; no DEFAULT or zero-growth assumption","PH:2030:Agriculture:AgricultureFinalEnergy:oil","AgricultureFinalEnergy","true","true","false","MISSING","PH:oil","false","false","","Agriculture","","","",""
"PH","2030","Buildings","ResidentialDirectElectricity","electricity","DIRECT_ELECTRICITY","","","","Astar","ResidentialDirectElectricity","EMBEDDED","","2019","","","PENDING_ACCEPTED_COUNTRY_NODE_WEIGHTS","PENDING_ACCEPTED_SHAPE_AND_PHYSICAL_WEIGHTS","true","false","FIXED","PENDING","REPRESENTATION_ACCEPTED_NUMERIC_PENDING","PENDING_FUTURE_GROWTH; separate R/S decomposition remains optional inside Astar","PH:2030:Buildings:ResidentialDirectElectricity:electricity","Astar","false","false","false","MISSING","PH:electricity","false","false","","Buildings","","","",""
"PH","2030","Buildings","ResidentialFuel","biomass","DIRECT_FUEL","","","","","ResidentialFuel","EXPLICIT","","2019","","","PENDING_ACCEPTED_COUNTRY_NODE_WEIGHTS","PENDING_ACCEPTED_SHAPE_AND_PHYSICAL_WEIGHTS","false","false","FIXED","PENDING","REPRESENTATION_ACCEPTED_NUMERIC_PENDING","PENDING_FUTURE_GROWTH; no default growth or heat conversion","PH:2030:Buildings:ResidentialFuel:biomass","ResidentialFuel","true","true","false","MISSING","PH:biomass","false","false","","Buildings","","","",""
"PH","2030","Buildings","ResidentialFuel","coal","DIRECT_FUEL","","","","","ResidentialFuel","EXPLICIT","","2019","","","PENDING_ACCEPTED_COUNTRY_NODE_WEIGHTS","PENDING_ACCEPTED_SHAPE_AND_PHYSICAL_WEIGHTS","false","false","FIXED","PENDING","REPRESENTATION_ACCEPTED_NUMERIC_PENDING","PENDING_FUTURE_GROWTH; no default growth or heat conversion","PH:2030:Buildings:ResidentialFuel:coal","ResidentialFuel","true","true","false","MISSING","PH:coal","false","false","","Buildings","","","",""
"PH","2030","Buildings","ResidentialFuel","gas","DIRECT_FUEL","","","","","ResidentialFuel","EXPLICIT","","2019","","","PENDING_ACCEPTED_COUNTRY_NODE_WEIGHTS","PENDING_ACCEPTED_SHAPE_AND_PHYSICAL_WEIGHTS","false","false","FIXED","PENDING","REPRESENTATION_ACCEPTED_NUMERIC_PENDING","PENDING_FUTURE_GROWTH; no default growth or heat conversion","PH:2030:Buildings:ResidentialFuel:gas","ResidentialFuel","true","true","false","MISSING","PH:gas","false","false","","Buildings","","","",""
"PH","2030","Buildings","ResidentialFuel","oil","DIRECT_FUEL","","","","","ResidentialFuel","EXPLICIT","","2019","","","PENDING_ACCEPTED_COUNTRY_NODE_WEIGHTS","PENDING_ACCEPTED_SHAPE_AND_PHYSICAL_WEIGHTS","false","false","FIXED","PENDING","REPRESENTATION_ACCEPTED_NUMERIC_PENDING","PENDING_FUTURE_GROWTH; no default growth or heat conversion","PH:2030:Buildings:ResidentialFuel:oil","ResidentialFuel","true","true","false","MISSING","PH:oil","false","false","","Buildings","","","",""
"PH","2030","Buildings","ServicesDirectElectricity","electricity","DIRECT_ELECTRICITY","","","","Astar","ServicesDirectElectricity","EMBEDDED","","2019","","","PENDING_ACCEPTED_COUNTRY_NODE_WEIGHTS","PENDING_ACCEPTED_SHAPE_AND_PHYSICAL_WEIGHTS","true","false","FIXED","PENDING","REPRESENTATION_ACCEPTED_NUMERIC_PENDING","PENDING_FUTURE_GROWTH; separate R/S decomposition remains optional inside Astar","PH:2030:Buildings:ServicesDirectElectricity:electricity","Astar","false","false","false","MISSING","PH:electricity","false","false","","Buildings","","","",""
"PH","2030","Buildings","ServicesFuel","biomass","DIRECT_FUEL","","","","","ServicesFuel","EXPLICIT","","2019","","","PENDING_ACCEPTED_COUNTRY_NODE_WEIGHTS","PENDING_ACCEPTED_SHAPE_AND_PHYSICAL_WEIGHTS","false","false","FIXED","PENDING","REPRESENTATION_ACCEPTED_NUMERIC_PENDING","PENDING_FUTURE_GROWTH; no default growth or heat conversion","PH:2030:Buildings:ServicesFuel:biomass","ServicesFuel","true","true","false","MISSING","PH:biomass","false","false","","Buildings","","","",""
"PH","2030","Buildings","ServicesFuel","coal","DIRECT_FUEL","","","","","ServicesFuel","EXPLICIT","","2019","","","PENDING_ACCEPTED_COUNTRY_NODE_WEIGHTS","PENDING_ACCEPTED_SHAPE_AND_PHYSICAL_WEIGHTS","false","false","FIXED","PENDING","REPRESENTATION_ACCEPTED_NUMERIC_PENDING","PENDING_FUTURE_GROWTH; no default growth or heat conversion","PH:2030:Buildings:ServicesFuel:coal","ServicesFuel","true","true","false","MISSING","PH:coal","false","false","","Buildings","","","",""
"PH","2030","Buildings","ServicesFuel","gas","DIRECT_FUEL","","","","","ServicesFuel","EXPLICIT","","2019","","","PENDING_ACCEPTED_COUNTRY_NODE_WEIGHTS","PENDING_ACCEPTED_SHAPE_AND_PHYSICAL_WEIGHTS","false","false","FIXED","PENDING","REPRESENTATION_ACCEPTED_NUMERIC_PENDING","PENDING_FUTURE_GROWTH; no default growth or heat conversion","PH:2030:Buildings:ServicesFuel:gas","ServicesFuel","true","true","false","MISSING","PH:gas","false","false","","Buildings","","","",""
"PH","2030","Buildings","ServicesFuel","oil","DIRECT_FUEL","","","","","ServicesFuel","EXPLICIT","","2019","","","PENDING_ACCEPTED_COUNTRY_NODE_WEIGHTS","PENDING_ACCEPTED_SHAPE_AND_PHYSICAL_WEIGHTS","false","false","FIXED","PENDING","REPRESENTATION_ACCEPTED_NUMERIC_PENDING","PENDING_FUTURE_GROWTH; no default growth or heat conversion","PH:2030:Buildings:ServicesFuel:oil","ServicesFuel","true","true","false","MISSING","PH:oil","false","false","","Buildings","","","",""
"PH","2030","Bunker","InternationalAviationBunker","oil","BUNKER_FUEL","","","","","InternationalAviationBunker","EXPLICIT","","2019","","","PENDING_ACCEPTED_COUNTRY_NODE_WEIGHTS","PENDING_ACCEPTED_SHAPE_AND_PHYSICAL_WEIGHTS","false","false","FIXED","PENDING","REPRESENTATION_ACCEPTED_NUMERIC_PENDING","PENDING_FUTURE_GROWTH; upstream default projection not accepted","PH:2030:Bunker:InternationalAviationBunker:oil","InternationalAviationBunker","true","true","false","MISSING","PH:oil","false","false","","bunker","","","",""
"PH","2030","Bunker","InternationalShippingBunker","oil","BUNKER_FUEL","","","","","InternationalShippingBunker","EXPLICIT","","2019","","","PENDING_ACCEPTED_COUNTRY_NODE_WEIGHTS","PENDING_ACCEPTED_SHAPE_AND_PHYSICAL_WEIGHTS","false","false","FIXED","PENDING","REPRESENTATION_ACCEPTED_NUMERIC_PENDING","PENDING_FUTURE_GROWTH; upstream default projection not accepted","PH:2030:Bunker:InternationalShippingBunker:oil","InternationalShippingBunker","true","true","false","MISSING","PH:oil","false","false","","bunker","","","",""
"PH","2030","Electricity","Astar","electricity","DIRECT_ELECTRICITY","","","","","Astar","EXPLICIT","","2019","","","PENDING_ACCEPTED_COUNTRY_NODE_WEIGHTS","PENDING_ACCEPTED_SHAPE_AND_PHYSICAL_WEIGHTS","true","false","FIXED","PENDING","REPRESENTATION_ACCEPTED_NUMERIC_PENDING","FUTURE_DIRECT_ELECTRICITY_PENDING; no AEO8 generation/DemandCast/default-growth fallback","PH:2030:Electricity:Astar:electricity","Astar","true","true","false","MISSING","PH:electricity","false","false","","electricity","","","",""
"PH","2030","Industry","IndustryDirectElectricity","electricity","EMBEDDED","","","","Astar","IndustryDirectElectricity","EMBEDDED","","2019","","","PENDING_ACCEPTED_COUNTRY_NODE_WEIGHTS","PENDING_ACCEPTED_SHAPE_AND_PHYSICAL_WEIGHTS","true","false","FIXED","PENDING","REPRESENTATION_ACCEPTED_NUMERIC_PENDING","Future direct electricity remains within Astar; no separate Load; growth unaccepted","PH:2030:Industry:IndustryDirectElectricity:electricity","Astar","false","false","false","MISSING","PH:electricity","false","false","","Industry","","","",""
"PH","2030","Industry","IndustryFinalEnergy","biomass","DIRECT_FUEL","","","","","IndustryFinalEnergy","EXPLICIT","","2019","","","PENDING_ACCEPTED_COUNTRY_NODE_WEIGHTS","PENDING_ACCEPTED_SHAPE_AND_PHYSICAL_WEIGHTS","false","false","FIXED","PENDING","REPRESENTATION_ACCEPTED_NUMERIC_PENDING","PENDING_FUTURE_GROWTH; no DEFAULT or zero-growth assumption","PH:2030:Industry:IndustryFinalEnergy:biomass","IndustryFinalEnergy","true","true","false","MISSING","PH:biomass","false","false","","Industry","","","",""
"PH","2030","Industry","IndustryFinalEnergy","coal","DIRECT_FUEL","","","","","IndustryFinalEnergy","EXPLICIT","","2019","","","PENDING_ACCEPTED_COUNTRY_NODE_WEIGHTS","PENDING_ACCEPTED_SHAPE_AND_PHYSICAL_WEIGHTS","false","false","FIXED","PENDING","REPRESENTATION_ACCEPTED_NUMERIC_PENDING","PENDING_FUTURE_GROWTH; no DEFAULT or zero-growth assumption","PH:2030:Industry:IndustryFinalEnergy:coal","IndustryFinalEnergy","true","true","false","MISSING","PH:coal","false","false","","Industry","","","",""
"PH","2030","Industry","IndustryFinalEnergy","gas","DIRECT_FUEL","","","","","IndustryFinalEnergy","EXPLICIT","","2019","","","PENDING_ACCEPTED_COUNTRY_NODE_WEIGHTS","PENDING_ACCEPTED_SHAPE_AND_PHYSICAL_WEIGHTS","false","false","FIXED","PENDING","REPRESENTATION_ACCEPTED_NUMERIC_PENDING","PENDING_FUTURE_GROWTH; no DEFAULT or zero-growth assumption","PH:2030:Industry:IndustryFinalEnergy:gas","IndustryFinalEnergy","true","true","false","MISSING","PH:gas","false","false","","Industry","","","",""
"PH","2030","Industry","IndustryFinalEnergy","oil","DIRECT_FUEL","","","","","IndustryFinalEnergy","EXPLICIT","","2019","","","PENDING_ACCEPTED_COUNTRY_NODE_WEIGHTS","PENDING_ACCEPTED_SHAPE_AND_PHYSICAL_WEIGHTS","false","false","FIXED","PENDING","REPRESENTATION_ACCEPTED_NUMERIC_PENDING","PENDING_FUTURE_GROWTH; no DEFAULT or zero-growth assumption","PH:2030:Industry:IndustryFinalEnergy:oil","IndustryFinalEnergy","true","true","false","MISSING","PH:oil","false","false","","Industry","","","",""
"PH","2030","Transport","DomesticAviationFuel","oil","DIRECT_FUEL","","","","","DomesticAviationFuel","EXPLICIT","","2019","","","PENDING_ACCEPTED_COUNTRY_NODE_WEIGHTS","PENDING_ACCEPTED_SHAPE_AND_PHYSICAL_WEIGHTS","false","false","FIXED","PENDING","REPRESENTATION_ACCEPTED_NUMERIC_PENDING","PENDING_FUTURE_GROWTH; upstream default projection not accepted","PH:2030:Transport:DomesticAviationFuel:oil","DomesticAviationFuel","true","true","false","MISSING","PH:oil","false","false","","bunker","","","",""
"PH","2030","Transport","DomesticShippingFuel","oil","DIRECT_FUEL","","","","","DomesticShippingFuel","EXPLICIT","","2019","","","PENDING_ACCEPTED_COUNTRY_NODE_WEIGHTS","PENDING_ACCEPTED_SHAPE_AND_PHYSICAL_WEIGHTS","false","false","FIXED","PENDING","REPRESENTATION_ACCEPTED_NUMERIC_PENDING","PENDING_FUTURE_GROWTH; upstream default projection not accepted","PH:2030:Transport:DomesticShippingFuel:oil","DomesticShippingFuel","true","true","false","MISSING","PH:oil","false","false","","bunker","","","",""
"PH","2030","Transport","RailElectricity","electricity","EMBEDDED","","","","Astar","RailElectricity","EMBEDDED","","2019","","","PENDING_ACCEPTED_COUNTRY_NODE_WEIGHTS","PENDING_ACCEPTED_SHAPE_AND_PHYSICAL_WEIGHTS","true","false","FIXED","PENDING","REPRESENTATION_ACCEPTED_NUMERIC_PENDING","Future rail stays in Astar once; decomposition pending","PH:2030:Transport:RailElectricity:electricity","Astar","false","false","false","MISSING","PH:electricity","false","false","","Transport","","","",""
"PH","2030","Transport","RoadEVFinalElectricity","electricity","DIRECT_ELECTRICITY","","","","","RoadEVFinalElectricity","EXPLICIT","","2019","","","PENDING_ACCEPTED_COUNTRY_NODE_WEIGHTS","PENDING_ACCEPTED_SHAPE_AND_PHYSICAL_WEIGHTS","false","false","FIXED","PENDING","REPRESENTATION_ACCEPTED_NUMERIC_PENDING","External final-energy share pending; future EV excluded from future direct Astar; no kWh/km proxy","PH:2030:Transport:RoadEVFinalElectricity:electricity","RoadEVFinalElectricity","true","true","false","MISSING","PH:electricity","false","false","","Transport","","","",""
"PH","2030","Transport","RoadResidualFuel","biomass","DIRECT_FUEL","","","","","RoadResidualFuel","EXPLICIT","","2019","","","PENDING_ACCEPTED_COUNTRY_NODE_WEIGHTS","PENDING_ACCEPTED_SHAPE_AND_PHYSICAL_WEIGHTS","false","false","FIXED","PENDING","REPRESENTATION_ACCEPTED_NUMERIC_PENDING","PENDING_FUTURE_GROWTH_AND_EV_ENERGY_PATH; carrier vector retained","PH:2030:Transport:RoadResidualFuel:biomass","RoadResidualFuel","true","true","false","MISSING","PH:biomass","false","false","","Transport","","","",""
"PH","2030","Transport","RoadResidualFuel","gas","DIRECT_FUEL","","","","","RoadResidualFuel","EXPLICIT","","2019","","","PENDING_ACCEPTED_COUNTRY_NODE_WEIGHTS","PENDING_ACCEPTED_SHAPE_AND_PHYSICAL_WEIGHTS","false","false","FIXED","PENDING","REPRESENTATION_ACCEPTED_NUMERIC_PENDING","PENDING_FUTURE_GROWTH_AND_EV_ENERGY_PATH; carrier vector retained","PH:2030:Transport:RoadResidualFuel:gas","RoadResidualFuel","true","true","false","MISSING","PH:gas","false","false","","Transport","","","",""
"PH","2030","Transport","RoadResidualFuel","oil","DIRECT_FUEL","","","","","RoadResidualFuel","EXPLICIT","","2019","","","PENDING_ACCEPTED_COUNTRY_NODE_WEIGHTS","PENDING_ACCEPTED_SHAPE_AND_PHYSICAL_WEIGHTS","false","false","FIXED","PENDING","REPRESENTATION_ACCEPTED_NUMERIC_PENDING","PENDING_FUTURE_GROWTH_AND_EV_ENERGY_PATH; carrier vector retained","PH:2030:Transport:RoadResidualFuel:oil","RoadResidualFuel","true","true","false","MISSING","PH:oil","false","false","","Transport","","","",""
"PH","2030","Transport","TransportEmbeddedFuelParent","unclassified_fuel","UNCLASSIFIED","","","","","TransportEmbeddedFuelParent","EXPLICIT","","2019","","","PENDING_ACCEPTED_COUNTRY_NODE_WEIGHTS","PENDING_ACCEPTED_SHAPE_AND_PHYSICAL_WEIGHTS","false","false","FIXED","PENDING","REPRESENTATION_ACCEPTED_NUMERIC_PENDING","Rail fuel remains within one pending transport fuel parent; no duplicate rail Load","PH:2030:Transport:TransportEmbeddedFuelParent:unclassified_fuel","TransportEmbeddedFuelParent","true","true","false","MISSING","","false","false","","Transport","","","",""
"PH","2040","Agriculture","AgricultureDirectElectricity","electricity","EMBEDDED","","","","Astar","AgricultureDirectElectricity","EMBEDDED","","2019","","","PENDING_ACCEPTED_COUNTRY_NODE_WEIGHTS","PENDING_ACCEPTED_SHAPE_AND_PHYSICAL_WEIGHTS","true","false","FIXED","PENDING","REPRESENTATION_ACCEPTED_NUMERIC_PENDING","Future direct electricity remains within Astar; no separate Load; growth unaccepted","PH:2040:Agriculture:AgricultureDirectElectricity:electricity","Astar","false","false","false","MISSING","PH:electricity","false","false","","Agriculture","","","",""
"PH","2040","Agriculture","AgricultureFinalEnergy","biomass","DIRECT_FUEL","","","","","AgricultureFinalEnergy","EXPLICIT","","2019","","","PENDING_ACCEPTED_COUNTRY_NODE_WEIGHTS","PENDING_ACCEPTED_SHAPE_AND_PHYSICAL_WEIGHTS","false","false","FIXED","PENDING","REPRESENTATION_ACCEPTED_NUMERIC_PENDING","PENDING_FUTURE_GROWTH; no DEFAULT or zero-growth assumption","PH:2040:Agriculture:AgricultureFinalEnergy:biomass","AgricultureFinalEnergy","true","true","false","MISSING","PH:biomass","false","false","","Agriculture","","","",""
"PH","2040","Agriculture","AgricultureFinalEnergy","coal","DIRECT_FUEL","","","","","AgricultureFinalEnergy","EXPLICIT","","2019","","","PENDING_ACCEPTED_COUNTRY_NODE_WEIGHTS","PENDING_ACCEPTED_SHAPE_AND_PHYSICAL_WEIGHTS","false","false","FIXED","PENDING","REPRESENTATION_ACCEPTED_NUMERIC_PENDING","PENDING_FUTURE_GROWTH; no DEFAULT or zero-growth assumption","PH:2040:Agriculture:AgricultureFinalEnergy:coal","AgricultureFinalEnergy","true","true","false","MISSING","PH:coal","false","false","","Agriculture","","","",""
"PH","2040","Agriculture","AgricultureFinalEnergy","oil","DIRECT_FUEL","","","","","AgricultureFinalEnergy","EXPLICIT","","2019","","","PENDING_ACCEPTED_COUNTRY_NODE_WEIGHTS","PENDING_ACCEPTED_SHAPE_AND_PHYSICAL_WEIGHTS","false","false","FIXED","PENDING","REPRESENTATION_ACCEPTED_NUMERIC_PENDING","PENDING_FUTURE_GROWTH; no DEFAULT or zero-growth assumption","PH:2040:Agriculture:AgricultureFinalEnergy:oil","AgricultureFinalEnergy","true","true","false","MISSING","PH:oil","false","false","","Agriculture","","","",""
"PH","2040","Buildings","ResidentialDirectElectricity","electricity","DIRECT_ELECTRICITY","","","","Astar","ResidentialDirectElectricity","EMBEDDED","","2019","","","PENDING_ACCEPTED_COUNTRY_NODE_WEIGHTS","PENDING_ACCEPTED_SHAPE_AND_PHYSICAL_WEIGHTS","true","false","FIXED","PENDING","REPRESENTATION_ACCEPTED_NUMERIC_PENDING","PENDING_FUTURE_GROWTH; separate R/S decomposition remains optional inside Astar","PH:2040:Buildings:ResidentialDirectElectricity:electricity","Astar","false","false","false","MISSING","PH:electricity","false","false","","Buildings","","","",""
"PH","2040","Buildings","ResidentialFuel","biomass","DIRECT_FUEL","","","","","ResidentialFuel","EXPLICIT","","2019","","","PENDING_ACCEPTED_COUNTRY_NODE_WEIGHTS","PENDING_ACCEPTED_SHAPE_AND_PHYSICAL_WEIGHTS","false","false","FIXED","PENDING","REPRESENTATION_ACCEPTED_NUMERIC_PENDING","PENDING_FUTURE_GROWTH; no default growth or heat conversion","PH:2040:Buildings:ResidentialFuel:biomass","ResidentialFuel","true","true","false","MISSING","PH:biomass","false","false","","Buildings","","","",""
"PH","2040","Buildings","ResidentialFuel","coal","DIRECT_FUEL","","","","","ResidentialFuel","EXPLICIT","","2019","","","PENDING_ACCEPTED_COUNTRY_NODE_WEIGHTS","PENDING_ACCEPTED_SHAPE_AND_PHYSICAL_WEIGHTS","false","false","FIXED","PENDING","REPRESENTATION_ACCEPTED_NUMERIC_PENDING","PENDING_FUTURE_GROWTH; no default growth or heat conversion","PH:2040:Buildings:ResidentialFuel:coal","ResidentialFuel","true","true","false","MISSING","PH:coal","false","false","","Buildings","","","",""
"PH","2040","Buildings","ResidentialFuel","gas","DIRECT_FUEL","","","","","ResidentialFuel","EXPLICIT","","2019","","","PENDING_ACCEPTED_COUNTRY_NODE_WEIGHTS","PENDING_ACCEPTED_SHAPE_AND_PHYSICAL_WEIGHTS","false","false","FIXED","PENDING","REPRESENTATION_ACCEPTED_NUMERIC_PENDING","PENDING_FUTURE_GROWTH; no default growth or heat conversion","PH:2040:Buildings:ResidentialFuel:gas","ResidentialFuel","true","true","false","MISSING","PH:gas","false","false","","Buildings","","","",""
"PH","2040","Buildings","ResidentialFuel","oil","DIRECT_FUEL","","","","","ResidentialFuel","EXPLICIT","","2019","","","PENDING_ACCEPTED_COUNTRY_NODE_WEIGHTS","PENDING_ACCEPTED_SHAPE_AND_PHYSICAL_WEIGHTS","false","false","FIXED","PENDING","REPRESENTATION_ACCEPTED_NUMERIC_PENDING","PENDING_FUTURE_GROWTH; no default growth or heat conversion","PH:2040:Buildings:ResidentialFuel:oil","ResidentialFuel","true","true","false","MISSING","PH:oil","false","false","","Buildings","","","",""
"PH","2040","Buildings","ServicesDirectElectricity","electricity","DIRECT_ELECTRICITY","","","","Astar","ServicesDirectElectricity","EMBEDDED","","2019","","","PENDING_ACCEPTED_COUNTRY_NODE_WEIGHTS","PENDING_ACCEPTED_SHAPE_AND_PHYSICAL_WEIGHTS","true","false","FIXED","PENDING","REPRESENTATION_ACCEPTED_NUMERIC_PENDING","PENDING_FUTURE_GROWTH; separate R/S decomposition remains optional inside Astar","PH:2040:Buildings:ServicesDirectElectricity:electricity","Astar","false","false","false","MISSING","PH:electricity","false","false","","Buildings","","","",""
"PH","2040","Buildings","ServicesFuel","biomass","DIRECT_FUEL","","","","","ServicesFuel","EXPLICIT","","2019","","","PENDING_ACCEPTED_COUNTRY_NODE_WEIGHTS","PENDING_ACCEPTED_SHAPE_AND_PHYSICAL_WEIGHTS","false","false","FIXED","PENDING","REPRESENTATION_ACCEPTED_NUMERIC_PENDING","PENDING_FUTURE_GROWTH; no default growth or heat conversion","PH:2040:Buildings:ServicesFuel:biomass","ServicesFuel","true","true","false","MISSING","PH:biomass","false","false","","Buildings","","","",""
"PH","2040","Buildings","ServicesFuel","coal","DIRECT_FUEL","","","","","ServicesFuel","EXPLICIT","","2019","","","PENDING_ACCEPTED_COUNTRY_NODE_WEIGHTS","PENDING_ACCEPTED_SHAPE_AND_PHYSICAL_WEIGHTS","false","false","FIXED","PENDING","REPRESENTATION_ACCEPTED_NUMERIC_PENDING","PENDING_FUTURE_GROWTH; no default growth or heat conversion","PH:2040:Buildings:ServicesFuel:coal","ServicesFuel","true","true","false","MISSING","PH:coal","false","false","","Buildings","","","",""
"PH","2040","Buildings","ServicesFuel","gas","DIRECT_FUEL","","","","","ServicesFuel","EXPLICIT","","2019","","","PENDING_ACCEPTED_COUNTRY_NODE_WEIGHTS","PENDING_ACCEPTED_SHAPE_AND_PHYSICAL_WEIGHTS","false","false","FIXED","PENDING","REPRESENTATION_ACCEPTED_NUMERIC_PENDING","PENDING_FUTURE_GROWTH; no default growth or heat conversion","PH:2040:Buildings:ServicesFuel:gas","ServicesFuel","true","true","false","MISSING","PH:gas","false","false","","Buildings","","","",""
"PH","2040","Buildings","ServicesFuel","oil","DIRECT_FUEL","","","","","ServicesFuel","EXPLICIT","","2019","","","PENDING_ACCEPTED_COUNTRY_NODE_WEIGHTS","PENDING_ACCEPTED_SHAPE_AND_PHYSICAL_WEIGHTS","false","false","FIXED","PENDING","REPRESENTATION_ACCEPTED_NUMERIC_PENDING","PENDING_FUTURE_GROWTH; no default growth or heat conversion","PH:2040:Buildings:ServicesFuel:oil","ServicesFuel","true","true","false","MISSING","PH:oil","false","false","","Buildings","","","",""
"PH","2040","Bunker","InternationalAviationBunker","oil","BUNKER_FUEL","","","","","InternationalAviationBunker","EXPLICIT","","2019","","","PENDING_ACCEPTED_COUNTRY_NODE_WEIGHTS","PENDING_ACCEPTED_SHAPE_AND_PHYSICAL_WEIGHTS","false","false","FIXED","PENDING","REPRESENTATION_ACCEPTED_NUMERIC_PENDING","PENDING_FUTURE_GROWTH; upstream default projection not accepted","PH:2040:Bunker:InternationalAviationBunker:oil","InternationalAviationBunker","true","true","false","MISSING","PH:oil","false","false","","bunker","","","",""
"PH","2040","Bunker","InternationalShippingBunker","oil","BUNKER_FUEL","","","","","InternationalShippingBunker","EXPLICIT","","2019","","","PENDING_ACCEPTED_COUNTRY_NODE_WEIGHTS","PENDING_ACCEPTED_SHAPE_AND_PHYSICAL_WEIGHTS","false","false","FIXED","PENDING","REPRESENTATION_ACCEPTED_NUMERIC_PENDING","PENDING_FUTURE_GROWTH; upstream default projection not accepted","PH:2040:Bunker:InternationalShippingBunker:oil","InternationalShippingBunker","true","true","false","MISSING","PH:oil","false","false","","bunker","","","",""
"PH","2040","Electricity","Astar","electricity","DIRECT_ELECTRICITY","","","","","Astar","EXPLICIT","","2019","","","PENDING_ACCEPTED_COUNTRY_NODE_WEIGHTS","PENDING_ACCEPTED_SHAPE_AND_PHYSICAL_WEIGHTS","true","false","FIXED","PENDING","REPRESENTATION_ACCEPTED_NUMERIC_PENDING","FUTURE_DIRECT_ELECTRICITY_PENDING; no AEO8 generation/DemandCast/default-growth fallback","PH:2040:Electricity:Astar:electricity","Astar","true","true","false","MISSING","PH:electricity","false","false","","electricity","","","",""
"PH","2040","Industry","IndustryDirectElectricity","electricity","EMBEDDED","","","","Astar","IndustryDirectElectricity","EMBEDDED","","2019","","","PENDING_ACCEPTED_COUNTRY_NODE_WEIGHTS","PENDING_ACCEPTED_SHAPE_AND_PHYSICAL_WEIGHTS","true","false","FIXED","PENDING","REPRESENTATION_ACCEPTED_NUMERIC_PENDING","Future direct electricity remains within Astar; no separate Load; growth unaccepted","PH:2040:Industry:IndustryDirectElectricity:electricity","Astar","false","false","false","MISSING","PH:electricity","false","false","","Industry","","","",""
"PH","2040","Industry","IndustryFinalEnergy","biomass","DIRECT_FUEL","","","","","IndustryFinalEnergy","EXPLICIT","","2019","","","PENDING_ACCEPTED_COUNTRY_NODE_WEIGHTS","PENDING_ACCEPTED_SHAPE_AND_PHYSICAL_WEIGHTS","false","false","FIXED","PENDING","REPRESENTATION_ACCEPTED_NUMERIC_PENDING","PENDING_FUTURE_GROWTH; no DEFAULT or zero-growth assumption","PH:2040:Industry:IndustryFinalEnergy:biomass","IndustryFinalEnergy","true","true","false","MISSING","PH:biomass","false","false","","Industry","","","",""
"PH","2040","Industry","IndustryFinalEnergy","coal","DIRECT_FUEL","","","","","IndustryFinalEnergy","EXPLICIT","","2019","","","PENDING_ACCEPTED_COUNTRY_NODE_WEIGHTS","PENDING_ACCEPTED_SHAPE_AND_PHYSICAL_WEIGHTS","false","false","FIXED","PENDING","REPRESENTATION_ACCEPTED_NUMERIC_PENDING","PENDING_FUTURE_GROWTH; no DEFAULT or zero-growth assumption","PH:2040:Industry:IndustryFinalEnergy:coal","IndustryFinalEnergy","true","true","false","MISSING","PH:coal","false","false","","Industry","","","",""
"PH","2040","Industry","IndustryFinalEnergy","gas","DIRECT_FUEL","","","","","IndustryFinalEnergy","EXPLICIT","","2019","","","PENDING_ACCEPTED_COUNTRY_NODE_WEIGHTS","PENDING_ACCEPTED_SHAPE_AND_PHYSICAL_WEIGHTS","false","false","FIXED","PENDING","REPRESENTATION_ACCEPTED_NUMERIC_PENDING","PENDING_FUTURE_GROWTH; no DEFAULT or zero-growth assumption","PH:2040:Industry:IndustryFinalEnergy:gas","IndustryFinalEnergy","true","true","false","MISSING","PH:gas","false","false","","Industry","","","",""
"PH","2040","Industry","IndustryFinalEnergy","oil","DIRECT_FUEL","","","","","IndustryFinalEnergy","EXPLICIT","","2019","","","PENDING_ACCEPTED_COUNTRY_NODE_WEIGHTS","PENDING_ACCEPTED_SHAPE_AND_PHYSICAL_WEIGHTS","false","false","FIXED","PENDING","REPRESENTATION_ACCEPTED_NUMERIC_PENDING","PENDING_FUTURE_GROWTH; no DEFAULT or zero-growth assumption","PH:2040:Industry:IndustryFinalEnergy:oil","IndustryFinalEnergy","true","true","false","MISSING","PH:oil","false","false","","Industry","","","",""
"PH","2040","Transport","DomesticAviationFuel","oil","DIRECT_FUEL","","","","","DomesticAviationFuel","EXPLICIT","","2019","","","PENDING_ACCEPTED_COUNTRY_NODE_WEIGHTS","PENDING_ACCEPTED_SHAPE_AND_PHYSICAL_WEIGHTS","false","false","FIXED","PENDING","REPRESENTATION_ACCEPTED_NUMERIC_PENDING","PENDING_FUTURE_GROWTH; upstream default projection not accepted","PH:2040:Transport:DomesticAviationFuel:oil","DomesticAviationFuel","true","true","false","MISSING","PH:oil","false","false","","bunker","","","",""
"PH","2040","Transport","DomesticShippingFuel","oil","DIRECT_FUEL","","","","","DomesticShippingFuel","EXPLICIT","","2019","","","PENDING_ACCEPTED_COUNTRY_NODE_WEIGHTS","PENDING_ACCEPTED_SHAPE_AND_PHYSICAL_WEIGHTS","false","false","FIXED","PENDING","REPRESENTATION_ACCEPTED_NUMERIC_PENDING","PENDING_FUTURE_GROWTH; upstream default projection not accepted","PH:2040:Transport:DomesticShippingFuel:oil","DomesticShippingFuel","true","true","false","MISSING","PH:oil","false","false","","bunker","","","",""
"PH","2040","Transport","RailElectricity","electricity","EMBEDDED","","","","Astar","RailElectricity","EMBEDDED","","2019","","","PENDING_ACCEPTED_COUNTRY_NODE_WEIGHTS","PENDING_ACCEPTED_SHAPE_AND_PHYSICAL_WEIGHTS","true","false","FIXED","PENDING","REPRESENTATION_ACCEPTED_NUMERIC_PENDING","Future rail stays in Astar once; decomposition pending","PH:2040:Transport:RailElectricity:electricity","Astar","false","false","false","MISSING","PH:electricity","false","false","","Transport","","","",""
"PH","2040","Transport","RoadEVFinalElectricity","electricity","DIRECT_ELECTRICITY","","","","","RoadEVFinalElectricity","EXPLICIT","","2019","","","PENDING_ACCEPTED_COUNTRY_NODE_WEIGHTS","PENDING_ACCEPTED_SHAPE_AND_PHYSICAL_WEIGHTS","false","false","FIXED","PENDING","REPRESENTATION_ACCEPTED_NUMERIC_PENDING","External final-energy share pending; future EV excluded from future direct Astar; no kWh/km proxy","PH:2040:Transport:RoadEVFinalElectricity:electricity","RoadEVFinalElectricity","true","true","false","MISSING","PH:electricity","false","false","","Transport","","","",""
"PH","2040","Transport","RoadResidualFuel","biomass","DIRECT_FUEL","","","","","RoadResidualFuel","EXPLICIT","","2019","","","PENDING_ACCEPTED_COUNTRY_NODE_WEIGHTS","PENDING_ACCEPTED_SHAPE_AND_PHYSICAL_WEIGHTS","false","false","FIXED","PENDING","REPRESENTATION_ACCEPTED_NUMERIC_PENDING","PENDING_FUTURE_GROWTH_AND_EV_ENERGY_PATH; carrier vector retained","PH:2040:Transport:RoadResidualFuel:biomass","RoadResidualFuel","true","true","false","MISSING","PH:biomass","false","false","","Transport","","","",""
"PH","2040","Transport","RoadResidualFuel","gas","DIRECT_FUEL","","","","","RoadResidualFuel","EXPLICIT","","2019","","","PENDING_ACCEPTED_COUNTRY_NODE_WEIGHTS","PENDING_ACCEPTED_SHAPE_AND_PHYSICAL_WEIGHTS","false","false","FIXED","PENDING","REPRESENTATION_ACCEPTED_NUMERIC_PENDING","PENDING_FUTURE_GROWTH_AND_EV_ENERGY_PATH; carrier vector retained","PH:2040:Transport:RoadResidualFuel:gas","RoadResidualFuel","true","true","false","MISSING","PH:gas","false","false","","Transport","","","",""
"PH","2040","Transport","RoadResidualFuel","oil","DIRECT_FUEL","","","","","RoadResidualFuel","EXPLICIT","","2019","","","PENDING_ACCEPTED_COUNTRY_NODE_WEIGHTS","PENDING_ACCEPTED_SHAPE_AND_PHYSICAL_WEIGHTS","false","false","FIXED","PENDING","REPRESENTATION_ACCEPTED_NUMERIC_PENDING","PENDING_FUTURE_GROWTH_AND_EV_ENERGY_PATH; carrier vector retained","PH:2040:Transport:RoadResidualFuel:oil","RoadResidualFuel","true","true","false","MISSING","PH:oil","false","false","","Transport","","","",""
"PH","2040","Transport","TransportEmbeddedFuelParent","unclassified_fuel","UNCLASSIFIED","","","","","TransportEmbeddedFuelParent","EXPLICIT","","2019","","","PENDING_ACCEPTED_COUNTRY_NODE_WEIGHTS","PENDING_ACCEPTED_SHAPE_AND_PHYSICAL_WEIGHTS","false","false","FIXED","PENDING","REPRESENTATION_ACCEPTED_NUMERIC_PENDING","Rail fuel remains within one pending transport fuel parent; no duplicate rail Load","PH:2040:Transport:TransportEmbeddedFuelParent:unclassified_fuel","TransportEmbeddedFuelParent","true","true","false","MISSING","","false","false","","Transport","","","",""
"PH","2050","Agriculture","AgricultureDirectElectricity","electricity","EMBEDDED","","","","Astar","AgricultureDirectElectricity","EMBEDDED","","2019","","","PENDING_ACCEPTED_COUNTRY_NODE_WEIGHTS","PENDING_ACCEPTED_SHAPE_AND_PHYSICAL_WEIGHTS","true","false","FIXED","PENDING","REPRESENTATION_ACCEPTED_NUMERIC_PENDING","Future direct electricity remains within Astar; no separate Load; growth unaccepted","PH:2050:Agriculture:AgricultureDirectElectricity:electricity","Astar","false","false","false","MISSING","PH:electricity","false","false","","Agriculture","","","",""
"PH","2050","Agriculture","AgricultureFinalEnergy","biomass","DIRECT_FUEL","","","","","AgricultureFinalEnergy","EXPLICIT","","2019","","","PENDING_ACCEPTED_COUNTRY_NODE_WEIGHTS","PENDING_ACCEPTED_SHAPE_AND_PHYSICAL_WEIGHTS","false","false","FIXED","PENDING","REPRESENTATION_ACCEPTED_NUMERIC_PENDING","PENDING_FUTURE_GROWTH; no DEFAULT or zero-growth assumption","PH:2050:Agriculture:AgricultureFinalEnergy:biomass","AgricultureFinalEnergy","true","true","false","MISSING","PH:biomass","false","false","","Agriculture","","","",""
"PH","2050","Agriculture","AgricultureFinalEnergy","coal","DIRECT_FUEL","","","","","AgricultureFinalEnergy","EXPLICIT","","2019","","","PENDING_ACCEPTED_COUNTRY_NODE_WEIGHTS","PENDING_ACCEPTED_SHAPE_AND_PHYSICAL_WEIGHTS","false","false","FIXED","PENDING","REPRESENTATION_ACCEPTED_NUMERIC_PENDING","PENDING_FUTURE_GROWTH; no DEFAULT or zero-growth assumption","PH:2050:Agriculture:AgricultureFinalEnergy:coal","AgricultureFinalEnergy","true","true","false","MISSING","PH:coal","false","false","","Agriculture","","","",""
"PH","2050","Agriculture","AgricultureFinalEnergy","oil","DIRECT_FUEL","","","","","AgricultureFinalEnergy","EXPLICIT","","2019","","","PENDING_ACCEPTED_COUNTRY_NODE_WEIGHTS","PENDING_ACCEPTED_SHAPE_AND_PHYSICAL_WEIGHTS","false","false","FIXED","PENDING","REPRESENTATION_ACCEPTED_NUMERIC_PENDING","PENDING_FUTURE_GROWTH; no DEFAULT or zero-growth assumption","PH:2050:Agriculture:AgricultureFinalEnergy:oil","AgricultureFinalEnergy","true","true","false","MISSING","PH:oil","false","false","","Agriculture","","","",""
"PH","2050","Buildings","ResidentialDirectElectricity","electricity","DIRECT_ELECTRICITY","","","","Astar","ResidentialDirectElectricity","EMBEDDED","","2019","","","PENDING_ACCEPTED_COUNTRY_NODE_WEIGHTS","PENDING_ACCEPTED_SHAPE_AND_PHYSICAL_WEIGHTS","true","false","FIXED","PENDING","REPRESENTATION_ACCEPTED_NUMERIC_PENDING","PENDING_FUTURE_GROWTH; separate R/S decomposition remains optional inside Astar","PH:2050:Buildings:ResidentialDirectElectricity:electricity","Astar","false","false","false","MISSING","PH:electricity","false","false","","Buildings","","","",""
"PH","2050","Buildings","ResidentialFuel","biomass","DIRECT_FUEL","","","","","ResidentialFuel","EXPLICIT","","2019","","","PENDING_ACCEPTED_COUNTRY_NODE_WEIGHTS","PENDING_ACCEPTED_SHAPE_AND_PHYSICAL_WEIGHTS","false","false","FIXED","PENDING","REPRESENTATION_ACCEPTED_NUMERIC_PENDING","PENDING_FUTURE_GROWTH; no default growth or heat conversion","PH:2050:Buildings:ResidentialFuel:biomass","ResidentialFuel","true","true","false","MISSING","PH:biomass","false","false","","Buildings","","","",""
"PH","2050","Buildings","ResidentialFuel","coal","DIRECT_FUEL","","","","","ResidentialFuel","EXPLICIT","","2019","","","PENDING_ACCEPTED_COUNTRY_NODE_WEIGHTS","PENDING_ACCEPTED_SHAPE_AND_PHYSICAL_WEIGHTS","false","false","FIXED","PENDING","REPRESENTATION_ACCEPTED_NUMERIC_PENDING","PENDING_FUTURE_GROWTH; no default growth or heat conversion","PH:2050:Buildings:ResidentialFuel:coal","ResidentialFuel","true","true","false","MISSING","PH:coal","false","false","","Buildings","","","",""
"PH","2050","Buildings","ResidentialFuel","gas","DIRECT_FUEL","","","","","ResidentialFuel","EXPLICIT","","2019","","","PENDING_ACCEPTED_COUNTRY_NODE_WEIGHTS","PENDING_ACCEPTED_SHAPE_AND_PHYSICAL_WEIGHTS","false","false","FIXED","PENDING","REPRESENTATION_ACCEPTED_NUMERIC_PENDING","PENDING_FUTURE_GROWTH; no default growth or heat conversion","PH:2050:Buildings:ResidentialFuel:gas","ResidentialFuel","true","true","false","MISSING","PH:gas","false","false","","Buildings","","","",""
"PH","2050","Buildings","ResidentialFuel","oil","DIRECT_FUEL","","","","","ResidentialFuel","EXPLICIT","","2019","","","PENDING_ACCEPTED_COUNTRY_NODE_WEIGHTS","PENDING_ACCEPTED_SHAPE_AND_PHYSICAL_WEIGHTS","false","false","FIXED","PENDING","REPRESENTATION_ACCEPTED_NUMERIC_PENDING","PENDING_FUTURE_GROWTH; no default growth or heat conversion","PH:2050:Buildings:ResidentialFuel:oil","ResidentialFuel","true","true","false","MISSING","PH:oil","false","false","","Buildings","","","",""
"PH","2050","Buildings","ServicesDirectElectricity","electricity","DIRECT_ELECTRICITY","","","","Astar","ServicesDirectElectricity","EMBEDDED","","2019","","","PENDING_ACCEPTED_COUNTRY_NODE_WEIGHTS","PENDING_ACCEPTED_SHAPE_AND_PHYSICAL_WEIGHTS","true","false","FIXED","PENDING","REPRESENTATION_ACCEPTED_NUMERIC_PENDING","PENDING_FUTURE_GROWTH; separate R/S decomposition remains optional inside Astar","PH:2050:Buildings:ServicesDirectElectricity:electricity","Astar","false","false","false","MISSING","PH:electricity","false","false","","Buildings","","","",""
"PH","2050","Buildings","ServicesFuel","biomass","DIRECT_FUEL","","","","","ServicesFuel","EXPLICIT","","2019","","","PENDING_ACCEPTED_COUNTRY_NODE_WEIGHTS","PENDING_ACCEPTED_SHAPE_AND_PHYSICAL_WEIGHTS","false","false","FIXED","PENDING","REPRESENTATION_ACCEPTED_NUMERIC_PENDING","PENDING_FUTURE_GROWTH; no default growth or heat conversion","PH:2050:Buildings:ServicesFuel:biomass","ServicesFuel","true","true","false","MISSING","PH:biomass","false","false","","Buildings","","","",""
"PH","2050","Buildings","ServicesFuel","coal","DIRECT_FUEL","","","","","ServicesFuel","EXPLICIT","","2019","","","PENDING_ACCEPTED_COUNTRY_NODE_WEIGHTS","PENDING_ACCEPTED_SHAPE_AND_PHYSICAL_WEIGHTS","false","false","FIXED","PENDING","REPRESENTATION_ACCEPTED_NUMERIC_PENDING","PENDING_FUTURE_GROWTH; no default growth or heat conversion","PH:2050:Buildings:ServicesFuel:coal","ServicesFuel","true","true","false","MISSING","PH:coal","false","false","","Buildings","","","",""
"PH","2050","Buildings","ServicesFuel","gas","DIRECT_FUEL","","","","","ServicesFuel","EXPLICIT","","2019","","","PENDING_ACCEPTED_COUNTRY_NODE_WEIGHTS","PENDING_ACCEPTED_SHAPE_AND_PHYSICAL_WEIGHTS","false","false","FIXED","PENDING","REPRESENTATION_ACCEPTED_NUMERIC_PENDING","PENDING_FUTURE_GROWTH; no default growth or heat conversion","PH:2050:Buildings:ServicesFuel:gas","ServicesFuel","true","true","false","MISSING","PH:gas","false","false","","Buildings","","","",""
"PH","2050","Buildings","ServicesFuel","oil","DIRECT_FUEL","","","","","ServicesFuel","EXPLICIT","","2019","","","PENDING_ACCEPTED_COUNTRY_NODE_WEIGHTS","PENDING_ACCEPTED_SHAPE_AND_PHYSICAL_WEIGHTS","false","false","FIXED","PENDING","REPRESENTATION_ACCEPTED_NUMERIC_PENDING","PENDING_FUTURE_GROWTH; no default growth or heat conversion","PH:2050:Buildings:ServicesFuel:oil","ServicesFuel","true","true","false","MISSING","PH:oil","false","false","","Buildings","","","",""
"PH","2050","Bunker","InternationalAviationBunker","oil","BUNKER_FUEL","","","","","InternationalAviationBunker","EXPLICIT","","2019","","","PENDING_ACCEPTED_COUNTRY_NODE_WEIGHTS","PENDING_ACCEPTED_SHAPE_AND_PHYSICAL_WEIGHTS","false","false","FIXED","PENDING","REPRESENTATION_ACCEPTED_NUMERIC_PENDING","PENDING_FUTURE_GROWTH; upstream default projection not accepted","PH:2050:Bunker:InternationalAviationBunker:oil","InternationalAviationBunker","true","true","false","MISSING","PH:oil","false","false","","bunker","","","",""
"PH","2050","Bunker","InternationalShippingBunker","oil","BUNKER_FUEL","","","","","InternationalShippingBunker","EXPLICIT","","2019","","","PENDING_ACCEPTED_COUNTRY_NODE_WEIGHTS","PENDING_ACCEPTED_SHAPE_AND_PHYSICAL_WEIGHTS","false","false","FIXED","PENDING","REPRESENTATION_ACCEPTED_NUMERIC_PENDING","PENDING_FUTURE_GROWTH; upstream default projection not accepted","PH:2050:Bunker:InternationalShippingBunker:oil","InternationalShippingBunker","true","true","false","MISSING","PH:oil","false","false","","bunker","","","",""
"PH","2050","Electricity","Astar","electricity","DIRECT_ELECTRICITY","","","","","Astar","EXPLICIT","","2019","","","PENDING_ACCEPTED_COUNTRY_NODE_WEIGHTS","PENDING_ACCEPTED_SHAPE_AND_PHYSICAL_WEIGHTS","true","false","FIXED","PENDING","REPRESENTATION_ACCEPTED_NUMERIC_PENDING","FUTURE_DIRECT_ELECTRICITY_PENDING; no AEO8 generation/DemandCast/default-growth fallback","PH:2050:Electricity:Astar:electricity","Astar","true","true","false","MISSING","PH:electricity","false","false","","electricity","","","",""
"PH","2050","Industry","IndustryDirectElectricity","electricity","EMBEDDED","","","","Astar","IndustryDirectElectricity","EMBEDDED","","2019","","","PENDING_ACCEPTED_COUNTRY_NODE_WEIGHTS","PENDING_ACCEPTED_SHAPE_AND_PHYSICAL_WEIGHTS","true","false","FIXED","PENDING","REPRESENTATION_ACCEPTED_NUMERIC_PENDING","Future direct electricity remains within Astar; no separate Load; growth unaccepted","PH:2050:Industry:IndustryDirectElectricity:electricity","Astar","false","false","false","MISSING","PH:electricity","false","false","","Industry","","","",""
"PH","2050","Industry","IndustryFinalEnergy","biomass","DIRECT_FUEL","","","","","IndustryFinalEnergy","EXPLICIT","","2019","","","PENDING_ACCEPTED_COUNTRY_NODE_WEIGHTS","PENDING_ACCEPTED_SHAPE_AND_PHYSICAL_WEIGHTS","false","false","FIXED","PENDING","REPRESENTATION_ACCEPTED_NUMERIC_PENDING","PENDING_FUTURE_GROWTH; no DEFAULT or zero-growth assumption","PH:2050:Industry:IndustryFinalEnergy:biomass","IndustryFinalEnergy","true","true","false","MISSING","PH:biomass","false","false","","Industry","","","",""
"PH","2050","Industry","IndustryFinalEnergy","coal","DIRECT_FUEL","","","","","IndustryFinalEnergy","EXPLICIT","","2019","","","PENDING_ACCEPTED_COUNTRY_NODE_WEIGHTS","PENDING_ACCEPTED_SHAPE_AND_PHYSICAL_WEIGHTS","false","false","FIXED","PENDING","REPRESENTATION_ACCEPTED_NUMERIC_PENDING","PENDING_FUTURE_GROWTH; no DEFAULT or zero-growth assumption","PH:2050:Industry:IndustryFinalEnergy:coal","IndustryFinalEnergy","true","true","false","MISSING","PH:coal","false","false","","Industry","","","",""
"PH","2050","Industry","IndustryFinalEnergy","gas","DIRECT_FUEL","","","","","IndustryFinalEnergy","EXPLICIT","","2019","","","PENDING_ACCEPTED_COUNTRY_NODE_WEIGHTS","PENDING_ACCEPTED_SHAPE_AND_PHYSICAL_WEIGHTS","false","false","FIXED","PENDING","REPRESENTATION_ACCEPTED_NUMERIC_PENDING","PENDING_FUTURE_GROWTH; no DEFAULT or zero-growth assumption","PH:2050:Industry:IndustryFinalEnergy:gas","IndustryFinalEnergy","true","true","false","MISSING","PH:gas","false","false","","Industry","","","",""
"PH","2050","Industry","IndustryFinalEnergy","oil","DIRECT_FUEL","","","","","IndustryFinalEnergy","EXPLICIT","","2019","","","PENDING_ACCEPTED_COUNTRY_NODE_WEIGHTS","PENDING_ACCEPTED_SHAPE_AND_PHYSICAL_WEIGHTS","false","false","FIXED","PENDING","REPRESENTATION_ACCEPTED_NUMERIC_PENDING","PENDING_FUTURE_GROWTH; no DEFAULT or zero-growth assumption","PH:2050:Industry:IndustryFinalEnergy:oil","IndustryFinalEnergy","true","true","false","MISSING","PH:oil","false","false","","Industry","","","",""
"PH","2050","Transport","DomesticAviationFuel","oil","DIRECT_FUEL","","","","","DomesticAviationFuel","EXPLICIT","","2019","","","PENDING_ACCEPTED_COUNTRY_NODE_WEIGHTS","PENDING_ACCEPTED_SHAPE_AND_PHYSICAL_WEIGHTS","false","false","FIXED","PENDING","REPRESENTATION_ACCEPTED_NUMERIC_PENDING","PENDING_FUTURE_GROWTH; upstream default projection not accepted","PH:2050:Transport:DomesticAviationFuel:oil","DomesticAviationFuel","true","true","false","MISSING","PH:oil","false","false","","bunker","","","",""
"PH","2050","Transport","DomesticShippingFuel","oil","DIRECT_FUEL","","","","","DomesticShippingFuel","EXPLICIT","","2019","","","PENDING_ACCEPTED_COUNTRY_NODE_WEIGHTS","PENDING_ACCEPTED_SHAPE_AND_PHYSICAL_WEIGHTS","false","false","FIXED","PENDING","REPRESENTATION_ACCEPTED_NUMERIC_PENDING","PENDING_FUTURE_GROWTH; upstream default projection not accepted","PH:2050:Transport:DomesticShippingFuel:oil","DomesticShippingFuel","true","true","false","MISSING","PH:oil","false","false","","bunker","","","",""
"PH","2050","Transport","RailElectricity","electricity","EMBEDDED","","","","Astar","RailElectricity","EMBEDDED","","2019","","","PENDING_ACCEPTED_COUNTRY_NODE_WEIGHTS","PENDING_ACCEPTED_SHAPE_AND_PHYSICAL_WEIGHTS","true","false","FIXED","PENDING","REPRESENTATION_ACCEPTED_NUMERIC_PENDING","Future rail stays in Astar once; decomposition pending","PH:2050:Transport:RailElectricity:electricity","Astar","false","false","false","MISSING","PH:electricity","false","false","","Transport","","","",""
"PH","2050","Transport","RoadEVFinalElectricity","electricity","DIRECT_ELECTRICITY","","","","","RoadEVFinalElectricity","EXPLICIT","","2019","","","PENDING_ACCEPTED_COUNTRY_NODE_WEIGHTS","PENDING_ACCEPTED_SHAPE_AND_PHYSICAL_WEIGHTS","false","false","FIXED","PENDING","REPRESENTATION_ACCEPTED_NUMERIC_PENDING","External final-energy share pending; future EV excluded from future direct Astar; no kWh/km proxy","PH:2050:Transport:RoadEVFinalElectricity:electricity","RoadEVFinalElectricity","true","true","false","MISSING","PH:electricity","false","false","","Transport","","","",""
"PH","2050","Transport","RoadResidualFuel","biomass","DIRECT_FUEL","","","","","RoadResidualFuel","EXPLICIT","","2019","","","PENDING_ACCEPTED_COUNTRY_NODE_WEIGHTS","PENDING_ACCEPTED_SHAPE_AND_PHYSICAL_WEIGHTS","false","false","FIXED","PENDING","REPRESENTATION_ACCEPTED_NUMERIC_PENDING","PENDING_FUTURE_GROWTH_AND_EV_ENERGY_PATH; carrier vector retained","PH:2050:Transport:RoadResidualFuel:biomass","RoadResidualFuel","true","true","false","MISSING","PH:biomass","false","false","","Transport","","","",""
"PH","2050","Transport","RoadResidualFuel","gas","DIRECT_FUEL","","","","","RoadResidualFuel","EXPLICIT","","2019","","","PENDING_ACCEPTED_COUNTRY_NODE_WEIGHTS","PENDING_ACCEPTED_SHAPE_AND_PHYSICAL_WEIGHTS","false","false","FIXED","PENDING","REPRESENTATION_ACCEPTED_NUMERIC_PENDING","PENDING_FUTURE_GROWTH_AND_EV_ENERGY_PATH; carrier vector retained","PH:2050:Transport:RoadResidualFuel:gas","RoadResidualFuel","true","true","false","MISSING","PH:gas","false","false","","Transport","","","",""
"PH","2050","Transport","RoadResidualFuel","oil","DIRECT_FUEL","","","","","RoadResidualFuel","EXPLICIT","","2019","","","PENDING_ACCEPTED_COUNTRY_NODE_WEIGHTS","PENDING_ACCEPTED_SHAPE_AND_PHYSICAL_WEIGHTS","false","false","FIXED","PENDING","REPRESENTATION_ACCEPTED_NUMERIC_PENDING","PENDING_FUTURE_GROWTH_AND_EV_ENERGY_PATH; carrier vector retained","PH:2050:Transport:RoadResidualFuel:oil","RoadResidualFuel","true","true","false","MISSING","PH:oil","false","false","","Transport","","","",""
"PH","2050","Transport","TransportEmbeddedFuelParent","unclassified_fuel","UNCLASSIFIED","","","","","TransportEmbeddedFuelParent","EXPLICIT","","2019","","","PENDING_ACCEPTED_COUNTRY_NODE_WEIGHTS","PENDING_ACCEPTED_SHAPE_AND_PHYSICAL_WEIGHTS","false","false","FIXED","PENDING","REPRESENTATION_ACCEPTED_NUMERIC_PENDING","Rail fuel remains within one pending transport fuel parent; no duplicate rail Load","PH:2050:Transport:TransportEmbeddedFuelParent:unclassified_fuel","TransportEmbeddedFuelParent","true","true","false","MISSING","","false","false","","Transport","","","",""
"SG","2019","Agriculture","AgricultureFinalEnergy","biomass","DIRECT_FUEL","","TWh/year","","","AgricultureFinalEnergy","EXPLICIT","/home/jin/research/SGP_ESE5004_Stage2/pypsa-asean/resources/baseline-aims-3H-tutorial/energy_totals_base.csv","2019","af27beafc01cfb1920a23e632c05e858883a28efd9bbf94df3dfdba455fde261","Frozen derived cache; TWh/year -> MWh; raw/calorific provenance still pending","PENDING_ACCEPTED_COUNTRY_NODE_WEIGHTS","PENDING_ACCEPTED_SHAPE_AND_PHYSICAL_WEIGHTS","false","false","FIXED","MISSING","REPRESENTATION_ACCEPTED_NUMERIC_PENDING","No agriculture technology model; retain each original fuel","SG:2019:Agriculture:AgricultureFinalEnergy:biomass","AgricultureFinalEnergy","true","true","false","MISSING","SG:biomass","false","false","SG/agriculture biomass","Agriculture","","","",""
"SG","2019","Agriculture","AgricultureFinalEnergy","coal","DIRECT_FUEL","","TWh/year","","","AgricultureFinalEnergy","EXPLICIT","/home/jin/research/SGP_ESE5004_Stage2/pypsa-asean/resources/baseline-aims-3H-tutorial/energy_totals_base.csv","2019","af27beafc01cfb1920a23e632c05e858883a28efd9bbf94df3dfdba455fde261","Frozen derived cache; TWh/year -> MWh; raw/calorific provenance still pending","PENDING_ACCEPTED_COUNTRY_NODE_WEIGHTS","PENDING_ACCEPTED_SHAPE_AND_PHYSICAL_WEIGHTS","false","false","FIXED","MISSING","REPRESENTATION_ACCEPTED_NUMERIC_PENDING","No agriculture technology model; retain each original fuel","SG:2019:Agriculture:AgricultureFinalEnergy:coal","AgricultureFinalEnergy","true","true","false","MISSING","SG:coal","false","false","SG/agriculture coal","Agriculture","","","",""
"SG","2019","Agriculture","AgricultureFinalEnergy","electricity","EMBEDDED","","Kilowatt-hours, million","","Astar","AgricultureFinalEnergy","EMBEDDED","/home/jin/research/SGP_ESE5004_Stage2/pypsa-asean/data/demand/unsd/data/UNdata_Export_20250502_110820872.txt","2019","12c99b3c40927449d9a4d0402f255a8b84b24917ff58e54efd4ec43b2125fe6b","Exact raw transaction; million kWh * 1000 = MWh; no losses or AEO scaling","PENDING_ACCEPTED_COUNTRY_NODE_WEIGHTS","PENDING_ACCEPTED_SHAPE_AND_PHYSICAL_WEIGHTS","true","false","FIXED","MISSING","REPRESENTATION_ACCEPTED_NUMERIC_PENDING","No agriculture technology model; retain each original fuel","SG:2019:Agriculture:AgricultureFinalEnergy:electricity","Astar","false","false","false","MISSING","SG:electricity","false","false","Consumption in agriculture, forestry and fishing","Agriculture","","","",""
"SG","2019","Agriculture","AgricultureFinalEnergy","oil","DIRECT_FUEL","","TWh/year","","","AgricultureFinalEnergy","EXPLICIT","/home/jin/research/SGP_ESE5004_Stage2/pypsa-asean/resources/baseline-aims-3H-tutorial/energy_totals_base.csv","2019","af27beafc01cfb1920a23e632c05e858883a28efd9bbf94df3dfdba455fde261","Frozen derived cache; TWh/year -> MWh; raw/calorific provenance still pending","PENDING_ACCEPTED_COUNTRY_NODE_WEIGHTS","PENDING_ACCEPTED_SHAPE_AND_PHYSICAL_WEIGHTS","false","false","FIXED","MISSING","REPRESENTATION_ACCEPTED_NUMERIC_PENDING","No agriculture technology model; retain each original fuel","SG:2019:Agriculture:AgricultureFinalEnergy:oil","AgricultureFinalEnergy","true","true","false","MISSING","SG:oil","false","false","SG/agriculture oil","Agriculture","","","",""
"SG","2019","Buildings","ResidentialCooking","mixed","EMBEDDED","","","","ResidentialDirectEnergy","ResidentialCooking","EMBEDDED","","2019","","","PENDING_ACCEPTED_COUNTRY_NODE_WEIGHTS","PENDING_ACCEPTED_SHAPE_AND_PHYSICAL_WEIGHTS","false","false","FIXED","EMBEDDED","REPRESENTATION_ACCEPTED_VALUES_NOT_DEFINED","No additional service obligation. Existing final electricity/fuel keeps ownership. Cooking is not space/water heat.","SG:2019:Buildings:ResidentialCooking:mixed","Astar_and_original_fuels","false","false","false","MISSING","SG:mixed","false","false","","Buildings","","","",""
"SG","2019","Buildings","ResidentialCooling","electricity","EMBEDDED","","","","ResidentialDirectEnergy","ResidentialCooling","EMBEDDED","","2019","","","PENDING_ACCEPTED_COUNTRY_NODE_WEIGHTS","PENDING_ACCEPTED_SHAPE_AND_PHYSICAL_WEIGHTS","true","false","FIXED","EMBEDDED","REPRESENTATION_ACCEPTED_VALUES_NOT_DEFINED","No additional service obligation. Existing final electricity/fuel keeps ownership. Cooking is not space/water heat.","SG:2019:Buildings:ResidentialCooling:electricity","Astar_and_original_fuels","false","false","false","MISSING","SG:electricity","false","false","","Buildings","","","",""
"SG","2019","Buildings","ResidentialDirectElectricity","electricity","DIRECT_ELECTRICITY","7681.3","Kilowatt-hours, million","7681300.0","Astar","ResidentialDirectElectricity","EMBEDDED","/home/jin/research/SGP_ESE5004_Stage2/pypsa-asean/data/demand/unsd/data/UNdata_Export_20250502_110820872.txt","2019","12c99b3c40927449d9a4d0402f255a8b84b24917ff58e54efd4ec43b2125fe6b","Exact raw transaction; million kWh * 1000 = MWh; no losses or AEO scaling","PENDING_ACCEPTED_COUNTRY_NODE_WEIGHTS","PENDING_ACCEPTED_SHAPE_AND_PHYSICAL_WEIGHTS","true","false","FIXED","PENDING","REPRESENTATION_ACCEPTED_NUMERIC_PENDING","Separate R/S identity retained in Astar; no second electricity Load; numeric decomposition is unaccepted","SG:2019:Buildings:ResidentialDirectElectricity:electricity","Astar","false","false","false","REPORTED_VALUE","SG:electricity","false","false","Consumption by households; physical line end 79117","Buildings","","","",""
"SG","2019","Buildings","ResidentialFuel","biomass","DIRECT_FUEL","0.0","TWh/year","","","ResidentialFuel","EXPLICIT","/home/jin/research/SGP_ESE5004_Stage2/pypsa-asean/resources/baseline-aims-3H-tutorial/energy_totals_base.csv","2019","af27beafc01cfb1920a23e632c05e858883a28efd9bbf94df3dfdba455fde261","Frozen derived cache; TWh/year -> MWh; raw/calorific provenance still pending","PENDING_ACCEPTED_COUNTRY_NODE_WEIGHTS","PENDING_ACCEPTED_SHAPE_AND_PHYSICAL_WEIGHTS","false","false","FIXED","MISSING","REPRESENTATION_ACCEPTED_NUMERIC_PENDING","Fixed final fuel; no useful-heat inference; cooking remains within original fuel. Coal not recast as electricity.; cache zero has no certified raw-zero evidence","SG:2019:Buildings:ResidentialFuel:biomass","ResidentialFuel","true","true","false","CACHE_ZERO_UNVERIFIED","SG:biomass","false","false","SG/residential biomass","Buildings","","","",""
"SG","2019","Buildings","ResidentialFuel","coal","DIRECT_FUEL","","TWh/year","","","ResidentialFuel","EXPLICIT","/home/jin/research/SGP_ESE5004_Stage2/pypsa-asean/resources/baseline-aims-3H-tutorial/energy_totals_base.csv","2019","af27beafc01cfb1920a23e632c05e858883a28efd9bbf94df3dfdba455fde261","Frozen derived cache; TWh/year -> MWh; raw/calorific provenance still pending","PENDING_ACCEPTED_COUNTRY_NODE_WEIGHTS","PENDING_ACCEPTED_SHAPE_AND_PHYSICAL_WEIGHTS","false","false","FIXED","MISSING","REPRESENTATION_ACCEPTED_NUMERIC_PENDING","Fixed final fuel; no useful-heat inference; cooking remains within original fuel. Coal not recast as electricity.; cache has no original R/S coal column; source recovery required","SG:2019:Buildings:ResidentialFuel:coal","ResidentialFuel","true","true","false","MISSING","SG:coal","false","false","SG/residential coal","Buildings","","","",""
"SG","2019","Buildings","ResidentialFuel","gas","DIRECT_FUEL","0.7359","TWh/year","735900.0","","ResidentialFuel","EXPLICIT","/home/jin/research/SGP_ESE5004_Stage2/pypsa-asean/resources/baseline-aims-3H-tutorial/energy_totals_base.csv","2019","af27beafc01cfb1920a23e632c05e858883a28efd9bbf94df3dfdba455fde261","Frozen derived cache; TWh/year -> MWh; raw/calorific provenance still pending","PENDING_ACCEPTED_COUNTRY_NODE_WEIGHTS","PENDING_ACCEPTED_SHAPE_AND_PHYSICAL_WEIGHTS","false","false","FIXED","FROZEN_UPSTREAM","REPRESENTATION_ACCEPTED_NUMERIC_PENDING","Fixed final fuel; no useful-heat inference; cooking remains within original fuel. Coal not recast as electricity.","SG:2019:Buildings:ResidentialFuel:gas","ResidentialFuel","true","true","false","POSITIVE_CACHE_VALUE","SG:gas","false","false","SG/residential gas","Buildings","","","",""
"SG","2019","Buildings","ResidentialFuel","oil","DIRECT_FUEL","0.2757","TWh/year","275700.0","","ResidentialFuel","EXPLICIT","/home/jin/research/SGP_ESE5004_Stage2/pypsa-asean/resources/baseline-aims-3H-tutorial/energy_totals_base.csv","2019","af27beafc01cfb1920a23e632c05e858883a28efd9bbf94df3dfdba455fde261","Frozen derived cache; TWh/year -> MWh; raw/calorific provenance still pending","PENDING_ACCEPTED_COUNTRY_NODE_WEIGHTS","PENDING_ACCEPTED_SHAPE_AND_PHYSICAL_WEIGHTS","false","false","FIXED","FROZEN_UPSTREAM","REPRESENTATION_ACCEPTED_NUMERIC_PENDING","Fixed final fuel; no useful-heat inference; cooking remains within original fuel. Coal not recast as electricity.","SG:2019:Buildings:ResidentialFuel:oil","ResidentialFuel","true","true","false","POSITIVE_CACHE_VALUE","SG:oil","false","false","SG/residential oil","Buildings","","","",""
"SG","2019","Buildings","ResidentialSpaceHeat","mixed","EMBEDDED","","","","ResidentialDirectEnergy","ResidentialSpaceHeat","EMBEDDED","","2019","","","PENDING_ACCEPTED_COUNTRY_NODE_WEIGHTS","PENDING_ACCEPTED_SHAPE_AND_PHYSICAL_WEIGHTS","false","false","FIXED","EMBEDDED","REPRESENTATION_ACCEPTED_VALUES_NOT_DEFINED","No additional service obligation. Existing final electricity/fuel keeps ownership. Cooking is not space/water heat.","SG:2019:Buildings:ResidentialSpaceHeat:mixed","Astar_and_original_fuels","false","false","false","MISSING","SG:mixed","false","false","","Buildings","","","",""
"SG","2019","Buildings","ResidentialWaterHeat","mixed","EMBEDDED","","","","ResidentialDirectEnergy","ResidentialWaterHeat","EMBEDDED","","2019","","","PENDING_ACCEPTED_COUNTRY_NODE_WEIGHTS","PENDING_ACCEPTED_SHAPE_AND_PHYSICAL_WEIGHTS","false","false","FIXED","EMBEDDED","REPRESENTATION_ACCEPTED_VALUES_NOT_DEFINED","No additional service obligation. Existing final electricity/fuel keeps ownership. Cooking is not space/water heat.","SG:2019:Buildings:ResidentialWaterHeat:mixed","Astar_and_original_fuels","false","false","false","MISSING","SG:mixed","false","false","","Buildings","","","",""
"SG","2019","Buildings","ServicesCooking","mixed","EMBEDDED","","","","ServicesDirectEnergy","ServicesCooking","EMBEDDED","","2019","","","PENDING_ACCEPTED_COUNTRY_NODE_WEIGHTS","PENDING_ACCEPTED_SHAPE_AND_PHYSICAL_WEIGHTS","false","false","FIXED","EMBEDDED","REPRESENTATION_ACCEPTED_VALUES_NOT_DEFINED","No additional service obligation. Existing final electricity/fuel keeps ownership. Cooking is not space/water heat.","SG:2019:Buildings:ServicesCooking:mixed","Astar_and_original_fuels","false","false","false","MISSING","SG:mixed","false","false","","Buildings","","","",""
"SG","2019","Buildings","ServicesCooling","electricity","EMBEDDED","","","","ServicesDirectEnergy","ServicesCooling","EMBEDDED","","2019","","","PENDING_ACCEPTED_COUNTRY_NODE_WEIGHTS","PENDING_ACCEPTED_SHAPE_AND_PHYSICAL_WEIGHTS","true","false","FIXED","EMBEDDED","REPRESENTATION_ACCEPTED_VALUES_NOT_DEFINED","No additional service obligation. Existing final electricity/fuel keeps ownership. Cooking is not space/water heat.","SG:2019:Buildings:ServicesCooling:electricity","Astar_and_original_fuels","false","false","false","MISSING","SG:electricity","false","false","","Buildings","","","",""
"SG","2019","Buildings","ServicesDirectElectricity","electricity","DIRECT_ELECTRICITY","19318.9","Kilowatt-hours, million","19318900.0","Astar","ServicesDirectElectricity","EMBEDDED","/home/jin/research/SGP_ESE5004_Stage2/pypsa-asean/data/demand/unsd/data/UNdata_Export_20250502_110820872.txt","2019","12c99b3c40927449d9a4d0402f255a8b84b24917ff58e54efd4ec43b2125fe6b","Exact raw transaction; million kWh * 1000 = MWh; no losses or AEO scaling","PENDING_ACCEPTED_COUNTRY_NODE_WEIGHTS","PENDING_ACCEPTED_SHAPE_AND_PHYSICAL_WEIGHTS","true","false","FIXED","PENDING","REPRESENTATION_ACCEPTED_NUMERIC_PENDING","Separate R/S identity retained in Astar; no second electricity Load; numeric decomposition is unaccepted","SG:2019:Buildings:ServicesDirectElectricity:electricity","Astar","false","false","false","REPORTED_VALUE","SG:electricity","false","false","Consumption by commercial and public services; physical line end 79147","Buildings","","","",""
"SG","2019","Buildings","ServicesFuel","biomass","DIRECT_FUEL","0.0","TWh/year","","","ServicesFuel","EXPLICIT","/home/jin/research/SGP_ESE5004_Stage2/pypsa-asean/resources/baseline-aims-3H-tutorial/energy_totals_base.csv","2019","af27beafc01cfb1920a23e632c05e858883a28efd9bbf94df3dfdba455fde261","Frozen derived cache; TWh/year -> MWh; raw/calorific provenance still pending","PENDING_ACCEPTED_COUNTRY_NODE_WEIGHTS","PENDING_ACCEPTED_SHAPE_AND_PHYSICAL_WEIGHTS","false","false","FIXED","MISSING","REPRESENTATION_ACCEPTED_NUMERIC_PENDING","Fixed final fuel; no useful-heat inference; cooking remains within original fuel. Coal not recast as electricity.; cache zero has no certified raw-zero evidence","SG:2019:Buildings:ServicesFuel:biomass","ServicesFuel","true","true","false","CACHE_ZERO_UNVERIFIED","SG:biomass","false","false","SG/services biomass","Buildings","","","",""
"SG","2019","Buildings","ServicesFuel","coal","DIRECT_FUEL","","TWh/year","","","ServicesFuel","EXPLICIT","/home/jin/research/SGP_ESE5004_Stage2/pypsa-asean/resources/baseline-aims-3H-tutorial/energy_totals_base.csv","2019","af27beafc01cfb1920a23e632c05e858883a28efd9bbf94df3dfdba455fde261","Frozen derived cache; TWh/year -> MWh; raw/calorific provenance still pending","PENDING_ACCEPTED_COUNTRY_NODE_WEIGHTS","PENDING_ACCEPTED_SHAPE_AND_PHYSICAL_WEIGHTS","false","false","FIXED","MISSING","REPRESENTATION_ACCEPTED_NUMERIC_PENDING","Fixed final fuel; no useful-heat inference; cooking remains within original fuel. Coal not recast as electricity.; cache has no original R/S coal column; source recovery required","SG:2019:Buildings:ServicesFuel:coal","ServicesFuel","true","true","false","MISSING","SG:coal","false","false","SG/services coal","Buildings","","","",""
"SG","2019","Buildings","ServicesFuel","gas","DIRECT_FUEL","1.0206","TWh/year","1020600.0","","ServicesFuel","EXPLICIT","/home/jin/research/SGP_ESE5004_Stage2/pypsa-asean/resources/baseline-aims-3H-tutorial/energy_totals_base.csv","2019","af27beafc01cfb1920a23e632c05e858883a28efd9bbf94df3dfdba455fde261","Frozen derived cache; TWh/year -> MWh; raw/calorific provenance still pending","PENDING_ACCEPTED_COUNTRY_NODE_WEIGHTS","PENDING_ACCEPTED_SHAPE_AND_PHYSICAL_WEIGHTS","false","false","FIXED","FROZEN_UPSTREAM","REPRESENTATION_ACCEPTED_NUMERIC_PENDING","Fixed final fuel; no useful-heat inference; cooking remains within original fuel. Coal not recast as electricity.","SG:2019:Buildings:ServicesFuel:gas","ServicesFuel","true","true","false","POSITIVE_CACHE_VALUE","SG:gas","false","false","SG/services gas","Buildings","","","",""
"SG","2019","Buildings","ServicesFuel","oil","DIRECT_FUEL","0.8403","TWh/year","840300.0","","ServicesFuel","EXPLICIT","/home/jin/research/SGP_ESE5004_Stage2/pypsa-asean/resources/baseline-aims-3H-tutorial/energy_totals_base.csv","2019","af27beafc01cfb1920a23e632c05e858883a28efd9bbf94df3dfdba455fde261","Frozen derived cache; TWh/year -> MWh; raw/calorific provenance still pending","PENDING_ACCEPTED_COUNTRY_NODE_WEIGHTS","PENDING_ACCEPTED_SHAPE_AND_PHYSICAL_WEIGHTS","false","false","FIXED","FROZEN_UPSTREAM","REPRESENTATION_ACCEPTED_NUMERIC_PENDING","Fixed final fuel; no useful-heat inference; cooking remains within original fuel. Coal not recast as electricity.","SG:2019:Buildings:ServicesFuel:oil","ServicesFuel","true","true","false","POSITIVE_CACHE_VALUE","SG:oil","false","false","SG/services oil","Buildings","","","",""
"SG","2019","Buildings","ServicesSpaceHeat","mixed","EMBEDDED","","","","ServicesDirectEnergy","ServicesSpaceHeat","EMBEDDED","","2019","","","PENDING_ACCEPTED_COUNTRY_NODE_WEIGHTS","PENDING_ACCEPTED_SHAPE_AND_PHYSICAL_WEIGHTS","false","false","FIXED","EMBEDDED","REPRESENTATION_ACCEPTED_VALUES_NOT_DEFINED","No additional service obligation. Existing final electricity/fuel keeps ownership. Cooking is not space/water heat.","SG:2019:Buildings:ServicesSpaceHeat:mixed","Astar_and_original_fuels","false","false","false","MISSING","SG:mixed","false","false","","Buildings","","","",""
"SG","2019","Buildings","ServicesWaterHeat","mixed","EMBEDDED","","","","ServicesDirectEnergy","ServicesWaterHeat","EMBEDDED","","2019","","","PENDING_ACCEPTED_COUNTRY_NODE_WEIGHTS","PENDING_ACCEPTED_SHAPE_AND_PHYSICAL_WEIGHTS","false","false","FIXED","EMBEDDED","REPRESENTATION_ACCEPTED_VALUES_NOT_DEFINED","No additional service obligation. Existing final electricity/fuel keeps ownership. Cooking is not space/water heat.","SG:2019:Buildings:ServicesWaterHeat:mixed","Astar_and_original_fuels","false","false","false","MISSING","SG:mixed","false","false","","Buildings","","","",""
"SG","2019","Bunker","InternationalAviationBunker","oil","BUNKER_FUEL","103.2489","TWh/year","103248900.0","","InternationalAviationBunker","EXPLICIT","/home/jin/research/SGP_ESE5004_Stage2/pypsa-asean/resources/baseline-aims-3H-tutorial/energy_totals_base.csv","2019","af27beafc01cfb1920a23e632c05e858883a28efd9bbf94df3dfdba455fde261","Frozen derived cache; TWh/year -> MWh; raw/calorific provenance still pending","PENDING_ACCEPTED_COUNTRY_NODE_WEIGHTS","PENDING_ACCEPTED_SHAPE_AND_PHYSICAL_WEIGHTS","false","false","FIXED","BLOCKER","REPRESENTATION_ACCEPTED_NUMERIC_PENDING","FIXED fuel obligation; FT is later endogenous supply. Review status: EXACT_SELECTED_CACHE_MATCH_WITH_OMITTED_TRANSACTION_OR_COMMODITY; omitted transaction/commodity exists: no automatic correction","SG:2019:Bunker:InternationalAviationBunker:oil","InternationalAviationBunker","true","true","false","POSITIVE_CACHE_VALUE","SG:oil","false","false","SG/total international aviation; bunker_review.json SG/InternationalAviationBunkerFuel","bunker","","","",""
"SG","2019","Bunker","InternationalShippingBunker","oil","BUNKER_FUEL","535.3418","TWh/year","535341800.00000006","","InternationalShippingBunker","EXPLICIT","/home/jin/research/SGP_ESE5004_Stage2/pypsa-asean/resources/baseline-aims-3H-tutorial/energy_totals_base.csv","2019","af27beafc01cfb1920a23e632c05e858883a28efd9bbf94df3dfdba455fde261","Frozen derived cache; TWh/year -> MWh; raw/calorific provenance still pending","PENDING_ACCEPTED_COUNTRY_NODE_WEIGHTS","PENDING_ACCEPTED_SHAPE_AND_PHYSICAL_WEIGHTS","false","false","FIXED","FROZEN_UPSTREAM","REPRESENTATION_ACCEPTED_NUMERIC_PENDING","FIXED fuel obligation; FT is later endogenous supply. Review status: EXACT_SELECTED_CACHE_MATCH","SG:2019:Bunker:InternationalShippingBunker:oil","InternationalShippingBunker","true","true","false","POSITIVE_CACHE_VALUE","SG:oil","false","false","SG/total international navigation; bunker_review.json SG/InternationalShippingBunkerFuel","bunker","","","",""
"SG","2019","Conversion","EVIfConversion","electricity","ENDOGENOUS_CONVERSION_INPUT","","","","","EVIfConversion","CONTRACT_ONLY","","2019","","","PENDING_ACCEPTED_COUNTRY_NODE_WEIGHTS","PENDING_ACCEPTED_SHAPE_AND_PHYSICAL_WEIGHTS","false","false","ENDOGENOUS","PENDING","REPRESENTATION_ACCEPTED_NUMERIC_PENDING","No predetermined demand or Load; future accepted conversion Link owns its electricity input","SG:2019:Conversion:EVIfConversion:electricity","EVIfConversion","false","false","false","MISSING","SG:electricity","false","false","","electricity","","","",""
"SG","2019","Conversion","Electrolysis","electricity","ENDOGENOUS_CONVERSION_INPUT","","","","","Electrolysis","CONTRACT_ONLY","","2019","","","PENDING_ACCEPTED_COUNTRY_NODE_WEIGHTS","PENDING_ACCEPTED_SHAPE_AND_PHYSICAL_WEIGHTS","false","false","ENDOGENOUS","PENDING","REPRESENTATION_ACCEPTED_NUMERIC_PENDING","No predetermined demand or Load; future accepted conversion Link owns its electricity input","SG:2019:Conversion:Electrolysis:electricity","Electrolysis","false","false","false","MISSING","SG:electricity","false","false","","electricity","","","",""
"SG","2019","Conversion","FischerTropsch","electricity","ENDOGENOUS_CONVERSION_INPUT","","","","","FischerTropsch","CONTRACT_ONLY","","2019","","","PENDING_ACCEPTED_COUNTRY_NODE_WEIGHTS","PENDING_ACCEPTED_SHAPE_AND_PHYSICAL_WEIGHTS","false","false","ENDOGENOUS","PENDING","REPRESENTATION_ACCEPTED_NUMERIC_PENDING","No predetermined demand or Load; future accepted conversion Link owns its electricity input","SG:2019:Conversion:FischerTropsch:electricity","FischerTropsch","false","false","false","MISSING","SG:electricity","false","false","","electricity","","","",""
"SG","2019","Conversion","HeatPump","electricity","ENDOGENOUS_CONVERSION_INPUT","","","","","HeatPump","CONTRACT_ONLY","","2019","","","PENDING_ACCEPTED_COUNTRY_NODE_WEIGHTS","PENDING_ACCEPTED_SHAPE_AND_PHYSICAL_WEIGHTS","false","false","ENDOGENOUS","PENDING","REPRESENTATION_ACCEPTED_NUMERIC_PENDING","No predetermined demand or Load; future accepted conversion Link owns its electricity input","SG:2019:Conversion:HeatPump:electricity","HeatPump","false","false","false","MISSING","SG:electricity","false","false","","electricity","","","",""
"SG","2019","Conversion","ResistiveHeating","electricity","ENDOGENOUS_CONVERSION_INPUT","","","","","ResistiveHeating","CONTRACT_ONLY","","2019","","","PENDING_ACCEPTED_COUNTRY_NODE_WEIGHTS","PENDING_ACCEPTED_SHAPE_AND_PHYSICAL_WEIGHTS","false","false","ENDOGENOUS","PENDING","REPRESENTATION_ACCEPTED_NUMERIC_PENDING","No predetermined demand or Load; future accepted conversion Link owns its electricity input","SG:2019:Conversion:ResistiveHeating:electricity","ResistiveHeating","false","false","false","MISSING","SG:electricity","false","false","","electricity","","","",""
"SG","2019","Electricity","Astar","electricity","DIRECT_ELECTRICITY","51730.2","Kilowatt-hours, million","51730200.0","","Astar","EXPLICIT","/home/jin/research/SGP_ESE5004_Stage2/pypsa-asean/data/demand/unsd/data/UNdata_Export_20250502_110820872.txt","2019","12c99b3c40927449d9a4d0402f255a8b84b24917ff58e54efd4ec43b2125fe6b","Exact raw transaction; million kWh * 1000 = MWh; no losses or AEO scaling","PENDING_ACCEPTED_COUNTRY_NODE_WEIGHTS","PENDING_ACCEPTED_SHAPE_AND_PHYSICAL_WEIGHTS","true","false","FIXED","PENDING","REPRESENTATION_ACCEPTED_NUMERIC_PENDING","End-user final electricity before any accepted transfers; future conversion inputs excluded","SG:2019:Electricity:Astar:electricity","Astar","true","true","false","REPORTED_VALUE","SG:electricity","false","false","Final energy consumption; physical line end 79010","electricity","51730200.0","0.0","51730200.0","51730200.0"
"SG","2019","Industry","IndustryCacheElectricityReference","electricity","DIRECT_FUEL","21463900.000000004","MWh/year","21463900.000000004","","IndustryCacheElectricityReference","REFERENCE","/home/jin/research/SGP_ESE5004_Stage2/pypsa-asean/resources/baseline-aims-3H-tutorial/demand/base_industry_totals_2030.csv","2019","c62e8edab8451f93a4273f9214e6259306ea7e01a6ba9c85e7b7db48978aa404","Frozen derived cache; MWh/year -> MWh; raw/calorific provenance still pending","PENDING_ACCEPTED_COUNTRY_NODE_WEIGHTS","PENDING_ACCEPTED_SHAPE_AND_PHYSICAL_WEIGHTS","false","false","FIXED","REFERENCE_ONLY","REPRESENTATION_ACCEPTED_NUMERIC_PENDING","Base 2019 country/carrier sum of 13 cached industries; pre-NH3 deduction; raw calorific/feedstock boundary pending","SG:2019:Industry:IndustryCacheElectricityReference:electricity","IndustryCacheElectricityReference","false","false","false","POSITIVE_CACHE_VALUE","SG:electricity","false","false","SG/electricity; sum 13 columns","Industry","","","",""
"SG","2019","Industry","IndustryDirectElectricity","electricity","DIRECT_ELECTRICITY","21463.9","Kilowatt-hours, million","21463900.0","Astar","IndustryDirectElectricity","EMBEDDED","/home/jin/research/SGP_ESE5004_Stage2/pypsa-asean/data/demand/unsd/data/UNdata_Export_20250502_110820872.txt","2019","12c99b3c40927449d9a4d0402f255a8b84b24917ff58e54efd4ec43b2125fe6b","Exact raw transaction; million kWh * 1000 = MWh; no losses or AEO scaling","PENDING_ACCEPTED_COUNTRY_NODE_WEIGHTS","PENDING_ACCEPTED_SHAPE_AND_PHYSICAL_WEIGHTS","true","false","FIXED","PENDING","REPRESENTATION_ACCEPTED_NUMERIC_PENDING","Industrial final electricity stays inside Astar; no second industry Load. No process/service conversion","SG:2019:Industry:IndustryDirectElectricity:electricity","Astar","false","false","false","REPORTED_VALUE","SG:electricity","false","false","Consumption by manufacturing, construction and non-fuel industry; physical line end 79025","Industry","","","",""
"SG","2019","Industry","IndustryFuel","biomass","DIRECT_FUEL","","MWh/year","","","IndustryFuel","EXPLICIT","/home/jin/research/SGP_ESE5004_Stage2/pypsa-asean/resources/baseline-aims-3H-tutorial/demand/base_industry_totals_2030.csv","2019","c62e8edab8451f93a4273f9214e6259306ea7e01a6ba9c85e7b7db48978aa404","Frozen derived cache; MWh/year -> MWh; raw/calorific provenance still pending","PENDING_ACCEPTED_COUNTRY_NODE_WEIGHTS","PENDING_ACCEPTED_SHAPE_AND_PHYSICAL_WEIGHTS","false","false","FIXED","MISSING","REPRESENTATION_ACCEPTED_NUMERIC_PENDING","Base 2019 country/carrier sum of 13 cached industries; pre-NH3 deduction; raw calorific/feedstock boundary pending","SG:2019:Industry:IndustryFuel:biomass","IndustryFuel","true","true","false","MISSING","SG:biomass","false","false","SG/biomass; sum 13 columns","Industry","","","",""
"SG","2019","Industry","IndustryFuel","coal","DIRECT_FUEL","2103964.5230970001","MWh/year","2103964.523097","","IndustryFuel","EXPLICIT","/home/jin/research/SGP_ESE5004_Stage2/pypsa-asean/resources/baseline-aims-3H-tutorial/demand/base_industry_totals_2030.csv","2019","c62e8edab8451f93a4273f9214e6259306ea7e01a6ba9c85e7b7db48978aa404","Frozen derived cache; MWh/year -> MWh; raw/calorific provenance still pending","PENDING_ACCEPTED_COUNTRY_NODE_WEIGHTS","PENDING_ACCEPTED_SHAPE_AND_PHYSICAL_WEIGHTS","false","false","FIXED","FROZEN_UPSTREAM","REPRESENTATION_ACCEPTED_NUMERIC_PENDING","Base 2019 country/carrier sum of 13 cached industries; pre-NH3 deduction; raw calorific/feedstock boundary pending; MISSING_ENERGY_OBLIGATION in upstream add_industry","SG:2019:Industry:IndustryFuel:coal","IndustryFuel","true","true","false","POSITIVE_CACHE_VALUE","SG:coal","false","true","SG/coal; sum 13 columns","Industry","","","",""
"SG","2019","Industry","IndustryFuel","gas","DIRECT_FUEL","15410250","MWh/year","15410250.0","","IndustryFuel","EXPLICIT","/home/jin/research/SGP_ESE5004_Stage2/pypsa-asean/resources/baseline-aims-3H-tutorial/demand/base_industry_totals_2030.csv","2019","c62e8edab8451f93a4273f9214e6259306ea7e01a6ba9c85e7b7db48978aa404","Frozen derived cache; MWh/year -> MWh; raw/calorific provenance still pending","PENDING_ACCEPTED_COUNTRY_NODE_WEIGHTS","PENDING_ACCEPTED_SHAPE_AND_PHYSICAL_WEIGHTS","false","false","FIXED","FROZEN_UPSTREAM","REPRESENTATION_ACCEPTED_NUMERIC_PENDING","Base 2019 country/carrier sum of 13 cached industries; pre-NH3 deduction; raw calorific/feedstock boundary pending","SG:2019:Industry:IndustryFuel:gas","IndustryFuel","true","true","false","POSITIVE_CACHE_VALUE","SG:gas","false","false","SG/gas; sum 13 columns","Industry","","","",""
"SG","2019","Industry","IndustryFuel","heat","DIRECT_FUEL","","MWh/year","","","IndustryFuel","PENDING","/home/jin/research/SGP_ESE5004_Stage2/pypsa-asean/resources/baseline-aims-3H-tutorial/demand/base_industry_totals_2030.csv","2019","c62e8edab8451f93a4273f9214e6259306ea7e01a6ba9c85e7b7db48978aa404","Frozen derived cache; MWh/year -> MWh; raw/calorific provenance still pending","PENDING_ACCEPTED_COUNTRY_NODE_WEIGHTS","PENDING_ACCEPTED_SHAPE_AND_PHYSICAL_WEIGHTS","false","false","FIXED","MISSING","REPRESENTATION_ACCEPTED_NUMERIC_PENDING","No accepted independent H2 or qualified heat service; no new service obligation","SG:2019:Industry:IndustryFuel:heat","IndustryFuel","false","false","false","MISSING","SG:heat","false","false","SG/heat; sum 13 columns","Industry","","","",""
"SG","2019","Industry","IndustryFuel","hydrogen","DIRECT_FUEL","","MWh/year","","","IndustryFuel","PENDING","/home/jin/research/SGP_ESE5004_Stage2/pypsa-asean/resources/baseline-aims-3H-tutorial/demand/base_industry_totals_2030.csv","2019","c62e8edab8451f93a4273f9214e6259306ea7e01a6ba9c85e7b7db48978aa404","Frozen derived cache; MWh/year -> MWh; raw/calorific provenance still pending","PENDING_ACCEPTED_COUNTRY_NODE_WEIGHTS","PENDING_ACCEPTED_SHAPE_AND_PHYSICAL_WEIGHTS","false","false","FIXED","MISSING","REPRESENTATION_ACCEPTED_NUMERIC_PENDING","No accepted independent H2 or qualified heat service; no new service obligation","SG:2019:Industry:IndustryFuel:hydrogen","IndustryFuel","false","false","false","MISSING","SG:hydrogen","false","false","SG/hydrogen; sum 13 columns","Industry","","","",""
"SG","2019","Industry","IndustryFuel","oil","DIRECT_FUEL","40778818.702","MWh/year","40778818.702","","IndustryFuel","EXPLICIT","/home/jin/research/SGP_ESE5004_Stage2/pypsa-asean/resources/baseline-aims-3H-tutorial/demand/base_industry_totals_2030.csv","2019","c62e8edab8451f93a4273f9214e6259306ea7e01a6ba9c85e7b7db48978aa404","Frozen derived cache; MWh/year -> MWh; raw/calorific provenance still pending","PENDING_ACCEPTED_COUNTRY_NODE_WEIGHTS","PENDING_ACCEPTED_SHAPE_AND_PHYSICAL_WEIGHTS","false","false","FIXED","FROZEN_UPSTREAM","REPRESENTATION_ACCEPTED_NUMERIC_PENDING","Base 2019 country/carrier sum of 13 cached industries; pre-NH3 deduction; raw calorific/feedstock boundary pending","SG:2019:Industry:IndustryFuel:oil","IndustryFuel","true","true","false","POSITIVE_CACHE_VALUE","SG:oil","false","false","SG/oil; sum 13 columns","Industry","","","",""
"SG","2019","Transport","DomesticAviationFuel","oil","DIRECT_FUEL","0.0","TWh/year","","","DomesticAviationFuel","EXPLICIT","/home/jin/research/SGP_ESE5004_Stage2/pypsa-asean/resources/baseline-aims-3H-tutorial/energy_totals_base.csv","2019","af27beafc01cfb1920a23e632c05e858883a28efd9bbf94df3dfdba455fde261","Frozen derived cache; TWh/year -> MWh; raw/calorific provenance still pending","PENDING_ACCEPTED_COUNTRY_NODE_WEIGHTS","PENDING_ACCEPTED_SHAPE_AND_PHYSICAL_WEIGHTS","false","false","FIXED","MISSING","REPRESENTATION_ACCEPTED_NUMERIC_PENDING","FIXED fuel obligation; FT is later endogenous supply. Review status: ZERO_WITHOUT_EXACT_SELECTED_RAW; cache zero has no certified raw-zero evidence","SG:2019:Transport:DomesticAviationFuel:oil","DomesticAviationFuel","true","true","false","CACHE_ZERO_UNVERIFIED","SG:oil","false","false","SG/total domestic aviation; bunker_review.json SG/DomesticAviationFuel","bunker","","","",""
"SG","2019","Transport","DomesticShippingFuel","oil","DIRECT_FUEL","0.0","TWh/year","","","DomesticShippingFuel","EXPLICIT","/home/jin/research/SGP_ESE5004_Stage2/pypsa-asean/resources/baseline-aims-3H-tutorial/energy_totals_base.csv","2019","af27beafc01cfb1920a23e632c05e858883a28efd9bbf94df3dfdba455fde261","Frozen derived cache; TWh/year -> MWh; raw/calorific provenance still pending","PENDING_ACCEPTED_COUNTRY_NODE_WEIGHTS","PENDING_ACCEPTED_SHAPE_AND_PHYSICAL_WEIGHTS","false","false","FIXED","BLOCKER","REPRESENTATION_ACCEPTED_NUMERIC_PENDING","FIXED fuel obligation; FT is later endogenous supply. Review status: ZERO_WITHOUT_EXACT_SELECTED_RAW_WITH_OMITTED_TRANSACTION_OR_COMMODITY; cache zero has no certified raw-zero evidence; omitted transaction/commodity exists: no automatic correction","SG:2019:Transport:DomesticShippingFuel:oil","DomesticShippingFuel","true","true","false","CACHE_ZERO_UNVERIFIED","SG:oil","false","false","SG/total domestic navigation; bunker_review.json SG/DomesticShippingFuel","bunker","","","",""
"SG","2019","Transport","HistoricalRoadElectricity","electricity","DIRECT_ELECTRICITY","0.0","TWh/year","","Astar","HistoricalRoadElectricity","EMBEDDED","/home/jin/research/SGP_ESE5004_Stage2/pypsa-asean/resources/baseline-aims-3H-tutorial/energy_totals_base.csv","2019","af27beafc01cfb1920a23e632c05e858883a28efd9bbf94df3dfdba455fde261","Frozen derived cache; TWh/year -> MWh; raw/calorific provenance still pending","PENDING_ACCEPTED_COUNTRY_NODE_WEIGHTS","PENDING_ACCEPTED_SHAPE_AND_PHYSICAL_WEIGHTS","true","false","FIXED","MISSING","REPRESENTATION_ACCEPTED_NUMERIC_PENDING","Historical EV membership/quantity pending; retain any such energy inside Astar; no transfer performed; cache zero has no certified raw-zero evidence","SG:2019:Transport:HistoricalRoadElectricity:electricity","Astar","false","false","false","CACHE_ZERO_UNVERIFIED","SG:electricity","false","false","SG/road electricity","Transport","","","",""
"SG","2019","Transport","RailElectricity","electricity","EMBEDDED","3019.3","Kilowatt-hours, million","3019300.0","Astar","RailElectricity","EMBEDDED","/home/jin/research/SGP_ESE5004_Stage2/pypsa-asean/data/demand/unsd/data/UNdata_Export_20250502_110820872.txt","2019","12c99b3c40927449d9a4d0402f255a8b84b24917ff58e54efd4ec43b2125fe6b","Exact raw transaction; million kWh * 1000 = MWh; no losses or AEO scaling","PENDING_ACCEPTED_COUNTRY_NODE_WEIGHTS","PENDING_ACCEPTED_SHAPE_AND_PHYSICAL_WEIGHTS","true","false","FIXED","PENDING","REPRESENTATION_ACCEPTED_NUMERIC_PENDING","Rail electricity occurs only within Astar; no independent rail Load","SG:2019:Transport:RailElectricity:electricity","Astar","false","false","false","REPORTED_VALUE","SG:electricity","false","false","Consumption by rail; physical line end 79088","Transport","","","",""
"SG","2019","Transport","RailFinalEnergyReference","mixed","DIRECT_FUEL","3.0193","TWh/year","3019300.0","","RailFinalEnergyReference","REFERENCE","/home/jin/research/SGP_ESE5004_Stage2/pypsa-asean/resources/baseline-aims-3H-tutorial/energy_totals_base.csv","2019","af27beafc01cfb1920a23e632c05e858883a28efd9bbf94df3dfdba455fde261","Frozen derived cache; TWh/year -> MWh; raw/calorific provenance still pending","PENDING_ACCEPTED_COUNTRY_NODE_WEIGHTS","PENDING_ACCEPTED_SHAPE_AND_PHYSICAL_WEIGHTS","false","false","FIXED","FROZEN_UPSTREAM","REPRESENTATION_ACCEPTED_NUMERIC_PENDING","Reference total only; fuel decomposition pending; no independent rail Load","SG:2019:Transport:RailFinalEnergyReference:mixed","RailFinalEnergyReference","false","false","false","POSITIVE_CACHE_VALUE","SG:mixed","false","false","SG/total rail","Transport","","","",""
"SG","2019","Transport","RoadParentFinalEnergy","all_final_energy","DIRECT_FUEL","22.1433","TWh/year","22143300.0","","RoadParentFinalEnergy","REFERENCE","/home/jin/research/SGP_ESE5004_Stage2/pypsa-asean/resources/baseline-aims-3H-tutorial/energy_totals_base.csv","2019","af27beafc01cfb1920a23e632c05e858883a28efd9bbf94df3dfdba455fde261","Frozen derived cache; TWh/year -> MWh; raw/calorific provenance still pending","PENDING_ACCEPTED_COUNTRY_NODE_WEIGHTS","PENDING_ACCEPTED_SHAPE_AND_PHYSICAL_WEIGHTS","false","false","FIXED","FROZEN_UPSTREAM","REPRESENTATION_ACCEPTED_NUMERIC_PENDING","Independent cached final-energy control, not an extra fuel Load; EV share not accepted","SG:2019:Transport:RoadParentFinalEnergy:all_final_energy","RoadParentFinalEnergy","false","false","false","POSITIVE_CACHE_VALUE","SG:all_final_energy","false","false","SG/total road","Transport","","","",""
"SG","2019","Transport","RoadResidualFuel","biomass","DIRECT_FUEL","0.0","TWh/year","","","RoadResidualFuel","EXPLICIT","/home/jin/research/SGP_ESE5004_Stage2/pypsa-asean/resources/baseline-aims-3H-tutorial/energy_totals_base.csv","2019","af27beafc01cfb1920a23e632c05e858883a28efd9bbf94df3dfdba455fde261","Frozen derived cache; TWh/year -> MWh; raw/calorific provenance still pending","PENDING_ACCEPTED_COUNTRY_NODE_WEIGHTS","PENDING_ACCEPTED_SHAPE_AND_PHYSICAL_WEIGHTS","false","false","FIXED","MISSING","REPRESENTATION_ACCEPTED_NUMERIC_PENDING","Base-year carrier observation; future residual vector requires accepted energy share and fuel composition; cache zero has no certified raw-zero evidence","SG:2019:Transport:RoadResidualFuel:biomass","RoadResidualFuel","true","true","false","CACHE_ZERO_UNVERIFIED","SG:biomass","false","false","SG/road biomass","Transport","","","",""
"SG","2019","Transport","RoadResidualFuel","gas","DIRECT_FUEL","0.0","TWh/year","","","RoadResidualFuel","EXPLICIT","/home/jin/research/SGP_ESE5004_Stage2/pypsa-asean/resources/baseline-aims-3H-tutorial/energy_totals_base.csv","2019","af27beafc01cfb1920a23e632c05e858883a28efd9bbf94df3dfdba455fde261","Frozen derived cache; TWh/year -> MWh; raw/calorific provenance still pending","PENDING_ACCEPTED_COUNTRY_NODE_WEIGHTS","PENDING_ACCEPTED_SHAPE_AND_PHYSICAL_WEIGHTS","false","false","FIXED","MISSING","REPRESENTATION_ACCEPTED_NUMERIC_PENDING","Base-year carrier observation; future residual vector requires accepted energy share and fuel composition; cache zero has no certified raw-zero evidence","SG:2019:Transport:RoadResidualFuel:gas","RoadResidualFuel","true","true","false","CACHE_ZERO_UNVERIFIED","SG:gas","false","false","SG/road gas","Transport","","","",""
"SG","2019","Transport","RoadResidualFuel","oil","DIRECT_FUEL","22.1433","TWh/year","22143300.0","","RoadResidualFuel","EXPLICIT","/home/jin/research/SGP_ESE5004_Stage2/pypsa-asean/resources/baseline-aims-3H-tutorial/energy_totals_base.csv","2019","af27beafc01cfb1920a23e632c05e858883a28efd9bbf94df3dfdba455fde261","Frozen derived cache; TWh/year -> MWh; raw/calorific provenance still pending","PENDING_ACCEPTED_COUNTRY_NODE_WEIGHTS","PENDING_ACCEPTED_SHAPE_AND_PHYSICAL_WEIGHTS","false","false","FIXED","FROZEN_UPSTREAM","REPRESENTATION_ACCEPTED_NUMERIC_PENDING","Base-year carrier observation; future residual vector requires accepted energy share and fuel composition","SG:2019:Transport:RoadResidualFuel:oil","RoadResidualFuel","true","true","false","POSITIVE_CACHE_VALUE","SG:oil","false","false","SG/road oil","Transport","","","",""
"SG","2019","Transport","TransportEmbeddedFuelParent","unclassified_fuel","UNCLASSIFIED","","","","","TransportEmbeddedFuelParent","EXPLICIT","","2019","","","PENDING_ACCEPTED_COUNTRY_NODE_WEIGHTS","PENDING_ACCEPTED_SHAPE_AND_PHYSICAL_WEIGHTS","false","false","FIXED","PENDING","REPRESENTATION_ACCEPTED_NUMERIC_PENDING","Rail fuel retained in one unresolved transport fuel parent; no extra rail oil Load or fabricated residual","SG:2019:Transport:TransportEmbeddedFuelParent:unclassified_fuel","TransportEmbeddedFuelParent","true","true","false","MISSING","","false","false","","Transport","","","",""
"SG","2030","Agriculture","AgricultureDirectElectricity","electricity","EMBEDDED","","","","Astar","AgricultureDirectElectricity","EMBEDDED","","2019","","","PENDING_ACCEPTED_COUNTRY_NODE_WEIGHTS","PENDING_ACCEPTED_SHAPE_AND_PHYSICAL_WEIGHTS","true","false","FIXED","PENDING","REPRESENTATION_ACCEPTED_NUMERIC_PENDING","Future direct electricity remains within Astar; no separate Load; growth unaccepted","SG:2030:Agriculture:AgricultureDirectElectricity:electricity","Astar","false","false","false","MISSING","SG:electricity","false","false","","Agriculture","","","",""
"SG","2030","Agriculture","AgricultureFinalEnergy","biomass","DIRECT_FUEL","","","","","AgricultureFinalEnergy","EXPLICIT","","2019","","","PENDING_ACCEPTED_COUNTRY_NODE_WEIGHTS","PENDING_ACCEPTED_SHAPE_AND_PHYSICAL_WEIGHTS","false","false","FIXED","PENDING","REPRESENTATION_ACCEPTED_NUMERIC_PENDING","PENDING_FUTURE_GROWTH; no DEFAULT or zero-growth assumption","SG:2030:Agriculture:AgricultureFinalEnergy:biomass","AgricultureFinalEnergy","true","true","false","MISSING","SG:biomass","false","false","","Agriculture","","","",""
"SG","2030","Agriculture","AgricultureFinalEnergy","coal","DIRECT_FUEL","","","","","AgricultureFinalEnergy","EXPLICIT","","2019","","","PENDING_ACCEPTED_COUNTRY_NODE_WEIGHTS","PENDING_ACCEPTED_SHAPE_AND_PHYSICAL_WEIGHTS","false","false","FIXED","PENDING","REPRESENTATION_ACCEPTED_NUMERIC_PENDING","PENDING_FUTURE_GROWTH; no DEFAULT or zero-growth assumption","SG:2030:Agriculture:AgricultureFinalEnergy:coal","AgricultureFinalEnergy","true","true","false","MISSING","SG:coal","false","false","","Agriculture","","","",""
"SG","2030","Agriculture","AgricultureFinalEnergy","oil","DIRECT_FUEL","","","","","AgricultureFinalEnergy","EXPLICIT","","2019","","","PENDING_ACCEPTED_COUNTRY_NODE_WEIGHTS","PENDING_ACCEPTED_SHAPE_AND_PHYSICAL_WEIGHTS","false","false","FIXED","PENDING","REPRESENTATION_ACCEPTED_NUMERIC_PENDING","PENDING_FUTURE_GROWTH; no DEFAULT or zero-growth assumption","SG:2030:Agriculture:AgricultureFinalEnergy:oil","AgricultureFinalEnergy","true","true","false","MISSING","SG:oil","false","false","","Agriculture","","","",""
"SG","2030","Buildings","ResidentialDirectElectricity","electricity","DIRECT_ELECTRICITY","","","","Astar","ResidentialDirectElectricity","EMBEDDED","","2019","","","PENDING_ACCEPTED_COUNTRY_NODE_WEIGHTS","PENDING_ACCEPTED_SHAPE_AND_PHYSICAL_WEIGHTS","true","false","FIXED","PENDING","REPRESENTATION_ACCEPTED_NUMERIC_PENDING","PENDING_FUTURE_GROWTH; separate R/S decomposition remains optional inside Astar","SG:2030:Buildings:ResidentialDirectElectricity:electricity","Astar","false","false","false","MISSING","SG:electricity","false","false","","Buildings","","","",""
"SG","2030","Buildings","ResidentialFuel","biomass","DIRECT_FUEL","","","","","ResidentialFuel","EXPLICIT","","2019","","","PENDING_ACCEPTED_COUNTRY_NODE_WEIGHTS","PENDING_ACCEPTED_SHAPE_AND_PHYSICAL_WEIGHTS","false","false","FIXED","PENDING","REPRESENTATION_ACCEPTED_NUMERIC_PENDING","PENDING_FUTURE_GROWTH; no default growth or heat conversion","SG:2030:Buildings:ResidentialFuel:biomass","ResidentialFuel","true","true","false","MISSING","SG:biomass","false","false","","Buildings","","","",""
"SG","2030","Buildings","ResidentialFuel","coal","DIRECT_FUEL","","","","","ResidentialFuel","EXPLICIT","","2019","","","PENDING_ACCEPTED_COUNTRY_NODE_WEIGHTS","PENDING_ACCEPTED_SHAPE_AND_PHYSICAL_WEIGHTS","false","false","FIXED","PENDING","REPRESENTATION_ACCEPTED_NUMERIC_PENDING","PENDING_FUTURE_GROWTH; no default growth or heat conversion","SG:2030:Buildings:ResidentialFuel:coal","ResidentialFuel","true","true","false","MISSING","SG:coal","false","false","","Buildings","","","",""
"SG","2030","Buildings","ResidentialFuel","gas","DIRECT_FUEL","","","","","ResidentialFuel","EXPLICIT","","2019","","","PENDING_ACCEPTED_COUNTRY_NODE_WEIGHTS","PENDING_ACCEPTED_SHAPE_AND_PHYSICAL_WEIGHTS","false","false","FIXED","PENDING","REPRESENTATION_ACCEPTED_NUMERIC_PENDING","PENDING_FUTURE_GROWTH; no default growth or heat conversion","SG:2030:Buildings:ResidentialFuel:gas","ResidentialFuel","true","true","false","MISSING","SG:gas","false","false","","Buildings","","","",""
"SG","2030","Buildings","ResidentialFuel","oil","DIRECT_FUEL","","","","","ResidentialFuel","EXPLICIT","","2019","","","PENDING_ACCEPTED_COUNTRY_NODE_WEIGHTS","PENDING_ACCEPTED_SHAPE_AND_PHYSICAL_WEIGHTS","false","false","FIXED","PENDING","REPRESENTATION_ACCEPTED_NUMERIC_PENDING","PENDING_FUTURE_GROWTH; no default growth or heat conversion","SG:2030:Buildings:ResidentialFuel:oil","ResidentialFuel","true","true","false","MISSING","SG:oil","false","false","","Buildings","","","",""
"SG","2030","Buildings","ServicesDirectElectricity","electricity","DIRECT_ELECTRICITY","","","","Astar","ServicesDirectElectricity","EMBEDDED","","2019","","","PENDING_ACCEPTED_COUNTRY_NODE_WEIGHTS","PENDING_ACCEPTED_SHAPE_AND_PHYSICAL_WEIGHTS","true","false","FIXED","PENDING","REPRESENTATION_ACCEPTED_NUMERIC_PENDING","PENDING_FUTURE_GROWTH; separate R/S decomposition remains optional inside Astar","SG:2030:Buildings:ServicesDirectElectricity:electricity","Astar","false","false","false","MISSING","SG:electricity","false","false","","Buildings","","","",""
"SG","2030","Buildings","ServicesFuel","biomass","DIRECT_FUEL","","","","","ServicesFuel","EXPLICIT","","2019","","","PENDING_ACCEPTED_COUNTRY_NODE_WEIGHTS","PENDING_ACCEPTED_SHAPE_AND_PHYSICAL_WEIGHTS","false","false","FIXED","PENDING","REPRESENTATION_ACCEPTED_NUMERIC_PENDING","PENDING_FUTURE_GROWTH; no default growth or heat conversion","SG:2030:Buildings:ServicesFuel:biomass","ServicesFuel","true","true","false","MISSING","SG:biomass","false","false","","Buildings","","","",""
"SG","2030","Buildings","ServicesFuel","coal","DIRECT_FUEL","","","","","ServicesFuel","EXPLICIT","","2019","","","PENDING_ACCEPTED_COUNTRY_NODE_WEIGHTS","PENDING_ACCEPTED_SHAPE_AND_PHYSICAL_WEIGHTS","false","false","FIXED","PENDING","REPRESENTATION_ACCEPTED_NUMERIC_PENDING","PENDING_FUTURE_GROWTH; no default growth or heat conversion","SG:2030:Buildings:ServicesFuel:coal","ServicesFuel","true","true","false","MISSING","SG:coal","false","false","","Buildings","","","",""
"SG","2030","Buildings","ServicesFuel","gas","DIRECT_FUEL","","","","","ServicesFuel","EXPLICIT","","2019","","","PENDING_ACCEPTED_COUNTRY_NODE_WEIGHTS","PENDING_ACCEPTED_SHAPE_AND_PHYSICAL_WEIGHTS","false","false","FIXED","PENDING","REPRESENTATION_ACCEPTED_NUMERIC_PENDING","PENDING_FUTURE_GROWTH; no default growth or heat conversion","SG:2030:Buildings:ServicesFuel:gas","ServicesFuel","true","true","false","MISSING","SG:gas","false","false","","Buildings","","","",""
"SG","2030","Buildings","ServicesFuel","oil","DIRECT_FUEL","","","","","ServicesFuel","EXPLICIT","","2019","","","PENDING_ACCEPTED_COUNTRY_NODE_WEIGHTS","PENDING_ACCEPTED_SHAPE_AND_PHYSICAL_WEIGHTS","false","false","FIXED","PENDING","REPRESENTATION_ACCEPTED_NUMERIC_PENDING","PENDING_FUTURE_GROWTH; no default growth or heat conversion","SG:2030:Buildings:ServicesFuel:oil","ServicesFuel","true","true","false","MISSING","SG:oil","false","false","","Buildings","","","",""
"SG","2030","Bunker","InternationalAviationBunker","oil","BUNKER_FUEL","","","","","InternationalAviationBunker","EXPLICIT","","2019","","","PENDING_ACCEPTED_COUNTRY_NODE_WEIGHTS","PENDING_ACCEPTED_SHAPE_AND_PHYSICAL_WEIGHTS","false","false","FIXED","PENDING","REPRESENTATION_ACCEPTED_NUMERIC_PENDING","PENDING_FUTURE_GROWTH; upstream default projection not accepted","SG:2030:Bunker:InternationalAviationBunker:oil","InternationalAviationBunker","true","true","false","MISSING","SG:oil","false","false","","bunker","","","",""
"SG","2030","Bunker","InternationalShippingBunker","oil","BUNKER_FUEL","","","","","InternationalShippingBunker","EXPLICIT","","2019","","","PENDING_ACCEPTED_COUNTRY_NODE_WEIGHTS","PENDING_ACCEPTED_SHAPE_AND_PHYSICAL_WEIGHTS","false","false","FIXED","PENDING","REPRESENTATION_ACCEPTED_NUMERIC_PENDING","PENDING_FUTURE_GROWTH; upstream default projection not accepted","SG:2030:Bunker:InternationalShippingBunker:oil","InternationalShippingBunker","true","true","false","MISSING","SG:oil","false","false","","bunker","","","",""
"SG","2030","Electricity","Astar","electricity","DIRECT_ELECTRICITY","","","","","Astar","EXPLICIT","","2019","","","PENDING_ACCEPTED_COUNTRY_NODE_WEIGHTS","PENDING_ACCEPTED_SHAPE_AND_PHYSICAL_WEIGHTS","true","false","FIXED","PENDING","REPRESENTATION_ACCEPTED_NUMERIC_PENDING","FUTURE_DIRECT_ELECTRICITY_PENDING; no AEO8 generation/DemandCast/default-growth fallback","SG:2030:Electricity:Astar:electricity","Astar","true","true","false","MISSING","SG:electricity","false","false","","electricity","","","",""
"SG","2030","Industry","IndustryDirectElectricity","electricity","EMBEDDED","","","","Astar","IndustryDirectElectricity","EMBEDDED","","2019","","","PENDING_ACCEPTED_COUNTRY_NODE_WEIGHTS","PENDING_ACCEPTED_SHAPE_AND_PHYSICAL_WEIGHTS","true","false","FIXED","PENDING","REPRESENTATION_ACCEPTED_NUMERIC_PENDING","Future direct electricity remains within Astar; no separate Load; growth unaccepted","SG:2030:Industry:IndustryDirectElectricity:electricity","Astar","false","false","false","MISSING","SG:electricity","false","false","","Industry","","","",""
"SG","2030","Industry","IndustryFinalEnergy","biomass","DIRECT_FUEL","","","","","IndustryFinalEnergy","EXPLICIT","","2019","","","PENDING_ACCEPTED_COUNTRY_NODE_WEIGHTS","PENDING_ACCEPTED_SHAPE_AND_PHYSICAL_WEIGHTS","false","false","FIXED","PENDING","REPRESENTATION_ACCEPTED_NUMERIC_PENDING","PENDING_FUTURE_GROWTH; no DEFAULT or zero-growth assumption","SG:2030:Industry:IndustryFinalEnergy:biomass","IndustryFinalEnergy","true","true","false","MISSING","SG:biomass","false","false","","Industry","","","",""
"SG","2030","Industry","IndustryFinalEnergy","coal","DIRECT_FUEL","","","","","IndustryFinalEnergy","EXPLICIT","","2019","","","PENDING_ACCEPTED_COUNTRY_NODE_WEIGHTS","PENDING_ACCEPTED_SHAPE_AND_PHYSICAL_WEIGHTS","false","false","FIXED","PENDING","REPRESENTATION_ACCEPTED_NUMERIC_PENDING","PENDING_FUTURE_GROWTH; no DEFAULT or zero-growth assumption","SG:2030:Industry:IndustryFinalEnergy:coal","IndustryFinalEnergy","true","true","false","MISSING","SG:coal","false","false","","Industry","","","",""
"SG","2030","Industry","IndustryFinalEnergy","gas","DIRECT_FUEL","","","","","IndustryFinalEnergy","EXPLICIT","","2019","","","PENDING_ACCEPTED_COUNTRY_NODE_WEIGHTS","PENDING_ACCEPTED_SHAPE_AND_PHYSICAL_WEIGHTS","false","false","FIXED","PENDING","REPRESENTATION_ACCEPTED_NUMERIC_PENDING","PENDING_FUTURE_GROWTH; no DEFAULT or zero-growth assumption","SG:2030:Industry:IndustryFinalEnergy:gas","IndustryFinalEnergy","true","true","false","MISSING","SG:gas","false","false","","Industry","","","",""
"SG","2030","Industry","IndustryFinalEnergy","oil","DIRECT_FUEL","","","","","IndustryFinalEnergy","EXPLICIT","","2019","","","PENDING_ACCEPTED_COUNTRY_NODE_WEIGHTS","PENDING_ACCEPTED_SHAPE_AND_PHYSICAL_WEIGHTS","false","false","FIXED","PENDING","REPRESENTATION_ACCEPTED_NUMERIC_PENDING","PENDING_FUTURE_GROWTH; no DEFAULT or zero-growth assumption","SG:2030:Industry:IndustryFinalEnergy:oil","IndustryFinalEnergy","true","true","false","MISSING","SG:oil","false","false","","Industry","","","",""
"SG","2030","Transport","DomesticAviationFuel","oil","DIRECT_FUEL","","","","","DomesticAviationFuel","EXPLICIT","","2019","","","PENDING_ACCEPTED_COUNTRY_NODE_WEIGHTS","PENDING_ACCEPTED_SHAPE_AND_PHYSICAL_WEIGHTS","false","false","FIXED","PENDING","REPRESENTATION_ACCEPTED_NUMERIC_PENDING","PENDING_FUTURE_GROWTH; upstream default projection not accepted","SG:2030:Transport:DomesticAviationFuel:oil","DomesticAviationFuel","true","true","false","MISSING","SG:oil","false","false","","bunker","","","",""
"SG","2030","Transport","DomesticShippingFuel","oil","DIRECT_FUEL","","","","","DomesticShippingFuel","EXPLICIT","","2019","","","PENDING_ACCEPTED_COUNTRY_NODE_WEIGHTS","PENDING_ACCEPTED_SHAPE_AND_PHYSICAL_WEIGHTS","false","false","FIXED","PENDING","REPRESENTATION_ACCEPTED_NUMERIC_PENDING","PENDING_FUTURE_GROWTH; upstream default projection not accepted","SG:2030:Transport:DomesticShippingFuel:oil","DomesticShippingFuel","true","true","false","MISSING","SG:oil","false","false","","bunker","","","",""
"SG","2030","Transport","RailElectricity","electricity","EMBEDDED","","","","Astar","RailElectricity","EMBEDDED","","2019","","","PENDING_ACCEPTED_COUNTRY_NODE_WEIGHTS","PENDING_ACCEPTED_SHAPE_AND_PHYSICAL_WEIGHTS","true","false","FIXED","PENDING","REPRESENTATION_ACCEPTED_NUMERIC_PENDING","Future rail stays in Astar once; decomposition pending","SG:2030:Transport:RailElectricity:electricity","Astar","false","false","false","MISSING","SG:electricity","false","false","","Transport","","","",""
"SG","2030","Transport","RoadEVFinalElectricity","electricity","DIRECT_ELECTRICITY","","","","","RoadEVFinalElectricity","EXPLICIT","","2019","","","PENDING_ACCEPTED_COUNTRY_NODE_WEIGHTS","PENDING_ACCEPTED_SHAPE_AND_PHYSICAL_WEIGHTS","false","false","FIXED","PENDING","REPRESENTATION_ACCEPTED_NUMERIC_PENDING","External final-energy share pending; future EV excluded from future direct Astar; no kWh/km proxy","SG:2030:Transport:RoadEVFinalElectricity:electricity","RoadEVFinalElectricity","true","true","false","MISSING","SG:electricity","false","false","","Transport","","","",""
"SG","2030","Transport","RoadResidualFuel","biomass","DIRECT_FUEL","","","","","RoadResidualFuel","EXPLICIT","","2019","","","PENDING_ACCEPTED_COUNTRY_NODE_WEIGHTS","PENDING_ACCEPTED_SHAPE_AND_PHYSICAL_WEIGHTS","false","false","FIXED","PENDING","REPRESENTATION_ACCEPTED_NUMERIC_PENDING","PENDING_FUTURE_GROWTH_AND_EV_ENERGY_PATH; carrier vector retained","SG:2030:Transport:RoadResidualFuel:biomass","RoadResidualFuel","true","true","false","MISSING","SG:biomass","false","false","","Transport","","","",""
"SG","2030","Transport","RoadResidualFuel","gas","DIRECT_FUEL","","","","","RoadResidualFuel","EXPLICIT","","2019","","","PENDING_ACCEPTED_COUNTRY_NODE_WEIGHTS","PENDING_ACCEPTED_SHAPE_AND_PHYSICAL_WEIGHTS","false","false","FIXED","PENDING","REPRESENTATION_ACCEPTED_NUMERIC_PENDING","PENDING_FUTURE_GROWTH_AND_EV_ENERGY_PATH; carrier vector retained","SG:2030:Transport:RoadResidualFuel:gas","RoadResidualFuel","true","true","false","MISSING","SG:gas","false","false","","Transport","","","",""
"SG","2030","Transport","RoadResidualFuel","oil","DIRECT_FUEL","","","","","RoadResidualFuel","EXPLICIT","","2019","","","PENDING_ACCEPTED_COUNTRY_NODE_WEIGHTS","PENDING_ACCEPTED_SHAPE_AND_PHYSICAL_WEIGHTS","false","false","FIXED","PENDING","REPRESENTATION_ACCEPTED_NUMERIC_PENDING","PENDING_FUTURE_GROWTH_AND_EV_ENERGY_PATH; carrier vector retained","SG:2030:Transport:RoadResidualFuel:oil","RoadResidualFuel","true","true","false","MISSING","SG:oil","false","false","","Transport","","","",""
"SG","2030","Transport","TransportEmbeddedFuelParent","unclassified_fuel","UNCLASSIFIED","","","","","TransportEmbeddedFuelParent","EXPLICIT","","2019","","","PENDING_ACCEPTED_COUNTRY_NODE_WEIGHTS","PENDING_ACCEPTED_SHAPE_AND_PHYSICAL_WEIGHTS","false","false","FIXED","PENDING","REPRESENTATION_ACCEPTED_NUMERIC_PENDING","Rail fuel remains within one pending transport fuel parent; no duplicate rail Load","SG:2030:Transport:TransportEmbeddedFuelParent:unclassified_fuel","TransportEmbeddedFuelParent","true","true","false","MISSING","","false","false","","Transport","","","",""
"SG","2040","Agriculture","AgricultureDirectElectricity","electricity","EMBEDDED","","","","Astar","AgricultureDirectElectricity","EMBEDDED","","2019","","","PENDING_ACCEPTED_COUNTRY_NODE_WEIGHTS","PENDING_ACCEPTED_SHAPE_AND_PHYSICAL_WEIGHTS","true","false","FIXED","PENDING","REPRESENTATION_ACCEPTED_NUMERIC_PENDING","Future direct electricity remains within Astar; no separate Load; growth unaccepted","SG:2040:Agriculture:AgricultureDirectElectricity:electricity","Astar","false","false","false","MISSING","SG:electricity","false","false","","Agriculture","","","",""
"SG","2040","Agriculture","AgricultureFinalEnergy","biomass","DIRECT_FUEL","","","","","AgricultureFinalEnergy","EXPLICIT","","2019","","","PENDING_ACCEPTED_COUNTRY_NODE_WEIGHTS","PENDING_ACCEPTED_SHAPE_AND_PHYSICAL_WEIGHTS","false","false","FIXED","PENDING","REPRESENTATION_ACCEPTED_NUMERIC_PENDING","PENDING_FUTURE_GROWTH; no DEFAULT or zero-growth assumption","SG:2040:Agriculture:AgricultureFinalEnergy:biomass","AgricultureFinalEnergy","true","true","false","MISSING","SG:biomass","false","false","","Agriculture","","","",""
"SG","2040","Agriculture","AgricultureFinalEnergy","coal","DIRECT_FUEL","","","","","AgricultureFinalEnergy","EXPLICIT","","2019","","","PENDING_ACCEPTED_COUNTRY_NODE_WEIGHTS","PENDING_ACCEPTED_SHAPE_AND_PHYSICAL_WEIGHTS","false","false","FIXED","PENDING","REPRESENTATION_ACCEPTED_NUMERIC_PENDING","PENDING_FUTURE_GROWTH; no DEFAULT or zero-growth assumption","SG:2040:Agriculture:AgricultureFinalEnergy:coal","AgricultureFinalEnergy","true","true","false","MISSING","SG:coal","false","false","","Agriculture","","","",""
"SG","2040","Agriculture","AgricultureFinalEnergy","oil","DIRECT_FUEL","","","","","AgricultureFinalEnergy","EXPLICIT","","2019","","","PENDING_ACCEPTED_COUNTRY_NODE_WEIGHTS","PENDING_ACCEPTED_SHAPE_AND_PHYSICAL_WEIGHTS","false","false","FIXED","PENDING","REPRESENTATION_ACCEPTED_NUMERIC_PENDING","PENDING_FUTURE_GROWTH; no DEFAULT or zero-growth assumption","SG:2040:Agriculture:AgricultureFinalEnergy:oil","AgricultureFinalEnergy","true","true","false","MISSING","SG:oil","false","false","","Agriculture","","","",""
"SG","2040","Buildings","ResidentialDirectElectricity","electricity","DIRECT_ELECTRICITY","","","","Astar","ResidentialDirectElectricity","EMBEDDED","","2019","","","PENDING_ACCEPTED_COUNTRY_NODE_WEIGHTS","PENDING_ACCEPTED_SHAPE_AND_PHYSICAL_WEIGHTS","true","false","FIXED","PENDING","REPRESENTATION_ACCEPTED_NUMERIC_PENDING","PENDING_FUTURE_GROWTH; separate R/S decomposition remains optional inside Astar","SG:2040:Buildings:ResidentialDirectElectricity:electricity","Astar","false","false","false","MISSING","SG:electricity","false","false","","Buildings","","","",""
"SG","2040","Buildings","ResidentialFuel","biomass","DIRECT_FUEL","","","","","ResidentialFuel","EXPLICIT","","2019","","","PENDING_ACCEPTED_COUNTRY_NODE_WEIGHTS","PENDING_ACCEPTED_SHAPE_AND_PHYSICAL_WEIGHTS","false","false","FIXED","PENDING","REPRESENTATION_ACCEPTED_NUMERIC_PENDING","PENDING_FUTURE_GROWTH; no default growth or heat conversion","SG:2040:Buildings:ResidentialFuel:biomass","ResidentialFuel","true","true","false","MISSING","SG:biomass","false","false","","Buildings","","","",""
"SG","2040","Buildings","ResidentialFuel","coal","DIRECT_FUEL","","","","","ResidentialFuel","EXPLICIT","","2019","","","PENDING_ACCEPTED_COUNTRY_NODE_WEIGHTS","PENDING_ACCEPTED_SHAPE_AND_PHYSICAL_WEIGHTS","false","false","FIXED","PENDING","REPRESENTATION_ACCEPTED_NUMERIC_PENDING","PENDING_FUTURE_GROWTH; no default growth or heat conversion","SG:2040:Buildings:ResidentialFuel:coal","ResidentialFuel","true","true","false","MISSING","SG:coal","false","false","","Buildings","","","",""
"SG","2040","Buildings","ResidentialFuel","gas","DIRECT_FUEL","","","","","ResidentialFuel","EXPLICIT","","2019","","","PENDING_ACCEPTED_COUNTRY_NODE_WEIGHTS","PENDING_ACCEPTED_SHAPE_AND_PHYSICAL_WEIGHTS","false","false","FIXED","PENDING","REPRESENTATION_ACCEPTED_NUMERIC_PENDING","PENDING_FUTURE_GROWTH; no default growth or heat conversion","SG:2040:Buildings:ResidentialFuel:gas","ResidentialFuel","true","true","false","MISSING","SG:gas","false","false","","Buildings","","","",""
"SG","2040","Buildings","ResidentialFuel","oil","DIRECT_FUEL","","","","","ResidentialFuel","EXPLICIT","","2019","","","PENDING_ACCEPTED_COUNTRY_NODE_WEIGHTS","PENDING_ACCEPTED_SHAPE_AND_PHYSICAL_WEIGHTS","false","false","FIXED","PENDING","REPRESENTATION_ACCEPTED_NUMERIC_PENDING","PENDING_FUTURE_GROWTH; no default growth or heat conversion","SG:2040:Buildings:ResidentialFuel:oil","ResidentialFuel","true","true","false","MISSING","SG:oil","false","false","","Buildings","","","",""
"SG","2040","Buildings","ServicesDirectElectricity","electricity","DIRECT_ELECTRICITY","","","","Astar","ServicesDirectElectricity","EMBEDDED","","2019","","","PENDING_ACCEPTED_COUNTRY_NODE_WEIGHTS","PENDING_ACCEPTED_SHAPE_AND_PHYSICAL_WEIGHTS","true","false","FIXED","PENDING","REPRESENTATION_ACCEPTED_NUMERIC_PENDING","PENDING_FUTURE_GROWTH; separate R/S decomposition remains optional inside Astar","SG:2040:Buildings:ServicesDirectElectricity:electricity","Astar","false","false","false","MISSING","SG:electricity","false","false","","Buildings","","","",""
"SG","2040","Buildings","ServicesFuel","biomass","DIRECT_FUEL","","","","","ServicesFuel","EXPLICIT","","2019","","","PENDING_ACCEPTED_COUNTRY_NODE_WEIGHTS","PENDING_ACCEPTED_SHAPE_AND_PHYSICAL_WEIGHTS","false","false","FIXED","PENDING","REPRESENTATION_ACCEPTED_NUMERIC_PENDING","PENDING_FUTURE_GROWTH; no default growth or heat conversion","SG:2040:Buildings:ServicesFuel:biomass","ServicesFuel","true","true","false","MISSING","SG:biomass","false","false","","Buildings","","","",""
"SG","2040","Buildings","ServicesFuel","coal","DIRECT_FUEL","","","","","ServicesFuel","EXPLICIT","","2019","","","PENDING_ACCEPTED_COUNTRY_NODE_WEIGHTS","PENDING_ACCEPTED_SHAPE_AND_PHYSICAL_WEIGHTS","false","false","FIXED","PENDING","REPRESENTATION_ACCEPTED_NUMERIC_PENDING","PENDING_FUTURE_GROWTH; no default growth or heat conversion","SG:2040:Buildings:ServicesFuel:coal","ServicesFuel","true","true","false","MISSING","SG:coal","false","false","","Buildings","","","",""
"SG","2040","Buildings","ServicesFuel","gas","DIRECT_FUEL","","","","","ServicesFuel","EXPLICIT","","2019","","","PENDING_ACCEPTED_COUNTRY_NODE_WEIGHTS","PENDING_ACCEPTED_SHAPE_AND_PHYSICAL_WEIGHTS","false","false","FIXED","PENDING","REPRESENTATION_ACCEPTED_NUMERIC_PENDING","PENDING_FUTURE_GROWTH; no default growth or heat conversion","SG:2040:Buildings:ServicesFuel:gas","ServicesFuel","true","true","false","MISSING","SG:gas","false","false","","Buildings","","","",""
"SG","2040","Buildings","ServicesFuel","oil","DIRECT_FUEL","","","","","ServicesFuel","EXPLICIT","","2019","","","PENDING_ACCEPTED_COUNTRY_NODE_WEIGHTS","PENDING_ACCEPTED_SHAPE_AND_PHYSICAL_WEIGHTS","false","false","FIXED","PENDING","REPRESENTATION_ACCEPTED_NUMERIC_PENDING","PENDING_FUTURE_GROWTH; no default growth or heat conversion","SG:2040:Buildings:ServicesFuel:oil","ServicesFuel","true","true","false","MISSING","SG:oil","false","false","","Buildings","","","",""
"SG","2040","Bunker","InternationalAviationBunker","oil","BUNKER_FUEL","","","","","InternationalAviationBunker","EXPLICIT","","2019","","","PENDING_ACCEPTED_COUNTRY_NODE_WEIGHTS","PENDING_ACCEPTED_SHAPE_AND_PHYSICAL_WEIGHTS","false","false","FIXED","PENDING","REPRESENTATION_ACCEPTED_NUMERIC_PENDING","PENDING_FUTURE_GROWTH; upstream default projection not accepted","SG:2040:Bunker:InternationalAviationBunker:oil","InternationalAviationBunker","true","true","false","MISSING","SG:oil","false","false","","bunker","","","",""
"SG","2040","Bunker","InternationalShippingBunker","oil","BUNKER_FUEL","","","","","InternationalShippingBunker","EXPLICIT","","2019","","","PENDING_ACCEPTED_COUNTRY_NODE_WEIGHTS","PENDING_ACCEPTED_SHAPE_AND_PHYSICAL_WEIGHTS","false","false","FIXED","PENDING","REPRESENTATION_ACCEPTED_NUMERIC_PENDING","PENDING_FUTURE_GROWTH; upstream default projection not accepted","SG:2040:Bunker:InternationalShippingBunker:oil","InternationalShippingBunker","true","true","false","MISSING","SG:oil","false","false","","bunker","","","",""
"SG","2040","Electricity","Astar","electricity","DIRECT_ELECTRICITY","","","","","Astar","EXPLICIT","","2019","","","PENDING_ACCEPTED_COUNTRY_NODE_WEIGHTS","PENDING_ACCEPTED_SHAPE_AND_PHYSICAL_WEIGHTS","true","false","FIXED","PENDING","REPRESENTATION_ACCEPTED_NUMERIC_PENDING","FUTURE_DIRECT_ELECTRICITY_PENDING; no AEO8 generation/DemandCast/default-growth fallback","SG:2040:Electricity:Astar:electricity","Astar","true","true","false","MISSING","SG:electricity","false","false","","electricity","","","",""
"SG","2040","Industry","IndustryDirectElectricity","electricity","EMBEDDED","","","","Astar","IndustryDirectElectricity","EMBEDDED","","2019","","","PENDING_ACCEPTED_COUNTRY_NODE_WEIGHTS","PENDING_ACCEPTED_SHAPE_AND_PHYSICAL_WEIGHTS","true","false","FIXED","PENDING","REPRESENTATION_ACCEPTED_NUMERIC_PENDING","Future direct electricity remains within Astar; no separate Load; growth unaccepted","SG:2040:Industry:IndustryDirectElectricity:electricity","Astar","false","false","false","MISSING","SG:electricity","false","false","","Industry","","","",""
"SG","2040","Industry","IndustryFinalEnergy","biomass","DIRECT_FUEL","","","","","IndustryFinalEnergy","EXPLICIT","","2019","","","PENDING_ACCEPTED_COUNTRY_NODE_WEIGHTS","PENDING_ACCEPTED_SHAPE_AND_PHYSICAL_WEIGHTS","false","false","FIXED","PENDING","REPRESENTATION_ACCEPTED_NUMERIC_PENDING","PENDING_FUTURE_GROWTH; no DEFAULT or zero-growth assumption","SG:2040:Industry:IndustryFinalEnergy:biomass","IndustryFinalEnergy","true","true","false","MISSING","SG:biomass","false","false","","Industry","","","",""
"SG","2040","Industry","IndustryFinalEnergy","coal","DIRECT_FUEL","","","","","IndustryFinalEnergy","EXPLICIT","","2019","","","PENDING_ACCEPTED_COUNTRY_NODE_WEIGHTS","PENDING_ACCEPTED_SHAPE_AND_PHYSICAL_WEIGHTS","false","false","FIXED","PENDING","REPRESENTATION_ACCEPTED_NUMERIC_PENDING","PENDING_FUTURE_GROWTH; no DEFAULT or zero-growth assumption","SG:2040:Industry:IndustryFinalEnergy:coal","IndustryFinalEnergy","true","true","false","MISSING","SG:coal","false","false","","Industry","","","",""
"SG","2040","Industry","IndustryFinalEnergy","gas","DIRECT_FUEL","","","","","IndustryFinalEnergy","EXPLICIT","","2019","","","PENDING_ACCEPTED_COUNTRY_NODE_WEIGHTS","PENDING_ACCEPTED_SHAPE_AND_PHYSICAL_WEIGHTS","false","false","FIXED","PENDING","REPRESENTATION_ACCEPTED_NUMERIC_PENDING","PENDING_FUTURE_GROWTH; no DEFAULT or zero-growth assumption","SG:2040:Industry:IndustryFinalEnergy:gas","IndustryFinalEnergy","true","true","false","MISSING","SG:gas","false","false","","Industry","","","",""
"SG","2040","Industry","IndustryFinalEnergy","oil","DIRECT_FUEL","","","","","IndustryFinalEnergy","EXPLICIT","","2019","","","PENDING_ACCEPTED_COUNTRY_NODE_WEIGHTS","PENDING_ACCEPTED_SHAPE_AND_PHYSICAL_WEIGHTS","false","false","FIXED","PENDING","REPRESENTATION_ACCEPTED_NUMERIC_PENDING","PENDING_FUTURE_GROWTH; no DEFAULT or zero-growth assumption","SG:2040:Industry:IndustryFinalEnergy:oil","IndustryFinalEnergy","true","true","false","MISSING","SG:oil","false","false","","Industry","","","",""
"SG","2040","Transport","DomesticAviationFuel","oil","DIRECT_FUEL","","","","","DomesticAviationFuel","EXPLICIT","","2019","","","PENDING_ACCEPTED_COUNTRY_NODE_WEIGHTS","PENDING_ACCEPTED_SHAPE_AND_PHYSICAL_WEIGHTS","false","false","FIXED","PENDING","REPRESENTATION_ACCEPTED_NUMERIC_PENDING","PENDING_FUTURE_GROWTH; upstream default projection not accepted","SG:2040:Transport:DomesticAviationFuel:oil","DomesticAviationFuel","true","true","false","MISSING","SG:oil","false","false","","bunker","","","",""
"SG","2040","Transport","DomesticShippingFuel","oil","DIRECT_FUEL","","","","","DomesticShippingFuel","EXPLICIT","","2019","","","PENDING_ACCEPTED_COUNTRY_NODE_WEIGHTS","PENDING_ACCEPTED_SHAPE_AND_PHYSICAL_WEIGHTS","false","false","FIXED","PENDING","REPRESENTATION_ACCEPTED_NUMERIC_PENDING","PENDING_FUTURE_GROWTH; upstream default projection not accepted","SG:2040:Transport:DomesticShippingFuel:oil","DomesticShippingFuel","true","true","false","MISSING","SG:oil","false","false","","bunker","","","",""
"SG","2040","Transport","RailElectricity","electricity","EMBEDDED","","","","Astar","RailElectricity","EMBEDDED","","2019","","","PENDING_ACCEPTED_COUNTRY_NODE_WEIGHTS","PENDING_ACCEPTED_SHAPE_AND_PHYSICAL_WEIGHTS","true","false","FIXED","PENDING","REPRESENTATION_ACCEPTED_NUMERIC_PENDING","Future rail stays in Astar once; decomposition pending","SG:2040:Transport:RailElectricity:electricity","Astar","false","false","false","MISSING","SG:electricity","false","false","","Transport","","","",""
"SG","2040","Transport","RoadEVFinalElectricity","electricity","DIRECT_ELECTRICITY","","","","","RoadEVFinalElectricity","EXPLICIT","","2019","","","PENDING_ACCEPTED_COUNTRY_NODE_WEIGHTS","PENDING_ACCEPTED_SHAPE_AND_PHYSICAL_WEIGHTS","false","false","FIXED","PENDING","REPRESENTATION_ACCEPTED_NUMERIC_PENDING","External final-energy share pending; future EV excluded from future direct Astar; no kWh/km proxy","SG:2040:Transport:RoadEVFinalElectricity:electricity","RoadEVFinalElectricity","true","true","false","MISSING","SG:electricity","false","false","","Transport","","","",""
"SG","2040","Transport","RoadResidualFuel","biomass","DIRECT_FUEL","","","","","RoadResidualFuel","EXPLICIT","","2019","","","PENDING_ACCEPTED_COUNTRY_NODE_WEIGHTS","PENDING_ACCEPTED_SHAPE_AND_PHYSICAL_WEIGHTS","false","false","FIXED","PENDING","REPRESENTATION_ACCEPTED_NUMERIC_PENDING","PENDING_FUTURE_GROWTH_AND_EV_ENERGY_PATH; carrier vector retained","SG:2040:Transport:RoadResidualFuel:biomass","RoadResidualFuel","true","true","false","MISSING","SG:biomass","false","false","","Transport","","","",""
"SG","2040","Transport","RoadResidualFuel","gas","DIRECT_FUEL","","","","","RoadResidualFuel","EXPLICIT","","2019","","","PENDING_ACCEPTED_COUNTRY_NODE_WEIGHTS","PENDING_ACCEPTED_SHAPE_AND_PHYSICAL_WEIGHTS","false","false","FIXED","PENDING","REPRESENTATION_ACCEPTED_NUMERIC_PENDING","PENDING_FUTURE_GROWTH_AND_EV_ENERGY_PATH; carrier vector retained","SG:2040:Transport:RoadResidualFuel:gas","RoadResidualFuel","true","true","false","MISSING","SG:gas","false","false","","Transport","","","",""
"SG","2040","Transport","RoadResidualFuel","oil","DIRECT_FUEL","","","","","RoadResidualFuel","EXPLICIT","","2019","","","PENDING_ACCEPTED_COUNTRY_NODE_WEIGHTS","PENDING_ACCEPTED_SHAPE_AND_PHYSICAL_WEIGHTS","false","false","FIXED","PENDING","REPRESENTATION_ACCEPTED_NUMERIC_PENDING","PENDING_FUTURE_GROWTH_AND_EV_ENERGY_PATH; carrier vector retained","SG:2040:Transport:RoadResidualFuel:oil","RoadResidualFuel","true","true","false","MISSING","SG:oil","false","false","","Transport","","","",""
"SG","2040","Transport","TransportEmbeddedFuelParent","unclassified_fuel","UNCLASSIFIED","","","","","TransportEmbeddedFuelParent","EXPLICIT","","2019","","","PENDING_ACCEPTED_COUNTRY_NODE_WEIGHTS","PENDING_ACCEPTED_SHAPE_AND_PHYSICAL_WEIGHTS","false","false","FIXED","PENDING","REPRESENTATION_ACCEPTED_NUMERIC_PENDING","Rail fuel remains within one pending transport fuel parent; no duplicate rail Load","SG:2040:Transport:TransportEmbeddedFuelParent:unclassified_fuel","TransportEmbeddedFuelParent","true","true","false","MISSING","","false","false","","Transport","","","",""
"SG","2050","Agriculture","AgricultureDirectElectricity","electricity","EMBEDDED","","","","Astar","AgricultureDirectElectricity","EMBEDDED","","2019","","","PENDING_ACCEPTED_COUNTRY_NODE_WEIGHTS","PENDING_ACCEPTED_SHAPE_AND_PHYSICAL_WEIGHTS","true","false","FIXED","PENDING","REPRESENTATION_ACCEPTED_NUMERIC_PENDING","Future direct electricity remains within Astar; no separate Load; growth unaccepted","SG:2050:Agriculture:AgricultureDirectElectricity:electricity","Astar","false","false","false","MISSING","SG:electricity","false","false","","Agriculture","","","",""
"SG","2050","Agriculture","AgricultureFinalEnergy","biomass","DIRECT_FUEL","","","","","AgricultureFinalEnergy","EXPLICIT","","2019","","","PENDING_ACCEPTED_COUNTRY_NODE_WEIGHTS","PENDING_ACCEPTED_SHAPE_AND_PHYSICAL_WEIGHTS","false","false","FIXED","PENDING","REPRESENTATION_ACCEPTED_NUMERIC_PENDING","PENDING_FUTURE_GROWTH; no DEFAULT or zero-growth assumption","SG:2050:Agriculture:AgricultureFinalEnergy:biomass","AgricultureFinalEnergy","true","true","false","MISSING","SG:biomass","false","false","","Agriculture","","","",""
"SG","2050","Agriculture","AgricultureFinalEnergy","coal","DIRECT_FUEL","","","","","AgricultureFinalEnergy","EXPLICIT","","2019","","","PENDING_ACCEPTED_COUNTRY_NODE_WEIGHTS","PENDING_ACCEPTED_SHAPE_AND_PHYSICAL_WEIGHTS","false","false","FIXED","PENDING","REPRESENTATION_ACCEPTED_NUMERIC_PENDING","PENDING_FUTURE_GROWTH; no DEFAULT or zero-growth assumption","SG:2050:Agriculture:AgricultureFinalEnergy:coal","AgricultureFinalEnergy","true","true","false","MISSING","SG:coal","false","false","","Agriculture","","","",""
"SG","2050","Agriculture","AgricultureFinalEnergy","oil","DIRECT_FUEL","","","","","AgricultureFinalEnergy","EXPLICIT","","2019","","","PENDING_ACCEPTED_COUNTRY_NODE_WEIGHTS","PENDING_ACCEPTED_SHAPE_AND_PHYSICAL_WEIGHTS","false","false","FIXED","PENDING","REPRESENTATION_ACCEPTED_NUMERIC_PENDING","PENDING_FUTURE_GROWTH; no DEFAULT or zero-growth assumption","SG:2050:Agriculture:AgricultureFinalEnergy:oil","AgricultureFinalEnergy","true","true","false","MISSING","SG:oil","false","false","","Agriculture","","","",""
"SG","2050","Buildings","ResidentialDirectElectricity","electricity","DIRECT_ELECTRICITY","","","","Astar","ResidentialDirectElectricity","EMBEDDED","","2019","","","PENDING_ACCEPTED_COUNTRY_NODE_WEIGHTS","PENDING_ACCEPTED_SHAPE_AND_PHYSICAL_WEIGHTS","true","false","FIXED","PENDING","REPRESENTATION_ACCEPTED_NUMERIC_PENDING","PENDING_FUTURE_GROWTH; separate R/S decomposition remains optional inside Astar","SG:2050:Buildings:ResidentialDirectElectricity:electricity","Astar","false","false","false","MISSING","SG:electricity","false","false","","Buildings","","","",""
"SG","2050","Buildings","ResidentialFuel","biomass","DIRECT_FUEL","","","","","ResidentialFuel","EXPLICIT","","2019","","","PENDING_ACCEPTED_COUNTRY_NODE_WEIGHTS","PENDING_ACCEPTED_SHAPE_AND_PHYSICAL_WEIGHTS","false","false","FIXED","PENDING","REPRESENTATION_ACCEPTED_NUMERIC_PENDING","PENDING_FUTURE_GROWTH; no default growth or heat conversion","SG:2050:Buildings:ResidentialFuel:biomass","ResidentialFuel","true","true","false","MISSING","SG:biomass","false","false","","Buildings","","","",""
"SG","2050","Buildings","ResidentialFuel","coal","DIRECT_FUEL","","","","","ResidentialFuel","EXPLICIT","","2019","","","PENDING_ACCEPTED_COUNTRY_NODE_WEIGHTS","PENDING_ACCEPTED_SHAPE_AND_PHYSICAL_WEIGHTS","false","false","FIXED","PENDING","REPRESENTATION_ACCEPTED_NUMERIC_PENDING","PENDING_FUTURE_GROWTH; no default growth or heat conversion","SG:2050:Buildings:ResidentialFuel:coal","ResidentialFuel","true","true","false","MISSING","SG:coal","false","false","","Buildings","","","",""
"SG","2050","Buildings","ResidentialFuel","gas","DIRECT_FUEL","","","","","ResidentialFuel","EXPLICIT","","2019","","","PENDING_ACCEPTED_COUNTRY_NODE_WEIGHTS","PENDING_ACCEPTED_SHAPE_AND_PHYSICAL_WEIGHTS","false","false","FIXED","PENDING","REPRESENTATION_ACCEPTED_NUMERIC_PENDING","PENDING_FUTURE_GROWTH; no default growth or heat conversion","SG:2050:Buildings:ResidentialFuel:gas","ResidentialFuel","true","true","false","MISSING","SG:gas","false","false","","Buildings","","","",""
"SG","2050","Buildings","ResidentialFuel","oil","DIRECT_FUEL","","","","","ResidentialFuel","EXPLICIT","","2019","","","PENDING_ACCEPTED_COUNTRY_NODE_WEIGHTS","PENDING_ACCEPTED_SHAPE_AND_PHYSICAL_WEIGHTS","false","false","FIXED","PENDING","REPRESENTATION_ACCEPTED_NUMERIC_PENDING","PENDING_FUTURE_GROWTH; no default growth or heat conversion","SG:2050:Buildings:ResidentialFuel:oil","ResidentialFuel","true","true","false","MISSING","SG:oil","false","false","","Buildings","","","",""
"SG","2050","Buildings","ServicesDirectElectricity","electricity","DIRECT_ELECTRICITY","","","","Astar","ServicesDirectElectricity","EMBEDDED","","2019","","","PENDING_ACCEPTED_COUNTRY_NODE_WEIGHTS","PENDING_ACCEPTED_SHAPE_AND_PHYSICAL_WEIGHTS","true","false","FIXED","PENDING","REPRESENTATION_ACCEPTED_NUMERIC_PENDING","PENDING_FUTURE_GROWTH; separate R/S decomposition remains optional inside Astar","SG:2050:Buildings:ServicesDirectElectricity:electricity","Astar","false","false","false","MISSING","SG:electricity","false","false","","Buildings","","","",""
"SG","2050","Buildings","ServicesFuel","biomass","DIRECT_FUEL","","","","","ServicesFuel","EXPLICIT","","2019","","","PENDING_ACCEPTED_COUNTRY_NODE_WEIGHTS","PENDING_ACCEPTED_SHAPE_AND_PHYSICAL_WEIGHTS","false","false","FIXED","PENDING","REPRESENTATION_ACCEPTED_NUMERIC_PENDING","PENDING_FUTURE_GROWTH; no default growth or heat conversion","SG:2050:Buildings:ServicesFuel:biomass","ServicesFuel","true","true","false","MISSING","SG:biomass","false","false","","Buildings","","","",""
"SG","2050","Buildings","ServicesFuel","coal","DIRECT_FUEL","","","","","ServicesFuel","EXPLICIT","","2019","","","PENDING_ACCEPTED_COUNTRY_NODE_WEIGHTS","PENDING_ACCEPTED_SHAPE_AND_PHYSICAL_WEIGHTS","false","false","FIXED","PENDING","REPRESENTATION_ACCEPTED_NUMERIC_PENDING","PENDING_FUTURE_GROWTH; no default growth or heat conversion","SG:2050:Buildings:ServicesFuel:coal","ServicesFuel","true","true","false","MISSING","SG:coal","false","false","","Buildings","","","",""
"SG","2050","Buildings","ServicesFuel","gas","DIRECT_FUEL","","","","","ServicesFuel","EXPLICIT","","2019","","","PENDING_ACCEPTED_COUNTRY_NODE_WEIGHTS","PENDING_ACCEPTED_SHAPE_AND_PHYSICAL_WEIGHTS","false","false","FIXED","PENDING","REPRESENTATION_ACCEPTED_NUMERIC_PENDING","PENDING_FUTURE_GROWTH; no default growth or heat conversion","SG:2050:Buildings:ServicesFuel:gas","ServicesFuel","true","true","false","MISSING","SG:gas","false","false","","Buildings","","","",""
"SG","2050","Buildings","ServicesFuel","oil","DIRECT_FUEL","","","","","ServicesFuel","EXPLICIT","","2019","","","PENDING_ACCEPTED_COUNTRY_NODE_WEIGHTS","PENDING_ACCEPTED_SHAPE_AND_PHYSICAL_WEIGHTS","false","false","FIXED","PENDING","REPRESENTATION_ACCEPTED_NUMERIC_PENDING","PENDING_FUTURE_GROWTH; no default growth or heat conversion","SG:2050:Buildings:ServicesFuel:oil","ServicesFuel","true","true","false","MISSING","SG:oil","false","false","","Buildings","","","",""
"SG","2050","Bunker","InternationalAviationBunker","oil","BUNKER_FUEL","","","","","InternationalAviationBunker","EXPLICIT","","2019","","","PENDING_ACCEPTED_COUNTRY_NODE_WEIGHTS","PENDING_ACCEPTED_SHAPE_AND_PHYSICAL_WEIGHTS","false","false","FIXED","PENDING","REPRESENTATION_ACCEPTED_NUMERIC_PENDING","PENDING_FUTURE_GROWTH; upstream default projection not accepted","SG:2050:Bunker:InternationalAviationBunker:oil","InternationalAviationBunker","true","true","false","MISSING","SG:oil","false","false","","bunker","","","",""
"SG","2050","Bunker","InternationalShippingBunker","oil","BUNKER_FUEL","","","","","InternationalShippingBunker","EXPLICIT","","2019","","","PENDING_ACCEPTED_COUNTRY_NODE_WEIGHTS","PENDING_ACCEPTED_SHAPE_AND_PHYSICAL_WEIGHTS","false","false","FIXED","PENDING","REPRESENTATION_ACCEPTED_NUMERIC_PENDING","PENDING_FUTURE_GROWTH; upstream default projection not accepted","SG:2050:Bunker:InternationalShippingBunker:oil","InternationalShippingBunker","true","true","false","MISSING","SG:oil","false","false","","bunker","","","",""
"SG","2050","Electricity","Astar","electricity","DIRECT_ELECTRICITY","","","","","Astar","EXPLICIT","","2019","","","PENDING_ACCEPTED_COUNTRY_NODE_WEIGHTS","PENDING_ACCEPTED_SHAPE_AND_PHYSICAL_WEIGHTS","true","false","FIXED","PENDING","REPRESENTATION_ACCEPTED_NUMERIC_PENDING","FUTURE_DIRECT_ELECTRICITY_PENDING; no AEO8 generation/DemandCast/default-growth fallback","SG:2050:Electricity:Astar:electricity","Astar","true","true","false","MISSING","SG:electricity","false","false","","electricity","","","",""
"SG","2050","Industry","IndustryDirectElectricity","electricity","EMBEDDED","","","","Astar","IndustryDirectElectricity","EMBEDDED","","2019","","","PENDING_ACCEPTED_COUNTRY_NODE_WEIGHTS","PENDING_ACCEPTED_SHAPE_AND_PHYSICAL_WEIGHTS","true","false","FIXED","PENDING","REPRESENTATION_ACCEPTED_NUMERIC_PENDING","Future direct electricity remains within Astar; no separate Load; growth unaccepted","SG:2050:Industry:IndustryDirectElectricity:electricity","Astar","false","false","false","MISSING","SG:electricity","false","false","","Industry","","","",""
"SG","2050","Industry","IndustryFinalEnergy","biomass","DIRECT_FUEL","","","","","IndustryFinalEnergy","EXPLICIT","","2019","","","PENDING_ACCEPTED_COUNTRY_NODE_WEIGHTS","PENDING_ACCEPTED_SHAPE_AND_PHYSICAL_WEIGHTS","false","false","FIXED","PENDING","REPRESENTATION_ACCEPTED_NUMERIC_PENDING","PENDING_FUTURE_GROWTH; no DEFAULT or zero-growth assumption","SG:2050:Industry:IndustryFinalEnergy:biomass","IndustryFinalEnergy","true","true","false","MISSING","SG:biomass","false","false","","Industry","","","",""
"SG","2050","Industry","IndustryFinalEnergy","coal","DIRECT_FUEL","","","","","IndustryFinalEnergy","EXPLICIT","","2019","","","PENDING_ACCEPTED_COUNTRY_NODE_WEIGHTS","PENDING_ACCEPTED_SHAPE_AND_PHYSICAL_WEIGHTS","false","false","FIXED","PENDING","REPRESENTATION_ACCEPTED_NUMERIC_PENDING","PENDING_FUTURE_GROWTH; no DEFAULT or zero-growth assumption","SG:2050:Industry:IndustryFinalEnergy:coal","IndustryFinalEnergy","true","true","false","MISSING","SG:coal","false","false","","Industry","","","",""
"SG","2050","Industry","IndustryFinalEnergy","gas","DIRECT_FUEL","","","","","IndustryFinalEnergy","EXPLICIT","","2019","","","PENDING_ACCEPTED_COUNTRY_NODE_WEIGHTS","PENDING_ACCEPTED_SHAPE_AND_PHYSICAL_WEIGHTS","false","false","FIXED","PENDING","REPRESENTATION_ACCEPTED_NUMERIC_PENDING","PENDING_FUTURE_GROWTH; no DEFAULT or zero-growth assumption","SG:2050:Industry:IndustryFinalEnergy:gas","IndustryFinalEnergy","true","true","false","MISSING","SG:gas","false","false","","Industry","","","",""
"SG","2050","Industry","IndustryFinalEnergy","oil","DIRECT_FUEL","","","","","IndustryFinalEnergy","EXPLICIT","","2019","","","PENDING_ACCEPTED_COUNTRY_NODE_WEIGHTS","PENDING_ACCEPTED_SHAPE_AND_PHYSICAL_WEIGHTS","false","false","FIXED","PENDING","REPRESENTATION_ACCEPTED_NUMERIC_PENDING","PENDING_FUTURE_GROWTH; no DEFAULT or zero-growth assumption","SG:2050:Industry:IndustryFinalEnergy:oil","IndustryFinalEnergy","true","true","false","MISSING","SG:oil","false","false","","Industry","","","",""
"SG","2050","Transport","DomesticAviationFuel","oil","DIRECT_FUEL","","","","","DomesticAviationFuel","EXPLICIT","","2019","","","PENDING_ACCEPTED_COUNTRY_NODE_WEIGHTS","PENDING_ACCEPTED_SHAPE_AND_PHYSICAL_WEIGHTS","false","false","FIXED","PENDING","REPRESENTATION_ACCEPTED_NUMERIC_PENDING","PENDING_FUTURE_GROWTH; upstream default projection not accepted","SG:2050:Transport:DomesticAviationFuel:oil","DomesticAviationFuel","true","true","false","MISSING","SG:oil","false","false","","bunker","","","",""
"SG","2050","Transport","DomesticShippingFuel","oil","DIRECT_FUEL","","","","","DomesticShippingFuel","EXPLICIT","","2019","","","PENDING_ACCEPTED_COUNTRY_NODE_WEIGHTS","PENDING_ACCEPTED_SHAPE_AND_PHYSICAL_WEIGHTS","false","false","FIXED","PENDING","REPRESENTATION_ACCEPTED_NUMERIC_PENDING","PENDING_FUTURE_GROWTH; upstream default projection not accepted","SG:2050:Transport:DomesticShippingFuel:oil","DomesticShippingFuel","true","true","false","MISSING","SG:oil","false","false","","bunker","","","",""
"SG","2050","Transport","RailElectricity","electricity","EMBEDDED","","","","Astar","RailElectricity","EMBEDDED","","2019","","","PENDING_ACCEPTED_COUNTRY_NODE_WEIGHTS","PENDING_ACCEPTED_SHAPE_AND_PHYSICAL_WEIGHTS","true","false","FIXED","PENDING","REPRESENTATION_ACCEPTED_NUMERIC_PENDING","Future rail stays in Astar once; decomposition pending","SG:2050:Transport:RailElectricity:electricity","Astar","false","false","false","MISSING","SG:electricity","false","false","","Transport","","","",""
"SG","2050","Transport","RoadEVFinalElectricity","electricity","DIRECT_ELECTRICITY","","","","","RoadEVFinalElectricity","EXPLICIT","","2019","","","PENDING_ACCEPTED_COUNTRY_NODE_WEIGHTS","PENDING_ACCEPTED_SHAPE_AND_PHYSICAL_WEIGHTS","false","false","FIXED","PENDING","REPRESENTATION_ACCEPTED_NUMERIC_PENDING","External final-energy share pending; future EV excluded from future direct Astar; no kWh/km proxy","SG:2050:Transport:RoadEVFinalElectricity:electricity","RoadEVFinalElectricity","true","true","false","MISSING","SG:electricity","false","false","","Transport","","","",""
"SG","2050","Transport","RoadResidualFuel","biomass","DIRECT_FUEL","","","","","RoadResidualFuel","EXPLICIT","","2019","","","PENDING_ACCEPTED_COUNTRY_NODE_WEIGHTS","PENDING_ACCEPTED_SHAPE_AND_PHYSICAL_WEIGHTS","false","false","FIXED","PENDING","REPRESENTATION_ACCEPTED_NUMERIC_PENDING","PENDING_FUTURE_GROWTH_AND_EV_ENERGY_PATH; carrier vector retained","SG:2050:Transport:RoadResidualFuel:biomass","RoadResidualFuel","true","true","false","MISSING","SG:biomass","false","false","","Transport","","","",""
"SG","2050","Transport","RoadResidualFuel","gas","DIRECT_FUEL","","","","","RoadResidualFuel","EXPLICIT","","2019","","","PENDING_ACCEPTED_COUNTRY_NODE_WEIGHTS","PENDING_ACCEPTED_SHAPE_AND_PHYSICAL_WEIGHTS","false","false","FIXED","PENDING","REPRESENTATION_ACCEPTED_NUMERIC_PENDING","PENDING_FUTURE_GROWTH_AND_EV_ENERGY_PATH; carrier vector retained","SG:2050:Transport:RoadResidualFuel:gas","RoadResidualFuel","true","true","false","MISSING","SG:gas","false","false","","Transport","","","",""
"SG","2050","Transport","RoadResidualFuel","oil","DIRECT_FUEL","","","","","RoadResidualFuel","EXPLICIT","","2019","","","PENDING_ACCEPTED_COUNTRY_NODE_WEIGHTS","PENDING_ACCEPTED_SHAPE_AND_PHYSICAL_WEIGHTS","false","false","FIXED","PENDING","REPRESENTATION_ACCEPTED_NUMERIC_PENDING","PENDING_FUTURE_GROWTH_AND_EV_ENERGY_PATH; carrier vector retained","SG:2050:Transport:RoadResidualFuel:oil","RoadResidualFuel","true","true","false","MISSING","SG:oil","false","false","","Transport","","","",""
"SG","2050","Transport","TransportEmbeddedFuelParent","unclassified_fuel","UNCLASSIFIED","","","","","TransportEmbeddedFuelParent","EXPLICIT","","2019","","","PENDING_ACCEPTED_COUNTRY_NODE_WEIGHTS","PENDING_ACCEPTED_SHAPE_AND_PHYSICAL_WEIGHTS","false","false","FIXED","PENDING","REPRESENTATION_ACCEPTED_NUMERIC_PENDING","Rail fuel remains within one pending transport fuel parent; no duplicate rail Load","SG:2050:Transport:TransportEmbeddedFuelParent:unclassified_fuel","TransportEmbeddedFuelParent","true","true","false","MISSING","","false","false","","Transport","","","",""
"TH","2019","Agriculture","AgricultureFinalEnergy","biomass","DIRECT_FUEL","0.0","TWh/year","","","AgricultureFinalEnergy","EXPLICIT","/home/jin/research/SGP_ESE5004_Stage2/pypsa-asean/resources/baseline-aims-3H-tutorial/energy_totals_base.csv","2019","af27beafc01cfb1920a23e632c05e858883a28efd9bbf94df3dfdba455fde261","Frozen derived cache; TWh/year -> MWh; raw/calorific provenance still pending","PENDING_ACCEPTED_COUNTRY_NODE_WEIGHTS","PENDING_ACCEPTED_SHAPE_AND_PHYSICAL_WEIGHTS","false","false","FIXED","MISSING","REPRESENTATION_ACCEPTED_NUMERIC_PENDING","No agriculture technology model; retain each original fuel; cache zero has no certified raw-zero evidence","TH:2019:Agriculture:AgricultureFinalEnergy:biomass","AgricultureFinalEnergy","true","true","false","CACHE_ZERO_UNVERIFIED","TH:biomass","false","false","TH/agriculture biomass","Agriculture","","","",""
"TH","2019","Agriculture","AgricultureFinalEnergy","coal","DIRECT_FUEL","0.0","TWh/year","","","AgricultureFinalEnergy","EXPLICIT","/home/jin/research/SGP_ESE5004_Stage2/pypsa-asean/resources/baseline-aims-3H-tutorial/energy_totals_base.csv","2019","af27beafc01cfb1920a23e632c05e858883a28efd9bbf94df3dfdba455fde261","Frozen derived cache; TWh/year -> MWh; raw/calorific provenance still pending","PENDING_ACCEPTED_COUNTRY_NODE_WEIGHTS","PENDING_ACCEPTED_SHAPE_AND_PHYSICAL_WEIGHTS","false","false","FIXED","MISSING","REPRESENTATION_ACCEPTED_NUMERIC_PENDING","No agriculture technology model; retain each original fuel; cache zero has no certified raw-zero evidence","TH:2019:Agriculture:AgricultureFinalEnergy:coal","AgricultureFinalEnergy","true","true","false","CACHE_ZERO_UNVERIFIED","TH:coal","false","false","TH/agriculture coal","Agriculture","","","",""
"TH","2019","Agriculture","AgricultureFinalEnergy","electricity","EMBEDDED","468","Kilowatt-hours, million","468000.0","Astar","AgricultureFinalEnergy","EMBEDDED","/home/jin/research/SGP_ESE5004_Stage2/pypsa-asean/data/demand/unsd/data/UNdata_Export_20250502_110820872.txt","2019","12c99b3c40927449d9a4d0402f255a8b84b24917ff58e54efd4ec43b2125fe6b","Exact raw transaction; million kWh * 1000 = MWh; no losses or AEO scaling","PENDING_ACCEPTED_COUNTRY_NODE_WEIGHTS","PENDING_ACCEPTED_SHAPE_AND_PHYSICAL_WEIGHTS","true","false","FIXED","PENDING","REPRESENTATION_ACCEPTED_NUMERIC_PENDING","No agriculture technology model; retain each original fuel","TH:2019:Agriculture:AgricultureFinalEnergy:electricity","Astar","false","false","false","REPORTED_VALUE","TH:electricity","false","false","Consumption in agriculture, forestry and fishing; physical line end 88857","Agriculture","","","",""
"TH","2019","Agriculture","AgricultureFinalEnergy","oil","DIRECT_FUEL","34.9603","TWh/year","34960300.0","","AgricultureFinalEnergy","EXPLICIT","/home/jin/research/SGP_ESE5004_Stage2/pypsa-asean/resources/baseline-aims-3H-tutorial/energy_totals_base.csv","2019","af27beafc01cfb1920a23e632c05e858883a28efd9bbf94df3dfdba455fde261","Frozen derived cache; TWh/year -> MWh; raw/calorific provenance still pending","PENDING_ACCEPTED_COUNTRY_NODE_WEIGHTS","PENDING_ACCEPTED_SHAPE_AND_PHYSICAL_WEIGHTS","false","false","FIXED","FROZEN_UPSTREAM","REPRESENTATION_ACCEPTED_NUMERIC_PENDING","No agriculture technology model; retain each original fuel","TH:2019:Agriculture:AgricultureFinalEnergy:oil","AgricultureFinalEnergy","true","true","false","POSITIVE_CACHE_VALUE","TH:oil","false","false","TH/agriculture oil","Agriculture","","","",""
"TH","2019","Buildings","ResidentialCooking","mixed","EMBEDDED","","","","ResidentialDirectEnergy","ResidentialCooking","EMBEDDED","","2019","","","PENDING_ACCEPTED_COUNTRY_NODE_WEIGHTS","PENDING_ACCEPTED_SHAPE_AND_PHYSICAL_WEIGHTS","false","false","FIXED","EMBEDDED","REPRESENTATION_ACCEPTED_VALUES_NOT_DEFINED","No additional service obligation. Existing final electricity/fuel keeps ownership. Cooking is not space/water heat.","TH:2019:Buildings:ResidentialCooking:mixed","Astar_and_original_fuels","false","false","false","MISSING","TH:mixed","false","false","","Buildings","","","",""
"TH","2019","Buildings","ResidentialCooling","electricity","EMBEDDED","","","","ResidentialDirectEnergy","ResidentialCooling","EMBEDDED","","2019","","","PENDING_ACCEPTED_COUNTRY_NODE_WEIGHTS","PENDING_ACCEPTED_SHAPE_AND_PHYSICAL_WEIGHTS","true","false","FIXED","EMBEDDED","REPRESENTATION_ACCEPTED_VALUES_NOT_DEFINED","No additional service obligation. Existing final electricity/fuel keeps ownership. Cooking is not space/water heat.","TH:2019:Buildings:ResidentialCooling:electricity","Astar_and_original_fuels","false","false","false","MISSING","TH:electricity","false","false","","Buildings","","","",""
"TH","2019","Buildings","ResidentialDirectElectricity","electricity","DIRECT_ELECTRICITY","49202","Kilowatt-hours, million","49202000.0","Astar","ResidentialDirectElectricity","EMBEDDED","/home/jin/research/SGP_ESE5004_Stage2/pypsa-asean/data/demand/unsd/data/UNdata_Export_20250502_110820872.txt","2019","12c99b3c40927449d9a4d0402f255a8b84b24917ff58e54efd4ec43b2125fe6b","Exact raw transaction; million kWh * 1000 = MWh; no losses or AEO scaling","PENDING_ACCEPTED_COUNTRY_NODE_WEIGHTS","PENDING_ACCEPTED_SHAPE_AND_PHYSICAL_WEIGHTS","true","false","FIXED","PENDING","REPRESENTATION_ACCEPTED_NUMERIC_PENDING","Separate R/S identity retained in Astar; no second electricity Load; numeric decomposition is unaccepted","TH:2019:Buildings:ResidentialDirectElectricity:electricity","Astar","false","false","false","REPORTED_VALUE","TH:electricity","false","false","Consumption by households; physical line end 88842","Buildings","","","",""
"TH","2019","Buildings","ResidentialFuel","biomass","DIRECT_FUEL","31.4891","TWh/year","31489100.0","","ResidentialFuel","EXPLICIT","/home/jin/research/SGP_ESE5004_Stage2/pypsa-asean/resources/baseline-aims-3H-tutorial/energy_totals_base.csv","2019","af27beafc01cfb1920a23e632c05e858883a28efd9bbf94df3dfdba455fde261","Frozen derived cache; TWh/year -> MWh; raw/calorific provenance still pending","PENDING_ACCEPTED_COUNTRY_NODE_WEIGHTS","PENDING_ACCEPTED_SHAPE_AND_PHYSICAL_WEIGHTS","false","false","FIXED","FROZEN_UPSTREAM","REPRESENTATION_ACCEPTED_NUMERIC_PENDING","Fixed final fuel; no useful-heat inference; cooking remains within original fuel. Coal not recast as electricity.","TH:2019:Buildings:ResidentialFuel:biomass","ResidentialFuel","true","true","false","POSITIVE_CACHE_VALUE","TH:biomass","false","false","TH/residential biomass","Buildings","","","",""
"TH","2019","Buildings","ResidentialFuel","coal","DIRECT_FUEL","","TWh/year","","","ResidentialFuel","EXPLICIT","/home/jin/research/SGP_ESE5004_Stage2/pypsa-asean/resources/baseline-aims-3H-tutorial/energy_totals_base.csv","2019","af27beafc01cfb1920a23e632c05e858883a28efd9bbf94df3dfdba455fde261","Frozen derived cache; TWh/year -> MWh; raw/calorific provenance still pending","PENDING_ACCEPTED_COUNTRY_NODE_WEIGHTS","PENDING_ACCEPTED_SHAPE_AND_PHYSICAL_WEIGHTS","false","false","FIXED","MISSING","REPRESENTATION_ACCEPTED_NUMERIC_PENDING","Fixed final fuel; no useful-heat inference; cooking remains within original fuel. Coal not recast as electricity.; cache has no original R/S coal column; source recovery required","TH:2019:Buildings:ResidentialFuel:coal","ResidentialFuel","true","true","false","MISSING","TH:coal","false","false","TH/residential coal","Buildings","","","",""
"TH","2019","Buildings","ResidentialFuel","gas","DIRECT_FUEL","0.0","TWh/year","","","ResidentialFuel","EXPLICIT","/home/jin/research/SGP_ESE5004_Stage2/pypsa-asean/resources/baseline-aims-3H-tutorial/energy_totals_base.csv","2019","af27beafc01cfb1920a23e632c05e858883a28efd9bbf94df3dfdba455fde261","Frozen derived cache; TWh/year -> MWh; raw/calorific provenance still pending","PENDING_ACCEPTED_COUNTRY_NODE_WEIGHTS","PENDING_ACCEPTED_SHAPE_AND_PHYSICAL_WEIGHTS","false","false","FIXED","MISSING","REPRESENTATION_ACCEPTED_NUMERIC_PENDING","Fixed final fuel; no useful-heat inference; cooking remains within original fuel. Coal not recast as electricity.; cache zero has no certified raw-zero evidence","TH:2019:Buildings:ResidentialFuel:gas","ResidentialFuel","true","true","false","CACHE_ZERO_UNVERIFIED","TH:gas","false","false","TH/residential gas","Buildings","","","",""
"TH","2019","Buildings","ResidentialFuel","oil","DIRECT_FUEL","21.4282","TWh/year","21428200.0","","ResidentialFuel","EXPLICIT","/home/jin/research/SGP_ESE5004_Stage2/pypsa-asean/resources/baseline-aims-3H-tutorial/energy_totals_base.csv","2019","af27beafc01cfb1920a23e632c05e858883a28efd9bbf94df3dfdba455fde261","Frozen derived cache; TWh/year -> MWh; raw/calorific provenance still pending","PENDING_ACCEPTED_COUNTRY_NODE_WEIGHTS","PENDING_ACCEPTED_SHAPE_AND_PHYSICAL_WEIGHTS","false","false","FIXED","FROZEN_UPSTREAM","REPRESENTATION_ACCEPTED_NUMERIC_PENDING","Fixed final fuel; no useful-heat inference; cooking remains within original fuel. Coal not recast as electricity.","TH:2019:Buildings:ResidentialFuel:oil","ResidentialFuel","true","true","false","POSITIVE_CACHE_VALUE","TH:oil","false","false","TH/residential oil","Buildings","","","",""
"TH","2019","Buildings","ResidentialSpaceHeat","mixed","EMBEDDED","","","","ResidentialDirectEnergy","ResidentialSpaceHeat","EMBEDDED","","2019","","","PENDING_ACCEPTED_COUNTRY_NODE_WEIGHTS","PENDING_ACCEPTED_SHAPE_AND_PHYSICAL_WEIGHTS","false","false","FIXED","EMBEDDED","REPRESENTATION_ACCEPTED_VALUES_NOT_DEFINED","No additional service obligation. Existing final electricity/fuel keeps ownership. Cooking is not space/water heat.","TH:2019:Buildings:ResidentialSpaceHeat:mixed","Astar_and_original_fuels","false","false","false","MISSING","TH:mixed","false","false","","Buildings","","","",""
"TH","2019","Buildings","ResidentialWaterHeat","mixed","EMBEDDED","","","","ResidentialDirectEnergy","ResidentialWaterHeat","EMBEDDED","","2019","","","PENDING_ACCEPTED_COUNTRY_NODE_WEIGHTS","PENDING_ACCEPTED_SHAPE_AND_PHYSICAL_WEIGHTS","false","false","FIXED","EMBEDDED","REPRESENTATION_ACCEPTED_VALUES_NOT_DEFINED","No additional service obligation. Existing final electricity/fuel keeps ownership. Cooking is not space/water heat.","TH:2019:Buildings:ResidentialWaterHeat:mixed","Astar_and_original_fuels","false","false","false","MISSING","TH:mixed","false","false","","Buildings","","","",""
"TH","2019","Buildings","ServicesCooking","mixed","EMBEDDED","","","","ServicesDirectEnergy","ServicesCooking","EMBEDDED","","2019","","","PENDING_ACCEPTED_COUNTRY_NODE_WEIGHTS","PENDING_ACCEPTED_SHAPE_AND_PHYSICAL_WEIGHTS","false","false","FIXED","EMBEDDED","REPRESENTATION_ACCEPTED_VALUES_NOT_DEFINED","No additional service obligation. Existing final electricity/fuel keeps ownership. Cooking is not space/water heat.","TH:2019:Buildings:ServicesCooking:mixed","Astar_and_original_fuels","false","false","false","MISSING","TH:mixed","false","false","","Buildings","","","",""
"TH","2019","Buildings","ServicesCooling","electricity","EMBEDDED","","","","ServicesDirectEnergy","ServicesCooling","EMBEDDED","","2019","","","PENDING_ACCEPTED_COUNTRY_NODE_WEIGHTS","PENDING_ACCEPTED_SHAPE_AND_PHYSICAL_WEIGHTS","true","false","FIXED","EMBEDDED","REPRESENTATION_ACCEPTED_VALUES_NOT_DEFINED","No additional service obligation. Existing final electricity/fuel keeps ownership. Cooking is not space/water heat.","TH:2019:Buildings:ServicesCooling:electricity","Astar_and_original_fuels","false","false","false","MISSING","TH:electricity","false","false","","Buildings","","","",""
"TH","2019","Buildings","ServicesDirectElectricity","electricity","DIRECT_ELECTRICITY","49339","Kilowatt-hours, million","49339000.0","Astar","ServicesDirectElectricity","EMBEDDED","/home/jin/research/SGP_ESE5004_Stage2/pypsa-asean/data/demand/unsd/data/UNdata_Export_20250502_110820872.txt","2019","12c99b3c40927449d9a4d0402f255a8b84b24917ff58e54efd4ec43b2125fe6b","Exact raw transaction; million kWh * 1000 = MWh; no losses or AEO scaling","PENDING_ACCEPTED_COUNTRY_NODE_WEIGHTS","PENDING_ACCEPTED_SHAPE_AND_PHYSICAL_WEIGHTS","true","false","FIXED","PENDING","REPRESENTATION_ACCEPTED_NUMERIC_PENDING","Separate R/S identity retained in Astar; no second electricity Load; numeric decomposition is unaccepted","TH:2019:Buildings:ServicesDirectElectricity:electricity","Astar","false","false","false","REPORTED_VALUE","TH:electricity","false","false","Consumption by commercial and public services; physical line end 88885","Buildings","","","",""
"TH","2019","Buildings","ServicesFuel","biomass","DIRECT_FUEL","0.0","TWh/year","","","ServicesFuel","EXPLICIT","/home/jin/research/SGP_ESE5004_Stage2/pypsa-asean/resources/baseline-aims-3H-tutorial/energy_totals_base.csv","2019","af27beafc01cfb1920a23e632c05e858883a28efd9bbf94df3dfdba455fde261","Frozen derived cache; TWh/year -> MWh; raw/calorific provenance still pending","PENDING_ACCEPTED_COUNTRY_NODE_WEIGHTS","PENDING_ACCEPTED_SHAPE_AND_PHYSICAL_WEIGHTS","false","false","FIXED","MISSING","REPRESENTATION_ACCEPTED_NUMERIC_PENDING","Fixed final fuel; no useful-heat inference; cooking remains within original fuel. Coal not recast as electricity.; cache zero has no certified raw-zero evidence","TH:2019:Buildings:ServicesFuel:biomass","ServicesFuel","true","true","false","CACHE_ZERO_UNVERIFIED","TH:biomass","false","false","TH/services biomass","Buildings","","","",""
"TH","2019","Buildings","ServicesFuel","coal","DIRECT_FUEL","","TWh/year","","","ServicesFuel","EXPLICIT","/home/jin/research/SGP_ESE5004_Stage2/pypsa-asean/resources/baseline-aims-3H-tutorial/energy_totals_base.csv","2019","af27beafc01cfb1920a23e632c05e858883a28efd9bbf94df3dfdba455fde261","Frozen derived cache; TWh/year -> MWh; raw/calorific provenance still pending","PENDING_ACCEPTED_COUNTRY_NODE_WEIGHTS","PENDING_ACCEPTED_SHAPE_AND_PHYSICAL_WEIGHTS","false","false","FIXED","MISSING","REPRESENTATION_ACCEPTED_NUMERIC_PENDING","Fixed final fuel; no useful-heat inference; cooking remains within original fuel. Coal not recast as electricity.; cache has no original R/S coal column; source recovery required","TH:2019:Buildings:ServicesFuel:coal","ServicesFuel","true","true","false","MISSING","TH:coal","false","false","TH/services coal","Buildings","","","",""
"TH","2019","Buildings","ServicesFuel","gas","DIRECT_FUEL","0.0","TWh/year","","","ServicesFuel","EXPLICIT","/home/jin/research/SGP_ESE5004_Stage2/pypsa-asean/resources/baseline-aims-3H-tutorial/energy_totals_base.csv","2019","af27beafc01cfb1920a23e632c05e858883a28efd9bbf94df3dfdba455fde261","Frozen derived cache; TWh/year -> MWh; raw/calorific provenance still pending","PENDING_ACCEPTED_COUNTRY_NODE_WEIGHTS","PENDING_ACCEPTED_SHAPE_AND_PHYSICAL_WEIGHTS","false","false","FIXED","MISSING","REPRESENTATION_ACCEPTED_NUMERIC_PENDING","Fixed final fuel; no useful-heat inference; cooking remains within original fuel. Coal not recast as electricity.; cache zero has no certified raw-zero evidence","TH:2019:Buildings:ServicesFuel:gas","ServicesFuel","true","true","false","CACHE_ZERO_UNVERIFIED","TH:gas","false","false","TH/services gas","Buildings","","","",""
"TH","2019","Buildings","ServicesFuel","oil","DIRECT_FUEL","6.4731","TWh/year","6473100.0","","ServicesFuel","EXPLICIT","/home/jin/research/SGP_ESE5004_Stage2/pypsa-asean/resources/baseline-aims-3H-tutorial/energy_totals_base.csv","2019","af27beafc01cfb1920a23e632c05e858883a28efd9bbf94df3dfdba455fde261","Frozen derived cache; TWh/year -> MWh; raw/calorific provenance still pending","PENDING_ACCEPTED_COUNTRY_NODE_WEIGHTS","PENDING_ACCEPTED_SHAPE_AND_PHYSICAL_WEIGHTS","false","false","FIXED","FROZEN_UPSTREAM","REPRESENTATION_ACCEPTED_NUMERIC_PENDING","Fixed final fuel; no useful-heat inference; cooking remains within original fuel. Coal not recast as electricity.","TH:2019:Buildings:ServicesFuel:oil","ServicesFuel","true","true","false","POSITIVE_CACHE_VALUE","TH:oil","false","false","TH/services oil","Buildings","","","",""
"TH","2019","Buildings","ServicesSpaceHeat","mixed","EMBEDDED","","","","ServicesDirectEnergy","ServicesSpaceHeat","EMBEDDED","","2019","","","PENDING_ACCEPTED_COUNTRY_NODE_WEIGHTS","PENDING_ACCEPTED_SHAPE_AND_PHYSICAL_WEIGHTS","false","false","FIXED","EMBEDDED","REPRESENTATION_ACCEPTED_VALUES_NOT_DEFINED","No additional service obligation. Existing final electricity/fuel keeps ownership. Cooking is not space/water heat.","TH:2019:Buildings:ServicesSpaceHeat:mixed","Astar_and_original_fuels","false","false","false","MISSING","TH:mixed","false","false","","Buildings","","","",""
"TH","2019","Buildings","ServicesWaterHeat","mixed","EMBEDDED","","","","ServicesDirectEnergy","ServicesWaterHeat","EMBEDDED","","2019","","","PENDING_ACCEPTED_COUNTRY_NODE_WEIGHTS","PENDING_ACCEPTED_SHAPE_AND_PHYSICAL_WEIGHTS","false","false","FIXED","EMBEDDED","REPRESENTATION_ACCEPTED_VALUES_NOT_DEFINED","No additional service obligation. Existing final electricity/fuel keeps ownership. Cooking is not space/water heat.","TH:2019:Buildings:ServicesWaterHeat:mixed","Astar_and_original_fuels","false","false","false","MISSING","TH:mixed","false","false","","Buildings","","","",""
"TH","2019","Bunker","InternationalAviationBunker","oil","BUNKER_FUEL","55.1005","TWh/year","55100500.0","","InternationalAviationBunker","EXPLICIT","/home/jin/research/SGP_ESE5004_Stage2/pypsa-asean/resources/baseline-aims-3H-tutorial/energy_totals_base.csv","2019","af27beafc01cfb1920a23e632c05e858883a28efd9bbf94df3dfdba455fde261","Frozen derived cache; TWh/year -> MWh; raw/calorific provenance still pending","PENDING_ACCEPTED_COUNTRY_NODE_WEIGHTS","PENDING_ACCEPTED_SHAPE_AND_PHYSICAL_WEIGHTS","false","false","FIXED","FROZEN_UPSTREAM","REPRESENTATION_ACCEPTED_NUMERIC_PENDING","FIXED fuel obligation; FT is later endogenous supply. Review status: EXACT_SELECTED_CACHE_MATCH","TH:2019:Bunker:InternationalAviationBunker:oil","InternationalAviationBunker","true","true","false","POSITIVE_CACHE_VALUE","TH:oil","false","false","TH/total international aviation; bunker_review.json TH/InternationalAviationBunkerFuel","bunker","","","",""
"TH","2019","Bunker","InternationalShippingBunker","oil","BUNKER_FUEL","13.1322","TWh/year","13132200.0","","InternationalShippingBunker","EXPLICIT","/home/jin/research/SGP_ESE5004_Stage2/pypsa-asean/resources/baseline-aims-3H-tutorial/energy_totals_base.csv","2019","af27beafc01cfb1920a23e632c05e858883a28efd9bbf94df3dfdba455fde261","Frozen derived cache; TWh/year -> MWh; raw/calorific provenance still pending","PENDING_ACCEPTED_COUNTRY_NODE_WEIGHTS","PENDING_ACCEPTED_SHAPE_AND_PHYSICAL_WEIGHTS","false","false","FIXED","FROZEN_UPSTREAM","REPRESENTATION_ACCEPTED_NUMERIC_PENDING","FIXED fuel obligation; FT is later endogenous supply. Review status: EXACT_SELECTED_CACHE_MATCH","TH:2019:Bunker:InternationalShippingBunker:oil","InternationalShippingBunker","true","true","false","POSITIVE_CACHE_VALUE","TH:oil","false","false","TH/total international navigation; bunker_review.json TH/InternationalShippingBunkerFuel","bunker","","","",""
"TH","2019","Conversion","EVIfConversion","electricity","ENDOGENOUS_CONVERSION_INPUT","","","","","EVIfConversion","CONTRACT_ONLY","","2019","","","PENDING_ACCEPTED_COUNTRY_NODE_WEIGHTS","PENDING_ACCEPTED_SHAPE_AND_PHYSICAL_WEIGHTS","false","false","ENDOGENOUS","PENDING","REPRESENTATION_ACCEPTED_NUMERIC_PENDING","No predetermined demand or Load; future accepted conversion Link owns its electricity input","TH:2019:Conversion:EVIfConversion:electricity","EVIfConversion","false","false","false","MISSING","TH:electricity","false","false","","electricity","","","",""
"TH","2019","Conversion","Electrolysis","electricity","ENDOGENOUS_CONVERSION_INPUT","","","","","Electrolysis","CONTRACT_ONLY","","2019","","","PENDING_ACCEPTED_COUNTRY_NODE_WEIGHTS","PENDING_ACCEPTED_SHAPE_AND_PHYSICAL_WEIGHTS","false","false","ENDOGENOUS","PENDING","REPRESENTATION_ACCEPTED_NUMERIC_PENDING","No predetermined demand or Load; future accepted conversion Link owns its electricity input","TH:2019:Conversion:Electrolysis:electricity","Electrolysis","false","false","false","MISSING","TH:electricity","false","false","","electricity","","","",""
"TH","2019","Conversion","FischerTropsch","electricity","ENDOGENOUS_CONVERSION_INPUT","","","","","FischerTropsch","CONTRACT_ONLY","","2019","","","PENDING_ACCEPTED_COUNTRY_NODE_WEIGHTS","PENDING_ACCEPTED_SHAPE_AND_PHYSICAL_WEIGHTS","false","false","ENDOGENOUS","PENDING","REPRESENTATION_ACCEPTED_NUMERIC_PENDING","No predetermined demand or Load; future accepted conversion Link owns its electricity input","TH:2019:Conversion:FischerTropsch:electricity","FischerTropsch","false","false","false","MISSING","TH:electricity","false","false","","electricity","","","",""
"TH","2019","Conversion","HeatPump","electricity","ENDOGENOUS_CONVERSION_INPUT","","","","","HeatPump","CONTRACT_ONLY","","2019","","","PENDING_ACCEPTED_COUNTRY_NODE_WEIGHTS","PENDING_ACCEPTED_SHAPE_AND_PHYSICAL_WEIGHTS","false","false","ENDOGENOUS","PENDING","REPRESENTATION_ACCEPTED_NUMERIC_PENDING","No predetermined demand or Load; future accepted conversion Link owns its electricity input","TH:2019:Conversion:HeatPump:electricity","HeatPump","false","false","false","MISSING","TH:electricity","false","false","","electricity","","","",""
"TH","2019","Conversion","ResistiveHeating","electricity","ENDOGENOUS_CONVERSION_INPUT","","","","","ResistiveHeating","CONTRACT_ONLY","","2019","","","PENDING_ACCEPTED_COUNTRY_NODE_WEIGHTS","PENDING_ACCEPTED_SHAPE_AND_PHYSICAL_WEIGHTS","false","false","ENDOGENOUS","PENDING","REPRESENTATION_ACCEPTED_NUMERIC_PENDING","No predetermined demand or Load; future accepted conversion Link owns its electricity input","TH:2019:Conversion:ResistiveHeating:electricity","ResistiveHeating","false","false","false","MISSING","TH:electricity","false","false","","electricity","","","",""
"TH","2019","Electricity","Astar","electricity","DIRECT_ELECTRICITY","193175.999","Kilowatt-hours, million","193175999.0","","Astar","EXPLICIT","/home/jin/research/SGP_ESE5004_Stage2/pypsa-asean/data/demand/unsd/data/UNdata_Export_20250502_110820872.txt","2019","12c99b3c40927449d9a4d0402f255a8b84b24917ff58e54efd4ec43b2125fe6b","Exact raw transaction; million kWh * 1000 = MWh; no losses or AEO scaling","PENDING_ACCEPTED_COUNTRY_NODE_WEIGHTS","PENDING_ACCEPTED_SHAPE_AND_PHYSICAL_WEIGHTS","true","false","FIXED","PENDING","REPRESENTATION_ACCEPTED_NUMERIC_PENDING","End-user final electricity before any accepted transfers; future conversion inputs excluded","TH:2019:Electricity:Astar:electricity","Astar","true","true","false","REPORTED_VALUE","TH:electricity","false","false","Final energy consumption; physical line end 88617","electricity","193175999.0","0.0","193175999.0","193175999.0"
"TH","2019","Industry","IndustryCacheElectricityReference","electricity","DIRECT_FUEL","86103999","MWh/year","86103999.0","","IndustryCacheElectricityReference","REFERENCE","/home/jin/research/SGP_ESE5004_Stage2/pypsa-asean/resources/baseline-aims-3H-tutorial/demand/base_industry_totals_2030.csv","2019","c62e8edab8451f93a4273f9214e6259306ea7e01a6ba9c85e7b7db48978aa404","Frozen derived cache; MWh/year -> MWh; raw/calorific provenance still pending","PENDING_ACCEPTED_COUNTRY_NODE_WEIGHTS","PENDING_ACCEPTED_SHAPE_AND_PHYSICAL_WEIGHTS","false","false","FIXED","REFERENCE_ONLY","REPRESENTATION_ACCEPTED_NUMERIC_PENDING","Base 2019 country/carrier sum of 13 cached industries; pre-NH3 deduction; raw calorific/feedstock boundary pending","TH:2019:Industry:IndustryCacheElectricityReference:electricity","IndustryCacheElectricityReference","false","false","false","POSITIVE_CACHE_VALUE","TH:electricity","false","false","TH/electricity; sum 13 columns","Industry","","","",""
"TH","2019","Industry","IndustryDirectElectricity","electricity","DIRECT_ELECTRICITY","86103.999","Kilowatt-hours, million","86103999.0","Astar","IndustryDirectElectricity","EMBEDDED","/home/jin/research/SGP_ESE5004_Stage2/pypsa-asean/data/demand/unsd/data/UNdata_Export_20250502_110820872.txt","2019","12c99b3c40927449d9a4d0402f255a8b84b24917ff58e54efd4ec43b2125fe6b","Exact raw transaction; million kWh * 1000 = MWh; no losses or AEO scaling","PENDING_ACCEPTED_COUNTRY_NODE_WEIGHTS","PENDING_ACCEPTED_SHAPE_AND_PHYSICAL_WEIGHTS","true","false","FIXED","PENDING","REPRESENTATION_ACCEPTED_NUMERIC_PENDING","Industrial final electricity stays inside Astar; no second industry Load. No process/service conversion","TH:2019:Industry:IndustryDirectElectricity:electricity","Astar","false","false","false","REPORTED_VALUE","TH:electricity","false","false","Consumption by manufacturing, construction and non-fuel industry; physical line end 88632","Industry","","","",""
"TH","2019","Industry","IndustryFuel","biomass","DIRECT_FUEL","57900945.040131114","MWh/year","57900945.040131114","","IndustryFuel","EXPLICIT","/home/jin/research/SGP_ESE5004_Stage2/pypsa-asean/resources/baseline-aims-3H-tutorial/demand/base_industry_totals_2030.csv","2019","c62e8edab8451f93a4273f9214e6259306ea7e01a6ba9c85e7b7db48978aa404","Frozen derived cache; MWh/year -> MWh; raw/calorific provenance still pending","PENDING_ACCEPTED_COUNTRY_NODE_WEIGHTS","PENDING_ACCEPTED_SHAPE_AND_PHYSICAL_WEIGHTS","false","false","FIXED","FROZEN_UPSTREAM","REPRESENTATION_ACCEPTED_NUMERIC_PENDING","Base 2019 country/carrier sum of 13 cached industries; pre-NH3 deduction; raw calorific/feedstock boundary pending","TH:2019:Industry:IndustryFuel:biomass","IndustryFuel","true","true","false","POSITIVE_CACHE_VALUE","TH:biomass","false","false","TH/biomass; sum 13 columns","Industry","","","",""
"TH","2019","Industry","IndustryFuel","coal","DIRECT_FUEL","105451080.48888889","MWh/year","105451080.48888889","","IndustryFuel","EXPLICIT","/home/jin/research/SGP_ESE5004_Stage2/pypsa-asean/resources/baseline-aims-3H-tutorial/demand/base_industry_totals_2030.csv","2019","c62e8edab8451f93a4273f9214e6259306ea7e01a6ba9c85e7b7db48978aa404","Frozen derived cache; MWh/year -> MWh; raw/calorific provenance still pending","PENDING_ACCEPTED_COUNTRY_NODE_WEIGHTS","PENDING_ACCEPTED_SHAPE_AND_PHYSICAL_WEIGHTS","false","false","FIXED","FROZEN_UPSTREAM","REPRESENTATION_ACCEPTED_NUMERIC_PENDING","Base 2019 country/carrier sum of 13 cached industries; pre-NH3 deduction; raw calorific/feedstock boundary pending; MISSING_ENERGY_OBLIGATION in upstream add_industry","TH:2019:Industry:IndustryFuel:coal","IndustryFuel","true","true","false","POSITIVE_CACHE_VALUE","TH:coal","false","true","TH/coal; sum 13 columns","Industry","","","",""
"TH","2019","Industry","IndustryFuel","gas","DIRECT_FUEL","48971355","MWh/year","48971355.0","","IndustryFuel","EXPLICIT","/home/jin/research/SGP_ESE5004_Stage2/pypsa-asean/resources/baseline-aims-3H-tutorial/demand/base_industry_totals_2030.csv","2019","c62e8edab8451f93a4273f9214e6259306ea7e01a6ba9c85e7b7db48978aa404","Frozen derived cache; MWh/year -> MWh; raw/calorific provenance still pending","PENDING_ACCEPTED_COUNTRY_NODE_WEIGHTS","PENDING_ACCEPTED_SHAPE_AND_PHYSICAL_WEIGHTS","false","false","FIXED","FROZEN_UPSTREAM","REPRESENTATION_ACCEPTED_NUMERIC_PENDING","Base 2019 country/carrier sum of 13 cached industries; pre-NH3 deduction; raw calorific/feedstock boundary pending","TH:2019:Industry:IndustryFuel:gas","IndustryFuel","true","true","false","POSITIVE_CACHE_VALUE","TH:gas","false","false","TH/gas; sum 13 columns","Industry","","","",""
"TH","2019","Industry","IndustryFuel","heat","DIRECT_FUEL","","MWh/year","","","IndustryFuel","PENDING","/home/jin/research/SGP_ESE5004_Stage2/pypsa-asean/resources/baseline-aims-3H-tutorial/demand/base_industry_totals_2030.csv","2019","c62e8edab8451f93a4273f9214e6259306ea7e01a6ba9c85e7b7db48978aa404","Frozen derived cache; MWh/year -> MWh; raw/calorific provenance still pending","PENDING_ACCEPTED_COUNTRY_NODE_WEIGHTS","PENDING_ACCEPTED_SHAPE_AND_PHYSICAL_WEIGHTS","false","false","FIXED","MISSING","REPRESENTATION_ACCEPTED_NUMERIC_PENDING","No accepted independent H2 or qualified heat service; no new service obligation","TH:2019:Industry:IndustryFuel:heat","IndustryFuel","false","false","false","MISSING","TH:heat","false","false","TH/heat; sum 13 columns","Industry","","","",""
"TH","2019","Industry","IndustryFuel","hydrogen","DIRECT_FUEL","","MWh/year","","","IndustryFuel","PENDING","/home/jin/research/SGP_ESE5004_Stage2/pypsa-asean/resources/baseline-aims-3H-tutorial/demand/base_industry_totals_2030.csv","2019","c62e8edab8451f93a4273f9214e6259306ea7e01a6ba9c85e7b7db48978aa404","Frozen derived cache; MWh/year -> MWh; raw/calorific provenance still pending","PENDING_ACCEPTED_COUNTRY_NODE_WEIGHTS","PENDING_ACCEPTED_SHAPE_AND_PHYSICAL_WEIGHTS","false","false","FIXED","MISSING","REPRESENTATION_ACCEPTED_NUMERIC_PENDING","No accepted independent H2 or qualified heat service; no new service obligation","TH:2019:Industry:IndustryFuel:hydrogen","IndustryFuel","false","false","false","MISSING","TH:hydrogen","false","false","TH/hydrogen; sum 13 columns","Industry","","","",""
"TH","2019","Industry","IndustryFuel","oil","DIRECT_FUEL","56552852.279999994","MWh/year","56552852.279999994","","IndustryFuel","EXPLICIT","/home/jin/research/SGP_ESE5004_Stage2/pypsa-asean/resources/baseline-aims-3H-tutorial/demand/base_industry_totals_2030.csv","2019","c62e8edab8451f93a4273f9214e6259306ea7e01a6ba9c85e7b7db48978aa404","Frozen derived cache; MWh/year -> MWh; raw/calorific provenance still pending","PENDING_ACCEPTED_COUNTRY_NODE_WEIGHTS","PENDING_ACCEPTED_SHAPE_AND_PHYSICAL_WEIGHTS","false","false","FIXED","FROZEN_UPSTREAM","REPRESENTATION_ACCEPTED_NUMERIC_PENDING","Base 2019 country/carrier sum of 13 cached industries; pre-NH3 deduction; raw calorific/feedstock boundary pending","TH:2019:Industry:IndustryFuel:oil","IndustryFuel","true","true","false","POSITIVE_CACHE_VALUE","TH:oil","false","false","TH/oil; sum 13 columns","Industry","","","",""
"TH","2019","Transport","DomesticAviationFuel","oil","DIRECT_FUEL","15.8506","TWh/year","15850600.0","","DomesticAviationFuel","EXPLICIT","/home/jin/research/SGP_ESE5004_Stage2/pypsa-asean/resources/baseline-aims-3H-tutorial/energy_totals_base.csv","2019","af27beafc01cfb1920a23e632c05e858883a28efd9bbf94df3dfdba455fde261","Frozen derived cache; TWh/year -> MWh; raw/calorific provenance still pending","PENDING_ACCEPTED_COUNTRY_NODE_WEIGHTS","PENDING_ACCEPTED_SHAPE_AND_PHYSICAL_WEIGHTS","false","false","FIXED","FROZEN_UPSTREAM","REPRESENTATION_ACCEPTED_NUMERIC_PENDING","FIXED fuel obligation; FT is later endogenous supply. Review status: EXACT_SELECTED_CACHE_MATCH","TH:2019:Transport:DomesticAviationFuel:oil","DomesticAviationFuel","true","true","false","POSITIVE_CACHE_VALUE","TH:oil","false","false","TH/total domestic aviation; bunker_review.json TH/DomesticAviationFuel","bunker","","","",""
"TH","2019","Transport","DomesticShippingFuel","oil","DIRECT_FUEL","0.0","TWh/year","","","DomesticShippingFuel","EXPLICIT","/home/jin/research/SGP_ESE5004_Stage2/pypsa-asean/resources/baseline-aims-3H-tutorial/energy_totals_base.csv","2019","af27beafc01cfb1920a23e632c05e858883a28efd9bbf94df3dfdba455fde261","Frozen derived cache; TWh/year -> MWh; raw/calorific provenance still pending","PENDING_ACCEPTED_COUNTRY_NODE_WEIGHTS","PENDING_ACCEPTED_SHAPE_AND_PHYSICAL_WEIGHTS","false","false","FIXED","MISSING","REPRESENTATION_ACCEPTED_NUMERIC_PENDING","FIXED fuel obligation; FT is later endogenous supply. Review status: ZERO_WITHOUT_EXACT_SELECTED_RAW; cache zero has no certified raw-zero evidence","TH:2019:Transport:DomesticShippingFuel:oil","DomesticShippingFuel","true","true","false","CACHE_ZERO_UNVERIFIED","TH:oil","false","false","TH/total domestic navigation; bunker_review.json TH/DomesticShippingFuel","bunker","","","",""
"TH","2019","Transport","HistoricalRoadElectricity","electricity","DIRECT_ELECTRICITY","0.0","TWh/year","","Astar","HistoricalRoadElectricity","EMBEDDED","/home/jin/research/SGP_ESE5004_Stage2/pypsa-asean/resources/baseline-aims-3H-tutorial/energy_totals_base.csv","2019","af27beafc01cfb1920a23e632c05e858883a28efd9bbf94df3dfdba455fde261","Frozen derived cache; TWh/year -> MWh; raw/calorific provenance still pending","PENDING_ACCEPTED_COUNTRY_NODE_WEIGHTS","PENDING_ACCEPTED_SHAPE_AND_PHYSICAL_WEIGHTS","true","false","FIXED","MISSING","REPRESENTATION_ACCEPTED_NUMERIC_PENDING","Historical EV membership/quantity pending; retain any such energy inside Astar; no transfer performed; cache zero has no certified raw-zero evidence","TH:2019:Transport:HistoricalRoadElectricity:electricity","Astar","false","false","false","CACHE_ZERO_UNVERIFIED","TH:electricity","false","false","TH/road electricity","Transport","","","",""
"TH","2019","Transport","RailElectricity","electricity","EMBEDDED","215","Kilowatt-hours, million","215000.0","Astar","RailElectricity","EMBEDDED","/home/jin/research/SGP_ESE5004_Stage2/pypsa-asean/data/demand/unsd/data/UNdata_Export_20250502_110820872.txt","2019","12c99b3c40927449d9a4d0402f255a8b84b24917ff58e54efd4ec43b2125fe6b","Exact raw transaction; million kWh * 1000 = MWh; no losses or AEO scaling","PENDING_ACCEPTED_COUNTRY_NODE_WEIGHTS","PENDING_ACCEPTED_SHAPE_AND_PHYSICAL_WEIGHTS","true","false","FIXED","PENDING","REPRESENTATION_ACCEPTED_NUMERIC_PENDING","Rail electricity occurs only within Astar; no independent rail Load","TH:2019:Transport:RailElectricity:electricity","Astar","false","false","false","REPORTED_VALUE","TH:electricity","false","false","Consumption by rail; physical line end 88813","Transport","","","",""
"TH","2019","Transport","RailFinalEnergyReference","mixed","DIRECT_FUEL","1.0747","TWh/year","1074700.0","","RailFinalEnergyReference","REFERENCE","/home/jin/research/SGP_ESE5004_Stage2/pypsa-asean/resources/baseline-aims-3H-tutorial/energy_totals_base.csv","2019","af27beafc01cfb1920a23e632c05e858883a28efd9bbf94df3dfdba455fde261","Frozen derived cache; TWh/year -> MWh; raw/calorific provenance still pending","PENDING_ACCEPTED_COUNTRY_NODE_WEIGHTS","PENDING_ACCEPTED_SHAPE_AND_PHYSICAL_WEIGHTS","false","false","FIXED","FROZEN_UPSTREAM","REPRESENTATION_ACCEPTED_NUMERIC_PENDING","Reference total only; fuel decomposition pending; no independent rail Load","TH:2019:Transport:RailFinalEnergyReference:mixed","RailFinalEnergyReference","false","false","false","POSITIVE_CACHE_VALUE","TH:mixed","false","false","TH/total rail","Transport","","","",""
"TH","2019","Transport","RoadParentFinalEnergy","all_final_energy","DIRECT_FUEL","348.9357","TWh/year","348935700.0","","RoadParentFinalEnergy","REFERENCE","/home/jin/research/SGP_ESE5004_Stage2/pypsa-asean/resources/baseline-aims-3H-tutorial/energy_totals_base.csv","2019","af27beafc01cfb1920a23e632c05e858883a28efd9bbf94df3dfdba455fde261","Frozen derived cache; TWh/year -> MWh; raw/calorific provenance still pending","PENDING_ACCEPTED_COUNTRY_NODE_WEIGHTS","PENDING_ACCEPTED_SHAPE_AND_PHYSICAL_WEIGHTS","false","false","FIXED","FROZEN_UPSTREAM","REPRESENTATION_ACCEPTED_NUMERIC_PENDING","Independent cached final-energy control, not an extra fuel Load; EV share not accepted","TH:2019:Transport:RoadParentFinalEnergy:all_final_energy","RoadParentFinalEnergy","false","false","false","POSITIVE_CACHE_VALUE","TH:all_final_energy","false","false","TH/total road","Transport","","","",""
"TH","2019","Transport","RoadResidualFuel","biomass","DIRECT_FUEL","30.234","TWh/year","30234000.0","","RoadResidualFuel","EXPLICIT","/home/jin/research/SGP_ESE5004_Stage2/pypsa-asean/resources/baseline-aims-3H-tutorial/energy_totals_base.csv","2019","af27beafc01cfb1920a23e632c05e858883a28efd9bbf94df3dfdba455fde261","Frozen derived cache; TWh/year -> MWh; raw/calorific provenance still pending","PENDING_ACCEPTED_COUNTRY_NODE_WEIGHTS","PENDING_ACCEPTED_SHAPE_AND_PHYSICAL_WEIGHTS","false","false","FIXED","FROZEN_UPSTREAM","REPRESENTATION_ACCEPTED_NUMERIC_PENDING","Base-year carrier observation; future residual vector requires accepted energy share and fuel composition","TH:2019:Transport:RoadResidualFuel:biomass","RoadResidualFuel","true","true","false","POSITIVE_CACHE_VALUE","TH:biomass","false","false","TH/road biomass","Transport","","","",""
"TH","2019","Transport","RoadResidualFuel","gas","DIRECT_FUEL","21.6892","TWh/year","21689200.0","","RoadResidualFuel","EXPLICIT","/home/jin/research/SGP_ESE5004_Stage2/pypsa-asean/resources/baseline-aims-3H-tutorial/energy_totals_base.csv","2019","af27beafc01cfb1920a23e632c05e858883a28efd9bbf94df3dfdba455fde261","Frozen derived cache; TWh/year -> MWh; raw/calorific provenance still pending","PENDING_ACCEPTED_COUNTRY_NODE_WEIGHTS","PENDING_ACCEPTED_SHAPE_AND_PHYSICAL_WEIGHTS","false","false","FIXED","FROZEN_UPSTREAM","REPRESENTATION_ACCEPTED_NUMERIC_PENDING","Base-year carrier observation; future residual vector requires accepted energy share and fuel composition","TH:2019:Transport:RoadResidualFuel:gas","RoadResidualFuel","true","true","false","POSITIVE_CACHE_VALUE","TH:gas","false","false","TH/road gas","Transport","","","",""
"TH","2019","Transport","RoadResidualFuel","oil","DIRECT_FUEL","297.0126","TWh/year","297012600.0","","RoadResidualFuel","EXPLICIT","/home/jin/research/SGP_ESE5004_Stage2/pypsa-asean/resources/baseline-aims-3H-tutorial/energy_totals_base.csv","2019","af27beafc01cfb1920a23e632c05e858883a28efd9bbf94df3dfdba455fde261","Frozen derived cache; TWh/year -> MWh; raw/calorific provenance still pending","PENDING_ACCEPTED_COUNTRY_NODE_WEIGHTS","PENDING_ACCEPTED_SHAPE_AND_PHYSICAL_WEIGHTS","false","false","FIXED","FROZEN_UPSTREAM","REPRESENTATION_ACCEPTED_NUMERIC_PENDING","Base-year carrier observation; future residual vector requires accepted energy share and fuel composition","TH:2019:Transport:RoadResidualFuel:oil","RoadResidualFuel","true","true","false","POSITIVE_CACHE_VALUE","TH:oil","false","false","TH/road oil","Transport","","","",""
"TH","2019","Transport","TransportEmbeddedFuelParent","unclassified_fuel","UNCLASSIFIED","","","","","TransportEmbeddedFuelParent","EXPLICIT","","2019","","","PENDING_ACCEPTED_COUNTRY_NODE_WEIGHTS","PENDING_ACCEPTED_SHAPE_AND_PHYSICAL_WEIGHTS","false","false","FIXED","PENDING","REPRESENTATION_ACCEPTED_NUMERIC_PENDING","Rail fuel retained in one unresolved transport fuel parent; no extra rail oil Load or fabricated residual","TH:2019:Transport:TransportEmbeddedFuelParent:unclassified_fuel","TransportEmbeddedFuelParent","true","true","false","MISSING","","false","false","","Transport","","","",""
"TH","2030","Agriculture","AgricultureDirectElectricity","electricity","EMBEDDED","","","","Astar","AgricultureDirectElectricity","EMBEDDED","","2019","","","PENDING_ACCEPTED_COUNTRY_NODE_WEIGHTS","PENDING_ACCEPTED_SHAPE_AND_PHYSICAL_WEIGHTS","true","false","FIXED","PENDING","REPRESENTATION_ACCEPTED_NUMERIC_PENDING","Future direct electricity remains within Astar; no separate Load; growth unaccepted","TH:2030:Agriculture:AgricultureDirectElectricity:electricity","Astar","false","false","false","MISSING","TH:electricity","false","false","","Agriculture","","","",""
"TH","2030","Agriculture","AgricultureFinalEnergy","biomass","DIRECT_FUEL","","","","","AgricultureFinalEnergy","EXPLICIT","","2019","","","PENDING_ACCEPTED_COUNTRY_NODE_WEIGHTS","PENDING_ACCEPTED_SHAPE_AND_PHYSICAL_WEIGHTS","false","false","FIXED","PENDING","REPRESENTATION_ACCEPTED_NUMERIC_PENDING","PENDING_FUTURE_GROWTH; no DEFAULT or zero-growth assumption","TH:2030:Agriculture:AgricultureFinalEnergy:biomass","AgricultureFinalEnergy","true","true","false","MISSING","TH:biomass","false","false","","Agriculture","","","",""
"TH","2030","Agriculture","AgricultureFinalEnergy","coal","DIRECT_FUEL","","","","","AgricultureFinalEnergy","EXPLICIT","","2019","","","PENDING_ACCEPTED_COUNTRY_NODE_WEIGHTS","PENDING_ACCEPTED_SHAPE_AND_PHYSICAL_WEIGHTS","false","false","FIXED","PENDING","REPRESENTATION_ACCEPTED_NUMERIC_PENDING","PENDING_FUTURE_GROWTH; no DEFAULT or zero-growth assumption","TH:2030:Agriculture:AgricultureFinalEnergy:coal","AgricultureFinalEnergy","true","true","false","MISSING","TH:coal","false","false","","Agriculture","","","",""
"TH","2030","Agriculture","AgricultureFinalEnergy","oil","DIRECT_FUEL","","","","","AgricultureFinalEnergy","EXPLICIT","","2019","","","PENDING_ACCEPTED_COUNTRY_NODE_WEIGHTS","PENDING_ACCEPTED_SHAPE_AND_PHYSICAL_WEIGHTS","false","false","FIXED","PENDING","REPRESENTATION_ACCEPTED_NUMERIC_PENDING","PENDING_FUTURE_GROWTH; no DEFAULT or zero-growth assumption","TH:2030:Agriculture:AgricultureFinalEnergy:oil","AgricultureFinalEnergy","true","true","false","MISSING","TH:oil","false","false","","Agriculture","","","",""
"TH","2030","Buildings","ResidentialDirectElectricity","electricity","DIRECT_ELECTRICITY","","","","Astar","ResidentialDirectElectricity","EMBEDDED","","2019","","","PENDING_ACCEPTED_COUNTRY_NODE_WEIGHTS","PENDING_ACCEPTED_SHAPE_AND_PHYSICAL_WEIGHTS","true","false","FIXED","PENDING","REPRESENTATION_ACCEPTED_NUMERIC_PENDING","PENDING_FUTURE_GROWTH; separate R/S decomposition remains optional inside Astar","TH:2030:Buildings:ResidentialDirectElectricity:electricity","Astar","false","false","false","MISSING","TH:electricity","false","false","","Buildings","","","",""
"TH","2030","Buildings","ResidentialFuel","biomass","DIRECT_FUEL","","","","","ResidentialFuel","EXPLICIT","","2019","","","PENDING_ACCEPTED_COUNTRY_NODE_WEIGHTS","PENDING_ACCEPTED_SHAPE_AND_PHYSICAL_WEIGHTS","false","false","FIXED","PENDING","REPRESENTATION_ACCEPTED_NUMERIC_PENDING","PENDING_FUTURE_GROWTH; no default growth or heat conversion","TH:2030:Buildings:ResidentialFuel:biomass","ResidentialFuel","true","true","false","MISSING","TH:biomass","false","false","","Buildings","","","",""
"TH","2030","Buildings","ResidentialFuel","coal","DIRECT_FUEL","","","","","ResidentialFuel","EXPLICIT","","2019","","","PENDING_ACCEPTED_COUNTRY_NODE_WEIGHTS","PENDING_ACCEPTED_SHAPE_AND_PHYSICAL_WEIGHTS","false","false","FIXED","PENDING","REPRESENTATION_ACCEPTED_NUMERIC_PENDING","PENDING_FUTURE_GROWTH; no default growth or heat conversion","TH:2030:Buildings:ResidentialFuel:coal","ResidentialFuel","true","true","false","MISSING","TH:coal","false","false","","Buildings","","","",""
"TH","2030","Buildings","ResidentialFuel","gas","DIRECT_FUEL","","","","","ResidentialFuel","EXPLICIT","","2019","","","PENDING_ACCEPTED_COUNTRY_NODE_WEIGHTS","PENDING_ACCEPTED_SHAPE_AND_PHYSICAL_WEIGHTS","false","false","FIXED","PENDING","REPRESENTATION_ACCEPTED_NUMERIC_PENDING","PENDING_FUTURE_GROWTH; no default growth or heat conversion","TH:2030:Buildings:ResidentialFuel:gas","ResidentialFuel","true","true","false","MISSING","TH:gas","false","false","","Buildings","","","",""
"TH","2030","Buildings","ResidentialFuel","oil","DIRECT_FUEL","","","","","ResidentialFuel","EXPLICIT","","2019","","","PENDING_ACCEPTED_COUNTRY_NODE_WEIGHTS","PENDING_ACCEPTED_SHAPE_AND_PHYSICAL_WEIGHTS","false","false","FIXED","PENDING","REPRESENTATION_ACCEPTED_NUMERIC_PENDING","PENDING_FUTURE_GROWTH; no default growth or heat conversion","TH:2030:Buildings:ResidentialFuel:oil","ResidentialFuel","true","true","false","MISSING","TH:oil","false","false","","Buildings","","","",""
"TH","2030","Buildings","ServicesDirectElectricity","electricity","DIRECT_ELECTRICITY","","","","Astar","ServicesDirectElectricity","EMBEDDED","","2019","","","PENDING_ACCEPTED_COUNTRY_NODE_WEIGHTS","PENDING_ACCEPTED_SHAPE_AND_PHYSICAL_WEIGHTS","true","false","FIXED","PENDING","REPRESENTATION_ACCEPTED_NUMERIC_PENDING","PENDING_FUTURE_GROWTH; separate R/S decomposition remains optional inside Astar","TH:2030:Buildings:ServicesDirectElectricity:electricity","Astar","false","false","false","MISSING","TH:electricity","false","false","","Buildings","","","",""
"TH","2030","Buildings","ServicesFuel","biomass","DIRECT_FUEL","","","","","ServicesFuel","EXPLICIT","","2019","","","PENDING_ACCEPTED_COUNTRY_NODE_WEIGHTS","PENDING_ACCEPTED_SHAPE_AND_PHYSICAL_WEIGHTS","false","false","FIXED","PENDING","REPRESENTATION_ACCEPTED_NUMERIC_PENDING","PENDING_FUTURE_GROWTH; no default growth or heat conversion","TH:2030:Buildings:ServicesFuel:biomass","ServicesFuel","true","true","false","MISSING","TH:biomass","false","false","","Buildings","","","",""
"TH","2030","Buildings","ServicesFuel","coal","DIRECT_FUEL","","","","","ServicesFuel","EXPLICIT","","2019","","","PENDING_ACCEPTED_COUNTRY_NODE_WEIGHTS","PENDING_ACCEPTED_SHAPE_AND_PHYSICAL_WEIGHTS","false","false","FIXED","PENDING","REPRESENTATION_ACCEPTED_NUMERIC_PENDING","PENDING_FUTURE_GROWTH; no default growth or heat conversion","TH:2030:Buildings:ServicesFuel:coal","ServicesFuel","true","true","false","MISSING","TH:coal","false","false","","Buildings","","","",""
"TH","2030","Buildings","ServicesFuel","gas","DIRECT_FUEL","","","","","ServicesFuel","EXPLICIT","","2019","","","PENDING_ACCEPTED_COUNTRY_NODE_WEIGHTS","PENDING_ACCEPTED_SHAPE_AND_PHYSICAL_WEIGHTS","false","false","FIXED","PENDING","REPRESENTATION_ACCEPTED_NUMERIC_PENDING","PENDING_FUTURE_GROWTH; no default growth or heat conversion","TH:2030:Buildings:ServicesFuel:gas","ServicesFuel","true","true","false","MISSING","TH:gas","false","false","","Buildings","","","",""
"TH","2030","Buildings","ServicesFuel","oil","DIRECT_FUEL","","","","","ServicesFuel","EXPLICIT","","2019","","","PENDING_ACCEPTED_COUNTRY_NODE_WEIGHTS","PENDING_ACCEPTED_SHAPE_AND_PHYSICAL_WEIGHTS","false","false","FIXED","PENDING","REPRESENTATION_ACCEPTED_NUMERIC_PENDING","PENDING_FUTURE_GROWTH; no default growth or heat conversion","TH:2030:Buildings:ServicesFuel:oil","ServicesFuel","true","true","false","MISSING","TH:oil","false","false","","Buildings","","","",""
"TH","2030","Bunker","InternationalAviationBunker","oil","BUNKER_FUEL","","","","","InternationalAviationBunker","EXPLICIT","","2019","","","PENDING_ACCEPTED_COUNTRY_NODE_WEIGHTS","PENDING_ACCEPTED_SHAPE_AND_PHYSICAL_WEIGHTS","false","false","FIXED","PENDING","REPRESENTATION_ACCEPTED_NUMERIC_PENDING","PENDING_FUTURE_GROWTH; upstream default projection not accepted","TH:2030:Bunker:InternationalAviationBunker:oil","InternationalAviationBunker","true","true","false","MISSING","TH:oil","false","false","","bunker","","","",""
"TH","2030","Bunker","InternationalShippingBunker","oil","BUNKER_FUEL","","","","","InternationalShippingBunker","EXPLICIT","","2019","","","PENDING_ACCEPTED_COUNTRY_NODE_WEIGHTS","PENDING_ACCEPTED_SHAPE_AND_PHYSICAL_WEIGHTS","false","false","FIXED","PENDING","REPRESENTATION_ACCEPTED_NUMERIC_PENDING","PENDING_FUTURE_GROWTH; upstream default projection not accepted","TH:2030:Bunker:InternationalShippingBunker:oil","InternationalShippingBunker","true","true","false","MISSING","TH:oil","false","false","","bunker","","","",""
"TH","2030","Electricity","Astar","electricity","DIRECT_ELECTRICITY","","","","","Astar","EXPLICIT","","2019","","","PENDING_ACCEPTED_COUNTRY_NODE_WEIGHTS","PENDING_ACCEPTED_SHAPE_AND_PHYSICAL_WEIGHTS","true","false","FIXED","PENDING","REPRESENTATION_ACCEPTED_NUMERIC_PENDING","FUTURE_DIRECT_ELECTRICITY_PENDING; no AEO8 generation/DemandCast/default-growth fallback","TH:2030:Electricity:Astar:electricity","Astar","true","true","false","MISSING","TH:electricity","false","false","","electricity","","","",""
"TH","2030","Industry","IndustryDirectElectricity","electricity","EMBEDDED","","","","Astar","IndustryDirectElectricity","EMBEDDED","","2019","","","PENDING_ACCEPTED_COUNTRY_NODE_WEIGHTS","PENDING_ACCEPTED_SHAPE_AND_PHYSICAL_WEIGHTS","true","false","FIXED","PENDING","REPRESENTATION_ACCEPTED_NUMERIC_PENDING","Future direct electricity remains within Astar; no separate Load; growth unaccepted","TH:2030:Industry:IndustryDirectElectricity:electricity","Astar","false","false","false","MISSING","TH:electricity","false","false","","Industry","","","",""
"TH","2030","Industry","IndustryFinalEnergy","biomass","DIRECT_FUEL","","","","","IndustryFinalEnergy","EXPLICIT","","2019","","","PENDING_ACCEPTED_COUNTRY_NODE_WEIGHTS","PENDING_ACCEPTED_SHAPE_AND_PHYSICAL_WEIGHTS","false","false","FIXED","PENDING","REPRESENTATION_ACCEPTED_NUMERIC_PENDING","PENDING_FUTURE_GROWTH; no DEFAULT or zero-growth assumption","TH:2030:Industry:IndustryFinalEnergy:biomass","IndustryFinalEnergy","true","true","false","MISSING","TH:biomass","false","false","","Industry","","","",""
"TH","2030","Industry","IndustryFinalEnergy","coal","DIRECT_FUEL","","","","","IndustryFinalEnergy","EXPLICIT","","2019","","","PENDING_ACCEPTED_COUNTRY_NODE_WEIGHTS","PENDING_ACCEPTED_SHAPE_AND_PHYSICAL_WEIGHTS","false","false","FIXED","PENDING","REPRESENTATION_ACCEPTED_NUMERIC_PENDING","PENDING_FUTURE_GROWTH; no DEFAULT or zero-growth assumption","TH:2030:Industry:IndustryFinalEnergy:coal","IndustryFinalEnergy","true","true","false","MISSING","TH:coal","false","false","","Industry","","","",""
"TH","2030","Industry","IndustryFinalEnergy","gas","DIRECT_FUEL","","","","","IndustryFinalEnergy","EXPLICIT","","2019","","","PENDING_ACCEPTED_COUNTRY_NODE_WEIGHTS","PENDING_ACCEPTED_SHAPE_AND_PHYSICAL_WEIGHTS","false","false","FIXED","PENDING","REPRESENTATION_ACCEPTED_NUMERIC_PENDING","PENDING_FUTURE_GROWTH; no DEFAULT or zero-growth assumption","TH:2030:Industry:IndustryFinalEnergy:gas","IndustryFinalEnergy","true","true","false","MISSING","TH:gas","false","false","","Industry","","","",""
"TH","2030","Industry","IndustryFinalEnergy","oil","DIRECT_FUEL","","","","","IndustryFinalEnergy","EXPLICIT","","2019","","","PENDING_ACCEPTED_COUNTRY_NODE_WEIGHTS","PENDING_ACCEPTED_SHAPE_AND_PHYSICAL_WEIGHTS","false","false","FIXED","PENDING","REPRESENTATION_ACCEPTED_NUMERIC_PENDING","PENDING_FUTURE_GROWTH; no DEFAULT or zero-growth assumption","TH:2030:Industry:IndustryFinalEnergy:oil","IndustryFinalEnergy","true","true","false","MISSING","TH:oil","false","false","","Industry","","","",""
"TH","2030","Transport","DomesticAviationFuel","oil","DIRECT_FUEL","","","","","DomesticAviationFuel","EXPLICIT","","2019","","","PENDING_ACCEPTED_COUNTRY_NODE_WEIGHTS","PENDING_ACCEPTED_SHAPE_AND_PHYSICAL_WEIGHTS","false","false","FIXED","PENDING","REPRESENTATION_ACCEPTED_NUMERIC_PENDING","PENDING_FUTURE_GROWTH; upstream default projection not accepted","TH:2030:Transport:DomesticAviationFuel:oil","DomesticAviationFuel","true","true","false","MISSING","TH:oil","false","false","","bunker","","","",""
"TH","2030","Transport","DomesticShippingFuel","oil","DIRECT_FUEL","","","","","DomesticShippingFuel","EXPLICIT","","2019","","","PENDING_ACCEPTED_COUNTRY_NODE_WEIGHTS","PENDING_ACCEPTED_SHAPE_AND_PHYSICAL_WEIGHTS","false","false","FIXED","PENDING","REPRESENTATION_ACCEPTED_NUMERIC_PENDING","PENDING_FUTURE_GROWTH; upstream default projection not accepted","TH:2030:Transport:DomesticShippingFuel:oil","DomesticShippingFuel","true","true","false","MISSING","TH:oil","false","false","","bunker","","","",""
"TH","2030","Transport","RailElectricity","electricity","EMBEDDED","","","","Astar","RailElectricity","EMBEDDED","","2019","","","PENDING_ACCEPTED_COUNTRY_NODE_WEIGHTS","PENDING_ACCEPTED_SHAPE_AND_PHYSICAL_WEIGHTS","true","false","FIXED","PENDING","REPRESENTATION_ACCEPTED_NUMERIC_PENDING","Future rail stays in Astar once; decomposition pending","TH:2030:Transport:RailElectricity:electricity","Astar","false","false","false","MISSING","TH:electricity","false","false","","Transport","","","",""
"TH","2030","Transport","RoadEVFinalElectricity","electricity","DIRECT_ELECTRICITY","","","","","RoadEVFinalElectricity","EXPLICIT","","2019","","","PENDING_ACCEPTED_COUNTRY_NODE_WEIGHTS","PENDING_ACCEPTED_SHAPE_AND_PHYSICAL_WEIGHTS","false","false","FIXED","PENDING","REPRESENTATION_ACCEPTED_NUMERIC_PENDING","External final-energy share pending; future EV excluded from future direct Astar; no kWh/km proxy","TH:2030:Transport:RoadEVFinalElectricity:electricity","RoadEVFinalElectricity","true","true","false","MISSING","TH:electricity","false","false","","Transport","","","",""
"TH","2030","Transport","RoadResidualFuel","biomass","DIRECT_FUEL","","","","","RoadResidualFuel","EXPLICIT","","2019","","","PENDING_ACCEPTED_COUNTRY_NODE_WEIGHTS","PENDING_ACCEPTED_SHAPE_AND_PHYSICAL_WEIGHTS","false","false","FIXED","PENDING","REPRESENTATION_ACCEPTED_NUMERIC_PENDING","PENDING_FUTURE_GROWTH_AND_EV_ENERGY_PATH; carrier vector retained","TH:2030:Transport:RoadResidualFuel:biomass","RoadResidualFuel","true","true","false","MISSING","TH:biomass","false","false","","Transport","","","",""
"TH","2030","Transport","RoadResidualFuel","gas","DIRECT_FUEL","","","","","RoadResidualFuel","EXPLICIT","","2019","","","PENDING_ACCEPTED_COUNTRY_NODE_WEIGHTS","PENDING_ACCEPTED_SHAPE_AND_PHYSICAL_WEIGHTS","false","false","FIXED","PENDING","REPRESENTATION_ACCEPTED_NUMERIC_PENDING","PENDING_FUTURE_GROWTH_AND_EV_ENERGY_PATH; carrier vector retained","TH:2030:Transport:RoadResidualFuel:gas","RoadResidualFuel","true","true","false","MISSING","TH:gas","false","false","","Transport","","","",""
"TH","2030","Transport","RoadResidualFuel","oil","DIRECT_FUEL","","","","","RoadResidualFuel","EXPLICIT","","2019","","","PENDING_ACCEPTED_COUNTRY_NODE_WEIGHTS","PENDING_ACCEPTED_SHAPE_AND_PHYSICAL_WEIGHTS","false","false","FIXED","PENDING","REPRESENTATION_ACCEPTED_NUMERIC_PENDING","PENDING_FUTURE_GROWTH_AND_EV_ENERGY_PATH; carrier vector retained","TH:2030:Transport:RoadResidualFuel:oil","RoadResidualFuel","true","true","false","MISSING","TH:oil","false","false","","Transport","","","",""
"TH","2030","Transport","TransportEmbeddedFuelParent","unclassified_fuel","UNCLASSIFIED","","","","","TransportEmbeddedFuelParent","EXPLICIT","","2019","","","PENDING_ACCEPTED_COUNTRY_NODE_WEIGHTS","PENDING_ACCEPTED_SHAPE_AND_PHYSICAL_WEIGHTS","false","false","FIXED","PENDING","REPRESENTATION_ACCEPTED_NUMERIC_PENDING","Rail fuel remains within one pending transport fuel parent; no duplicate rail Load","TH:2030:Transport:TransportEmbeddedFuelParent:unclassified_fuel","TransportEmbeddedFuelParent","true","true","false","MISSING","","false","false","","Transport","","","",""
"TH","2040","Agriculture","AgricultureDirectElectricity","electricity","EMBEDDED","","","","Astar","AgricultureDirectElectricity","EMBEDDED","","2019","","","PENDING_ACCEPTED_COUNTRY_NODE_WEIGHTS","PENDING_ACCEPTED_SHAPE_AND_PHYSICAL_WEIGHTS","true","false","FIXED","PENDING","REPRESENTATION_ACCEPTED_NUMERIC_PENDING","Future direct electricity remains within Astar; no separate Load; growth unaccepted","TH:2040:Agriculture:AgricultureDirectElectricity:electricity","Astar","false","false","false","MISSING","TH:electricity","false","false","","Agriculture","","","",""
"TH","2040","Agriculture","AgricultureFinalEnergy","biomass","DIRECT_FUEL","","","","","AgricultureFinalEnergy","EXPLICIT","","2019","","","PENDING_ACCEPTED_COUNTRY_NODE_WEIGHTS","PENDING_ACCEPTED_SHAPE_AND_PHYSICAL_WEIGHTS","false","false","FIXED","PENDING","REPRESENTATION_ACCEPTED_NUMERIC_PENDING","PENDING_FUTURE_GROWTH; no DEFAULT or zero-growth assumption","TH:2040:Agriculture:AgricultureFinalEnergy:biomass","AgricultureFinalEnergy","true","true","false","MISSING","TH:biomass","false","false","","Agriculture","","","",""
"TH","2040","Agriculture","AgricultureFinalEnergy","coal","DIRECT_FUEL","","","","","AgricultureFinalEnergy","EXPLICIT","","2019","","","PENDING_ACCEPTED_COUNTRY_NODE_WEIGHTS","PENDING_ACCEPTED_SHAPE_AND_PHYSICAL_WEIGHTS","false","false","FIXED","PENDING","REPRESENTATION_ACCEPTED_NUMERIC_PENDING","PENDING_FUTURE_GROWTH; no DEFAULT or zero-growth assumption","TH:2040:Agriculture:AgricultureFinalEnergy:coal","AgricultureFinalEnergy","true","true","false","MISSING","TH:coal","false","false","","Agriculture","","","",""
"TH","2040","Agriculture","AgricultureFinalEnergy","oil","DIRECT_FUEL","","","","","AgricultureFinalEnergy","EXPLICIT","","2019","","","PENDING_ACCEPTED_COUNTRY_NODE_WEIGHTS","PENDING_ACCEPTED_SHAPE_AND_PHYSICAL_WEIGHTS","false","false","FIXED","PENDING","REPRESENTATION_ACCEPTED_NUMERIC_PENDING","PENDING_FUTURE_GROWTH; no DEFAULT or zero-growth assumption","TH:2040:Agriculture:AgricultureFinalEnergy:oil","AgricultureFinalEnergy","true","true","false","MISSING","TH:oil","false","false","","Agriculture","","","",""
"TH","2040","Buildings","ResidentialDirectElectricity","electricity","DIRECT_ELECTRICITY","","","","Astar","ResidentialDirectElectricity","EMBEDDED","","2019","","","PENDING_ACCEPTED_COUNTRY_NODE_WEIGHTS","PENDING_ACCEPTED_SHAPE_AND_PHYSICAL_WEIGHTS","true","false","FIXED","PENDING","REPRESENTATION_ACCEPTED_NUMERIC_PENDING","PENDING_FUTURE_GROWTH; separate R/S decomposition remains optional inside Astar","TH:2040:Buildings:ResidentialDirectElectricity:electricity","Astar","false","false","false","MISSING","TH:electricity","false","false","","Buildings","","","",""
"TH","2040","Buildings","ResidentialFuel","biomass","DIRECT_FUEL","","","","","ResidentialFuel","EXPLICIT","","2019","","","PENDING_ACCEPTED_COUNTRY_NODE_WEIGHTS","PENDING_ACCEPTED_SHAPE_AND_PHYSICAL_WEIGHTS","false","false","FIXED","PENDING","REPRESENTATION_ACCEPTED_NUMERIC_PENDING","PENDING_FUTURE_GROWTH; no default growth or heat conversion","TH:2040:Buildings:ResidentialFuel:biomass","ResidentialFuel","true","true","false","MISSING","TH:biomass","false","false","","Buildings","","","",""
"TH","2040","Buildings","ResidentialFuel","coal","DIRECT_FUEL","","","","","ResidentialFuel","EXPLICIT","","2019","","","PENDING_ACCEPTED_COUNTRY_NODE_WEIGHTS","PENDING_ACCEPTED_SHAPE_AND_PHYSICAL_WEIGHTS","false","false","FIXED","PENDING","REPRESENTATION_ACCEPTED_NUMERIC_PENDING","PENDING_FUTURE_GROWTH; no default growth or heat conversion","TH:2040:Buildings:ResidentialFuel:coal","ResidentialFuel","true","true","false","MISSING","TH:coal","false","false","","Buildings","","","",""
"TH","2040","Buildings","ResidentialFuel","gas","DIRECT_FUEL","","","","","ResidentialFuel","EXPLICIT","","2019","","","PENDING_ACCEPTED_COUNTRY_NODE_WEIGHTS","PENDING_ACCEPTED_SHAPE_AND_PHYSICAL_WEIGHTS","false","false","FIXED","PENDING","REPRESENTATION_ACCEPTED_NUMERIC_PENDING","PENDING_FUTURE_GROWTH; no default growth or heat conversion","TH:2040:Buildings:ResidentialFuel:gas","ResidentialFuel","true","true","false","MISSING","TH:gas","false","false","","Buildings","","","",""
"TH","2040","Buildings","ResidentialFuel","oil","DIRECT_FUEL","","","","","ResidentialFuel","EXPLICIT","","2019","","","PENDING_ACCEPTED_COUNTRY_NODE_WEIGHTS","PENDING_ACCEPTED_SHAPE_AND_PHYSICAL_WEIGHTS","false","false","FIXED","PENDING","REPRESENTATION_ACCEPTED_NUMERIC_PENDING","PENDING_FUTURE_GROWTH; no default growth or heat conversion","TH:2040:Buildings:ResidentialFuel:oil","ResidentialFuel","true","true","false","MISSING","TH:oil","false","false","","Buildings","","","",""
"TH","2040","Buildings","ServicesDirectElectricity","electricity","DIRECT_ELECTRICITY","","","","Astar","ServicesDirectElectricity","EMBEDDED","","2019","","","PENDING_ACCEPTED_COUNTRY_NODE_WEIGHTS","PENDING_ACCEPTED_SHAPE_AND_PHYSICAL_WEIGHTS","true","false","FIXED","PENDING","REPRESENTATION_ACCEPTED_NUMERIC_PENDING","PENDING_FUTURE_GROWTH; separate R/S decomposition remains optional inside Astar","TH:2040:Buildings:ServicesDirectElectricity:electricity","Astar","false","false","false","MISSING","TH:electricity","false","false","","Buildings","","","",""
"TH","2040","Buildings","ServicesFuel","biomass","DIRECT_FUEL","","","","","ServicesFuel","EXPLICIT","","2019","","","PENDING_ACCEPTED_COUNTRY_NODE_WEIGHTS","PENDING_ACCEPTED_SHAPE_AND_PHYSICAL_WEIGHTS","false","false","FIXED","PENDING","REPRESENTATION_ACCEPTED_NUMERIC_PENDING","PENDING_FUTURE_GROWTH; no default growth or heat conversion","TH:2040:Buildings:ServicesFuel:biomass","ServicesFuel","true","true","false","MISSING","TH:biomass","false","false","","Buildings","","","",""
"TH","2040","Buildings","ServicesFuel","coal","DIRECT_FUEL","","","","","ServicesFuel","EXPLICIT","","2019","","","PENDING_ACCEPTED_COUNTRY_NODE_WEIGHTS","PENDING_ACCEPTED_SHAPE_AND_PHYSICAL_WEIGHTS","false","false","FIXED","PENDING","REPRESENTATION_ACCEPTED_NUMERIC_PENDING","PENDING_FUTURE_GROWTH; no default growth or heat conversion","TH:2040:Buildings:ServicesFuel:coal","ServicesFuel","true","true","false","MISSING","TH:coal","false","false","","Buildings","","","",""
"TH","2040","Buildings","ServicesFuel","gas","DIRECT_FUEL","","","","","ServicesFuel","EXPLICIT","","2019","","","PENDING_ACCEPTED_COUNTRY_NODE_WEIGHTS","PENDING_ACCEPTED_SHAPE_AND_PHYSICAL_WEIGHTS","false","false","FIXED","PENDING","REPRESENTATION_ACCEPTED_NUMERIC_PENDING","PENDING_FUTURE_GROWTH; no default growth or heat conversion","TH:2040:Buildings:ServicesFuel:gas","ServicesFuel","true","true","false","MISSING","TH:gas","false","false","","Buildings","","","",""
"TH","2040","Buildings","ServicesFuel","oil","DIRECT_FUEL","","","","","ServicesFuel","EXPLICIT","","2019","","","PENDING_ACCEPTED_COUNTRY_NODE_WEIGHTS","PENDING_ACCEPTED_SHAPE_AND_PHYSICAL_WEIGHTS","false","false","FIXED","PENDING","REPRESENTATION_ACCEPTED_NUMERIC_PENDING","PENDING_FUTURE_GROWTH; no default growth or heat conversion","TH:2040:Buildings:ServicesFuel:oil","ServicesFuel","true","true","false","MISSING","TH:oil","false","false","","Buildings","","","",""
"TH","2040","Bunker","InternationalAviationBunker","oil","BUNKER_FUEL","","","","","InternationalAviationBunker","EXPLICIT","","2019","","","PENDING_ACCEPTED_COUNTRY_NODE_WEIGHTS","PENDING_ACCEPTED_SHAPE_AND_PHYSICAL_WEIGHTS","false","false","FIXED","PENDING","REPRESENTATION_ACCEPTED_NUMERIC_PENDING","PENDING_FUTURE_GROWTH; upstream default projection not accepted","TH:2040:Bunker:InternationalAviationBunker:oil","InternationalAviationBunker","true","true","false","MISSING","TH:oil","false","false","","bunker","","","",""
"TH","2040","Bunker","InternationalShippingBunker","oil","BUNKER_FUEL","","","","","InternationalShippingBunker","EXPLICIT","","2019","","","PENDING_ACCEPTED_COUNTRY_NODE_WEIGHTS","PENDING_ACCEPTED_SHAPE_AND_PHYSICAL_WEIGHTS","false","false","FIXED","PENDING","REPRESENTATION_ACCEPTED_NUMERIC_PENDING","PENDING_FUTURE_GROWTH; upstream default projection not accepted","TH:2040:Bunker:InternationalShippingBunker:oil","InternationalShippingBunker","true","true","false","MISSING","TH:oil","false","false","","bunker","","","",""
"TH","2040","Electricity","Astar","electricity","DIRECT_ELECTRICITY","","","","","Astar","EXPLICIT","","2019","","","PENDING_ACCEPTED_COUNTRY_NODE_WEIGHTS","PENDING_ACCEPTED_SHAPE_AND_PHYSICAL_WEIGHTS","true","false","FIXED","PENDING","REPRESENTATION_ACCEPTED_NUMERIC_PENDING","FUTURE_DIRECT_ELECTRICITY_PENDING; no AEO8 generation/DemandCast/default-growth fallback","TH:2040:Electricity:Astar:electricity","Astar","true","true","false","MISSING","TH:electricity","false","false","","electricity","","","",""
"TH","2040","Industry","IndustryDirectElectricity","electricity","EMBEDDED","","","","Astar","IndustryDirectElectricity","EMBEDDED","","2019","","","PENDING_ACCEPTED_COUNTRY_NODE_WEIGHTS","PENDING_ACCEPTED_SHAPE_AND_PHYSICAL_WEIGHTS","true","false","FIXED","PENDING","REPRESENTATION_ACCEPTED_NUMERIC_PENDING","Future direct electricity remains within Astar; no separate Load; growth unaccepted","TH:2040:Industry:IndustryDirectElectricity:electricity","Astar","false","false","false","MISSING","TH:electricity","false","false","","Industry","","","",""
"TH","2040","Industry","IndustryFinalEnergy","biomass","DIRECT_FUEL","","","","","IndustryFinalEnergy","EXPLICIT","","2019","","","PENDING_ACCEPTED_COUNTRY_NODE_WEIGHTS","PENDING_ACCEPTED_SHAPE_AND_PHYSICAL_WEIGHTS","false","false","FIXED","PENDING","REPRESENTATION_ACCEPTED_NUMERIC_PENDING","PENDING_FUTURE_GROWTH; no DEFAULT or zero-growth assumption","TH:2040:Industry:IndustryFinalEnergy:biomass","IndustryFinalEnergy","true","true","false","MISSING","TH:biomass","false","false","","Industry","","","",""
"TH","2040","Industry","IndustryFinalEnergy","coal","DIRECT_FUEL","","","","","IndustryFinalEnergy","EXPLICIT","","2019","","","PENDING_ACCEPTED_COUNTRY_NODE_WEIGHTS","PENDING_ACCEPTED_SHAPE_AND_PHYSICAL_WEIGHTS","false","false","FIXED","PENDING","REPRESENTATION_ACCEPTED_NUMERIC_PENDING","PENDING_FUTURE_GROWTH; no DEFAULT or zero-growth assumption","TH:2040:Industry:IndustryFinalEnergy:coal","IndustryFinalEnergy","true","true","false","MISSING","TH:coal","false","false","","Industry","","","",""
"TH","2040","Industry","IndustryFinalEnergy","gas","DIRECT_FUEL","","","","","IndustryFinalEnergy","EXPLICIT","","2019","","","PENDING_ACCEPTED_COUNTRY_NODE_WEIGHTS","PENDING_ACCEPTED_SHAPE_AND_PHYSICAL_WEIGHTS","false","false","FIXED","PENDING","REPRESENTATION_ACCEPTED_NUMERIC_PENDING","PENDING_FUTURE_GROWTH; no DEFAULT or zero-growth assumption","TH:2040:Industry:IndustryFinalEnergy:gas","IndustryFinalEnergy","true","true","false","MISSING","TH:gas","false","false","","Industry","","","",""
"TH","2040","Industry","IndustryFinalEnergy","oil","DIRECT_FUEL","","","","","IndustryFinalEnergy","EXPLICIT","","2019","","","PENDING_ACCEPTED_COUNTRY_NODE_WEIGHTS","PENDING_ACCEPTED_SHAPE_AND_PHYSICAL_WEIGHTS","false","false","FIXED","PENDING","REPRESENTATION_ACCEPTED_NUMERIC_PENDING","PENDING_FUTURE_GROWTH; no DEFAULT or zero-growth assumption","TH:2040:Industry:IndustryFinalEnergy:oil","IndustryFinalEnergy","true","true","false","MISSING","TH:oil","false","false","","Industry","","","",""
"TH","2040","Transport","DomesticAviationFuel","oil","DIRECT_FUEL","","","","","DomesticAviationFuel","EXPLICIT","","2019","","","PENDING_ACCEPTED_COUNTRY_NODE_WEIGHTS","PENDING_ACCEPTED_SHAPE_AND_PHYSICAL_WEIGHTS","false","false","FIXED","PENDING","REPRESENTATION_ACCEPTED_NUMERIC_PENDING","PENDING_FUTURE_GROWTH; upstream default projection not accepted","TH:2040:Transport:DomesticAviationFuel:oil","DomesticAviationFuel","true","true","false","MISSING","TH:oil","false","false","","bunker","","","",""
"TH","2040","Transport","DomesticShippingFuel","oil","DIRECT_FUEL","","","","","DomesticShippingFuel","EXPLICIT","","2019","","","PENDING_ACCEPTED_COUNTRY_NODE_WEIGHTS","PENDING_ACCEPTED_SHAPE_AND_PHYSICAL_WEIGHTS","false","false","FIXED","PENDING","REPRESENTATION_ACCEPTED_NUMERIC_PENDING","PENDING_FUTURE_GROWTH; upstream default projection not accepted","TH:2040:Transport:DomesticShippingFuel:oil","DomesticShippingFuel","true","true","false","MISSING","TH:oil","false","false","","bunker","","","",""
"TH","2040","Transport","RailElectricity","electricity","EMBEDDED","","","","Astar","RailElectricity","EMBEDDED","","2019","","","PENDING_ACCEPTED_COUNTRY_NODE_WEIGHTS","PENDING_ACCEPTED_SHAPE_AND_PHYSICAL_WEIGHTS","true","false","FIXED","PENDING","REPRESENTATION_ACCEPTED_NUMERIC_PENDING","Future rail stays in Astar once; decomposition pending","TH:2040:Transport:RailElectricity:electricity","Astar","false","false","false","MISSING","TH:electricity","false","false","","Transport","","","",""
"TH","2040","Transport","RoadEVFinalElectricity","electricity","DIRECT_ELECTRICITY","","","","","RoadEVFinalElectricity","EXPLICIT","","2019","","","PENDING_ACCEPTED_COUNTRY_NODE_WEIGHTS","PENDING_ACCEPTED_SHAPE_AND_PHYSICAL_WEIGHTS","false","false","FIXED","PENDING","REPRESENTATION_ACCEPTED_NUMERIC_PENDING","External final-energy share pending; future EV excluded from future direct Astar; no kWh/km proxy","TH:2040:Transport:RoadEVFinalElectricity:electricity","RoadEVFinalElectricity","true","true","false","MISSING","TH:electricity","false","false","","Transport","","","",""
"TH","2040","Transport","RoadResidualFuel","biomass","DIRECT_FUEL","","","","","RoadResidualFuel","EXPLICIT","","2019","","","PENDING_ACCEPTED_COUNTRY_NODE_WEIGHTS","PENDING_ACCEPTED_SHAPE_AND_PHYSICAL_WEIGHTS","false","false","FIXED","PENDING","REPRESENTATION_ACCEPTED_NUMERIC_PENDING","PENDING_FUTURE_GROWTH_AND_EV_ENERGY_PATH; carrier vector retained","TH:2040:Transport:RoadResidualFuel:biomass","RoadResidualFuel","true","true","false","MISSING","TH:biomass","false","false","","Transport","","","",""
"TH","2040","Transport","RoadResidualFuel","gas","DIRECT_FUEL","","","","","RoadResidualFuel","EXPLICIT","","2019","","","PENDING_ACCEPTED_COUNTRY_NODE_WEIGHTS","PENDING_ACCEPTED_SHAPE_AND_PHYSICAL_WEIGHTS","false","false","FIXED","PENDING","REPRESENTATION_ACCEPTED_NUMERIC_PENDING","PENDING_FUTURE_GROWTH_AND_EV_ENERGY_PATH; carrier vector retained","TH:2040:Transport:RoadResidualFuel:gas","RoadResidualFuel","true","true","false","MISSING","TH:gas","false","false","","Transport","","","",""
"TH","2040","Transport","RoadResidualFuel","oil","DIRECT_FUEL","","","","","RoadResidualFuel","EXPLICIT","","2019","","","PENDING_ACCEPTED_COUNTRY_NODE_WEIGHTS","PENDING_ACCEPTED_SHAPE_AND_PHYSICAL_WEIGHTS","false","false","FIXED","PENDING","REPRESENTATION_ACCEPTED_NUMERIC_PENDING","PENDING_FUTURE_GROWTH_AND_EV_ENERGY_PATH; carrier vector retained","TH:2040:Transport:RoadResidualFuel:oil","RoadResidualFuel","true","true","false","MISSING","TH:oil","false","false","","Transport","","","",""
"TH","2040","Transport","TransportEmbeddedFuelParent","unclassified_fuel","UNCLASSIFIED","","","","","TransportEmbeddedFuelParent","EXPLICIT","","2019","","","PENDING_ACCEPTED_COUNTRY_NODE_WEIGHTS","PENDING_ACCEPTED_SHAPE_AND_PHYSICAL_WEIGHTS","false","false","FIXED","PENDING","REPRESENTATION_ACCEPTED_NUMERIC_PENDING","Rail fuel remains within one pending transport fuel parent; no duplicate rail Load","TH:2040:Transport:TransportEmbeddedFuelParent:unclassified_fuel","TransportEmbeddedFuelParent","true","true","false","MISSING","","false","false","","Transport","","","",""
"TH","2050","Agriculture","AgricultureDirectElectricity","electricity","EMBEDDED","","","","Astar","AgricultureDirectElectricity","EMBEDDED","","2019","","","PENDING_ACCEPTED_COUNTRY_NODE_WEIGHTS","PENDING_ACCEPTED_SHAPE_AND_PHYSICAL_WEIGHTS","true","false","FIXED","PENDING","REPRESENTATION_ACCEPTED_NUMERIC_PENDING","Future direct electricity remains within Astar; no separate Load; growth unaccepted","TH:2050:Agriculture:AgricultureDirectElectricity:electricity","Astar","false","false","false","MISSING","TH:electricity","false","false","","Agriculture","","","",""
"TH","2050","Agriculture","AgricultureFinalEnergy","biomass","DIRECT_FUEL","","","","","AgricultureFinalEnergy","EXPLICIT","","2019","","","PENDING_ACCEPTED_COUNTRY_NODE_WEIGHTS","PENDING_ACCEPTED_SHAPE_AND_PHYSICAL_WEIGHTS","false","false","FIXED","PENDING","REPRESENTATION_ACCEPTED_NUMERIC_PENDING","PENDING_FUTURE_GROWTH; no DEFAULT or zero-growth assumption","TH:2050:Agriculture:AgricultureFinalEnergy:biomass","AgricultureFinalEnergy","true","true","false","MISSING","TH:biomass","false","false","","Agriculture","","","",""
"TH","2050","Agriculture","AgricultureFinalEnergy","coal","DIRECT_FUEL","","","","","AgricultureFinalEnergy","EXPLICIT","","2019","","","PENDING_ACCEPTED_COUNTRY_NODE_WEIGHTS","PENDING_ACCEPTED_SHAPE_AND_PHYSICAL_WEIGHTS","false","false","FIXED","PENDING","REPRESENTATION_ACCEPTED_NUMERIC_PENDING","PENDING_FUTURE_GROWTH; no DEFAULT or zero-growth assumption","TH:2050:Agriculture:AgricultureFinalEnergy:coal","AgricultureFinalEnergy","true","true","false","MISSING","TH:coal","false","false","","Agriculture","","","",""
"TH","2050","Agriculture","AgricultureFinalEnergy","oil","DIRECT_FUEL","","","","","AgricultureFinalEnergy","EXPLICIT","","2019","","","PENDING_ACCEPTED_COUNTRY_NODE_WEIGHTS","PENDING_ACCEPTED_SHAPE_AND_PHYSICAL_WEIGHTS","false","false","FIXED","PENDING","REPRESENTATION_ACCEPTED_NUMERIC_PENDING","PENDING_FUTURE_GROWTH; no DEFAULT or zero-growth assumption","TH:2050:Agriculture:AgricultureFinalEnergy:oil","AgricultureFinalEnergy","true","true","false","MISSING","TH:oil","false","false","","Agriculture","","","",""
"TH","2050","Buildings","ResidentialDirectElectricity","electricity","DIRECT_ELECTRICITY","","","","Astar","ResidentialDirectElectricity","EMBEDDED","","2019","","","PENDING_ACCEPTED_COUNTRY_NODE_WEIGHTS","PENDING_ACCEPTED_SHAPE_AND_PHYSICAL_WEIGHTS","true","false","FIXED","PENDING","REPRESENTATION_ACCEPTED_NUMERIC_PENDING","PENDING_FUTURE_GROWTH; separate R/S decomposition remains optional inside Astar","TH:2050:Buildings:ResidentialDirectElectricity:electricity","Astar","false","false","false","MISSING","TH:electricity","false","false","","Buildings","","","",""
"TH","2050","Buildings","ResidentialFuel","biomass","DIRECT_FUEL","","","","","ResidentialFuel","EXPLICIT","","2019","","","PENDING_ACCEPTED_COUNTRY_NODE_WEIGHTS","PENDING_ACCEPTED_SHAPE_AND_PHYSICAL_WEIGHTS","false","false","FIXED","PENDING","REPRESENTATION_ACCEPTED_NUMERIC_PENDING","PENDING_FUTURE_GROWTH; no default growth or heat conversion","TH:2050:Buildings:ResidentialFuel:biomass","ResidentialFuel","true","true","false","MISSING","TH:biomass","false","false","","Buildings","","","",""
"TH","2050","Buildings","ResidentialFuel","coal","DIRECT_FUEL","","","","","ResidentialFuel","EXPLICIT","","2019","","","PENDING_ACCEPTED_COUNTRY_NODE_WEIGHTS","PENDING_ACCEPTED_SHAPE_AND_PHYSICAL_WEIGHTS","false","false","FIXED","PENDING","REPRESENTATION_ACCEPTED_NUMERIC_PENDING","PENDING_FUTURE_GROWTH; no default growth or heat conversion","TH:2050:Buildings:ResidentialFuel:coal","ResidentialFuel","true","true","false","MISSING","TH:coal","false","false","","Buildings","","","",""
"TH","2050","Buildings","ResidentialFuel","gas","DIRECT_FUEL","","","","","ResidentialFuel","EXPLICIT","","2019","","","PENDING_ACCEPTED_COUNTRY_NODE_WEIGHTS","PENDING_ACCEPTED_SHAPE_AND_PHYSICAL_WEIGHTS","false","false","FIXED","PENDING","REPRESENTATION_ACCEPTED_NUMERIC_PENDING","PENDING_FUTURE_GROWTH; no default growth or heat conversion","TH:2050:Buildings:ResidentialFuel:gas","ResidentialFuel","true","true","false","MISSING","TH:gas","false","false","","Buildings","","","",""
"TH","2050","Buildings","ResidentialFuel","oil","DIRECT_FUEL","","","","","ResidentialFuel","EXPLICIT","","2019","","","PENDING_ACCEPTED_COUNTRY_NODE_WEIGHTS","PENDING_ACCEPTED_SHAPE_AND_PHYSICAL_WEIGHTS","false","false","FIXED","PENDING","REPRESENTATION_ACCEPTED_NUMERIC_PENDING","PENDING_FUTURE_GROWTH; no default growth or heat conversion","TH:2050:Buildings:ResidentialFuel:oil","ResidentialFuel","true","true","false","MISSING","TH:oil","false","false","","Buildings","","","",""
"TH","2050","Buildings","ServicesDirectElectricity","electricity","DIRECT_ELECTRICITY","","","","Astar","ServicesDirectElectricity","EMBEDDED","","2019","","","PENDING_ACCEPTED_COUNTRY_NODE_WEIGHTS","PENDING_ACCEPTED_SHAPE_AND_PHYSICAL_WEIGHTS","true","false","FIXED","PENDING","REPRESENTATION_ACCEPTED_NUMERIC_PENDING","PENDING_FUTURE_GROWTH; separate R/S decomposition remains optional inside Astar","TH:2050:Buildings:ServicesDirectElectricity:electricity","Astar","false","false","false","MISSING","TH:electricity","false","false","","Buildings","","","",""
"TH","2050","Buildings","ServicesFuel","biomass","DIRECT_FUEL","","","","","ServicesFuel","EXPLICIT","","2019","","","PENDING_ACCEPTED_COUNTRY_NODE_WEIGHTS","PENDING_ACCEPTED_SHAPE_AND_PHYSICAL_WEIGHTS","false","false","FIXED","PENDING","REPRESENTATION_ACCEPTED_NUMERIC_PENDING","PENDING_FUTURE_GROWTH; no default growth or heat conversion","TH:2050:Buildings:ServicesFuel:biomass","ServicesFuel","true","true","false","MISSING","TH:biomass","false","false","","Buildings","","","",""
"TH","2050","Buildings","ServicesFuel","coal","DIRECT_FUEL","","","","","ServicesFuel","EXPLICIT","","2019","","","PENDING_ACCEPTED_COUNTRY_NODE_WEIGHTS","PENDING_ACCEPTED_SHAPE_AND_PHYSICAL_WEIGHTS","false","false","FIXED","PENDING","REPRESENTATION_ACCEPTED_NUMERIC_PENDING","PENDING_FUTURE_GROWTH; no default growth or heat conversion","TH:2050:Buildings:ServicesFuel:coal","ServicesFuel","true","true","false","MISSING","TH:coal","false","false","","Buildings","","","",""
"TH","2050","Buildings","ServicesFuel","gas","DIRECT_FUEL","","","","","ServicesFuel","EXPLICIT","","2019","","","PENDING_ACCEPTED_COUNTRY_NODE_WEIGHTS","PENDING_ACCEPTED_SHAPE_AND_PHYSICAL_WEIGHTS","false","false","FIXED","PENDING","REPRESENTATION_ACCEPTED_NUMERIC_PENDING","PENDING_FUTURE_GROWTH; no default growth or heat conversion","TH:2050:Buildings:ServicesFuel:gas","ServicesFuel","true","true","false","MISSING","TH:gas","false","false","","Buildings","","","",""
"TH","2050","Buildings","ServicesFuel","oil","DIRECT_FUEL","","","","","ServicesFuel","EXPLICIT","","2019","","","PENDING_ACCEPTED_COUNTRY_NODE_WEIGHTS","PENDING_ACCEPTED_SHAPE_AND_PHYSICAL_WEIGHTS","false","false","FIXED","PENDING","REPRESENTATION_ACCEPTED_NUMERIC_PENDING","PENDING_FUTURE_GROWTH; no default growth or heat conversion","TH:2050:Buildings:ServicesFuel:oil","ServicesFuel","true","true","false","MISSING","TH:oil","false","false","","Buildings","","","",""
"TH","2050","Bunker","InternationalAviationBunker","oil","BUNKER_FUEL","","","","","InternationalAviationBunker","EXPLICIT","","2019","","","PENDING_ACCEPTED_COUNTRY_NODE_WEIGHTS","PENDING_ACCEPTED_SHAPE_AND_PHYSICAL_WEIGHTS","false","false","FIXED","PENDING","REPRESENTATION_ACCEPTED_NUMERIC_PENDING","PENDING_FUTURE_GROWTH; upstream default projection not accepted","TH:2050:Bunker:InternationalAviationBunker:oil","InternationalAviationBunker","true","true","false","MISSING","TH:oil","false","false","","bunker","","","",""
"TH","2050","Bunker","InternationalShippingBunker","oil","BUNKER_FUEL","","","","","InternationalShippingBunker","EXPLICIT","","2019","","","PENDING_ACCEPTED_COUNTRY_NODE_WEIGHTS","PENDING_ACCEPTED_SHAPE_AND_PHYSICAL_WEIGHTS","false","false","FIXED","PENDING","REPRESENTATION_ACCEPTED_NUMERIC_PENDING","PENDING_FUTURE_GROWTH; upstream default projection not accepted","TH:2050:Bunker:InternationalShippingBunker:oil","InternationalShippingBunker","true","true","false","MISSING","TH:oil","false","false","","bunker","","","",""
"TH","2050","Electricity","Astar","electricity","DIRECT_ELECTRICITY","","","","","Astar","EXPLICIT","","2019","","","PENDING_ACCEPTED_COUNTRY_NODE_WEIGHTS","PENDING_ACCEPTED_SHAPE_AND_PHYSICAL_WEIGHTS","true","false","FIXED","PENDING","REPRESENTATION_ACCEPTED_NUMERIC_PENDING","FUTURE_DIRECT_ELECTRICITY_PENDING; no AEO8 generation/DemandCast/default-growth fallback","TH:2050:Electricity:Astar:electricity","Astar","true","true","false","MISSING","TH:electricity","false","false","","electricity","","","",""
"TH","2050","Industry","IndustryDirectElectricity","electricity","EMBEDDED","","","","Astar","IndustryDirectElectricity","EMBEDDED","","2019","","","PENDING_ACCEPTED_COUNTRY_NODE_WEIGHTS","PENDING_ACCEPTED_SHAPE_AND_PHYSICAL_WEIGHTS","true","false","FIXED","PENDING","REPRESENTATION_ACCEPTED_NUMERIC_PENDING","Future direct electricity remains within Astar; no separate Load; growth unaccepted","TH:2050:Industry:IndustryDirectElectricity:electricity","Astar","false","false","false","MISSING","TH:electricity","false","false","","Industry","","","",""
"TH","2050","Industry","IndustryFinalEnergy","biomass","DIRECT_FUEL","","","","","IndustryFinalEnergy","EXPLICIT","","2019","","","PENDING_ACCEPTED_COUNTRY_NODE_WEIGHTS","PENDING_ACCEPTED_SHAPE_AND_PHYSICAL_WEIGHTS","false","false","FIXED","PENDING","REPRESENTATION_ACCEPTED_NUMERIC_PENDING","PENDING_FUTURE_GROWTH; no DEFAULT or zero-growth assumption","TH:2050:Industry:IndustryFinalEnergy:biomass","IndustryFinalEnergy","true","true","false","MISSING","TH:biomass","false","false","","Industry","","","",""
"TH","2050","Industry","IndustryFinalEnergy","coal","DIRECT_FUEL","","","","","IndustryFinalEnergy","EXPLICIT","","2019","","","PENDING_ACCEPTED_COUNTRY_NODE_WEIGHTS","PENDING_ACCEPTED_SHAPE_AND_PHYSICAL_WEIGHTS","false","false","FIXED","PENDING","REPRESENTATION_ACCEPTED_NUMERIC_PENDING","PENDING_FUTURE_GROWTH; no DEFAULT or zero-growth assumption","TH:2050:Industry:IndustryFinalEnergy:coal","IndustryFinalEnergy","true","true","false","MISSING","TH:coal","false","false","","Industry","","","",""
"TH","2050","Industry","IndustryFinalEnergy","gas","DIRECT_FUEL","","","","","IndustryFinalEnergy","EXPLICIT","","2019","","","PENDING_ACCEPTED_COUNTRY_NODE_WEIGHTS","PENDING_ACCEPTED_SHAPE_AND_PHYSICAL_WEIGHTS","false","false","FIXED","PENDING","REPRESENTATION_ACCEPTED_NUMERIC_PENDING","PENDING_FUTURE_GROWTH; no DEFAULT or zero-growth assumption","TH:2050:Industry:IndustryFinalEnergy:gas","IndustryFinalEnergy","true","true","false","MISSING","TH:gas","false","false","","Industry","","","",""
"TH","2050","Industry","IndustryFinalEnergy","oil","DIRECT_FUEL","","","","","IndustryFinalEnergy","EXPLICIT","","2019","","","PENDING_ACCEPTED_COUNTRY_NODE_WEIGHTS","PENDING_ACCEPTED_SHAPE_AND_PHYSICAL_WEIGHTS","false","false","FIXED","PENDING","REPRESENTATION_ACCEPTED_NUMERIC_PENDING","PENDING_FUTURE_GROWTH; no DEFAULT or zero-growth assumption","TH:2050:Industry:IndustryFinalEnergy:oil","IndustryFinalEnergy","true","true","false","MISSING","TH:oil","false","false","","Industry","","","",""
"TH","2050","Transport","DomesticAviationFuel","oil","DIRECT_FUEL","","","","","DomesticAviationFuel","EXPLICIT","","2019","","","PENDING_ACCEPTED_COUNTRY_NODE_WEIGHTS","PENDING_ACCEPTED_SHAPE_AND_PHYSICAL_WEIGHTS","false","false","FIXED","PENDING","REPRESENTATION_ACCEPTED_NUMERIC_PENDING","PENDING_FUTURE_GROWTH; upstream default projection not accepted","TH:2050:Transport:DomesticAviationFuel:oil","DomesticAviationFuel","true","true","false","MISSING","TH:oil","false","false","","bunker","","","",""
"TH","2050","Transport","DomesticShippingFuel","oil","DIRECT_FUEL","","","","","DomesticShippingFuel","EXPLICIT","","2019","","","PENDING_ACCEPTED_COUNTRY_NODE_WEIGHTS","PENDING_ACCEPTED_SHAPE_AND_PHYSICAL_WEIGHTS","false","false","FIXED","PENDING","REPRESENTATION_ACCEPTED_NUMERIC_PENDING","PENDING_FUTURE_GROWTH; upstream default projection not accepted","TH:2050:Transport:DomesticShippingFuel:oil","DomesticShippingFuel","true","true","false","MISSING","TH:oil","false","false","","bunker","","","",""
"TH","2050","Transport","RailElectricity","electricity","EMBEDDED","","","","Astar","RailElectricity","EMBEDDED","","2019","","","PENDING_ACCEPTED_COUNTRY_NODE_WEIGHTS","PENDING_ACCEPTED_SHAPE_AND_PHYSICAL_WEIGHTS","true","false","FIXED","PENDING","REPRESENTATION_ACCEPTED_NUMERIC_PENDING","Future rail stays in Astar once; decomposition pending","TH:2050:Transport:RailElectricity:electricity","Astar","false","false","false","MISSING","TH:electricity","false","false","","Transport","","","",""
"TH","2050","Transport","RoadEVFinalElectricity","electricity","DIRECT_ELECTRICITY","","","","","RoadEVFinalElectricity","EXPLICIT","","2019","","","PENDING_ACCEPTED_COUNTRY_NODE_WEIGHTS","PENDING_ACCEPTED_SHAPE_AND_PHYSICAL_WEIGHTS","false","false","FIXED","PENDING","REPRESENTATION_ACCEPTED_NUMERIC_PENDING","External final-energy share pending; future EV excluded from future direct Astar; no kWh/km proxy","TH:2050:Transport:RoadEVFinalElectricity:electricity","RoadEVFinalElectricity","true","true","false","MISSING","TH:electricity","false","false","","Transport","","","",""
"TH","2050","Transport","RoadResidualFuel","biomass","DIRECT_FUEL","","","","","RoadResidualFuel","EXPLICIT","","2019","","","PENDING_ACCEPTED_COUNTRY_NODE_WEIGHTS","PENDING_ACCEPTED_SHAPE_AND_PHYSICAL_WEIGHTS","false","false","FIXED","PENDING","REPRESENTATION_ACCEPTED_NUMERIC_PENDING","PENDING_FUTURE_GROWTH_AND_EV_ENERGY_PATH; carrier vector retained","TH:2050:Transport:RoadResidualFuel:biomass","RoadResidualFuel","true","true","false","MISSING","TH:biomass","false","false","","Transport","","","",""
"TH","2050","Transport","RoadResidualFuel","gas","DIRECT_FUEL","","","","","RoadResidualFuel","EXPLICIT","","2019","","","PENDING_ACCEPTED_COUNTRY_NODE_WEIGHTS","PENDING_ACCEPTED_SHAPE_AND_PHYSICAL_WEIGHTS","false","false","FIXED","PENDING","REPRESENTATION_ACCEPTED_NUMERIC_PENDING","PENDING_FUTURE_GROWTH_AND_EV_ENERGY_PATH; carrier vector retained","TH:2050:Transport:RoadResidualFuel:gas","RoadResidualFuel","true","true","false","MISSING","TH:gas","false","false","","Transport","","","",""
"TH","2050","Transport","RoadResidualFuel","oil","DIRECT_FUEL","","","","","RoadResidualFuel","EXPLICIT","","2019","","","PENDING_ACCEPTED_COUNTRY_NODE_WEIGHTS","PENDING_ACCEPTED_SHAPE_AND_PHYSICAL_WEIGHTS","false","false","FIXED","PENDING","REPRESENTATION_ACCEPTED_NUMERIC_PENDING","PENDING_FUTURE_GROWTH_AND_EV_ENERGY_PATH; carrier vector retained","TH:2050:Transport:RoadResidualFuel:oil","RoadResidualFuel","true","true","false","MISSING","TH:oil","false","false","","Transport","","","",""
"TH","2050","Transport","TransportEmbeddedFuelParent","unclassified_fuel","UNCLASSIFIED","","","","","TransportEmbeddedFuelParent","EXPLICIT","","2019","","","PENDING_ACCEPTED_COUNTRY_NODE_WEIGHTS","PENDING_ACCEPTED_SHAPE_AND_PHYSICAL_WEIGHTS","false","false","FIXED","PENDING","REPRESENTATION_ACCEPTED_NUMERIC_PENDING","Rail fuel remains within one pending transport fuel parent; no duplicate rail Load","TH:2050:Transport:TransportEmbeddedFuelParent:unclassified_fuel","TransportEmbeddedFuelParent","true","true","false","MISSING","","false","false","","Transport","","","",""
"TL","2019","Agriculture","AgricultureFinalEnergy","biomass","DIRECT_FUEL","","TWh/year","","","AgricultureFinalEnergy","EXPLICIT","/home/jin/research/SGP_ESE5004_Stage2/pypsa-asean/resources/baseline-aims-3H-tutorial/energy_totals_base.csv","2019","af27beafc01cfb1920a23e632c05e858883a28efd9bbf94df3dfdba455fde261","Frozen derived cache; TWh/year -> MWh; raw/calorific provenance still pending","PENDING_ACCEPTED_COUNTRY_NODE_WEIGHTS","PENDING_ACCEPTED_SHAPE_AND_PHYSICAL_WEIGHTS","false","false","FIXED","MISSING","REPRESENTATION_ACCEPTED_NUMERIC_PENDING","No agriculture technology model; retain each original fuel","TL:2019:Agriculture:AgricultureFinalEnergy:biomass","AgricultureFinalEnergy","true","true","false","MISSING","TL:biomass","false","false","TL/agriculture biomass","Agriculture","","","",""
"TL","2019","Agriculture","AgricultureFinalEnergy","coal","DIRECT_FUEL","","TWh/year","","","AgricultureFinalEnergy","EXPLICIT","/home/jin/research/SGP_ESE5004_Stage2/pypsa-asean/resources/baseline-aims-3H-tutorial/energy_totals_base.csv","2019","af27beafc01cfb1920a23e632c05e858883a28efd9bbf94df3dfdba455fde261","Frozen derived cache; TWh/year -> MWh; raw/calorific provenance still pending","PENDING_ACCEPTED_COUNTRY_NODE_WEIGHTS","PENDING_ACCEPTED_SHAPE_AND_PHYSICAL_WEIGHTS","false","false","FIXED","MISSING","REPRESENTATION_ACCEPTED_NUMERIC_PENDING","No agriculture technology model; retain each original fuel","TL:2019:Agriculture:AgricultureFinalEnergy:coal","AgricultureFinalEnergy","true","true","false","MISSING","TL:coal","false","false","TL/agriculture coal","Agriculture","","","",""
"TL","2019","Agriculture","AgricultureFinalEnergy","electricity","EMBEDDED","","Kilowatt-hours, million","","Astar","AgricultureFinalEnergy","EMBEDDED","/home/jin/research/SGP_ESE5004_Stage2/pypsa-asean/data/demand/unsd/data/UNdata_Export_20250502_110820872.txt","2019","12c99b3c40927449d9a4d0402f255a8b84b24917ff58e54efd4ec43b2125fe6b","Exact raw transaction; million kWh * 1000 = MWh; no losses or AEO scaling","PENDING_ACCEPTED_COUNTRY_NODE_WEIGHTS","PENDING_ACCEPTED_SHAPE_AND_PHYSICAL_WEIGHTS","true","false","FIXED","MISSING","REPRESENTATION_ACCEPTED_NUMERIC_PENDING","No agriculture technology model; retain each original fuel","TL:2019:Agriculture:AgricultureFinalEnergy:electricity","Astar","false","false","false","MISSING","TL:electricity","false","false","Consumption in agriculture, forestry and fishing","Agriculture","","","",""
"TL","2019","Agriculture","AgricultureFinalEnergy","oil","DIRECT_FUEL","","TWh/year","","","AgricultureFinalEnergy","EXPLICIT","/home/jin/research/SGP_ESE5004_Stage2/pypsa-asean/resources/baseline-aims-3H-tutorial/energy_totals_base.csv","2019","af27beafc01cfb1920a23e632c05e858883a28efd9bbf94df3dfdba455fde261","Frozen derived cache; TWh/year -> MWh; raw/calorific provenance still pending","PENDING_ACCEPTED_COUNTRY_NODE_WEIGHTS","PENDING_ACCEPTED_SHAPE_AND_PHYSICAL_WEIGHTS","false","false","FIXED","MISSING","REPRESENTATION_ACCEPTED_NUMERIC_PENDING","No agriculture technology model; retain each original fuel","TL:2019:Agriculture:AgricultureFinalEnergy:oil","AgricultureFinalEnergy","true","true","false","MISSING","TL:oil","false","false","TL/agriculture oil","Agriculture","","","",""
"TL","2019","Buildings","ResidentialCooking","mixed","EMBEDDED","","","","ResidentialDirectEnergy","ResidentialCooking","EMBEDDED","","2019","","","PENDING_ACCEPTED_COUNTRY_NODE_WEIGHTS","PENDING_ACCEPTED_SHAPE_AND_PHYSICAL_WEIGHTS","false","false","FIXED","EMBEDDED","REPRESENTATION_ACCEPTED_VALUES_NOT_DEFINED","No additional service obligation. Existing final electricity/fuel keeps ownership. Cooking is not space/water heat.","TL:2019:Buildings:ResidentialCooking:mixed","Astar_and_original_fuels","false","false","false","MISSING","TL:mixed","false","false","","Buildings","","","",""
"TL","2019","Buildings","ResidentialCooling","electricity","EMBEDDED","","","","ResidentialDirectEnergy","ResidentialCooling","EMBEDDED","","2019","","","PENDING_ACCEPTED_COUNTRY_NODE_WEIGHTS","PENDING_ACCEPTED_SHAPE_AND_PHYSICAL_WEIGHTS","true","false","FIXED","EMBEDDED","REPRESENTATION_ACCEPTED_VALUES_NOT_DEFINED","No additional service obligation. Existing final electricity/fuel keeps ownership. Cooking is not space/water heat.","TL:2019:Buildings:ResidentialCooling:electricity","Astar_and_original_fuels","false","false","false","MISSING","TL:electricity","false","false","","Buildings","","","",""
"TL","2019","Buildings","ResidentialDirectElectricity","electricity","DIRECT_ELECTRICITY","133.342","Kilowatt-hours, million","133342.0","Astar","ResidentialDirectElectricity","EMBEDDED","/home/jin/research/SGP_ESE5004_Stage2/pypsa-asean/data/demand/unsd/data/UNdata_Export_20250502_110820872.txt","2019","12c99b3c40927449d9a4d0402f255a8b84b24917ff58e54efd4ec43b2125fe6b","Exact raw transaction; million kWh * 1000 = MWh; no losses or AEO scaling","PENDING_ACCEPTED_COUNTRY_NODE_WEIGHTS","PENDING_ACCEPTED_SHAPE_AND_PHYSICAL_WEIGHTS","true","false","FIXED","PENDING","REPRESENTATION_ACCEPTED_NUMERIC_PENDING","Separate R/S identity retained in Astar; no second electricity Load; numeric decomposition is unaccepted","TL:2019:Buildings:ResidentialDirectElectricity:electricity","Astar","false","false","false","REPORTED_VALUE","TL:electricity","false","false","Consumption by households; physical line end 89086","Buildings","","","",""
"TL","2019","Buildings","ResidentialFuel","biomass","DIRECT_FUEL","0.2063","TWh/year","206300.0","","ResidentialFuel","EXPLICIT","/home/jin/research/SGP_ESE5004_Stage2/pypsa-asean/resources/baseline-aims-3H-tutorial/energy_totals_base.csv","2019","af27beafc01cfb1920a23e632c05e858883a28efd9bbf94df3dfdba455fde261","Frozen derived cache; TWh/year -> MWh; raw/calorific provenance still pending","PENDING_ACCEPTED_COUNTRY_NODE_WEIGHTS","PENDING_ACCEPTED_SHAPE_AND_PHYSICAL_WEIGHTS","false","false","FIXED","FROZEN_UPSTREAM","REPRESENTATION_ACCEPTED_NUMERIC_PENDING","Fixed final fuel; no useful-heat inference; cooking remains within original fuel. Coal not recast as electricity.","TL:2019:Buildings:ResidentialFuel:biomass","ResidentialFuel","true","true","false","POSITIVE_CACHE_VALUE","TL:biomass","false","false","TL/residential biomass","Buildings","","","",""
"TL","2019","Buildings","ResidentialFuel","coal","DIRECT_FUEL","","TWh/year","","","ResidentialFuel","EXPLICIT","/home/jin/research/SGP_ESE5004_Stage2/pypsa-asean/resources/baseline-aims-3H-tutorial/energy_totals_base.csv","2019","af27beafc01cfb1920a23e632c05e858883a28efd9bbf94df3dfdba455fde261","Frozen derived cache; TWh/year -> MWh; raw/calorific provenance still pending","PENDING_ACCEPTED_COUNTRY_NODE_WEIGHTS","PENDING_ACCEPTED_SHAPE_AND_PHYSICAL_WEIGHTS","false","false","FIXED","MISSING","REPRESENTATION_ACCEPTED_NUMERIC_PENDING","Fixed final fuel; no useful-heat inference; cooking remains within original fuel. Coal not recast as electricity.; cache has no original R/S coal column; source recovery required","TL:2019:Buildings:ResidentialFuel:coal","ResidentialFuel","true","true","false","MISSING","TL:coal","false","false","TL/residential coal","Buildings","","","",""
"TL","2019","Buildings","ResidentialFuel","gas","DIRECT_FUEL","0","TWh/year","","","ResidentialFuel","EXPLICIT","/home/jin/research/SGP_ESE5004_Stage2/pypsa-asean/resources/baseline-aims-3H-tutorial/energy_totals_base.csv","2019","af27beafc01cfb1920a23e632c05e858883a28efd9bbf94df3dfdba455fde261","Frozen derived cache; TWh/year -> MWh; raw/calorific provenance still pending","PENDING_ACCEPTED_COUNTRY_NODE_WEIGHTS","PENDING_ACCEPTED_SHAPE_AND_PHYSICAL_WEIGHTS","false","false","FIXED","MISSING","REPRESENTATION_ACCEPTED_NUMERIC_PENDING","Fixed final fuel; no useful-heat inference; cooking remains within original fuel. Coal not recast as electricity.; cache zero has no certified raw-zero evidence","TL:2019:Buildings:ResidentialFuel:gas","ResidentialFuel","true","true","false","CACHE_ZERO_UNVERIFIED","TL:gas","false","false","TL/residential gas","Buildings","","","",""
"TL","2019","Buildings","ResidentialFuel","oil","DIRECT_FUEL","0","TWh/year","","","ResidentialFuel","EXPLICIT","/home/jin/research/SGP_ESE5004_Stage2/pypsa-asean/resources/baseline-aims-3H-tutorial/energy_totals_base.csv","2019","af27beafc01cfb1920a23e632c05e858883a28efd9bbf94df3dfdba455fde261","Frozen derived cache; TWh/year -> MWh; raw/calorific provenance still pending","PENDING_ACCEPTED_COUNTRY_NODE_WEIGHTS","PENDING_ACCEPTED_SHAPE_AND_PHYSICAL_WEIGHTS","false","false","FIXED","MISSING","REPRESENTATION_ACCEPTED_NUMERIC_PENDING","Fixed final fuel; no useful-heat inference; cooking remains within original fuel. Coal not recast as electricity.; cache zero has no certified raw-zero evidence","TL:2019:Buildings:ResidentialFuel:oil","ResidentialFuel","true","true","false","CACHE_ZERO_UNVERIFIED","TL:oil","false","false","TL/residential oil","Buildings","","","",""
"TL","2019","Buildings","ResidentialSpaceHeat","mixed","EMBEDDED","","","","ResidentialDirectEnergy","ResidentialSpaceHeat","EMBEDDED","","2019","","","PENDING_ACCEPTED_COUNTRY_NODE_WEIGHTS","PENDING_ACCEPTED_SHAPE_AND_PHYSICAL_WEIGHTS","false","false","FIXED","EMBEDDED","REPRESENTATION_ACCEPTED_VALUES_NOT_DEFINED","No additional service obligation. Existing final electricity/fuel keeps ownership. Cooking is not space/water heat.","TL:2019:Buildings:ResidentialSpaceHeat:mixed","Astar_and_original_fuels","false","false","false","MISSING","TL:mixed","false","false","","Buildings","","","",""
"TL","2019","Buildings","ResidentialWaterHeat","mixed","EMBEDDED","","","","ResidentialDirectEnergy","ResidentialWaterHeat","EMBEDDED","","2019","","","PENDING_ACCEPTED_COUNTRY_NODE_WEIGHTS","PENDING_ACCEPTED_SHAPE_AND_PHYSICAL_WEIGHTS","false","false","FIXED","EMBEDDED","REPRESENTATION_ACCEPTED_VALUES_NOT_DEFINED","No additional service obligation. Existing final electricity/fuel keeps ownership. Cooking is not space/water heat.","TL:2019:Buildings:ResidentialWaterHeat:mixed","Astar_and_original_fuels","false","false","false","MISSING","TL:mixed","false","false","","Buildings","","","",""
"TL","2019","Buildings","ServicesCooking","mixed","EMBEDDED","","","","ServicesDirectEnergy","ServicesCooking","EMBEDDED","","2019","","","PENDING_ACCEPTED_COUNTRY_NODE_WEIGHTS","PENDING_ACCEPTED_SHAPE_AND_PHYSICAL_WEIGHTS","false","false","FIXED","EMBEDDED","REPRESENTATION_ACCEPTED_VALUES_NOT_DEFINED","No additional service obligation. Existing final electricity/fuel keeps ownership. Cooking is not space/water heat.","TL:2019:Buildings:ServicesCooking:mixed","Astar_and_original_fuels","false","false","false","MISSING","TL:mixed","false","false","","Buildings","","","",""
"TL","2019","Buildings","ServicesCooling","electricity","EMBEDDED","","","","ServicesDirectEnergy","ServicesCooling","EMBEDDED","","2019","","","PENDING_ACCEPTED_COUNTRY_NODE_WEIGHTS","PENDING_ACCEPTED_SHAPE_AND_PHYSICAL_WEIGHTS","true","false","FIXED","EMBEDDED","REPRESENTATION_ACCEPTED_VALUES_NOT_DEFINED","No additional service obligation. Existing final electricity/fuel keeps ownership. Cooking is not space/water heat.","TL:2019:Buildings:ServicesCooling:electricity","Astar_and_original_fuels","false","false","false","MISSING","TL:electricity","false","false","","Buildings","","","",""
"TL","2019","Buildings","ServicesDirectElectricity","electricity","DIRECT_ELECTRICITY","90.8","Kilowatt-hours, million","90800.0","Astar","ServicesDirectElectricity","EMBEDDED","/home/jin/research/SGP_ESE5004_Stage2/pypsa-asean/data/demand/unsd/data/UNdata_Export_20250502_110820872.txt","2019","12c99b3c40927449d9a4d0402f255a8b84b24917ff58e54efd4ec43b2125fe6b","Exact raw transaction; million kWh * 1000 = MWh; no losses or AEO scaling","PENDING_ACCEPTED_COUNTRY_NODE_WEIGHTS","PENDING_ACCEPTED_SHAPE_AND_PHYSICAL_WEIGHTS","true","false","FIXED","PENDING","REPRESENTATION_ACCEPTED_NUMERIC_PENDING","Separate R/S identity retained in Astar; no second electricity Load; numeric decomposition is unaccepted","TL:2019:Buildings:ServicesDirectElectricity:electricity","Astar","false","false","false","REPORTED_VALUE","TL:electricity","false","false","Consumption by commercial and public services; physical line end 89114","Buildings","","","",""
"TL","2019","Buildings","ServicesFuel","biomass","DIRECT_FUEL","0","TWh/year","","","ServicesFuel","EXPLICIT","/home/jin/research/SGP_ESE5004_Stage2/pypsa-asean/resources/baseline-aims-3H-tutorial/energy_totals_base.csv","2019","af27beafc01cfb1920a23e632c05e858883a28efd9bbf94df3dfdba455fde261","Frozen derived cache; TWh/year -> MWh; raw/calorific provenance still pending","PENDING_ACCEPTED_COUNTRY_NODE_WEIGHTS","PENDING_ACCEPTED_SHAPE_AND_PHYSICAL_WEIGHTS","false","false","FIXED","MISSING","REPRESENTATION_ACCEPTED_NUMERIC_PENDING","Fixed final fuel; no useful-heat inference; cooking remains within original fuel. Coal not recast as electricity.; cache zero has no certified raw-zero evidence","TL:2019:Buildings:ServicesFuel:biomass","ServicesFuel","true","true","false","CACHE_ZERO_UNVERIFIED","TL:biomass","false","false","TL/services biomass","Buildings","","","",""
"TL","2019","Buildings","ServicesFuel","coal","DIRECT_FUEL","","TWh/year","","","ServicesFuel","EXPLICIT","/home/jin/research/SGP_ESE5004_Stage2/pypsa-asean/resources/baseline-aims-3H-tutorial/energy_totals_base.csv","2019","af27beafc01cfb1920a23e632c05e858883a28efd9bbf94df3dfdba455fde261","Frozen derived cache; TWh/year -> MWh; raw/calorific provenance still pending","PENDING_ACCEPTED_COUNTRY_NODE_WEIGHTS","PENDING_ACCEPTED_SHAPE_AND_PHYSICAL_WEIGHTS","false","false","FIXED","MISSING","REPRESENTATION_ACCEPTED_NUMERIC_PENDING","Fixed final fuel; no useful-heat inference; cooking remains within original fuel. Coal not recast as electricity.; cache has no original R/S coal column; source recovery required","TL:2019:Buildings:ServicesFuel:coal","ServicesFuel","true","true","false","MISSING","TL:coal","false","false","TL/services coal","Buildings","","","",""
"TL","2019","Buildings","ServicesFuel","gas","DIRECT_FUEL","0","TWh/year","","","ServicesFuel","EXPLICIT","/home/jin/research/SGP_ESE5004_Stage2/pypsa-asean/resources/baseline-aims-3H-tutorial/energy_totals_base.csv","2019","af27beafc01cfb1920a23e632c05e858883a28efd9bbf94df3dfdba455fde261","Frozen derived cache; TWh/year -> MWh; raw/calorific provenance still pending","PENDING_ACCEPTED_COUNTRY_NODE_WEIGHTS","PENDING_ACCEPTED_SHAPE_AND_PHYSICAL_WEIGHTS","false","false","FIXED","MISSING","REPRESENTATION_ACCEPTED_NUMERIC_PENDING","Fixed final fuel; no useful-heat inference; cooking remains within original fuel. Coal not recast as electricity.; cache zero has no certified raw-zero evidence","TL:2019:Buildings:ServicesFuel:gas","ServicesFuel","true","true","false","CACHE_ZERO_UNVERIFIED","TL:gas","false","false","TL/services gas","Buildings","","","",""
"TL","2019","Buildings","ServicesFuel","oil","DIRECT_FUEL","0","TWh/year","","","ServicesFuel","EXPLICIT","/home/jin/research/SGP_ESE5004_Stage2/pypsa-asean/resources/baseline-aims-3H-tutorial/energy_totals_base.csv","2019","af27beafc01cfb1920a23e632c05e858883a28efd9bbf94df3dfdba455fde261","Frozen derived cache; TWh/year -> MWh; raw/calorific provenance still pending","PENDING_ACCEPTED_COUNTRY_NODE_WEIGHTS","PENDING_ACCEPTED_SHAPE_AND_PHYSICAL_WEIGHTS","false","false","FIXED","MISSING","REPRESENTATION_ACCEPTED_NUMERIC_PENDING","Fixed final fuel; no useful-heat inference; cooking remains within original fuel. Coal not recast as electricity.; cache zero has no certified raw-zero evidence","TL:2019:Buildings:ServicesFuel:oil","ServicesFuel","true","true","false","CACHE_ZERO_UNVERIFIED","TL:oil","false","false","TL/services oil","Buildings","","","",""
"TL","2019","Buildings","ServicesSpaceHeat","mixed","EMBEDDED","","","","ServicesDirectEnergy","ServicesSpaceHeat","EMBEDDED","","2019","","","PENDING_ACCEPTED_COUNTRY_NODE_WEIGHTS","PENDING_ACCEPTED_SHAPE_AND_PHYSICAL_WEIGHTS","false","false","FIXED","EMBEDDED","REPRESENTATION_ACCEPTED_VALUES_NOT_DEFINED","No additional service obligation. Existing final electricity/fuel keeps ownership. Cooking is not space/water heat.","TL:2019:Buildings:ServicesSpaceHeat:mixed","Astar_and_original_fuels","false","false","false","MISSING","TL:mixed","false","false","","Buildings","","","",""
"TL","2019","Buildings","ServicesWaterHeat","mixed","EMBEDDED","","","","ServicesDirectEnergy","ServicesWaterHeat","EMBEDDED","","2019","","","PENDING_ACCEPTED_COUNTRY_NODE_WEIGHTS","PENDING_ACCEPTED_SHAPE_AND_PHYSICAL_WEIGHTS","false","false","FIXED","EMBEDDED","REPRESENTATION_ACCEPTED_VALUES_NOT_DEFINED","No additional service obligation. Existing final electricity/fuel keeps ownership. Cooking is not space/water heat.","TL:2019:Buildings:ServicesWaterHeat:mixed","Astar_and_original_fuels","false","false","false","MISSING","TL:mixed","false","false","","Buildings","","","",""
"TL","2019","Bunker","InternationalAviationBunker","oil","BUNKER_FUEL","0.0358","TWh/year","35800.0","","InternationalAviationBunker","EXPLICIT","/home/jin/research/SGP_ESE5004_Stage2/pypsa-asean/resources/baseline-aims-3H-tutorial/energy_totals_base.csv","2019","af27beafc01cfb1920a23e632c05e858883a28efd9bbf94df3dfdba455fde261","Frozen derived cache; TWh/year -> MWh; raw/calorific provenance still pending","PENDING_ACCEPTED_COUNTRY_NODE_WEIGHTS","PENDING_ACCEPTED_SHAPE_AND_PHYSICAL_WEIGHTS","false","false","FIXED","FROZEN_UPSTREAM","REPRESENTATION_ACCEPTED_NUMERIC_PENDING","FIXED fuel obligation; FT is later endogenous supply. Review status: EXACT_SELECTED_CACHE_MATCH","TL:2019:Bunker:InternationalAviationBunker:oil","InternationalAviationBunker","true","true","false","POSITIVE_CACHE_VALUE","TL:oil","false","false","TL/total international aviation; bunker_review.json TL/InternationalAviationBunkerFuel","bunker","","","",""
"TL","2019","Bunker","InternationalShippingBunker","oil","BUNKER_FUEL","","TWh/year","","","InternationalShippingBunker","EXPLICIT","/home/jin/research/SGP_ESE5004_Stage2/pypsa-asean/resources/baseline-aims-3H-tutorial/energy_totals_base.csv","2019","af27beafc01cfb1920a23e632c05e858883a28efd9bbf94df3dfdba455fde261","Frozen derived cache; TWh/year -> MWh; raw/calorific provenance still pending","PENDING_ACCEPTED_COUNTRY_NODE_WEIGHTS","PENDING_ACCEPTED_SHAPE_AND_PHYSICAL_WEIGHTS","false","false","FIXED","MISSING","REPRESENTATION_ACCEPTED_NUMERIC_PENDING","FIXED fuel obligation; FT is later endogenous supply. Review status: MISSING_BASE_SOURCE","TL:2019:Bunker:InternationalShippingBunker:oil","InternationalShippingBunker","true","true","false","MISSING","TL:oil","false","false","TL/total international navigation; bunker_review.json TL/InternationalShippingBunkerFuel","bunker","","","",""
"TL","2019","Conversion","EVIfConversion","electricity","ENDOGENOUS_CONVERSION_INPUT","","","","","EVIfConversion","CONTRACT_ONLY","","2019","","","PENDING_ACCEPTED_COUNTRY_NODE_WEIGHTS","PENDING_ACCEPTED_SHAPE_AND_PHYSICAL_WEIGHTS","false","false","ENDOGENOUS","PENDING","REPRESENTATION_ACCEPTED_NUMERIC_PENDING","No predetermined demand or Load; future accepted conversion Link owns its electricity input","TL:2019:Conversion:EVIfConversion:electricity","EVIfConversion","false","false","false","MISSING","TL:electricity","false","false","","electricity","","","",""
"TL","2019","Conversion","Electrolysis","electricity","ENDOGENOUS_CONVERSION_INPUT","","","","","Electrolysis","CONTRACT_ONLY","","2019","","","PENDING_ACCEPTED_COUNTRY_NODE_WEIGHTS","PENDING_ACCEPTED_SHAPE_AND_PHYSICAL_WEIGHTS","false","false","ENDOGENOUS","PENDING","REPRESENTATION_ACCEPTED_NUMERIC_PENDING","No predetermined demand or Load; future accepted conversion Link owns its electricity input","TL:2019:Conversion:Electrolysis:electricity","Electrolysis","false","false","false","MISSING","TL:electricity","false","false","","electricity","","","",""
"TL","2019","Conversion","FischerTropsch","electricity","ENDOGENOUS_CONVERSION_INPUT","","","","","FischerTropsch","CONTRACT_ONLY","","2019","","","PENDING_ACCEPTED_COUNTRY_NODE_WEIGHTS","PENDING_ACCEPTED_SHAPE_AND_PHYSICAL_WEIGHTS","false","false","ENDOGENOUS","PENDING","REPRESENTATION_ACCEPTED_NUMERIC_PENDING","No predetermined demand or Load; future accepted conversion Link owns its electricity input","TL:2019:Conversion:FischerTropsch:electricity","FischerTropsch","false","false","false","MISSING","TL:electricity","false","false","","electricity","","","",""
"TL","2019","Conversion","HeatPump","electricity","ENDOGENOUS_CONVERSION_INPUT","","","","","HeatPump","CONTRACT_ONLY","","2019","","","PENDING_ACCEPTED_COUNTRY_NODE_WEIGHTS","PENDING_ACCEPTED_SHAPE_AND_PHYSICAL_WEIGHTS","false","false","ENDOGENOUS","PENDING","REPRESENTATION_ACCEPTED_NUMERIC_PENDING","No predetermined demand or Load; future accepted conversion Link owns its electricity input","TL:2019:Conversion:HeatPump:electricity","HeatPump","false","false","false","MISSING","TL:electricity","false","false","","electricity","","","",""
"TL","2019","Conversion","ResistiveHeating","electricity","ENDOGENOUS_CONVERSION_INPUT","","","","","ResistiveHeating","CONTRACT_ONLY","","2019","","","PENDING_ACCEPTED_COUNTRY_NODE_WEIGHTS","PENDING_ACCEPTED_SHAPE_AND_PHYSICAL_WEIGHTS","false","false","ENDOGENOUS","PENDING","REPRESENTATION_ACCEPTED_NUMERIC_PENDING","No predetermined demand or Load; future accepted conversion Link owns its electricity input","TL:2019:Conversion:ResistiveHeating:electricity","ResistiveHeating","false","false","false","MISSING","TL:electricity","false","false","","electricity","","","",""
"TL","2019","Electricity","Astar","electricity","DIRECT_ELECTRICITY","384.247","Kilowatt-hours, million","384247.0","","Astar","EXPLICIT","/home/jin/research/SGP_ESE5004_Stage2/pypsa-asean/data/demand/unsd/data/UNdata_Export_20250502_110820872.txt","2019","12c99b3c40927449d9a4d0402f255a8b84b24917ff58e54efd4ec43b2125fe6b","Exact raw transaction; million kWh * 1000 = MWh; no losses or AEO scaling","PENDING_ACCEPTED_COUNTRY_NODE_WEIGHTS","PENDING_ACCEPTED_SHAPE_AND_PHYSICAL_WEIGHTS","true","false","FIXED","PENDING","REPRESENTATION_ACCEPTED_NUMERIC_PENDING","End-user final electricity before any accepted transfers; future conversion inputs excluded","TL:2019:Electricity:Astar:electricity","Astar","true","true","false","REPORTED_VALUE","TL:electricity","false","false","Final energy consumption; physical line end 89058","electricity","384247.0","0.0","384247.0","384247.0"
"TL","2019","Industry","IndustryCacheElectricityReference","electricity","DIRECT_FUEL","","MWh/year","","","IndustryCacheElectricityReference","REFERENCE","/home/jin/research/SGP_ESE5004_Stage2/pypsa-asean/resources/baseline-aims-3H-tutorial/demand/base_industry_totals_2030.csv","2019","c62e8edab8451f93a4273f9214e6259306ea7e01a6ba9c85e7b7db48978aa404","Frozen derived cache; MWh/year -> MWh; raw/calorific provenance still pending","PENDING_ACCEPTED_COUNTRY_NODE_WEIGHTS","PENDING_ACCEPTED_SHAPE_AND_PHYSICAL_WEIGHTS","false","false","FIXED","MISSING","REPRESENTATION_ACCEPTED_NUMERIC_PENDING","Base 2019 country/carrier sum of 13 cached industries; pre-NH3 deduction; raw calorific/feedstock boundary pending; missing does not imply zero, unknown fuel parent remains unavailable","TL:2019:Industry:IndustryCacheElectricityReference:electricity","IndustryCacheElectricityReference","false","false","false","MISSING","TL:electricity","false","false","TL/electricity; sum 13 columns","Industry","","","",""
"TL","2019","Industry","IndustryDirectElectricity","electricity","DIRECT_ELECTRICITY","","Kilowatt-hours, million","","Astar","IndustryDirectElectricity","EMBEDDED","/home/jin/research/SGP_ESE5004_Stage2/pypsa-asean/data/demand/unsd/data/UNdata_Export_20250502_110820872.txt","2019","12c99b3c40927449d9a4d0402f255a8b84b24917ff58e54efd4ec43b2125fe6b","Exact raw transaction; million kWh * 1000 = MWh; no losses or AEO scaling","PENDING_ACCEPTED_COUNTRY_NODE_WEIGHTS","PENDING_ACCEPTED_SHAPE_AND_PHYSICAL_WEIGHTS","true","false","FIXED","MISSING","REPRESENTATION_ACCEPTED_NUMERIC_PENDING","Industrial final electricity stays inside Astar; no second industry Load. No process/service conversion; TL explicit industry unavailable, retains unclassified electricity in valid parent","TL:2019:Industry:IndustryDirectElectricity:electricity","Astar","false","false","false","MISSING","TL:electricity","false","false","Consumption by manufacturing, construction and non-fuel industry","Industry","","","",""
"TL","2019","Industry","IndustryFuel","biomass","DIRECT_FUEL","","MWh/year","","","IndustryFuel","EXPLICIT","/home/jin/research/SGP_ESE5004_Stage2/pypsa-asean/resources/baseline-aims-3H-tutorial/demand/base_industry_totals_2030.csv","2019","c62e8edab8451f93a4273f9214e6259306ea7e01a6ba9c85e7b7db48978aa404","Frozen derived cache; MWh/year -> MWh; raw/calorific provenance still pending","PENDING_ACCEPTED_COUNTRY_NODE_WEIGHTS","PENDING_ACCEPTED_SHAPE_AND_PHYSICAL_WEIGHTS","false","false","FIXED","MISSING","REPRESENTATION_ACCEPTED_NUMERIC_PENDING","Base 2019 country/carrier sum of 13 cached industries; pre-NH3 deduction; raw calorific/feedstock boundary pending; missing does not imply zero, unknown fuel parent remains unavailable","TL:2019:Industry:IndustryFuel:biomass","IndustryFuel","true","true","false","MISSING","TL:biomass","false","false","TL/biomass; sum 13 columns","Industry","","","",""
"TL","2019","Industry","IndustryFuel","coal","DIRECT_FUEL","","MWh/year","","","IndustryFuel","EXPLICIT","/home/jin/research/SGP_ESE5004_Stage2/pypsa-asean/resources/baseline-aims-3H-tutorial/demand/base_industry_totals_2030.csv","2019","c62e8edab8451f93a4273f9214e6259306ea7e01a6ba9c85e7b7db48978aa404","Frozen derived cache; MWh/year -> MWh; raw/calorific provenance still pending","PENDING_ACCEPTED_COUNTRY_NODE_WEIGHTS","PENDING_ACCEPTED_SHAPE_AND_PHYSICAL_WEIGHTS","false","false","FIXED","MISSING","REPRESENTATION_ACCEPTED_NUMERIC_PENDING","Base 2019 country/carrier sum of 13 cached industries; pre-NH3 deduction; raw calorific/feedstock boundary pending; missing does not imply zero, unknown fuel parent remains unavailable","TL:2019:Industry:IndustryFuel:coal","IndustryFuel","true","true","false","MISSING","TL:coal","false","false","TL/coal; sum 13 columns","Industry","","","",""
"TL","2019","Industry","IndustryFuel","gas","DIRECT_FUEL","","MWh/year","","","IndustryFuel","EXPLICIT","/home/jin/research/SGP_ESE5004_Stage2/pypsa-asean/resources/baseline-aims-3H-tutorial/demand/base_industry_totals_2030.csv","2019","c62e8edab8451f93a4273f9214e6259306ea7e01a6ba9c85e7b7db48978aa404","Frozen derived cache; MWh/year -> MWh; raw/calorific provenance still pending","PENDING_ACCEPTED_COUNTRY_NODE_WEIGHTS","PENDING_ACCEPTED_SHAPE_AND_PHYSICAL_WEIGHTS","false","false","FIXED","MISSING","REPRESENTATION_ACCEPTED_NUMERIC_PENDING","Base 2019 country/carrier sum of 13 cached industries; pre-NH3 deduction; raw calorific/feedstock boundary pending; missing does not imply zero, unknown fuel parent remains unavailable","TL:2019:Industry:IndustryFuel:gas","IndustryFuel","true","true","false","MISSING","TL:gas","false","false","TL/gas; sum 13 columns","Industry","","","",""
"TL","2019","Industry","IndustryFuel","heat","DIRECT_FUEL","","MWh/year","","","IndustryFuel","PENDING","/home/jin/research/SGP_ESE5004_Stage2/pypsa-asean/resources/baseline-aims-3H-tutorial/demand/base_industry_totals_2030.csv","2019","c62e8edab8451f93a4273f9214e6259306ea7e01a6ba9c85e7b7db48978aa404","Frozen derived cache; MWh/year -> MWh; raw/calorific provenance still pending","PENDING_ACCEPTED_COUNTRY_NODE_WEIGHTS","PENDING_ACCEPTED_SHAPE_AND_PHYSICAL_WEIGHTS","false","false","FIXED","MISSING","REPRESENTATION_ACCEPTED_NUMERIC_PENDING","No accepted independent H2 or qualified heat service; no new service obligation; missing does not imply zero, unknown fuel parent remains unavailable","TL:2019:Industry:IndustryFuel:heat","IndustryFuel","false","false","false","MISSING","TL:heat","false","false","TL/heat; sum 13 columns","Industry","","","",""
"TL","2019","Industry","IndustryFuel","hydrogen","DIRECT_FUEL","","MWh/year","","","IndustryFuel","PENDING","/home/jin/research/SGP_ESE5004_Stage2/pypsa-asean/resources/baseline-aims-3H-tutorial/demand/base_industry_totals_2030.csv","2019","c62e8edab8451f93a4273f9214e6259306ea7e01a6ba9c85e7b7db48978aa404","Frozen derived cache; MWh/year -> MWh; raw/calorific provenance still pending","PENDING_ACCEPTED_COUNTRY_NODE_WEIGHTS","PENDING_ACCEPTED_SHAPE_AND_PHYSICAL_WEIGHTS","false","false","FIXED","MISSING","REPRESENTATION_ACCEPTED_NUMERIC_PENDING","No accepted independent H2 or qualified heat service; no new service obligation; missing does not imply zero, unknown fuel parent remains unavailable","TL:2019:Industry:IndustryFuel:hydrogen","IndustryFuel","false","false","false","MISSING","TL:hydrogen","false","false","TL/hydrogen; sum 13 columns","Industry","","","",""
"TL","2019","Industry","IndustryFuel","oil","DIRECT_FUEL","","MWh/year","","","IndustryFuel","EXPLICIT","/home/jin/research/SGP_ESE5004_Stage2/pypsa-asean/resources/baseline-aims-3H-tutorial/demand/base_industry_totals_2030.csv","2019","c62e8edab8451f93a4273f9214e6259306ea7e01a6ba9c85e7b7db48978aa404","Frozen derived cache; MWh/year -> MWh; raw/calorific provenance still pending","PENDING_ACCEPTED_COUNTRY_NODE_WEIGHTS","PENDING_ACCEPTED_SHAPE_AND_PHYSICAL_WEIGHTS","false","false","FIXED","MISSING","REPRESENTATION_ACCEPTED_NUMERIC_PENDING","Base 2019 country/carrier sum of 13 cached industries; pre-NH3 deduction; raw calorific/feedstock boundary pending; missing does not imply zero, unknown fuel parent remains unavailable","TL:2019:Industry:IndustryFuel:oil","IndustryFuel","true","true","false","MISSING","TL:oil","false","false","TL/oil; sum 13 columns","Industry","","","",""
"TL","2019","Transport","DomesticAviationFuel","oil","DIRECT_FUEL","0.0","TWh/year","","","DomesticAviationFuel","EXPLICIT","/home/jin/research/SGP_ESE5004_Stage2/pypsa-asean/resources/baseline-aims-3H-tutorial/energy_totals_base.csv","2019","af27beafc01cfb1920a23e632c05e858883a28efd9bbf94df3dfdba455fde261","Frozen derived cache; TWh/year -> MWh; raw/calorific provenance still pending","PENDING_ACCEPTED_COUNTRY_NODE_WEIGHTS","PENDING_ACCEPTED_SHAPE_AND_PHYSICAL_WEIGHTS","false","false","FIXED","BLOCKER","REPRESENTATION_ACCEPTED_NUMERIC_PENDING","FIXED fuel obligation; FT is later endogenous supply. Review status: ZERO_WITHOUT_EXACT_SELECTED_RAW_WITH_OMITTED_TRANSACTION_OR_COMMODITY; cache zero has no certified raw-zero evidence; omitted transaction/commodity exists: no automatic correction","TL:2019:Transport:DomesticAviationFuel:oil","DomesticAviationFuel","true","true","false","CACHE_ZERO_UNVERIFIED","TL:oil","false","false","TL/total domestic aviation; bunker_review.json TL/DomesticAviationFuel","bunker","","","",""
"TL","2019","Transport","DomesticShippingFuel","oil","DIRECT_FUEL","","TWh/year","","","DomesticShippingFuel","EXPLICIT","/home/jin/research/SGP_ESE5004_Stage2/pypsa-asean/resources/baseline-aims-3H-tutorial/energy_totals_base.csv","2019","af27beafc01cfb1920a23e632c05e858883a28efd9bbf94df3dfdba455fde261","Frozen derived cache; TWh/year -> MWh; raw/calorific provenance still pending","PENDING_ACCEPTED_COUNTRY_NODE_WEIGHTS","PENDING_ACCEPTED_SHAPE_AND_PHYSICAL_WEIGHTS","false","false","FIXED","MISSING","REPRESENTATION_ACCEPTED_NUMERIC_PENDING","FIXED fuel obligation; FT is later endogenous supply. Review status: MISSING_BASE_SOURCE","TL:2019:Transport:DomesticShippingFuel:oil","DomesticShippingFuel","true","true","false","MISSING","TL:oil","false","false","TL/total domestic navigation; bunker_review.json TL/DomesticShippingFuel","bunker","","","",""
"TL","2019","Transport","HistoricalRoadElectricity","electricity","DIRECT_ELECTRICITY","0.0","TWh/year","","Astar","HistoricalRoadElectricity","EMBEDDED","/home/jin/research/SGP_ESE5004_Stage2/pypsa-asean/resources/baseline-aims-3H-tutorial/energy_totals_base.csv","2019","af27beafc01cfb1920a23e632c05e858883a28efd9bbf94df3dfdba455fde261","Frozen derived cache; TWh/year -> MWh; raw/calorific provenance still pending","PENDING_ACCEPTED_COUNTRY_NODE_WEIGHTS","PENDING_ACCEPTED_SHAPE_AND_PHYSICAL_WEIGHTS","true","false","FIXED","MISSING","REPRESENTATION_ACCEPTED_NUMERIC_PENDING","Historical EV membership/quantity pending; retain any such energy inside Astar; no transfer performed; cache zero has no certified raw-zero evidence","TL:2019:Transport:HistoricalRoadElectricity:electricity","Astar","false","false","false","CACHE_ZERO_UNVERIFIED","TL:electricity","false","false","TL/road electricity","Transport","","","",""
"TL","2019","Transport","RailElectricity","electricity","EMBEDDED","","Kilowatt-hours, million","","Astar","RailElectricity","EMBEDDED","/home/jin/research/SGP_ESE5004_Stage2/pypsa-asean/data/demand/unsd/data/UNdata_Export_20250502_110820872.txt","2019","12c99b3c40927449d9a4d0402f255a8b84b24917ff58e54efd4ec43b2125fe6b","Exact raw transaction; million kWh * 1000 = MWh; no losses or AEO scaling","PENDING_ACCEPTED_COUNTRY_NODE_WEIGHTS","PENDING_ACCEPTED_SHAPE_AND_PHYSICAL_WEIGHTS","true","false","FIXED","MISSING","REPRESENTATION_ACCEPTED_NUMERIC_PENDING","Rail electricity occurs only within Astar; no independent rail Load","TL:2019:Transport:RailElectricity:electricity","Astar","false","false","false","MISSING","TL:electricity","false","false","Consumption by rail","Transport","","","",""
"TL","2019","Transport","RailFinalEnergyReference","mixed","DIRECT_FUEL","","TWh/year","","","RailFinalEnergyReference","REFERENCE","/home/jin/research/SGP_ESE5004_Stage2/pypsa-asean/resources/baseline-aims-3H-tutorial/energy_totals_base.csv","2019","af27beafc01cfb1920a23e632c05e858883a28efd9bbf94df3dfdba455fde261","Frozen derived cache; TWh/year -> MWh; raw/calorific provenance still pending","PENDING_ACCEPTED_COUNTRY_NODE_WEIGHTS","PENDING_ACCEPTED_SHAPE_AND_PHYSICAL_WEIGHTS","false","false","FIXED","MISSING","REPRESENTATION_ACCEPTED_NUMERIC_PENDING","Reference total only; fuel decomposition pending; no independent rail Load","TL:2019:Transport:RailFinalEnergyReference:mixed","RailFinalEnergyReference","false","false","false","MISSING","TL:mixed","false","false","TL/total rail","Transport","","","",""
"TL","2019","Transport","RoadParentFinalEnergy","all_final_energy","DIRECT_FUEL","0.4247","TWh/year","424700.0","","RoadParentFinalEnergy","REFERENCE","/home/jin/research/SGP_ESE5004_Stage2/pypsa-asean/resources/baseline-aims-3H-tutorial/energy_totals_base.csv","2019","af27beafc01cfb1920a23e632c05e858883a28efd9bbf94df3dfdba455fde261","Frozen derived cache; TWh/year -> MWh; raw/calorific provenance still pending","PENDING_ACCEPTED_COUNTRY_NODE_WEIGHTS","PENDING_ACCEPTED_SHAPE_AND_PHYSICAL_WEIGHTS","false","false","FIXED","FROZEN_UPSTREAM","REPRESENTATION_ACCEPTED_NUMERIC_PENDING","Independent cached final-energy control, not an extra fuel Load; EV share not accepted","TL:2019:Transport:RoadParentFinalEnergy:all_final_energy","RoadParentFinalEnergy","false","false","false","POSITIVE_CACHE_VALUE","TL:all_final_energy","false","false","TL/total road","Transport","","","",""
"TL","2019","Transport","RoadResidualFuel","biomass","DIRECT_FUEL","0.0","TWh/year","","","RoadResidualFuel","EXPLICIT","/home/jin/research/SGP_ESE5004_Stage2/pypsa-asean/resources/baseline-aims-3H-tutorial/energy_totals_base.csv","2019","af27beafc01cfb1920a23e632c05e858883a28efd9bbf94df3dfdba455fde261","Frozen derived cache; TWh/year -> MWh; raw/calorific provenance still pending","PENDING_ACCEPTED_COUNTRY_NODE_WEIGHTS","PENDING_ACCEPTED_SHAPE_AND_PHYSICAL_WEIGHTS","false","false","FIXED","MISSING","REPRESENTATION_ACCEPTED_NUMERIC_PENDING","Base-year carrier observation; future residual vector requires accepted energy share and fuel composition; cache zero has no certified raw-zero evidence","TL:2019:Transport:RoadResidualFuel:biomass","RoadResidualFuel","true","true","false","CACHE_ZERO_UNVERIFIED","TL:biomass","false","false","TL/road biomass","Transport","","","",""
"TL","2019","Transport","RoadResidualFuel","gas","DIRECT_FUEL","0.0","TWh/year","","","RoadResidualFuel","EXPLICIT","/home/jin/research/SGP_ESE5004_Stage2/pypsa-asean/resources/baseline-aims-3H-tutorial/energy_totals_base.csv","2019","af27beafc01cfb1920a23e632c05e858883a28efd9bbf94df3dfdba455fde261","Frozen derived cache; TWh/year -> MWh; raw/calorific provenance still pending","PENDING_ACCEPTED_COUNTRY_NODE_WEIGHTS","PENDING_ACCEPTED_SHAPE_AND_PHYSICAL_WEIGHTS","false","false","FIXED","MISSING","REPRESENTATION_ACCEPTED_NUMERIC_PENDING","Base-year carrier observation; future residual vector requires accepted energy share and fuel composition; cache zero has no certified raw-zero evidence","TL:2019:Transport:RoadResidualFuel:gas","RoadResidualFuel","true","true","false","CACHE_ZERO_UNVERIFIED","TL:gas","false","false","TL/road gas","Transport","","","",""
"TL","2019","Transport","RoadResidualFuel","oil","DIRECT_FUEL","0.4247","TWh/year","424700.0","","RoadResidualFuel","EXPLICIT","/home/jin/research/SGP_ESE5004_Stage2/pypsa-asean/resources/baseline-aims-3H-tutorial/energy_totals_base.csv","2019","af27beafc01cfb1920a23e632c05e858883a28efd9bbf94df3dfdba455fde261","Frozen derived cache; TWh/year -> MWh; raw/calorific provenance still pending","PENDING_ACCEPTED_COUNTRY_NODE_WEIGHTS","PENDING_ACCEPTED_SHAPE_AND_PHYSICAL_WEIGHTS","false","false","FIXED","FROZEN_UPSTREAM","REPRESENTATION_ACCEPTED_NUMERIC_PENDING","Base-year carrier observation; future residual vector requires accepted energy share and fuel composition","TL:2019:Transport:RoadResidualFuel:oil","RoadResidualFuel","true","true","false","POSITIVE_CACHE_VALUE","TL:oil","false","false","TL/road oil","Transport","","","",""
"TL","2019","Transport","TransportEmbeddedFuelParent","unclassified_fuel","UNCLASSIFIED","","","","","TransportEmbeddedFuelParent","EXPLICIT","","2019","","","PENDING_ACCEPTED_COUNTRY_NODE_WEIGHTS","PENDING_ACCEPTED_SHAPE_AND_PHYSICAL_WEIGHTS","false","false","FIXED","PENDING","REPRESENTATION_ACCEPTED_NUMERIC_PENDING","Rail fuel retained in one unresolved transport fuel parent; no extra rail oil Load or fabricated residual","TL:2019:Transport:TransportEmbeddedFuelParent:unclassified_fuel","TransportEmbeddedFuelParent","true","true","false","MISSING","","false","false","","Transport","","","",""
"TL","2030","Agriculture","AgricultureDirectElectricity","electricity","EMBEDDED","","","","Astar","AgricultureDirectElectricity","EMBEDDED","","2019","","","PENDING_ACCEPTED_COUNTRY_NODE_WEIGHTS","PENDING_ACCEPTED_SHAPE_AND_PHYSICAL_WEIGHTS","true","false","FIXED","PENDING","REPRESENTATION_ACCEPTED_NUMERIC_PENDING","Future direct electricity remains within Astar; no separate Load; growth unaccepted","TL:2030:Agriculture:AgricultureDirectElectricity:electricity","Astar","false","false","false","MISSING","TL:electricity","false","false","","Agriculture","","","",""
"TL","2030","Agriculture","AgricultureFinalEnergy","biomass","DIRECT_FUEL","","","","","AgricultureFinalEnergy","EXPLICIT","","2019","","","PENDING_ACCEPTED_COUNTRY_NODE_WEIGHTS","PENDING_ACCEPTED_SHAPE_AND_PHYSICAL_WEIGHTS","false","false","FIXED","PENDING","REPRESENTATION_ACCEPTED_NUMERIC_PENDING","PENDING_FUTURE_GROWTH; no DEFAULT or zero-growth assumption","TL:2030:Agriculture:AgricultureFinalEnergy:biomass","AgricultureFinalEnergy","true","true","false","MISSING","TL:biomass","false","false","","Agriculture","","","",""
"TL","2030","Agriculture","AgricultureFinalEnergy","coal","DIRECT_FUEL","","","","","AgricultureFinalEnergy","EXPLICIT","","2019","","","PENDING_ACCEPTED_COUNTRY_NODE_WEIGHTS","PENDING_ACCEPTED_SHAPE_AND_PHYSICAL_WEIGHTS","false","false","FIXED","PENDING","REPRESENTATION_ACCEPTED_NUMERIC_PENDING","PENDING_FUTURE_GROWTH; no DEFAULT or zero-growth assumption","TL:2030:Agriculture:AgricultureFinalEnergy:coal","AgricultureFinalEnergy","true","true","false","MISSING","TL:coal","false","false","","Agriculture","","","",""
"TL","2030","Agriculture","AgricultureFinalEnergy","oil","DIRECT_FUEL","","","","","AgricultureFinalEnergy","EXPLICIT","","2019","","","PENDING_ACCEPTED_COUNTRY_NODE_WEIGHTS","PENDING_ACCEPTED_SHAPE_AND_PHYSICAL_WEIGHTS","false","false","FIXED","PENDING","REPRESENTATION_ACCEPTED_NUMERIC_PENDING","PENDING_FUTURE_GROWTH; no DEFAULT or zero-growth assumption","TL:2030:Agriculture:AgricultureFinalEnergy:oil","AgricultureFinalEnergy","true","true","false","MISSING","TL:oil","false","false","","Agriculture","","","",""
"TL","2030","Buildings","ResidentialDirectElectricity","electricity","DIRECT_ELECTRICITY","","","","Astar","ResidentialDirectElectricity","EMBEDDED","","2019","","","PENDING_ACCEPTED_COUNTRY_NODE_WEIGHTS","PENDING_ACCEPTED_SHAPE_AND_PHYSICAL_WEIGHTS","true","false","FIXED","PENDING","REPRESENTATION_ACCEPTED_NUMERIC_PENDING","PENDING_FUTURE_GROWTH; separate R/S decomposition remains optional inside Astar","TL:2030:Buildings:ResidentialDirectElectricity:electricity","Astar","false","false","false","MISSING","TL:electricity","false","false","","Buildings","","","",""
"TL","2030","Buildings","ResidentialFuel","biomass","DIRECT_FUEL","","","","","ResidentialFuel","EXPLICIT","","2019","","","PENDING_ACCEPTED_COUNTRY_NODE_WEIGHTS","PENDING_ACCEPTED_SHAPE_AND_PHYSICAL_WEIGHTS","false","false","FIXED","PENDING","REPRESENTATION_ACCEPTED_NUMERIC_PENDING","PENDING_FUTURE_GROWTH; no default growth or heat conversion","TL:2030:Buildings:ResidentialFuel:biomass","ResidentialFuel","true","true","false","MISSING","TL:biomass","false","false","","Buildings","","","",""
"TL","2030","Buildings","ResidentialFuel","coal","DIRECT_FUEL","","","","","ResidentialFuel","EXPLICIT","","2019","","","PENDING_ACCEPTED_COUNTRY_NODE_WEIGHTS","PENDING_ACCEPTED_SHAPE_AND_PHYSICAL_WEIGHTS","false","false","FIXED","PENDING","REPRESENTATION_ACCEPTED_NUMERIC_PENDING","PENDING_FUTURE_GROWTH; no default growth or heat conversion","TL:2030:Buildings:ResidentialFuel:coal","ResidentialFuel","true","true","false","MISSING","TL:coal","false","false","","Buildings","","","",""
"TL","2030","Buildings","ResidentialFuel","gas","DIRECT_FUEL","","","","","ResidentialFuel","EXPLICIT","","2019","","","PENDING_ACCEPTED_COUNTRY_NODE_WEIGHTS","PENDING_ACCEPTED_SHAPE_AND_PHYSICAL_WEIGHTS","false","false","FIXED","PENDING","REPRESENTATION_ACCEPTED_NUMERIC_PENDING","PENDING_FUTURE_GROWTH; no default growth or heat conversion","TL:2030:Buildings:ResidentialFuel:gas","ResidentialFuel","true","true","false","MISSING","TL:gas","false","false","","Buildings","","","",""
"TL","2030","Buildings","ResidentialFuel","oil","DIRECT_FUEL","","","","","ResidentialFuel","EXPLICIT","","2019","","","PENDING_ACCEPTED_COUNTRY_NODE_WEIGHTS","PENDING_ACCEPTED_SHAPE_AND_PHYSICAL_WEIGHTS","false","false","FIXED","PENDING","REPRESENTATION_ACCEPTED_NUMERIC_PENDING","PENDING_FUTURE_GROWTH; no default growth or heat conversion","TL:2030:Buildings:ResidentialFuel:oil","ResidentialFuel","true","true","false","MISSING","TL:oil","false","false","","Buildings","","","",""
"TL","2030","Buildings","ServicesDirectElectricity","electricity","DIRECT_ELECTRICITY","","","","Astar","ServicesDirectElectricity","EMBEDDED","","2019","","","PENDING_ACCEPTED_COUNTRY_NODE_WEIGHTS","PENDING_ACCEPTED_SHAPE_AND_PHYSICAL_WEIGHTS","true","false","FIXED","PENDING","REPRESENTATION_ACCEPTED_NUMERIC_PENDING","PENDING_FUTURE_GROWTH; separate R/S decomposition remains optional inside Astar","TL:2030:Buildings:ServicesDirectElectricity:electricity","Astar","false","false","false","MISSING","TL:electricity","false","false","","Buildings","","","",""
"TL","2030","Buildings","ServicesFuel","biomass","DIRECT_FUEL","","","","","ServicesFuel","EXPLICIT","","2019","","","PENDING_ACCEPTED_COUNTRY_NODE_WEIGHTS","PENDING_ACCEPTED_SHAPE_AND_PHYSICAL_WEIGHTS","false","false","FIXED","PENDING","REPRESENTATION_ACCEPTED_NUMERIC_PENDING","PENDING_FUTURE_GROWTH; no default growth or heat conversion","TL:2030:Buildings:ServicesFuel:biomass","ServicesFuel","true","true","false","MISSING","TL:biomass","false","false","","Buildings","","","",""
"TL","2030","Buildings","ServicesFuel","coal","DIRECT_FUEL","","","","","ServicesFuel","EXPLICIT","","2019","","","PENDING_ACCEPTED_COUNTRY_NODE_WEIGHTS","PENDING_ACCEPTED_SHAPE_AND_PHYSICAL_WEIGHTS","false","false","FIXED","PENDING","REPRESENTATION_ACCEPTED_NUMERIC_PENDING","PENDING_FUTURE_GROWTH; no default growth or heat conversion","TL:2030:Buildings:ServicesFuel:coal","ServicesFuel","true","true","false","MISSING","TL:coal","false","false","","Buildings","","","",""
"TL","2030","Buildings","ServicesFuel","gas","DIRECT_FUEL","","","","","ServicesFuel","EXPLICIT","","2019","","","PENDING_ACCEPTED_COUNTRY_NODE_WEIGHTS","PENDING_ACCEPTED_SHAPE_AND_PHYSICAL_WEIGHTS","false","false","FIXED","PENDING","REPRESENTATION_ACCEPTED_NUMERIC_PENDING","PENDING_FUTURE_GROWTH; no default growth or heat conversion","TL:2030:Buildings:ServicesFuel:gas","ServicesFuel","true","true","false","MISSING","TL:gas","false","false","","Buildings","","","",""
"TL","2030","Buildings","ServicesFuel","oil","DIRECT_FUEL","","","","","ServicesFuel","EXPLICIT","","2019","","","PENDING_ACCEPTED_COUNTRY_NODE_WEIGHTS","PENDING_ACCEPTED_SHAPE_AND_PHYSICAL_WEIGHTS","false","false","FIXED","PENDING","REPRESENTATION_ACCEPTED_NUMERIC_PENDING","PENDING_FUTURE_GROWTH; no default growth or heat conversion","TL:2030:Buildings:ServicesFuel:oil","ServicesFuel","true","true","false","MISSING","TL:oil","false","false","","Buildings","","","",""
"TL","2030","Bunker","InternationalAviationBunker","oil","BUNKER_FUEL","","","","","InternationalAviationBunker","EXPLICIT","","2019","","","PENDING_ACCEPTED_COUNTRY_NODE_WEIGHTS","PENDING_ACCEPTED_SHAPE_AND_PHYSICAL_WEIGHTS","false","false","FIXED","PENDING","REPRESENTATION_ACCEPTED_NUMERIC_PENDING","PENDING_FUTURE_GROWTH; upstream default projection not accepted","TL:2030:Bunker:InternationalAviationBunker:oil","InternationalAviationBunker","true","true","false","MISSING","TL:oil","false","false","","bunker","","","",""
"TL","2030","Bunker","InternationalShippingBunker","oil","BUNKER_FUEL","","","","","InternationalShippingBunker","EXPLICIT","","2019","","","PENDING_ACCEPTED_COUNTRY_NODE_WEIGHTS","PENDING_ACCEPTED_SHAPE_AND_PHYSICAL_WEIGHTS","false","false","FIXED","PENDING","REPRESENTATION_ACCEPTED_NUMERIC_PENDING","PENDING_FUTURE_GROWTH; upstream default projection not accepted","TL:2030:Bunker:InternationalShippingBunker:oil","InternationalShippingBunker","true","true","false","MISSING","TL:oil","false","false","","bunker","","","",""
"TL","2030","Electricity","Astar","electricity","DIRECT_ELECTRICITY","","","","","Astar","EXPLICIT","","2019","","","PENDING_ACCEPTED_COUNTRY_NODE_WEIGHTS","PENDING_ACCEPTED_SHAPE_AND_PHYSICAL_WEIGHTS","true","false","FIXED","PENDING","REPRESENTATION_ACCEPTED_NUMERIC_PENDING","FUTURE_DIRECT_ELECTRICITY_PENDING; no AEO8 generation/DemandCast/default-growth fallback","TL:2030:Electricity:Astar:electricity","Astar","true","true","false","MISSING","TL:electricity","false","false","","electricity","","","",""
"TL","2030","Industry","IndustryDirectElectricity","electricity","EMBEDDED","","","","Astar","IndustryDirectElectricity","EMBEDDED","","2019","","","PENDING_ACCEPTED_COUNTRY_NODE_WEIGHTS","PENDING_ACCEPTED_SHAPE_AND_PHYSICAL_WEIGHTS","true","false","FIXED","PENDING","REPRESENTATION_ACCEPTED_NUMERIC_PENDING","Future direct electricity remains within Astar; no separate Load; growth unaccepted","TL:2030:Industry:IndustryDirectElectricity:electricity","Astar","false","false","false","MISSING","TL:electricity","false","false","","Industry","","","",""
"TL","2030","Industry","IndustryFinalEnergy","biomass","DIRECT_FUEL","","","","","IndustryFinalEnergy","EXPLICIT","","2019","","","PENDING_ACCEPTED_COUNTRY_NODE_WEIGHTS","PENDING_ACCEPTED_SHAPE_AND_PHYSICAL_WEIGHTS","false","false","FIXED","PENDING","REPRESENTATION_ACCEPTED_NUMERIC_PENDING","PENDING_FUTURE_GROWTH; no DEFAULT or zero-growth assumption","TL:2030:Industry:IndustryFinalEnergy:biomass","IndustryFinalEnergy","true","true","false","MISSING","TL:biomass","false","false","","Industry","","","",""
"TL","2030","Industry","IndustryFinalEnergy","coal","DIRECT_FUEL","","","","","IndustryFinalEnergy","EXPLICIT","","2019","","","PENDING_ACCEPTED_COUNTRY_NODE_WEIGHTS","PENDING_ACCEPTED_SHAPE_AND_PHYSICAL_WEIGHTS","false","false","FIXED","PENDING","REPRESENTATION_ACCEPTED_NUMERIC_PENDING","PENDING_FUTURE_GROWTH; no DEFAULT or zero-growth assumption","TL:2030:Industry:IndustryFinalEnergy:coal","IndustryFinalEnergy","true","true","false","MISSING","TL:coal","false","false","","Industry","","","",""
"TL","2030","Industry","IndustryFinalEnergy","gas","DIRECT_FUEL","","","","","IndustryFinalEnergy","EXPLICIT","","2019","","","PENDING_ACCEPTED_COUNTRY_NODE_WEIGHTS","PENDING_ACCEPTED_SHAPE_AND_PHYSICAL_WEIGHTS","false","false","FIXED","PENDING","REPRESENTATION_ACCEPTED_NUMERIC_PENDING","PENDING_FUTURE_GROWTH; no DEFAULT or zero-growth assumption","TL:2030:Industry:IndustryFinalEnergy:gas","IndustryFinalEnergy","true","true","false","MISSING","TL:gas","false","false","","Industry","","","",""
"TL","2030","Industry","IndustryFinalEnergy","oil","DIRECT_FUEL","","","","","IndustryFinalEnergy","EXPLICIT","","2019","","","PENDING_ACCEPTED_COUNTRY_NODE_WEIGHTS","PENDING_ACCEPTED_SHAPE_AND_PHYSICAL_WEIGHTS","false","false","FIXED","PENDING","REPRESENTATION_ACCEPTED_NUMERIC_PENDING","PENDING_FUTURE_GROWTH; no DEFAULT or zero-growth assumption","TL:2030:Industry:IndustryFinalEnergy:oil","IndustryFinalEnergy","true","true","false","MISSING","TL:oil","false","false","","Industry","","","",""
"TL","2030","Transport","DomesticAviationFuel","oil","DIRECT_FUEL","","","","","DomesticAviationFuel","EXPLICIT","","2019","","","PENDING_ACCEPTED_COUNTRY_NODE_WEIGHTS","PENDING_ACCEPTED_SHAPE_AND_PHYSICAL_WEIGHTS","false","false","FIXED","PENDING","REPRESENTATION_ACCEPTED_NUMERIC_PENDING","PENDING_FUTURE_GROWTH; upstream default projection not accepted","TL:2030:Transport:DomesticAviationFuel:oil","DomesticAviationFuel","true","true","false","MISSING","TL:oil","false","false","","bunker","","","",""
"TL","2030","Transport","DomesticShippingFuel","oil","DIRECT_FUEL","","","","","DomesticShippingFuel","EXPLICIT","","2019","","","PENDING_ACCEPTED_COUNTRY_NODE_WEIGHTS","PENDING_ACCEPTED_SHAPE_AND_PHYSICAL_WEIGHTS","false","false","FIXED","PENDING","REPRESENTATION_ACCEPTED_NUMERIC_PENDING","PENDING_FUTURE_GROWTH; upstream default projection not accepted","TL:2030:Transport:DomesticShippingFuel:oil","DomesticShippingFuel","true","true","false","MISSING","TL:oil","false","false","","bunker","","","",""
"TL","2030","Transport","RailElectricity","electricity","EMBEDDED","","","","Astar","RailElectricity","EMBEDDED","","2019","","","PENDING_ACCEPTED_COUNTRY_NODE_WEIGHTS","PENDING_ACCEPTED_SHAPE_AND_PHYSICAL_WEIGHTS","true","false","FIXED","PENDING","REPRESENTATION_ACCEPTED_NUMERIC_PENDING","Future rail stays in Astar once; decomposition pending","TL:2030:Transport:RailElectricity:electricity","Astar","false","false","false","MISSING","TL:electricity","false","false","","Transport","","","",""
"TL","2030","Transport","RoadEVFinalElectricity","electricity","DIRECT_ELECTRICITY","","","","","RoadEVFinalElectricity","EXPLICIT","","2019","","","PENDING_ACCEPTED_COUNTRY_NODE_WEIGHTS","PENDING_ACCEPTED_SHAPE_AND_PHYSICAL_WEIGHTS","false","false","FIXED","PENDING","REPRESENTATION_ACCEPTED_NUMERIC_PENDING","External final-energy share pending; future EV excluded from future direct Astar; no kWh/km proxy","TL:2030:Transport:RoadEVFinalElectricity:electricity","RoadEVFinalElectricity","true","true","false","MISSING","TL:electricity","false","false","","Transport","","","",""
"TL","2030","Transport","RoadResidualFuel","biomass","DIRECT_FUEL","","","","","RoadResidualFuel","EXPLICIT","","2019","","","PENDING_ACCEPTED_COUNTRY_NODE_WEIGHTS","PENDING_ACCEPTED_SHAPE_AND_PHYSICAL_WEIGHTS","false","false","FIXED","PENDING","REPRESENTATION_ACCEPTED_NUMERIC_PENDING","PENDING_FUTURE_GROWTH_AND_EV_ENERGY_PATH; carrier vector retained","TL:2030:Transport:RoadResidualFuel:biomass","RoadResidualFuel","true","true","false","MISSING","TL:biomass","false","false","","Transport","","","",""
"TL","2030","Transport","RoadResidualFuel","gas","DIRECT_FUEL","","","","","RoadResidualFuel","EXPLICIT","","2019","","","PENDING_ACCEPTED_COUNTRY_NODE_WEIGHTS","PENDING_ACCEPTED_SHAPE_AND_PHYSICAL_WEIGHTS","false","false","FIXED","PENDING","REPRESENTATION_ACCEPTED_NUMERIC_PENDING","PENDING_FUTURE_GROWTH_AND_EV_ENERGY_PATH; carrier vector retained","TL:2030:Transport:RoadResidualFuel:gas","RoadResidualFuel","true","true","false","MISSING","TL:gas","false","false","","Transport","","","",""
"TL","2030","Transport","RoadResidualFuel","oil","DIRECT_FUEL","","","","","RoadResidualFuel","EXPLICIT","","2019","","","PENDING_ACCEPTED_COUNTRY_NODE_WEIGHTS","PENDING_ACCEPTED_SHAPE_AND_PHYSICAL_WEIGHTS","false","false","FIXED","PENDING","REPRESENTATION_ACCEPTED_NUMERIC_PENDING","PENDING_FUTURE_GROWTH_AND_EV_ENERGY_PATH; carrier vector retained","TL:2030:Transport:RoadResidualFuel:oil","RoadResidualFuel","true","true","false","MISSING","TL:oil","false","false","","Transport","","","",""
"TL","2030","Transport","TransportEmbeddedFuelParent","unclassified_fuel","UNCLASSIFIED","","","","","TransportEmbeddedFuelParent","EXPLICIT","","2019","","","PENDING_ACCEPTED_COUNTRY_NODE_WEIGHTS","PENDING_ACCEPTED_SHAPE_AND_PHYSICAL_WEIGHTS","false","false","FIXED","PENDING","REPRESENTATION_ACCEPTED_NUMERIC_PENDING","Rail fuel remains within one pending transport fuel parent; no duplicate rail Load","TL:2030:Transport:TransportEmbeddedFuelParent:unclassified_fuel","TransportEmbeddedFuelParent","true","true","false","MISSING","","false","false","","Transport","","","",""
"TL","2040","Agriculture","AgricultureDirectElectricity","electricity","EMBEDDED","","","","Astar","AgricultureDirectElectricity","EMBEDDED","","2019","","","PENDING_ACCEPTED_COUNTRY_NODE_WEIGHTS","PENDING_ACCEPTED_SHAPE_AND_PHYSICAL_WEIGHTS","true","false","FIXED","PENDING","REPRESENTATION_ACCEPTED_NUMERIC_PENDING","Future direct electricity remains within Astar; no separate Load; growth unaccepted","TL:2040:Agriculture:AgricultureDirectElectricity:electricity","Astar","false","false","false","MISSING","TL:electricity","false","false","","Agriculture","","","",""
"TL","2040","Agriculture","AgricultureFinalEnergy","biomass","DIRECT_FUEL","","","","","AgricultureFinalEnergy","EXPLICIT","","2019","","","PENDING_ACCEPTED_COUNTRY_NODE_WEIGHTS","PENDING_ACCEPTED_SHAPE_AND_PHYSICAL_WEIGHTS","false","false","FIXED","PENDING","REPRESENTATION_ACCEPTED_NUMERIC_PENDING","PENDING_FUTURE_GROWTH; no DEFAULT or zero-growth assumption","TL:2040:Agriculture:AgricultureFinalEnergy:biomass","AgricultureFinalEnergy","true","true","false","MISSING","TL:biomass","false","false","","Agriculture","","","",""
"TL","2040","Agriculture","AgricultureFinalEnergy","coal","DIRECT_FUEL","","","","","AgricultureFinalEnergy","EXPLICIT","","2019","","","PENDING_ACCEPTED_COUNTRY_NODE_WEIGHTS","PENDING_ACCEPTED_SHAPE_AND_PHYSICAL_WEIGHTS","false","false","FIXED","PENDING","REPRESENTATION_ACCEPTED_NUMERIC_PENDING","PENDING_FUTURE_GROWTH; no DEFAULT or zero-growth assumption","TL:2040:Agriculture:AgricultureFinalEnergy:coal","AgricultureFinalEnergy","true","true","false","MISSING","TL:coal","false","false","","Agriculture","","","",""
"TL","2040","Agriculture","AgricultureFinalEnergy","oil","DIRECT_FUEL","","","","","AgricultureFinalEnergy","EXPLICIT","","2019","","","PENDING_ACCEPTED_COUNTRY_NODE_WEIGHTS","PENDING_ACCEPTED_SHAPE_AND_PHYSICAL_WEIGHTS","false","false","FIXED","PENDING","REPRESENTATION_ACCEPTED_NUMERIC_PENDING","PENDING_FUTURE_GROWTH; no DEFAULT or zero-growth assumption","TL:2040:Agriculture:AgricultureFinalEnergy:oil","AgricultureFinalEnergy","true","true","false","MISSING","TL:oil","false","false","","Agriculture","","","",""
"TL","2040","Buildings","ResidentialDirectElectricity","electricity","DIRECT_ELECTRICITY","","","","Astar","ResidentialDirectElectricity","EMBEDDED","","2019","","","PENDING_ACCEPTED_COUNTRY_NODE_WEIGHTS","PENDING_ACCEPTED_SHAPE_AND_PHYSICAL_WEIGHTS","true","false","FIXED","PENDING","REPRESENTATION_ACCEPTED_NUMERIC_PENDING","PENDING_FUTURE_GROWTH; separate R/S decomposition remains optional inside Astar","TL:2040:Buildings:ResidentialDirectElectricity:electricity","Astar","false","false","false","MISSING","TL:electricity","false","false","","Buildings","","","",""
"TL","2040","Buildings","ResidentialFuel","biomass","DIRECT_FUEL","","","","","ResidentialFuel","EXPLICIT","","2019","","","PENDING_ACCEPTED_COUNTRY_NODE_WEIGHTS","PENDING_ACCEPTED_SHAPE_AND_PHYSICAL_WEIGHTS","false","false","FIXED","PENDING","REPRESENTATION_ACCEPTED_NUMERIC_PENDING","PENDING_FUTURE_GROWTH; no default growth or heat conversion","TL:2040:Buildings:ResidentialFuel:biomass","ResidentialFuel","true","true","false","MISSING","TL:biomass","false","false","","Buildings","","","",""
"TL","2040","Buildings","ResidentialFuel","coal","DIRECT_FUEL","","","","","ResidentialFuel","EXPLICIT","","2019","","","PENDING_ACCEPTED_COUNTRY_NODE_WEIGHTS","PENDING_ACCEPTED_SHAPE_AND_PHYSICAL_WEIGHTS","false","false","FIXED","PENDING","REPRESENTATION_ACCEPTED_NUMERIC_PENDING","PENDING_FUTURE_GROWTH; no default growth or heat conversion","TL:2040:Buildings:ResidentialFuel:coal","ResidentialFuel","true","true","false","MISSING","TL:coal","false","false","","Buildings","","","",""
"TL","2040","Buildings","ResidentialFuel","gas","DIRECT_FUEL","","","","","ResidentialFuel","EXPLICIT","","2019","","","PENDING_ACCEPTED_COUNTRY_NODE_WEIGHTS","PENDING_ACCEPTED_SHAPE_AND_PHYSICAL_WEIGHTS","false","false","FIXED","PENDING","REPRESENTATION_ACCEPTED_NUMERIC_PENDING","PENDING_FUTURE_GROWTH; no default growth or heat conversion","TL:2040:Buildings:ResidentialFuel:gas","ResidentialFuel","true","true","false","MISSING","TL:gas","false","false","","Buildings","","","",""
"TL","2040","Buildings","ResidentialFuel","oil","DIRECT_FUEL","","","","","ResidentialFuel","EXPLICIT","","2019","","","PENDING_ACCEPTED_COUNTRY_NODE_WEIGHTS","PENDING_ACCEPTED_SHAPE_AND_PHYSICAL_WEIGHTS","false","false","FIXED","PENDING","REPRESENTATION_ACCEPTED_NUMERIC_PENDING","PENDING_FUTURE_GROWTH; no default growth or heat conversion","TL:2040:Buildings:ResidentialFuel:oil","ResidentialFuel","true","true","false","MISSING","TL:oil","false","false","","Buildings","","","",""
"TL","2040","Buildings","ServicesDirectElectricity","electricity","DIRECT_ELECTRICITY","","","","Astar","ServicesDirectElectricity","EMBEDDED","","2019","","","PENDING_ACCEPTED_COUNTRY_NODE_WEIGHTS","PENDING_ACCEPTED_SHAPE_AND_PHYSICAL_WEIGHTS","true","false","FIXED","PENDING","REPRESENTATION_ACCEPTED_NUMERIC_PENDING","PENDING_FUTURE_GROWTH; separate R/S decomposition remains optional inside Astar","TL:2040:Buildings:ServicesDirectElectricity:electricity","Astar","false","false","false","MISSING","TL:electricity","false","false","","Buildings","","","",""
"TL","2040","Buildings","ServicesFuel","biomass","DIRECT_FUEL","","","","","ServicesFuel","EXPLICIT","","2019","","","PENDING_ACCEPTED_COUNTRY_NODE_WEIGHTS","PENDING_ACCEPTED_SHAPE_AND_PHYSICAL_WEIGHTS","false","false","FIXED","PENDING","REPRESENTATION_ACCEPTED_NUMERIC_PENDING","PENDING_FUTURE_GROWTH; no default growth or heat conversion","TL:2040:Buildings:ServicesFuel:biomass","ServicesFuel","true","true","false","MISSING","TL:biomass","false","false","","Buildings","","","",""
"TL","2040","Buildings","ServicesFuel","coal","DIRECT_FUEL","","","","","ServicesFuel","EXPLICIT","","2019","","","PENDING_ACCEPTED_COUNTRY_NODE_WEIGHTS","PENDING_ACCEPTED_SHAPE_AND_PHYSICAL_WEIGHTS","false","false","FIXED","PENDING","REPRESENTATION_ACCEPTED_NUMERIC_PENDING","PENDING_FUTURE_GROWTH; no default growth or heat conversion","TL:2040:Buildings:ServicesFuel:coal","ServicesFuel","true","true","false","MISSING","TL:coal","false","false","","Buildings","","","",""
"TL","2040","Buildings","ServicesFuel","gas","DIRECT_FUEL","","","","","ServicesFuel","EXPLICIT","","2019","","","PENDING_ACCEPTED_COUNTRY_NODE_WEIGHTS","PENDING_ACCEPTED_SHAPE_AND_PHYSICAL_WEIGHTS","false","false","FIXED","PENDING","REPRESENTATION_ACCEPTED_NUMERIC_PENDING","PENDING_FUTURE_GROWTH; no default growth or heat conversion","TL:2040:Buildings:ServicesFuel:gas","ServicesFuel","true","true","false","MISSING","TL:gas","false","false","","Buildings","","","",""
"TL","2040","Buildings","ServicesFuel","oil","DIRECT_FUEL","","","","","ServicesFuel","EXPLICIT","","2019","","","PENDING_ACCEPTED_COUNTRY_NODE_WEIGHTS","PENDING_ACCEPTED_SHAPE_AND_PHYSICAL_WEIGHTS","false","false","FIXED","PENDING","REPRESENTATION_ACCEPTED_NUMERIC_PENDING","PENDING_FUTURE_GROWTH; no default growth or heat conversion","TL:2040:Buildings:ServicesFuel:oil","ServicesFuel","true","true","false","MISSING","TL:oil","false","false","","Buildings","","","",""
"TL","2040","Bunker","InternationalAviationBunker","oil","BUNKER_FUEL","","","","","InternationalAviationBunker","EXPLICIT","","2019","","","PENDING_ACCEPTED_COUNTRY_NODE_WEIGHTS","PENDING_ACCEPTED_SHAPE_AND_PHYSICAL_WEIGHTS","false","false","FIXED","PENDING","REPRESENTATION_ACCEPTED_NUMERIC_PENDING","PENDING_FUTURE_GROWTH; upstream default projection not accepted","TL:2040:Bunker:InternationalAviationBunker:oil","InternationalAviationBunker","true","true","false","MISSING","TL:oil","false","false","","bunker","","","",""
"TL","2040","Bunker","InternationalShippingBunker","oil","BUNKER_FUEL","","","","","InternationalShippingBunker","EXPLICIT","","2019","","","PENDING_ACCEPTED_COUNTRY_NODE_WEIGHTS","PENDING_ACCEPTED_SHAPE_AND_PHYSICAL_WEIGHTS","false","false","FIXED","PENDING","REPRESENTATION_ACCEPTED_NUMERIC_PENDING","PENDING_FUTURE_GROWTH; upstream default projection not accepted","TL:2040:Bunker:InternationalShippingBunker:oil","InternationalShippingBunker","true","true","false","MISSING","TL:oil","false","false","","bunker","","","",""
"TL","2040","Electricity","Astar","electricity","DIRECT_ELECTRICITY","","","","","Astar","EXPLICIT","","2019","","","PENDING_ACCEPTED_COUNTRY_NODE_WEIGHTS","PENDING_ACCEPTED_SHAPE_AND_PHYSICAL_WEIGHTS","true","false","FIXED","PENDING","REPRESENTATION_ACCEPTED_NUMERIC_PENDING","FUTURE_DIRECT_ELECTRICITY_PENDING; no AEO8 generation/DemandCast/default-growth fallback","TL:2040:Electricity:Astar:electricity","Astar","true","true","false","MISSING","TL:electricity","false","false","","electricity","","","",""
"TL","2040","Industry","IndustryDirectElectricity","electricity","EMBEDDED","","","","Astar","IndustryDirectElectricity","EMBEDDED","","2019","","","PENDING_ACCEPTED_COUNTRY_NODE_WEIGHTS","PENDING_ACCEPTED_SHAPE_AND_PHYSICAL_WEIGHTS","true","false","FIXED","PENDING","REPRESENTATION_ACCEPTED_NUMERIC_PENDING","Future direct electricity remains within Astar; no separate Load; growth unaccepted","TL:2040:Industry:IndustryDirectElectricity:electricity","Astar","false","false","false","MISSING","TL:electricity","false","false","","Industry","","","",""
"TL","2040","Industry","IndustryFinalEnergy","biomass","DIRECT_FUEL","","","","","IndustryFinalEnergy","EXPLICIT","","2019","","","PENDING_ACCEPTED_COUNTRY_NODE_WEIGHTS","PENDING_ACCEPTED_SHAPE_AND_PHYSICAL_WEIGHTS","false","false","FIXED","PENDING","REPRESENTATION_ACCEPTED_NUMERIC_PENDING","PENDING_FUTURE_GROWTH; no DEFAULT or zero-growth assumption","TL:2040:Industry:IndustryFinalEnergy:biomass","IndustryFinalEnergy","true","true","false","MISSING","TL:biomass","false","false","","Industry","","","",""
"TL","2040","Industry","IndustryFinalEnergy","coal","DIRECT_FUEL","","","","","IndustryFinalEnergy","EXPLICIT","","2019","","","PENDING_ACCEPTED_COUNTRY_NODE_WEIGHTS","PENDING_ACCEPTED_SHAPE_AND_PHYSICAL_WEIGHTS","false","false","FIXED","PENDING","REPRESENTATION_ACCEPTED_NUMERIC_PENDING","PENDING_FUTURE_GROWTH; no DEFAULT or zero-growth assumption","TL:2040:Industry:IndustryFinalEnergy:coal","IndustryFinalEnergy","true","true","false","MISSING","TL:coal","false","false","","Industry","","","",""
"TL","2040","Industry","IndustryFinalEnergy","gas","DIRECT_FUEL","","","","","IndustryFinalEnergy","EXPLICIT","","2019","","","PENDING_ACCEPTED_COUNTRY_NODE_WEIGHTS","PENDING_ACCEPTED_SHAPE_AND_PHYSICAL_WEIGHTS","false","false","FIXED","PENDING","REPRESENTATION_ACCEPTED_NUMERIC_PENDING","PENDING_FUTURE_GROWTH; no DEFAULT or zero-growth assumption","TL:2040:Industry:IndustryFinalEnergy:gas","IndustryFinalEnergy","true","true","false","MISSING","TL:gas","false","false","","Industry","","","",""
"TL","2040","Industry","IndustryFinalEnergy","oil","DIRECT_FUEL","","","","","IndustryFinalEnergy","EXPLICIT","","2019","","","PENDING_ACCEPTED_COUNTRY_NODE_WEIGHTS","PENDING_ACCEPTED_SHAPE_AND_PHYSICAL_WEIGHTS","false","false","FIXED","PENDING","REPRESENTATION_ACCEPTED_NUMERIC_PENDING","PENDING_FUTURE_GROWTH; no DEFAULT or zero-growth assumption","TL:2040:Industry:IndustryFinalEnergy:oil","IndustryFinalEnergy","true","true","false","MISSING","TL:oil","false","false","","Industry","","","",""
"TL","2040","Transport","DomesticAviationFuel","oil","DIRECT_FUEL","","","","","DomesticAviationFuel","EXPLICIT","","2019","","","PENDING_ACCEPTED_COUNTRY_NODE_WEIGHTS","PENDING_ACCEPTED_SHAPE_AND_PHYSICAL_WEIGHTS","false","false","FIXED","PENDING","REPRESENTATION_ACCEPTED_NUMERIC_PENDING","PENDING_FUTURE_GROWTH; upstream default projection not accepted","TL:2040:Transport:DomesticAviationFuel:oil","DomesticAviationFuel","true","true","false","MISSING","TL:oil","false","false","","bunker","","","",""
"TL","2040","Transport","DomesticShippingFuel","oil","DIRECT_FUEL","","","","","DomesticShippingFuel","EXPLICIT","","2019","","","PENDING_ACCEPTED_COUNTRY_NODE_WEIGHTS","PENDING_ACCEPTED_SHAPE_AND_PHYSICAL_WEIGHTS","false","false","FIXED","PENDING","REPRESENTATION_ACCEPTED_NUMERIC_PENDING","PENDING_FUTURE_GROWTH; upstream default projection not accepted","TL:2040:Transport:DomesticShippingFuel:oil","DomesticShippingFuel","true","true","false","MISSING","TL:oil","false","false","","bunker","","","",""
"TL","2040","Transport","RailElectricity","electricity","EMBEDDED","","","","Astar","RailElectricity","EMBEDDED","","2019","","","PENDING_ACCEPTED_COUNTRY_NODE_WEIGHTS","PENDING_ACCEPTED_SHAPE_AND_PHYSICAL_WEIGHTS","true","false","FIXED","PENDING","REPRESENTATION_ACCEPTED_NUMERIC_PENDING","Future rail stays in Astar once; decomposition pending","TL:2040:Transport:RailElectricity:electricity","Astar","false","false","false","MISSING","TL:electricity","false","false","","Transport","","","",""
"TL","2040","Transport","RoadEVFinalElectricity","electricity","DIRECT_ELECTRICITY","","","","","RoadEVFinalElectricity","EXPLICIT","","2019","","","PENDING_ACCEPTED_COUNTRY_NODE_WEIGHTS","PENDING_ACCEPTED_SHAPE_AND_PHYSICAL_WEIGHTS","false","false","FIXED","PENDING","REPRESENTATION_ACCEPTED_NUMERIC_PENDING","External final-energy share pending; future EV excluded from future direct Astar; no kWh/km proxy","TL:2040:Transport:RoadEVFinalElectricity:electricity","RoadEVFinalElectricity","true","true","false","MISSING","TL:electricity","false","false","","Transport","","","",""
"TL","2040","Transport","RoadResidualFuel","biomass","DIRECT_FUEL","","","","","RoadResidualFuel","EXPLICIT","","2019","","","PENDING_ACCEPTED_COUNTRY_NODE_WEIGHTS","PENDING_ACCEPTED_SHAPE_AND_PHYSICAL_WEIGHTS","false","false","FIXED","PENDING","REPRESENTATION_ACCEPTED_NUMERIC_PENDING","PENDING_FUTURE_GROWTH_AND_EV_ENERGY_PATH; carrier vector retained","TL:2040:Transport:RoadResidualFuel:biomass","RoadResidualFuel","true","true","false","MISSING","TL:biomass","false","false","","Transport","","","",""
"TL","2040","Transport","RoadResidualFuel","gas","DIRECT_FUEL","","","","","RoadResidualFuel","EXPLICIT","","2019","","","PENDING_ACCEPTED_COUNTRY_NODE_WEIGHTS","PENDING_ACCEPTED_SHAPE_AND_PHYSICAL_WEIGHTS","false","false","FIXED","PENDING","REPRESENTATION_ACCEPTED_NUMERIC_PENDING","PENDING_FUTURE_GROWTH_AND_EV_ENERGY_PATH; carrier vector retained","TL:2040:Transport:RoadResidualFuel:gas","RoadResidualFuel","true","true","false","MISSING","TL:gas","false","false","","Transport","","","",""
"TL","2040","Transport","RoadResidualFuel","oil","DIRECT_FUEL","","","","","RoadResidualFuel","EXPLICIT","","2019","","","PENDING_ACCEPTED_COUNTRY_NODE_WEIGHTS","PENDING_ACCEPTED_SHAPE_AND_PHYSICAL_WEIGHTS","false","false","FIXED","PENDING","REPRESENTATION_ACCEPTED_NUMERIC_PENDING","PENDING_FUTURE_GROWTH_AND_EV_ENERGY_PATH; carrier vector retained","TL:2040:Transport:RoadResidualFuel:oil","RoadResidualFuel","true","true","false","MISSING","TL:oil","false","false","","Transport","","","",""
"TL","2040","Transport","TransportEmbeddedFuelParent","unclassified_fuel","UNCLASSIFIED","","","","","TransportEmbeddedFuelParent","EXPLICIT","","2019","","","PENDING_ACCEPTED_COUNTRY_NODE_WEIGHTS","PENDING_ACCEPTED_SHAPE_AND_PHYSICAL_WEIGHTS","false","false","FIXED","PENDING","REPRESENTATION_ACCEPTED_NUMERIC_PENDING","Rail fuel remains within one pending transport fuel parent; no duplicate rail Load","TL:2040:Transport:TransportEmbeddedFuelParent:unclassified_fuel","TransportEmbeddedFuelParent","true","true","false","MISSING","","false","false","","Transport","","","",""
"TL","2050","Agriculture","AgricultureDirectElectricity","electricity","EMBEDDED","","","","Astar","AgricultureDirectElectricity","EMBEDDED","","2019","","","PENDING_ACCEPTED_COUNTRY_NODE_WEIGHTS","PENDING_ACCEPTED_SHAPE_AND_PHYSICAL_WEIGHTS","true","false","FIXED","PENDING","REPRESENTATION_ACCEPTED_NUMERIC_PENDING","Future direct electricity remains within Astar; no separate Load; growth unaccepted","TL:2050:Agriculture:AgricultureDirectElectricity:electricity","Astar","false","false","false","MISSING","TL:electricity","false","false","","Agriculture","","","",""
"TL","2050","Agriculture","AgricultureFinalEnergy","biomass","DIRECT_FUEL","","","","","AgricultureFinalEnergy","EXPLICIT","","2019","","","PENDING_ACCEPTED_COUNTRY_NODE_WEIGHTS","PENDING_ACCEPTED_SHAPE_AND_PHYSICAL_WEIGHTS","false","false","FIXED","PENDING","REPRESENTATION_ACCEPTED_NUMERIC_PENDING","PENDING_FUTURE_GROWTH; no DEFAULT or zero-growth assumption","TL:2050:Agriculture:AgricultureFinalEnergy:biomass","AgricultureFinalEnergy","true","true","false","MISSING","TL:biomass","false","false","","Agriculture","","","",""
"TL","2050","Agriculture","AgricultureFinalEnergy","coal","DIRECT_FUEL","","","","","AgricultureFinalEnergy","EXPLICIT","","2019","","","PENDING_ACCEPTED_COUNTRY_NODE_WEIGHTS","PENDING_ACCEPTED_SHAPE_AND_PHYSICAL_WEIGHTS","false","false","FIXED","PENDING","REPRESENTATION_ACCEPTED_NUMERIC_PENDING","PENDING_FUTURE_GROWTH; no DEFAULT or zero-growth assumption","TL:2050:Agriculture:AgricultureFinalEnergy:coal","AgricultureFinalEnergy","true","true","false","MISSING","TL:coal","false","false","","Agriculture","","","",""
"TL","2050","Agriculture","AgricultureFinalEnergy","oil","DIRECT_FUEL","","","","","AgricultureFinalEnergy","EXPLICIT","","2019","","","PENDING_ACCEPTED_COUNTRY_NODE_WEIGHTS","PENDING_ACCEPTED_SHAPE_AND_PHYSICAL_WEIGHTS","false","false","FIXED","PENDING","REPRESENTATION_ACCEPTED_NUMERIC_PENDING","PENDING_FUTURE_GROWTH; no DEFAULT or zero-growth assumption","TL:2050:Agriculture:AgricultureFinalEnergy:oil","AgricultureFinalEnergy","true","true","false","MISSING","TL:oil","false","false","","Agriculture","","","",""
"TL","2050","Buildings","ResidentialDirectElectricity","electricity","DIRECT_ELECTRICITY","","","","Astar","ResidentialDirectElectricity","EMBEDDED","","2019","","","PENDING_ACCEPTED_COUNTRY_NODE_WEIGHTS","PENDING_ACCEPTED_SHAPE_AND_PHYSICAL_WEIGHTS","true","false","FIXED","PENDING","REPRESENTATION_ACCEPTED_NUMERIC_PENDING","PENDING_FUTURE_GROWTH; separate R/S decomposition remains optional inside Astar","TL:2050:Buildings:ResidentialDirectElectricity:electricity","Astar","false","false","false","MISSING","TL:electricity","false","false","","Buildings","","","",""
"TL","2050","Buildings","ResidentialFuel","biomass","DIRECT_FUEL","","","","","ResidentialFuel","EXPLICIT","","2019","","","PENDING_ACCEPTED_COUNTRY_NODE_WEIGHTS","PENDING_ACCEPTED_SHAPE_AND_PHYSICAL_WEIGHTS","false","false","FIXED","PENDING","REPRESENTATION_ACCEPTED_NUMERIC_PENDING","PENDING_FUTURE_GROWTH; no default growth or heat conversion","TL:2050:Buildings:ResidentialFuel:biomass","ResidentialFuel","true","true","false","MISSING","TL:biomass","false","false","","Buildings","","","",""
"TL","2050","Buildings","ResidentialFuel","coal","DIRECT_FUEL","","","","","ResidentialFuel","EXPLICIT","","2019","","","PENDING_ACCEPTED_COUNTRY_NODE_WEIGHTS","PENDING_ACCEPTED_SHAPE_AND_PHYSICAL_WEIGHTS","false","false","FIXED","PENDING","REPRESENTATION_ACCEPTED_NUMERIC_PENDING","PENDING_FUTURE_GROWTH; no default growth or heat conversion","TL:2050:Buildings:ResidentialFuel:coal","ResidentialFuel","true","true","false","MISSING","TL:coal","false","false","","Buildings","","","",""
"TL","2050","Buildings","ResidentialFuel","gas","DIRECT_FUEL","","","","","ResidentialFuel","EXPLICIT","","2019","","","PENDING_ACCEPTED_COUNTRY_NODE_WEIGHTS","PENDING_ACCEPTED_SHAPE_AND_PHYSICAL_WEIGHTS","false","false","FIXED","PENDING","REPRESENTATION_ACCEPTED_NUMERIC_PENDING","PENDING_FUTURE_GROWTH; no default growth or heat conversion","TL:2050:Buildings:ResidentialFuel:gas","ResidentialFuel","true","true","false","MISSING","TL:gas","false","false","","Buildings","","","",""
"TL","2050","Buildings","ResidentialFuel","oil","DIRECT_FUEL","","","","","ResidentialFuel","EXPLICIT","","2019","","","PENDING_ACCEPTED_COUNTRY_NODE_WEIGHTS","PENDING_ACCEPTED_SHAPE_AND_PHYSICAL_WEIGHTS","false","false","FIXED","PENDING","REPRESENTATION_ACCEPTED_NUMERIC_PENDING","PENDING_FUTURE_GROWTH; no default growth or heat conversion","TL:2050:Buildings:ResidentialFuel:oil","ResidentialFuel","true","true","false","MISSING","TL:oil","false","false","","Buildings","","","",""
"TL","2050","Buildings","ServicesDirectElectricity","electricity","DIRECT_ELECTRICITY","","","","Astar","ServicesDirectElectricity","EMBEDDED","","2019","","","PENDING_ACCEPTED_COUNTRY_NODE_WEIGHTS","PENDING_ACCEPTED_SHAPE_AND_PHYSICAL_WEIGHTS","true","false","FIXED","PENDING","REPRESENTATION_ACCEPTED_NUMERIC_PENDING","PENDING_FUTURE_GROWTH; separate R/S decomposition remains optional inside Astar","TL:2050:Buildings:ServicesDirectElectricity:electricity","Astar","false","false","false","MISSING","TL:electricity","false","false","","Buildings","","","",""
"TL","2050","Buildings","ServicesFuel","biomass","DIRECT_FUEL","","","","","ServicesFuel","EXPLICIT","","2019","","","PENDING_ACCEPTED_COUNTRY_NODE_WEIGHTS","PENDING_ACCEPTED_SHAPE_AND_PHYSICAL_WEIGHTS","false","false","FIXED","PENDING","REPRESENTATION_ACCEPTED_NUMERIC_PENDING","PENDING_FUTURE_GROWTH; no default growth or heat conversion","TL:2050:Buildings:ServicesFuel:biomass","ServicesFuel","true","true","false","MISSING","TL:biomass","false","false","","Buildings","","","",""
"TL","2050","Buildings","ServicesFuel","coal","DIRECT_FUEL","","","","","ServicesFuel","EXPLICIT","","2019","","","PENDING_ACCEPTED_COUNTRY_NODE_WEIGHTS","PENDING_ACCEPTED_SHAPE_AND_PHYSICAL_WEIGHTS","false","false","FIXED","PENDING","REPRESENTATION_ACCEPTED_NUMERIC_PENDING","PENDING_FUTURE_GROWTH; no default growth or heat conversion","TL:2050:Buildings:ServicesFuel:coal","ServicesFuel","true","true","false","MISSING","TL:coal","false","false","","Buildings","","","",""
"TL","2050","Buildings","ServicesFuel","gas","DIRECT_FUEL","","","","","ServicesFuel","EXPLICIT","","2019","","","PENDING_ACCEPTED_COUNTRY_NODE_WEIGHTS","PENDING_ACCEPTED_SHAPE_AND_PHYSICAL_WEIGHTS","false","false","FIXED","PENDING","REPRESENTATION_ACCEPTED_NUMERIC_PENDING","PENDING_FUTURE_GROWTH; no default growth or heat conversion","TL:2050:Buildings:ServicesFuel:gas","ServicesFuel","true","true","false","MISSING","TL:gas","false","false","","Buildings","","","",""
"TL","2050","Buildings","ServicesFuel","oil","DIRECT_FUEL","","","","","ServicesFuel","EXPLICIT","","2019","","","PENDING_ACCEPTED_COUNTRY_NODE_WEIGHTS","PENDING_ACCEPTED_SHAPE_AND_PHYSICAL_WEIGHTS","false","false","FIXED","PENDING","REPRESENTATION_ACCEPTED_NUMERIC_PENDING","PENDING_FUTURE_GROWTH; no default growth or heat conversion","TL:2050:Buildings:ServicesFuel:oil","ServicesFuel","true","true","false","MISSING","TL:oil","false","false","","Buildings","","","",""
"TL","2050","Bunker","InternationalAviationBunker","oil","BUNKER_FUEL","","","","","InternationalAviationBunker","EXPLICIT","","2019","","","PENDING_ACCEPTED_COUNTRY_NODE_WEIGHTS","PENDING_ACCEPTED_SHAPE_AND_PHYSICAL_WEIGHTS","false","false","FIXED","PENDING","REPRESENTATION_ACCEPTED_NUMERIC_PENDING","PENDING_FUTURE_GROWTH; upstream default projection not accepted","TL:2050:Bunker:InternationalAviationBunker:oil","InternationalAviationBunker","true","true","false","MISSING","TL:oil","false","false","","bunker","","","",""
"TL","2050","Bunker","InternationalShippingBunker","oil","BUNKER_FUEL","","","","","InternationalShippingBunker","EXPLICIT","","2019","","","PENDING_ACCEPTED_COUNTRY_NODE_WEIGHTS","PENDING_ACCEPTED_SHAPE_AND_PHYSICAL_WEIGHTS","false","false","FIXED","PENDING","REPRESENTATION_ACCEPTED_NUMERIC_PENDING","PENDING_FUTURE_GROWTH; upstream default projection not accepted","TL:2050:Bunker:InternationalShippingBunker:oil","InternationalShippingBunker","true","true","false","MISSING","TL:oil","false","false","","bunker","","","",""
"TL","2050","Electricity","Astar","electricity","DIRECT_ELECTRICITY","","","","","Astar","EXPLICIT","","2019","","","PENDING_ACCEPTED_COUNTRY_NODE_WEIGHTS","PENDING_ACCEPTED_SHAPE_AND_PHYSICAL_WEIGHTS","true","false","FIXED","PENDING","REPRESENTATION_ACCEPTED_NUMERIC_PENDING","FUTURE_DIRECT_ELECTRICITY_PENDING; no AEO8 generation/DemandCast/default-growth fallback","TL:2050:Electricity:Astar:electricity","Astar","true","true","false","MISSING","TL:electricity","false","false","","electricity","","","",""
"TL","2050","Industry","IndustryDirectElectricity","electricity","EMBEDDED","","","","Astar","IndustryDirectElectricity","EMBEDDED","","2019","","","PENDING_ACCEPTED_COUNTRY_NODE_WEIGHTS","PENDING_ACCEPTED_SHAPE_AND_PHYSICAL_WEIGHTS","true","false","FIXED","PENDING","REPRESENTATION_ACCEPTED_NUMERIC_PENDING","Future direct electricity remains within Astar; no separate Load; growth unaccepted","TL:2050:Industry:IndustryDirectElectricity:electricity","Astar","false","false","false","MISSING","TL:electricity","false","false","","Industry","","","",""
"TL","2050","Industry","IndustryFinalEnergy","biomass","DIRECT_FUEL","","","","","IndustryFinalEnergy","EXPLICIT","","2019","","","PENDING_ACCEPTED_COUNTRY_NODE_WEIGHTS","PENDING_ACCEPTED_SHAPE_AND_PHYSICAL_WEIGHTS","false","false","FIXED","PENDING","REPRESENTATION_ACCEPTED_NUMERIC_PENDING","PENDING_FUTURE_GROWTH; no DEFAULT or zero-growth assumption","TL:2050:Industry:IndustryFinalEnergy:biomass","IndustryFinalEnergy","true","true","false","MISSING","TL:biomass","false","false","","Industry","","","",""
"TL","2050","Industry","IndustryFinalEnergy","coal","DIRECT_FUEL","","","","","IndustryFinalEnergy","EXPLICIT","","2019","","","PENDING_ACCEPTED_COUNTRY_NODE_WEIGHTS","PENDING_ACCEPTED_SHAPE_AND_PHYSICAL_WEIGHTS","false","false","FIXED","PENDING","REPRESENTATION_ACCEPTED_NUMERIC_PENDING","PENDING_FUTURE_GROWTH; no DEFAULT or zero-growth assumption","TL:2050:Industry:IndustryFinalEnergy:coal","IndustryFinalEnergy","true","true","false","MISSING","TL:coal","false","false","","Industry","","","",""
"TL","2050","Industry","IndustryFinalEnergy","gas","DIRECT_FUEL","","","","","IndustryFinalEnergy","EXPLICIT","","2019","","","PENDING_ACCEPTED_COUNTRY_NODE_WEIGHTS","PENDING_ACCEPTED_SHAPE_AND_PHYSICAL_WEIGHTS","false","false","FIXED","PENDING","REPRESENTATION_ACCEPTED_NUMERIC_PENDING","PENDING_FUTURE_GROWTH; no DEFAULT or zero-growth assumption","TL:2050:Industry:IndustryFinalEnergy:gas","IndustryFinalEnergy","true","true","false","MISSING","TL:gas","false","false","","Industry","","","",""
"TL","2050","Industry","IndustryFinalEnergy","oil","DIRECT_FUEL","","","","","IndustryFinalEnergy","EXPLICIT","","2019","","","PENDING_ACCEPTED_COUNTRY_NODE_WEIGHTS","PENDING_ACCEPTED_SHAPE_AND_PHYSICAL_WEIGHTS","false","false","FIXED","PENDING","REPRESENTATION_ACCEPTED_NUMERIC_PENDING","PENDING_FUTURE_GROWTH; no DEFAULT or zero-growth assumption","TL:2050:Industry:IndustryFinalEnergy:oil","IndustryFinalEnergy","true","true","false","MISSING","TL:oil","false","false","","Industry","","","",""
"TL","2050","Transport","DomesticAviationFuel","oil","DIRECT_FUEL","","","","","DomesticAviationFuel","EXPLICIT","","2019","","","PENDING_ACCEPTED_COUNTRY_NODE_WEIGHTS","PENDING_ACCEPTED_SHAPE_AND_PHYSICAL_WEIGHTS","false","false","FIXED","PENDING","REPRESENTATION_ACCEPTED_NUMERIC_PENDING","PENDING_FUTURE_GROWTH; upstream default projection not accepted","TL:2050:Transport:DomesticAviationFuel:oil","DomesticAviationFuel","true","true","false","MISSING","TL:oil","false","false","","bunker","","","",""
"TL","2050","Transport","DomesticShippingFuel","oil","DIRECT_FUEL","","","","","DomesticShippingFuel","EXPLICIT","","2019","","","PENDING_ACCEPTED_COUNTRY_NODE_WEIGHTS","PENDING_ACCEPTED_SHAPE_AND_PHYSICAL_WEIGHTS","false","false","FIXED","PENDING","REPRESENTATION_ACCEPTED_NUMERIC_PENDING","PENDING_FUTURE_GROWTH; upstream default projection not accepted","TL:2050:Transport:DomesticShippingFuel:oil","DomesticShippingFuel","true","true","false","MISSING","TL:oil","false","false","","bunker","","","",""
"TL","2050","Transport","RailElectricity","electricity","EMBEDDED","","","","Astar","RailElectricity","EMBEDDED","","2019","","","PENDING_ACCEPTED_COUNTRY_NODE_WEIGHTS","PENDING_ACCEPTED_SHAPE_AND_PHYSICAL_WEIGHTS","true","false","FIXED","PENDING","REPRESENTATION_ACCEPTED_NUMERIC_PENDING","Future rail stays in Astar once; decomposition pending","TL:2050:Transport:RailElectricity:electricity","Astar","false","false","false","MISSING","TL:electricity","false","false","","Transport","","","",""
"TL","2050","Transport","RoadEVFinalElectricity","electricity","DIRECT_ELECTRICITY","","","","","RoadEVFinalElectricity","EXPLICIT","","2019","","","PENDING_ACCEPTED_COUNTRY_NODE_WEIGHTS","PENDING_ACCEPTED_SHAPE_AND_PHYSICAL_WEIGHTS","false","false","FIXED","PENDING","REPRESENTATION_ACCEPTED_NUMERIC_PENDING","External final-energy share pending; future EV excluded from future direct Astar; no kWh/km proxy","TL:2050:Transport:RoadEVFinalElectricity:electricity","RoadEVFinalElectricity","true","true","false","MISSING","TL:electricity","false","false","","Transport","","","",""
"TL","2050","Transport","RoadResidualFuel","biomass","DIRECT_FUEL","","","","","RoadResidualFuel","EXPLICIT","","2019","","","PENDING_ACCEPTED_COUNTRY_NODE_WEIGHTS","PENDING_ACCEPTED_SHAPE_AND_PHYSICAL_WEIGHTS","false","false","FIXED","PENDING","REPRESENTATION_ACCEPTED_NUMERIC_PENDING","PENDING_FUTURE_GROWTH_AND_EV_ENERGY_PATH; carrier vector retained","TL:2050:Transport:RoadResidualFuel:biomass","RoadResidualFuel","true","true","false","MISSING","TL:biomass","false","false","","Transport","","","",""
"TL","2050","Transport","RoadResidualFuel","gas","DIRECT_FUEL","","","","","RoadResidualFuel","EXPLICIT","","2019","","","PENDING_ACCEPTED_COUNTRY_NODE_WEIGHTS","PENDING_ACCEPTED_SHAPE_AND_PHYSICAL_WEIGHTS","false","false","FIXED","PENDING","REPRESENTATION_ACCEPTED_NUMERIC_PENDING","PENDING_FUTURE_GROWTH_AND_EV_ENERGY_PATH; carrier vector retained","TL:2050:Transport:RoadResidualFuel:gas","RoadResidualFuel","true","true","false","MISSING","TL:gas","false","false","","Transport","","","",""
"TL","2050","Transport","RoadResidualFuel","oil","DIRECT_FUEL","","","","","RoadResidualFuel","EXPLICIT","","2019","","","PENDING_ACCEPTED_COUNTRY_NODE_WEIGHTS","PENDING_ACCEPTED_SHAPE_AND_PHYSICAL_WEIGHTS","false","false","FIXED","PENDING","REPRESENTATION_ACCEPTED_NUMERIC_PENDING","PENDING_FUTURE_GROWTH_AND_EV_ENERGY_PATH; carrier vector retained","TL:2050:Transport:RoadResidualFuel:oil","RoadResidualFuel","true","true","false","MISSING","TL:oil","false","false","","Transport","","","",""
"TL","2050","Transport","TransportEmbeddedFuelParent","unclassified_fuel","UNCLASSIFIED","","","","","TransportEmbeddedFuelParent","EXPLICIT","","2019","","","PENDING_ACCEPTED_COUNTRY_NODE_WEIGHTS","PENDING_ACCEPTED_SHAPE_AND_PHYSICAL_WEIGHTS","false","false","FIXED","PENDING","REPRESENTATION_ACCEPTED_NUMERIC_PENDING","Rail fuel remains within one pending transport fuel parent; no duplicate rail Load","TL:2050:Transport:TransportEmbeddedFuelParent:unclassified_fuel","TransportEmbeddedFuelParent","true","true","false","MISSING","","false","false","","Transport","","","",""
"VN","2019","Agriculture","AgricultureFinalEnergy","biomass","DIRECT_FUEL","4.4005","TWh/year","4400500.0","","AgricultureFinalEnergy","EXPLICIT","/home/jin/research/SGP_ESE5004_Stage2/pypsa-asean/resources/baseline-aims-3H-tutorial/energy_totals_base.csv","2019","af27beafc01cfb1920a23e632c05e858883a28efd9bbf94df3dfdba455fde261","Frozen derived cache; TWh/year -> MWh; raw/calorific provenance still pending","PENDING_ACCEPTED_COUNTRY_NODE_WEIGHTS","PENDING_ACCEPTED_SHAPE_AND_PHYSICAL_WEIGHTS","false","false","FIXED","FROZEN_UPSTREAM","REPRESENTATION_ACCEPTED_NUMERIC_PENDING","No agriculture technology model; retain each original fuel; candidate energy preserved; upstream add_agriculture does not consume this carrier","VN:2019:Agriculture:AgricultureFinalEnergy:biomass","AgricultureFinalEnergy","true","true","false","POSITIVE_CACHE_VALUE","VN:biomass","false","false","VN/agriculture biomass","Agriculture","","","",""
"VN","2019","Agriculture","AgricultureFinalEnergy","coal","DIRECT_FUEL","0.2152","TWh/year","215200.0","","AgricultureFinalEnergy","EXPLICIT","/home/jin/research/SGP_ESE5004_Stage2/pypsa-asean/resources/baseline-aims-3H-tutorial/energy_totals_base.csv","2019","af27beafc01cfb1920a23e632c05e858883a28efd9bbf94df3dfdba455fde261","Frozen derived cache; TWh/year -> MWh; raw/calorific provenance still pending","PENDING_ACCEPTED_COUNTRY_NODE_WEIGHTS","PENDING_ACCEPTED_SHAPE_AND_PHYSICAL_WEIGHTS","false","false","FIXED","FROZEN_UPSTREAM","REPRESENTATION_ACCEPTED_NUMERIC_PENDING","No agriculture technology model; retain each original fuel; candidate energy preserved; upstream add_agriculture does not consume this carrier","VN:2019:Agriculture:AgricultureFinalEnergy:coal","AgricultureFinalEnergy","true","true","false","POSITIVE_CACHE_VALUE","VN:coal","false","false","VN/agriculture coal","Agriculture","","","",""
"VN","2019","Agriculture","AgricultureFinalEnergy","electricity","EMBEDDED","6595.36111111111","Kilowatt-hours, million","6595361.11111111","Astar","AgricultureFinalEnergy","EMBEDDED","/home/jin/research/SGP_ESE5004_Stage2/pypsa-asean/data/demand/unsd/data/UNdata_Export_20250502_110820872.txt","2019","12c99b3c40927449d9a4d0402f255a8b84b24917ff58e54efd4ec43b2125fe6b","Exact raw transaction; million kWh * 1000 = MWh; no losses or AEO scaling","PENDING_ACCEPTED_COUNTRY_NODE_WEIGHTS","PENDING_ACCEPTED_SHAPE_AND_PHYSICAL_WEIGHTS","true","false","FIXED","PENDING","REPRESENTATION_ACCEPTED_NUMERIC_PENDING","No agriculture technology model; retain each original fuel","VN:2019:Agriculture:AgricultureFinalEnergy:electricity","Astar","false","false","false","REPORTED_VALUE","VN:electricity","false","false","Consumption in agriculture, forestry and fishing; physical line end 98169","Agriculture","","","",""
"VN","2019","Agriculture","AgricultureFinalEnergy","oil","DIRECT_FUEL","10.9716","TWh/year","10971600.0","","AgricultureFinalEnergy","EXPLICIT","/home/jin/research/SGP_ESE5004_Stage2/pypsa-asean/resources/baseline-aims-3H-tutorial/energy_totals_base.csv","2019","af27beafc01cfb1920a23e632c05e858883a28efd9bbf94df3dfdba455fde261","Frozen derived cache; TWh/year -> MWh; raw/calorific provenance still pending","PENDING_ACCEPTED_COUNTRY_NODE_WEIGHTS","PENDING_ACCEPTED_SHAPE_AND_PHYSICAL_WEIGHTS","false","false","FIXED","FROZEN_UPSTREAM","REPRESENTATION_ACCEPTED_NUMERIC_PENDING","No agriculture technology model; retain each original fuel","VN:2019:Agriculture:AgricultureFinalEnergy:oil","AgricultureFinalEnergy","true","true","false","POSITIVE_CACHE_VALUE","VN:oil","false","false","VN/agriculture oil","Agriculture","","","",""
"VN","2019","Buildings","ResidentialCooking","mixed","EMBEDDED","","","","ResidentialDirectEnergy","ResidentialCooking","EMBEDDED","","2019","","","PENDING_ACCEPTED_COUNTRY_NODE_WEIGHTS","PENDING_ACCEPTED_SHAPE_AND_PHYSICAL_WEIGHTS","false","false","FIXED","EMBEDDED","REPRESENTATION_ACCEPTED_VALUES_NOT_DEFINED","No additional service obligation. Existing final electricity/fuel keeps ownership. Cooking is not space/water heat.","VN:2019:Buildings:ResidentialCooking:mixed","Astar_and_original_fuels","false","false","false","MISSING","VN:mixed","false","false","","Buildings","","","",""
"VN","2019","Buildings","ResidentialCooling","electricity","EMBEDDED","","","","ResidentialDirectEnergy","ResidentialCooling","EMBEDDED","","2019","","","PENDING_ACCEPTED_COUNTRY_NODE_WEIGHTS","PENDING_ACCEPTED_SHAPE_AND_PHYSICAL_WEIGHTS","true","false","FIXED","EMBEDDED","REPRESENTATION_ACCEPTED_VALUES_NOT_DEFINED","No additional service obligation. Existing final electricity/fuel keeps ownership. Cooking is not space/water heat.","VN:2019:Buildings:ResidentialCooling:electricity","Astar_and_original_fuels","false","false","false","MISSING","VN:electricity","false","false","","Buildings","","","",""
"VN","2019","Buildings","ResidentialDirectElectricity","electricity","DIRECT_ELECTRICITY","68556.5277777778","Kilowatt-hours, million","68556527.77777779","Astar","ResidentialDirectElectricity","EMBEDDED","/home/jin/research/SGP_ESE5004_Stage2/pypsa-asean/data/demand/unsd/data/UNdata_Export_20250502_110820872.txt","2019","12c99b3c40927449d9a4d0402f255a8b84b24917ff58e54efd4ec43b2125fe6b","Exact raw transaction; million kWh * 1000 = MWh; no losses or AEO scaling","PENDING_ACCEPTED_COUNTRY_NODE_WEIGHTS","PENDING_ACCEPTED_SHAPE_AND_PHYSICAL_WEIGHTS","true","false","FIXED","PENDING","REPRESENTATION_ACCEPTED_NUMERIC_PENDING","Separate R/S identity retained in Astar; no second electricity Load; numeric decomposition is unaccepted","VN:2019:Buildings:ResidentialDirectElectricity:electricity","Astar","false","false","false","REPORTED_VALUE","VN:electricity","false","false","Consumption by households; physical line end 98154","Buildings","","","",""
"VN","2019","Buildings","ResidentialFuel","biomass","DIRECT_FUEL","2.7928","TWh/year","2792800.0","","ResidentialFuel","EXPLICIT","/home/jin/research/SGP_ESE5004_Stage2/pypsa-asean/resources/baseline-aims-3H-tutorial/energy_totals_base.csv","2019","af27beafc01cfb1920a23e632c05e858883a28efd9bbf94df3dfdba455fde261","Frozen derived cache; TWh/year -> MWh; raw/calorific provenance still pending","PENDING_ACCEPTED_COUNTRY_NODE_WEIGHTS","PENDING_ACCEPTED_SHAPE_AND_PHYSICAL_WEIGHTS","false","false","FIXED","FROZEN_UPSTREAM","REPRESENTATION_ACCEPTED_NUMERIC_PENDING","Fixed final fuel; no useful-heat inference; cooking remains within original fuel. Coal not recast as electricity.","VN:2019:Buildings:ResidentialFuel:biomass","ResidentialFuel","true","true","false","POSITIVE_CACHE_VALUE","VN:biomass","false","false","VN/residential biomass","Buildings","","","",""
"VN","2019","Buildings","ResidentialFuel","coal","DIRECT_FUEL","","TWh/year","","","ResidentialFuel","EXPLICIT","/home/jin/research/SGP_ESE5004_Stage2/pypsa-asean/resources/baseline-aims-3H-tutorial/energy_totals_base.csv","2019","af27beafc01cfb1920a23e632c05e858883a28efd9bbf94df3dfdba455fde261","Frozen derived cache; TWh/year -> MWh; raw/calorific provenance still pending","PENDING_ACCEPTED_COUNTRY_NODE_WEIGHTS","PENDING_ACCEPTED_SHAPE_AND_PHYSICAL_WEIGHTS","false","false","FIXED","MISSING","REPRESENTATION_ACCEPTED_NUMERIC_PENDING","Fixed final fuel; no useful-heat inference; cooking remains within original fuel. Coal not recast as electricity.; cache has no original R/S coal column; source recovery required","VN:2019:Buildings:ResidentialFuel:coal","ResidentialFuel","true","true","false","MISSING","VN:coal","false","false","VN/residential coal","Buildings","","","",""
"VN","2019","Buildings","ResidentialFuel","gas","DIRECT_FUEL","0.0","TWh/year","","","ResidentialFuel","EXPLICIT","/home/jin/research/SGP_ESE5004_Stage2/pypsa-asean/resources/baseline-aims-3H-tutorial/energy_totals_base.csv","2019","af27beafc01cfb1920a23e632c05e858883a28efd9bbf94df3dfdba455fde261","Frozen derived cache; TWh/year -> MWh; raw/calorific provenance still pending","PENDING_ACCEPTED_COUNTRY_NODE_WEIGHTS","PENDING_ACCEPTED_SHAPE_AND_PHYSICAL_WEIGHTS","false","false","FIXED","MISSING","REPRESENTATION_ACCEPTED_NUMERIC_PENDING","Fixed final fuel; no useful-heat inference; cooking remains within original fuel. Coal not recast as electricity.; cache zero has no certified raw-zero evidence","VN:2019:Buildings:ResidentialFuel:gas","ResidentialFuel","true","true","false","CACHE_ZERO_UNVERIFIED","VN:gas","false","false","VN/residential gas","Buildings","","","",""
"VN","2019","Buildings","ResidentialFuel","oil","DIRECT_FUEL","12.224","TWh/year","12224000.0","","ResidentialFuel","EXPLICIT","/home/jin/research/SGP_ESE5004_Stage2/pypsa-asean/resources/baseline-aims-3H-tutorial/energy_totals_base.csv","2019","af27beafc01cfb1920a23e632c05e858883a28efd9bbf94df3dfdba455fde261","Frozen derived cache; TWh/year -> MWh; raw/calorific provenance still pending","PENDING_ACCEPTED_COUNTRY_NODE_WEIGHTS","PENDING_ACCEPTED_SHAPE_AND_PHYSICAL_WEIGHTS","false","false","FIXED","FROZEN_UPSTREAM","REPRESENTATION_ACCEPTED_NUMERIC_PENDING","Fixed final fuel; no useful-heat inference; cooking remains within original fuel. Coal not recast as electricity.","VN:2019:Buildings:ResidentialFuel:oil","ResidentialFuel","true","true","false","POSITIVE_CACHE_VALUE","VN:oil","false","false","VN/residential oil","Buildings","","","",""
"VN","2019","Buildings","ResidentialSpaceHeat","mixed","EMBEDDED","","","","ResidentialDirectEnergy","ResidentialSpaceHeat","EMBEDDED","","2019","","","PENDING_ACCEPTED_COUNTRY_NODE_WEIGHTS","PENDING_ACCEPTED_SHAPE_AND_PHYSICAL_WEIGHTS","false","false","FIXED","EMBEDDED","REPRESENTATION_ACCEPTED_VALUES_NOT_DEFINED","No additional service obligation. Existing final electricity/fuel keeps ownership. Cooking is not space/water heat.","VN:2019:Buildings:ResidentialSpaceHeat:mixed","Astar_and_original_fuels","false","false","false","MISSING","VN:mixed","false","false","","Buildings","","","",""
"VN","2019","Buildings","ResidentialWaterHeat","mixed","EMBEDDED","","","","ResidentialDirectEnergy","ResidentialWaterHeat","EMBEDDED","","2019","","","PENDING_ACCEPTED_COUNTRY_NODE_WEIGHTS","PENDING_ACCEPTED_SHAPE_AND_PHYSICAL_WEIGHTS","false","false","FIXED","EMBEDDED","REPRESENTATION_ACCEPTED_VALUES_NOT_DEFINED","No additional service obligation. Existing final electricity/fuel keeps ownership. Cooking is not space/water heat.","VN:2019:Buildings:ResidentialWaterHeat:mixed","Astar_and_original_fuels","false","false","false","MISSING","VN:mixed","false","false","","Buildings","","","",""
"VN","2019","Buildings","ServicesCooking","mixed","EMBEDDED","","","","ServicesDirectEnergy","ServicesCooking","EMBEDDED","","2019","","","PENDING_ACCEPTED_COUNTRY_NODE_WEIGHTS","PENDING_ACCEPTED_SHAPE_AND_PHYSICAL_WEIGHTS","false","false","FIXED","EMBEDDED","REPRESENTATION_ACCEPTED_VALUES_NOT_DEFINED","No additional service obligation. Existing final electricity/fuel keeps ownership. Cooking is not space/water heat.","VN:2019:Buildings:ServicesCooking:mixed","Astar_and_original_fuels","false","false","false","MISSING","VN:mixed","false","false","","Buildings","","","",""
"VN","2019","Buildings","ServicesCooling","electricity","EMBEDDED","","","","ServicesDirectEnergy","ServicesCooling","EMBEDDED","","2019","","","PENDING_ACCEPTED_COUNTRY_NODE_WEIGHTS","PENDING_ACCEPTED_SHAPE_AND_PHYSICAL_WEIGHTS","true","false","FIXED","EMBEDDED","REPRESENTATION_ACCEPTED_VALUES_NOT_DEFINED","No additional service obligation. Existing final electricity/fuel keeps ownership. Cooking is not space/water heat.","VN:2019:Buildings:ServicesCooling:electricity","Astar_and_original_fuels","false","false","false","MISSING","VN:electricity","false","false","","Buildings","","","",""
"VN","2019","Buildings","ServicesDirectElectricity","electricity","DIRECT_ELECTRICITY","19962.8888888889","Kilowatt-hours, million","19962888.888888903","Astar","ServicesDirectElectricity","EMBEDDED","/home/jin/research/SGP_ESE5004_Stage2/pypsa-asean/data/demand/unsd/data/UNdata_Export_20250502_110820872.txt","2019","12c99b3c40927449d9a4d0402f255a8b84b24917ff58e54efd4ec43b2125fe6b","Exact raw transaction; million kWh * 1000 = MWh; no losses or AEO scaling","PENDING_ACCEPTED_COUNTRY_NODE_WEIGHTS","PENDING_ACCEPTED_SHAPE_AND_PHYSICAL_WEIGHTS","true","false","FIXED","PENDING","REPRESENTATION_ACCEPTED_NUMERIC_PENDING","Separate R/S identity retained in Astar; no second electricity Load; numeric decomposition is unaccepted","VN:2019:Buildings:ServicesDirectElectricity:electricity","Astar","false","false","false","REPORTED_VALUE","VN:electricity","false","false","Consumption by commercial and public services; physical line end 98191","Buildings","","","",""
"VN","2019","Buildings","ServicesFuel","biomass","DIRECT_FUEL","0.0","TWh/year","","","ServicesFuel","EXPLICIT","/home/jin/research/SGP_ESE5004_Stage2/pypsa-asean/resources/baseline-aims-3H-tutorial/energy_totals_base.csv","2019","af27beafc01cfb1920a23e632c05e858883a28efd9bbf94df3dfdba455fde261","Frozen derived cache; TWh/year -> MWh; raw/calorific provenance still pending","PENDING_ACCEPTED_COUNTRY_NODE_WEIGHTS","PENDING_ACCEPTED_SHAPE_AND_PHYSICAL_WEIGHTS","false","false","FIXED","MISSING","REPRESENTATION_ACCEPTED_NUMERIC_PENDING","Fixed final fuel; no useful-heat inference; cooking remains within original fuel. Coal not recast as electricity.; cache zero has no certified raw-zero evidence","VN:2019:Buildings:ServicesFuel:biomass","ServicesFuel","true","true","false","CACHE_ZERO_UNVERIFIED","VN:biomass","false","false","VN/services biomass","Buildings","","","",""
"VN","2019","Buildings","ServicesFuel","coal","DIRECT_FUEL","","TWh/year","","","ServicesFuel","EXPLICIT","/home/jin/research/SGP_ESE5004_Stage2/pypsa-asean/resources/baseline-aims-3H-tutorial/energy_totals_base.csv","2019","af27beafc01cfb1920a23e632c05e858883a28efd9bbf94df3dfdba455fde261","Frozen derived cache; TWh/year -> MWh; raw/calorific provenance still pending","PENDING_ACCEPTED_COUNTRY_NODE_WEIGHTS","PENDING_ACCEPTED_SHAPE_AND_PHYSICAL_WEIGHTS","false","false","FIXED","MISSING","REPRESENTATION_ACCEPTED_NUMERIC_PENDING","Fixed final fuel; no useful-heat inference; cooking remains within original fuel. Coal not recast as electricity.; cache has no original R/S coal column; source recovery required","VN:2019:Buildings:ServicesFuel:coal","ServicesFuel","true","true","false","MISSING","VN:coal","false","false","VN/services coal","Buildings","","","",""
"VN","2019","Buildings","ServicesFuel","gas","DIRECT_FUEL","0.0","TWh/year","","","ServicesFuel","EXPLICIT","/home/jin/research/SGP_ESE5004_Stage2/pypsa-asean/resources/baseline-aims-3H-tutorial/energy_totals_base.csv","2019","af27beafc01cfb1920a23e632c05e858883a28efd9bbf94df3dfdba455fde261","Frozen derived cache; TWh/year -> MWh; raw/calorific provenance still pending","PENDING_ACCEPTED_COUNTRY_NODE_WEIGHTS","PENDING_ACCEPTED_SHAPE_AND_PHYSICAL_WEIGHTS","false","false","FIXED","MISSING","REPRESENTATION_ACCEPTED_NUMERIC_PENDING","Fixed final fuel; no useful-heat inference; cooking remains within original fuel. Coal not recast as electricity.; cache zero has no certified raw-zero evidence","VN:2019:Buildings:ServicesFuel:gas","ServicesFuel","true","true","false","CACHE_ZERO_UNVERIFIED","VN:gas","false","false","VN/services gas","Buildings","","","",""
"VN","2019","Buildings","ServicesFuel","oil","DIRECT_FUEL","1.8785","TWh/year","1878500.0","","ServicesFuel","EXPLICIT","/home/jin/research/SGP_ESE5004_Stage2/pypsa-asean/resources/baseline-aims-3H-tutorial/energy_totals_base.csv","2019","af27beafc01cfb1920a23e632c05e858883a28efd9bbf94df3dfdba455fde261","Frozen derived cache; TWh/year -> MWh; raw/calorific provenance still pending","PENDING_ACCEPTED_COUNTRY_NODE_WEIGHTS","PENDING_ACCEPTED_SHAPE_AND_PHYSICAL_WEIGHTS","false","false","FIXED","FROZEN_UPSTREAM","REPRESENTATION_ACCEPTED_NUMERIC_PENDING","Fixed final fuel; no useful-heat inference; cooking remains within original fuel. Coal not recast as electricity.","VN:2019:Buildings:ServicesFuel:oil","ServicesFuel","true","true","false","POSITIVE_CACHE_VALUE","VN:oil","false","false","VN/services oil","Buildings","","","",""
"VN","2019","Buildings","ServicesSpaceHeat","mixed","EMBEDDED","","","","ServicesDirectEnergy","ServicesSpaceHeat","EMBEDDED","","2019","","","PENDING_ACCEPTED_COUNTRY_NODE_WEIGHTS","PENDING_ACCEPTED_SHAPE_AND_PHYSICAL_WEIGHTS","false","false","FIXED","EMBEDDED","REPRESENTATION_ACCEPTED_VALUES_NOT_DEFINED","No additional service obligation. Existing final electricity/fuel keeps ownership. Cooking is not space/water heat.","VN:2019:Buildings:ServicesSpaceHeat:mixed","Astar_and_original_fuels","false","false","false","MISSING","VN:mixed","false","false","","Buildings","","","",""
"VN","2019","Buildings","ServicesWaterHeat","mixed","EMBEDDED","","","","ServicesDirectEnergy","ServicesWaterHeat","EMBEDDED","","2019","","","PENDING_ACCEPTED_COUNTRY_NODE_WEIGHTS","PENDING_ACCEPTED_SHAPE_AND_PHYSICAL_WEIGHTS","false","false","FIXED","EMBEDDED","REPRESENTATION_ACCEPTED_VALUES_NOT_DEFINED","No additional service obligation. Existing final electricity/fuel keeps ownership. Cooking is not space/water heat.","VN:2019:Buildings:ServicesWaterHeat:mixed","Astar_and_original_fuels","false","false","false","MISSING","VN:mixed","false","false","","Buildings","","","",""
"VN","2019","Bunker","InternationalAviationBunker","oil","BUNKER_FUEL","15.6432","TWh/year","15643200.0","","InternationalAviationBunker","EXPLICIT","/home/jin/research/SGP_ESE5004_Stage2/pypsa-asean/resources/baseline-aims-3H-tutorial/energy_totals_base.csv","2019","af27beafc01cfb1920a23e632c05e858883a28efd9bbf94df3dfdba455fde261","Frozen derived cache; TWh/year -> MWh; raw/calorific provenance still pending","PENDING_ACCEPTED_COUNTRY_NODE_WEIGHTS","PENDING_ACCEPTED_SHAPE_AND_PHYSICAL_WEIGHTS","false","false","FIXED","FROZEN_UPSTREAM","REPRESENTATION_ACCEPTED_NUMERIC_PENDING","FIXED fuel obligation; FT is later endogenous supply. Review status: EXACT_SELECTED_CACHE_MATCH","VN:2019:Bunker:InternationalAviationBunker:oil","InternationalAviationBunker","true","true","false","POSITIVE_CACHE_VALUE","VN:oil","false","false","VN/total international aviation; bunker_review.json VN/InternationalAviationBunkerFuel","bunker","","","",""
"VN","2019","Bunker","InternationalShippingBunker","oil","BUNKER_FUEL","2.0533","TWh/year","2053300.0000000002","","InternationalShippingBunker","EXPLICIT","/home/jin/research/SGP_ESE5004_Stage2/pypsa-asean/resources/baseline-aims-3H-tutorial/energy_totals_base.csv","2019","af27beafc01cfb1920a23e632c05e858883a28efd9bbf94df3dfdba455fde261","Frozen derived cache; TWh/year -> MWh; raw/calorific provenance still pending","PENDING_ACCEPTED_COUNTRY_NODE_WEIGHTS","PENDING_ACCEPTED_SHAPE_AND_PHYSICAL_WEIGHTS","false","false","FIXED","FROZEN_UPSTREAM","REPRESENTATION_ACCEPTED_NUMERIC_PENDING","FIXED fuel obligation; FT is later endogenous supply. Review status: EXACT_SELECTED_CACHE_MATCH","VN:2019:Bunker:InternationalShippingBunker:oil","InternationalShippingBunker","true","true","false","POSITIVE_CACHE_VALUE","VN:oil","false","false","VN/total international navigation; bunker_review.json VN/InternationalShippingBunkerFuel","bunker","","","",""
"VN","2019","Conversion","EVIfConversion","electricity","ENDOGENOUS_CONVERSION_INPUT","","","","","EVIfConversion","CONTRACT_ONLY","","2019","","","PENDING_ACCEPTED_COUNTRY_NODE_WEIGHTS","PENDING_ACCEPTED_SHAPE_AND_PHYSICAL_WEIGHTS","false","false","ENDOGENOUS","PENDING","REPRESENTATION_ACCEPTED_NUMERIC_PENDING","No predetermined demand or Load; future accepted conversion Link owns its electricity input","VN:2019:Conversion:EVIfConversion:electricity","EVIfConversion","false","false","false","MISSING","VN:electricity","false","false","","electricity","","","",""
"VN","2019","Conversion","Electrolysis","electricity","ENDOGENOUS_CONVERSION_INPUT","","","","","Electrolysis","CONTRACT_ONLY","","2019","","","PENDING_ACCEPTED_COUNTRY_NODE_WEIGHTS","PENDING_ACCEPTED_SHAPE_AND_PHYSICAL_WEIGHTS","false","false","ENDOGENOUS","PENDING","REPRESENTATION_ACCEPTED_NUMERIC_PENDING","No predetermined demand or Load; future accepted conversion Link owns its electricity input","VN:2019:Conversion:Electrolysis:electricity","Electrolysis","false","false","false","MISSING","VN:electricity","false","false","","electricity","","","",""
"VN","2019","Conversion","FischerTropsch","electricity","ENDOGENOUS_CONVERSION_INPUT","","","","","FischerTropsch","CONTRACT_ONLY","","2019","","","PENDING_ACCEPTED_COUNTRY_NODE_WEIGHTS","PENDING_ACCEPTED_SHAPE_AND_PHYSICAL_WEIGHTS","false","false","ENDOGENOUS","PENDING","REPRESENTATION_ACCEPTED_NUMERIC_PENDING","No predetermined demand or Load; future accepted conversion Link owns its electricity input","VN:2019:Conversion:FischerTropsch:electricity","FischerTropsch","false","false","false","MISSING","VN:electricity","false","false","","electricity","","","",""
"VN","2019","Conversion","HeatPump","electricity","ENDOGENOUS_CONVERSION_INPUT","","","","","HeatPump","CONTRACT_ONLY","","2019","","","PENDING_ACCEPTED_COUNTRY_NODE_WEIGHTS","PENDING_ACCEPTED_SHAPE_AND_PHYSICAL_WEIGHTS","false","false","ENDOGENOUS","PENDING","REPRESENTATION_ACCEPTED_NUMERIC_PENDING","No predetermined demand or Load; future accepted conversion Link owns its electricity input","VN:2019:Conversion:HeatPump:electricity","HeatPump","false","false","false","MISSING","VN:electricity","false","false","","electricity","","","",""
"VN","2019","Conversion","ResistiveHeating","electricity","ENDOGENOUS_CONVERSION_INPUT","","","","","ResistiveHeating","CONTRACT_ONLY","","2019","","","PENDING_ACCEPTED_COUNTRY_NODE_WEIGHTS","PENDING_ACCEPTED_SHAPE_AND_PHYSICAL_WEIGHTS","false","false","ENDOGENOUS","PENDING","REPRESENTATION_ACCEPTED_NUMERIC_PENDING","No predetermined demand or Load; future accepted conversion Link owns its electricity input","VN:2019:Conversion:ResistiveHeating:electricity","ResistiveHeating","false","false","false","MISSING","VN:electricity","false","false","","electricity","","","",""
"VN","2019","Electricity","Astar","electricity","DIRECT_ELECTRICITY","207048.888888889","Kilowatt-hours, million","207048888.88888898","","Astar","EXPLICIT","/home/jin/research/SGP_ESE5004_Stage2/pypsa-asean/data/demand/unsd/data/UNdata_Export_20250502_110820872.txt","2019","12c99b3c40927449d9a4d0402f255a8b84b24917ff58e54efd4ec43b2125fe6b","Exact raw transaction; million kWh * 1000 = MWh; no losses or AEO scaling","PENDING_ACCEPTED_COUNTRY_NODE_WEIGHTS","PENDING_ACCEPTED_SHAPE_AND_PHYSICAL_WEIGHTS","true","false","FIXED","PENDING","REPRESENTATION_ACCEPTED_NUMERIC_PENDING","End-user final electricity before any accepted transfers; future conversion inputs excluded","VN:2019:Electricity:Astar:electricity","Astar","true","true","false","REPORTED_VALUE","VN:electricity","false","false","Final energy consumption; physical line end 98073","electricity","207048888.88888898","0.0","207048888.88888898","207048888.88888898"
"VN","2019","Industry","IndustryCacheElectricityReference","electricity","DIRECT_FUEL","111934111.111111","MWh/year","111934111.111111","","IndustryCacheElectricityReference","REFERENCE","/home/jin/research/SGP_ESE5004_Stage2/pypsa-asean/resources/baseline-aims-3H-tutorial/demand/base_industry_totals_2030.csv","2019","c62e8edab8451f93a4273f9214e6259306ea7e01a6ba9c85e7b7db48978aa404","Frozen derived cache; MWh/year -> MWh; raw/calorific provenance still pending","PENDING_ACCEPTED_COUNTRY_NODE_WEIGHTS","PENDING_ACCEPTED_SHAPE_AND_PHYSICAL_WEIGHTS","false","false","FIXED","REFERENCE_ONLY","REPRESENTATION_ACCEPTED_NUMERIC_PENDING","Base 2019 country/carrier sum of 13 cached industries; pre-NH3 deduction; raw calorific/feedstock boundary pending","VN:2019:Industry:IndustryCacheElectricityReference:electricity","IndustryCacheElectricityReference","false","false","false","POSITIVE_CACHE_VALUE","VN:electricity","false","false","VN/electricity; sum 13 columns","Industry","","","",""
"VN","2019","Industry","IndustryDirectElectricity","electricity","DIRECT_ELECTRICITY","111934.111111111","Kilowatt-hours, million","111934111.111111","Astar","IndustryDirectElectricity","EMBEDDED","/home/jin/research/SGP_ESE5004_Stage2/pypsa-asean/data/demand/unsd/data/UNdata_Export_20250502_110820872.txt","2019","12c99b3c40927449d9a4d0402f255a8b84b24917ff58e54efd4ec43b2125fe6b","Exact raw transaction; million kWh * 1000 = MWh; no losses or AEO scaling","PENDING_ACCEPTED_COUNTRY_NODE_WEIGHTS","PENDING_ACCEPTED_SHAPE_AND_PHYSICAL_WEIGHTS","true","false","FIXED","PENDING","REPRESENTATION_ACCEPTED_NUMERIC_PENDING","Industrial final electricity stays inside Astar; no second industry Load. No process/service conversion","VN:2019:Industry:IndustryDirectElectricity:electricity","Astar","false","false","false","REPORTED_VALUE","VN:electricity","false","false","Consumption by manufacturing, construction and non-fuel industry; physical line end 98088","Industry","","","",""
"VN","2019","Industry","IndustryFuel","biomass","DIRECT_FUEL","47724742.684175998","MWh/year","47724742.684176","","IndustryFuel","EXPLICIT","/home/jin/research/SGP_ESE5004_Stage2/pypsa-asean/resources/baseline-aims-3H-tutorial/demand/base_industry_totals_2030.csv","2019","c62e8edab8451f93a4273f9214e6259306ea7e01a6ba9c85e7b7db48978aa404","Frozen derived cache; MWh/year -> MWh; raw/calorific provenance still pending","PENDING_ACCEPTED_COUNTRY_NODE_WEIGHTS","PENDING_ACCEPTED_SHAPE_AND_PHYSICAL_WEIGHTS","false","false","FIXED","FROZEN_UPSTREAM","REPRESENTATION_ACCEPTED_NUMERIC_PENDING","Base 2019 country/carrier sum of 13 cached industries; pre-NH3 deduction; raw calorific/feedstock boundary pending","VN:2019:Industry:IndustryFuel:biomass","IndustryFuel","true","true","false","POSITIVE_CACHE_VALUE","VN:biomass","false","false","VN/biomass; sum 13 columns","Industry","","","",""
"VN","2019","Industry","IndustryFuel","coal","DIRECT_FUEL","227047482.84999999","MWh/year","227047482.85","","IndustryFuel","EXPLICIT","/home/jin/research/SGP_ESE5004_Stage2/pypsa-asean/resources/baseline-aims-3H-tutorial/demand/base_industry_totals_2030.csv","2019","c62e8edab8451f93a4273f9214e6259306ea7e01a6ba9c85e7b7db48978aa404","Frozen derived cache; MWh/year -> MWh; raw/calorific provenance still pending","PENDING_ACCEPTED_COUNTRY_NODE_WEIGHTS","PENDING_ACCEPTED_SHAPE_AND_PHYSICAL_WEIGHTS","false","false","FIXED","FROZEN_UPSTREAM","REPRESENTATION_ACCEPTED_NUMERIC_PENDING","Base 2019 country/carrier sum of 13 cached industries; pre-NH3 deduction; raw calorific/feedstock boundary pending; MISSING_ENERGY_OBLIGATION in upstream add_industry","VN:2019:Industry:IndustryFuel:coal","IndustryFuel","true","true","false","POSITIVE_CACHE_VALUE","VN:coal","false","true","VN/coal; sum 13 columns","Industry","","","",""
"VN","2019","Industry","IndustryFuel","gas","DIRECT_FUEL","6162777.777777778","MWh/year","6162777.777777778","","IndustryFuel","EXPLICIT","/home/jin/research/SGP_ESE5004_Stage2/pypsa-asean/resources/baseline-aims-3H-tutorial/demand/base_industry_totals_2030.csv","2019","c62e8edab8451f93a4273f9214e6259306ea7e01a6ba9c85e7b7db48978aa404","Frozen derived cache; MWh/year -> MWh; raw/calorific provenance still pending","PENDING_ACCEPTED_COUNTRY_NODE_WEIGHTS","PENDING_ACCEPTED_SHAPE_AND_PHYSICAL_WEIGHTS","false","false","FIXED","FROZEN_UPSTREAM","REPRESENTATION_ACCEPTED_NUMERIC_PENDING","Base 2019 country/carrier sum of 13 cached industries; pre-NH3 deduction; raw calorific/feedstock boundary pending","VN:2019:Industry:IndustryFuel:gas","IndustryFuel","true","true","false","POSITIVE_CACHE_VALUE","VN:gas","false","false","VN/gas; sum 13 columns","Industry","","","",""
"VN","2019","Industry","IndustryFuel","heat","DIRECT_FUEL","","MWh/year","","","IndustryFuel","PENDING","/home/jin/research/SGP_ESE5004_Stage2/pypsa-asean/resources/baseline-aims-3H-tutorial/demand/base_industry_totals_2030.csv","2019","c62e8edab8451f93a4273f9214e6259306ea7e01a6ba9c85e7b7db48978aa404","Frozen derived cache; MWh/year -> MWh; raw/calorific provenance still pending","PENDING_ACCEPTED_COUNTRY_NODE_WEIGHTS","PENDING_ACCEPTED_SHAPE_AND_PHYSICAL_WEIGHTS","false","false","FIXED","MISSING","REPRESENTATION_ACCEPTED_NUMERIC_PENDING","No accepted independent H2 or qualified heat service; no new service obligation","VN:2019:Industry:IndustryFuel:heat","IndustryFuel","false","false","false","MISSING","VN:heat","false","false","VN/heat; sum 13 columns","Industry","","","",""
"VN","2019","Industry","IndustryFuel","hydrogen","DIRECT_FUEL","","MWh/year","","","IndustryFuel","PENDING","/home/jin/research/SGP_ESE5004_Stage2/pypsa-asean/resources/baseline-aims-3H-tutorial/demand/base_industry_totals_2030.csv","2019","c62e8edab8451f93a4273f9214e6259306ea7e01a6ba9c85e7b7db48978aa404","Frozen derived cache; MWh/year -> MWh; raw/calorific provenance still pending","PENDING_ACCEPTED_COUNTRY_NODE_WEIGHTS","PENDING_ACCEPTED_SHAPE_AND_PHYSICAL_WEIGHTS","false","false","FIXED","MISSING","REPRESENTATION_ACCEPTED_NUMERIC_PENDING","No accepted independent H2 or qualified heat service; no new service obligation","VN:2019:Industry:IndustryFuel:hydrogen","IndustryFuel","false","false","false","MISSING","VN:hydrogen","false","false","VN/hydrogen; sum 13 columns","Industry","","","",""
"VN","2019","Industry","IndustryFuel","oil","DIRECT_FUEL","4354130","MWh/year","4354130.0","","IndustryFuel","EXPLICIT","/home/jin/research/SGP_ESE5004_Stage2/pypsa-asean/resources/baseline-aims-3H-tutorial/demand/base_industry_totals_2030.csv","2019","c62e8edab8451f93a4273f9214e6259306ea7e01a6ba9c85e7b7db48978aa404","Frozen derived cache; MWh/year -> MWh; raw/calorific provenance still pending","PENDING_ACCEPTED_COUNTRY_NODE_WEIGHTS","PENDING_ACCEPTED_SHAPE_AND_PHYSICAL_WEIGHTS","false","false","FIXED","FROZEN_UPSTREAM","REPRESENTATION_ACCEPTED_NUMERIC_PENDING","Base 2019 country/carrier sum of 13 cached industries; pre-NH3 deduction; raw calorific/feedstock boundary pending","VN:2019:Industry:IndustryFuel:oil","IndustryFuel","true","true","false","POSITIVE_CACHE_VALUE","VN:oil","false","false","VN/oil; sum 13 columns","Industry","","","",""
"VN","2019","Transport","DomesticAviationFuel","oil","DIRECT_FUEL","10.3023","TWh/year","10302300.0","","DomesticAviationFuel","EXPLICIT","/home/jin/research/SGP_ESE5004_Stage2/pypsa-asean/resources/baseline-aims-3H-tutorial/energy_totals_base.csv","2019","af27beafc01cfb1920a23e632c05e858883a28efd9bbf94df3dfdba455fde261","Frozen derived cache; TWh/year -> MWh; raw/calorific provenance still pending","PENDING_ACCEPTED_COUNTRY_NODE_WEIGHTS","PENDING_ACCEPTED_SHAPE_AND_PHYSICAL_WEIGHTS","false","false","FIXED","FROZEN_UPSTREAM","REPRESENTATION_ACCEPTED_NUMERIC_PENDING","FIXED fuel obligation; FT is later endogenous supply. Review status: EXACT_SELECTED_CACHE_MATCH","VN:2019:Transport:DomesticAviationFuel:oil","DomesticAviationFuel","true","true","false","POSITIVE_CACHE_VALUE","VN:oil","false","false","VN/total domestic aviation; bunker_review.json VN/DomesticAviationFuel","bunker","","","",""
"VN","2019","Transport","DomesticShippingFuel","oil","DIRECT_FUEL","0.5161","TWh/year","516100.0","","DomesticShippingFuel","EXPLICIT","/home/jin/research/SGP_ESE5004_Stage2/pypsa-asean/resources/baseline-aims-3H-tutorial/energy_totals_base.csv","2019","af27beafc01cfb1920a23e632c05e858883a28efd9bbf94df3dfdba455fde261","Frozen derived cache; TWh/year -> MWh; raw/calorific provenance still pending","PENDING_ACCEPTED_COUNTRY_NODE_WEIGHTS","PENDING_ACCEPTED_SHAPE_AND_PHYSICAL_WEIGHTS","false","false","FIXED","FROZEN_UPSTREAM","REPRESENTATION_ACCEPTED_NUMERIC_PENDING","FIXED fuel obligation; FT is later endogenous supply. Review status: EXACT_SELECTED_CACHE_MATCH","VN:2019:Transport:DomesticShippingFuel:oil","DomesticShippingFuel","true","true","false","POSITIVE_CACHE_VALUE","VN:oil","false","false","VN/total domestic navigation; bunker_review.json VN/DomesticShippingFuel","bunker","","","",""
"VN","2019","Transport","HistoricalRoadElectricity","electricity","DIRECT_ELECTRICITY","0.0","TWh/year","","Astar","HistoricalRoadElectricity","EMBEDDED","/home/jin/research/SGP_ESE5004_Stage2/pypsa-asean/resources/baseline-aims-3H-tutorial/energy_totals_base.csv","2019","af27beafc01cfb1920a23e632c05e858883a28efd9bbf94df3dfdba455fde261","Frozen derived cache; TWh/year -> MWh; raw/calorific provenance still pending","PENDING_ACCEPTED_COUNTRY_NODE_WEIGHTS","PENDING_ACCEPTED_SHAPE_AND_PHYSICAL_WEIGHTS","true","false","FIXED","MISSING","REPRESENTATION_ACCEPTED_NUMERIC_PENDING","Historical EV membership/quantity pending; retain any such energy inside Astar; no transfer performed; cache zero has no certified raw-zero evidence","VN:2019:Transport:HistoricalRoadElectricity:electricity","Astar","false","false","false","CACHE_ZERO_UNVERIFIED","VN:electricity","false","false","VN/road electricity","Transport","","","",""
"VN","2019","Transport","RailElectricity","electricity","EMBEDDED","","Kilowatt-hours, million","","Astar","RailElectricity","EMBEDDED","/home/jin/research/SGP_ESE5004_Stage2/pypsa-asean/data/demand/unsd/data/UNdata_Export_20250502_110820872.txt","2019","12c99b3c40927449d9a4d0402f255a8b84b24917ff58e54efd4ec43b2125fe6b","Exact raw transaction; million kWh * 1000 = MWh; no losses or AEO scaling","PENDING_ACCEPTED_COUNTRY_NODE_WEIGHTS","PENDING_ACCEPTED_SHAPE_AND_PHYSICAL_WEIGHTS","true","false","FIXED","MISSING","REPRESENTATION_ACCEPTED_NUMERIC_PENDING","Rail electricity occurs only within Astar; no independent rail Load","VN:2019:Transport:RailElectricity:electricity","Astar","false","false","false","MISSING","VN:electricity","false","false","Consumption by rail","Transport","","","",""
"VN","2019","Transport","RailFinalEnergyReference","mixed","DIRECT_FUEL","","TWh/year","","","RailFinalEnergyReference","REFERENCE","/home/jin/research/SGP_ESE5004_Stage2/pypsa-asean/resources/baseline-aims-3H-tutorial/energy_totals_base.csv","2019","af27beafc01cfb1920a23e632c05e858883a28efd9bbf94df3dfdba455fde261","Frozen derived cache; TWh/year -> MWh; raw/calorific provenance still pending","PENDING_ACCEPTED_COUNTRY_NODE_WEIGHTS","PENDING_ACCEPTED_SHAPE_AND_PHYSICAL_WEIGHTS","false","false","FIXED","MISSING","REPRESENTATION_ACCEPTED_NUMERIC_PENDING","Reference total only; fuel decomposition pending; no independent rail Load","VN:2019:Transport:RailFinalEnergyReference:mixed","RailFinalEnergyReference","false","false","false","MISSING","VN:mixed","false","false","VN/total rail","Transport","","","",""
"VN","2019","Transport","RoadParentFinalEnergy","all_final_energy","DIRECT_FUEL","78.9025","TWh/year","78902500.0","","RoadParentFinalEnergy","REFERENCE","/home/jin/research/SGP_ESE5004_Stage2/pypsa-asean/resources/baseline-aims-3H-tutorial/energy_totals_base.csv","2019","af27beafc01cfb1920a23e632c05e858883a28efd9bbf94df3dfdba455fde261","Frozen derived cache; TWh/year -> MWh; raw/calorific provenance still pending","PENDING_ACCEPTED_COUNTRY_NODE_WEIGHTS","PENDING_ACCEPTED_SHAPE_AND_PHYSICAL_WEIGHTS","false","false","FIXED","FROZEN_UPSTREAM","REPRESENTATION_ACCEPTED_NUMERIC_PENDING","Independent cached final-energy control, not an extra fuel Load; EV share not accepted","VN:2019:Transport:RoadParentFinalEnergy:all_final_energy","RoadParentFinalEnergy","false","false","false","POSITIVE_CACHE_VALUE","VN:all_final_energy","false","false","VN/total road","Transport","","","",""
"VN","2019","Transport","RoadResidualFuel","biomass","DIRECT_FUEL","0.9082","TWh/year","908200.0","","RoadResidualFuel","EXPLICIT","/home/jin/research/SGP_ESE5004_Stage2/pypsa-asean/resources/baseline-aims-3H-tutorial/energy_totals_base.csv","2019","af27beafc01cfb1920a23e632c05e858883a28efd9bbf94df3dfdba455fde261","Frozen derived cache; TWh/year -> MWh; raw/calorific provenance still pending","PENDING_ACCEPTED_COUNTRY_NODE_WEIGHTS","PENDING_ACCEPTED_SHAPE_AND_PHYSICAL_WEIGHTS","false","false","FIXED","FROZEN_UPSTREAM","REPRESENTATION_ACCEPTED_NUMERIC_PENDING","Base-year carrier observation; future residual vector requires accepted energy share and fuel composition","VN:2019:Transport:RoadResidualFuel:biomass","RoadResidualFuel","true","true","false","POSITIVE_CACHE_VALUE","VN:biomass","false","false","VN/road biomass","Transport","","","",""
"VN","2019","Transport","RoadResidualFuel","gas","DIRECT_FUEL","0.0","TWh/year","","","RoadResidualFuel","EXPLICIT","/home/jin/research/SGP_ESE5004_Stage2/pypsa-asean/resources/baseline-aims-3H-tutorial/energy_totals_base.csv","2019","af27beafc01cfb1920a23e632c05e858883a28efd9bbf94df3dfdba455fde261","Frozen derived cache; TWh/year -> MWh; raw/calorific provenance still pending","PENDING_ACCEPTED_COUNTRY_NODE_WEIGHTS","PENDING_ACCEPTED_SHAPE_AND_PHYSICAL_WEIGHTS","false","false","FIXED","MISSING","REPRESENTATION_ACCEPTED_NUMERIC_PENDING","Base-year carrier observation; future residual vector requires accepted energy share and fuel composition; cache zero has no certified raw-zero evidence","VN:2019:Transport:RoadResidualFuel:gas","RoadResidualFuel","true","true","false","CACHE_ZERO_UNVERIFIED","VN:gas","false","false","VN/road gas","Transport","","","",""
"VN","2019","Transport","RoadResidualFuel","oil","DIRECT_FUEL","77.9943","TWh/year","77994300.0","","RoadResidualFuel","EXPLICIT","/home/jin/research/SGP_ESE5004_Stage2/pypsa-asean/resources/baseline-aims-3H-tutorial/energy_totals_base.csv","2019","af27beafc01cfb1920a23e632c05e858883a28efd9bbf94df3dfdba455fde261","Frozen derived cache; TWh/year -> MWh; raw/calorific provenance still pending","PENDING_ACCEPTED_COUNTRY_NODE_WEIGHTS","PENDING_ACCEPTED_SHAPE_AND_PHYSICAL_WEIGHTS","false","false","FIXED","FROZEN_UPSTREAM","REPRESENTATION_ACCEPTED_NUMERIC_PENDING","Base-year carrier observation; future residual vector requires accepted energy share and fuel composition","VN:2019:Transport:RoadResidualFuel:oil","RoadResidualFuel","true","true","false","POSITIVE_CACHE_VALUE","VN:oil","false","false","VN/road oil","Transport","","","",""
"VN","2019","Transport","TransportEmbeddedFuelParent","unclassified_fuel","UNCLASSIFIED","","","","","TransportEmbeddedFuelParent","EXPLICIT","","2019","","","PENDING_ACCEPTED_COUNTRY_NODE_WEIGHTS","PENDING_ACCEPTED_SHAPE_AND_PHYSICAL_WEIGHTS","false","false","FIXED","PENDING","REPRESENTATION_ACCEPTED_NUMERIC_PENDING","Rail fuel retained in one unresolved transport fuel parent; no extra rail oil Load or fabricated residual","VN:2019:Transport:TransportEmbeddedFuelParent:unclassified_fuel","TransportEmbeddedFuelParent","true","true","false","MISSING","","false","false","","Transport","","","",""
"VN","2030","Agriculture","AgricultureDirectElectricity","electricity","EMBEDDED","","","","Astar","AgricultureDirectElectricity","EMBEDDED","","2019","","","PENDING_ACCEPTED_COUNTRY_NODE_WEIGHTS","PENDING_ACCEPTED_SHAPE_AND_PHYSICAL_WEIGHTS","true","false","FIXED","PENDING","REPRESENTATION_ACCEPTED_NUMERIC_PENDING","Future direct electricity remains within Astar; no separate Load; growth unaccepted","VN:2030:Agriculture:AgricultureDirectElectricity:electricity","Astar","false","false","false","MISSING","VN:electricity","false","false","","Agriculture","","","",""
"VN","2030","Agriculture","AgricultureFinalEnergy","biomass","DIRECT_FUEL","","","","","AgricultureFinalEnergy","EXPLICIT","","2019","","","PENDING_ACCEPTED_COUNTRY_NODE_WEIGHTS","PENDING_ACCEPTED_SHAPE_AND_PHYSICAL_WEIGHTS","false","false","FIXED","PENDING","REPRESENTATION_ACCEPTED_NUMERIC_PENDING","PENDING_FUTURE_GROWTH; no DEFAULT or zero-growth assumption","VN:2030:Agriculture:AgricultureFinalEnergy:biomass","AgricultureFinalEnergy","true","true","false","MISSING","VN:biomass","false","false","","Agriculture","","","",""
"VN","2030","Agriculture","AgricultureFinalEnergy","coal","DIRECT_FUEL","","","","","AgricultureFinalEnergy","EXPLICIT","","2019","","","PENDING_ACCEPTED_COUNTRY_NODE_WEIGHTS","PENDING_ACCEPTED_SHAPE_AND_PHYSICAL_WEIGHTS","false","false","FIXED","PENDING","REPRESENTATION_ACCEPTED_NUMERIC_PENDING","PENDING_FUTURE_GROWTH; no DEFAULT or zero-growth assumption","VN:2030:Agriculture:AgricultureFinalEnergy:coal","AgricultureFinalEnergy","true","true","false","MISSING","VN:coal","false","false","","Agriculture","","","",""
"VN","2030","Agriculture","AgricultureFinalEnergy","oil","DIRECT_FUEL","","","","","AgricultureFinalEnergy","EXPLICIT","","2019","","","PENDING_ACCEPTED_COUNTRY_NODE_WEIGHTS","PENDING_ACCEPTED_SHAPE_AND_PHYSICAL_WEIGHTS","false","false","FIXED","PENDING","REPRESENTATION_ACCEPTED_NUMERIC_PENDING","PENDING_FUTURE_GROWTH; no DEFAULT or zero-growth assumption","VN:2030:Agriculture:AgricultureFinalEnergy:oil","AgricultureFinalEnergy","true","true","false","MISSING","VN:oil","false","false","","Agriculture","","","",""
"VN","2030","Buildings","ResidentialDirectElectricity","electricity","DIRECT_ELECTRICITY","","","","Astar","ResidentialDirectElectricity","EMBEDDED","","2019","","","PENDING_ACCEPTED_COUNTRY_NODE_WEIGHTS","PENDING_ACCEPTED_SHAPE_AND_PHYSICAL_WEIGHTS","true","false","FIXED","PENDING","REPRESENTATION_ACCEPTED_NUMERIC_PENDING","PENDING_FUTURE_GROWTH; separate R/S decomposition remains optional inside Astar","VN:2030:Buildings:ResidentialDirectElectricity:electricity","Astar","false","false","false","MISSING","VN:electricity","false","false","","Buildings","","","",""
"VN","2030","Buildings","ResidentialFuel","biomass","DIRECT_FUEL","","","","","ResidentialFuel","EXPLICIT","","2019","","","PENDING_ACCEPTED_COUNTRY_NODE_WEIGHTS","PENDING_ACCEPTED_SHAPE_AND_PHYSICAL_WEIGHTS","false","false","FIXED","PENDING","REPRESENTATION_ACCEPTED_NUMERIC_PENDING","PENDING_FUTURE_GROWTH; no default growth or heat conversion","VN:2030:Buildings:ResidentialFuel:biomass","ResidentialFuel","true","true","false","MISSING","VN:biomass","false","false","","Buildings","","","",""
"VN","2030","Buildings","ResidentialFuel","coal","DIRECT_FUEL","","","","","ResidentialFuel","EXPLICIT","","2019","","","PENDING_ACCEPTED_COUNTRY_NODE_WEIGHTS","PENDING_ACCEPTED_SHAPE_AND_PHYSICAL_WEIGHTS","false","false","FIXED","PENDING","REPRESENTATION_ACCEPTED_NUMERIC_PENDING","PENDING_FUTURE_GROWTH; no default growth or heat conversion","VN:2030:Buildings:ResidentialFuel:coal","ResidentialFuel","true","true","false","MISSING","VN:coal","false","false","","Buildings","","","",""
"VN","2030","Buildings","ResidentialFuel","gas","DIRECT_FUEL","","","","","ResidentialFuel","EXPLICIT","","2019","","","PENDING_ACCEPTED_COUNTRY_NODE_WEIGHTS","PENDING_ACCEPTED_SHAPE_AND_PHYSICAL_WEIGHTS","false","false","FIXED","PENDING","REPRESENTATION_ACCEPTED_NUMERIC_PENDING","PENDING_FUTURE_GROWTH; no default growth or heat conversion","VN:2030:Buildings:ResidentialFuel:gas","ResidentialFuel","true","true","false","MISSING","VN:gas","false","false","","Buildings","","","",""
"VN","2030","Buildings","ResidentialFuel","oil","DIRECT_FUEL","","","","","ResidentialFuel","EXPLICIT","","2019","","","PENDING_ACCEPTED_COUNTRY_NODE_WEIGHTS","PENDING_ACCEPTED_SHAPE_AND_PHYSICAL_WEIGHTS","false","false","FIXED","PENDING","REPRESENTATION_ACCEPTED_NUMERIC_PENDING","PENDING_FUTURE_GROWTH; no default growth or heat conversion","VN:2030:Buildings:ResidentialFuel:oil","ResidentialFuel","true","true","false","MISSING","VN:oil","false","false","","Buildings","","","",""
"VN","2030","Buildings","ServicesDirectElectricity","electricity","DIRECT_ELECTRICITY","","","","Astar","ServicesDirectElectricity","EMBEDDED","","2019","","","PENDING_ACCEPTED_COUNTRY_NODE_WEIGHTS","PENDING_ACCEPTED_SHAPE_AND_PHYSICAL_WEIGHTS","true","false","FIXED","PENDING","REPRESENTATION_ACCEPTED_NUMERIC_PENDING","PENDING_FUTURE_GROWTH; separate R/S decomposition remains optional inside Astar","VN:2030:Buildings:ServicesDirectElectricity:electricity","Astar","false","false","false","MISSING","VN:electricity","false","false","","Buildings","","","",""
"VN","2030","Buildings","ServicesFuel","biomass","DIRECT_FUEL","","","","","ServicesFuel","EXPLICIT","","2019","","","PENDING_ACCEPTED_COUNTRY_NODE_WEIGHTS","PENDING_ACCEPTED_SHAPE_AND_PHYSICAL_WEIGHTS","false","false","FIXED","PENDING","REPRESENTATION_ACCEPTED_NUMERIC_PENDING","PENDING_FUTURE_GROWTH; no default growth or heat conversion","VN:2030:Buildings:ServicesFuel:biomass","ServicesFuel","true","true","false","MISSING","VN:biomass","false","false","","Buildings","","","",""
"VN","2030","Buildings","ServicesFuel","coal","DIRECT_FUEL","","","","","ServicesFuel","EXPLICIT","","2019","","","PENDING_ACCEPTED_COUNTRY_NODE_WEIGHTS","PENDING_ACCEPTED_SHAPE_AND_PHYSICAL_WEIGHTS","false","false","FIXED","PENDING","REPRESENTATION_ACCEPTED_NUMERIC_PENDING","PENDING_FUTURE_GROWTH; no default growth or heat conversion","VN:2030:Buildings:ServicesFuel:coal","ServicesFuel","true","true","false","MISSING","VN:coal","false","false","","Buildings","","","",""
"VN","2030","Buildings","ServicesFuel","gas","DIRECT_FUEL","","","","","ServicesFuel","EXPLICIT","","2019","","","PENDING_ACCEPTED_COUNTRY_NODE_WEIGHTS","PENDING_ACCEPTED_SHAPE_AND_PHYSICAL_WEIGHTS","false","false","FIXED","PENDING","REPRESENTATION_ACCEPTED_NUMERIC_PENDING","PENDING_FUTURE_GROWTH; no default growth or heat conversion","VN:2030:Buildings:ServicesFuel:gas","ServicesFuel","true","true","false","MISSING","VN:gas","false","false","","Buildings","","","",""
"VN","2030","Buildings","ServicesFuel","oil","DIRECT_FUEL","","","","","ServicesFuel","EXPLICIT","","2019","","","PENDING_ACCEPTED_COUNTRY_NODE_WEIGHTS","PENDING_ACCEPTED_SHAPE_AND_PHYSICAL_WEIGHTS","false","false","FIXED","PENDING","REPRESENTATION_ACCEPTED_NUMERIC_PENDING","PENDING_FUTURE_GROWTH; no default growth or heat conversion","VN:2030:Buildings:ServicesFuel:oil","ServicesFuel","true","true","false","MISSING","VN:oil","false","false","","Buildings","","","",""
"VN","2030","Bunker","InternationalAviationBunker","oil","BUNKER_FUEL","","","","","InternationalAviationBunker","EXPLICIT","","2019","","","PENDING_ACCEPTED_COUNTRY_NODE_WEIGHTS","PENDING_ACCEPTED_SHAPE_AND_PHYSICAL_WEIGHTS","false","false","FIXED","PENDING","REPRESENTATION_ACCEPTED_NUMERIC_PENDING","PENDING_FUTURE_GROWTH; upstream default projection not accepted","VN:2030:Bunker:InternationalAviationBunker:oil","InternationalAviationBunker","true","true","false","MISSING","VN:oil","false","false","","bunker","","","",""
"VN","2030","Bunker","InternationalShippingBunker","oil","BUNKER_FUEL","","","","","InternationalShippingBunker","EXPLICIT","","2019","","","PENDING_ACCEPTED_COUNTRY_NODE_WEIGHTS","PENDING_ACCEPTED_SHAPE_AND_PHYSICAL_WEIGHTS","false","false","FIXED","PENDING","REPRESENTATION_ACCEPTED_NUMERIC_PENDING","PENDING_FUTURE_GROWTH; upstream default projection not accepted","VN:2030:Bunker:InternationalShippingBunker:oil","InternationalShippingBunker","true","true","false","MISSING","VN:oil","false","false","","bunker","","","",""
"VN","2030","Electricity","Astar","electricity","DIRECT_ELECTRICITY","","","","","Astar","EXPLICIT","","2019","","","PENDING_ACCEPTED_COUNTRY_NODE_WEIGHTS","PENDING_ACCEPTED_SHAPE_AND_PHYSICAL_WEIGHTS","true","false","FIXED","PENDING","REPRESENTATION_ACCEPTED_NUMERIC_PENDING","FUTURE_DIRECT_ELECTRICITY_PENDING; no AEO8 generation/DemandCast/default-growth fallback","VN:2030:Electricity:Astar:electricity","Astar","true","true","false","MISSING","VN:electricity","false","false","","electricity","","","",""
"VN","2030","Industry","IndustryDirectElectricity","electricity","EMBEDDED","","","","Astar","IndustryDirectElectricity","EMBEDDED","","2019","","","PENDING_ACCEPTED_COUNTRY_NODE_WEIGHTS","PENDING_ACCEPTED_SHAPE_AND_PHYSICAL_WEIGHTS","true","false","FIXED","PENDING","REPRESENTATION_ACCEPTED_NUMERIC_PENDING","Future direct electricity remains within Astar; no separate Load; growth unaccepted","VN:2030:Industry:IndustryDirectElectricity:electricity","Astar","false","false","false","MISSING","VN:electricity","false","false","","Industry","","","",""
"VN","2030","Industry","IndustryFinalEnergy","biomass","DIRECT_FUEL","","","","","IndustryFinalEnergy","EXPLICIT","","2019","","","PENDING_ACCEPTED_COUNTRY_NODE_WEIGHTS","PENDING_ACCEPTED_SHAPE_AND_PHYSICAL_WEIGHTS","false","false","FIXED","PENDING","REPRESENTATION_ACCEPTED_NUMERIC_PENDING","PENDING_FUTURE_GROWTH; no DEFAULT or zero-growth assumption","VN:2030:Industry:IndustryFinalEnergy:biomass","IndustryFinalEnergy","true","true","false","MISSING","VN:biomass","false","false","","Industry","","","",""
"VN","2030","Industry","IndustryFinalEnergy","coal","DIRECT_FUEL","","","","","IndustryFinalEnergy","EXPLICIT","","2019","","","PENDING_ACCEPTED_COUNTRY_NODE_WEIGHTS","PENDING_ACCEPTED_SHAPE_AND_PHYSICAL_WEIGHTS","false","false","FIXED","PENDING","REPRESENTATION_ACCEPTED_NUMERIC_PENDING","PENDING_FUTURE_GROWTH; no DEFAULT or zero-growth assumption","VN:2030:Industry:IndustryFinalEnergy:coal","IndustryFinalEnergy","true","true","false","MISSING","VN:coal","false","false","","Industry","","","",""
"VN","2030","Industry","IndustryFinalEnergy","gas","DIRECT_FUEL","","","","","IndustryFinalEnergy","EXPLICIT","","2019","","","PENDING_ACCEPTED_COUNTRY_NODE_WEIGHTS","PENDING_ACCEPTED_SHAPE_AND_PHYSICAL_WEIGHTS","false","false","FIXED","PENDING","REPRESENTATION_ACCEPTED_NUMERIC_PENDING","PENDING_FUTURE_GROWTH; no DEFAULT or zero-growth assumption","VN:2030:Industry:IndustryFinalEnergy:gas","IndustryFinalEnergy","true","true","false","MISSING","VN:gas","false","false","","Industry","","","",""
"VN","2030","Industry","IndustryFinalEnergy","oil","DIRECT_FUEL","","","","","IndustryFinalEnergy","EXPLICIT","","2019","","","PENDING_ACCEPTED_COUNTRY_NODE_WEIGHTS","PENDING_ACCEPTED_SHAPE_AND_PHYSICAL_WEIGHTS","false","false","FIXED","PENDING","REPRESENTATION_ACCEPTED_NUMERIC_PENDING","PENDING_FUTURE_GROWTH; no DEFAULT or zero-growth assumption","VN:2030:Industry:IndustryFinalEnergy:oil","IndustryFinalEnergy","true","true","false","MISSING","VN:oil","false","false","","Industry","","","",""
"VN","2030","Transport","DomesticAviationFuel","oil","DIRECT_FUEL","","","","","DomesticAviationFuel","EXPLICIT","","2019","","","PENDING_ACCEPTED_COUNTRY_NODE_WEIGHTS","PENDING_ACCEPTED_SHAPE_AND_PHYSICAL_WEIGHTS","false","false","FIXED","PENDING","REPRESENTATION_ACCEPTED_NUMERIC_PENDING","PENDING_FUTURE_GROWTH; upstream default projection not accepted","VN:2030:Transport:DomesticAviationFuel:oil","DomesticAviationFuel","true","true","false","MISSING","VN:oil","false","false","","bunker","","","",""
"VN","2030","Transport","DomesticShippingFuel","oil","DIRECT_FUEL","","","","","DomesticShippingFuel","EXPLICIT","","2019","","","PENDING_ACCEPTED_COUNTRY_NODE_WEIGHTS","PENDING_ACCEPTED_SHAPE_AND_PHYSICAL_WEIGHTS","false","false","FIXED","PENDING","REPRESENTATION_ACCEPTED_NUMERIC_PENDING","PENDING_FUTURE_GROWTH; upstream default projection not accepted","VN:2030:Transport:DomesticShippingFuel:oil","DomesticShippingFuel","true","true","false","MISSING","VN:oil","false","false","","bunker","","","",""
"VN","2030","Transport","RailElectricity","electricity","EMBEDDED","","","","Astar","RailElectricity","EMBEDDED","","2019","","","PENDING_ACCEPTED_COUNTRY_NODE_WEIGHTS","PENDING_ACCEPTED_SHAPE_AND_PHYSICAL_WEIGHTS","true","false","FIXED","PENDING","REPRESENTATION_ACCEPTED_NUMERIC_PENDING","Future rail stays in Astar once; decomposition pending","VN:2030:Transport:RailElectricity:electricity","Astar","false","false","false","MISSING","VN:electricity","false","false","","Transport","","","",""
"VN","2030","Transport","RoadEVFinalElectricity","electricity","DIRECT_ELECTRICITY","","","","","RoadEVFinalElectricity","EXPLICIT","","2019","","","PENDING_ACCEPTED_COUNTRY_NODE_WEIGHTS","PENDING_ACCEPTED_SHAPE_AND_PHYSICAL_WEIGHTS","false","false","FIXED","PENDING","REPRESENTATION_ACCEPTED_NUMERIC_PENDING","External final-energy share pending; future EV excluded from future direct Astar; no kWh/km proxy","VN:2030:Transport:RoadEVFinalElectricity:electricity","RoadEVFinalElectricity","true","true","false","MISSING","VN:electricity","false","false","","Transport","","","",""
"VN","2030","Transport","RoadResidualFuel","biomass","DIRECT_FUEL","","","","","RoadResidualFuel","EXPLICIT","","2019","","","PENDING_ACCEPTED_COUNTRY_NODE_WEIGHTS","PENDING_ACCEPTED_SHAPE_AND_PHYSICAL_WEIGHTS","false","false","FIXED","PENDING","REPRESENTATION_ACCEPTED_NUMERIC_PENDING","PENDING_FUTURE_GROWTH_AND_EV_ENERGY_PATH; carrier vector retained","VN:2030:Transport:RoadResidualFuel:biomass","RoadResidualFuel","true","true","false","MISSING","VN:biomass","false","false","","Transport","","","",""
"VN","2030","Transport","RoadResidualFuel","gas","DIRECT_FUEL","","","","","RoadResidualFuel","EXPLICIT","","2019","","","PENDING_ACCEPTED_COUNTRY_NODE_WEIGHTS","PENDING_ACCEPTED_SHAPE_AND_PHYSICAL_WEIGHTS","false","false","FIXED","PENDING","REPRESENTATION_ACCEPTED_NUMERIC_PENDING","PENDING_FUTURE_GROWTH_AND_EV_ENERGY_PATH; carrier vector retained","VN:2030:Transport:RoadResidualFuel:gas","RoadResidualFuel","true","true","false","MISSING","VN:gas","false","false","","Transport","","","",""
"VN","2030","Transport","RoadResidualFuel","oil","DIRECT_FUEL","","","","","RoadResidualFuel","EXPLICIT","","2019","","","PENDING_ACCEPTED_COUNTRY_NODE_WEIGHTS","PENDING_ACCEPTED_SHAPE_AND_PHYSICAL_WEIGHTS","false","false","FIXED","PENDING","REPRESENTATION_ACCEPTED_NUMERIC_PENDING","PENDING_FUTURE_GROWTH_AND_EV_ENERGY_PATH; carrier vector retained","VN:2030:Transport:RoadResidualFuel:oil","RoadResidualFuel","true","true","false","MISSING","VN:oil","false","false","","Transport","","","",""
"VN","2030","Transport","TransportEmbeddedFuelParent","unclassified_fuel","UNCLASSIFIED","","","","","TransportEmbeddedFuelParent","EXPLICIT","","2019","","","PENDING_ACCEPTED_COUNTRY_NODE_WEIGHTS","PENDING_ACCEPTED_SHAPE_AND_PHYSICAL_WEIGHTS","false","false","FIXED","PENDING","REPRESENTATION_ACCEPTED_NUMERIC_PENDING","Rail fuel remains within one pending transport fuel parent; no duplicate rail Load","VN:2030:Transport:TransportEmbeddedFuelParent:unclassified_fuel","TransportEmbeddedFuelParent","true","true","false","MISSING","","false","false","","Transport","","","",""
"VN","2040","Agriculture","AgricultureDirectElectricity","electricity","EMBEDDED","","","","Astar","AgricultureDirectElectricity","EMBEDDED","","2019","","","PENDING_ACCEPTED_COUNTRY_NODE_WEIGHTS","PENDING_ACCEPTED_SHAPE_AND_PHYSICAL_WEIGHTS","true","false","FIXED","PENDING","REPRESENTATION_ACCEPTED_NUMERIC_PENDING","Future direct electricity remains within Astar; no separate Load; growth unaccepted","VN:2040:Agriculture:AgricultureDirectElectricity:electricity","Astar","false","false","false","MISSING","VN:electricity","false","false","","Agriculture","","","",""
"VN","2040","Agriculture","AgricultureFinalEnergy","biomass","DIRECT_FUEL","","","","","AgricultureFinalEnergy","EXPLICIT","","2019","","","PENDING_ACCEPTED_COUNTRY_NODE_WEIGHTS","PENDING_ACCEPTED_SHAPE_AND_PHYSICAL_WEIGHTS","false","false","FIXED","PENDING","REPRESENTATION_ACCEPTED_NUMERIC_PENDING","PENDING_FUTURE_GROWTH; no DEFAULT or zero-growth assumption","VN:2040:Agriculture:AgricultureFinalEnergy:biomass","AgricultureFinalEnergy","true","true","false","MISSING","VN:biomass","false","false","","Agriculture","","","",""
"VN","2040","Agriculture","AgricultureFinalEnergy","coal","DIRECT_FUEL","","","","","AgricultureFinalEnergy","EXPLICIT","","2019","","","PENDING_ACCEPTED_COUNTRY_NODE_WEIGHTS","PENDING_ACCEPTED_SHAPE_AND_PHYSICAL_WEIGHTS","false","false","FIXED","PENDING","REPRESENTATION_ACCEPTED_NUMERIC_PENDING","PENDING_FUTURE_GROWTH; no DEFAULT or zero-growth assumption","VN:2040:Agriculture:AgricultureFinalEnergy:coal","AgricultureFinalEnergy","true","true","false","MISSING","VN:coal","false","false","","Agriculture","","","",""
"VN","2040","Agriculture","AgricultureFinalEnergy","oil","DIRECT_FUEL","","","","","AgricultureFinalEnergy","EXPLICIT","","2019","","","PENDING_ACCEPTED_COUNTRY_NODE_WEIGHTS","PENDING_ACCEPTED_SHAPE_AND_PHYSICAL_WEIGHTS","false","false","FIXED","PENDING","REPRESENTATION_ACCEPTED_NUMERIC_PENDING","PENDING_FUTURE_GROWTH; no DEFAULT or zero-growth assumption","VN:2040:Agriculture:AgricultureFinalEnergy:oil","AgricultureFinalEnergy","true","true","false","MISSING","VN:oil","false","false","","Agriculture","","","",""
"VN","2040","Buildings","ResidentialDirectElectricity","electricity","DIRECT_ELECTRICITY","","","","Astar","ResidentialDirectElectricity","EMBEDDED","","2019","","","PENDING_ACCEPTED_COUNTRY_NODE_WEIGHTS","PENDING_ACCEPTED_SHAPE_AND_PHYSICAL_WEIGHTS","true","false","FIXED","PENDING","REPRESENTATION_ACCEPTED_NUMERIC_PENDING","PENDING_FUTURE_GROWTH; separate R/S decomposition remains optional inside Astar","VN:2040:Buildings:ResidentialDirectElectricity:electricity","Astar","false","false","false","MISSING","VN:electricity","false","false","","Buildings","","","",""
"VN","2040","Buildings","ResidentialFuel","biomass","DIRECT_FUEL","","","","","ResidentialFuel","EXPLICIT","","2019","","","PENDING_ACCEPTED_COUNTRY_NODE_WEIGHTS","PENDING_ACCEPTED_SHAPE_AND_PHYSICAL_WEIGHTS","false","false","FIXED","PENDING","REPRESENTATION_ACCEPTED_NUMERIC_PENDING","PENDING_FUTURE_GROWTH; no default growth or heat conversion","VN:2040:Buildings:ResidentialFuel:biomass","ResidentialFuel","true","true","false","MISSING","VN:biomass","false","false","","Buildings","","","",""
"VN","2040","Buildings","ResidentialFuel","coal","DIRECT_FUEL","","","","","ResidentialFuel","EXPLICIT","","2019","","","PENDING_ACCEPTED_COUNTRY_NODE_WEIGHTS","PENDING_ACCEPTED_SHAPE_AND_PHYSICAL_WEIGHTS","false","false","FIXED","PENDING","REPRESENTATION_ACCEPTED_NUMERIC_PENDING","PENDING_FUTURE_GROWTH; no default growth or heat conversion","VN:2040:Buildings:ResidentialFuel:coal","ResidentialFuel","true","true","false","MISSING","VN:coal","false","false","","Buildings","","","",""
"VN","2040","Buildings","ResidentialFuel","gas","DIRECT_FUEL","","","","","ResidentialFuel","EXPLICIT","","2019","","","PENDING_ACCEPTED_COUNTRY_NODE_WEIGHTS","PENDING_ACCEPTED_SHAPE_AND_PHYSICAL_WEIGHTS","false","false","FIXED","PENDING","REPRESENTATION_ACCEPTED_NUMERIC_PENDING","PENDING_FUTURE_GROWTH; no default growth or heat conversion","VN:2040:Buildings:ResidentialFuel:gas","ResidentialFuel","true","true","false","MISSING","VN:gas","false","false","","Buildings","","","",""
"VN","2040","Buildings","ResidentialFuel","oil","DIRECT_FUEL","","","","","ResidentialFuel","EXPLICIT","","2019","","","PENDING_ACCEPTED_COUNTRY_NODE_WEIGHTS","PENDING_ACCEPTED_SHAPE_AND_PHYSICAL_WEIGHTS","false","false","FIXED","PENDING","REPRESENTATION_ACCEPTED_NUMERIC_PENDING","PENDING_FUTURE_GROWTH; no default growth or heat conversion","VN:2040:Buildings:ResidentialFuel:oil","ResidentialFuel","true","true","false","MISSING","VN:oil","false","false","","Buildings","","","",""
"VN","2040","Buildings","ServicesDirectElectricity","electricity","DIRECT_ELECTRICITY","","","","Astar","ServicesDirectElectricity","EMBEDDED","","2019","","","PENDING_ACCEPTED_COUNTRY_NODE_WEIGHTS","PENDING_ACCEPTED_SHAPE_AND_PHYSICAL_WEIGHTS","true","false","FIXED","PENDING","REPRESENTATION_ACCEPTED_NUMERIC_PENDING","PENDING_FUTURE_GROWTH; separate R/S decomposition remains optional inside Astar","VN:2040:Buildings:ServicesDirectElectricity:electricity","Astar","false","false","false","MISSING","VN:electricity","false","false","","Buildings","","","",""
"VN","2040","Buildings","ServicesFuel","biomass","DIRECT_FUEL","","","","","ServicesFuel","EXPLICIT","","2019","","","PENDING_ACCEPTED_COUNTRY_NODE_WEIGHTS","PENDING_ACCEPTED_SHAPE_AND_PHYSICAL_WEIGHTS","false","false","FIXED","PENDING","REPRESENTATION_ACCEPTED_NUMERIC_PENDING","PENDING_FUTURE_GROWTH; no default growth or heat conversion","VN:2040:Buildings:ServicesFuel:biomass","ServicesFuel","true","true","false","MISSING","VN:biomass","false","false","","Buildings","","","",""
"VN","2040","Buildings","ServicesFuel","coal","DIRECT_FUEL","","","","","ServicesFuel","EXPLICIT","","2019","","","PENDING_ACCEPTED_COUNTRY_NODE_WEIGHTS","PENDING_ACCEPTED_SHAPE_AND_PHYSICAL_WEIGHTS","false","false","FIXED","PENDING","REPRESENTATION_ACCEPTED_NUMERIC_PENDING","PENDING_FUTURE_GROWTH; no default growth or heat conversion","VN:2040:Buildings:ServicesFuel:coal","ServicesFuel","true","true","false","MISSING","VN:coal","false","false","","Buildings","","","",""
"VN","2040","Buildings","ServicesFuel","gas","DIRECT_FUEL","","","","","ServicesFuel","EXPLICIT","","2019","","","PENDING_ACCEPTED_COUNTRY_NODE_WEIGHTS","PENDING_ACCEPTED_SHAPE_AND_PHYSICAL_WEIGHTS","false","false","FIXED","PENDING","REPRESENTATION_ACCEPTED_NUMERIC_PENDING","PENDING_FUTURE_GROWTH; no default growth or heat conversion","VN:2040:Buildings:ServicesFuel:gas","ServicesFuel","true","true","false","MISSING","VN:gas","false","false","","Buildings","","","",""
"VN","2040","Buildings","ServicesFuel","oil","DIRECT_FUEL","","","","","ServicesFuel","EXPLICIT","","2019","","","PENDING_ACCEPTED_COUNTRY_NODE_WEIGHTS","PENDING_ACCEPTED_SHAPE_AND_PHYSICAL_WEIGHTS","false","false","FIXED","PENDING","REPRESENTATION_ACCEPTED_NUMERIC_PENDING","PENDING_FUTURE_GROWTH; no default growth or heat conversion","VN:2040:Buildings:ServicesFuel:oil","ServicesFuel","true","true","false","MISSING","VN:oil","false","false","","Buildings","","","",""
"VN","2040","Bunker","InternationalAviationBunker","oil","BUNKER_FUEL","","","","","InternationalAviationBunker","EXPLICIT","","2019","","","PENDING_ACCEPTED_COUNTRY_NODE_WEIGHTS","PENDING_ACCEPTED_SHAPE_AND_PHYSICAL_WEIGHTS","false","false","FIXED","PENDING","REPRESENTATION_ACCEPTED_NUMERIC_PENDING","PENDING_FUTURE_GROWTH; upstream default projection not accepted","VN:2040:Bunker:InternationalAviationBunker:oil","InternationalAviationBunker","true","true","false","MISSING","VN:oil","false","false","","bunker","","","",""
"VN","2040","Bunker","InternationalShippingBunker","oil","BUNKER_FUEL","","","","","InternationalShippingBunker","EXPLICIT","","2019","","","PENDING_ACCEPTED_COUNTRY_NODE_WEIGHTS","PENDING_ACCEPTED_SHAPE_AND_PHYSICAL_WEIGHTS","false","false","FIXED","PENDING","REPRESENTATION_ACCEPTED_NUMERIC_PENDING","PENDING_FUTURE_GROWTH; upstream default projection not accepted","VN:2040:Bunker:InternationalShippingBunker:oil","InternationalShippingBunker","true","true","false","MISSING","VN:oil","false","false","","bunker","","","",""
"VN","2040","Electricity","Astar","electricity","DIRECT_ELECTRICITY","","","","","Astar","EXPLICIT","","2019","","","PENDING_ACCEPTED_COUNTRY_NODE_WEIGHTS","PENDING_ACCEPTED_SHAPE_AND_PHYSICAL_WEIGHTS","true","false","FIXED","PENDING","REPRESENTATION_ACCEPTED_NUMERIC_PENDING","FUTURE_DIRECT_ELECTRICITY_PENDING; no AEO8 generation/DemandCast/default-growth fallback","VN:2040:Electricity:Astar:electricity","Astar","true","true","false","MISSING","VN:electricity","false","false","","electricity","","","",""
"VN","2040","Industry","IndustryDirectElectricity","electricity","EMBEDDED","","","","Astar","IndustryDirectElectricity","EMBEDDED","","2019","","","PENDING_ACCEPTED_COUNTRY_NODE_WEIGHTS","PENDING_ACCEPTED_SHAPE_AND_PHYSICAL_WEIGHTS","true","false","FIXED","PENDING","REPRESENTATION_ACCEPTED_NUMERIC_PENDING","Future direct electricity remains within Astar; no separate Load; growth unaccepted","VN:2040:Industry:IndustryDirectElectricity:electricity","Astar","false","false","false","MISSING","VN:electricity","false","false","","Industry","","","",""
"VN","2040","Industry","IndustryFinalEnergy","biomass","DIRECT_FUEL","","","","","IndustryFinalEnergy","EXPLICIT","","2019","","","PENDING_ACCEPTED_COUNTRY_NODE_WEIGHTS","PENDING_ACCEPTED_SHAPE_AND_PHYSICAL_WEIGHTS","false","false","FIXED","PENDING","REPRESENTATION_ACCEPTED_NUMERIC_PENDING","PENDING_FUTURE_GROWTH; no DEFAULT or zero-growth assumption","VN:2040:Industry:IndustryFinalEnergy:biomass","IndustryFinalEnergy","true","true","false","MISSING","VN:biomass","false","false","","Industry","","","",""
"VN","2040","Industry","IndustryFinalEnergy","coal","DIRECT_FUEL","","","","","IndustryFinalEnergy","EXPLICIT","","2019","","","PENDING_ACCEPTED_COUNTRY_NODE_WEIGHTS","PENDING_ACCEPTED_SHAPE_AND_PHYSICAL_WEIGHTS","false","false","FIXED","PENDING","REPRESENTATION_ACCEPTED_NUMERIC_PENDING","PENDING_FUTURE_GROWTH; no DEFAULT or zero-growth assumption","VN:2040:Industry:IndustryFinalEnergy:coal","IndustryFinalEnergy","true","true","false","MISSING","VN:coal","false","false","","Industry","","","",""
"VN","2040","Industry","IndustryFinalEnergy","gas","DIRECT_FUEL","","","","","IndustryFinalEnergy","EXPLICIT","","2019","","","PENDING_ACCEPTED_COUNTRY_NODE_WEIGHTS","PENDING_ACCEPTED_SHAPE_AND_PHYSICAL_WEIGHTS","false","false","FIXED","PENDING","REPRESENTATION_ACCEPTED_NUMERIC_PENDING","PENDING_FUTURE_GROWTH; no DEFAULT or zero-growth assumption","VN:2040:Industry:IndustryFinalEnergy:gas","IndustryFinalEnergy","true","true","false","MISSING","VN:gas","false","false","","Industry","","","",""
"VN","2040","Industry","IndustryFinalEnergy","oil","DIRECT_FUEL","","","","","IndustryFinalEnergy","EXPLICIT","","2019","","","PENDING_ACCEPTED_COUNTRY_NODE_WEIGHTS","PENDING_ACCEPTED_SHAPE_AND_PHYSICAL_WEIGHTS","false","false","FIXED","PENDING","REPRESENTATION_ACCEPTED_NUMERIC_PENDING","PENDING_FUTURE_GROWTH; no DEFAULT or zero-growth assumption","VN:2040:Industry:IndustryFinalEnergy:oil","IndustryFinalEnergy","true","true","false","MISSING","VN:oil","false","false","","Industry","","","",""
"VN","2040","Transport","DomesticAviationFuel","oil","DIRECT_FUEL","","","","","DomesticAviationFuel","EXPLICIT","","2019","","","PENDING_ACCEPTED_COUNTRY_NODE_WEIGHTS","PENDING_ACCEPTED_SHAPE_AND_PHYSICAL_WEIGHTS","false","false","FIXED","PENDING","REPRESENTATION_ACCEPTED_NUMERIC_PENDING","PENDING_FUTURE_GROWTH; upstream default projection not accepted","VN:2040:Transport:DomesticAviationFuel:oil","DomesticAviationFuel","true","true","false","MISSING","VN:oil","false","false","","bunker","","","",""
"VN","2040","Transport","DomesticShippingFuel","oil","DIRECT_FUEL","","","","","DomesticShippingFuel","EXPLICIT","","2019","","","PENDING_ACCEPTED_COUNTRY_NODE_WEIGHTS","PENDING_ACCEPTED_SHAPE_AND_PHYSICAL_WEIGHTS","false","false","FIXED","PENDING","REPRESENTATION_ACCEPTED_NUMERIC_PENDING","PENDING_FUTURE_GROWTH; upstream default projection not accepted","VN:2040:Transport:DomesticShippingFuel:oil","DomesticShippingFuel","true","true","false","MISSING","VN:oil","false","false","","bunker","","","",""
"VN","2040","Transport","RailElectricity","electricity","EMBEDDED","","","","Astar","RailElectricity","EMBEDDED","","2019","","","PENDING_ACCEPTED_COUNTRY_NODE_WEIGHTS","PENDING_ACCEPTED_SHAPE_AND_PHYSICAL_WEIGHTS","true","false","FIXED","PENDING","REPRESENTATION_ACCEPTED_NUMERIC_PENDING","Future rail stays in Astar once; decomposition pending","VN:2040:Transport:RailElectricity:electricity","Astar","false","false","false","MISSING","VN:electricity","false","false","","Transport","","","",""
"VN","2040","Transport","RoadEVFinalElectricity","electricity","DIRECT_ELECTRICITY","","","","","RoadEVFinalElectricity","EXPLICIT","","2019","","","PENDING_ACCEPTED_COUNTRY_NODE_WEIGHTS","PENDING_ACCEPTED_SHAPE_AND_PHYSICAL_WEIGHTS","false","false","FIXED","PENDING","REPRESENTATION_ACCEPTED_NUMERIC_PENDING","External final-energy share pending; future EV excluded from future direct Astar; no kWh/km proxy","VN:2040:Transport:RoadEVFinalElectricity:electricity","RoadEVFinalElectricity","true","true","false","MISSING","VN:electricity","false","false","","Transport","","","",""
"VN","2040","Transport","RoadResidualFuel","biomass","DIRECT_FUEL","","","","","RoadResidualFuel","EXPLICIT","","2019","","","PENDING_ACCEPTED_COUNTRY_NODE_WEIGHTS","PENDING_ACCEPTED_SHAPE_AND_PHYSICAL_WEIGHTS","false","false","FIXED","PENDING","REPRESENTATION_ACCEPTED_NUMERIC_PENDING","PENDING_FUTURE_GROWTH_AND_EV_ENERGY_PATH; carrier vector retained","VN:2040:Transport:RoadResidualFuel:biomass","RoadResidualFuel","true","true","false","MISSING","VN:biomass","false","false","","Transport","","","",""
"VN","2040","Transport","RoadResidualFuel","gas","DIRECT_FUEL","","","","","RoadResidualFuel","EXPLICIT","","2019","","","PENDING_ACCEPTED_COUNTRY_NODE_WEIGHTS","PENDING_ACCEPTED_SHAPE_AND_PHYSICAL_WEIGHTS","false","false","FIXED","PENDING","REPRESENTATION_ACCEPTED_NUMERIC_PENDING","PENDING_FUTURE_GROWTH_AND_EV_ENERGY_PATH; carrier vector retained","VN:2040:Transport:RoadResidualFuel:gas","RoadResidualFuel","true","true","false","MISSING","VN:gas","false","false","","Transport","","","",""
"VN","2040","Transport","RoadResidualFuel","oil","DIRECT_FUEL","","","","","RoadResidualFuel","EXPLICIT","","2019","","","PENDING_ACCEPTED_COUNTRY_NODE_WEIGHTS","PENDING_ACCEPTED_SHAPE_AND_PHYSICAL_WEIGHTS","false","false","FIXED","PENDING","REPRESENTATION_ACCEPTED_NUMERIC_PENDING","PENDING_FUTURE_GROWTH_AND_EV_ENERGY_PATH; carrier vector retained","VN:2040:Transport:RoadResidualFuel:oil","RoadResidualFuel","true","true","false","MISSING","VN:oil","false","false","","Transport","","","",""
"VN","2040","Transport","TransportEmbeddedFuelParent","unclassified_fuel","UNCLASSIFIED","","","","","TransportEmbeddedFuelParent","EXPLICIT","","2019","","","PENDING_ACCEPTED_COUNTRY_NODE_WEIGHTS","PENDING_ACCEPTED_SHAPE_AND_PHYSICAL_WEIGHTS","false","false","FIXED","PENDING","REPRESENTATION_ACCEPTED_NUMERIC_PENDING","Rail fuel remains within one pending transport fuel parent; no duplicate rail Load","VN:2040:Transport:TransportEmbeddedFuelParent:unclassified_fuel","TransportEmbeddedFuelParent","true","true","false","MISSING","","false","false","","Transport","","","",""
"VN","2050","Agriculture","AgricultureDirectElectricity","electricity","EMBEDDED","","","","Astar","AgricultureDirectElectricity","EMBEDDED","","2019","","","PENDING_ACCEPTED_COUNTRY_NODE_WEIGHTS","PENDING_ACCEPTED_SHAPE_AND_PHYSICAL_WEIGHTS","true","false","FIXED","PENDING","REPRESENTATION_ACCEPTED_NUMERIC_PENDING","Future direct electricity remains within Astar; no separate Load; growth unaccepted","VN:2050:Agriculture:AgricultureDirectElectricity:electricity","Astar","false","false","false","MISSING","VN:electricity","false","false","","Agriculture","","","",""
"VN","2050","Agriculture","AgricultureFinalEnergy","biomass","DIRECT_FUEL","","","","","AgricultureFinalEnergy","EXPLICIT","","2019","","","PENDING_ACCEPTED_COUNTRY_NODE_WEIGHTS","PENDING_ACCEPTED_SHAPE_AND_PHYSICAL_WEIGHTS","false","false","FIXED","PENDING","REPRESENTATION_ACCEPTED_NUMERIC_PENDING","PENDING_FUTURE_GROWTH; no DEFAULT or zero-growth assumption","VN:2050:Agriculture:AgricultureFinalEnergy:biomass","AgricultureFinalEnergy","true","true","false","MISSING","VN:biomass","false","false","","Agriculture","","","",""
"VN","2050","Agriculture","AgricultureFinalEnergy","coal","DIRECT_FUEL","","","","","AgricultureFinalEnergy","EXPLICIT","","2019","","","PENDING_ACCEPTED_COUNTRY_NODE_WEIGHTS","PENDING_ACCEPTED_SHAPE_AND_PHYSICAL_WEIGHTS","false","false","FIXED","PENDING","REPRESENTATION_ACCEPTED_NUMERIC_PENDING","PENDING_FUTURE_GROWTH; no DEFAULT or zero-growth assumption","VN:2050:Agriculture:AgricultureFinalEnergy:coal","AgricultureFinalEnergy","true","true","false","MISSING","VN:coal","false","false","","Agriculture","","","",""
"VN","2050","Agriculture","AgricultureFinalEnergy","oil","DIRECT_FUEL","","","","","AgricultureFinalEnergy","EXPLICIT","","2019","","","PENDING_ACCEPTED_COUNTRY_NODE_WEIGHTS","PENDING_ACCEPTED_SHAPE_AND_PHYSICAL_WEIGHTS","false","false","FIXED","PENDING","REPRESENTATION_ACCEPTED_NUMERIC_PENDING","PENDING_FUTURE_GROWTH; no DEFAULT or zero-growth assumption","VN:2050:Agriculture:AgricultureFinalEnergy:oil","AgricultureFinalEnergy","true","true","false","MISSING","VN:oil","false","false","","Agriculture","","","",""
"VN","2050","Buildings","ResidentialDirectElectricity","electricity","DIRECT_ELECTRICITY","","","","Astar","ResidentialDirectElectricity","EMBEDDED","","2019","","","PENDING_ACCEPTED_COUNTRY_NODE_WEIGHTS","PENDING_ACCEPTED_SHAPE_AND_PHYSICAL_WEIGHTS","true","false","FIXED","PENDING","REPRESENTATION_ACCEPTED_NUMERIC_PENDING","PENDING_FUTURE_GROWTH; separate R/S decomposition remains optional inside Astar","VN:2050:Buildings:ResidentialDirectElectricity:electricity","Astar","false","false","false","MISSING","VN:electricity","false","false","","Buildings","","","",""
"VN","2050","Buildings","ResidentialFuel","biomass","DIRECT_FUEL","","","","","ResidentialFuel","EXPLICIT","","2019","","","PENDING_ACCEPTED_COUNTRY_NODE_WEIGHTS","PENDING_ACCEPTED_SHAPE_AND_PHYSICAL_WEIGHTS","false","false","FIXED","PENDING","REPRESENTATION_ACCEPTED_NUMERIC_PENDING","PENDING_FUTURE_GROWTH; no default growth or heat conversion","VN:2050:Buildings:ResidentialFuel:biomass","ResidentialFuel","true","true","false","MISSING","VN:biomass","false","false","","Buildings","","","",""
"VN","2050","Buildings","ResidentialFuel","coal","DIRECT_FUEL","","","","","ResidentialFuel","EXPLICIT","","2019","","","PENDING_ACCEPTED_COUNTRY_NODE_WEIGHTS","PENDING_ACCEPTED_SHAPE_AND_PHYSICAL_WEIGHTS","false","false","FIXED","PENDING","REPRESENTATION_ACCEPTED_NUMERIC_PENDING","PENDING_FUTURE_GROWTH; no default growth or heat conversion","VN:2050:Buildings:ResidentialFuel:coal","ResidentialFuel","true","true","false","MISSING","VN:coal","false","false","","Buildings","","","",""
"VN","2050","Buildings","ResidentialFuel","gas","DIRECT_FUEL","","","","","ResidentialFuel","EXPLICIT","","2019","","","PENDING_ACCEPTED_COUNTRY_NODE_WEIGHTS","PENDING_ACCEPTED_SHAPE_AND_PHYSICAL_WEIGHTS","false","false","FIXED","PENDING","REPRESENTATION_ACCEPTED_NUMERIC_PENDING","PENDING_FUTURE_GROWTH; no default growth or heat conversion","VN:2050:Buildings:ResidentialFuel:gas","ResidentialFuel","true","true","false","MISSING","VN:gas","false","false","","Buildings","","","",""
"VN","2050","Buildings","ResidentialFuel","oil","DIRECT_FUEL","","","","","ResidentialFuel","EXPLICIT","","2019","","","PENDING_ACCEPTED_COUNTRY_NODE_WEIGHTS","PENDING_ACCEPTED_SHAPE_AND_PHYSICAL_WEIGHTS","false","false","FIXED","PENDING","REPRESENTATION_ACCEPTED_NUMERIC_PENDING","PENDING_FUTURE_GROWTH; no default growth or heat conversion","VN:2050:Buildings:ResidentialFuel:oil","ResidentialFuel","true","true","false","MISSING","VN:oil","false","false","","Buildings","","","",""
"VN","2050","Buildings","ServicesDirectElectricity","electricity","DIRECT_ELECTRICITY","","","","Astar","ServicesDirectElectricity","EMBEDDED","","2019","","","PENDING_ACCEPTED_COUNTRY_NODE_WEIGHTS","PENDING_ACCEPTED_SHAPE_AND_PHYSICAL_WEIGHTS","true","false","FIXED","PENDING","REPRESENTATION_ACCEPTED_NUMERIC_PENDING","PENDING_FUTURE_GROWTH; separate R/S decomposition remains optional inside Astar","VN:2050:Buildings:ServicesDirectElectricity:electricity","Astar","false","false","false","MISSING","VN:electricity","false","false","","Buildings","","","",""
"VN","2050","Buildings","ServicesFuel","biomass","DIRECT_FUEL","","","","","ServicesFuel","EXPLICIT","","2019","","","PENDING_ACCEPTED_COUNTRY_NODE_WEIGHTS","PENDING_ACCEPTED_SHAPE_AND_PHYSICAL_WEIGHTS","false","false","FIXED","PENDING","REPRESENTATION_ACCEPTED_NUMERIC_PENDING","PENDING_FUTURE_GROWTH; no default growth or heat conversion","VN:2050:Buildings:ServicesFuel:biomass","ServicesFuel","true","true","false","MISSING","VN:biomass","false","false","","Buildings","","","",""
"VN","2050","Buildings","ServicesFuel","coal","DIRECT_FUEL","","","","","ServicesFuel","EXPLICIT","","2019","","","PENDING_ACCEPTED_COUNTRY_NODE_WEIGHTS","PENDING_ACCEPTED_SHAPE_AND_PHYSICAL_WEIGHTS","false","false","FIXED","PENDING","REPRESENTATION_ACCEPTED_NUMERIC_PENDING","PENDING_FUTURE_GROWTH; no default growth or heat conversion","VN:2050:Buildings:ServicesFuel:coal","ServicesFuel","true","true","false","MISSING","VN:coal","false","false","","Buildings","","","",""
"VN","2050","Buildings","ServicesFuel","gas","DIRECT_FUEL","","","","","ServicesFuel","EXPLICIT","","2019","","","PENDING_ACCEPTED_COUNTRY_NODE_WEIGHTS","PENDING_ACCEPTED_SHAPE_AND_PHYSICAL_WEIGHTS","false","false","FIXED","PENDING","REPRESENTATION_ACCEPTED_NUMERIC_PENDING","PENDING_FUTURE_GROWTH; no default growth or heat conversion","VN:2050:Buildings:ServicesFuel:gas","ServicesFuel","true","true","false","MISSING","VN:gas","false","false","","Buildings","","","",""
"VN","2050","Buildings","ServicesFuel","oil","DIRECT_FUEL","","","","","ServicesFuel","EXPLICIT","","2019","","","PENDING_ACCEPTED_COUNTRY_NODE_WEIGHTS","PENDING_ACCEPTED_SHAPE_AND_PHYSICAL_WEIGHTS","false","false","FIXED","PENDING","REPRESENTATION_ACCEPTED_NUMERIC_PENDING","PENDING_FUTURE_GROWTH; no default growth or heat conversion","VN:2050:Buildings:ServicesFuel:oil","ServicesFuel","true","true","false","MISSING","VN:oil","false","false","","Buildings","","","",""
"VN","2050","Bunker","InternationalAviationBunker","oil","BUNKER_FUEL","","","","","InternationalAviationBunker","EXPLICIT","","2019","","","PENDING_ACCEPTED_COUNTRY_NODE_WEIGHTS","PENDING_ACCEPTED_SHAPE_AND_PHYSICAL_WEIGHTS","false","false","FIXED","PENDING","REPRESENTATION_ACCEPTED_NUMERIC_PENDING","PENDING_FUTURE_GROWTH; upstream default projection not accepted","VN:2050:Bunker:InternationalAviationBunker:oil","InternationalAviationBunker","true","true","false","MISSING","VN:oil","false","false","","bunker","","","",""
"VN","2050","Bunker","InternationalShippingBunker","oil","BUNKER_FUEL","","","","","InternationalShippingBunker","EXPLICIT","","2019","","","PENDING_ACCEPTED_COUNTRY_NODE_WEIGHTS","PENDING_ACCEPTED_SHAPE_AND_PHYSICAL_WEIGHTS","false","false","FIXED","PENDING","REPRESENTATION_ACCEPTED_NUMERIC_PENDING","PENDING_FUTURE_GROWTH; upstream default projection not accepted","VN:2050:Bunker:InternationalShippingBunker:oil","InternationalShippingBunker","true","true","false","MISSING","VN:oil","false","false","","bunker","","","",""
"VN","2050","Electricity","Astar","electricity","DIRECT_ELECTRICITY","","","","","Astar","EXPLICIT","","2019","","","PENDING_ACCEPTED_COUNTRY_NODE_WEIGHTS","PENDING_ACCEPTED_SHAPE_AND_PHYSICAL_WEIGHTS","true","false","FIXED","PENDING","REPRESENTATION_ACCEPTED_NUMERIC_PENDING","FUTURE_DIRECT_ELECTRICITY_PENDING; no AEO8 generation/DemandCast/default-growth fallback","VN:2050:Electricity:Astar:electricity","Astar","true","true","false","MISSING","VN:electricity","false","false","","electricity","","","",""
"VN","2050","Industry","IndustryDirectElectricity","electricity","EMBEDDED","","","","Astar","IndustryDirectElectricity","EMBEDDED","","2019","","","PENDING_ACCEPTED_COUNTRY_NODE_WEIGHTS","PENDING_ACCEPTED_SHAPE_AND_PHYSICAL_WEIGHTS","true","false","FIXED","PENDING","REPRESENTATION_ACCEPTED_NUMERIC_PENDING","Future direct electricity remains within Astar; no separate Load; growth unaccepted","VN:2050:Industry:IndustryDirectElectricity:electricity","Astar","false","false","false","MISSING","VN:electricity","false","false","","Industry","","","",""
"VN","2050","Industry","IndustryFinalEnergy","biomass","DIRECT_FUEL","","","","","IndustryFinalEnergy","EXPLICIT","","2019","","","PENDING_ACCEPTED_COUNTRY_NODE_WEIGHTS","PENDING_ACCEPTED_SHAPE_AND_PHYSICAL_WEIGHTS","false","false","FIXED","PENDING","REPRESENTATION_ACCEPTED_NUMERIC_PENDING","PENDING_FUTURE_GROWTH; no DEFAULT or zero-growth assumption","VN:2050:Industry:IndustryFinalEnergy:biomass","IndustryFinalEnergy","true","true","false","MISSING","VN:biomass","false","false","","Industry","","","",""
"VN","2050","Industry","IndustryFinalEnergy","coal","DIRECT_FUEL","","","","","IndustryFinalEnergy","EXPLICIT","","2019","","","PENDING_ACCEPTED_COUNTRY_NODE_WEIGHTS","PENDING_ACCEPTED_SHAPE_AND_PHYSICAL_WEIGHTS","false","false","FIXED","PENDING","REPRESENTATION_ACCEPTED_NUMERIC_PENDING","PENDING_FUTURE_GROWTH; no DEFAULT or zero-growth assumption","VN:2050:Industry:IndustryFinalEnergy:coal","IndustryFinalEnergy","true","true","false","MISSING","VN:coal","false","false","","Industry","","","",""
"VN","2050","Industry","IndustryFinalEnergy","gas","DIRECT_FUEL","","","","","IndustryFinalEnergy","EXPLICIT","","2019","","","PENDING_ACCEPTED_COUNTRY_NODE_WEIGHTS","PENDING_ACCEPTED_SHAPE_AND_PHYSICAL_WEIGHTS","false","false","FIXED","PENDING","REPRESENTATION_ACCEPTED_NUMERIC_PENDING","PENDING_FUTURE_GROWTH; no DEFAULT or zero-growth assumption","VN:2050:Industry:IndustryFinalEnergy:gas","IndustryFinalEnergy","true","true","false","MISSING","VN:gas","false","false","","Industry","","","",""
"VN","2050","Industry","IndustryFinalEnergy","oil","DIRECT_FUEL","","","","","IndustryFinalEnergy","EXPLICIT","","2019","","","PENDING_ACCEPTED_COUNTRY_NODE_WEIGHTS","PENDING_ACCEPTED_SHAPE_AND_PHYSICAL_WEIGHTS","false","false","FIXED","PENDING","REPRESENTATION_ACCEPTED_NUMERIC_PENDING","PENDING_FUTURE_GROWTH; no DEFAULT or zero-growth assumption","VN:2050:Industry:IndustryFinalEnergy:oil","IndustryFinalEnergy","true","true","false","MISSING","VN:oil","false","false","","Industry","","","",""
"VN","2050","Transport","DomesticAviationFuel","oil","DIRECT_FUEL","","","","","DomesticAviationFuel","EXPLICIT","","2019","","","PENDING_ACCEPTED_COUNTRY_NODE_WEIGHTS","PENDING_ACCEPTED_SHAPE_AND_PHYSICAL_WEIGHTS","false","false","FIXED","PENDING","REPRESENTATION_ACCEPTED_NUMERIC_PENDING","PENDING_FUTURE_GROWTH; upstream default projection not accepted","VN:2050:Transport:DomesticAviationFuel:oil","DomesticAviationFuel","true","true","false","MISSING","VN:oil","false","false","","bunker","","","",""
"VN","2050","Transport","DomesticShippingFuel","oil","DIRECT_FUEL","","","","","DomesticShippingFuel","EXPLICIT","","2019","","","PENDING_ACCEPTED_COUNTRY_NODE_WEIGHTS","PENDING_ACCEPTED_SHAPE_AND_PHYSICAL_WEIGHTS","false","false","FIXED","PENDING","REPRESENTATION_ACCEPTED_NUMERIC_PENDING","PENDING_FUTURE_GROWTH; upstream default projection not accepted","VN:2050:Transport:DomesticShippingFuel:oil","DomesticShippingFuel","true","true","false","MISSING","VN:oil","false","false","","bunker","","","",""
"VN","2050","Transport","RailElectricity","electricity","EMBEDDED","","","","Astar","RailElectricity","EMBEDDED","","2019","","","PENDING_ACCEPTED_COUNTRY_NODE_WEIGHTS","PENDING_ACCEPTED_SHAPE_AND_PHYSICAL_WEIGHTS","true","false","FIXED","PENDING","REPRESENTATION_ACCEPTED_NUMERIC_PENDING","Future rail stays in Astar once; decomposition pending","VN:2050:Transport:RailElectricity:electricity","Astar","false","false","false","MISSING","VN:electricity","false","false","","Transport","","","",""
"VN","2050","Transport","RoadEVFinalElectricity","electricity","DIRECT_ELECTRICITY","","","","","RoadEVFinalElectricity","EXPLICIT","","2019","","","PENDING_ACCEPTED_COUNTRY_NODE_WEIGHTS","PENDING_ACCEPTED_SHAPE_AND_PHYSICAL_WEIGHTS","false","false","FIXED","PENDING","REPRESENTATION_ACCEPTED_NUMERIC_PENDING","External final-energy share pending; future EV excluded from future direct Astar; no kWh/km proxy","VN:2050:Transport:RoadEVFinalElectricity:electricity","RoadEVFinalElectricity","true","true","false","MISSING","VN:electricity","false","false","","Transport","","","",""
"VN","2050","Transport","RoadResidualFuel","biomass","DIRECT_FUEL","","","","","RoadResidualFuel","EXPLICIT","","2019","","","PENDING_ACCEPTED_COUNTRY_NODE_WEIGHTS","PENDING_ACCEPTED_SHAPE_AND_PHYSICAL_WEIGHTS","false","false","FIXED","PENDING","REPRESENTATION_ACCEPTED_NUMERIC_PENDING","PENDING_FUTURE_GROWTH_AND_EV_ENERGY_PATH; carrier vector retained","VN:2050:Transport:RoadResidualFuel:biomass","RoadResidualFuel","true","true","false","MISSING","VN:biomass","false","false","","Transport","","","",""
"VN","2050","Transport","RoadResidualFuel","gas","DIRECT_FUEL","","","","","RoadResidualFuel","EXPLICIT","","2019","","","PENDING_ACCEPTED_COUNTRY_NODE_WEIGHTS","PENDING_ACCEPTED_SHAPE_AND_PHYSICAL_WEIGHTS","false","false","FIXED","PENDING","REPRESENTATION_ACCEPTED_NUMERIC_PENDING","PENDING_FUTURE_GROWTH_AND_EV_ENERGY_PATH; carrier vector retained","VN:2050:Transport:RoadResidualFuel:gas","RoadResidualFuel","true","true","false","MISSING","VN:gas","false","false","","Transport","","","",""
"VN","2050","Transport","RoadResidualFuel","oil","DIRECT_FUEL","","","","","RoadResidualFuel","EXPLICIT","","2019","","","PENDING_ACCEPTED_COUNTRY_NODE_WEIGHTS","PENDING_ACCEPTED_SHAPE_AND_PHYSICAL_WEIGHTS","false","false","FIXED","PENDING","REPRESENTATION_ACCEPTED_NUMERIC_PENDING","PENDING_FUTURE_GROWTH_AND_EV_ENERGY_PATH; carrier vector retained","VN:2050:Transport:RoadResidualFuel:oil","RoadResidualFuel","true","true","false","MISSING","VN:oil","false","false","","Transport","","","",""
"VN","2050","Transport","TransportEmbeddedFuelParent","unclassified_fuel","UNCLASSIFIED","","","","","TransportEmbeddedFuelParent","EXPLICIT","","2019","","","PENDING_ACCEPTED_COUNTRY_NODE_WEIGHTS","PENDING_ACCEPTED_SHAPE_AND_PHYSICAL_WEIGHTS","false","false","FIXED","PENDING","REPRESENTATION_ACCEPTED_NUMERIC_PENDING","Rail fuel remains within one pending transport fuel parent; no duplicate rail Load","VN:2050:Transport:TransportEmbeddedFuelParent:unclassified_fuel","TransportEmbeddedFuelParent","true","true","false","MISSING","","false","false","","Transport","","","",""
