"Component","Country","Technology","Pathway","NonzeroCapable","FinalNetworkQualified","AuditScope","CapacityMW","Evidence","Extendable","FinalObligationAccounts","ForcedUtilisation","InputCarriers","NetworkSHA256","OutputCarriers"
"BN4 0 FT","BN","Fischer-Tropsch","H2 + CO2 + electricity -> FT -> oil","true","true","ACTUAL_COMPLETE_EXPORTED_AND_RELOADED_NETWORK","0","Actual ports and nonzero-capable bound; not dispatch or simultaneous feasibility","true","[""IndustryFinalEnergy"",""InternationalAviationBunker"",""OtherNEC"",""ResidentialFuel"",""RoadResidualFuel""]","false","[""AC"",""H2"",""co2 captured""]","238262c9d52e9d087d116799cbba0e3b5140aade7f64e6b8ebc02a448cd1419d","[""oil""]"
"BN4 0 SMR","BN","SMR","gas -> steam methane reforming -> H2","true","true","ACTUAL_COMPLETE_EXPORTED_AND_RELOADED_NETWORK","0","Actual ports and nonzero-capable bound; not dispatch or simultaneous feasibility","true","[]","false","[""gas""]","238262c9d52e9d087d116799cbba0e3b5140aade7f64e6b8ebc02a448cd1419d","[""H2"",""co2 atmosphere""]"
"BN4 0 SMR CC","BN","SMR CC","gas -> steam methane reforming with capture -> H2 + captured CO2","true","true","ACTUAL_COMPLETE_EXPORTED_AND_RELOADED_NETWORK","0","Actual ports and nonzero-capable bound; not dispatch or simultaneous feasibility","true","[]","false","[""gas""]","238262c9d52e9d087d116799cbba0e3b5140aade7f64e6b8ebc02a448cd1419d","[""H2"",""co2 atmosphere"",""co2 captured""]"
"BN4 0 electrolysis","BN","H2 Electrolysis","electricity -> electrolysis -> H2","true","true","ACTUAL_COMPLETE_EXPORTED_AND_RELOADED_NETWORK","0","Actual ports and nonzero-capable bound; not dispatch or simultaneous feasibility","true","[]","false","[""AC""]","238262c9d52e9d087d116799cbba0e3b5140aade7f64e6b8ebc02a448cd1419d","[""H2""]"
"BN4 0 fuel cell","BN","H2 Fuel Cell","H2 -> fuel cell -> electricity","true","true","ACTUAL_COMPLETE_EXPORTED_AND_RELOADED_NETWORK","0","Actual ports and nonzero-capable bound; not dispatch or simultaneous feasibility","true","[]","false","[""H2""]","238262c9d52e9d087d116799cbba0e3b5140aade7f64e6b8ebc02a448cd1419d","[""AC""]"
"ID_Java-Bali1 0 FT","ID","Fischer-Tropsch","H2 + CO2 + electricity -> FT -> oil","true","true","ACTUAL_COMPLETE_EXPORTED_AND_RELOADED_NETWORK","0","Actual ports and nonzero-capable bound; not dispatch or simultaneous feasibility","true","[""AgricultureFinalEnergy"",""DomesticAviationFuel"",""DomesticShippingFuel"",""IndustryFinalEnergy"",""InternationalAviationBunker"",""InternationalShippingBunker"",""RailNonElectric"",""ResidentialFuel"",""RoadResidualFuel"",""ServicesFuel""]","false","[""AC"",""H2"",""co2 captured""]","238262c9d52e9d087d116799cbba0e3b5140aade7f64e6b8ebc02a448cd1419d","[""oil""]"
"ID_Java-Bali1 0 SMR","ID","SMR","gas -> steam methane reforming -> H2","true","true","ACTUAL_COMPLETE_EXPORTED_AND_RELOADED_NETWORK","0","Actual ports and nonzero-capable bound; not dispatch or simultaneous feasibility","true","[]","false","[""gas""]","238262c9d52e9d087d116799cbba0e3b5140aade7f64e6b8ebc02a448cd1419d","[""H2"",""co2 atmosphere""]"
"ID_Java-Bali1 0 SMR CC","ID","SMR CC","gas -> steam methane reforming with capture -> H2 + captured CO2","true","true","ACTUAL_COMPLETE_EXPORTED_AND_RELOADED_NETWORK","0","Actual ports and nonzero-capable bound; not dispatch or simultaneous feasibility","true","[]","false","[""gas""]","238262c9d52e9d087d116799cbba0e3b5140aade7f64e6b8ebc02a448cd1419d","[""H2"",""co2 atmosphere"",""co2 captured""]"
"ID_Java-Bali1 0 electrolysis","ID","H2 Electrolysis","electricity -> electrolysis -> H2","true","true","ACTUAL_COMPLETE_EXPORTED_AND_RELOADED_NETWORK","0","Actual ports and nonzero-capable bound; not dispatch or simultaneous feasibility","true","[]","false","[""AC""]","238262c9d52e9d087d116799cbba0e3b5140aade7f64e6b8ebc02a448cd1419d","[""H2""]"
"ID_Java-Bali1 0 fuel cell","ID","H2 Fuel Cell","H2 -> fuel cell -> electricity","true","true","ACTUAL_COMPLETE_EXPORTED_AND_RELOADED_NETWORK","0","Actual ports and nonzero-capable bound; not dispatch or simultaneous feasibility","true","[]","false","[""H2""]","238262c9d52e9d087d116799cbba0e3b5140aade7f64e6b8ebc02a448cd1419d","[""AC""]"
"ID_Java-Bali1 1 FT","ID","Fischer-Tropsch","H2 + CO2 + electricity -> FT -> oil","true","true","ACTUAL_COMPLETE_EXPORTED_AND_RELOADED_NETWORK","0","Actual ports and nonzero-capable bound; not dispatch or simultaneous feasibility","true","[""AgricultureFinalEnergy"",""DomesticAviationFuel"",""DomesticShippingFuel"",""IndustryFinalEnergy"",""InternationalAviationBunker"",""InternationalShippingBunker"",""RailNonElectric"",""ResidentialFuel"",""RoadResidualFuel"",""ServicesFuel""]","false","[""AC"",""H2"",""co2 captured""]","238262c9d52e9d087d116799cbba0e3b5140aade7f64e6b8ebc02a448cd1419d","[""oil""]"
"ID_Java-Bali1 1 SMR","ID","SMR","gas -> steam methane reforming -> H2","true","true","ACTUAL_COMPLETE_EXPORTED_AND_RELOADED_NETWORK","0","Actual ports and nonzero-capable bound; not dispatch or simultaneous feasibility","true","[]","false","[""gas""]","238262c9d52e9d087d116799cbba0e3b5140aade7f64e6b8ebc02a448cd1419d","[""H2"",""co2 atmosphere""]"
"ID_Java-Bali1 1 SMR CC","ID","SMR CC","gas -> steam methane reforming with capture -> H2 + captured CO2","true","true","ACTUAL_COMPLETE_EXPORTED_AND_RELOADED_NETWORK","0","Actual ports and nonzero-capable bound; not dispatch or simultaneous feasibility","true","[]","false","[""gas""]","238262c9d52e9d087d116799cbba0e3b5140aade7f64e6b8ebc02a448cd1419d","[""H2"",""co2 atmosphere"",""co2 captured""]"
"ID_Java-Bali1 1 electrolysis","ID","H2 Electrolysis","electricity -> electrolysis -> H2","true","true","ACTUAL_COMPLETE_EXPORTED_AND_RELOADED_NETWORK","0","Actual ports and nonzero-capable bound; not dispatch or simultaneous feasibility","true","[]","false","[""AC""]","238262c9d52e9d087d116799cbba0e3b5140aade7f64e6b8ebc02a448cd1419d","[""H2""]"
"ID_Java-Bali1 1 fuel cell","ID","H2 Fuel Cell","H2 -> fuel cell -> electricity","true","true","ACTUAL_COMPLETE_EXPORTED_AND_RELOADED_NETWORK","0","Actual ports and nonzero-capable bound; not dispatch or simultaneous feasibility","true","[]","false","[""H2""]","238262c9d52e9d087d116799cbba0e3b5140aade7f64e6b8ebc02a448cd1419d","[""AC""]"
"ID_Java-Bali1 2 FT","ID","Fischer-Tropsch","H2 + CO2 + electricity -> FT -> oil","true","true","ACTUAL_COMPLETE_EXPORTED_AND_RELOADED_NETWORK","0","Actual ports and nonzero-capable bound; not dispatch or simultaneous feasibility","true","[""AgricultureFinalEnergy"",""DomesticAviationFuel"",""DomesticShippingFuel"",""IndustryFinalEnergy"",""InternationalAviationBunker"",""InternationalShippingBunker"",""RailNonElectric"",""ResidentialFuel"",""RoadResidualFuel"",""ServicesFuel""]","false","[""AC"",""H2"",""co2 captured""]","238262c9d52e9d087d116799cbba0e3b5140aade7f64e6b8ebc02a448cd1419d","[""oil""]"
"ID_Java-Bali1 2 SMR","ID","SMR","gas -> steam methane reforming -> H2","true","true","ACTUAL_COMPLETE_EXPORTED_AND_RELOADED_NETWORK","0","Actual ports and nonzero-capable bound; not dispatch or simultaneous feasibility","true","[]","false","[""gas""]","238262c9d52e9d087d116799cbba0e3b5140aade7f64e6b8ebc02a448cd1419d","[""H2"",""co2 atmosphere""]"
"ID_Java-Bali1 2 SMR CC","ID","SMR CC","gas -> steam methane reforming with capture -> H2 + captured CO2","true","true","ACTUAL_COMPLETE_EXPORTED_AND_RELOADED_NETWORK","0","Actual ports and nonzero-capable bound; not dispatch or simultaneous feasibility","true","[]","false","[""gas""]","238262c9d52e9d087d116799cbba0e3b5140aade7f64e6b8ebc02a448cd1419d","[""H2"",""co2 atmosphere"",""co2 captured""]"
"ID_Java-Bali1 2 electrolysis","ID","H2 Electrolysis","electricity -> electrolysis -> H2","true","true","ACTUAL_COMPLETE_EXPORTED_AND_RELOADED_NETWORK","0","Actual ports and nonzero-capable bound; not dispatch or simultaneous feasibility","true","[]","false","[""AC""]","238262c9d52e9d087d116799cbba0e3b5140aade7f64e6b8ebc02a448cd1419d","[""H2""]"
"ID_Java-Bali1 2 fuel cell","ID","H2 Fuel Cell","H2 -> fuel cell -> electricity","true","true","ACTUAL_COMPLETE_EXPORTED_AND_RELOADED_NETWORK","0","Actual ports and nonzero-capable bound; not dispatch or simultaneous feasibility","true","[]","false","[""H2""]","238262c9d52e9d087d116799cbba0e3b5140aade7f64e6b8ebc02a448cd1419d","[""AC""]"
"ID_Kalimantan4 0 FT","ID","Fischer-Tropsch","H2 + CO2 + electricity -> FT -> oil","true","true","ACTUAL_COMPLETE_EXPORTED_AND_RELOADED_NETWORK","0","Actual ports and nonzero-capable bound; not dispatch or simultaneous feasibility","true","[""AgricultureFinalEnergy"",""IndustryFinalEnergy"",""RailNonElectric"",""ResidentialFuel"",""RoadResidualFuel"",""ServicesFuel""]","false","[""AC"",""H2"",""co2 captured""]","238262c9d52e9d087d116799cbba0e3b5140aade7f64e6b8ebc02a448cd1419d","[""oil""]"
"ID_Kalimantan4 0 SMR","ID","SMR","gas -> steam methane reforming -> H2","true","true","ACTUAL_COMPLETE_EXPORTED_AND_RELOADED_NETWORK","0","Actual ports and nonzero-capable bound; not dispatch or simultaneous feasibility","true","[]","false","[""gas""]","238262c9d52e9d087d116799cbba0e3b5140aade7f64e6b8ebc02a448cd1419d","[""H2"",""co2 atmosphere""]"
"ID_Kalimantan4 0 SMR CC","ID","SMR CC","gas -> steam methane reforming with capture -> H2 + captured CO2","true","true","ACTUAL_COMPLETE_EXPORTED_AND_RELOADED_NETWORK","0","Actual ports and nonzero-capable bound; not dispatch or simultaneous feasibility","true","[]","false","[""gas""]","238262c9d52e9d087d116799cbba0e3b5140aade7f64e6b8ebc02a448cd1419d","[""H2"",""co2 atmosphere"",""co2 captured""]"
"ID_Kalimantan4 0 electrolysis","ID","H2 Electrolysis","electricity -> electrolysis -> H2","true","true","ACTUAL_COMPLETE_EXPORTED_AND_RELOADED_NETWORK","0","Actual ports and nonzero-capable bound; not dispatch or simultaneous feasibility","true","[]","false","[""AC""]","238262c9d52e9d087d116799cbba0e3b5140aade7f64e6b8ebc02a448cd1419d","[""H2""]"
"ID_Kalimantan4 0 fuel cell","ID","H2 Fuel Cell","H2 -> fuel cell -> electricity","true","true","ACTUAL_COMPLETE_EXPORTED_AND_RELOADED_NETWORK","0","Actual ports and nonzero-capable bound; not dispatch or simultaneous feasibility","true","[]","false","[""H2""]","238262c9d52e9d087d116799cbba0e3b5140aade7f64e6b8ebc02a448cd1419d","[""AC""]"
"ID_Kalimantan4 1 FT","ID","Fischer-Tropsch","H2 + CO2 + electricity -> FT -> oil","true","true","ACTUAL_COMPLETE_EXPORTED_AND_RELOADED_NETWORK","0","Actual ports and nonzero-capable bound; not dispatch or simultaneous feasibility","true","[""AgricultureFinalEnergy"",""DomesticAviationFuel"",""DomesticShippingFuel"",""IndustryFinalEnergy"",""InternationalAviationBunker"",""InternationalShippingBunker"",""RailNonElectric"",""ResidentialFuel"",""RoadResidualFuel"",""ServicesFuel""]","false","[""AC"",""H2"",""co2 captured""]","238262c9d52e9d087d116799cbba0e3b5140aade7f64e6b8ebc02a448cd1419d","[""oil""]"
"ID_Kalimantan4 1 SMR","ID","SMR","gas -> steam methane reforming -> H2","true","true","ACTUAL_COMPLETE_EXPORTED_AND_RELOADED_NETWORK","0","Actual ports and nonzero-capable bound; not dispatch or simultaneous feasibility","true","[]","false","[""gas""]","238262c9d52e9d087d116799cbba0e3b5140aade7f64e6b8ebc02a448cd1419d","[""H2"",""co2 atmosphere""]"
"ID_Kalimantan4 1 SMR CC","ID","SMR CC","gas -> steam methane reforming with capture -> H2 + captured CO2","true","true","ACTUAL_COMPLETE_EXPORTED_AND_RELOADED_NETWORK","0","Actual ports and nonzero-capable bound; not dispatch or simultaneous feasibility","true","[]","false","[""gas""]","238262c9d52e9d087d116799cbba0e3b5140aade7f64e6b8ebc02a448cd1419d","[""H2"",""co2 atmosphere"",""co2 captured""]"
"ID_Kalimantan4 1 electrolysis","ID","H2 Electrolysis","electricity -> electrolysis -> H2","true","true","ACTUAL_COMPLETE_EXPORTED_AND_RELOADED_NETWORK","0","Actual ports and nonzero-capable bound; not dispatch or simultaneous feasibility","true","[]","false","[""AC""]","238262c9d52e9d087d116799cbba0e3b5140aade7f64e6b8ebc02a448cd1419d","[""H2""]"
"ID_Kalimantan4 1 fuel cell","ID","H2 Fuel Cell","H2 -> fuel cell -> electricity","true","true","ACTUAL_COMPLETE_EXPORTED_AND_RELOADED_NETWORK","0","Actual ports and nonzero-capable bound; not dispatch or simultaneous feasibility","true","[]","false","[""H2""]","238262c9d52e9d087d116799cbba0e3b5140aade7f64e6b8ebc02a448cd1419d","[""AC""]"
"ID_Kalimantan4 10 FT","ID","Fischer-Tropsch","H2 + CO2 + electricity -> FT -> oil","true","true","ACTUAL_COMPLETE_EXPORTED_AND_RELOADED_NETWORK","0","Actual ports and nonzero-capable bound; not dispatch or simultaneous feasibility","true","[""AgricultureFinalEnergy"",""DomesticAviationFuel"",""IndustryFinalEnergy"",""InternationalAviationBunker"",""RailNonElectric"",""ResidentialFuel"",""RoadResidualFuel"",""ServicesFuel""]","false","[""AC"",""H2"",""co2 captured""]","238262c9d52e9d087d116799cbba0e3b5140aade7f64e6b8ebc02a448cd1419d","[""oil""]"
"ID_Kalimantan4 10 SMR","ID","SMR","gas -> steam methane reforming -> H2","true","true","ACTUAL_COMPLETE_EXPORTED_AND_RELOADED_NETWORK","0","Actual ports and nonzero-capable bound; not dispatch or simultaneous feasibility","true","[]","false","[""gas""]","238262c9d52e9d087d116799cbba0e3b5140aade7f64e6b8ebc02a448cd1419d","[""H2"",""co2 atmosphere""]"
"ID_Kalimantan4 10 SMR CC","ID","SMR CC","gas -> steam methane reforming with capture -> H2 + captured CO2","true","true","ACTUAL_COMPLETE_EXPORTED_AND_RELOADED_NETWORK","0","Actual ports and nonzero-capable bound; not dispatch or simultaneous feasibility","true","[]","false","[""gas""]","238262c9d52e9d087d116799cbba0e3b5140aade7f64e6b8ebc02a448cd1419d","[""H2"",""co2 atmosphere"",""co2 captured""]"
"ID_Kalimantan4 10 electrolysis","ID","H2 Electrolysis","electricity -> electrolysis -> H2","true","true","ACTUAL_COMPLETE_EXPORTED_AND_RELOADED_NETWORK","0","Actual ports and nonzero-capable bound; not dispatch or simultaneous feasibility","true","[]","false","[""AC""]","238262c9d52e9d087d116799cbba0e3b5140aade7f64e6b8ebc02a448cd1419d","[""H2""]"
"ID_Kalimantan4 10 fuel cell","ID","H2 Fuel Cell","H2 -> fuel cell -> electricity","true","true","ACTUAL_COMPLETE_EXPORTED_AND_RELOADED_NETWORK","0","Actual ports and nonzero-capable bound; not dispatch or simultaneous feasibility","true","[]","false","[""H2""]","238262c9d52e9d087d116799cbba0e3b5140aade7f64e6b8ebc02a448cd1419d","[""AC""]"
"ID_Kalimantan4 11 FT","ID","Fischer-Tropsch","H2 + CO2 + electricity -> FT -> oil","true","true","ACTUAL_COMPLETE_EXPORTED_AND_RELOADED_NETWORK","0","Actual ports and nonzero-capable bound; not dispatch or simultaneous feasibility","true","[""AgricultureFinalEnergy"",""DomesticAviationFuel"",""IndustryFinalEnergy"",""InternationalAviationBunker"",""RailNonElectric"",""ResidentialFuel"",""RoadResidualFuel"",""ServicesFuel""]","false","[""AC"",""H2"",""co2 captured""]","238262c9d52e9d087d116799cbba0e3b5140aade7f64e6b8ebc02a448cd1419d","[""oil""]"
"ID_Kalimantan4 11 SMR","ID","SMR","gas -> steam methane reforming -> H2","true","true","ACTUAL_COMPLETE_EXPORTED_AND_RELOADED_NETWORK","0","Actual ports and nonzero-capable bound; not dispatch or simultaneous feasibility","true","[]","false","[""gas""]","238262c9d52e9d087d116799cbba0e3b5140aade7f64e6b8ebc02a448cd1419d","[""H2"",""co2 atmosphere""]"
"ID_Kalimantan4 11 SMR CC","ID","SMR CC","gas -> steam methane reforming with capture -> H2 + captured CO2","true","true","ACTUAL_COMPLETE_EXPORTED_AND_RELOADED_NETWORK","0","Actual ports and nonzero-capable bound; not dispatch or simultaneous feasibility","true","[]","false","[""gas""]","238262c9d52e9d087d116799cbba0e3b5140aade7f64e6b8ebc02a448cd1419d","[""H2"",""co2 atmosphere"",""co2 captured""]"
"ID_Kalimantan4 11 electrolysis","ID","H2 Electrolysis","electricity -> electrolysis -> H2","true","true","ACTUAL_COMPLETE_EXPORTED_AND_RELOADED_NETWORK","0","Actual ports and nonzero-capable bound; not dispatch or simultaneous feasibility","true","[]","false","[""AC""]","238262c9d52e9d087d116799cbba0e3b5140aade7f64e6b8ebc02a448cd1419d","[""H2""]"
"ID_Kalimantan4 11 fuel cell","ID","H2 Fuel Cell","H2 -> fuel cell -> electricity","true","true","ACTUAL_COMPLETE_EXPORTED_AND_RELOADED_NETWORK","0","Actual ports and nonzero-capable bound; not dispatch or simultaneous feasibility","true","[]","false","[""H2""]","238262c9d52e9d087d116799cbba0e3b5140aade7f64e6b8ebc02a448cd1419d","[""AC""]"
"ID_Kalimantan4 12 FT","ID","Fischer-Tropsch","H2 + CO2 + electricity -> FT -> oil","true","true","ACTUAL_COMPLETE_EXPORTED_AND_RELOADED_NETWORK","0","Actual ports and nonzero-capable bound; not dispatch or simultaneous feasibility","true","[""AgricultureFinalEnergy"",""IndustryFinalEnergy"",""RailNonElectric"",""ResidentialFuel"",""RoadResidualFuel"",""ServicesFuel""]","false","[""AC"",""H2"",""co2 captured""]","238262c9d52e9d087d116799cbba0e3b5140aade7f64e6b8ebc02a448cd1419d","[""oil""]"
"ID_Kalimantan4 12 SMR","ID","SMR","gas -> steam methane reforming -> H2","true","true","ACTUAL_COMPLETE_EXPORTED_AND_RELOADED_NETWORK","0","Actual ports and nonzero-capable bound; not dispatch or simultaneous feasibility","true","[]","false","[""gas""]","238262c9d52e9d087d116799cbba0e3b5140aade7f64e6b8ebc02a448cd1419d","[""H2"",""co2 atmosphere""]"
"ID_Kalimantan4 12 SMR CC","ID","SMR CC","gas -> steam methane reforming with capture -> H2 + captured CO2","true","true","ACTUAL_COMPLETE_EXPORTED_AND_RELOADED_NETWORK","0","Actual ports and nonzero-capable bound; not dispatch or simultaneous feasibility","true","[]","false","[""gas""]","238262c9d52e9d087d116799cbba0e3b5140aade7f64e6b8ebc02a448cd1419d","[""H2"",""co2 atmosphere"",""co2 captured""]"
"ID_Kalimantan4 12 electrolysis","ID","H2 Electrolysis","electricity -> electrolysis -> H2","true","true","ACTUAL_COMPLETE_EXPORTED_AND_RELOADED_NETWORK","0","Actual ports and nonzero-capable bound; not dispatch or simultaneous feasibility","true","[]","false","[""AC""]","238262c9d52e9d087d116799cbba0e3b5140aade7f64e6b8ebc02a448cd1419d","[""H2""]"
"ID_Kalimantan4 12 fuel cell","ID","H2 Fuel Cell","H2 -> fuel cell -> electricity","true","true","ACTUAL_COMPLETE_EXPORTED_AND_RELOADED_NETWORK","0","Actual ports and nonzero-capable bound; not dispatch or simultaneous feasibility","true","[]","false","[""H2""]","238262c9d52e9d087d116799cbba0e3b5140aade7f64e6b8ebc02a448cd1419d","[""AC""]"
"ID_Kalimantan4 13 FT","ID","Fischer-Tropsch","H2 + CO2 + electricity -> FT -> oil","true","true","ACTUAL_COMPLETE_EXPORTED_AND_RELOADED_NETWORK","0","Actual ports and nonzero-capable bound; not dispatch or simultaneous feasibility","true","[""AgricultureFinalEnergy"",""IndustryFinalEnergy"",""RailNonElectric"",""ResidentialFuel"",""RoadResidualFuel"",""ServicesFuel""]","false","[""AC"",""H2"",""co2 captured""]","238262c9d52e9d087d116799cbba0e3b5140aade7f64e6b8ebc02a448cd1419d","[""oil""]"
"ID_Kalimantan4 13 SMR","ID","SMR","gas -> steam methane reforming -> H2","true","true","ACTUAL_COMPLETE_EXPORTED_AND_RELOADED_NETWORK","0","Actual ports and nonzero-capable bound; not dispatch or simultaneous feasibility","true","[]","false","[""gas""]","238262c9d52e9d087d116799cbba0e3b5140aade7f64e6b8ebc02a448cd1419d","[""H2"",""co2 atmosphere""]"
"ID_Kalimantan4 13 SMR CC","ID","SMR CC","gas -> steam methane reforming with capture -> H2 + captured CO2","true","true","ACTUAL_COMPLETE_EXPORTED_AND_RELOADED_NETWORK","0","Actual ports and nonzero-capable bound; not dispatch or simultaneous feasibility","true","[]","false","[""gas""]","238262c9d52e9d087d116799cbba0e3b5140aade7f64e6b8ebc02a448cd1419d","[""H2"",""co2 atmosphere"",""co2 captured""]"
"ID_Kalimantan4 13 electrolysis","ID","H2 Electrolysis","electricity -> electrolysis -> H2","true","true","ACTUAL_COMPLETE_EXPORTED_AND_RELOADED_NETWORK","0","Actual ports and nonzero-capable bound; not dispatch or simultaneous feasibility","true","[]","false","[""AC""]","238262c9d52e9d087d116799cbba0e3b5140aade7f64e6b8ebc02a448cd1419d","[""H2""]"
"ID_Kalimantan4 13 fuel cell","ID","H2 Fuel Cell","H2 -> fuel cell -> electricity","true","true","ACTUAL_COMPLETE_EXPORTED_AND_RELOADED_NETWORK","0","Actual ports and nonzero-capable bound; not dispatch or simultaneous feasibility","true","[]","false","[""H2""]","238262c9d52e9d087d116799cbba0e3b5140aade7f64e6b8ebc02a448cd1419d","[""AC""]"
"ID_Kalimantan4 2 FT","ID","Fischer-Tropsch","H2 + CO2 + electricity -> FT -> oil","true","true","ACTUAL_COMPLETE_EXPORTED_AND_RELOADED_NETWORK","0","Actual ports and nonzero-capable bound; not dispatch or simultaneous feasibility","true","[""AgricultureFinalEnergy"",""DomesticAviationFuel"",""IndustryFinalEnergy"",""InternationalAviationBunker"",""RailNonElectric"",""ResidentialFuel"",""RoadResidualFuel"",""ServicesFuel""]","false","[""AC"",""H2"",""co2 captured""]","238262c9d52e9d087d116799cbba0e3b5140aade7f64e6b8ebc02a448cd1419d","[""oil""]"
"ID_Kalimantan4 2 SMR","ID","SMR","gas -> steam methane reforming -> H2","true","true","ACTUAL_COMPLETE_EXPORTED_AND_RELOADED_NETWORK","0","Actual ports and nonzero-capable bound; not dispatch or simultaneous feasibility","true","[]","false","[""gas""]","238262c9d52e9d087d116799cbba0e3b5140aade7f64e6b8ebc02a448cd1419d","[""H2"",""co2 atmosphere""]"
"ID_Kalimantan4 2 SMR CC","ID","SMR CC","gas -> steam methane reforming with capture -> H2 + captured CO2","true","true","ACTUAL_COMPLETE_EXPORTED_AND_RELOADED_NETWORK","0","Actual ports and nonzero-capable bound; not dispatch or simultaneous feasibility","true","[]","false","[""gas""]","238262c9d52e9d087d116799cbba0e3b5140aade7f64e6b8ebc02a448cd1419d","[""H2"",""co2 atmosphere"",""co2 captured""]"
"ID_Kalimantan4 2 electrolysis","ID","H2 Electrolysis","electricity -> electrolysis -> H2","true","true","ACTUAL_COMPLETE_EXPORTED_AND_RELOADED_NETWORK","0","Actual ports and nonzero-capable bound; not dispatch or simultaneous feasibility","true","[]","false","[""AC""]","238262c9d52e9d087d116799cbba0e3b5140aade7f64e6b8ebc02a448cd1419d","[""H2""]"
"ID_Kalimantan4 2 fuel cell","ID","H2 Fuel Cell","H2 -> fuel cell -> electricity","true","true","ACTUAL_COMPLETE_EXPORTED_AND_RELOADED_NETWORK","0","Actual ports and nonzero-capable bound; not dispatch or simultaneous feasibility","true","[]","false","[""H2""]","238262c9d52e9d087d116799cbba0e3b5140aade7f64e6b8ebc02a448cd1419d","[""AC""]"
"ID_Kalimantan4 3 FT","ID","Fischer-Tropsch","H2 + CO2 + electricity -> FT -> oil","true","true","ACTUAL_COMPLETE_EXPORTED_AND_RELOADED_NETWORK","0","Actual ports and nonzero-capable bound; not dispatch or simultaneous feasibility","true","[""AgricultureFinalEnergy"",""DomesticAviationFuel"",""IndustryFinalEnergy"",""InternationalAviationBunker"",""RailNonElectric"",""ResidentialFuel"",""RoadResidualFuel"",""ServicesFuel""]","false","[""AC"",""H2"",""co2 captured""]","238262c9d52e9d087d116799cbba0e3b5140aade7f64e6b8ebc02a448cd1419d","[""oil""]"
"ID_Kalimantan4 3 SMR","ID","SMR","gas -> steam methane reforming -> H2","true","true","ACTUAL_COMPLETE_EXPORTED_AND_RELOADED_NETWORK","0","Actual ports and nonzero-capable bound; not dispatch or simultaneous feasibility","true","[]","false","[""gas""]","238262c9d52e9d087d116799cbba0e3b5140aade7f64e6b8ebc02a448cd1419d","[""H2"",""co2 atmosphere""]"
"ID_Kalimantan4 3 SMR CC","ID","SMR CC","gas -> steam methane reforming with capture -> H2 + captured CO2","true","true","ACTUAL_COMPLETE_EXPORTED_AND_RELOADED_NETWORK","0","Actual ports and nonzero-capable bound; not dispatch or simultaneous feasibility","true","[]","false","[""gas""]","238262c9d52e9d087d116799cbba0e3b5140aade7f64e6b8ebc02a448cd1419d","[""H2"",""co2 atmosphere"",""co2 captured""]"
"ID_Kalimantan4 3 electrolysis","ID","H2 Electrolysis","electricity -> electrolysis -> H2","true","true","ACTUAL_COMPLETE_EXPORTED_AND_RELOADED_NETWORK","0","Actual ports and nonzero-capable bound; not dispatch or simultaneous feasibility","true","[]","false","[""AC""]","238262c9d52e9d087d116799cbba0e3b5140aade7f64e6b8ebc02a448cd1419d","[""H2""]"
"ID_Kalimantan4 3 fuel cell","ID","H2 Fuel Cell","H2 -> fuel cell -> electricity","true","true","ACTUAL_COMPLETE_EXPORTED_AND_RELOADED_NETWORK","0","Actual ports and nonzero-capable bound; not dispatch or simultaneous feasibility","true","[]","false","[""H2""]","238262c9d52e9d087d116799cbba0e3b5140aade7f64e6b8ebc02a448cd1419d","[""AC""]"
"ID_Kalimantan4 4 FT","ID","Fischer-Tropsch","H2 + CO2 + electricity -> FT -> oil","true","true","ACTUAL_COMPLETE_EXPORTED_AND_RELOADED_NETWORK","0","Actual ports and nonzero-capable bound; not dispatch or simultaneous feasibility","true","[""AgricultureFinalEnergy"",""DomesticAviationFuel"",""IndustryFinalEnergy"",""InternationalAviationBunker"",""RailNonElectric"",""ResidentialFuel"",""RoadResidualFuel"",""ServicesFuel""]","false","[""AC"",""H2"",""co2 captured""]","238262c9d52e9d087d116799cbba0e3b5140aade7f64e6b8ebc02a448cd1419d","[""oil""]"
"ID_Kalimantan4 4 SMR","ID","SMR","gas -> steam methane reforming -> H2","true","true","ACTUAL_COMPLETE_EXPORTED_AND_RELOADED_NETWORK","0","Actual ports and nonzero-capable bound; not dispatch or simultaneous feasibility","true","[]","false","[""gas""]","238262c9d52e9d087d116799cbba0e3b5140aade7f64e6b8ebc02a448cd1419d","[""H2"",""co2 atmosphere""]"
"ID_Kalimantan4 4 SMR CC","ID","SMR CC","gas -> steam methane reforming with capture -> H2 + captured CO2","true","true","ACTUAL_COMPLETE_EXPORTED_AND_RELOADED_NETWORK","0","Actual ports and nonzero-capable bound; not dispatch or simultaneous feasibility","true","[]","false","[""gas""]","238262c9d52e9d087d116799cbba0e3b5140aade7f64e6b8ebc02a448cd1419d","[""H2"",""co2 atmosphere"",""co2 captured""]"
"ID_Kalimantan4 4 electrolysis","ID","H2 Electrolysis","electricity -> electrolysis -> H2","true","true","ACTUAL_COMPLETE_EXPORTED_AND_RELOADED_NETWORK","0","Actual ports and nonzero-capable bound; not dispatch or simultaneous feasibility","true","[]","false","[""AC""]","238262c9d52e9d087d116799cbba0e3b5140aade7f64e6b8ebc02a448cd1419d","[""H2""]"
"ID_Kalimantan4 4 fuel cell","ID","H2 Fuel Cell","H2 -> fuel cell -> electricity","true","true","ACTUAL_COMPLETE_EXPORTED_AND_RELOADED_NETWORK","0","Actual ports and nonzero-capable bound; not dispatch or simultaneous feasibility","true","[]","false","[""H2""]","238262c9d52e9d087d116799cbba0e3b5140aade7f64e6b8ebc02a448cd1419d","[""AC""]"
"ID_Kalimantan4 5 FT","ID","Fischer-Tropsch","H2 + CO2 + electricity -> FT -> oil","true","true","ACTUAL_COMPLETE_EXPORTED_AND_RELOADED_NETWORK","0","Actual ports and nonzero-capable bound; not dispatch or simultaneous feasibility","true","[""AgricultureFinalEnergy"",""IndustryFinalEnergy"",""RailNonElectric"",""ResidentialFuel"",""RoadResidualFuel"",""ServicesFuel""]","false","[""AC"",""H2"",""co2 captured""]","238262c9d52e9d087d116799cbba0e3b5140aade7f64e6b8ebc02a448cd1419d","[""oil""]"
"ID_Kalimantan4 5 SMR","ID","SMR","gas -> steam methane reforming -> H2","true","true","ACTUAL_COMPLETE_EXPORTED_AND_RELOADED_NETWORK","0","Actual ports and nonzero-capable bound; not dispatch or simultaneous feasibility","true","[]","false","[""gas""]","238262c9d52e9d087d116799cbba0e3b5140aade7f64e6b8ebc02a448cd1419d","[""H2"",""co2 atmosphere""]"
"ID_Kalimantan4 5 SMR CC","ID","SMR CC","gas -> steam methane reforming with capture -> H2 + captured CO2","true","true","ACTUAL_COMPLETE_EXPORTED_AND_RELOADED_NETWORK","0","Actual ports and nonzero-capable bound; not dispatch or simultaneous feasibility","true","[]","false","[""gas""]","238262c9d52e9d087d116799cbba0e3b5140aade7f64e6b8ebc02a448cd1419d","[""H2"",""co2 atmosphere"",""co2 captured""]"
"ID_Kalimantan4 5 electrolysis","ID","H2 Electrolysis","electricity -> electrolysis -> H2","true","true","ACTUAL_COMPLETE_EXPORTED_AND_RELOADED_NETWORK","0","Actual ports and nonzero-capable bound; not dispatch or simultaneous feasibility","true","[]","false","[""AC""]","238262c9d52e9d087d116799cbba0e3b5140aade7f64e6b8ebc02a448cd1419d","[""H2""]"
"ID_Kalimantan4 5 fuel cell","ID","H2 Fuel Cell","H2 -> fuel cell -> electricity","true","true","ACTUAL_COMPLETE_EXPORTED_AND_RELOADED_NETWORK","0","Actual ports and nonzero-capable bound; not dispatch or simultaneous feasibility","true","[]","false","[""H2""]","238262c9d52e9d087d116799cbba0e3b5140aade7f64e6b8ebc02a448cd1419d","[""AC""]"
"ID_Kalimantan4 6 FT","ID","Fischer-Tropsch","H2 + CO2 + electricity -> FT -> oil","true","true","ACTUAL_COMPLETE_EXPORTED_AND_RELOADED_NETWORK","0","Actual ports and nonzero-capable bound; not dispatch or simultaneous feasibility","true","[""AgricultureFinalEnergy"",""DomesticAviationFuel"",""DomesticShippingFuel"",""IndustryFinalEnergy"",""InternationalAviationBunker"",""InternationalShippingBunker"",""RailNonElectric"",""ResidentialFuel"",""RoadResidualFuel"",""ServicesFuel""]","false","[""AC"",""H2"",""co2 captured""]","238262c9d52e9d087d116799cbba0e3b5140aade7f64e6b8ebc02a448cd1419d","[""oil""]"
"ID_Kalimantan4 6 SMR","ID","SMR","gas -> steam methane reforming -> H2","true","true","ACTUAL_COMPLETE_EXPORTED_AND_RELOADED_NETWORK","0","Actual ports and nonzero-capable bound; not dispatch or simultaneous feasibility","true","[]","false","[""gas""]","238262c9d52e9d087d116799cbba0e3b5140aade7f64e6b8ebc02a448cd1419d","[""H2"",""co2 atmosphere""]"
"ID_Kalimantan4 6 SMR CC","ID","SMR CC","gas -> steam methane reforming with capture -> H2 + captured CO2","true","true","ACTUAL_COMPLETE_EXPORTED_AND_RELOADED_NETWORK","0","Actual ports and nonzero-capable bound; not dispatch or simultaneous feasibility","true","[]","false","[""gas""]","238262c9d52e9d087d116799cbba0e3b5140aade7f64e6b8ebc02a448cd1419d","[""H2"",""co2 atmosphere"",""co2 captured""]"
"ID_Kalimantan4 6 electrolysis","ID","H2 Electrolysis","electricity -> electrolysis -> H2","true","true","ACTUAL_COMPLETE_EXPORTED_AND_RELOADED_NETWORK","0","Actual ports and nonzero-capable bound; not dispatch or simultaneous feasibility","true","[]","false","[""AC""]","238262c9d52e9d087d116799cbba0e3b5140aade7f64e6b8ebc02a448cd1419d","[""H2""]"
"ID_Kalimantan4 6 fuel cell","ID","H2 Fuel Cell","H2 -> fuel cell -> electricity","true","true","ACTUAL_COMPLETE_EXPORTED_AND_RELOADED_NETWORK","0","Actual ports and nonzero-capable bound; not dispatch or simultaneous feasibility","true","[]","false","[""H2""]","238262c9d52e9d087d116799cbba0e3b5140aade7f64e6b8ebc02a448cd1419d","[""AC""]"
"ID_Kalimantan4 7 FT","ID","Fischer-Tropsch","H2 + CO2 + electricity -> FT -> oil","true","true","ACTUAL_COMPLETE_EXPORTED_AND_RELOADED_NETWORK","0","Actual ports and nonzero-capable bound; not dispatch or simultaneous feasibility","true","[""AgricultureFinalEnergy"",""DomesticAviationFuel"",""IndustryFinalEnergy"",""InternationalAviationBunker"",""RailNonElectric"",""ResidentialFuel"",""RoadResidualFuel"",""ServicesFuel""]","false","[""AC"",""H2"",""co2 captured""]","238262c9d52e9d087d116799cbba0e3b5140aade7f64e6b8ebc02a448cd1419d","[""oil""]"
"ID_Kalimantan4 7 SMR","ID","SMR","gas -> steam methane reforming -> H2","true","true","ACTUAL_COMPLETE_EXPORTED_AND_RELOADED_NETWORK","0","Actual ports and nonzero-capable bound; not dispatch or simultaneous feasibility","true","[]","false","[""gas""]","238262c9d52e9d087d116799cbba0e3b5140aade7f64e6b8ebc02a448cd1419d","[""H2"",""co2 atmosphere""]"
"ID_Kalimantan4 7 SMR CC","ID","SMR CC","gas -> steam methane reforming with capture -> H2 + captured CO2","true","true","ACTUAL_COMPLETE_EXPORTED_AND_RELOADED_NETWORK","0","Actual ports and nonzero-capable bound; not dispatch or simultaneous feasibility","true","[]","false","[""gas""]","238262c9d52e9d087d116799cbba0e3b5140aade7f64e6b8ebc02a448cd1419d","[""H2"",""co2 atmosphere"",""co2 captured""]"
"ID_Kalimantan4 7 electrolysis","ID","H2 Electrolysis","electricity -> electrolysis -> H2","true","true","ACTUAL_COMPLETE_EXPORTED_AND_RELOADED_NETWORK","0","Actual ports and nonzero-capable bound; not dispatch or simultaneous feasibility","true","[]","false","[""AC""]","238262c9d52e9d087d116799cbba0e3b5140aade7f64e6b8ebc02a448cd1419d","[""H2""]"
"ID_Kalimantan4 7 fuel cell","ID","H2 Fuel Cell","H2 -> fuel cell -> electricity","true","true","ACTUAL_COMPLETE_EXPORTED_AND_RELOADED_NETWORK","0","Actual ports and nonzero-capable bound; not dispatch or simultaneous feasibility","true","[]","false","[""H2""]","238262c9d52e9d087d116799cbba0e3b5140aade7f64e6b8ebc02a448cd1419d","[""AC""]"
"ID_Kalimantan4 8 FT","ID","Fischer-Tropsch","H2 + CO2 + electricity -> FT -> oil","true","true","ACTUAL_COMPLETE_EXPORTED_AND_RELOADED_NETWORK","0","Actual ports and nonzero-capable bound; not dispatch or simultaneous feasibility","true","[""AgricultureFinalEnergy"",""DomesticAviationFuel"",""IndustryFinalEnergy"",""InternationalAviationBunker"",""RailNonElectric"",""ResidentialFuel"",""RoadResidualFuel"",""ServicesFuel""]","false","[""AC"",""H2"",""co2 captured""]","238262c9d52e9d087d116799cbba0e3b5140aade7f64e6b8ebc02a448cd1419d","[""oil""]"
"ID_Kalimantan4 8 SMR","ID","SMR","gas -> steam methane reforming -> H2","true","true","ACTUAL_COMPLETE_EXPORTED_AND_RELOADED_NETWORK","0","Actual ports and nonzero-capable bound; not dispatch or simultaneous feasibility","true","[]","false","[""gas""]","238262c9d52e9d087d116799cbba0e3b5140aade7f64e6b8ebc02a448cd1419d","[""H2"",""co2 atmosphere""]"
"ID_Kalimantan4 8 SMR CC","ID","SMR CC","gas -> steam methane reforming with capture -> H2 + captured CO2","true","true","ACTUAL_COMPLETE_EXPORTED_AND_RELOADED_NETWORK","0","Actual ports and nonzero-capable bound; not dispatch or simultaneous feasibility","true","[]","false","[""gas""]","238262c9d52e9d087d116799cbba0e3b5140aade7f64e6b8ebc02a448cd1419d","[""H2"",""co2 atmosphere"",""co2 captured""]"
"ID_Kalimantan4 8 electrolysis","ID","H2 Electrolysis","electricity -> electrolysis -> H2","true","true","ACTUAL_COMPLETE_EXPORTED_AND_RELOADED_NETWORK","0","Actual ports and nonzero-capable bound; not dispatch or simultaneous feasibility","true","[]","false","[""AC""]","238262c9d52e9d087d116799cbba0e3b5140aade7f64e6b8ebc02a448cd1419d","[""H2""]"
"ID_Kalimantan4 8 fuel cell","ID","H2 Fuel Cell","H2 -> fuel cell -> electricity","true","true","ACTUAL_COMPLETE_EXPORTED_AND_RELOADED_NETWORK","0","Actual ports and nonzero-capable bound; not dispatch or simultaneous feasibility","true","[]","false","[""H2""]","238262c9d52e9d087d116799cbba0e3b5140aade7f64e6b8ebc02a448cd1419d","[""AC""]"
"ID_Kalimantan4 9 FT","ID","Fischer-Tropsch","H2 + CO2 + electricity -> FT -> oil","true","true","ACTUAL_COMPLETE_EXPORTED_AND_RELOADED_NETWORK","0","Actual ports and nonzero-capable bound; not dispatch or simultaneous feasibility","true","[""AgricultureFinalEnergy"",""DomesticAviationFuel"",""DomesticShippingFuel"",""IndustryFinalEnergy"",""InternationalAviationBunker"",""InternationalShippingBunker"",""RailNonElectric"",""ResidentialFuel"",""RoadResidualFuel"",""ServicesFuel""]","false","[""AC"",""H2"",""co2 captured""]","238262c9d52e9d087d116799cbba0e3b5140aade7f64e6b8ebc02a448cd1419d","[""oil""]"
"ID_Kalimantan4 9 SMR","ID","SMR","gas -> steam methane reforming -> H2","true","true","ACTUAL_COMPLETE_EXPORTED_AND_RELOADED_NETWORK","0","Actual ports and nonzero-capable bound; not dispatch or simultaneous feasibility","true","[]","false","[""gas""]","238262c9d52e9d087d116799cbba0e3b5140aade7f64e6b8ebc02a448cd1419d","[""H2"",""co2 atmosphere""]"
"ID_Kalimantan4 9 SMR CC","ID","SMR CC","gas -> steam methane reforming with capture -> H2 + captured CO2","true","true","ACTUAL_COMPLETE_EXPORTED_AND_RELOADED_NETWORK","0","Actual ports and nonzero-capable bound; not dispatch or simultaneous feasibility","true","[]","false","[""gas""]","238262c9d52e9d087d116799cbba0e3b5140aade7f64e6b8ebc02a448cd1419d","[""H2"",""co2 atmosphere"",""co2 captured""]"
"ID_Kalimantan4 9 electrolysis","ID","H2 Electrolysis","electricity -> electrolysis -> H2","true","true","ACTUAL_COMPLETE_EXPORTED_AND_RELOADED_NETWORK","0","Actual ports and nonzero-capable bound; not dispatch or simultaneous feasibility","true","[]","false","[""AC""]","238262c9d52e9d087d116799cbba0e3b5140aade7f64e6b8ebc02a448cd1419d","[""H2""]"
"ID_Kalimantan4 9 fuel cell","ID","H2 Fuel Cell","H2 -> fuel cell -> electricity","true","true","ACTUAL_COMPLETE_EXPORTED_AND_RELOADED_NETWORK","0","Actual ports and nonzero-capable bound; not dispatch or simultaneous feasibility","true","[]","false","[""H2""]","238262c9d52e9d087d116799cbba0e3b5140aade7f64e6b8ebc02a448cd1419d","[""AC""]"
"ID_Maluku16 0 FT","ID","Fischer-Tropsch","H2 + CO2 + electricity -> FT -> oil","true","true","ACTUAL_COMPLETE_EXPORTED_AND_RELOADED_NETWORK","0","Actual ports and nonzero-capable bound; not dispatch or simultaneous feasibility","true","[""AgricultureFinalEnergy"",""DomesticAviationFuel"",""IndustryFinalEnergy"",""InternationalAviationBunker"",""RailNonElectric"",""ResidentialFuel"",""RoadResidualFuel"",""ServicesFuel""]","false","[""AC"",""H2"",""co2 captured""]","238262c9d52e9d087d116799cbba0e3b5140aade7f64e6b8ebc02a448cd1419d","[""oil""]"
"ID_Maluku16 0 SMR","ID","SMR","gas -> steam methane reforming -> H2","true","true","ACTUAL_COMPLETE_EXPORTED_AND_RELOADED_NETWORK","0","Actual ports and nonzero-capable bound; not dispatch or simultaneous feasibility","true","[]","false","[""gas""]","238262c9d52e9d087d116799cbba0e3b5140aade7f64e6b8ebc02a448cd1419d","[""H2"",""co2 atmosphere""]"
"ID_Maluku16 0 SMR CC","ID","SMR CC","gas -> steam methane reforming with capture -> H2 + captured CO2","true","true","ACTUAL_COMPLETE_EXPORTED_AND_RELOADED_NETWORK","0","Actual ports and nonzero-capable bound; not dispatch or simultaneous feasibility","true","[]","false","[""gas""]","238262c9d52e9d087d116799cbba0e3b5140aade7f64e6b8ebc02a448cd1419d","[""H2"",""co2 atmosphere"",""co2 captured""]"
"ID_Maluku16 0 electrolysis","ID","H2 Electrolysis","electricity -> electrolysis -> H2","true","true","ACTUAL_COMPLETE_EXPORTED_AND_RELOADED_NETWORK","0","Actual ports and nonzero-capable bound; not dispatch or simultaneous feasibility","true","[]","false","[""AC""]","238262c9d52e9d087d116799cbba0e3b5140aade7f64e6b8ebc02a448cd1419d","[""H2""]"
"ID_Maluku16 0 fuel cell","ID","H2 Fuel Cell","H2 -> fuel cell -> electricity","true","true","ACTUAL_COMPLETE_EXPORTED_AND_RELOADED_NETWORK","0","Actual ports and nonzero-capable bound; not dispatch or simultaneous feasibility","true","[]","false","[""H2""]","238262c9d52e9d087d116799cbba0e3b5140aade7f64e6b8ebc02a448cd1419d","[""AC""]"
"ID_Maluku17 0 FT","ID","Fischer-Tropsch","H2 + CO2 + electricity -> FT -> oil","true","true","ACTUAL_COMPLETE_EXPORTED_AND_RELOADED_NETWORK","0","Actual ports and nonzero-capable bound; not dispatch or simultaneous feasibility","true","[""AgricultureFinalEnergy"",""DomesticAviationFuel"",""DomesticShippingFuel"",""IndustryFinalEnergy"",""InternationalAviationBunker"",""InternationalShippingBunker"",""RailNonElectric"",""ResidentialFuel"",""RoadResidualFuel"",""ServicesFuel""]","false","[""AC"",""H2"",""co2 captured""]","238262c9d52e9d087d116799cbba0e3b5140aade7f64e6b8ebc02a448cd1419d","[""oil""]"
"ID_Maluku17 0 SMR","ID","SMR","gas -> steam methane reforming -> H2","true","true","ACTUAL_COMPLETE_EXPORTED_AND_RELOADED_NETWORK","0","Actual ports and nonzero-capable bound; not dispatch or simultaneous feasibility","true","[]","false","[""gas""]","238262c9d52e9d087d116799cbba0e3b5140aade7f64e6b8ebc02a448cd1419d","[""H2"",""co2 atmosphere""]"
"ID_Maluku17 0 SMR CC","ID","SMR CC","gas -> steam methane reforming with capture -> H2 + captured CO2","true","true","ACTUAL_COMPLETE_EXPORTED_AND_RELOADED_NETWORK","0","Actual ports and nonzero-capable bound; not dispatch or simultaneous feasibility","true","[]","false","[""gas""]","238262c9d52e9d087d116799cbba0e3b5140aade7f64e6b8ebc02a448cd1419d","[""H2"",""co2 atmosphere"",""co2 captured""]"
"ID_Maluku17 0 electrolysis","ID","H2 Electrolysis","electricity -> electrolysis -> H2","true","true","ACTUAL_COMPLETE_EXPORTED_AND_RELOADED_NETWORK","0","Actual ports and nonzero-capable bound; not dispatch or simultaneous feasibility","true","[]","false","[""AC""]","238262c9d52e9d087d116799cbba0e3b5140aade7f64e6b8ebc02a448cd1419d","[""H2""]"
"ID_Maluku17 0 fuel cell","ID","H2 Fuel Cell","H2 -> fuel cell -> electricity","true","true","ACTUAL_COMPLETE_EXPORTED_AND_RELOADED_NETWORK","0","Actual ports and nonzero-capable bound; not dispatch or simultaneous feasibility","true","[]","false","[""H2""]","238262c9d52e9d087d116799cbba0e3b5140aade7f64e6b8ebc02a448cd1419d","[""AC""]"
"ID_Maluku8 0 FT","ID","Fischer-Tropsch","H2 + CO2 + electricity -> FT -> oil","true","true","ACTUAL_COMPLETE_EXPORTED_AND_RELOADED_NETWORK","0","Actual ports and nonzero-capable bound; not dispatch or simultaneous feasibility","true","[""AgricultureFinalEnergy"",""DomesticAviationFuel"",""IndustryFinalEnergy"",""InternationalAviationBunker"",""RailNonElectric"",""ResidentialFuel"",""RoadResidualFuel"",""ServicesFuel""]","false","[""AC"",""H2"",""co2 captured""]","238262c9d52e9d087d116799cbba0e3b5140aade7f64e6b8ebc02a448cd1419d","[""oil""]"
"ID_Maluku8 0 SMR","ID","SMR","gas -> steam methane reforming -> H2","true","true","ACTUAL_COMPLETE_EXPORTED_AND_RELOADED_NETWORK","0","Actual ports and nonzero-capable bound; not dispatch or simultaneous feasibility","true","[]","false","[""gas""]","238262c9d52e9d087d116799cbba0e3b5140aade7f64e6b8ebc02a448cd1419d","[""H2"",""co2 atmosphere""]"
"ID_Maluku8 0 SMR CC","ID","SMR CC","gas -> steam methane reforming with capture -> H2 + captured CO2","true","true","ACTUAL_COMPLETE_EXPORTED_AND_RELOADED_NETWORK","0","Actual ports and nonzero-capable bound; not dispatch or simultaneous feasibility","true","[]","false","[""gas""]","238262c9d52e9d087d116799cbba0e3b5140aade7f64e6b8ebc02a448cd1419d","[""H2"",""co2 atmosphere"",""co2 captured""]"
"ID_Maluku8 0 electrolysis","ID","H2 Electrolysis","electricity -> electrolysis -> H2","true","true","ACTUAL_COMPLETE_EXPORTED_AND_RELOADED_NETWORK","0","Actual ports and nonzero-capable bound; not dispatch or simultaneous feasibility","true","[]","false","[""AC""]","238262c9d52e9d087d116799cbba0e3b5140aade7f64e6b8ebc02a448cd1419d","[""H2""]"
"ID_Maluku8 0 fuel cell","ID","H2 Fuel Cell","H2 -> fuel cell -> electricity","true","true","ACTUAL_COMPLETE_EXPORTED_AND_RELOADED_NETWORK","0","Actual ports and nonzero-capable bound; not dispatch or simultaneous feasibility","true","[]","false","[""H2""]","238262c9d52e9d087d116799cbba0e3b5140aade7f64e6b8ebc02a448cd1419d","[""AC""]"
"ID_Nusa-Tenggara12 0 FT","ID","Fischer-Tropsch","H2 + CO2 + electricity -> FT -> oil","true","true","ACTUAL_COMPLETE_EXPORTED_AND_RELOADED_NETWORK","0","Actual ports and nonzero-capable bound; not dispatch or simultaneous feasibility","true","[""AgricultureFinalEnergy"",""DomesticAviationFuel"",""DomesticShippingFuel"",""IndustryFinalEnergy"",""InternationalAviationBunker"",""InternationalShippingBunker"",""RailNonElectric"",""ResidentialFuel"",""RoadResidualFuel"",""ServicesFuel""]","false","[""AC"",""H2"",""co2 captured""]","238262c9d52e9d087d116799cbba0e3b5140aade7f64e6b8ebc02a448cd1419d","[""oil""]"
"ID_Nusa-Tenggara12 0 SMR","ID","SMR","gas -> steam methane reforming -> H2","true","true","ACTUAL_COMPLETE_EXPORTED_AND_RELOADED_NETWORK","0","Actual ports and nonzero-capable bound; not dispatch or simultaneous feasibility","true","[]","false","[""gas""]","238262c9d52e9d087d116799cbba0e3b5140aade7f64e6b8ebc02a448cd1419d","[""H2"",""co2 atmosphere""]"
"ID_Nusa-Tenggara12 0 SMR CC","ID","SMR CC","gas -> steam methane reforming with capture -> H2 + captured CO2","true","true","ACTUAL_COMPLETE_EXPORTED_AND_RELOADED_NETWORK","0","Actual ports and nonzero-capable bound; not dispatch or simultaneous feasibility","true","[]","false","[""gas""]","238262c9d52e9d087d116799cbba0e3b5140aade7f64e6b8ebc02a448cd1419d","[""H2"",""co2 atmosphere"",""co2 captured""]"
"ID_Nusa-Tenggara12 0 electrolysis","ID","H2 Electrolysis","electricity -> electrolysis -> H2","true","true","ACTUAL_COMPLETE_EXPORTED_AND_RELOADED_NETWORK","0","Actual ports and nonzero-capable bound; not dispatch or simultaneous feasibility","true","[]","false","[""AC""]","238262c9d52e9d087d116799cbba0e3b5140aade7f64e6b8ebc02a448cd1419d","[""H2""]"
"ID_Nusa-Tenggara12 0 fuel cell","ID","H2 Fuel Cell","H2 -> fuel cell -> electricity","true","true","ACTUAL_COMPLETE_EXPORTED_AND_RELOADED_NETWORK","0","Actual ports and nonzero-capable bound; not dispatch or simultaneous feasibility","true","[]","false","[""H2""]","238262c9d52e9d087d116799cbba0e3b5140aade7f64e6b8ebc02a448cd1419d","[""AC""]"
"ID_Nusa-Tenggara13 0 FT","ID","Fischer-Tropsch","H2 + CO2 + electricity -> FT -> oil","true","true","ACTUAL_COMPLETE_EXPORTED_AND_RELOADED_NETWORK","0","Actual ports and nonzero-capable bound; not dispatch or simultaneous feasibility","true","[""AgricultureFinalEnergy"",""IndustryFinalEnergy"",""RailNonElectric"",""ResidentialFuel"",""RoadResidualFuel"",""ServicesFuel""]","false","[""AC"",""H2"",""co2 captured""]","238262c9d52e9d087d116799cbba0e3b5140aade7f64e6b8ebc02a448cd1419d","[""oil""]"
"ID_Nusa-Tenggara13 0 SMR","ID","SMR","gas -> steam methane reforming -> H2","true","true","ACTUAL_COMPLETE_EXPORTED_AND_RELOADED_NETWORK","0","Actual ports and nonzero-capable bound; not dispatch or simultaneous feasibility","true","[]","false","[""gas""]","238262c9d52e9d087d116799cbba0e3b5140aade7f64e6b8ebc02a448cd1419d","[""H2"",""co2 atmosphere""]"
"ID_Nusa-Tenggara13 0 SMR CC","ID","SMR CC","gas -> steam methane reforming with capture -> H2 + captured CO2","true","true","ACTUAL_COMPLETE_EXPORTED_AND_RELOADED_NETWORK","0","Actual ports and nonzero-capable bound; not dispatch or simultaneous feasibility","true","[]","false","[""gas""]","238262c9d52e9d087d116799cbba0e3b5140aade7f64e6b8ebc02a448cd1419d","[""H2"",""co2 atmosphere"",""co2 captured""]"
"ID_Nusa-Tenggara13 0 electrolysis","ID","H2 Electrolysis","electricity -> electrolysis -> H2","true","true","ACTUAL_COMPLETE_EXPORTED_AND_RELOADED_NETWORK","0","Actual ports and nonzero-capable bound; not dispatch or simultaneous feasibility","true","[]","false","[""AC""]","238262c9d52e9d087d116799cbba0e3b5140aade7f64e6b8ebc02a448cd1419d","[""H2""]"
"ID_Nusa-Tenggara13 0 fuel cell","ID","H2 Fuel Cell","H2 -> fuel cell -> electricity","true","true","ACTUAL_COMPLETE_EXPORTED_AND_RELOADED_NETWORK","0","Actual ports and nonzero-capable bound; not dispatch or simultaneous feasibility","true","[]","false","[""H2""]","238262c9d52e9d087d116799cbba0e3b5140aade7f64e6b8ebc02a448cd1419d","[""AC""]"
"ID_Nusa-Tenggara14 0 FT","ID","Fischer-Tropsch","H2 + CO2 + electricity -> FT -> oil","true","true","ACTUAL_COMPLETE_EXPORTED_AND_RELOADED_NETWORK","0","Actual ports and nonzero-capable bound; not dispatch or simultaneous feasibility","true","[""AgricultureFinalEnergy"",""DomesticAviationFuel"",""IndustryFinalEnergy"",""InternationalAviationBunker"",""RailNonElectric"",""ResidentialFuel"",""RoadResidualFuel"",""ServicesFuel""]","false","[""AC"",""H2"",""co2 captured""]","238262c9d52e9d087d116799cbba0e3b5140aade7f64e6b8ebc02a448cd1419d","[""oil""]"
"ID_Nusa-Tenggara14 0 SMR","ID","SMR","gas -> steam methane reforming -> H2","true","true","ACTUAL_COMPLETE_EXPORTED_AND_RELOADED_NETWORK","0","Actual ports and nonzero-capable bound; not dispatch or simultaneous feasibility","true","[]","false","[""gas""]","238262c9d52e9d087d116799cbba0e3b5140aade7f64e6b8ebc02a448cd1419d","[""H2"",""co2 atmosphere""]"
"ID_Nusa-Tenggara14 0 SMR CC","ID","SMR CC","gas -> steam methane reforming with capture -> H2 + captured CO2","true","true","ACTUAL_COMPLETE_EXPORTED_AND_RELOADED_NETWORK","0","Actual ports and nonzero-capable bound; not dispatch or simultaneous feasibility","true","[]","false","[""gas""]","238262c9d52e9d087d116799cbba0e3b5140aade7f64e6b8ebc02a448cd1419d","[""H2"",""co2 atmosphere"",""co2 captured""]"
"ID_Nusa-Tenggara14 0 electrolysis","ID","H2 Electrolysis","electricity -> electrolysis -> H2","true","true","ACTUAL_COMPLETE_EXPORTED_AND_RELOADED_NETWORK","0","Actual ports and nonzero-capable bound; not dispatch or simultaneous feasibility","true","[]","false","[""AC""]","238262c9d52e9d087d116799cbba0e3b5140aade7f64e6b8ebc02a448cd1419d","[""H2""]"
"ID_Nusa-Tenggara14 0 fuel cell","ID","H2 Fuel Cell","H2 -> fuel cell -> electricity","true","true","ACTUAL_COMPLETE_EXPORTED_AND_RELOADED_NETWORK","0","Actual ports and nonzero-capable bound; not dispatch or simultaneous feasibility","true","[]","false","[""H2""]","238262c9d52e9d087d116799cbba0e3b5140aade7f64e6b8ebc02a448cd1419d","[""AC""]"
"ID_Nusa-Tenggara15 0 FT","ID","Fischer-Tropsch","H2 + CO2 + electricity -> FT -> oil","true","true","ACTUAL_COMPLETE_EXPORTED_AND_RELOADED_NETWORK","0","Actual ports and nonzero-capable bound; not dispatch or simultaneous feasibility","true","[""AgricultureFinalEnergy"",""DomesticAviationFuel"",""DomesticShippingFuel"",""IndustryFinalEnergy"",""InternationalAviationBunker"",""InternationalShippingBunker"",""RailNonElectric"",""ResidentialFuel"",""RoadResidualFuel"",""ServicesFuel""]","false","[""AC"",""H2"",""co2 captured""]","238262c9d52e9d087d116799cbba0e3b5140aade7f64e6b8ebc02a448cd1419d","[""oil""]"
"ID_Nusa-Tenggara15 0 SMR","ID","SMR","gas -> steam methane reforming -> H2","true","true","ACTUAL_COMPLETE_EXPORTED_AND_RELOADED_NETWORK","0","Actual ports and nonzero-capable bound; not dispatch or simultaneous feasibility","true","[]","false","[""gas""]","238262c9d52e9d087d116799cbba0e3b5140aade7f64e6b8ebc02a448cd1419d","[""H2"",""co2 atmosphere""]"
"ID_Nusa-Tenggara15 0 SMR CC","ID","SMR CC","gas -> steam methane reforming with capture -> H2 + captured CO2","true","true","ACTUAL_COMPLETE_EXPORTED_AND_RELOADED_NETWORK","0","Actual ports and nonzero-capable bound; not dispatch or simultaneous feasibility","true","[]","false","[""gas""]","238262c9d52e9d087d116799cbba0e3b5140aade7f64e6b8ebc02a448cd1419d","[""H2"",""co2 atmosphere"",""co2 captured""]"
"ID_Nusa-Tenggara15 0 electrolysis","ID","H2 Electrolysis","electricity -> electrolysis -> H2","true","true","ACTUAL_COMPLETE_EXPORTED_AND_RELOADED_NETWORK","0","Actual ports and nonzero-capable bound; not dispatch or simultaneous feasibility","true","[]","false","[""AC""]","238262c9d52e9d087d116799cbba0e3b5140aade7f64e6b8ebc02a448cd1419d","[""H2""]"
"ID_Nusa-Tenggara15 0 fuel cell","ID","H2 Fuel Cell","H2 -> fuel cell -> electricity","true","true","ACTUAL_COMPLETE_EXPORTED_AND_RELOADED_NETWORK","0","Actual ports and nonzero-capable bound; not dispatch or simultaneous feasibility","true","[]","false","[""H2""]","238262c9d52e9d087d116799cbba0e3b5140aade7f64e6b8ebc02a448cd1419d","[""AC""]"
"ID_Papua18 0 FT","ID","Fischer-Tropsch","H2 + CO2 + electricity -> FT -> oil","true","true","ACTUAL_COMPLETE_EXPORTED_AND_RELOADED_NETWORK","0","Actual ports and nonzero-capable bound; not dispatch or simultaneous feasibility","true","[""AgricultureFinalEnergy"",""DomesticAviationFuel"",""DomesticShippingFuel"",""IndustryFinalEnergy"",""InternationalAviationBunker"",""InternationalShippingBunker"",""RailNonElectric"",""ResidentialFuel"",""RoadResidualFuel"",""ServicesFuel""]","false","[""AC"",""H2"",""co2 captured""]","238262c9d52e9d087d116799cbba0e3b5140aade7f64e6b8ebc02a448cd1419d","[""oil""]"
"ID_Papua18 0 SMR","ID","SMR","gas -> steam methane reforming -> H2","true","true","ACTUAL_COMPLETE_EXPORTED_AND_RELOADED_NETWORK","0","Actual ports and nonzero-capable bound; not dispatch or simultaneous feasibility","true","[]","false","[""gas""]","238262c9d52e9d087d116799cbba0e3b5140aade7f64e6b8ebc02a448cd1419d","[""H2"",""co2 atmosphere""]"
"ID_Papua18 0 SMR CC","ID","SMR CC","gas -> steam methane reforming with capture -> H2 + captured CO2","true","true","ACTUAL_COMPLETE_EXPORTED_AND_RELOADED_NETWORK","0","Actual ports and nonzero-capable bound; not dispatch or simultaneous feasibility","true","[]","false","[""gas""]","238262c9d52e9d087d116799cbba0e3b5140aade7f64e6b8ebc02a448cd1419d","[""H2"",""co2 atmosphere"",""co2 captured""]"
"ID_Papua18 0 electrolysis","ID","H2 Electrolysis","electricity -> electrolysis -> H2","true","true","ACTUAL_COMPLETE_EXPORTED_AND_RELOADED_NETWORK","0","Actual ports and nonzero-capable bound; not dispatch or simultaneous feasibility","true","[]","false","[""AC""]","238262c9d52e9d087d116799cbba0e3b5140aade7f64e6b8ebc02a448cd1419d","[""H2""]"
"ID_Papua18 0 fuel cell","ID","H2 Fuel Cell","H2 -> fuel cell -> electricity","true","true","ACTUAL_COMPLETE_EXPORTED_AND_RELOADED_NETWORK","0","Actual ports and nonzero-capable bound; not dispatch or simultaneous feasibility","true","[]","false","[""H2""]","238262c9d52e9d087d116799cbba0e3b5140aade7f64e6b8ebc02a448cd1419d","[""AC""]"
"ID_Papua19 0 FT","ID","Fischer-Tropsch","H2 + CO2 + electricity -> FT -> oil","true","true","ACTUAL_COMPLETE_EXPORTED_AND_RELOADED_NETWORK","0","Actual ports and nonzero-capable bound; not dispatch or simultaneous feasibility","true","[""AgricultureFinalEnergy"",""DomesticAviationFuel"",""DomesticShippingFuel"",""IndustryFinalEnergy"",""InternationalAviationBunker"",""InternationalShippingBunker"",""RailNonElectric"",""ResidentialFuel"",""RoadResidualFuel"",""ServicesFuel""]","false","[""AC"",""H2"",""co2 captured""]","238262c9d52e9d087d116799cbba0e3b5140aade7f64e6b8ebc02a448cd1419d","[""oil""]"
"ID_Papua19 0 SMR","ID","SMR","gas -> steam methane reforming -> H2","true","true","ACTUAL_COMPLETE_EXPORTED_AND_RELOADED_NETWORK","0","Actual ports and nonzero-capable bound; not dispatch or simultaneous feasibility","true","[]","false","[""gas""]","238262c9d52e9d087d116799cbba0e3b5140aade7f64e6b8ebc02a448cd1419d","[""H2"",""co2 atmosphere""]"
"ID_Papua19 0 SMR CC","ID","SMR CC","gas -> steam methane reforming with capture -> H2 + captured CO2","true","true","ACTUAL_COMPLETE_EXPORTED_AND_RELOADED_NETWORK","0","Actual ports and nonzero-capable bound; not dispatch or simultaneous feasibility","true","[]","false","[""gas""]","238262c9d52e9d087d116799cbba0e3b5140aade7f64e6b8ebc02a448cd1419d","[""H2"",""co2 atmosphere"",""co2 captured""]"
"ID_Papua19 0 electrolysis","ID","H2 Electrolysis","electricity -> electrolysis -> H2","true","true","ACTUAL_COMPLETE_EXPORTED_AND_RELOADED_NETWORK","0","Actual ports and nonzero-capable bound; not dispatch or simultaneous feasibility","true","[]","false","[""AC""]","238262c9d52e9d087d116799cbba0e3b5140aade7f64e6b8ebc02a448cd1419d","[""H2""]"
"ID_Papua19 0 fuel cell","ID","H2 Fuel Cell","H2 -> fuel cell -> electricity","true","true","ACTUAL_COMPLETE_EXPORTED_AND_RELOADED_NETWORK","0","Actual ports and nonzero-capable bound; not dispatch or simultaneous feasibility","true","[]","false","[""H2""]","238262c9d52e9d087d116799cbba0e3b5140aade7f64e6b8ebc02a448cd1419d","[""AC""]"
"ID_Papua20 0 FT","ID","Fischer-Tropsch","H2 + CO2 + electricity -> FT -> oil","true","true","ACTUAL_COMPLETE_EXPORTED_AND_RELOADED_NETWORK","0","Actual ports and nonzero-capable bound; not dispatch or simultaneous feasibility","true","[""AgricultureFinalEnergy"",""DomesticAviationFuel"",""DomesticShippingFuel"",""IndustryFinalEnergy"",""InternationalAviationBunker"",""InternationalShippingBunker"",""RailNonElectric"",""ResidentialFuel"",""RoadResidualFuel"",""ServicesFuel""]","false","[""AC"",""H2"",""co2 captured""]","238262c9d52e9d087d116799cbba0e3b5140aade7f64e6b8ebc02a448cd1419d","[""oil""]"
"ID_Papua20 0 SMR","ID","SMR","gas -> steam methane reforming -> H2","true","true","ACTUAL_COMPLETE_EXPORTED_AND_RELOADED_NETWORK","0","Actual ports and nonzero-capable bound; not dispatch or simultaneous feasibility","true","[]","false","[""gas""]","238262c9d52e9d087d116799cbba0e3b5140aade7f64e6b8ebc02a448cd1419d","[""H2"",""co2 atmosphere""]"
"ID_Papua20 0 SMR CC","ID","SMR CC","gas -> steam methane reforming with capture -> H2 + captured CO2","true","true","ACTUAL_COMPLETE_EXPORTED_AND_RELOADED_NETWORK","0","Actual ports and nonzero-capable bound; not dispatch or simultaneous feasibility","true","[]","false","[""gas""]","238262c9d52e9d087d116799cbba0e3b5140aade7f64e6b8ebc02a448cd1419d","[""H2"",""co2 atmosphere"",""co2 captured""]"
"ID_Papua20 0 electrolysis","ID","H2 Electrolysis","electricity -> electrolysis -> H2","true","true","ACTUAL_COMPLETE_EXPORTED_AND_RELOADED_NETWORK","0","Actual ports and nonzero-capable bound; not dispatch or simultaneous feasibility","true","[]","false","[""AC""]","238262c9d52e9d087d116799cbba0e3b5140aade7f64e6b8ebc02a448cd1419d","[""H2""]"
"ID_Papua20 0 fuel cell","ID","H2 Fuel Cell","H2 -> fuel cell -> electricity","true","true","ACTUAL_COMPLETE_EXPORTED_AND_RELOADED_NETWORK","0","Actual ports and nonzero-capable bound; not dispatch or simultaneous feasibility","true","[]","false","[""H2""]","238262c9d52e9d087d116799cbba0e3b5140aade7f64e6b8ebc02a448cd1419d","[""AC""]"
"ID_Sulawesi0 0 FT","ID","Fischer-Tropsch","H2 + CO2 + electricity -> FT -> oil","true","true","ACTUAL_COMPLETE_EXPORTED_AND_RELOADED_NETWORK","0","Actual ports and nonzero-capable bound; not dispatch or simultaneous feasibility","true","[""AgricultureFinalEnergy"",""IndustryFinalEnergy"",""RailNonElectric"",""ResidentialFuel"",""RoadResidualFuel"",""ServicesFuel""]","false","[""AC"",""H2"",""co2 captured""]","238262c9d52e9d087d116799cbba0e3b5140aade7f64e6b8ebc02a448cd1419d","[""oil""]"
"ID_Sulawesi0 0 SMR","ID","SMR","gas -> steam methane reforming -> H2","true","true","ACTUAL_COMPLETE_EXPORTED_AND_RELOADED_NETWORK","0","Actual ports and nonzero-capable bound; not dispatch or simultaneous feasibility","true","[]","false","[""gas""]","238262c9d52e9d087d116799cbba0e3b5140aade7f64e6b8ebc02a448cd1419d","[""H2"",""co2 atmosphere""]"
"ID_Sulawesi0 0 SMR CC","ID","SMR CC","gas -> steam methane reforming with capture -> H2 + captured CO2","true","true","ACTUAL_COMPLETE_EXPORTED_AND_RELOADED_NETWORK","0","Actual ports and nonzero-capable bound; not dispatch or simultaneous feasibility","true","[]","false","[""gas""]","238262c9d52e9d087d116799cbba0e3b5140aade7f64e6b8ebc02a448cd1419d","[""H2"",""co2 atmosphere"",""co2 captured""]"
"ID_Sulawesi0 0 electrolysis","ID","H2 Electrolysis","electricity -> electrolysis -> H2","true","true","ACTUAL_COMPLETE_EXPORTED_AND_RELOADED_NETWORK","0","Actual ports and nonzero-capable bound; not dispatch or simultaneous feasibility","true","[]","false","[""AC""]","238262c9d52e9d087d116799cbba0e3b5140aade7f64e6b8ebc02a448cd1419d","[""H2""]"
"ID_Sulawesi0 0 fuel cell","ID","H2 Fuel Cell","H2 -> fuel cell -> electricity","true","true","ACTUAL_COMPLETE_EXPORTED_AND_RELOADED_NETWORK","0","Actual ports and nonzero-capable bound; not dispatch or simultaneous feasibility","true","[]","false","[""H2""]","238262c9d52e9d087d116799cbba0e3b5140aade7f64e6b8ebc02a448cd1419d","[""AC""]"
"ID_Sulawesi0 1 FT","ID","Fischer-Tropsch","H2 + CO2 + electricity -> FT -> oil","true","true","ACTUAL_COMPLETE_EXPORTED_AND_RELOADED_NETWORK","0","Actual ports and nonzero-capable bound; not dispatch or simultaneous feasibility","true","[""AgricultureFinalEnergy"",""DomesticAviationFuel"",""IndustryFinalEnergy"",""InternationalAviationBunker"",""RailNonElectric"",""ResidentialFuel"",""RoadResidualFuel"",""ServicesFuel""]","false","[""AC"",""H2"",""co2 captured""]","238262c9d52e9d087d116799cbba0e3b5140aade7f64e6b8ebc02a448cd1419d","[""oil""]"
"ID_Sulawesi0 1 SMR","ID","SMR","gas -> steam methane reforming -> H2","true","true","ACTUAL_COMPLETE_EXPORTED_AND_RELOADED_NETWORK","0","Actual ports and nonzero-capable bound; not dispatch or simultaneous feasibility","true","[]","false","[""gas""]","238262c9d52e9d087d116799cbba0e3b5140aade7f64e6b8ebc02a448cd1419d","[""H2"",""co2 atmosphere""]"
"ID_Sulawesi0 1 SMR CC","ID","SMR CC","gas -> steam methane reforming with capture -> H2 + captured CO2","true","true","ACTUAL_COMPLETE_EXPORTED_AND_RELOADED_NETWORK","0","Actual ports and nonzero-capable bound; not dispatch or simultaneous feasibility","true","[]","false","[""gas""]","238262c9d52e9d087d116799cbba0e3b5140aade7f64e6b8ebc02a448cd1419d","[""H2"",""co2 atmosphere"",""co2 captured""]"
"ID_Sulawesi0 1 electrolysis","ID","H2 Electrolysis","electricity -> electrolysis -> H2","true","true","ACTUAL_COMPLETE_EXPORTED_AND_RELOADED_NETWORK","0","Actual ports and nonzero-capable bound; not dispatch or simultaneous feasibility","true","[]","false","[""AC""]","238262c9d52e9d087d116799cbba0e3b5140aade7f64e6b8ebc02a448cd1419d","[""H2""]"
"ID_Sulawesi0 1 fuel cell","ID","H2 Fuel Cell","H2 -> fuel cell -> electricity","true","true","ACTUAL_COMPLETE_EXPORTED_AND_RELOADED_NETWORK","0","Actual ports and nonzero-capable bound; not dispatch or simultaneous feasibility","true","[]","false","[""H2""]","238262c9d52e9d087d116799cbba0e3b5140aade7f64e6b8ebc02a448cd1419d","[""AC""]"
"ID_Sulawesi0 2 FT","ID","Fischer-Tropsch","H2 + CO2 + electricity -> FT -> oil","true","true","ACTUAL_COMPLETE_EXPORTED_AND_RELOADED_NETWORK","0","Actual ports and nonzero-capable bound; not dispatch or simultaneous feasibility","true","[""AgricultureFinalEnergy"",""DomesticAviationFuel"",""DomesticShippingFuel"",""IndustryFinalEnergy"",""InternationalAviationBunker"",""InternationalShippingBunker"",""RailNonElectric"",""ResidentialFuel"",""RoadResidualFuel"",""ServicesFuel""]","false","[""AC"",""H2"",""co2 captured""]","238262c9d52e9d087d116799cbba0e3b5140aade7f64e6b8ebc02a448cd1419d","[""oil""]"
"ID_Sulawesi0 2 SMR","ID","SMR","gas -> steam methane reforming -> H2","true","true","ACTUAL_COMPLETE_EXPORTED_AND_RELOADED_NETWORK","0","Actual ports and nonzero-capable bound; not dispatch or simultaneous feasibility","true","[]","false","[""gas""]","238262c9d52e9d087d116799cbba0e3b5140aade7f64e6b8ebc02a448cd1419d","[""H2"",""co2 atmosphere""]"
"ID_Sulawesi0 2 SMR CC","ID","SMR CC","gas -> steam methane reforming with capture -> H2 + captured CO2","true","true","ACTUAL_COMPLETE_EXPORTED_AND_RELOADED_NETWORK","0","Actual ports and nonzero-capable bound; not dispatch or simultaneous feasibility","true","[]","false","[""gas""]","238262c9d52e9d087d116799cbba0e3b5140aade7f64e6b8ebc02a448cd1419d","[""H2"",""co2 atmosphere"",""co2 captured""]"
"ID_Sulawesi0 2 electrolysis","ID","H2 Electrolysis","electricity -> electrolysis -> H2","true","true","ACTUAL_COMPLETE_EXPORTED_AND_RELOADED_NETWORK","0","Actual ports and nonzero-capable bound; not dispatch or simultaneous feasibility","true","[]","false","[""AC""]","238262c9d52e9d087d116799cbba0e3b5140aade7f64e6b8ebc02a448cd1419d","[""H2""]"
"ID_Sulawesi0 2 fuel cell","ID","H2 Fuel Cell","H2 -> fuel cell -> electricity","true","true","ACTUAL_COMPLETE_EXPORTED_AND_RELOADED_NETWORK","0","Actual ports and nonzero-capable bound; not dispatch or simultaneous feasibility","true","[]","false","[""H2""]","238262c9d52e9d087d116799cbba0e3b5140aade7f64e6b8ebc02a448cd1419d","[""AC""]"
"ID_Sulawesi0 3 FT","ID","Fischer-Tropsch","H2 + CO2 + electricity -> FT -> oil","true","true","ACTUAL_COMPLETE_EXPORTED_AND_RELOADED_NETWORK","0","Actual ports and nonzero-capable bound; not dispatch or simultaneous feasibility","true","[""AgricultureFinalEnergy"",""DomesticAviationFuel"",""DomesticShippingFuel"",""IndustryFinalEnergy"",""InternationalAviationBunker"",""InternationalShippingBunker"",""RailNonElectric"",""ResidentialFuel"",""RoadResidualFuel"",""ServicesFuel""]","false","[""AC"",""H2"",""co2 captured""]","238262c9d52e9d087d116799cbba0e3b5140aade7f64e6b8ebc02a448cd1419d","[""oil""]"
"ID_Sulawesi0 3 SMR","ID","SMR","gas -> steam methane reforming -> H2","true","true","ACTUAL_COMPLETE_EXPORTED_AND_RELOADED_NETWORK","0","Actual ports and nonzero-capable bound; not dispatch or simultaneous feasibility","true","[]","false","[""gas""]","238262c9d52e9d087d116799cbba0e3b5140aade7f64e6b8ebc02a448cd1419d","[""H2"",""co2 atmosphere""]"
"ID_Sulawesi0 3 SMR CC","ID","SMR CC","gas -> steam methane reforming with capture -> H2 + captured CO2","true","true","ACTUAL_COMPLETE_EXPORTED_AND_RELOADED_NETWORK","0","Actual ports and nonzero-capable bound; not dispatch or simultaneous feasibility","true","[]","false","[""gas""]","238262c9d52e9d087d116799cbba0e3b5140aade7f64e6b8ebc02a448cd1419d","[""H2"",""co2 atmosphere"",""co2 captured""]"
"ID_Sulawesi0 3 electrolysis","ID","H2 Electrolysis","electricity -> electrolysis -> H2","true","true","ACTUAL_COMPLETE_EXPORTED_AND_RELOADED_NETWORK","0","Actual ports and nonzero-capable bound; not dispatch or simultaneous feasibility","true","[]","false","[""AC""]","238262c9d52e9d087d116799cbba0e3b5140aade7f64e6b8ebc02a448cd1419d","[""H2""]"
"ID_Sulawesi0 3 fuel cell","ID","H2 Fuel Cell","H2 -> fuel cell -> electricity","true","true","ACTUAL_COMPLETE_EXPORTED_AND_RELOADED_NETWORK","0","Actual ports and nonzero-capable bound; not dispatch or simultaneous feasibility","true","[]","false","[""H2""]","238262c9d52e9d087d116799cbba0e3b5140aade7f64e6b8ebc02a448cd1419d","[""AC""]"
"ID_Sulawesi0 4 FT","ID","Fischer-Tropsch","H2 + CO2 + electricity -> FT -> oil","true","true","ACTUAL_COMPLETE_EXPORTED_AND_RELOADED_NETWORK","0","Actual ports and nonzero-capable bound; not dispatch or simultaneous feasibility","true","[""AgricultureFinalEnergy"",""DomesticAviationFuel"",""DomesticShippingFuel"",""IndustryFinalEnergy"",""InternationalAviationBunker"",""InternationalShippingBunker"",""RailNonElectric"",""ResidentialFuel"",""RoadResidualFuel"",""ServicesFuel""]","false","[""AC"",""H2"",""co2 captured""]","238262c9d52e9d087d116799cbba0e3b5140aade7f64e6b8ebc02a448cd1419d","[""oil""]"
"ID_Sulawesi0 4 SMR","ID","SMR","gas -> steam methane reforming -> H2","true","true","ACTUAL_COMPLETE_EXPORTED_AND_RELOADED_NETWORK","0","Actual ports and nonzero-capable bound; not dispatch or simultaneous feasibility","true","[]","false","[""gas""]","238262c9d52e9d087d116799cbba0e3b5140aade7f64e6b8ebc02a448cd1419d","[""H2"",""co2 atmosphere""]"
"ID_Sulawesi0 4 SMR CC","ID","SMR CC","gas -> steam methane reforming with capture -> H2 + captured CO2","true","true","ACTUAL_COMPLETE_EXPORTED_AND_RELOADED_NETWORK","0","Actual ports and nonzero-capable bound; not dispatch or simultaneous feasibility","true","[]","false","[""gas""]","238262c9d52e9d087d116799cbba0e3b5140aade7f64e6b8ebc02a448cd1419d","[""H2"",""co2 atmosphere"",""co2 captured""]"
"ID_Sulawesi0 4 electrolysis","ID","H2 Electrolysis","electricity -> electrolysis -> H2","true","true","ACTUAL_COMPLETE_EXPORTED_AND_RELOADED_NETWORK","0","Actual ports and nonzero-capable bound; not dispatch or simultaneous feasibility","true","[]","false","[""AC""]","238262c9d52e9d087d116799cbba0e3b5140aade7f64e6b8ebc02a448cd1419d","[""H2""]"
"ID_Sulawesi0 4 fuel cell","ID","H2 Fuel Cell","H2 -> fuel cell -> electricity","true","true","ACTUAL_COMPLETE_EXPORTED_AND_RELOADED_NETWORK","0","Actual ports and nonzero-capable bound; not dispatch or simultaneous feasibility","true","[]","false","[""H2""]","238262c9d52e9d087d116799cbba0e3b5140aade7f64e6b8ebc02a448cd1419d","[""AC""]"
"ID_Sumatra2 0 FT","ID","Fischer-Tropsch","H2 + CO2 + electricity -> FT -> oil","true","true","ACTUAL_COMPLETE_EXPORTED_AND_RELOADED_NETWORK","0","Actual ports and nonzero-capable bound; not dispatch or simultaneous feasibility","true","[""AgricultureFinalEnergy"",""DomesticAviationFuel"",""DomesticShippingFuel"",""IndustryFinalEnergy"",""InternationalAviationBunker"",""InternationalShippingBunker"",""RailNonElectric"",""ResidentialFuel"",""RoadResidualFuel"",""ServicesFuel""]","false","[""AC"",""H2"",""co2 captured""]","238262c9d52e9d087d116799cbba0e3b5140aade7f64e6b8ebc02a448cd1419d","[""oil""]"
"ID_Sumatra2 0 SMR","ID","SMR","gas -> steam methane reforming -> H2","true","true","ACTUAL_COMPLETE_EXPORTED_AND_RELOADED_NETWORK","0","Actual ports and nonzero-capable bound; not dispatch or simultaneous feasibility","true","[]","false","[""gas""]","238262c9d52e9d087d116799cbba0e3b5140aade7f64e6b8ebc02a448cd1419d","[""H2"",""co2 atmosphere""]"
"ID_Sumatra2 0 SMR CC","ID","SMR CC","gas -> steam methane reforming with capture -> H2 + captured CO2","true","true","ACTUAL_COMPLETE_EXPORTED_AND_RELOADED_NETWORK","0","Actual ports and nonzero-capable bound; not dispatch or simultaneous feasibility","true","[]","false","[""gas""]","238262c9d52e9d087d116799cbba0e3b5140aade7f64e6b8ebc02a448cd1419d","[""H2"",""co2 atmosphere"",""co2 captured""]"
"ID_Sumatra2 0 electrolysis","ID","H2 Electrolysis","electricity -> electrolysis -> H2","true","true","ACTUAL_COMPLETE_EXPORTED_AND_RELOADED_NETWORK","0","Actual ports and nonzero-capable bound; not dispatch or simultaneous feasibility","true","[]","false","[""AC""]","238262c9d52e9d087d116799cbba0e3b5140aade7f64e6b8ebc02a448cd1419d","[""H2""]"
"ID_Sumatra2 0 fuel cell","ID","H2 Fuel Cell","H2 -> fuel cell -> electricity","true","true","ACTUAL_COMPLETE_EXPORTED_AND_RELOADED_NETWORK","0","Actual ports and nonzero-capable bound; not dispatch or simultaneous feasibility","true","[]","false","[""H2""]","238262c9d52e9d087d116799cbba0e3b5140aade7f64e6b8ebc02a448cd1419d","[""AC""]"
"ID_Sumatra3 0 FT","ID","Fischer-Tropsch","H2 + CO2 + electricity -> FT -> oil","true","true","ACTUAL_COMPLETE_EXPORTED_AND_RELOADED_NETWORK","0","Actual ports and nonzero-capable bound; not dispatch or simultaneous feasibility","true","[""AgricultureFinalEnergy"",""DomesticAviationFuel"",""DomesticShippingFuel"",""IndustryFinalEnergy"",""InternationalAviationBunker"",""InternationalShippingBunker"",""RailNonElectric"",""ResidentialFuel"",""RoadResidualFuel"",""ServicesFuel""]","false","[""AC"",""H2"",""co2 captured""]","238262c9d52e9d087d116799cbba0e3b5140aade7f64e6b8ebc02a448cd1419d","[""oil""]"
"ID_Sumatra3 0 SMR","ID","SMR","gas -> steam methane reforming -> H2","true","true","ACTUAL_COMPLETE_EXPORTED_AND_RELOADED_NETWORK","0","Actual ports and nonzero-capable bound; not dispatch or simultaneous feasibility","true","[]","false","[""gas""]","238262c9d52e9d087d116799cbba0e3b5140aade7f64e6b8ebc02a448cd1419d","[""H2"",""co2 atmosphere""]"
"ID_Sumatra3 0 SMR CC","ID","SMR CC","gas -> steam methane reforming with capture -> H2 + captured CO2","true","true","ACTUAL_COMPLETE_EXPORTED_AND_RELOADED_NETWORK","0","Actual ports and nonzero-capable bound; not dispatch or simultaneous feasibility","true","[]","false","[""gas""]","238262c9d52e9d087d116799cbba0e3b5140aade7f64e6b8ebc02a448cd1419d","[""H2"",""co2 atmosphere"",""co2 captured""]"
"ID_Sumatra3 0 electrolysis","ID","H2 Electrolysis","electricity -> electrolysis -> H2","true","true","ACTUAL_COMPLETE_EXPORTED_AND_RELOADED_NETWORK","0","Actual ports and nonzero-capable bound; not dispatch or simultaneous feasibility","true","[]","false","[""AC""]","238262c9d52e9d087d116799cbba0e3b5140aade7f64e6b8ebc02a448cd1419d","[""H2""]"
"ID_Sumatra3 0 fuel cell","ID","H2 Fuel Cell","H2 -> fuel cell -> electricity","true","true","ACTUAL_COMPLETE_EXPORTED_AND_RELOADED_NETWORK","0","Actual ports and nonzero-capable bound; not dispatch or simultaneous feasibility","true","[]","false","[""H2""]","238262c9d52e9d087d116799cbba0e3b5140aade7f64e6b8ebc02a448cd1419d","[""AC""]"
"ID_Sumatra3 1 FT","ID","Fischer-Tropsch","H2 + CO2 + electricity -> FT -> oil","true","true","ACTUAL_COMPLETE_EXPORTED_AND_RELOADED_NETWORK","0","Actual ports and nonzero-capable bound; not dispatch or simultaneous feasibility","true","[""AgricultureFinalEnergy"",""DomesticAviationFuel"",""DomesticShippingFuel"",""IndustryFinalEnergy"",""InternationalAviationBunker"",""InternationalShippingBunker"",""RailNonElectric"",""ResidentialFuel"",""RoadResidualFuel"",""ServicesFuel""]","false","[""AC"",""H2"",""co2 captured""]","238262c9d52e9d087d116799cbba0e3b5140aade7f64e6b8ebc02a448cd1419d","[""oil""]"
"ID_Sumatra3 1 SMR","ID","SMR","gas -> steam methane reforming -> H2","true","true","ACTUAL_COMPLETE_EXPORTED_AND_RELOADED_NETWORK","0","Actual ports and nonzero-capable bound; not dispatch or simultaneous feasibility","true","[]","false","[""gas""]","238262c9d52e9d087d116799cbba0e3b5140aade7f64e6b8ebc02a448cd1419d","[""H2"",""co2 atmosphere""]"
"ID_Sumatra3 1 SMR CC","ID","SMR CC","gas -> steam methane reforming with capture -> H2 + captured CO2","true","true","ACTUAL_COMPLETE_EXPORTED_AND_RELOADED_NETWORK","0","Actual ports and nonzero-capable bound; not dispatch or simultaneous feasibility","true","[]","false","[""gas""]","238262c9d52e9d087d116799cbba0e3b5140aade7f64e6b8ebc02a448cd1419d","[""H2"",""co2 atmosphere"",""co2 captured""]"
"ID_Sumatra3 1 electrolysis","ID","H2 Electrolysis","electricity -> electrolysis -> H2","true","true","ACTUAL_COMPLETE_EXPORTED_AND_RELOADED_NETWORK","0","Actual ports and nonzero-capable bound; not dispatch or simultaneous feasibility","true","[]","false","[""AC""]","238262c9d52e9d087d116799cbba0e3b5140aade7f64e6b8ebc02a448cd1419d","[""H2""]"
"ID_Sumatra3 1 fuel cell","ID","H2 Fuel Cell","H2 -> fuel cell -> electricity","true","true","ACTUAL_COMPLETE_EXPORTED_AND_RELOADED_NETWORK","0","Actual ports and nonzero-capable bound; not dispatch or simultaneous feasibility","true","[]","false","[""H2""]","238262c9d52e9d087d116799cbba0e3b5140aade7f64e6b8ebc02a448cd1419d","[""AC""]"
"ID_Sumatra3 2 FT","ID","Fischer-Tropsch","H2 + CO2 + electricity -> FT -> oil","true","true","ACTUAL_COMPLETE_EXPORTED_AND_RELOADED_NETWORK","0","Actual ports and nonzero-capable bound; not dispatch or simultaneous feasibility","true","[""AgricultureFinalEnergy"",""DomesticAviationFuel"",""DomesticShippingFuel"",""IndustryFinalEnergy"",""InternationalAviationBunker"",""InternationalShippingBunker"",""RailNonElectric"",""ResidentialFuel"",""RoadResidualFuel"",""ServicesFuel""]","false","[""AC"",""H2"",""co2 captured""]","238262c9d52e9d087d116799cbba0e3b5140aade7f64e6b8ebc02a448cd1419d","[""oil""]"
"ID_Sumatra3 2 SMR","ID","SMR","gas -> steam methane reforming -> H2","true","true","ACTUAL_COMPLETE_EXPORTED_AND_RELOADED_NETWORK","0","Actual ports and nonzero-capable bound; not dispatch or simultaneous feasibility","true","[]","false","[""gas""]","238262c9d52e9d087d116799cbba0e3b5140aade7f64e6b8ebc02a448cd1419d","[""H2"",""co2 atmosphere""]"
"ID_Sumatra3 2 SMR CC","ID","SMR CC","gas -> steam methane reforming with capture -> H2 + captured CO2","true","true","ACTUAL_COMPLETE_EXPORTED_AND_RELOADED_NETWORK","0","Actual ports and nonzero-capable bound; not dispatch or simultaneous feasibility","true","[]","false","[""gas""]","238262c9d52e9d087d116799cbba0e3b5140aade7f64e6b8ebc02a448cd1419d","[""H2"",""co2 atmosphere"",""co2 captured""]"
"ID_Sumatra3 2 electrolysis","ID","H2 Electrolysis","electricity -> electrolysis -> H2","true","true","ACTUAL_COMPLETE_EXPORTED_AND_RELOADED_NETWORK","0","Actual ports and nonzero-capable bound; not dispatch or simultaneous feasibility","true","[]","false","[""AC""]","238262c9d52e9d087d116799cbba0e3b5140aade7f64e6b8ebc02a448cd1419d","[""H2""]"
"ID_Sumatra3 2 fuel cell","ID","H2 Fuel Cell","H2 -> fuel cell -> electricity","true","true","ACTUAL_COMPLETE_EXPORTED_AND_RELOADED_NETWORK","0","Actual ports and nonzero-capable bound; not dispatch or simultaneous feasibility","true","[]","false","[""H2""]","238262c9d52e9d087d116799cbba0e3b5140aade7f64e6b8ebc02a448cd1419d","[""AC""]"
"ID_Sumatra3 3 FT","ID","Fischer-Tropsch","H2 + CO2 + electricity -> FT -> oil","true","true","ACTUAL_COMPLETE_EXPORTED_AND_RELOADED_NETWORK","0","Actual ports and nonzero-capable bound; not dispatch or simultaneous feasibility","true","[""AgricultureFinalEnergy"",""DomesticAviationFuel"",""DomesticShippingFuel"",""IndustryFinalEnergy"",""InternationalAviationBunker"",""InternationalShippingBunker"",""RailNonElectric"",""ResidentialFuel"",""RoadResidualFuel"",""ServicesFuel""]","false","[""AC"",""H2"",""co2 captured""]","238262c9d52e9d087d116799cbba0e3b5140aade7f64e6b8ebc02a448cd1419d","[""oil""]"
"ID_Sumatra3 3 SMR","ID","SMR","gas -> steam methane reforming -> H2","true","true","ACTUAL_COMPLETE_EXPORTED_AND_RELOADED_NETWORK","0","Actual ports and nonzero-capable bound; not dispatch or simultaneous feasibility","true","[]","false","[""gas""]","238262c9d52e9d087d116799cbba0e3b5140aade7f64e6b8ebc02a448cd1419d","[""H2"",""co2 atmosphere""]"
"ID_Sumatra3 3 SMR CC","ID","SMR CC","gas -> steam methane reforming with capture -> H2 + captured CO2","true","true","ACTUAL_COMPLETE_EXPORTED_AND_RELOADED_NETWORK","0","Actual ports and nonzero-capable bound; not dispatch or simultaneous feasibility","true","[]","false","[""gas""]","238262c9d52e9d087d116799cbba0e3b5140aade7f64e6b8ebc02a448cd1419d","[""H2"",""co2 atmosphere"",""co2 captured""]"
"ID_Sumatra3 3 electrolysis","ID","H2 Electrolysis","electricity -> electrolysis -> H2","true","true","ACTUAL_COMPLETE_EXPORTED_AND_RELOADED_NETWORK","0","Actual ports and nonzero-capable bound; not dispatch or simultaneous feasibility","true","[]","false","[""AC""]","238262c9d52e9d087d116799cbba0e3b5140aade7f64e6b8ebc02a448cd1419d","[""H2""]"
"ID_Sumatra3 3 fuel cell","ID","H2 Fuel Cell","H2 -> fuel cell -> electricity","true","true","ACTUAL_COMPLETE_EXPORTED_AND_RELOADED_NETWORK","0","Actual ports and nonzero-capable bound; not dispatch or simultaneous feasibility","true","[]","false","[""H2""]","238262c9d52e9d087d116799cbba0e3b5140aade7f64e6b8ebc02a448cd1419d","[""AC""]"
"ID_Sumatra3 4 FT","ID","Fischer-Tropsch","H2 + CO2 + electricity -> FT -> oil","true","true","ACTUAL_COMPLETE_EXPORTED_AND_RELOADED_NETWORK","0","Actual ports and nonzero-capable bound; not dispatch or simultaneous feasibility","true","[""AgricultureFinalEnergy"",""IndustryFinalEnergy"",""RailNonElectric"",""ResidentialFuel"",""RoadResidualFuel"",""ServicesFuel""]","false","[""AC"",""H2"",""co2 captured""]","238262c9d52e9d087d116799cbba0e3b5140aade7f64e6b8ebc02a448cd1419d","[""oil""]"
"ID_Sumatra3 4 SMR","ID","SMR","gas -> steam methane reforming -> H2","true","true","ACTUAL_COMPLETE_EXPORTED_AND_RELOADED_NETWORK","0","Actual ports and nonzero-capable bound; not dispatch or simultaneous feasibility","true","[]","false","[""gas""]","238262c9d52e9d087d116799cbba0e3b5140aade7f64e6b8ebc02a448cd1419d","[""H2"",""co2 atmosphere""]"
"ID_Sumatra3 4 SMR CC","ID","SMR CC","gas -> steam methane reforming with capture -> H2 + captured CO2","true","true","ACTUAL_COMPLETE_EXPORTED_AND_RELOADED_NETWORK","0","Actual ports and nonzero-capable bound; not dispatch or simultaneous feasibility","true","[]","false","[""gas""]","238262c9d52e9d087d116799cbba0e3b5140aade7f64e6b8ebc02a448cd1419d","[""H2"",""co2 atmosphere"",""co2 captured""]"
"ID_Sumatra3 4 electrolysis","ID","H2 Electrolysis","electricity -> electrolysis -> H2","true","true","ACTUAL_COMPLETE_EXPORTED_AND_RELOADED_NETWORK","0","Actual ports and nonzero-capable bound; not dispatch or simultaneous feasibility","true","[]","false","[""AC""]","238262c9d52e9d087d116799cbba0e3b5140aade7f64e6b8ebc02a448cd1419d","[""H2""]"
"ID_Sumatra3 4 fuel cell","ID","H2 Fuel Cell","H2 -> fuel cell -> electricity","true","true","ACTUAL_COMPLETE_EXPORTED_AND_RELOADED_NETWORK","0","Actual ports and nonzero-capable bound; not dispatch or simultaneous feasibility","true","[]","false","[""H2""]","238262c9d52e9d087d116799cbba0e3b5140aade7f64e6b8ebc02a448cd1419d","[""AC""]"
"ID_Sumatra3 5 FT","ID","Fischer-Tropsch","H2 + CO2 + electricity -> FT -> oil","true","true","ACTUAL_COMPLETE_EXPORTED_AND_RELOADED_NETWORK","0","Actual ports and nonzero-capable bound; not dispatch or simultaneous feasibility","true","[""AgricultureFinalEnergy"",""DomesticAviationFuel"",""IndustryFinalEnergy"",""InternationalAviationBunker"",""RailNonElectric"",""ResidentialFuel"",""RoadResidualFuel"",""ServicesFuel""]","false","[""AC"",""H2"",""co2 captured""]","238262c9d52e9d087d116799cbba0e3b5140aade7f64e6b8ebc02a448cd1419d","[""oil""]"
"ID_Sumatra3 5 SMR","ID","SMR","gas -> steam methane reforming -> H2","true","true","ACTUAL_COMPLETE_EXPORTED_AND_RELOADED_NETWORK","0","Actual ports and nonzero-capable bound; not dispatch or simultaneous feasibility","true","[]","false","[""gas""]","238262c9d52e9d087d116799cbba0e3b5140aade7f64e6b8ebc02a448cd1419d","[""H2"",""co2 atmosphere""]"
"ID_Sumatra3 5 SMR CC","ID","SMR CC","gas -> steam methane reforming with capture -> H2 + captured CO2","true","true","ACTUAL_COMPLETE_EXPORTED_AND_RELOADED_NETWORK","0","Actual ports and nonzero-capable bound; not dispatch or simultaneous feasibility","true","[]","false","[""gas""]","238262c9d52e9d087d116799cbba0e3b5140aade7f64e6b8ebc02a448cd1419d","[""H2"",""co2 atmosphere"",""co2 captured""]"
"ID_Sumatra3 5 electrolysis","ID","H2 Electrolysis","electricity -> electrolysis -> H2","true","true","ACTUAL_COMPLETE_EXPORTED_AND_RELOADED_NETWORK","0","Actual ports and nonzero-capable bound; not dispatch or simultaneous feasibility","true","[]","false","[""AC""]","238262c9d52e9d087d116799cbba0e3b5140aade7f64e6b8ebc02a448cd1419d","[""H2""]"
"ID_Sumatra3 5 fuel cell","ID","H2 Fuel Cell","H2 -> fuel cell -> electricity","true","true","ACTUAL_COMPLETE_EXPORTED_AND_RELOADED_NETWORK","0","Actual ports and nonzero-capable bound; not dispatch or simultaneous feasibility","true","[]","false","[""H2""]","238262c9d52e9d087d116799cbba0e3b5140aade7f64e6b8ebc02a448cd1419d","[""AC""]"
"KH2 0 FT","KH","Fischer-Tropsch","H2 + CO2 + electricity -> FT -> oil","true","true","ACTUAL_COMPLETE_EXPORTED_AND_RELOADED_NETWORK","0","Actual ports and nonzero-capable bound; not dispatch or simultaneous feasibility","true","[""AgricultureFinalEnergy"",""DomesticAviationFuel"",""DomesticShippingFuel"",""IndustryFinalEnergy"",""InternationalAviationBunker"",""OtherNEC"",""RailNonElectric"",""ResidentialFuel"",""RoadResidualFuel"",""ServicesFuel""]","false","[""AC"",""H2"",""co2 captured""]","238262c9d52e9d087d116799cbba0e3b5140aade7f64e6b8ebc02a448cd1419d","[""oil""]"
"KH2 0 SMR","KH","SMR","gas -> steam methane reforming -> H2","true","true","ACTUAL_COMPLETE_EXPORTED_AND_RELOADED_NETWORK","0","Actual ports and nonzero-capable bound; not dispatch or simultaneous feasibility","true","[]","false","[""gas""]","238262c9d52e9d087d116799cbba0e3b5140aade7f64e6b8ebc02a448cd1419d","[""H2"",""co2 atmosphere""]"
"KH2 0 SMR CC","KH","SMR CC","gas -> steam methane reforming with capture -> H2 + captured CO2","true","true","ACTUAL_COMPLETE_EXPORTED_AND_RELOADED_NETWORK","0","Actual ports and nonzero-capable bound; not dispatch or simultaneous feasibility","true","[]","false","[""gas""]","238262c9d52e9d087d116799cbba0e3b5140aade7f64e6b8ebc02a448cd1419d","[""H2"",""co2 atmosphere"",""co2 captured""]"
"KH2 0 electrolysis","KH","H2 Electrolysis","electricity -> electrolysis -> H2","true","true","ACTUAL_COMPLETE_EXPORTED_AND_RELOADED_NETWORK","0","Actual ports and nonzero-capable bound; not dispatch or simultaneous feasibility","true","[]","false","[""AC""]","238262c9d52e9d087d116799cbba0e3b5140aade7f64e6b8ebc02a448cd1419d","[""H2""]"
"KH2 0 fuel cell","KH","H2 Fuel Cell","H2 -> fuel cell -> electricity","true","true","ACTUAL_COMPLETE_EXPORTED_AND_RELOADED_NETWORK","0","Actual ports and nonzero-capable bound; not dispatch or simultaneous feasibility","true","[]","false","[""H2""]","238262c9d52e9d087d116799cbba0e3b5140aade7f64e6b8ebc02a448cd1419d","[""AC""]"
"KH2 1 FT","KH","Fischer-Tropsch","H2 + CO2 + electricity -> FT -> oil","true","true","ACTUAL_COMPLETE_EXPORTED_AND_RELOADED_NETWORK","0","Actual ports and nonzero-capable bound; not dispatch or simultaneous feasibility","true","[""AgricultureFinalEnergy"",""IndustryFinalEnergy"",""OtherNEC"",""RailNonElectric"",""ResidentialFuel"",""RoadResidualFuel"",""ServicesFuel""]","false","[""AC"",""H2"",""co2 captured""]","238262c9d52e9d087d116799cbba0e3b5140aade7f64e6b8ebc02a448cd1419d","[""oil""]"
"KH2 1 SMR","KH","SMR","gas -> steam methane reforming -> H2","true","true","ACTUAL_COMPLETE_EXPORTED_AND_RELOADED_NETWORK","0","Actual ports and nonzero-capable bound; not dispatch or simultaneous feasibility","true","[]","false","[""gas""]","238262c9d52e9d087d116799cbba0e3b5140aade7f64e6b8ebc02a448cd1419d","[""H2"",""co2 atmosphere""]"
"KH2 1 SMR CC","KH","SMR CC","gas -> steam methane reforming with capture -> H2 + captured CO2","true","true","ACTUAL_COMPLETE_EXPORTED_AND_RELOADED_NETWORK","0","Actual ports and nonzero-capable bound; not dispatch or simultaneous feasibility","true","[]","false","[""gas""]","238262c9d52e9d087d116799cbba0e3b5140aade7f64e6b8ebc02a448cd1419d","[""H2"",""co2 atmosphere"",""co2 captured""]"
"KH2 1 electrolysis","KH","H2 Electrolysis","electricity -> electrolysis -> H2","true","true","ACTUAL_COMPLETE_EXPORTED_AND_RELOADED_NETWORK","0","Actual ports and nonzero-capable bound; not dispatch or simultaneous feasibility","true","[]","false","[""AC""]","238262c9d52e9d087d116799cbba0e3b5140aade7f64e6b8ebc02a448cd1419d","[""H2""]"
"KH2 1 fuel cell","KH","H2 Fuel Cell","H2 -> fuel cell -> electricity","true","true","ACTUAL_COMPLETE_EXPORTED_AND_RELOADED_NETWORK","0","Actual ports and nonzero-capable bound; not dispatch or simultaneous feasibility","true","[]","false","[""H2""]","238262c9d52e9d087d116799cbba0e3b5140aade7f64e6b8ebc02a448cd1419d","[""AC""]"
"KH2 2 FT","KH","Fischer-Tropsch","H2 + CO2 + electricity -> FT -> oil","true","true","ACTUAL_COMPLETE_EXPORTED_AND_RELOADED_NETWORK","0","Actual ports and nonzero-capable bound; not dispatch or simultaneous feasibility","true","[""AgricultureFinalEnergy"",""DomesticAviationFuel"",""IndustryFinalEnergy"",""InternationalAviationBunker"",""OtherNEC"",""RailNonElectric"",""ResidentialFuel"",""RoadResidualFuel"",""ServicesFuel""]","false","[""AC"",""H2"",""co2 captured""]","238262c9d52e9d087d116799cbba0e3b5140aade7f64e6b8ebc02a448cd1419d","[""oil""]"
"KH2 2 SMR","KH","SMR","gas -> steam methane reforming -> H2","true","true","ACTUAL_COMPLETE_EXPORTED_AND_RELOADED_NETWORK","0","Actual ports and nonzero-capable bound; not dispatch or simultaneous feasibility","true","[]","false","[""gas""]","238262c9d52e9d087d116799cbba0e3b5140aade7f64e6b8ebc02a448cd1419d","[""H2"",""co2 atmosphere""]"
"KH2 2 SMR CC","KH","SMR CC","gas -> steam methane reforming with capture -> H2 + captured CO2","true","true","ACTUAL_COMPLETE_EXPORTED_AND_RELOADED_NETWORK","0","Actual ports and nonzero-capable bound; not dispatch or simultaneous feasibility","true","[]","false","[""gas""]","238262c9d52e9d087d116799cbba0e3b5140aade7f64e6b8ebc02a448cd1419d","[""H2"",""co2 atmosphere"",""co2 captured""]"
"KH2 2 electrolysis","KH","H2 Electrolysis","electricity -> electrolysis -> H2","true","true","ACTUAL_COMPLETE_EXPORTED_AND_RELOADED_NETWORK","0","Actual ports and nonzero-capable bound; not dispatch or simultaneous feasibility","true","[]","false","[""AC""]","238262c9d52e9d087d116799cbba0e3b5140aade7f64e6b8ebc02a448cd1419d","[""H2""]"
"KH2 2 fuel cell","KH","H2 Fuel Cell","H2 -> fuel cell -> electricity","true","true","ACTUAL_COMPLETE_EXPORTED_AND_RELOADED_NETWORK","0","Actual ports and nonzero-capable bound; not dispatch or simultaneous feasibility","true","[]","false","[""H2""]","238262c9d52e9d087d116799cbba0e3b5140aade7f64e6b8ebc02a448cd1419d","[""AC""]"
"KH2 3 FT","KH","Fischer-Tropsch","H2 + CO2 + electricity -> FT -> oil","true","true","ACTUAL_COMPLETE_EXPORTED_AND_RELOADED_NETWORK","0","Actual ports and nonzero-capable bound; not dispatch or simultaneous feasibility","true","[""AgricultureFinalEnergy"",""DomesticAviationFuel"",""IndustryFinalEnergy"",""InternationalAviationBunker"",""OtherNEC"",""RailNonElectric"",""ResidentialFuel"",""RoadResidualFuel"",""ServicesFuel""]","false","[""AC"",""H2"",""co2 captured""]","238262c9d52e9d087d116799cbba0e3b5140aade7f64e6b8ebc02a448cd1419d","[""oil""]"
"KH2 3 SMR","KH","SMR","gas -> steam methane reforming -> H2","true","true","ACTUAL_COMPLETE_EXPORTED_AND_RELOADED_NETWORK","0","Actual ports and nonzero-capable bound; not dispatch or simultaneous feasibility","true","[]","false","[""gas""]","238262c9d52e9d087d116799cbba0e3b5140aade7f64e6b8ebc02a448cd1419d","[""H2"",""co2 atmosphere""]"
"KH2 3 SMR CC","KH","SMR CC","gas -> steam methane reforming with capture -> H2 + captured CO2","true","true","ACTUAL_COMPLETE_EXPORTED_AND_RELOADED_NETWORK","0","Actual ports and nonzero-capable bound; not dispatch or simultaneous feasibility","true","[]","false","[""gas""]","238262c9d52e9d087d116799cbba0e3b5140aade7f64e6b8ebc02a448cd1419d","[""H2"",""co2 atmosphere"",""co2 captured""]"
"KH2 3 electrolysis","KH","H2 Electrolysis","electricity -> electrolysis -> H2","true","true","ACTUAL_COMPLETE_EXPORTED_AND_RELOADED_NETWORK","0","Actual ports and nonzero-capable bound; not dispatch or simultaneous feasibility","true","[]","false","[""AC""]","238262c9d52e9d087d116799cbba0e3b5140aade7f64e6b8ebc02a448cd1419d","[""H2""]"
"KH2 3 fuel cell","KH","H2 Fuel Cell","H2 -> fuel cell -> electricity","true","true","ACTUAL_COMPLETE_EXPORTED_AND_RELOADED_NETWORK","0","Actual ports and nonzero-capable bound; not dispatch or simultaneous feasibility","true","[]","false","[""H2""]","238262c9d52e9d087d116799cbba0e3b5140aade7f64e6b8ebc02a448cd1419d","[""AC""]"
"KH2 4 FT","KH","Fischer-Tropsch","H2 + CO2 + electricity -> FT -> oil","true","true","ACTUAL_COMPLETE_EXPORTED_AND_RELOADED_NETWORK","0","Actual ports and nonzero-capable bound; not dispatch or simultaneous feasibility","true","[""AgricultureFinalEnergy"",""DomesticAviationFuel"",""IndustryFinalEnergy"",""InternationalAviationBunker"",""OtherNEC"",""RailNonElectric"",""ResidentialFuel"",""RoadResidualFuel"",""ServicesFuel""]","false","[""AC"",""H2"",""co2 captured""]","238262c9d52e9d087d116799cbba0e3b5140aade7f64e6b8ebc02a448cd1419d","[""oil""]"
"KH2 4 SMR","KH","SMR","gas -> steam methane reforming -> H2","true","true","ACTUAL_COMPLETE_EXPORTED_AND_RELOADED_NETWORK","0","Actual ports and nonzero-capable bound; not dispatch or simultaneous feasibility","true","[]","false","[""gas""]","238262c9d52e9d087d116799cbba0e3b5140aade7f64e6b8ebc02a448cd1419d","[""H2"",""co2 atmosphere""]"
"KH2 4 SMR CC","KH","SMR CC","gas -> steam methane reforming with capture -> H2 + captured CO2","true","true","ACTUAL_COMPLETE_EXPORTED_AND_RELOADED_NETWORK","0","Actual ports and nonzero-capable bound; not dispatch or simultaneous feasibility","true","[]","false","[""gas""]","238262c9d52e9d087d116799cbba0e3b5140aade7f64e6b8ebc02a448cd1419d","[""H2"",""co2 atmosphere"",""co2 captured""]"
"KH2 4 electrolysis","KH","H2 Electrolysis","electricity -> electrolysis -> H2","true","true","ACTUAL_COMPLETE_EXPORTED_AND_RELOADED_NETWORK","0","Actual ports and nonzero-capable bound; not dispatch or simultaneous feasibility","true","[]","false","[""AC""]","238262c9d52e9d087d116799cbba0e3b5140aade7f64e6b8ebc02a448cd1419d","[""H2""]"
"KH2 4 fuel cell","KH","H2 Fuel Cell","H2 -> fuel cell -> electricity","true","true","ACTUAL_COMPLETE_EXPORTED_AND_RELOADED_NETWORK","0","Actual ports and nonzero-capable bound; not dispatch or simultaneous feasibility","true","[]","false","[""H2""]","238262c9d52e9d087d116799cbba0e3b5140aade7f64e6b8ebc02a448cd1419d","[""AC""]"
"LA2 0 FT","LA","Fischer-Tropsch","H2 + CO2 + electricity -> FT -> oil","true","true","ACTUAL_COMPLETE_EXPORTED_AND_RELOADED_NETWORK","0","Actual ports and nonzero-capable bound; not dispatch or simultaneous feasibility","true","[""AgricultureFinalEnergy"",""IndustryFinalEnergy"",""ResidentialFuel"",""RoadResidualFuel"",""ServicesFuel""]","false","[""AC"",""H2"",""co2 captured""]","238262c9d52e9d087d116799cbba0e3b5140aade7f64e6b8ebc02a448cd1419d","[""oil""]"
"LA2 0 SMR","LA","SMR","gas -> steam methane reforming -> H2","true","true","ACTUAL_COMPLETE_EXPORTED_AND_RELOADED_NETWORK","0","Actual ports and nonzero-capable bound; not dispatch or simultaneous feasibility","true","[]","false","[""gas""]","238262c9d52e9d087d116799cbba0e3b5140aade7f64e6b8ebc02a448cd1419d","[""H2"",""co2 atmosphere""]"
"LA2 0 SMR CC","LA","SMR CC","gas -> steam methane reforming with capture -> H2 + captured CO2","true","true","ACTUAL_COMPLETE_EXPORTED_AND_RELOADED_NETWORK","0","Actual ports and nonzero-capable bound; not dispatch or simultaneous feasibility","true","[]","false","[""gas""]","238262c9d52e9d087d116799cbba0e3b5140aade7f64e6b8ebc02a448cd1419d","[""H2"",""co2 atmosphere"",""co2 captured""]"
"LA2 0 electrolysis","LA","H2 Electrolysis","electricity -> electrolysis -> H2","true","true","ACTUAL_COMPLETE_EXPORTED_AND_RELOADED_NETWORK","0","Actual ports and nonzero-capable bound; not dispatch or simultaneous feasibility","true","[]","false","[""AC""]","238262c9d52e9d087d116799cbba0e3b5140aade7f64e6b8ebc02a448cd1419d","[""H2""]"
"LA2 0 fuel cell","LA","H2 Fuel Cell","H2 -> fuel cell -> electricity","true","true","ACTUAL_COMPLETE_EXPORTED_AND_RELOADED_NETWORK","0","Actual ports and nonzero-capable bound; not dispatch or simultaneous feasibility","true","[]","false","[""H2""]","238262c9d52e9d087d116799cbba0e3b5140aade7f64e6b8ebc02a448cd1419d","[""AC""]"
"LA2 1 FT","LA","Fischer-Tropsch","H2 + CO2 + electricity -> FT -> oil","true","true","ACTUAL_COMPLETE_EXPORTED_AND_RELOADED_NETWORK","0","Actual ports and nonzero-capable bound; not dispatch or simultaneous feasibility","true","[""AgricultureFinalEnergy"",""DomesticAviationFuel"",""IndustryFinalEnergy"",""InternationalAviationBunker"",""ResidentialFuel"",""RoadResidualFuel"",""ServicesFuel""]","false","[""AC"",""H2"",""co2 captured""]","238262c9d52e9d087d116799cbba0e3b5140aade7f64e6b8ebc02a448cd1419d","[""oil""]"
"LA2 1 SMR","LA","SMR","gas -> steam methane reforming -> H2","true","true","ACTUAL_COMPLETE_EXPORTED_AND_RELOADED_NETWORK","0","Actual ports and nonzero-capable bound; not dispatch or simultaneous feasibility","true","[]","false","[""gas""]","238262c9d52e9d087d116799cbba0e3b5140aade7f64e6b8ebc02a448cd1419d","[""H2"",""co2 atmosphere""]"
"LA2 1 SMR CC","LA","SMR CC","gas -> steam methane reforming with capture -> H2 + captured CO2","true","true","ACTUAL_COMPLETE_EXPORTED_AND_RELOADED_NETWORK","0","Actual ports and nonzero-capable bound; not dispatch or simultaneous feasibility","true","[]","false","[""gas""]","238262c9d52e9d087d116799cbba0e3b5140aade7f64e6b8ebc02a448cd1419d","[""H2"",""co2 atmosphere"",""co2 captured""]"
"LA2 1 electrolysis","LA","H2 Electrolysis","electricity -> electrolysis -> H2","true","true","ACTUAL_COMPLETE_EXPORTED_AND_RELOADED_NETWORK","0","Actual ports and nonzero-capable bound; not dispatch or simultaneous feasibility","true","[]","false","[""AC""]","238262c9d52e9d087d116799cbba0e3b5140aade7f64e6b8ebc02a448cd1419d","[""H2""]"
"LA2 1 fuel cell","LA","H2 Fuel Cell","H2 -> fuel cell -> electricity","true","true","ACTUAL_COMPLETE_EXPORTED_AND_RELOADED_NETWORK","0","Actual ports and nonzero-capable bound; not dispatch or simultaneous feasibility","true","[]","false","[""H2""]","238262c9d52e9d087d116799cbba0e3b5140aade7f64e6b8ebc02a448cd1419d","[""AC""]"
"LA2 2 FT","LA","Fischer-Tropsch","H2 + CO2 + electricity -> FT -> oil","true","true","ACTUAL_COMPLETE_EXPORTED_AND_RELOADED_NETWORK","0","Actual ports and nonzero-capable bound; not dispatch or simultaneous feasibility","true","[""AgricultureFinalEnergy"",""DomesticAviationFuel"",""IndustryFinalEnergy"",""InternationalAviationBunker"",""ResidentialFuel"",""RoadResidualFuel"",""ServicesFuel""]","false","[""AC"",""H2"",""co2 captured""]","238262c9d52e9d087d116799cbba0e3b5140aade7f64e6b8ebc02a448cd1419d","[""oil""]"
"LA2 2 SMR","LA","SMR","gas -> steam methane reforming -> H2","true","true","ACTUAL_COMPLETE_EXPORTED_AND_RELOADED_NETWORK","0","Actual ports and nonzero-capable bound; not dispatch or simultaneous feasibility","true","[]","false","[""gas""]","238262c9d52e9d087d116799cbba0e3b5140aade7f64e6b8ebc02a448cd1419d","[""H2"",""co2 atmosphere""]"
"LA2 2 SMR CC","LA","SMR CC","gas -> steam methane reforming with capture -> H2 + captured CO2","true","true","ACTUAL_COMPLETE_EXPORTED_AND_RELOADED_NETWORK","0","Actual ports and nonzero-capable bound; not dispatch or simultaneous feasibility","true","[]","false","[""gas""]","238262c9d52e9d087d116799cbba0e3b5140aade7f64e6b8ebc02a448cd1419d","[""H2"",""co2 atmosphere"",""co2 captured""]"
"LA2 2 electrolysis","LA","H2 Electrolysis","electricity -> electrolysis -> H2","true","true","ACTUAL_COMPLETE_EXPORTED_AND_RELOADED_NETWORK","0","Actual ports and nonzero-capable bound; not dispatch or simultaneous feasibility","true","[]","false","[""AC""]","238262c9d52e9d087d116799cbba0e3b5140aade7f64e6b8ebc02a448cd1419d","[""H2""]"
"LA2 2 fuel cell","LA","H2 Fuel Cell","H2 -> fuel cell -> electricity","true","true","ACTUAL_COMPLETE_EXPORTED_AND_RELOADED_NETWORK","0","Actual ports and nonzero-capable bound; not dispatch or simultaneous feasibility","true","[]","false","[""H2""]","238262c9d52e9d087d116799cbba0e3b5140aade7f64e6b8ebc02a448cd1419d","[""AC""]"
"LA2 3 FT","LA","Fischer-Tropsch","H2 + CO2 + electricity -> FT -> oil","true","true","ACTUAL_COMPLETE_EXPORTED_AND_RELOADED_NETWORK","0","Actual ports and nonzero-capable bound; not dispatch or simultaneous feasibility","true","[""AgricultureFinalEnergy"",""IndustryFinalEnergy"",""ResidentialFuel"",""RoadResidualFuel"",""ServicesFuel""]","false","[""AC"",""H2"",""co2 captured""]","238262c9d52e9d087d116799cbba0e3b5140aade7f64e6b8ebc02a448cd1419d","[""oil""]"
"LA2 3 SMR","LA","SMR","gas -> steam methane reforming -> H2","true","true","ACTUAL_COMPLETE_EXPORTED_AND_RELOADED_NETWORK","0","Actual ports and nonzero-capable bound; not dispatch or simultaneous feasibility","true","[]","false","[""gas""]","238262c9d52e9d087d116799cbba0e3b5140aade7f64e6b8ebc02a448cd1419d","[""H2"",""co2 atmosphere""]"
"LA2 3 SMR CC","LA","SMR CC","gas -> steam methane reforming with capture -> H2 + captured CO2","true","true","ACTUAL_COMPLETE_EXPORTED_AND_RELOADED_NETWORK","0","Actual ports and nonzero-capable bound; not dispatch or simultaneous feasibility","true","[]","false","[""gas""]","238262c9d52e9d087d116799cbba0e3b5140aade7f64e6b8ebc02a448cd1419d","[""H2"",""co2 atmosphere"",""co2 captured""]"
"LA2 3 electrolysis","LA","H2 Electrolysis","electricity -> electrolysis -> H2","true","true","ACTUAL_COMPLETE_EXPORTED_AND_RELOADED_NETWORK","0","Actual ports and nonzero-capable bound; not dispatch or simultaneous feasibility","true","[]","false","[""AC""]","238262c9d52e9d087d116799cbba0e3b5140aade7f64e6b8ebc02a448cd1419d","[""H2""]"
"LA2 3 fuel cell","LA","H2 Fuel Cell","H2 -> fuel cell -> electricity","true","true","ACTUAL_COMPLETE_EXPORTED_AND_RELOADED_NETWORK","0","Actual ports and nonzero-capable bound; not dispatch or simultaneous feasibility","true","[]","false","[""H2""]","238262c9d52e9d087d116799cbba0e3b5140aade7f64e6b8ebc02a448cd1419d","[""AC""]"
"LA2 4 FT","LA","Fischer-Tropsch","H2 + CO2 + electricity -> FT -> oil","true","true","ACTUAL_COMPLETE_EXPORTED_AND_RELOADED_NETWORK","0","Actual ports and nonzero-capable bound; not dispatch or simultaneous feasibility","true","[""AgricultureFinalEnergy"",""DomesticAviationFuel"",""IndustryFinalEnergy"",""InternationalAviationBunker"",""ResidentialFuel"",""RoadResidualFuel"",""ServicesFuel""]","false","[""AC"",""H2"",""co2 captured""]","238262c9d52e9d087d116799cbba0e3b5140aade7f64e6b8ebc02a448cd1419d","[""oil""]"
"LA2 4 SMR","LA","SMR","gas -> steam methane reforming -> H2","true","true","ACTUAL_COMPLETE_EXPORTED_AND_RELOADED_NETWORK","0","Actual ports and nonzero-capable bound; not dispatch or simultaneous feasibility","true","[]","false","[""gas""]","238262c9d52e9d087d116799cbba0e3b5140aade7f64e6b8ebc02a448cd1419d","[""H2"",""co2 atmosphere""]"
"LA2 4 SMR CC","LA","SMR CC","gas -> steam methane reforming with capture -> H2 + captured CO2","true","true","ACTUAL_COMPLETE_EXPORTED_AND_RELOADED_NETWORK","0","Actual ports and nonzero-capable bound; not dispatch or simultaneous feasibility","true","[]","false","[""gas""]","238262c9d52e9d087d116799cbba0e3b5140aade7f64e6b8ebc02a448cd1419d","[""H2"",""co2 atmosphere"",""co2 captured""]"
"LA2 4 electrolysis","LA","H2 Electrolysis","electricity -> electrolysis -> H2","true","true","ACTUAL_COMPLETE_EXPORTED_AND_RELOADED_NETWORK","0","Actual ports and nonzero-capable bound; not dispatch or simultaneous feasibility","true","[]","false","[""AC""]","238262c9d52e9d087d116799cbba0e3b5140aade7f64e6b8ebc02a448cd1419d","[""H2""]"
"LA2 4 fuel cell","LA","H2 Fuel Cell","H2 -> fuel cell -> electricity","true","true","ACTUAL_COMPLETE_EXPORTED_AND_RELOADED_NETWORK","0","Actual ports and nonzero-capable bound; not dispatch or simultaneous feasibility","true","[]","false","[""H2""]","238262c9d52e9d087d116799cbba0e3b5140aade7f64e6b8ebc02a448cd1419d","[""AC""]"
"LA2 5 FT","LA","Fischer-Tropsch","H2 + CO2 + electricity -> FT -> oil","true","true","ACTUAL_COMPLETE_EXPORTED_AND_RELOADED_NETWORK","0","Actual ports and nonzero-capable bound; not dispatch or simultaneous feasibility","true","[""AgricultureFinalEnergy"",""DomesticAviationFuel"",""IndustryFinalEnergy"",""InternationalAviationBunker"",""ResidentialFuel"",""RoadResidualFuel"",""ServicesFuel""]","false","[""AC"",""H2"",""co2 captured""]","238262c9d52e9d087d116799cbba0e3b5140aade7f64e6b8ebc02a448cd1419d","[""oil""]"
"LA2 5 SMR","LA","SMR","gas -> steam methane reforming -> H2","true","true","ACTUAL_COMPLETE_EXPORTED_AND_RELOADED_NETWORK","0","Actual ports and nonzero-capable bound; not dispatch or simultaneous feasibility","true","[]","false","[""gas""]","238262c9d52e9d087d116799cbba0e3b5140aade7f64e6b8ebc02a448cd1419d","[""H2"",""co2 atmosphere""]"
"LA2 5 SMR CC","LA","SMR CC","gas -> steam methane reforming with capture -> H2 + captured CO2","true","true","ACTUAL_COMPLETE_EXPORTED_AND_RELOADED_NETWORK","0","Actual ports and nonzero-capable bound; not dispatch or simultaneous feasibility","true","[]","false","[""gas""]","238262c9d52e9d087d116799cbba0e3b5140aade7f64e6b8ebc02a448cd1419d","[""H2"",""co2 atmosphere"",""co2 captured""]"
"LA2 5 electrolysis","LA","H2 Electrolysis","electricity -> electrolysis -> H2","true","true","ACTUAL_COMPLETE_EXPORTED_AND_RELOADED_NETWORK","0","Actual ports and nonzero-capable bound; not dispatch or simultaneous feasibility","true","[]","false","[""AC""]","238262c9d52e9d087d116799cbba0e3b5140aade7f64e6b8ebc02a448cd1419d","[""H2""]"
"LA2 5 fuel cell","LA","H2 Fuel Cell","H2 -> fuel cell -> electricity","true","true","ACTUAL_COMPLETE_EXPORTED_AND_RELOADED_NETWORK","0","Actual ports and nonzero-capable bound; not dispatch or simultaneous feasibility","true","[]","false","[""H2""]","238262c9d52e9d087d116799cbba0e3b5140aade7f64e6b8ebc02a448cd1419d","[""AC""]"
"MM2 0 FT","MM","Fischer-Tropsch","H2 + CO2 + electricity -> FT -> oil","true","true","ACTUAL_COMPLETE_EXPORTED_AND_RELOADED_NETWORK","0","Actual ports and nonzero-capable bound; not dispatch or simultaneous feasibility","true","[""AgricultureFinalEnergy"",""DomesticAviationFuel"",""IndustryFinalEnergy"",""InternationalAviationBunker"",""OtherNEC"",""RailNonElectric"",""ResidentialFuel"",""RoadResidualFuel"",""ServicesFuel""]","false","[""AC"",""H2"",""co2 captured""]","238262c9d52e9d087d116799cbba0e3b5140aade7f64e6b8ebc02a448cd1419d","[""oil""]"
"MM2 0 SMR","MM","SMR","gas -> steam methane reforming -> H2","true","true","ACTUAL_COMPLETE_EXPORTED_AND_RELOADED_NETWORK","0","Actual ports and nonzero-capable bound; not dispatch or simultaneous feasibility","true","[]","false","[""gas""]","238262c9d52e9d087d116799cbba0e3b5140aade7f64e6b8ebc02a448cd1419d","[""H2"",""co2 atmosphere""]"
"MM2 0 SMR CC","MM","SMR CC","gas -> steam methane reforming with capture -> H2 + captured CO2","true","true","ACTUAL_COMPLETE_EXPORTED_AND_RELOADED_NETWORK","0","Actual ports and nonzero-capable bound; not dispatch or simultaneous feasibility","true","[]","false","[""gas""]","238262c9d52e9d087d116799cbba0e3b5140aade7f64e6b8ebc02a448cd1419d","[""H2"",""co2 atmosphere"",""co2 captured""]"
"MM2 0 electrolysis","MM","H2 Electrolysis","electricity -> electrolysis -> H2","true","true","ACTUAL_COMPLETE_EXPORTED_AND_RELOADED_NETWORK","0","Actual ports and nonzero-capable bound; not dispatch or simultaneous feasibility","true","[]","false","[""AC""]","238262c9d52e9d087d116799cbba0e3b5140aade7f64e6b8ebc02a448cd1419d","[""H2""]"
"MM2 0 fuel cell","MM","H2 Fuel Cell","H2 -> fuel cell -> electricity","true","true","ACTUAL_COMPLETE_EXPORTED_AND_RELOADED_NETWORK","0","Actual ports and nonzero-capable bound; not dispatch or simultaneous feasibility","true","[]","false","[""H2""]","238262c9d52e9d087d116799cbba0e3b5140aade7f64e6b8ebc02a448cd1419d","[""AC""]"
"MM2 1 FT","MM","Fischer-Tropsch","H2 + CO2 + electricity -> FT -> oil","true","true","ACTUAL_COMPLETE_EXPORTED_AND_RELOADED_NETWORK","0","Actual ports and nonzero-capable bound; not dispatch or simultaneous feasibility","true","[""AgricultureFinalEnergy"",""DomesticAviationFuel"",""IndustryFinalEnergy"",""InternationalAviationBunker"",""InternationalShippingBunker"",""OtherNEC"",""RailNonElectric"",""ResidentialFuel"",""RoadResidualFuel"",""ServicesFuel""]","false","[""AC"",""H2"",""co2 captured""]","238262c9d52e9d087d116799cbba0e3b5140aade7f64e6b8ebc02a448cd1419d","[""oil""]"
"MM2 1 SMR","MM","SMR","gas -> steam methane reforming -> H2","true","true","ACTUAL_COMPLETE_EXPORTED_AND_RELOADED_NETWORK","0","Actual ports and nonzero-capable bound; not dispatch or simultaneous feasibility","true","[]","false","[""gas""]","238262c9d52e9d087d116799cbba0e3b5140aade7f64e6b8ebc02a448cd1419d","[""H2"",""co2 atmosphere""]"
"MM2 1 SMR CC","MM","SMR CC","gas -> steam methane reforming with capture -> H2 + captured CO2","true","true","ACTUAL_COMPLETE_EXPORTED_AND_RELOADED_NETWORK","0","Actual ports and nonzero-capable bound; not dispatch or simultaneous feasibility","true","[]","false","[""gas""]","238262c9d52e9d087d116799cbba0e3b5140aade7f64e6b8ebc02a448cd1419d","[""H2"",""co2 atmosphere"",""co2 captured""]"
"MM2 1 electrolysis","MM","H2 Electrolysis","electricity -> electrolysis -> H2","true","true","ACTUAL_COMPLETE_EXPORTED_AND_RELOADED_NETWORK","0","Actual ports and nonzero-capable bound; not dispatch or simultaneous feasibility","true","[]","false","[""AC""]","238262c9d52e9d087d116799cbba0e3b5140aade7f64e6b8ebc02a448cd1419d","[""H2""]"
"MM2 1 fuel cell","MM","H2 Fuel Cell","H2 -> fuel cell -> electricity","true","true","ACTUAL_COMPLETE_EXPORTED_AND_RELOADED_NETWORK","0","Actual ports and nonzero-capable bound; not dispatch or simultaneous feasibility","true","[]","false","[""H2""]","238262c9d52e9d087d116799cbba0e3b5140aade7f64e6b8ebc02a448cd1419d","[""AC""]"
"MM2 10 FT","MM","Fischer-Tropsch","H2 + CO2 + electricity -> FT -> oil","true","true","ACTUAL_COMPLETE_EXPORTED_AND_RELOADED_NETWORK","0","Actual ports and nonzero-capable bound; not dispatch or simultaneous feasibility","true","[""AgricultureFinalEnergy"",""IndustryFinalEnergy"",""OtherNEC"",""RailNonElectric"",""ResidentialFuel"",""RoadResidualFuel"",""ServicesFuel""]","false","[""AC"",""H2"",""co2 captured""]","238262c9d52e9d087d116799cbba0e3b5140aade7f64e6b8ebc02a448cd1419d","[""oil""]"
"MM2 10 SMR","MM","SMR","gas -> steam methane reforming -> H2","true","true","ACTUAL_COMPLETE_EXPORTED_AND_RELOADED_NETWORK","0","Actual ports and nonzero-capable bound; not dispatch or simultaneous feasibility","true","[]","false","[""gas""]","238262c9d52e9d087d116799cbba0e3b5140aade7f64e6b8ebc02a448cd1419d","[""H2"",""co2 atmosphere""]"
"MM2 10 SMR CC","MM","SMR CC","gas -> steam methane reforming with capture -> H2 + captured CO2","true","true","ACTUAL_COMPLETE_EXPORTED_AND_RELOADED_NETWORK","0","Actual ports and nonzero-capable bound; not dispatch or simultaneous feasibility","true","[]","false","[""gas""]","238262c9d52e9d087d116799cbba0e3b5140aade7f64e6b8ebc02a448cd1419d","[""H2"",""co2 atmosphere"",""co2 captured""]"
"MM2 10 electrolysis","MM","H2 Electrolysis","electricity -> electrolysis -> H2","true","true","ACTUAL_COMPLETE_EXPORTED_AND_RELOADED_NETWORK","0","Actual ports and nonzero-capable bound; not dispatch or simultaneous feasibility","true","[]","false","[""AC""]","238262c9d52e9d087d116799cbba0e3b5140aade7f64e6b8ebc02a448cd1419d","[""H2""]"
"MM2 10 fuel cell","MM","H2 Fuel Cell","H2 -> fuel cell -> electricity","true","true","ACTUAL_COMPLETE_EXPORTED_AND_RELOADED_NETWORK","0","Actual ports and nonzero-capable bound; not dispatch or simultaneous feasibility","true","[]","false","[""H2""]","238262c9d52e9d087d116799cbba0e3b5140aade7f64e6b8ebc02a448cd1419d","[""AC""]"
"MM2 11 FT","MM","Fischer-Tropsch","H2 + CO2 + electricity -> FT -> oil","true","true","ACTUAL_COMPLETE_EXPORTED_AND_RELOADED_NETWORK","0","Actual ports and nonzero-capable bound; not dispatch or simultaneous feasibility","true","[""AgricultureFinalEnergy"",""IndustryFinalEnergy"",""InternationalShippingBunker"",""OtherNEC"",""RailNonElectric"",""ResidentialFuel"",""RoadResidualFuel"",""ServicesFuel""]","false","[""AC"",""H2"",""co2 captured""]","238262c9d52e9d087d116799cbba0e3b5140aade7f64e6b8ebc02a448cd1419d","[""oil""]"
"MM2 11 SMR","MM","SMR","gas -> steam methane reforming -> H2","true","true","ACTUAL_COMPLETE_EXPORTED_AND_RELOADED_NETWORK","0","Actual ports and nonzero-capable bound; not dispatch or simultaneous feasibility","true","[]","false","[""gas""]","238262c9d52e9d087d116799cbba0e3b5140aade7f64e6b8ebc02a448cd1419d","[""H2"",""co2 atmosphere""]"
"MM2 11 SMR CC","MM","SMR CC","gas -> steam methane reforming with capture -> H2 + captured CO2","true","true","ACTUAL_COMPLETE_EXPORTED_AND_RELOADED_NETWORK","0","Actual ports and nonzero-capable bound; not dispatch or simultaneous feasibility","true","[]","false","[""gas""]","238262c9d52e9d087d116799cbba0e3b5140aade7f64e6b8ebc02a448cd1419d","[""H2"",""co2 atmosphere"",""co2 captured""]"
"MM2 11 electrolysis","MM","H2 Electrolysis","electricity -> electrolysis -> H2","true","true","ACTUAL_COMPLETE_EXPORTED_AND_RELOADED_NETWORK","0","Actual ports and nonzero-capable bound; not dispatch or simultaneous feasibility","true","[]","false","[""AC""]","238262c9d52e9d087d116799cbba0e3b5140aade7f64e6b8ebc02a448cd1419d","[""H2""]"
"MM2 11 fuel cell","MM","H2 Fuel Cell","H2 -> fuel cell -> electricity","true","true","ACTUAL_COMPLETE_EXPORTED_AND_RELOADED_NETWORK","0","Actual ports and nonzero-capable bound; not dispatch or simultaneous feasibility","true","[]","false","[""H2""]","238262c9d52e9d087d116799cbba0e3b5140aade7f64e6b8ebc02a448cd1419d","[""AC""]"
"MM2 12 FT","MM","Fischer-Tropsch","H2 + CO2 + electricity -> FT -> oil","true","true","ACTUAL_COMPLETE_EXPORTED_AND_RELOADED_NETWORK","0","Actual ports and nonzero-capable bound; not dispatch or simultaneous feasibility","true","[""AgricultureFinalEnergy"",""IndustryFinalEnergy"",""OtherNEC"",""RailNonElectric"",""ResidentialFuel"",""RoadResidualFuel"",""ServicesFuel""]","false","[""AC"",""H2"",""co2 captured""]","238262c9d52e9d087d116799cbba0e3b5140aade7f64e6b8ebc02a448cd1419d","[""oil""]"
"MM2 12 SMR","MM","SMR","gas -> steam methane reforming -> H2","true","true","ACTUAL_COMPLETE_EXPORTED_AND_RELOADED_NETWORK","0","Actual ports and nonzero-capable bound; not dispatch or simultaneous feasibility","true","[]","false","[""gas""]","238262c9d52e9d087d116799cbba0e3b5140aade7f64e6b8ebc02a448cd1419d","[""H2"",""co2 atmosphere""]"
"MM2 12 SMR CC","MM","SMR CC","gas -> steam methane reforming with capture -> H2 + captured CO2","true","true","ACTUAL_COMPLETE_EXPORTED_AND_RELOADED_NETWORK","0","Actual ports and nonzero-capable bound; not dispatch or simultaneous feasibility","true","[]","false","[""gas""]","238262c9d52e9d087d116799cbba0e3b5140aade7f64e6b8ebc02a448cd1419d","[""H2"",""co2 atmosphere"",""co2 captured""]"
"MM2 12 electrolysis","MM","H2 Electrolysis","electricity -> electrolysis -> H2","true","true","ACTUAL_COMPLETE_EXPORTED_AND_RELOADED_NETWORK","0","Actual ports and nonzero-capable bound; not dispatch or simultaneous feasibility","true","[]","false","[""AC""]","238262c9d52e9d087d116799cbba0e3b5140aade7f64e6b8ebc02a448cd1419d","[""H2""]"
"MM2 12 fuel cell","MM","H2 Fuel Cell","H2 -> fuel cell -> electricity","true","true","ACTUAL_COMPLETE_EXPORTED_AND_RELOADED_NETWORK","0","Actual ports and nonzero-capable bound; not dispatch or simultaneous feasibility","true","[]","false","[""H2""]","238262c9d52e9d087d116799cbba0e3b5140aade7f64e6b8ebc02a448cd1419d","[""AC""]"
"MM2 13 FT","MM","Fischer-Tropsch","H2 + CO2 + electricity -> FT -> oil","true","true","ACTUAL_COMPLETE_EXPORTED_AND_RELOADED_NETWORK","0","Actual ports and nonzero-capable bound; not dispatch or simultaneous feasibility","true","[""AgricultureFinalEnergy"",""DomesticAviationFuel"",""IndustryFinalEnergy"",""InternationalAviationBunker"",""OtherNEC"",""RailNonElectric"",""ResidentialFuel"",""RoadResidualFuel"",""ServicesFuel""]","false","[""AC"",""H2"",""co2 captured""]","238262c9d52e9d087d116799cbba0e3b5140aade7f64e6b8ebc02a448cd1419d","[""oil""]"
"MM2 13 SMR","MM","SMR","gas -> steam methane reforming -> H2","true","true","ACTUAL_COMPLETE_EXPORTED_AND_RELOADED_NETWORK","0","Actual ports and nonzero-capable bound; not dispatch or simultaneous feasibility","true","[]","false","[""gas""]","238262c9d52e9d087d116799cbba0e3b5140aade7f64e6b8ebc02a448cd1419d","[""H2"",""co2 atmosphere""]"
"MM2 13 SMR CC","MM","SMR CC","gas -> steam methane reforming with capture -> H2 + captured CO2","true","true","ACTUAL_COMPLETE_EXPORTED_AND_RELOADED_NETWORK","0","Actual ports and nonzero-capable bound; not dispatch or simultaneous feasibility","true","[]","false","[""gas""]","238262c9d52e9d087d116799cbba0e3b5140aade7f64e6b8ebc02a448cd1419d","[""H2"",""co2 atmosphere"",""co2 captured""]"
"MM2 13 electrolysis","MM","H2 Electrolysis","electricity -> electrolysis -> H2","true","true","ACTUAL_COMPLETE_EXPORTED_AND_RELOADED_NETWORK","0","Actual ports and nonzero-capable bound; not dispatch or simultaneous feasibility","true","[]","false","[""AC""]","238262c9d52e9d087d116799cbba0e3b5140aade7f64e6b8ebc02a448cd1419d","[""H2""]"
"MM2 13 fuel cell","MM","H2 Fuel Cell","H2 -> fuel cell -> electricity","true","true","ACTUAL_COMPLETE_EXPORTED_AND_RELOADED_NETWORK","0","Actual ports and nonzero-capable bound; not dispatch or simultaneous feasibility","true","[]","false","[""H2""]","238262c9d52e9d087d116799cbba0e3b5140aade7f64e6b8ebc02a448cd1419d","[""AC""]"
"MM2 14 FT","MM","Fischer-Tropsch","H2 + CO2 + electricity -> FT -> oil","true","true","ACTUAL_COMPLETE_EXPORTED_AND_RELOADED_NETWORK","0","Actual ports and nonzero-capable bound; not dispatch or simultaneous feasibility","true","[""AgricultureFinalEnergy"",""IndustryFinalEnergy"",""OtherNEC"",""RailNonElectric"",""ResidentialFuel"",""RoadResidualFuel"",""ServicesFuel""]","false","[""AC"",""H2"",""co2 captured""]","238262c9d52e9d087d116799cbba0e3b5140aade7f64e6b8ebc02a448cd1419d","[""oil""]"
"MM2 14 SMR","MM","SMR","gas -> steam methane reforming -> H2","true","true","ACTUAL_COMPLETE_EXPORTED_AND_RELOADED_NETWORK","0","Actual ports and nonzero-capable bound; not dispatch or simultaneous feasibility","true","[]","false","[""gas""]","238262c9d52e9d087d116799cbba0e3b5140aade7f64e6b8ebc02a448cd1419d","[""H2"",""co2 atmosphere""]"
"MM2 14 SMR CC","MM","SMR CC","gas -> steam methane reforming with capture -> H2 + captured CO2","true","true","ACTUAL_COMPLETE_EXPORTED_AND_RELOADED_NETWORK","0","Actual ports and nonzero-capable bound; not dispatch or simultaneous feasibility","true","[]","false","[""gas""]","238262c9d52e9d087d116799cbba0e3b5140aade7f64e6b8ebc02a448cd1419d","[""H2"",""co2 atmosphere"",""co2 captured""]"
"MM2 14 electrolysis","MM","H2 Electrolysis","electricity -> electrolysis -> H2","true","true","ACTUAL_COMPLETE_EXPORTED_AND_RELOADED_NETWORK","0","Actual ports and nonzero-capable bound; not dispatch or simultaneous feasibility","true","[]","false","[""AC""]","238262c9d52e9d087d116799cbba0e3b5140aade7f64e6b8ebc02a448cd1419d","[""H2""]"
"MM2 14 fuel cell","MM","H2 Fuel Cell","H2 -> fuel cell -> electricity","true","true","ACTUAL_COMPLETE_EXPORTED_AND_RELOADED_NETWORK","0","Actual ports and nonzero-capable bound; not dispatch or simultaneous feasibility","true","[]","false","[""H2""]","238262c9d52e9d087d116799cbba0e3b5140aade7f64e6b8ebc02a448cd1419d","[""AC""]"
"MM2 15 FT","MM","Fischer-Tropsch","H2 + CO2 + electricity -> FT -> oil","true","true","ACTUAL_COMPLETE_EXPORTED_AND_RELOADED_NETWORK","0","Actual ports and nonzero-capable bound; not dispatch or simultaneous feasibility","true","[""AgricultureFinalEnergy"",""IndustryFinalEnergy"",""OtherNEC"",""RailNonElectric"",""ResidentialFuel"",""RoadResidualFuel"",""ServicesFuel""]","false","[""AC"",""H2"",""co2 captured""]","238262c9d52e9d087d116799cbba0e3b5140aade7f64e6b8ebc02a448cd1419d","[""oil""]"
"MM2 15 SMR","MM","SMR","gas -> steam methane reforming -> H2","true","true","ACTUAL_COMPLETE_EXPORTED_AND_RELOADED_NETWORK","0","Actual ports and nonzero-capable bound; not dispatch or simultaneous feasibility","true","[]","false","[""gas""]","238262c9d52e9d087d116799cbba0e3b5140aade7f64e6b8ebc02a448cd1419d","[""H2"",""co2 atmosphere""]"
"MM2 15 SMR CC","MM","SMR CC","gas -> steam methane reforming with capture -> H2 + captured CO2","true","true","ACTUAL_COMPLETE_EXPORTED_AND_RELOADED_NETWORK","0","Actual ports and nonzero-capable bound; not dispatch or simultaneous feasibility","true","[]","false","[""gas""]","238262c9d52e9d087d116799cbba0e3b5140aade7f64e6b8ebc02a448cd1419d","[""H2"",""co2 atmosphere"",""co2 captured""]"
"MM2 15 electrolysis","MM","H2 Electrolysis","electricity -> electrolysis -> H2","true","true","ACTUAL_COMPLETE_EXPORTED_AND_RELOADED_NETWORK","0","Actual ports and nonzero-capable bound; not dispatch or simultaneous feasibility","true","[]","false","[""AC""]","238262c9d52e9d087d116799cbba0e3b5140aade7f64e6b8ebc02a448cd1419d","[""H2""]"
"MM2 15 fuel cell","MM","H2 Fuel Cell","H2 -> fuel cell -> electricity","true","true","ACTUAL_COMPLETE_EXPORTED_AND_RELOADED_NETWORK","0","Actual ports and nonzero-capable bound; not dispatch or simultaneous feasibility","true","[]","false","[""H2""]","238262c9d52e9d087d116799cbba0e3b5140aade7f64e6b8ebc02a448cd1419d","[""AC""]"
"MM2 16 FT","MM","Fischer-Tropsch","H2 + CO2 + electricity -> FT -> oil","true","true","ACTUAL_COMPLETE_EXPORTED_AND_RELOADED_NETWORK","0","Actual ports and nonzero-capable bound; not dispatch or simultaneous feasibility","true","[""AgricultureFinalEnergy"",""DomesticAviationFuel"",""IndustryFinalEnergy"",""InternationalAviationBunker"",""InternationalShippingBunker"",""OtherNEC"",""RailNonElectric"",""ResidentialFuel"",""RoadResidualFuel"",""ServicesFuel""]","false","[""AC"",""H2"",""co2 captured""]","238262c9d52e9d087d116799cbba0e3b5140aade7f64e6b8ebc02a448cd1419d","[""oil""]"
"MM2 16 SMR","MM","SMR","gas -> steam methane reforming -> H2","true","true","ACTUAL_COMPLETE_EXPORTED_AND_RELOADED_NETWORK","0","Actual ports and nonzero-capable bound; not dispatch or simultaneous feasibility","true","[]","false","[""gas""]","238262c9d52e9d087d116799cbba0e3b5140aade7f64e6b8ebc02a448cd1419d","[""H2"",""co2 atmosphere""]"
"MM2 16 SMR CC","MM","SMR CC","gas -> steam methane reforming with capture -> H2 + captured CO2","true","true","ACTUAL_COMPLETE_EXPORTED_AND_RELOADED_NETWORK","0","Actual ports and nonzero-capable bound; not dispatch or simultaneous feasibility","true","[]","false","[""gas""]","238262c9d52e9d087d116799cbba0e3b5140aade7f64e6b8ebc02a448cd1419d","[""H2"",""co2 atmosphere"",""co2 captured""]"
"MM2 16 electrolysis","MM","H2 Electrolysis","electricity -> electrolysis -> H2","true","true","ACTUAL_COMPLETE_EXPORTED_AND_RELOADED_NETWORK","0","Actual ports and nonzero-capable bound; not dispatch or simultaneous feasibility","true","[]","false","[""AC""]","238262c9d52e9d087d116799cbba0e3b5140aade7f64e6b8ebc02a448cd1419d","[""H2""]"
"MM2 16 fuel cell","MM","H2 Fuel Cell","H2 -> fuel cell -> electricity","true","true","ACTUAL_COMPLETE_EXPORTED_AND_RELOADED_NETWORK","0","Actual ports and nonzero-capable bound; not dispatch or simultaneous feasibility","true","[]","false","[""H2""]","238262c9d52e9d087d116799cbba0e3b5140aade7f64e6b8ebc02a448cd1419d","[""AC""]"
"MM2 2 FT","MM","Fischer-Tropsch","H2 + CO2 + electricity -> FT -> oil","true","true","ACTUAL_COMPLETE_EXPORTED_AND_RELOADED_NETWORK","0","Actual ports and nonzero-capable bound; not dispatch or simultaneous feasibility","true","[""AgricultureFinalEnergy"",""DomesticAviationFuel"",""IndustryFinalEnergy"",""InternationalAviationBunker"",""OtherNEC"",""RailNonElectric"",""ResidentialFuel"",""RoadResidualFuel"",""ServicesFuel""]","false","[""AC"",""H2"",""co2 captured""]","238262c9d52e9d087d116799cbba0e3b5140aade7f64e6b8ebc02a448cd1419d","[""oil""]"
"MM2 2 SMR","MM","SMR","gas -> steam methane reforming -> H2","true","true","ACTUAL_COMPLETE_EXPORTED_AND_RELOADED_NETWORK","0","Actual ports and nonzero-capable bound; not dispatch or simultaneous feasibility","true","[]","false","[""gas""]","238262c9d52e9d087d116799cbba0e3b5140aade7f64e6b8ebc02a448cd1419d","[""H2"",""co2 atmosphere""]"
"MM2 2 SMR CC","MM","SMR CC","gas -> steam methane reforming with capture -> H2 + captured CO2","true","true","ACTUAL_COMPLETE_EXPORTED_AND_RELOADED_NETWORK","0","Actual ports and nonzero-capable bound; not dispatch or simultaneous feasibility","true","[]","false","[""gas""]","238262c9d52e9d087d116799cbba0e3b5140aade7f64e6b8ebc02a448cd1419d","[""H2"",""co2 atmosphere"",""co2 captured""]"
"MM2 2 electrolysis","MM","H2 Electrolysis","electricity -> electrolysis -> H2","true","true","ACTUAL_COMPLETE_EXPORTED_AND_RELOADED_NETWORK","0","Actual ports and nonzero-capable bound; not dispatch or simultaneous feasibility","true","[]","false","[""AC""]","238262c9d52e9d087d116799cbba0e3b5140aade7f64e6b8ebc02a448cd1419d","[""H2""]"
"MM2 2 fuel cell","MM","H2 Fuel Cell","H2 -> fuel cell -> electricity","true","true","ACTUAL_COMPLETE_EXPORTED_AND_RELOADED_NETWORK","0","Actual ports and nonzero-capable bound; not dispatch or simultaneous feasibility","true","[]","false","[""H2""]","238262c9d52e9d087d116799cbba0e3b5140aade7f64e6b8ebc02a448cd1419d","[""AC""]"
"MM2 3 FT","MM","Fischer-Tropsch","H2 + CO2 + electricity -> FT -> oil","true","true","ACTUAL_COMPLETE_EXPORTED_AND_RELOADED_NETWORK","0","Actual ports and nonzero-capable bound; not dispatch or simultaneous feasibility","true","[""AgricultureFinalEnergy"",""DomesticAviationFuel"",""IndustryFinalEnergy"",""InternationalAviationBunker"",""OtherNEC"",""RailNonElectric"",""ResidentialFuel"",""RoadResidualFuel"",""ServicesFuel""]","false","[""AC"",""H2"",""co2 captured""]","238262c9d52e9d087d116799cbba0e3b5140aade7f64e6b8ebc02a448cd1419d","[""oil""]"
"MM2 3 SMR","MM","SMR","gas -> steam methane reforming -> H2","true","true","ACTUAL_COMPLETE_EXPORTED_AND_RELOADED_NETWORK","0","Actual ports and nonzero-capable bound; not dispatch or simultaneous feasibility","true","[]","false","[""gas""]","238262c9d52e9d087d116799cbba0e3b5140aade7f64e6b8ebc02a448cd1419d","[""H2"",""co2 atmosphere""]"
"MM2 3 SMR CC","MM","SMR CC","gas -> steam methane reforming with capture -> H2 + captured CO2","true","true","ACTUAL_COMPLETE_EXPORTED_AND_RELOADED_NETWORK","0","Actual ports and nonzero-capable bound; not dispatch or simultaneous feasibility","true","[]","false","[""gas""]","238262c9d52e9d087d116799cbba0e3b5140aade7f64e6b8ebc02a448cd1419d","[""H2"",""co2 atmosphere"",""co2 captured""]"
"MM2 3 electrolysis","MM","H2 Electrolysis","electricity -> electrolysis -> H2","true","true","ACTUAL_COMPLETE_EXPORTED_AND_RELOADED_NETWORK","0","Actual ports and nonzero-capable bound; not dispatch or simultaneous feasibility","true","[]","false","[""AC""]","238262c9d52e9d087d116799cbba0e3b5140aade7f64e6b8ebc02a448cd1419d","[""H2""]"
"MM2 3 fuel cell","MM","H2 Fuel Cell","H2 -> fuel cell -> electricity","true","true","ACTUAL_COMPLETE_EXPORTED_AND_RELOADED_NETWORK","0","Actual ports and nonzero-capable bound; not dispatch or simultaneous feasibility","true","[]","false","[""H2""]","238262c9d52e9d087d116799cbba0e3b5140aade7f64e6b8ebc02a448cd1419d","[""AC""]"
"MM2 4 FT","MM","Fischer-Tropsch","H2 + CO2 + electricity -> FT -> oil","true","true","ACTUAL_COMPLETE_EXPORTED_AND_RELOADED_NETWORK","0","Actual ports and nonzero-capable bound; not dispatch or simultaneous feasibility","true","[""AgricultureFinalEnergy"",""DomesticAviationFuel"",""IndustryFinalEnergy"",""InternationalAviationBunker"",""InternationalShippingBunker"",""OtherNEC"",""RailNonElectric"",""ResidentialFuel"",""RoadResidualFuel"",""ServicesFuel""]","false","[""AC"",""H2"",""co2 captured""]","238262c9d52e9d087d116799cbba0e3b5140aade7f64e6b8ebc02a448cd1419d","[""oil""]"
"MM2 4 SMR","MM","SMR","gas -> steam methane reforming -> H2","true","true","ACTUAL_COMPLETE_EXPORTED_AND_RELOADED_NETWORK","0","Actual ports and nonzero-capable bound; not dispatch or simultaneous feasibility","true","[]","false","[""gas""]","238262c9d52e9d087d116799cbba0e3b5140aade7f64e6b8ebc02a448cd1419d","[""H2"",""co2 atmosphere""]"
"MM2 4 SMR CC","MM","SMR CC","gas -> steam methane reforming with capture -> H2 + captured CO2","true","true","ACTUAL_COMPLETE_EXPORTED_AND_RELOADED_NETWORK","0","Actual ports and nonzero-capable bound; not dispatch or simultaneous feasibility","true","[]","false","[""gas""]","238262c9d52e9d087d116799cbba0e3b5140aade7f64e6b8ebc02a448cd1419d","[""H2"",""co2 atmosphere"",""co2 captured""]"
"MM2 4 electrolysis","MM","H2 Electrolysis","electricity -> electrolysis -> H2","true","true","ACTUAL_COMPLETE_EXPORTED_AND_RELOADED_NETWORK","0","Actual ports and nonzero-capable bound; not dispatch or simultaneous feasibility","true","[]","false","[""AC""]","238262c9d52e9d087d116799cbba0e3b5140aade7f64e6b8ebc02a448cd1419d","[""H2""]"
"MM2 4 fuel cell","MM","H2 Fuel Cell","H2 -> fuel cell -> electricity","true","true","ACTUAL_COMPLETE_EXPORTED_AND_RELOADED_NETWORK","0","Actual ports and nonzero-capable bound; not dispatch or simultaneous feasibility","true","[]","false","[""H2""]","238262c9d52e9d087d116799cbba0e3b5140aade7f64e6b8ebc02a448cd1419d","[""AC""]"
"MM2 5 FT","MM","Fischer-Tropsch","H2 + CO2 + electricity -> FT -> oil","true","true","ACTUAL_COMPLETE_EXPORTED_AND_RELOADED_NETWORK","0","Actual ports and nonzero-capable bound; not dispatch or simultaneous feasibility","true","[""AgricultureFinalEnergy"",""DomesticAviationFuel"",""IndustryFinalEnergy"",""InternationalAviationBunker"",""OtherNEC"",""RailNonElectric"",""ResidentialFuel"",""RoadResidualFuel"",""ServicesFuel""]","false","[""AC"",""H2"",""co2 captured""]","238262c9d52e9d087d116799cbba0e3b5140aade7f64e6b8ebc02a448cd1419d","[""oil""]"
"MM2 5 SMR","MM","SMR","gas -> steam methane reforming -> H2","true","true","ACTUAL_COMPLETE_EXPORTED_AND_RELOADED_NETWORK","0","Actual ports and nonzero-capable bound; not dispatch or simultaneous feasibility","true","[]","false","[""gas""]","238262c9d52e9d087d116799cbba0e3b5140aade7f64e6b8ebc02a448cd1419d","[""H2"",""co2 atmosphere""]"
"MM2 5 SMR CC","MM","SMR CC","gas -> steam methane reforming with capture -> H2 + captured CO2","true","true","ACTUAL_COMPLETE_EXPORTED_AND_RELOADED_NETWORK","0","Actual ports and nonzero-capable bound; not dispatch or simultaneous feasibility","true","[]","false","[""gas""]","238262c9d52e9d087d116799cbba0e3b5140aade7f64e6b8ebc02a448cd1419d","[""H2"",""co2 atmosphere"",""co2 captured""]"
"MM2 5 electrolysis","MM","H2 Electrolysis","electricity -> electrolysis -> H2","true","true","ACTUAL_COMPLETE_EXPORTED_AND_RELOADED_NETWORK","0","Actual ports and nonzero-capable bound; not dispatch or simultaneous feasibility","true","[]","false","[""AC""]","238262c9d52e9d087d116799cbba0e3b5140aade7f64e6b8ebc02a448cd1419d","[""H2""]"
"MM2 5 fuel cell","MM","H2 Fuel Cell","H2 -> fuel cell -> electricity","true","true","ACTUAL_COMPLETE_EXPORTED_AND_RELOADED_NETWORK","0","Actual ports and nonzero-capable bound; not dispatch or simultaneous feasibility","true","[]","false","[""H2""]","238262c9d52e9d087d116799cbba0e3b5140aade7f64e6b8ebc02a448cd1419d","[""AC""]"
"MM2 6 FT","MM","Fischer-Tropsch","H2 + CO2 + electricity -> FT -> oil","true","true","ACTUAL_COMPLETE_EXPORTED_AND_RELOADED_NETWORK","0","Actual ports and nonzero-capable bound; not dispatch or simultaneous feasibility","true","[""AgricultureFinalEnergy"",""DomesticAviationFuel"",""IndustryFinalEnergy"",""InternationalAviationBunker"",""OtherNEC"",""RailNonElectric"",""ResidentialFuel"",""RoadResidualFuel"",""ServicesFuel""]","false","[""AC"",""H2"",""co2 captured""]","238262c9d52e9d087d116799cbba0e3b5140aade7f64e6b8ebc02a448cd1419d","[""oil""]"
"MM2 6 SMR","MM","SMR","gas -> steam methane reforming -> H2","true","true","ACTUAL_COMPLETE_EXPORTED_AND_RELOADED_NETWORK","0","Actual ports and nonzero-capable bound; not dispatch or simultaneous feasibility","true","[]","false","[""gas""]","238262c9d52e9d087d116799cbba0e3b5140aade7f64e6b8ebc02a448cd1419d","[""H2"",""co2 atmosphere""]"
"MM2 6 SMR CC","MM","SMR CC","gas -> steam methane reforming with capture -> H2 + captured CO2","true","true","ACTUAL_COMPLETE_EXPORTED_AND_RELOADED_NETWORK","0","Actual ports and nonzero-capable bound; not dispatch or simultaneous feasibility","true","[]","false","[""gas""]","238262c9d52e9d087d116799cbba0e3b5140aade7f64e6b8ebc02a448cd1419d","[""H2"",""co2 atmosphere"",""co2 captured""]"
"MM2 6 electrolysis","MM","H2 Electrolysis","electricity -> electrolysis -> H2","true","true","ACTUAL_COMPLETE_EXPORTED_AND_RELOADED_NETWORK","0","Actual ports and nonzero-capable bound; not dispatch or simultaneous feasibility","true","[]","false","[""AC""]","238262c9d52e9d087d116799cbba0e3b5140aade7f64e6b8ebc02a448cd1419d","[""H2""]"
"MM2 6 fuel cell","MM","H2 Fuel Cell","H2 -> fuel cell -> electricity","true","true","ACTUAL_COMPLETE_EXPORTED_AND_RELOADED_NETWORK","0","Actual ports and nonzero-capable bound; not dispatch or simultaneous feasibility","true","[]","false","[""H2""]","238262c9d52e9d087d116799cbba0e3b5140aade7f64e6b8ebc02a448cd1419d","[""AC""]"
"MM2 7 FT","MM","Fischer-Tropsch","H2 + CO2 + electricity -> FT -> oil","true","true","ACTUAL_COMPLETE_EXPORTED_AND_RELOADED_NETWORK","0","Actual ports and nonzero-capable bound; not dispatch or simultaneous feasibility","true","[""AgricultureFinalEnergy"",""IndustryFinalEnergy"",""OtherNEC"",""RailNonElectric"",""ResidentialFuel"",""RoadResidualFuel"",""ServicesFuel""]","false","[""AC"",""H2"",""co2 captured""]","238262c9d52e9d087d116799cbba0e3b5140aade7f64e6b8ebc02a448cd1419d","[""oil""]"
"MM2 7 SMR","MM","SMR","gas -> steam methane reforming -> H2","true","true","ACTUAL_COMPLETE_EXPORTED_AND_RELOADED_NETWORK","0","Actual ports and nonzero-capable bound; not dispatch or simultaneous feasibility","true","[]","false","[""gas""]","238262c9d52e9d087d116799cbba0e3b5140aade7f64e6b8ebc02a448cd1419d","[""H2"",""co2 atmosphere""]"
"MM2 7 SMR CC","MM","SMR CC","gas -> steam methane reforming with capture -> H2 + captured CO2","true","true","ACTUAL_COMPLETE_EXPORTED_AND_RELOADED_NETWORK","0","Actual ports and nonzero-capable bound; not dispatch or simultaneous feasibility","true","[]","false","[""gas""]","238262c9d52e9d087d116799cbba0e3b5140aade7f64e6b8ebc02a448cd1419d","[""H2"",""co2 atmosphere"",""co2 captured""]"
"MM2 7 electrolysis","MM","H2 Electrolysis","electricity -> electrolysis -> H2","true","true","ACTUAL_COMPLETE_EXPORTED_AND_RELOADED_NETWORK","0","Actual ports and nonzero-capable bound; not dispatch or simultaneous feasibility","true","[]","false","[""AC""]","238262c9d52e9d087d116799cbba0e3b5140aade7f64e6b8ebc02a448cd1419d","[""H2""]"
"MM2 7 fuel cell","MM","H2 Fuel Cell","H2 -> fuel cell -> electricity","true","true","ACTUAL_COMPLETE_EXPORTED_AND_RELOADED_NETWORK","0","Actual ports and nonzero-capable bound; not dispatch or simultaneous feasibility","true","[]","false","[""H2""]","238262c9d52e9d087d116799cbba0e3b5140aade7f64e6b8ebc02a448cd1419d","[""AC""]"
"MM2 8 FT","MM","Fischer-Tropsch","H2 + CO2 + electricity -> FT -> oil","true","true","ACTUAL_COMPLETE_EXPORTED_AND_RELOADED_NETWORK","0","Actual ports and nonzero-capable bound; not dispatch or simultaneous feasibility","true","[""AgricultureFinalEnergy"",""IndustryFinalEnergy"",""OtherNEC"",""RailNonElectric"",""ResidentialFuel"",""RoadResidualFuel"",""ServicesFuel""]","false","[""AC"",""H2"",""co2 captured""]","238262c9d52e9d087d116799cbba0e3b5140aade7f64e6b8ebc02a448cd1419d","[""oil""]"
"MM2 8 SMR","MM","SMR","gas -> steam methane reforming -> H2","true","true","ACTUAL_COMPLETE_EXPORTED_AND_RELOADED_NETWORK","0","Actual ports and nonzero-capable bound; not dispatch or simultaneous feasibility","true","[]","false","[""gas""]","238262c9d52e9d087d116799cbba0e3b5140aade7f64e6b8ebc02a448cd1419d","[""H2"",""co2 atmosphere""]"
"MM2 8 SMR CC","MM","SMR CC","gas -> steam methane reforming with capture -> H2 + captured CO2","true","true","ACTUAL_COMPLETE_EXPORTED_AND_RELOADED_NETWORK","0","Actual ports and nonzero-capable bound; not dispatch or simultaneous feasibility","true","[]","false","[""gas""]","238262c9d52e9d087d116799cbba0e3b5140aade7f64e6b8ebc02a448cd1419d","[""H2"",""co2 atmosphere"",""co2 captured""]"
"MM2 8 electrolysis","MM","H2 Electrolysis","electricity -> electrolysis -> H2","true","true","ACTUAL_COMPLETE_EXPORTED_AND_RELOADED_NETWORK","0","Actual ports and nonzero-capable bound; not dispatch or simultaneous feasibility","true","[]","false","[""AC""]","238262c9d52e9d087d116799cbba0e3b5140aade7f64e6b8ebc02a448cd1419d","[""H2""]"
"MM2 8 fuel cell","MM","H2 Fuel Cell","H2 -> fuel cell -> electricity","true","true","ACTUAL_COMPLETE_EXPORTED_AND_RELOADED_NETWORK","0","Actual ports and nonzero-capable bound; not dispatch or simultaneous feasibility","true","[]","false","[""H2""]","238262c9d52e9d087d116799cbba0e3b5140aade7f64e6b8ebc02a448cd1419d","[""AC""]"
"MM2 9 FT","MM","Fischer-Tropsch","H2 + CO2 + electricity -> FT -> oil","true","true","ACTUAL_COMPLETE_EXPORTED_AND_RELOADED_NETWORK","0","Actual ports and nonzero-capable bound; not dispatch or simultaneous feasibility","true","[""AgricultureFinalEnergy"",""IndustryFinalEnergy"",""OtherNEC"",""RailNonElectric"",""ResidentialFuel"",""RoadResidualFuel"",""ServicesFuel""]","false","[""AC"",""H2"",""co2 captured""]","238262c9d52e9d087d116799cbba0e3b5140aade7f64e6b8ebc02a448cd1419d","[""oil""]"
"MM2 9 SMR","MM","SMR","gas -> steam methane reforming -> H2","true","true","ACTUAL_COMPLETE_EXPORTED_AND_RELOADED_NETWORK","0","Actual ports and nonzero-capable bound; not dispatch or simultaneous feasibility","true","[]","false","[""gas""]","238262c9d52e9d087d116799cbba0e3b5140aade7f64e6b8ebc02a448cd1419d","[""H2"",""co2 atmosphere""]"
"MM2 9 SMR CC","MM","SMR CC","gas -> steam methane reforming with capture -> H2 + captured CO2","true","true","ACTUAL_COMPLETE_EXPORTED_AND_RELOADED_NETWORK","0","Actual ports and nonzero-capable bound; not dispatch or simultaneous feasibility","true","[]","false","[""gas""]","238262c9d52e9d087d116799cbba0e3b5140aade7f64e6b8ebc02a448cd1419d","[""H2"",""co2 atmosphere"",""co2 captured""]"
"MM2 9 electrolysis","MM","H2 Electrolysis","electricity -> electrolysis -> H2","true","true","ACTUAL_COMPLETE_EXPORTED_AND_RELOADED_NETWORK","0","Actual ports and nonzero-capable bound; not dispatch or simultaneous feasibility","true","[]","false","[""AC""]","238262c9d52e9d087d116799cbba0e3b5140aade7f64e6b8ebc02a448cd1419d","[""H2""]"
"MM2 9 fuel cell","MM","H2 Fuel Cell","H2 -> fuel cell -> electricity","true","true","ACTUAL_COMPLETE_EXPORTED_AND_RELOADED_NETWORK","0","Actual ports and nonzero-capable bound; not dispatch or simultaneous feasibility","true","[]","false","[""H2""]","238262c9d52e9d087d116799cbba0e3b5140aade7f64e6b8ebc02a448cd1419d","[""AC""]"
"MY_Peninsular2 0 FT","MY","Fischer-Tropsch","H2 + CO2 + electricity -> FT -> oil","true","true","ACTUAL_COMPLETE_EXPORTED_AND_RELOADED_NETWORK","0","Actual ports and nonzero-capable bound; not dispatch or simultaneous feasibility","true","[""AgricultureFinalEnergy"",""DomesticAviationFuel"",""IndustryFinalEnergy"",""InternationalAviationBunker"",""InternationalShippingBunker"",""ResidentialFuel"",""RoadResidualFuel"",""ServicesFuel""]","false","[""AC"",""H2"",""co2 captured""]","238262c9d52e9d087d116799cbba0e3b5140aade7f64e6b8ebc02a448cd1419d","[""oil""]"
"MY_Peninsular2 0 SMR","MY","SMR","gas -> steam methane reforming -> H2","true","true","ACTUAL_COMPLETE_EXPORTED_AND_RELOADED_NETWORK","0","Actual ports and nonzero-capable bound; not dispatch or simultaneous feasibility","true","[]","false","[""gas""]","238262c9d52e9d087d116799cbba0e3b5140aade7f64e6b8ebc02a448cd1419d","[""H2"",""co2 atmosphere""]"
"MY_Peninsular2 0 SMR CC","MY","SMR CC","gas -> steam methane reforming with capture -> H2 + captured CO2","true","true","ACTUAL_COMPLETE_EXPORTED_AND_RELOADED_NETWORK","0","Actual ports and nonzero-capable bound; not dispatch or simultaneous feasibility","true","[]","false","[""gas""]","238262c9d52e9d087d116799cbba0e3b5140aade7f64e6b8ebc02a448cd1419d","[""H2"",""co2 atmosphere"",""co2 captured""]"
"MY_Peninsular2 0 electrolysis","MY","H2 Electrolysis","electricity -> electrolysis -> H2","true","true","ACTUAL_COMPLETE_EXPORTED_AND_RELOADED_NETWORK","0","Actual ports and nonzero-capable bound; not dispatch or simultaneous feasibility","true","[]","false","[""AC""]","238262c9d52e9d087d116799cbba0e3b5140aade7f64e6b8ebc02a448cd1419d","[""H2""]"
"MY_Peninsular2 0 fuel cell","MY","H2 Fuel Cell","H2 -> fuel cell -> electricity","true","true","ACTUAL_COMPLETE_EXPORTED_AND_RELOADED_NETWORK","0","Actual ports and nonzero-capable bound; not dispatch or simultaneous feasibility","true","[]","false","[""H2""]","238262c9d52e9d087d116799cbba0e3b5140aade7f64e6b8ebc02a448cd1419d","[""AC""]"
"MY_Peninsular2 1 FT","MY","Fischer-Tropsch","H2 + CO2 + electricity -> FT -> oil","true","true","ACTUAL_COMPLETE_EXPORTED_AND_RELOADED_NETWORK","0","Actual ports and nonzero-capable bound; not dispatch or simultaneous feasibility","true","[""AgricultureFinalEnergy"",""DomesticAviationFuel"",""IndustryFinalEnergy"",""InternationalAviationBunker"",""InternationalShippingBunker"",""ResidentialFuel"",""RoadResidualFuel"",""ServicesFuel""]","false","[""AC"",""H2"",""co2 captured""]","238262c9d52e9d087d116799cbba0e3b5140aade7f64e6b8ebc02a448cd1419d","[""oil""]"
"MY_Peninsular2 1 SMR","MY","SMR","gas -> steam methane reforming -> H2","true","true","ACTUAL_COMPLETE_EXPORTED_AND_RELOADED_NETWORK","0","Actual ports and nonzero-capable bound; not dispatch or simultaneous feasibility","true","[]","false","[""gas""]","238262c9d52e9d087d116799cbba0e3b5140aade7f64e6b8ebc02a448cd1419d","[""H2"",""co2 atmosphere""]"
"MY_Peninsular2 1 SMR CC","MY","SMR CC","gas -> steam methane reforming with capture -> H2 + captured CO2","true","true","ACTUAL_COMPLETE_EXPORTED_AND_RELOADED_NETWORK","0","Actual ports and nonzero-capable bound; not dispatch or simultaneous feasibility","true","[]","false","[""gas""]","238262c9d52e9d087d116799cbba0e3b5140aade7f64e6b8ebc02a448cd1419d","[""H2"",""co2 atmosphere"",""co2 captured""]"
"MY_Peninsular2 1 electrolysis","MY","H2 Electrolysis","electricity -> electrolysis -> H2","true","true","ACTUAL_COMPLETE_EXPORTED_AND_RELOADED_NETWORK","0","Actual ports and nonzero-capable bound; not dispatch or simultaneous feasibility","true","[]","false","[""AC""]","238262c9d52e9d087d116799cbba0e3b5140aade7f64e6b8ebc02a448cd1419d","[""H2""]"
"MY_Peninsular2 1 fuel cell","MY","H2 Fuel Cell","H2 -> fuel cell -> electricity","true","true","ACTUAL_COMPLETE_EXPORTED_AND_RELOADED_NETWORK","0","Actual ports and nonzero-capable bound; not dispatch or simultaneous feasibility","true","[]","false","[""H2""]","238262c9d52e9d087d116799cbba0e3b5140aade7f64e6b8ebc02a448cd1419d","[""AC""]"
"MY_Peninsular22 0 FT","MY","Fischer-Tropsch","H2 + CO2 + electricity -> FT -> oil","true","true","ACTUAL_COMPLETE_EXPORTED_AND_RELOADED_NETWORK","0","Actual ports and nonzero-capable bound; not dispatch or simultaneous feasibility","true","[""DomesticAviationFuel"",""InternationalAviationBunker"",""InternationalShippingBunker""]","false","[""DC"",""H2"",""co2 captured""]","238262c9d52e9d087d116799cbba0e3b5140aade7f64e6b8ebc02a448cd1419d","[""oil""]"
"MY_Peninsular22 0 SMR","MY","SMR","gas -> steam methane reforming -> H2","true","true","ACTUAL_COMPLETE_EXPORTED_AND_RELOADED_NETWORK","0","Actual ports and nonzero-capable bound; not dispatch or simultaneous feasibility","true","[]","false","[""gas""]","238262c9d52e9d087d116799cbba0e3b5140aade7f64e6b8ebc02a448cd1419d","[""H2"",""co2 atmosphere""]"
"MY_Peninsular22 0 SMR CC","MY","SMR CC","gas -> steam methane reforming with capture -> H2 + captured CO2","true","true","ACTUAL_COMPLETE_EXPORTED_AND_RELOADED_NETWORK","0","Actual ports and nonzero-capable bound; not dispatch or simultaneous feasibility","true","[]","false","[""gas""]","238262c9d52e9d087d116799cbba0e3b5140aade7f64e6b8ebc02a448cd1419d","[""H2"",""co2 atmosphere"",""co2 captured""]"
"MY_Peninsular22 0 electrolysis","MY","H2 Electrolysis","electricity -> electrolysis -> H2","true","true","ACTUAL_COMPLETE_EXPORTED_AND_RELOADED_NETWORK","0","Actual ports and nonzero-capable bound; not dispatch or simultaneous feasibility","true","[]","false","[""DC""]","238262c9d52e9d087d116799cbba0e3b5140aade7f64e6b8ebc02a448cd1419d","[""H2""]"
"MY_Peninsular22 0 fuel cell","MY","H2 Fuel Cell","H2 -> fuel cell -> electricity","true","true","ACTUAL_COMPLETE_EXPORTED_AND_RELOADED_NETWORK","0","Actual ports and nonzero-capable bound; not dispatch or simultaneous feasibility","true","[]","false","[""H2""]","238262c9d52e9d087d116799cbba0e3b5140aade7f64e6b8ebc02a448cd1419d","[""DC""]"
"MY_Sabah4 0 FT","MY","Fischer-Tropsch","H2 + CO2 + electricity -> FT -> oil","true","true","ACTUAL_COMPLETE_EXPORTED_AND_RELOADED_NETWORK","0","Actual ports and nonzero-capable bound; not dispatch or simultaneous feasibility","true","[""AgricultureFinalEnergy"",""DomesticAviationFuel"",""IndustryFinalEnergy"",""InternationalAviationBunker"",""InternationalShippingBunker"",""ResidentialFuel"",""RoadResidualFuel"",""ServicesFuel""]","false","[""AC"",""H2"",""co2 captured""]","238262c9d52e9d087d116799cbba0e3b5140aade7f64e6b8ebc02a448cd1419d","[""oil""]"
"MY_Sabah4 0 SMR","MY","SMR","gas -> steam methane reforming -> H2","true","true","ACTUAL_COMPLETE_EXPORTED_AND_RELOADED_NETWORK","0","Actual ports and nonzero-capable bound; not dispatch or simultaneous feasibility","true","[]","false","[""gas""]","238262c9d52e9d087d116799cbba0e3b5140aade7f64e6b8ebc02a448cd1419d","[""H2"",""co2 atmosphere""]"
"MY_Sabah4 0 SMR CC","MY","SMR CC","gas -> steam methane reforming with capture -> H2 + captured CO2","true","true","ACTUAL_COMPLETE_EXPORTED_AND_RELOADED_NETWORK","0","Actual ports and nonzero-capable bound; not dispatch or simultaneous feasibility","true","[]","false","[""gas""]","238262c9d52e9d087d116799cbba0e3b5140aade7f64e6b8ebc02a448cd1419d","[""H2"",""co2 atmosphere"",""co2 captured""]"
"MY_Sabah4 0 electrolysis","MY","H2 Electrolysis","electricity -> electrolysis -> H2","true","true","ACTUAL_COMPLETE_EXPORTED_AND_RELOADED_NETWORK","0","Actual ports and nonzero-capable bound; not dispatch or simultaneous feasibility","true","[]","false","[""AC""]","238262c9d52e9d087d116799cbba0e3b5140aade7f64e6b8ebc02a448cd1419d","[""H2""]"
"MY_Sabah4 0 fuel cell","MY","H2 Fuel Cell","H2 -> fuel cell -> electricity","true","true","ACTUAL_COMPLETE_EXPORTED_AND_RELOADED_NETWORK","0","Actual ports and nonzero-capable bound; not dispatch or simultaneous feasibility","true","[]","false","[""H2""]","238262c9d52e9d087d116799cbba0e3b5140aade7f64e6b8ebc02a448cd1419d","[""AC""]"
"MY_Sabah4 1 FT","MY","Fischer-Tropsch","H2 + CO2 + electricity -> FT -> oil","true","true","ACTUAL_COMPLETE_EXPORTED_AND_RELOADED_NETWORK","0","Actual ports and nonzero-capable bound; not dispatch or simultaneous feasibility","true","[""AgricultureFinalEnergy"",""DomesticAviationFuel"",""IndustryFinalEnergy"",""InternationalAviationBunker"",""InternationalShippingBunker"",""ResidentialFuel"",""RoadResidualFuel"",""ServicesFuel""]","false","[""AC"",""H2"",""co2 captured""]","238262c9d52e9d087d116799cbba0e3b5140aade7f64e6b8ebc02a448cd1419d","[""oil""]"
"MY_Sabah4 1 SMR","MY","SMR","gas -> steam methane reforming -> H2","true","true","ACTUAL_COMPLETE_EXPORTED_AND_RELOADED_NETWORK","0","Actual ports and nonzero-capable bound; not dispatch or simultaneous feasibility","true","[]","false","[""gas""]","238262c9d52e9d087d116799cbba0e3b5140aade7f64e6b8ebc02a448cd1419d","[""H2"",""co2 atmosphere""]"
"MY_Sabah4 1 SMR CC","MY","SMR CC","gas -> steam methane reforming with capture -> H2 + captured CO2","true","true","ACTUAL_COMPLETE_EXPORTED_AND_RELOADED_NETWORK","0","Actual ports and nonzero-capable bound; not dispatch or simultaneous feasibility","true","[]","false","[""gas""]","238262c9d52e9d087d116799cbba0e3b5140aade7f64e6b8ebc02a448cd1419d","[""H2"",""co2 atmosphere"",""co2 captured""]"
"MY_Sabah4 1 electrolysis","MY","H2 Electrolysis","electricity -> electrolysis -> H2","true","true","ACTUAL_COMPLETE_EXPORTED_AND_RELOADED_NETWORK","0","Actual ports and nonzero-capable bound; not dispatch or simultaneous feasibility","true","[]","false","[""AC""]","238262c9d52e9d087d116799cbba0e3b5140aade7f64e6b8ebc02a448cd1419d","[""H2""]"
"MY_Sabah4 1 fuel cell","MY","H2 Fuel Cell","H2 -> fuel cell -> electricity","true","true","ACTUAL_COMPLETE_EXPORTED_AND_RELOADED_NETWORK","0","Actual ports and nonzero-capable bound; not dispatch or simultaneous feasibility","true","[]","false","[""H2""]","238262c9d52e9d087d116799cbba0e3b5140aade7f64e6b8ebc02a448cd1419d","[""AC""]"
"MY_Sarawak4 0 FT","MY","Fischer-Tropsch","H2 + CO2 + electricity -> FT -> oil","true","true","ACTUAL_COMPLETE_EXPORTED_AND_RELOADED_NETWORK","0","Actual ports and nonzero-capable bound; not dispatch or simultaneous feasibility","true","[""AgricultureFinalEnergy"",""DomesticAviationFuel"",""IndustryFinalEnergy"",""InternationalAviationBunker"",""InternationalShippingBunker"",""ResidentialFuel"",""RoadResidualFuel"",""ServicesFuel""]","false","[""AC"",""H2"",""co2 captured""]","238262c9d52e9d087d116799cbba0e3b5140aade7f64e6b8ebc02a448cd1419d","[""oil""]"
"MY_Sarawak4 0 SMR","MY","SMR","gas -> steam methane reforming -> H2","true","true","ACTUAL_COMPLETE_EXPORTED_AND_RELOADED_NETWORK","0","Actual ports and nonzero-capable bound; not dispatch or simultaneous feasibility","true","[]","false","[""gas""]","238262c9d52e9d087d116799cbba0e3b5140aade7f64e6b8ebc02a448cd1419d","[""H2"",""co2 atmosphere""]"
"MY_Sarawak4 0 SMR CC","MY","SMR CC","gas -> steam methane reforming with capture -> H2 + captured CO2","true","true","ACTUAL_COMPLETE_EXPORTED_AND_RELOADED_NETWORK","0","Actual ports and nonzero-capable bound; not dispatch or simultaneous feasibility","true","[]","false","[""gas""]","238262c9d52e9d087d116799cbba0e3b5140aade7f64e6b8ebc02a448cd1419d","[""H2"",""co2 atmosphere"",""co2 captured""]"
"MY_Sarawak4 0 electrolysis","MY","H2 Electrolysis","electricity -> electrolysis -> H2","true","true","ACTUAL_COMPLETE_EXPORTED_AND_RELOADED_NETWORK","0","Actual ports and nonzero-capable bound; not dispatch or simultaneous feasibility","true","[]","false","[""AC""]","238262c9d52e9d087d116799cbba0e3b5140aade7f64e6b8ebc02a448cd1419d","[""H2""]"
"MY_Sarawak4 0 fuel cell","MY","H2 Fuel Cell","H2 -> fuel cell -> electricity","true","true","ACTUAL_COMPLETE_EXPORTED_AND_RELOADED_NETWORK","0","Actual ports and nonzero-capable bound; not dispatch or simultaneous feasibility","true","[]","false","[""H2""]","238262c9d52e9d087d116799cbba0e3b5140aade7f64e6b8ebc02a448cd1419d","[""AC""]"
"MY_Sarawak4 1 FT","MY","Fischer-Tropsch","H2 + CO2 + electricity -> FT -> oil","true","true","ACTUAL_COMPLETE_EXPORTED_AND_RELOADED_NETWORK","0","Actual ports and nonzero-capable bound; not dispatch or simultaneous feasibility","true","[""AgricultureFinalEnergy"",""DomesticAviationFuel"",""IndustryFinalEnergy"",""InternationalAviationBunker"",""InternationalShippingBunker"",""ResidentialFuel"",""RoadResidualFuel"",""ServicesFuel""]","false","[""AC"",""H2"",""co2 captured""]","238262c9d52e9d087d116799cbba0e3b5140aade7f64e6b8ebc02a448cd1419d","[""oil""]"
"MY_Sarawak4 1 SMR","MY","SMR","gas -> steam methane reforming -> H2","true","true","ACTUAL_COMPLETE_EXPORTED_AND_RELOADED_NETWORK","0","Actual ports and nonzero-capable bound; not dispatch or simultaneous feasibility","true","[]","false","[""gas""]","238262c9d52e9d087d116799cbba0e3b5140aade7f64e6b8ebc02a448cd1419d","[""H2"",""co2 atmosphere""]"
"MY_Sarawak4 1 SMR CC","MY","SMR CC","gas -> steam methane reforming with capture -> H2 + captured CO2","true","true","ACTUAL_COMPLETE_EXPORTED_AND_RELOADED_NETWORK","0","Actual ports and nonzero-capable bound; not dispatch or simultaneous feasibility","true","[]","false","[""gas""]","238262c9d52e9d087d116799cbba0e3b5140aade7f64e6b8ebc02a448cd1419d","[""H2"",""co2 atmosphere"",""co2 captured""]"
"MY_Sarawak4 1 electrolysis","MY","H2 Electrolysis","electricity -> electrolysis -> H2","true","true","ACTUAL_COMPLETE_EXPORTED_AND_RELOADED_NETWORK","0","Actual ports and nonzero-capable bound; not dispatch or simultaneous feasibility","true","[]","false","[""AC""]","238262c9d52e9d087d116799cbba0e3b5140aade7f64e6b8ebc02a448cd1419d","[""H2""]"
"MY_Sarawak4 1 fuel cell","MY","H2 Fuel Cell","H2 -> fuel cell -> electricity","true","true","ACTUAL_COMPLETE_EXPORTED_AND_RELOADED_NETWORK","0","Actual ports and nonzero-capable bound; not dispatch or simultaneous feasibility","true","[]","false","[""H2""]","238262c9d52e9d087d116799cbba0e3b5140aade7f64e6b8ebc02a448cd1419d","[""AC""]"
"MY_Sarawak4 2 FT","MY","Fischer-Tropsch","H2 + CO2 + electricity -> FT -> oil","true","true","ACTUAL_COMPLETE_EXPORTED_AND_RELOADED_NETWORK","0","Actual ports and nonzero-capable bound; not dispatch or simultaneous feasibility","true","[""AgricultureFinalEnergy"",""DomesticAviationFuel"",""IndustryFinalEnergy"",""InternationalAviationBunker"",""InternationalShippingBunker"",""ResidentialFuel"",""RoadResidualFuel"",""ServicesFuel""]","false","[""AC"",""H2"",""co2 captured""]","238262c9d52e9d087d116799cbba0e3b5140aade7f64e6b8ebc02a448cd1419d","[""oil""]"
"MY_Sarawak4 2 SMR","MY","SMR","gas -> steam methane reforming -> H2","true","true","ACTUAL_COMPLETE_EXPORTED_AND_RELOADED_NETWORK","0","Actual ports and nonzero-capable bound; not dispatch or simultaneous feasibility","true","[]","false","[""gas""]","238262c9d52e9d087d116799cbba0e3b5140aade7f64e6b8ebc02a448cd1419d","[""H2"",""co2 atmosphere""]"
"MY_Sarawak4 2 SMR CC","MY","SMR CC","gas -> steam methane reforming with capture -> H2 + captured CO2","true","true","ACTUAL_COMPLETE_EXPORTED_AND_RELOADED_NETWORK","0","Actual ports and nonzero-capable bound; not dispatch or simultaneous feasibility","true","[]","false","[""gas""]","238262c9d52e9d087d116799cbba0e3b5140aade7f64e6b8ebc02a448cd1419d","[""H2"",""co2 atmosphere"",""co2 captured""]"
"MY_Sarawak4 2 electrolysis","MY","H2 Electrolysis","electricity -> electrolysis -> H2","true","true","ACTUAL_COMPLETE_EXPORTED_AND_RELOADED_NETWORK","0","Actual ports and nonzero-capable bound; not dispatch or simultaneous feasibility","true","[]","false","[""AC""]","238262c9d52e9d087d116799cbba0e3b5140aade7f64e6b8ebc02a448cd1419d","[""H2""]"
"MY_Sarawak4 2 fuel cell","MY","H2 Fuel Cell","H2 -> fuel cell -> electricity","true","true","ACTUAL_COMPLETE_EXPORTED_AND_RELOADED_NETWORK","0","Actual ports and nonzero-capable bound; not dispatch or simultaneous feasibility","true","[]","false","[""H2""]","238262c9d52e9d087d116799cbba0e3b5140aade7f64e6b8ebc02a448cd1419d","[""AC""]"
"PH5 0 FT","PH","Fischer-Tropsch","H2 + CO2 + electricity -> FT -> oil","true","true","ACTUAL_COMPLETE_EXPORTED_AND_RELOADED_NETWORK","0","Actual ports and nonzero-capable bound; not dispatch or simultaneous feasibility","true","[""AgricultureFinalEnergy"",""DomesticAviationFuel"",""IndustryFinalEnergy"",""InternationalAviationBunker"",""RailNonElectric"",""ResidentialFuel"",""RoadResidualFuel"",""ServicesFuel""]","false","[""AC"",""H2"",""co2 captured""]","238262c9d52e9d087d116799cbba0e3b5140aade7f64e6b8ebc02a448cd1419d","[""oil""]"
"PH5 0 SMR","PH","SMR","gas -> steam methane reforming -> H2","true","true","ACTUAL_COMPLETE_EXPORTED_AND_RELOADED_NETWORK","0","Actual ports and nonzero-capable bound; not dispatch or simultaneous feasibility","true","[]","false","[""gas""]","238262c9d52e9d087d116799cbba0e3b5140aade7f64e6b8ebc02a448cd1419d","[""H2"",""co2 atmosphere""]"
"PH5 0 SMR CC","PH","SMR CC","gas -> steam methane reforming with capture -> H2 + captured CO2","true","true","ACTUAL_COMPLETE_EXPORTED_AND_RELOADED_NETWORK","0","Actual ports and nonzero-capable bound; not dispatch or simultaneous feasibility","true","[]","false","[""gas""]","238262c9d52e9d087d116799cbba0e3b5140aade7f64e6b8ebc02a448cd1419d","[""H2"",""co2 atmosphere"",""co2 captured""]"
"PH5 0 electrolysis","PH","H2 Electrolysis","electricity -> electrolysis -> H2","true","true","ACTUAL_COMPLETE_EXPORTED_AND_RELOADED_NETWORK","0","Actual ports and nonzero-capable bound; not dispatch or simultaneous feasibility","true","[]","false","[""AC""]","238262c9d52e9d087d116799cbba0e3b5140aade7f64e6b8ebc02a448cd1419d","[""H2""]"
"PH5 0 fuel cell","PH","H2 Fuel Cell","H2 -> fuel cell -> electricity","true","true","ACTUAL_COMPLETE_EXPORTED_AND_RELOADED_NETWORK","0","Actual ports and nonzero-capable bound; not dispatch or simultaneous feasibility","true","[]","false","[""H2""]","238262c9d52e9d087d116799cbba0e3b5140aade7f64e6b8ebc02a448cd1419d","[""AC""]"
"PH_Luzon5 0 FT","PH","Fischer-Tropsch","H2 + CO2 + electricity -> FT -> oil","true","true","ACTUAL_COMPLETE_EXPORTED_AND_RELOADED_NETWORK","0","Actual ports and nonzero-capable bound; not dispatch or simultaneous feasibility","true","[""AgricultureFinalEnergy"",""DomesticAviationFuel"",""DomesticShippingFuel"",""IndustryFinalEnergy"",""InternationalAviationBunker"",""InternationalShippingBunker"",""RailNonElectric"",""ResidentialFuel"",""RoadResidualFuel"",""ServicesFuel""]","false","[""AC"",""H2"",""co2 captured""]","238262c9d52e9d087d116799cbba0e3b5140aade7f64e6b8ebc02a448cd1419d","[""oil""]"
"PH_Luzon5 0 SMR","PH","SMR","gas -> steam methane reforming -> H2","true","true","ACTUAL_COMPLETE_EXPORTED_AND_RELOADED_NETWORK","0","Actual ports and nonzero-capable bound; not dispatch or simultaneous feasibility","true","[]","false","[""gas""]","238262c9d52e9d087d116799cbba0e3b5140aade7f64e6b8ebc02a448cd1419d","[""H2"",""co2 atmosphere""]"
"PH_Luzon5 0 SMR CC","PH","SMR CC","gas -> steam methane reforming with capture -> H2 + captured CO2","true","true","ACTUAL_COMPLETE_EXPORTED_AND_RELOADED_NETWORK","0","Actual ports and nonzero-capable bound; not dispatch or simultaneous feasibility","true","[]","false","[""gas""]","238262c9d52e9d087d116799cbba0e3b5140aade7f64e6b8ebc02a448cd1419d","[""H2"",""co2 atmosphere"",""co2 captured""]"
"PH_Luzon5 0 electrolysis","PH","H2 Electrolysis","electricity -> electrolysis -> H2","true","true","ACTUAL_COMPLETE_EXPORTED_AND_RELOADED_NETWORK","0","Actual ports and nonzero-capable bound; not dispatch or simultaneous feasibility","true","[]","false","[""AC""]","238262c9d52e9d087d116799cbba0e3b5140aade7f64e6b8ebc02a448cd1419d","[""H2""]"
"PH_Luzon5 0 fuel cell","PH","H2 Fuel Cell","H2 -> fuel cell -> electricity","true","true","ACTUAL_COMPLETE_EXPORTED_AND_RELOADED_NETWORK","0","Actual ports and nonzero-capable bound; not dispatch or simultaneous feasibility","true","[]","false","[""H2""]","238262c9d52e9d087d116799cbba0e3b5140aade7f64e6b8ebc02a448cd1419d","[""AC""]"
"PH_Luzon9 0 FT","PH","Fischer-Tropsch","H2 + CO2 + electricity -> FT -> oil","true","true","ACTUAL_COMPLETE_EXPORTED_AND_RELOADED_NETWORK","0","Actual ports and nonzero-capable bound; not dispatch or simultaneous feasibility","true","[""DomesticAviationFuel"",""DomesticShippingFuel"",""InternationalAviationBunker"",""InternationalShippingBunker""]","false","[""DC"",""H2"",""co2 captured""]","238262c9d52e9d087d116799cbba0e3b5140aade7f64e6b8ebc02a448cd1419d","[""oil""]"
"PH_Luzon9 0 SMR","PH","SMR","gas -> steam methane reforming -> H2","true","true","ACTUAL_COMPLETE_EXPORTED_AND_RELOADED_NETWORK","0","Actual ports and nonzero-capable bound; not dispatch or simultaneous feasibility","true","[]","false","[""gas""]","238262c9d52e9d087d116799cbba0e3b5140aade7f64e6b8ebc02a448cd1419d","[""H2"",""co2 atmosphere""]"
"PH_Luzon9 0 SMR CC","PH","SMR CC","gas -> steam methane reforming with capture -> H2 + captured CO2","true","true","ACTUAL_COMPLETE_EXPORTED_AND_RELOADED_NETWORK","0","Actual ports and nonzero-capable bound; not dispatch or simultaneous feasibility","true","[]","false","[""gas""]","238262c9d52e9d087d116799cbba0e3b5140aade7f64e6b8ebc02a448cd1419d","[""H2"",""co2 atmosphere"",""co2 captured""]"
"PH_Luzon9 0 electrolysis","PH","H2 Electrolysis","electricity -> electrolysis -> H2","true","true","ACTUAL_COMPLETE_EXPORTED_AND_RELOADED_NETWORK","0","Actual ports and nonzero-capable bound; not dispatch or simultaneous feasibility","true","[]","false","[""DC""]","238262c9d52e9d087d116799cbba0e3b5140aade7f64e6b8ebc02a448cd1419d","[""H2""]"
"PH_Luzon9 0 fuel cell","PH","H2 Fuel Cell","H2 -> fuel cell -> electricity","true","true","ACTUAL_COMPLETE_EXPORTED_AND_RELOADED_NETWORK","0","Actual ports and nonzero-capable bound; not dispatch or simultaneous feasibility","true","[]","false","[""H2""]","238262c9d52e9d087d116799cbba0e3b5140aade7f64e6b8ebc02a448cd1419d","[""DC""]"
"PH_Mindanao6 0 FT","PH","Fischer-Tropsch","H2 + CO2 + electricity -> FT -> oil","true","true","ACTUAL_COMPLETE_EXPORTED_AND_RELOADED_NETWORK","0","Actual ports and nonzero-capable bound; not dispatch or simultaneous feasibility","true","[""AgricultureFinalEnergy"",""DomesticAviationFuel"",""DomesticShippingFuel"",""IndustryFinalEnergy"",""InternationalAviationBunker"",""InternationalShippingBunker"",""RailNonElectric"",""ResidentialFuel"",""RoadResidualFuel"",""ServicesFuel""]","false","[""AC"",""H2"",""co2 captured""]","238262c9d52e9d087d116799cbba0e3b5140aade7f64e6b8ebc02a448cd1419d","[""oil""]"
"PH_Mindanao6 0 SMR","PH","SMR","gas -> steam methane reforming -> H2","true","true","ACTUAL_COMPLETE_EXPORTED_AND_RELOADED_NETWORK","0","Actual ports and nonzero-capable bound; not dispatch or simultaneous feasibility","true","[]","false","[""gas""]","238262c9d52e9d087d116799cbba0e3b5140aade7f64e6b8ebc02a448cd1419d","[""H2"",""co2 atmosphere""]"
"PH_Mindanao6 0 SMR CC","PH","SMR CC","gas -> steam methane reforming with capture -> H2 + captured CO2","true","true","ACTUAL_COMPLETE_EXPORTED_AND_RELOADED_NETWORK","0","Actual ports and nonzero-capable bound; not dispatch or simultaneous feasibility","true","[]","false","[""gas""]","238262c9d52e9d087d116799cbba0e3b5140aade7f64e6b8ebc02a448cd1419d","[""H2"",""co2 atmosphere"",""co2 captured""]"
"PH_Mindanao6 0 electrolysis","PH","H2 Electrolysis","electricity -> electrolysis -> H2","true","true","ACTUAL_COMPLETE_EXPORTED_AND_RELOADED_NETWORK","0","Actual ports and nonzero-capable bound; not dispatch or simultaneous feasibility","true","[]","false","[""AC""]","238262c9d52e9d087d116799cbba0e3b5140aade7f64e6b8ebc02a448cd1419d","[""H2""]"
"PH_Mindanao6 0 fuel cell","PH","H2 Fuel Cell","H2 -> fuel cell -> electricity","true","true","ACTUAL_COMPLETE_EXPORTED_AND_RELOADED_NETWORK","0","Actual ports and nonzero-capable bound; not dispatch or simultaneous feasibility","true","[]","false","[""H2""]","238262c9d52e9d087d116799cbba0e3b5140aade7f64e6b8ebc02a448cd1419d","[""AC""]"
"PH_Mindanao6 1 FT","PH","Fischer-Tropsch","H2 + CO2 + electricity -> FT -> oil","true","true","ACTUAL_COMPLETE_EXPORTED_AND_RELOADED_NETWORK","0","Actual ports and nonzero-capable bound; not dispatch or simultaneous feasibility","true","[""AgricultureFinalEnergy"",""DomesticAviationFuel"",""DomesticShippingFuel"",""IndustryFinalEnergy"",""InternationalAviationBunker"",""InternationalShippingBunker"",""RailNonElectric"",""ResidentialFuel"",""RoadResidualFuel"",""ServicesFuel""]","false","[""AC"",""H2"",""co2 captured""]","238262c9d52e9d087d116799cbba0e3b5140aade7f64e6b8ebc02a448cd1419d","[""oil""]"
"PH_Mindanao6 1 SMR","PH","SMR","gas -> steam methane reforming -> H2","true","true","ACTUAL_COMPLETE_EXPORTED_AND_RELOADED_NETWORK","0","Actual ports and nonzero-capable bound; not dispatch or simultaneous feasibility","true","[]","false","[""gas""]","238262c9d52e9d087d116799cbba0e3b5140aade7f64e6b8ebc02a448cd1419d","[""H2"",""co2 atmosphere""]"
"PH_Mindanao6 1 SMR CC","PH","SMR CC","gas -> steam methane reforming with capture -> H2 + captured CO2","true","true","ACTUAL_COMPLETE_EXPORTED_AND_RELOADED_NETWORK","0","Actual ports and nonzero-capable bound; not dispatch or simultaneous feasibility","true","[]","false","[""gas""]","238262c9d52e9d087d116799cbba0e3b5140aade7f64e6b8ebc02a448cd1419d","[""H2"",""co2 atmosphere"",""co2 captured""]"
"PH_Mindanao6 1 electrolysis","PH","H2 Electrolysis","electricity -> electrolysis -> H2","true","true","ACTUAL_COMPLETE_EXPORTED_AND_RELOADED_NETWORK","0","Actual ports and nonzero-capable bound; not dispatch or simultaneous feasibility","true","[]","false","[""AC""]","238262c9d52e9d087d116799cbba0e3b5140aade7f64e6b8ebc02a448cd1419d","[""H2""]"
"PH_Mindanao6 1 fuel cell","PH","H2 Fuel Cell","H2 -> fuel cell -> electricity","true","true","ACTUAL_COMPLETE_EXPORTED_AND_RELOADED_NETWORK","0","Actual ports and nonzero-capable bound; not dispatch or simultaneous feasibility","true","[]","false","[""H2""]","238262c9d52e9d087d116799cbba0e3b5140aade7f64e6b8ebc02a448cd1419d","[""AC""]"
"PH_Visayas10 0 FT","PH","Fischer-Tropsch","H2 + CO2 + electricity -> FT -> oil","true","true","ACTUAL_COMPLETE_EXPORTED_AND_RELOADED_NETWORK","0","Actual ports and nonzero-capable bound; not dispatch or simultaneous feasibility","true","[""DomesticAviationFuel"",""DomesticShippingFuel"",""InternationalAviationBunker"",""InternationalShippingBunker""]","false","[""DC"",""H2"",""co2 captured""]","238262c9d52e9d087d116799cbba0e3b5140aade7f64e6b8ebc02a448cd1419d","[""oil""]"
"PH_Visayas10 0 SMR","PH","SMR","gas -> steam methane reforming -> H2","true","true","ACTUAL_COMPLETE_EXPORTED_AND_RELOADED_NETWORK","0","Actual ports and nonzero-capable bound; not dispatch or simultaneous feasibility","true","[]","false","[""gas""]","238262c9d52e9d087d116799cbba0e3b5140aade7f64e6b8ebc02a448cd1419d","[""H2"",""co2 atmosphere""]"
"PH_Visayas10 0 SMR CC","PH","SMR CC","gas -> steam methane reforming with capture -> H2 + captured CO2","true","true","ACTUAL_COMPLETE_EXPORTED_AND_RELOADED_NETWORK","0","Actual ports and nonzero-capable bound; not dispatch or simultaneous feasibility","true","[]","false","[""gas""]","238262c9d52e9d087d116799cbba0e3b5140aade7f64e6b8ebc02a448cd1419d","[""H2"",""co2 atmosphere"",""co2 captured""]"
"PH_Visayas10 0 electrolysis","PH","H2 Electrolysis","electricity -> electrolysis -> H2","true","true","ACTUAL_COMPLETE_EXPORTED_AND_RELOADED_NETWORK","0","Actual ports and nonzero-capable bound; not dispatch or simultaneous feasibility","true","[]","false","[""DC""]","238262c9d52e9d087d116799cbba0e3b5140aade7f64e6b8ebc02a448cd1419d","[""H2""]"
"PH_Visayas10 0 fuel cell","PH","H2 Fuel Cell","H2 -> fuel cell -> electricity","true","true","ACTUAL_COMPLETE_EXPORTED_AND_RELOADED_NETWORK","0","Actual ports and nonzero-capable bound; not dispatch or simultaneous feasibility","true","[]","false","[""H2""]","238262c9d52e9d087d116799cbba0e3b5140aade7f64e6b8ebc02a448cd1419d","[""DC""]"
"PH_Visayas7 0 FT","PH","Fischer-Tropsch","H2 + CO2 + electricity -> FT -> oil","true","true","ACTUAL_COMPLETE_EXPORTED_AND_RELOADED_NETWORK","0","Actual ports and nonzero-capable bound; not dispatch or simultaneous feasibility","true","[""AgricultureFinalEnergy"",""DomesticAviationFuel"",""DomesticShippingFuel"",""IndustryFinalEnergy"",""InternationalAviationBunker"",""InternationalShippingBunker"",""RailNonElectric"",""ResidentialFuel"",""RoadResidualFuel"",""ServicesFuel""]","false","[""AC"",""H2"",""co2 captured""]","238262c9d52e9d087d116799cbba0e3b5140aade7f64e6b8ebc02a448cd1419d","[""oil""]"
"PH_Visayas7 0 SMR","PH","SMR","gas -> steam methane reforming -> H2","true","true","ACTUAL_COMPLETE_EXPORTED_AND_RELOADED_NETWORK","0","Actual ports and nonzero-capable bound; not dispatch or simultaneous feasibility","true","[]","false","[""gas""]","238262c9d52e9d087d116799cbba0e3b5140aade7f64e6b8ebc02a448cd1419d","[""H2"",""co2 atmosphere""]"
"PH_Visayas7 0 SMR CC","PH","SMR CC","gas -> steam methane reforming with capture -> H2 + captured CO2","true","true","ACTUAL_COMPLETE_EXPORTED_AND_RELOADED_NETWORK","0","Actual ports and nonzero-capable bound; not dispatch or simultaneous feasibility","true","[]","false","[""gas""]","238262c9d52e9d087d116799cbba0e3b5140aade7f64e6b8ebc02a448cd1419d","[""H2"",""co2 atmosphere"",""co2 captured""]"
"PH_Visayas7 0 electrolysis","PH","H2 Electrolysis","electricity -> electrolysis -> H2","true","true","ACTUAL_COMPLETE_EXPORTED_AND_RELOADED_NETWORK","0","Actual ports and nonzero-capable bound; not dispatch or simultaneous feasibility","true","[]","false","[""AC""]","238262c9d52e9d087d116799cbba0e3b5140aade7f64e6b8ebc02a448cd1419d","[""H2""]"
"PH_Visayas7 0 fuel cell","PH","H2 Fuel Cell","H2 -> fuel cell -> electricity","true","true","ACTUAL_COMPLETE_EXPORTED_AND_RELOADED_NETWORK","0","Actual ports and nonzero-capable bound; not dispatch or simultaneous feasibility","true","[]","false","[""H2""]","238262c9d52e9d087d116799cbba0e3b5140aade7f64e6b8ebc02a448cd1419d","[""AC""]"
"SG2 0 FT","SG","Fischer-Tropsch","H2 + CO2 + electricity -> FT -> oil","true","true","ACTUAL_COMPLETE_EXPORTED_AND_RELOADED_NETWORK","0","Actual ports and nonzero-capable bound; not dispatch or simultaneous feasibility","true","[""DomesticShippingFuel"",""IndustryFinalEnergy"",""InternationalAviationBunker"",""InternationalShippingBunker"",""ResidentialFuel"",""RoadResidualFuel"",""ServicesFuel""]","false","[""AC"",""H2"",""co2 captured""]","238262c9d52e9d087d116799cbba0e3b5140aade7f64e6b8ebc02a448cd1419d","[""oil""]"
"SG2 0 SMR","SG","SMR","gas -> steam methane reforming -> H2","true","true","ACTUAL_COMPLETE_EXPORTED_AND_RELOADED_NETWORK","0","Actual ports and nonzero-capable bound; not dispatch or simultaneous feasibility","true","[]","false","[""gas""]","238262c9d52e9d087d116799cbba0e3b5140aade7f64e6b8ebc02a448cd1419d","[""H2"",""co2 atmosphere""]"
"SG2 0 SMR CC","SG","SMR CC","gas -> steam methane reforming with capture -> H2 + captured CO2","true","true","ACTUAL_COMPLETE_EXPORTED_AND_RELOADED_NETWORK","0","Actual ports and nonzero-capable bound; not dispatch or simultaneous feasibility","true","[]","false","[""gas""]","238262c9d52e9d087d116799cbba0e3b5140aade7f64e6b8ebc02a448cd1419d","[""H2"",""co2 atmosphere"",""co2 captured""]"
"SG2 0 electrolysis","SG","H2 Electrolysis","electricity -> electrolysis -> H2","true","true","ACTUAL_COMPLETE_EXPORTED_AND_RELOADED_NETWORK","0","Actual ports and nonzero-capable bound; not dispatch or simultaneous feasibility","true","[]","false","[""AC""]","238262c9d52e9d087d116799cbba0e3b5140aade7f64e6b8ebc02a448cd1419d","[""H2""]"
"SG2 0 fuel cell","SG","H2 Fuel Cell","H2 -> fuel cell -> electricity","true","true","ACTUAL_COMPLETE_EXPORTED_AND_RELOADED_NETWORK","0","Actual ports and nonzero-capable bound; not dispatch or simultaneous feasibility","true","[]","false","[""H2""]","238262c9d52e9d087d116799cbba0e3b5140aade7f64e6b8ebc02a448cd1419d","[""AC""]"
"TH2 0 FT","TH","Fischer-Tropsch","H2 + CO2 + electricity -> FT -> oil","true","true","ACTUAL_COMPLETE_EXPORTED_AND_RELOADED_NETWORK","0","Actual ports and nonzero-capable bound; not dispatch or simultaneous feasibility","true","[""AgricultureFinalEnergy"",""DomesticAviationFuel"",""IndustryFinalEnergy"",""InternationalAviationBunker"",""InternationalShippingBunker"",""RailNonElectric"",""ResidentialFuel"",""RoadResidualFuel"",""ServicesFuel"",""TransportNEC""]","false","[""AC"",""H2"",""co2 captured""]","238262c9d52e9d087d116799cbba0e3b5140aade7f64e6b8ebc02a448cd1419d","[""oil""]"
"TH2 0 SMR","TH","SMR","gas -> steam methane reforming -> H2","true","true","ACTUAL_COMPLETE_EXPORTED_AND_RELOADED_NETWORK","0","Actual ports and nonzero-capable bound; not dispatch or simultaneous feasibility","true","[]","false","[""gas""]","238262c9d52e9d087d116799cbba0e3b5140aade7f64e6b8ebc02a448cd1419d","[""H2"",""co2 atmosphere""]"
"TH2 0 SMR CC","TH","SMR CC","gas -> steam methane reforming with capture -> H2 + captured CO2","true","true","ACTUAL_COMPLETE_EXPORTED_AND_RELOADED_NETWORK","0","Actual ports and nonzero-capable bound; not dispatch or simultaneous feasibility","true","[]","false","[""gas""]","238262c9d52e9d087d116799cbba0e3b5140aade7f64e6b8ebc02a448cd1419d","[""H2"",""co2 atmosphere"",""co2 captured""]"
"TH2 0 electrolysis","TH","H2 Electrolysis","electricity -> electrolysis -> H2","true","true","ACTUAL_COMPLETE_EXPORTED_AND_RELOADED_NETWORK","0","Actual ports and nonzero-capable bound; not dispatch or simultaneous feasibility","true","[]","false","[""AC""]","238262c9d52e9d087d116799cbba0e3b5140aade7f64e6b8ebc02a448cd1419d","[""H2""]"
"TH2 0 fuel cell","TH","H2 Fuel Cell","H2 -> fuel cell -> electricity","true","true","ACTUAL_COMPLETE_EXPORTED_AND_RELOADED_NETWORK","0","Actual ports and nonzero-capable bound; not dispatch or simultaneous feasibility","true","[]","false","[""H2""]","238262c9d52e9d087d116799cbba0e3b5140aade7f64e6b8ebc02a448cd1419d","[""AC""]"
"TH2 1 FT","TH","Fischer-Tropsch","H2 + CO2 + electricity -> FT -> oil","true","true","ACTUAL_COMPLETE_EXPORTED_AND_RELOADED_NETWORK","0","Actual ports and nonzero-capable bound; not dispatch or simultaneous feasibility","true","[""AgricultureFinalEnergy"",""DomesticAviationFuel"",""IndustryFinalEnergy"",""InternationalAviationBunker"",""RailNonElectric"",""ResidentialFuel"",""RoadResidualFuel"",""ServicesFuel"",""TransportNEC""]","false","[""AC"",""H2"",""co2 captured""]","238262c9d52e9d087d116799cbba0e3b5140aade7f64e6b8ebc02a448cd1419d","[""oil""]"
"TH2 1 SMR","TH","SMR","gas -> steam methane reforming -> H2","true","true","ACTUAL_COMPLETE_EXPORTED_AND_RELOADED_NETWORK","0","Actual ports and nonzero-capable bound; not dispatch or simultaneous feasibility","true","[]","false","[""gas""]","238262c9d52e9d087d116799cbba0e3b5140aade7f64e6b8ebc02a448cd1419d","[""H2"",""co2 atmosphere""]"
"TH2 1 SMR CC","TH","SMR CC","gas -> steam methane reforming with capture -> H2 + captured CO2","true","true","ACTUAL_COMPLETE_EXPORTED_AND_RELOADED_NETWORK","0","Actual ports and nonzero-capable bound; not dispatch or simultaneous feasibility","true","[]","false","[""gas""]","238262c9d52e9d087d116799cbba0e3b5140aade7f64e6b8ebc02a448cd1419d","[""H2"",""co2 atmosphere"",""co2 captured""]"
"TH2 1 electrolysis","TH","H2 Electrolysis","electricity -> electrolysis -> H2","true","true","ACTUAL_COMPLETE_EXPORTED_AND_RELOADED_NETWORK","0","Actual ports and nonzero-capable bound; not dispatch or simultaneous feasibility","true","[]","false","[""AC""]","238262c9d52e9d087d116799cbba0e3b5140aade7f64e6b8ebc02a448cd1419d","[""H2""]"
"TH2 1 fuel cell","TH","H2 Fuel Cell","H2 -> fuel cell -> electricity","true","true","ACTUAL_COMPLETE_EXPORTED_AND_RELOADED_NETWORK","0","Actual ports and nonzero-capable bound; not dispatch or simultaneous feasibility","true","[]","false","[""H2""]","238262c9d52e9d087d116799cbba0e3b5140aade7f64e6b8ebc02a448cd1419d","[""AC""]"
"TH2 2 FT","TH","Fischer-Tropsch","H2 + CO2 + electricity -> FT -> oil","true","true","ACTUAL_COMPLETE_EXPORTED_AND_RELOADED_NETWORK","0","Actual ports and nonzero-capable bound; not dispatch or simultaneous feasibility","true","[""AgricultureFinalEnergy"",""DomesticAviationFuel"",""IndustryFinalEnergy"",""InternationalAviationBunker"",""InternationalShippingBunker"",""RailNonElectric"",""ResidentialFuel"",""RoadResidualFuel"",""ServicesFuel"",""TransportNEC""]","false","[""AC"",""H2"",""co2 captured""]","238262c9d52e9d087d116799cbba0e3b5140aade7f64e6b8ebc02a448cd1419d","[""oil""]"
"TH2 2 SMR","TH","SMR","gas -> steam methane reforming -> H2","true","true","ACTUAL_COMPLETE_EXPORTED_AND_RELOADED_NETWORK","0","Actual ports and nonzero-capable bound; not dispatch or simultaneous feasibility","true","[]","false","[""gas""]","238262c9d52e9d087d116799cbba0e3b5140aade7f64e6b8ebc02a448cd1419d","[""H2"",""co2 atmosphere""]"
"TH2 2 SMR CC","TH","SMR CC","gas -> steam methane reforming with capture -> H2 + captured CO2","true","true","ACTUAL_COMPLETE_EXPORTED_AND_RELOADED_NETWORK","0","Actual ports and nonzero-capable bound; not dispatch or simultaneous feasibility","true","[]","false","[""gas""]","238262c9d52e9d087d116799cbba0e3b5140aade7f64e6b8ebc02a448cd1419d","[""H2"",""co2 atmosphere"",""co2 captured""]"
"TH2 2 electrolysis","TH","H2 Electrolysis","electricity -> electrolysis -> H2","true","true","ACTUAL_COMPLETE_EXPORTED_AND_RELOADED_NETWORK","0","Actual ports and nonzero-capable bound; not dispatch or simultaneous feasibility","true","[]","false","[""AC""]","238262c9d52e9d087d116799cbba0e3b5140aade7f64e6b8ebc02a448cd1419d","[""H2""]"
"TH2 2 fuel cell","TH","H2 Fuel Cell","H2 -> fuel cell -> electricity","true","true","ACTUAL_COMPLETE_EXPORTED_AND_RELOADED_NETWORK","0","Actual ports and nonzero-capable bound; not dispatch or simultaneous feasibility","true","[]","false","[""H2""]","238262c9d52e9d087d116799cbba0e3b5140aade7f64e6b8ebc02a448cd1419d","[""AC""]"
"TH2 3 FT","TH","Fischer-Tropsch","H2 + CO2 + electricity -> FT -> oil","true","true","ACTUAL_COMPLETE_EXPORTED_AND_RELOADED_NETWORK","0","Actual ports and nonzero-capable bound; not dispatch or simultaneous feasibility","true","[""AgricultureFinalEnergy"",""DomesticAviationFuel"",""IndustryFinalEnergy"",""InternationalAviationBunker"",""InternationalShippingBunker"",""RailNonElectric"",""ResidentialFuel"",""RoadResidualFuel"",""ServicesFuel"",""TransportNEC""]","false","[""AC"",""H2"",""co2 captured""]","238262c9d52e9d087d116799cbba0e3b5140aade7f64e6b8ebc02a448cd1419d","[""oil""]"
"TH2 3 SMR","TH","SMR","gas -> steam methane reforming -> H2","true","true","ACTUAL_COMPLETE_EXPORTED_AND_RELOADED_NETWORK","0","Actual ports and nonzero-capable bound; not dispatch or simultaneous feasibility","true","[]","false","[""gas""]","238262c9d52e9d087d116799cbba0e3b5140aade7f64e6b8ebc02a448cd1419d","[""H2"",""co2 atmosphere""]"
"TH2 3 SMR CC","TH","SMR CC","gas -> steam methane reforming with capture -> H2 + captured CO2","true","true","ACTUAL_COMPLETE_EXPORTED_AND_RELOADED_NETWORK","0","Actual ports and nonzero-capable bound; not dispatch or simultaneous feasibility","true","[]","false","[""gas""]","238262c9d52e9d087d116799cbba0e3b5140aade7f64e6b8ebc02a448cd1419d","[""H2"",""co2 atmosphere"",""co2 captured""]"
"TH2 3 electrolysis","TH","H2 Electrolysis","electricity -> electrolysis -> H2","true","true","ACTUAL_COMPLETE_EXPORTED_AND_RELOADED_NETWORK","0","Actual ports and nonzero-capable bound; not dispatch or simultaneous feasibility","true","[]","false","[""AC""]","238262c9d52e9d087d116799cbba0e3b5140aade7f64e6b8ebc02a448cd1419d","[""H2""]"
"TH2 3 fuel cell","TH","H2 Fuel Cell","H2 -> fuel cell -> electricity","true","true","ACTUAL_COMPLETE_EXPORTED_AND_RELOADED_NETWORK","0","Actual ports and nonzero-capable bound; not dispatch or simultaneous feasibility","true","[]","false","[""H2""]","238262c9d52e9d087d116799cbba0e3b5140aade7f64e6b8ebc02a448cd1419d","[""AC""]"
"TH2 4 FT","TH","Fischer-Tropsch","H2 + CO2 + electricity -> FT -> oil","true","true","ACTUAL_COMPLETE_EXPORTED_AND_RELOADED_NETWORK","0","Actual ports and nonzero-capable bound; not dispatch or simultaneous feasibility","true","[""AgricultureFinalEnergy"",""DomesticAviationFuel"",""IndustryFinalEnergy"",""InternationalAviationBunker"",""RailNonElectric"",""ResidentialFuel"",""RoadResidualFuel"",""ServicesFuel"",""TransportNEC""]","false","[""AC"",""H2"",""co2 captured""]","238262c9d52e9d087d116799cbba0e3b5140aade7f64e6b8ebc02a448cd1419d","[""oil""]"
"TH2 4 SMR","TH","SMR","gas -> steam methane reforming -> H2","true","true","ACTUAL_COMPLETE_EXPORTED_AND_RELOADED_NETWORK","0","Actual ports and nonzero-capable bound; not dispatch or simultaneous feasibility","true","[]","false","[""gas""]","238262c9d52e9d087d116799cbba0e3b5140aade7f64e6b8ebc02a448cd1419d","[""H2"",""co2 atmosphere""]"
"TH2 4 SMR CC","TH","SMR CC","gas -> steam methane reforming with capture -> H2 + captured CO2","true","true","ACTUAL_COMPLETE_EXPORTED_AND_RELOADED_NETWORK","0","Actual ports and nonzero-capable bound; not dispatch or simultaneous feasibility","true","[]","false","[""gas""]","238262c9d52e9d087d116799cbba0e3b5140aade7f64e6b8ebc02a448cd1419d","[""H2"",""co2 atmosphere"",""co2 captured""]"
"TH2 4 electrolysis","TH","H2 Electrolysis","electricity -> electrolysis -> H2","true","true","ACTUAL_COMPLETE_EXPORTED_AND_RELOADED_NETWORK","0","Actual ports and nonzero-capable bound; not dispatch or simultaneous feasibility","true","[]","false","[""AC""]","238262c9d52e9d087d116799cbba0e3b5140aade7f64e6b8ebc02a448cd1419d","[""H2""]"
"TH2 4 fuel cell","TH","H2 Fuel Cell","H2 -> fuel cell -> electricity","true","true","ACTUAL_COMPLETE_EXPORTED_AND_RELOADED_NETWORK","0","Actual ports and nonzero-capable bound; not dispatch or simultaneous feasibility","true","[]","false","[""H2""]","238262c9d52e9d087d116799cbba0e3b5140aade7f64e6b8ebc02a448cd1419d","[""AC""]"
"TH2 5 FT","TH","Fischer-Tropsch","H2 + CO2 + electricity -> FT -> oil","true","true","ACTUAL_COMPLETE_EXPORTED_AND_RELOADED_NETWORK","0","Actual ports and nonzero-capable bound; not dispatch or simultaneous feasibility","true","[""AgricultureFinalEnergy"",""DomesticAviationFuel"",""IndustryFinalEnergy"",""InternationalAviationBunker"",""InternationalShippingBunker"",""RailNonElectric"",""ResidentialFuel"",""RoadResidualFuel"",""ServicesFuel"",""TransportNEC""]","false","[""AC"",""H2"",""co2 captured""]","238262c9d52e9d087d116799cbba0e3b5140aade7f64e6b8ebc02a448cd1419d","[""oil""]"
"TH2 5 SMR","TH","SMR","gas -> steam methane reforming -> H2","true","true","ACTUAL_COMPLETE_EXPORTED_AND_RELOADED_NETWORK","0","Actual ports and nonzero-capable bound; not dispatch or simultaneous feasibility","true","[]","false","[""gas""]","238262c9d52e9d087d116799cbba0e3b5140aade7f64e6b8ebc02a448cd1419d","[""H2"",""co2 atmosphere""]"
"TH2 5 SMR CC","TH","SMR CC","gas -> steam methane reforming with capture -> H2 + captured CO2","true","true","ACTUAL_COMPLETE_EXPORTED_AND_RELOADED_NETWORK","0","Actual ports and nonzero-capable bound; not dispatch or simultaneous feasibility","true","[]","false","[""gas""]","238262c9d52e9d087d116799cbba0e3b5140aade7f64e6b8ebc02a448cd1419d","[""H2"",""co2 atmosphere"",""co2 captured""]"
"TH2 5 electrolysis","TH","H2 Electrolysis","electricity -> electrolysis -> H2","true","true","ACTUAL_COMPLETE_EXPORTED_AND_RELOADED_NETWORK","0","Actual ports and nonzero-capable bound; not dispatch or simultaneous feasibility","true","[]","false","[""AC""]","238262c9d52e9d087d116799cbba0e3b5140aade7f64e6b8ebc02a448cd1419d","[""H2""]"
"TH2 5 fuel cell","TH","H2 Fuel Cell","H2 -> fuel cell -> electricity","true","true","ACTUAL_COMPLETE_EXPORTED_AND_RELOADED_NETWORK","0","Actual ports and nonzero-capable bound; not dispatch or simultaneous feasibility","true","[]","false","[""H2""]","238262c9d52e9d087d116799cbba0e3b5140aade7f64e6b8ebc02a448cd1419d","[""AC""]"
"TH21 0 FT","TH","Fischer-Tropsch","H2 + CO2 + electricity -> FT -> oil","true","true","ACTUAL_COMPLETE_EXPORTED_AND_RELOADED_NETWORK","0","Actual ports and nonzero-capable bound; not dispatch or simultaneous feasibility","true","[""DomesticAviationFuel"",""InternationalAviationBunker""]","false","[""DC"",""H2"",""co2 captured""]","238262c9d52e9d087d116799cbba0e3b5140aade7f64e6b8ebc02a448cd1419d","[""oil""]"
"TH21 0 SMR","TH","SMR","gas -> steam methane reforming -> H2","true","true","ACTUAL_COMPLETE_EXPORTED_AND_RELOADED_NETWORK","0","Actual ports and nonzero-capable bound; not dispatch or simultaneous feasibility","true","[]","false","[""gas""]","238262c9d52e9d087d116799cbba0e3b5140aade7f64e6b8ebc02a448cd1419d","[""H2"",""co2 atmosphere""]"
"TH21 0 SMR CC","TH","SMR CC","gas -> steam methane reforming with capture -> H2 + captured CO2","true","true","ACTUAL_COMPLETE_EXPORTED_AND_RELOADED_NETWORK","0","Actual ports and nonzero-capable bound; not dispatch or simultaneous feasibility","true","[]","false","[""gas""]","238262c9d52e9d087d116799cbba0e3b5140aade7f64e6b8ebc02a448cd1419d","[""H2"",""co2 atmosphere"",""co2 captured""]"
"TH21 0 electrolysis","TH","H2 Electrolysis","electricity -> electrolysis -> H2","true","true","ACTUAL_COMPLETE_EXPORTED_AND_RELOADED_NETWORK","0","Actual ports and nonzero-capable bound; not dispatch or simultaneous feasibility","true","[]","false","[""DC""]","238262c9d52e9d087d116799cbba0e3b5140aade7f64e6b8ebc02a448cd1419d","[""H2""]"
"TH21 0 fuel cell","TH","H2 Fuel Cell","H2 -> fuel cell -> electricity","true","true","ACTUAL_COMPLETE_EXPORTED_AND_RELOADED_NETWORK","0","Actual ports and nonzero-capable bound; not dispatch or simultaneous feasibility","true","[]","false","[""H2""]","238262c9d52e9d087d116799cbba0e3b5140aade7f64e6b8ebc02a448cd1419d","[""DC""]"
"TL11 0 FT","TL","Fischer-Tropsch","H2 + CO2 + electricity -> FT -> oil","true","true","ACTUAL_COMPLETE_EXPORTED_AND_RELOADED_NETWORK","0","Actual ports and nonzero-capable bound; not dispatch or simultaneous feasibility","true","[""DomesticAviationFuel"",""InternationalAviationBunker"",""OtherNEC"",""RoadResidualFuel"",""TransportNEC""]","false","[""AC"",""H2"",""co2 captured""]","238262c9d52e9d087d116799cbba0e3b5140aade7f64e6b8ebc02a448cd1419d","[""oil""]"
"TL11 0 SMR","TL","SMR","gas -> steam methane reforming -> H2","true","true","ACTUAL_COMPLETE_EXPORTED_AND_RELOADED_NETWORK","0","Actual ports and nonzero-capable bound; not dispatch or simultaneous feasibility","true","[]","false","[""gas""]","238262c9d52e9d087d116799cbba0e3b5140aade7f64e6b8ebc02a448cd1419d","[""H2"",""co2 atmosphere""]"
"TL11 0 SMR CC","TL","SMR CC","gas -> steam methane reforming with capture -> H2 + captured CO2","true","true","ACTUAL_COMPLETE_EXPORTED_AND_RELOADED_NETWORK","0","Actual ports and nonzero-capable bound; not dispatch or simultaneous feasibility","true","[]","false","[""gas""]","238262c9d52e9d087d116799cbba0e3b5140aade7f64e6b8ebc02a448cd1419d","[""H2"",""co2 atmosphere"",""co2 captured""]"
"TL11 0 electrolysis","TL","H2 Electrolysis","electricity -> electrolysis -> H2","true","true","ACTUAL_COMPLETE_EXPORTED_AND_RELOADED_NETWORK","0","Actual ports and nonzero-capable bound; not dispatch or simultaneous feasibility","true","[]","false","[""AC""]","238262c9d52e9d087d116799cbba0e3b5140aade7f64e6b8ebc02a448cd1419d","[""H2""]"
"TL11 0 fuel cell","TL","H2 Fuel Cell","H2 -> fuel cell -> electricity","true","true","ACTUAL_COMPLETE_EXPORTED_AND_RELOADED_NETWORK","0","Actual ports and nonzero-capable bound; not dispatch or simultaneous feasibility","true","[]","false","[""H2""]","238262c9d52e9d087d116799cbba0e3b5140aade7f64e6b8ebc02a448cd1419d","[""AC""]"
"VN2 0 FT","VN","Fischer-Tropsch","H2 + CO2 + electricity -> FT -> oil","true","true","ACTUAL_COMPLETE_EXPORTED_AND_RELOADED_NETWORK","0","Actual ports and nonzero-capable bound; not dispatch or simultaneous feasibility","true","[""AgricultureFinalEnergy"",""DomesticAviationFuel"",""IndustryFinalEnergy"",""InternationalAviationBunker"",""ResidentialFuel"",""RoadResidualFuel"",""ServicesFuel""]","false","[""AC"",""H2"",""co2 captured""]","238262c9d52e9d087d116799cbba0e3b5140aade7f64e6b8ebc02a448cd1419d","[""oil""]"
"VN2 0 SMR","VN","SMR","gas -> steam methane reforming -> H2","true","true","ACTUAL_COMPLETE_EXPORTED_AND_RELOADED_NETWORK","0","Actual ports and nonzero-capable bound; not dispatch or simultaneous feasibility","true","[]","false","[""gas""]","238262c9d52e9d087d116799cbba0e3b5140aade7f64e6b8ebc02a448cd1419d","[""H2"",""co2 atmosphere""]"
"VN2 0 SMR CC","VN","SMR CC","gas -> steam methane reforming with capture -> H2 + captured CO2","true","true","ACTUAL_COMPLETE_EXPORTED_AND_RELOADED_NETWORK","0","Actual ports and nonzero-capable bound; not dispatch or simultaneous feasibility","true","[]","false","[""gas""]","238262c9d52e9d087d116799cbba0e3b5140aade7f64e6b8ebc02a448cd1419d","[""H2"",""co2 atmosphere"",""co2 captured""]"
"VN2 0 electrolysis","VN","H2 Electrolysis","electricity -> electrolysis -> H2","true","true","ACTUAL_COMPLETE_EXPORTED_AND_RELOADED_NETWORK","0","Actual ports and nonzero-capable bound; not dispatch or simultaneous feasibility","true","[]","false","[""AC""]","238262c9d52e9d087d116799cbba0e3b5140aade7f64e6b8ebc02a448cd1419d","[""H2""]"
"VN2 0 fuel cell","VN","H2 Fuel Cell","H2 -> fuel cell -> electricity","true","true","ACTUAL_COMPLETE_EXPORTED_AND_RELOADED_NETWORK","0","Actual ports and nonzero-capable bound; not dispatch or simultaneous feasibility","true","[]","false","[""H2""]","238262c9d52e9d087d116799cbba0e3b5140aade7f64e6b8ebc02a448cd1419d","[""AC""]"
"VN2 1 FT","VN","Fischer-Tropsch","H2 + CO2 + electricity -> FT -> oil","true","true","ACTUAL_COMPLETE_EXPORTED_AND_RELOADED_NETWORK","0","Actual ports and nonzero-capable bound; not dispatch or simultaneous feasibility","true","[""AgricultureFinalEnergy"",""DomesticAviationFuel"",""IndustryFinalEnergy"",""InternationalAviationBunker"",""ResidentialFuel"",""RoadResidualFuel"",""ServicesFuel""]","false","[""AC"",""H2"",""co2 captured""]","238262c9d52e9d087d116799cbba0e3b5140aade7f64e6b8ebc02a448cd1419d","[""oil""]"
"VN2 1 SMR","VN","SMR","gas -> steam methane reforming -> H2","true","true","ACTUAL_COMPLETE_EXPORTED_AND_RELOADED_NETWORK","0","Actual ports and nonzero-capable bound; not dispatch or simultaneous feasibility","true","[]","false","[""gas""]","238262c9d52e9d087d116799cbba0e3b5140aade7f64e6b8ebc02a448cd1419d","[""H2"",""co2 atmosphere""]"
"VN2 1 SMR CC","VN","SMR CC","gas -> steam methane reforming with capture -> H2 + captured CO2","true","true","ACTUAL_COMPLETE_EXPORTED_AND_RELOADED_NETWORK","0","Actual ports and nonzero-capable bound; not dispatch or simultaneous feasibility","true","[]","false","[""gas""]","238262c9d52e9d087d116799cbba0e3b5140aade7f64e6b8ebc02a448cd1419d","[""H2"",""co2 atmosphere"",""co2 captured""]"
"VN2 1 electrolysis","VN","H2 Electrolysis","electricity -> electrolysis -> H2","true","true","ACTUAL_COMPLETE_EXPORTED_AND_RELOADED_NETWORK","0","Actual ports and nonzero-capable bound; not dispatch or simultaneous feasibility","true","[]","false","[""AC""]","238262c9d52e9d087d116799cbba0e3b5140aade7f64e6b8ebc02a448cd1419d","[""H2""]"
"VN2 1 fuel cell","VN","H2 Fuel Cell","H2 -> fuel cell -> electricity","true","true","ACTUAL_COMPLETE_EXPORTED_AND_RELOADED_NETWORK","0","Actual ports and nonzero-capable bound; not dispatch or simultaneous feasibility","true","[]","false","[""H2""]","238262c9d52e9d087d116799cbba0e3b5140aade7f64e6b8ebc02a448cd1419d","[""AC""]"
"VN2 2 FT","VN","Fischer-Tropsch","H2 + CO2 + electricity -> FT -> oil","true","true","ACTUAL_COMPLETE_EXPORTED_AND_RELOADED_NETWORK","0","Actual ports and nonzero-capable bound; not dispatch or simultaneous feasibility","true","[""AgricultureFinalEnergy"",""DomesticAviationFuel"",""DomesticShippingFuel"",""IndustryFinalEnergy"",""InternationalAviationBunker"",""InternationalShippingBunker"",""ResidentialFuel"",""RoadResidualFuel"",""ServicesFuel""]","false","[""AC"",""H2"",""co2 captured""]","238262c9d52e9d087d116799cbba0e3b5140aade7f64e6b8ebc02a448cd1419d","[""oil""]"
"VN2 2 SMR","VN","SMR","gas -> steam methane reforming -> H2","true","true","ACTUAL_COMPLETE_EXPORTED_AND_RELOADED_NETWORK","0","Actual ports and nonzero-capable bound; not dispatch or simultaneous feasibility","true","[]","false","[""gas""]","238262c9d52e9d087d116799cbba0e3b5140aade7f64e6b8ebc02a448cd1419d","[""H2"",""co2 atmosphere""]"
"VN2 2 SMR CC","VN","SMR CC","gas -> steam methane reforming with capture -> H2 + captured CO2","true","true","ACTUAL_COMPLETE_EXPORTED_AND_RELOADED_NETWORK","0","Actual ports and nonzero-capable bound; not dispatch or simultaneous feasibility","true","[]","false","[""gas""]","238262c9d52e9d087d116799cbba0e3b5140aade7f64e6b8ebc02a448cd1419d","[""H2"",""co2 atmosphere"",""co2 captured""]"
"VN2 2 electrolysis","VN","H2 Electrolysis","electricity -> electrolysis -> H2","true","true","ACTUAL_COMPLETE_EXPORTED_AND_RELOADED_NETWORK","0","Actual ports and nonzero-capable bound; not dispatch or simultaneous feasibility","true","[]","false","[""AC""]","238262c9d52e9d087d116799cbba0e3b5140aade7f64e6b8ebc02a448cd1419d","[""H2""]"
"VN2 2 fuel cell","VN","H2 Fuel Cell","H2 -> fuel cell -> electricity","true","true","ACTUAL_COMPLETE_EXPORTED_AND_RELOADED_NETWORK","0","Actual ports and nonzero-capable bound; not dispatch or simultaneous feasibility","true","[]","false","[""H2""]","238262c9d52e9d087d116799cbba0e3b5140aade7f64e6b8ebc02a448cd1419d","[""AC""]"
"VN2 3 FT","VN","Fischer-Tropsch","H2 + CO2 + electricity -> FT -> oil","true","true","ACTUAL_COMPLETE_EXPORTED_AND_RELOADED_NETWORK","0","Actual ports and nonzero-capable bound; not dispatch or simultaneous feasibility","true","[""AgricultureFinalEnergy"",""DomesticAviationFuel"",""DomesticShippingFuel"",""IndustryFinalEnergy"",""InternationalAviationBunker"",""InternationalShippingBunker"",""ResidentialFuel"",""RoadResidualFuel"",""ServicesFuel""]","false","[""AC"",""H2"",""co2 captured""]","238262c9d52e9d087d116799cbba0e3b5140aade7f64e6b8ebc02a448cd1419d","[""oil""]"
"VN2 3 SMR","VN","SMR","gas -> steam methane reforming -> H2","true","true","ACTUAL_COMPLETE_EXPORTED_AND_RELOADED_NETWORK","0","Actual ports and nonzero-capable bound; not dispatch or simultaneous feasibility","true","[]","false","[""gas""]","238262c9d52e9d087d116799cbba0e3b5140aade7f64e6b8ebc02a448cd1419d","[""H2"",""co2 atmosphere""]"
"VN2 3 SMR CC","VN","SMR CC","gas -> steam methane reforming with capture -> H2 + captured CO2","true","true","ACTUAL_COMPLETE_EXPORTED_AND_RELOADED_NETWORK","0","Actual ports and nonzero-capable bound; not dispatch or simultaneous feasibility","true","[]","false","[""gas""]","238262c9d52e9d087d116799cbba0e3b5140aade7f64e6b8ebc02a448cd1419d","[""H2"",""co2 atmosphere"",""co2 captured""]"
"VN2 3 electrolysis","VN","H2 Electrolysis","electricity -> electrolysis -> H2","true","true","ACTUAL_COMPLETE_EXPORTED_AND_RELOADED_NETWORK","0","Actual ports and nonzero-capable bound; not dispatch or simultaneous feasibility","true","[]","false","[""AC""]","238262c9d52e9d087d116799cbba0e3b5140aade7f64e6b8ebc02a448cd1419d","[""H2""]"
"VN2 3 fuel cell","VN","H2 Fuel Cell","H2 -> fuel cell -> electricity","true","true","ACTUAL_COMPLETE_EXPORTED_AND_RELOADED_NETWORK","0","Actual ports and nonzero-capable bound; not dispatch or simultaneous feasibility","true","[]","false","[""H2""]","238262c9d52e9d087d116799cbba0e3b5140aade7f64e6b8ebc02a448cd1419d","[""AC""]"
"VN2 4 FT","VN","Fischer-Tropsch","H2 + CO2 + electricity -> FT -> oil","true","true","ACTUAL_COMPLETE_EXPORTED_AND_RELOADED_NETWORK","0","Actual ports and nonzero-capable bound; not dispatch or simultaneous feasibility","true","[""AgricultureFinalEnergy"",""DomesticAviationFuel"",""DomesticShippingFuel"",""IndustryFinalEnergy"",""InternationalAviationBunker"",""InternationalShippingBunker"",""ResidentialFuel"",""RoadResidualFuel"",""ServicesFuel""]","false","[""AC"",""H2"",""co2 captured""]","238262c9d52e9d087d116799cbba0e3b5140aade7f64e6b8ebc02a448cd1419d","[""oil""]"
"VN2 4 SMR","VN","SMR","gas -> steam methane reforming -> H2","true","true","ACTUAL_COMPLETE_EXPORTED_AND_RELOADED_NETWORK","0","Actual ports and nonzero-capable bound; not dispatch or simultaneous feasibility","true","[]","false","[""gas""]","238262c9d52e9d087d116799cbba0e3b5140aade7f64e6b8ebc02a448cd1419d","[""H2"",""co2 atmosphere""]"
"VN2 4 SMR CC","VN","SMR CC","gas -> steam methane reforming with capture -> H2 + captured CO2","true","true","ACTUAL_COMPLETE_EXPORTED_AND_RELOADED_NETWORK","0","Actual ports and nonzero-capable bound; not dispatch or simultaneous feasibility","true","[]","false","[""gas""]","238262c9d52e9d087d116799cbba0e3b5140aade7f64e6b8ebc02a448cd1419d","[""H2"",""co2 atmosphere"",""co2 captured""]"
"VN2 4 electrolysis","VN","H2 Electrolysis","electricity -> electrolysis -> H2","true","true","ACTUAL_COMPLETE_EXPORTED_AND_RELOADED_NETWORK","0","Actual ports and nonzero-capable bound; not dispatch or simultaneous feasibility","true","[]","false","[""AC""]","238262c9d52e9d087d116799cbba0e3b5140aade7f64e6b8ebc02a448cd1419d","[""H2""]"
"VN2 4 fuel cell","VN","H2 Fuel Cell","H2 -> fuel cell -> electricity","true","true","ACTUAL_COMPLETE_EXPORTED_AND_RELOADED_NETWORK","0","Actual ports and nonzero-capable bound; not dispatch or simultaneous feasibility","true","[]","false","[""H2""]","238262c9d52e9d087d116799cbba0e3b5140aade7f64e6b8ebc02a448cd1419d","[""AC""]"
"VN2 5 FT","VN","Fischer-Tropsch","H2 + CO2 + electricity -> FT -> oil","true","true","ACTUAL_COMPLETE_EXPORTED_AND_RELOADED_NETWORK","0","Actual ports and nonzero-capable bound; not dispatch or simultaneous feasibility","true","[""AgricultureFinalEnergy"",""DomesticAviationFuel"",""DomesticShippingFuel"",""IndustryFinalEnergy"",""InternationalAviationBunker"",""InternationalShippingBunker"",""ResidentialFuel"",""RoadResidualFuel"",""ServicesFuel""]","false","[""AC"",""H2"",""co2 captured""]","238262c9d52e9d087d116799cbba0e3b5140aade7f64e6b8ebc02a448cd1419d","[""oil""]"
"VN2 5 SMR","VN","SMR","gas -> steam methane reforming -> H2","true","true","ACTUAL_COMPLETE_EXPORTED_AND_RELOADED_NETWORK","0","Actual ports and nonzero-capable bound; not dispatch or simultaneous feasibility","true","[]","false","[""gas""]","238262c9d52e9d087d116799cbba0e3b5140aade7f64e6b8ebc02a448cd1419d","[""H2"",""co2 atmosphere""]"
"VN2 5 SMR CC","VN","SMR CC","gas -> steam methane reforming with capture -> H2 + captured CO2","true","true","ACTUAL_COMPLETE_EXPORTED_AND_RELOADED_NETWORK","0","Actual ports and nonzero-capable bound; not dispatch or simultaneous feasibility","true","[]","false","[""gas""]","238262c9d52e9d087d116799cbba0e3b5140aade7f64e6b8ebc02a448cd1419d","[""H2"",""co2 atmosphere"",""co2 captured""]"
"VN2 5 electrolysis","VN","H2 Electrolysis","electricity -> electrolysis -> H2","true","true","ACTUAL_COMPLETE_EXPORTED_AND_RELOADED_NETWORK","0","Actual ports and nonzero-capable bound; not dispatch or simultaneous feasibility","true","[]","false","[""AC""]","238262c9d52e9d087d116799cbba0e3b5140aade7f64e6b8ebc02a448cd1419d","[""H2""]"
"VN2 5 fuel cell","VN","H2 Fuel Cell","H2 -> fuel cell -> electricity","true","true","ACTUAL_COMPLETE_EXPORTED_AND_RELOADED_NETWORK","0","Actual ports and nonzero-capable bound; not dispatch or simultaneous feasibility","true","[]","false","[""H2""]","238262c9d52e9d087d116799cbba0e3b5140aade7f64e6b8ebc02a448cd1419d","[""AC""]"
"VN2 6 FT","VN","Fischer-Tropsch","H2 + CO2 + electricity -> FT -> oil","true","true","ACTUAL_COMPLETE_EXPORTED_AND_RELOADED_NETWORK","0","Actual ports and nonzero-capable bound; not dispatch or simultaneous feasibility","true","[""AgricultureFinalEnergy"",""DomesticAviationFuel"",""DomesticShippingFuel"",""IndustryFinalEnergy"",""InternationalAviationBunker"",""InternationalShippingBunker"",""ResidentialFuel"",""RoadResidualFuel"",""ServicesFuel""]","false","[""AC"",""H2"",""co2 captured""]","238262c9d52e9d087d116799cbba0e3b5140aade7f64e6b8ebc02a448cd1419d","[""oil""]"
"VN2 6 SMR","VN","SMR","gas -> steam methane reforming -> H2","true","true","ACTUAL_COMPLETE_EXPORTED_AND_RELOADED_NETWORK","0","Actual ports and nonzero-capable bound; not dispatch or simultaneous feasibility","true","[]","false","[""gas""]","238262c9d52e9d087d116799cbba0e3b5140aade7f64e6b8ebc02a448cd1419d","[""H2"",""co2 atmosphere""]"
"VN2 6 SMR CC","VN","SMR CC","gas -> steam methane reforming with capture -> H2 + captured CO2","true","true","ACTUAL_COMPLETE_EXPORTED_AND_RELOADED_NETWORK","0","Actual ports and nonzero-capable bound; not dispatch or simultaneous feasibility","true","[]","false","[""gas""]","238262c9d52e9d087d116799cbba0e3b5140aade7f64e6b8ebc02a448cd1419d","[""H2"",""co2 atmosphere"",""co2 captured""]"
"VN2 6 electrolysis","VN","H2 Electrolysis","electricity -> electrolysis -> H2","true","true","ACTUAL_COMPLETE_EXPORTED_AND_RELOADED_NETWORK","0","Actual ports and nonzero-capable bound; not dispatch or simultaneous feasibility","true","[]","false","[""AC""]","238262c9d52e9d087d116799cbba0e3b5140aade7f64e6b8ebc02a448cd1419d","[""H2""]"
"VN2 6 fuel cell","VN","H2 Fuel Cell","H2 -> fuel cell -> electricity","true","true","ACTUAL_COMPLETE_EXPORTED_AND_RELOADED_NETWORK","0","Actual ports and nonzero-capable bound; not dispatch or simultaneous feasibility","true","[]","false","[""H2""]","238262c9d52e9d087d116799cbba0e3b5140aade7f64e6b8ebc02a448cd1419d","[""AC""]"
"VN2 7 FT","VN","Fischer-Tropsch","H2 + CO2 + electricity -> FT -> oil","true","true","ACTUAL_COMPLETE_EXPORTED_AND_RELOADED_NETWORK","0","Actual ports and nonzero-capable bound; not dispatch or simultaneous feasibility","true","[""AgricultureFinalEnergy"",""DomesticAviationFuel"",""IndustryFinalEnergy"",""InternationalAviationBunker"",""ResidentialFuel"",""RoadResidualFuel"",""ServicesFuel""]","false","[""AC"",""H2"",""co2 captured""]","238262c9d52e9d087d116799cbba0e3b5140aade7f64e6b8ebc02a448cd1419d","[""oil""]"
"VN2 7 SMR","VN","SMR","gas -> steam methane reforming -> H2","true","true","ACTUAL_COMPLETE_EXPORTED_AND_RELOADED_NETWORK","0","Actual ports and nonzero-capable bound; not dispatch or simultaneous feasibility","true","[]","false","[""gas""]","238262c9d52e9d087d116799cbba0e3b5140aade7f64e6b8ebc02a448cd1419d","[""H2"",""co2 atmosphere""]"
"VN2 7 SMR CC","VN","SMR CC","gas -> steam methane reforming with capture -> H2 + captured CO2","true","true","ACTUAL_COMPLETE_EXPORTED_AND_RELOADED_NETWORK","0","Actual ports and nonzero-capable bound; not dispatch or simultaneous feasibility","true","[]","false","[""gas""]","238262c9d52e9d087d116799cbba0e3b5140aade7f64e6b8ebc02a448cd1419d","[""H2"",""co2 atmosphere"",""co2 captured""]"
"VN2 7 electrolysis","VN","H2 Electrolysis","electricity -> electrolysis -> H2","true","true","ACTUAL_COMPLETE_EXPORTED_AND_RELOADED_NETWORK","0","Actual ports and nonzero-capable bound; not dispatch or simultaneous feasibility","true","[]","false","[""AC""]","238262c9d52e9d087d116799cbba0e3b5140aade7f64e6b8ebc02a448cd1419d","[""H2""]"
"VN2 7 fuel cell","VN","H2 Fuel Cell","H2 -> fuel cell -> electricity","true","true","ACTUAL_COMPLETE_EXPORTED_AND_RELOADED_NETWORK","0","Actual ports and nonzero-capable bound; not dispatch or simultaneous feasibility","true","[]","false","[""H2""]","238262c9d52e9d087d116799cbba0e3b5140aade7f64e6b8ebc02a448cd1419d","[""AC""]"
