"AssetID","RawUnitID","Country","Technology","HydroSubtype","Survives2050MW","ActualIntegratedMW","Node","MappingDistanceKm","OriginalPartition","NodePartition","Component","Status","Reason","Source","SourceVersion","SourceRow"
"GEM:G100001051668","G100001051668","VN","Hydro","Reservoir","44","0","VN2 2","60.672904282412894","2","2","","SURVIVES_PENDING_OTHER_QUALIFICATIONS","Plant-owned inflow covers168h only; full-year reference inflow ownership has not been reconciled to surviving source units. Shared river/node flow cannot be duplicated.","Global-Hydropower-Tracker-April-2025.xlsx","d2fe29a7d198fd6752cb4cec3d88caf9f1d1105a7052fd0805f5cf5fc43777c4","Below Threshold:198"
"GEM:G100000604043","G100000604043","VN","Hydro","Reservoir","97","0","VN2 3","36.8308775180351","2","2","","SURVIVES_PENDING_OTHER_QUALIFICATIONS","Plant-owned inflow covers168h only; full-year reference inflow ownership has not been reconciled to surviving source units. Shared river/node flow cannot be duplicated.","Global-Hydropower-Tracker-April-2025.xlsx","d2fe29a7d198fd6752cb4cec3d88caf9f1d1105a7052fd0805f5cf5fc43777c4","Data:5385"
"GEM:G100000604042","G100000604042","VN","Hydro","Reservoir","90","0","VN2 1","54.72066851039017","2","2","","SURVIVES_PENDING_OTHER_QUALIFICATIONS","Plant-owned inflow covers168h only; full-year reference inflow ownership has not been reconciled to surviving source units. Shared river/node flow cannot be duplicated.","Global-Hydropower-Tracker-April-2025.xlsx","d2fe29a7d198fd6752cb4cec3d88caf9f1d1105a7052fd0805f5cf5fc43777c4","Data:5384"
"GEM:G100000101199","G100000101199","VN","Hard Coal","","57.5","57.5","VN2 6","50.47563127340038","2","2","existing_survivor::VN2 6::Hard Coal::48a795a500b1","ACTUALLY_INTEGRATED","","Global-Coal-Plant-Tracker-July-2025.xlsx","761e4cc56cdf0d5cc2df776073ca882d359b83724964568dd44e640a0b004644","Units:14100"
"GEM:G100000101200","G100000101200","VN","Hard Coal","","57.5","57.5","VN2 6","50.47563127340038","2","2","existing_survivor::VN2 6::Hard Coal::48a795a500b1","ACTUALLY_INTEGRATED","","Global-Coal-Plant-Tracker-July-2025.xlsx","761e4cc56cdf0d5cc2df776073ca882d359b83724964568dd44e640a0b004644","Units:14101"
"GEM:G100000604041","G100000604041","VN","Hydro","Run-Of-River","78","0","VN2 5","83.01370347981681","2","2","","SURVIVES_PENDING_OTHER_QUALIFICATIONS","Plant-owned168h inflow cannot provide the required annual availability; annual reference availability lacks a qualified source-unit ownership join.","Global-Hydropower-Tracker-April-2025.xlsx","d2fe29a7d198fd6752cb4cec3d88caf9f1d1105a7052fd0805f5cf5fc43777c4","Data:5382"
"GEM:G100000101164","G100000101164","VN","Hard Coal","","340","340","VN2 6","157.4347453858361","2","2","existing_survivor::VN2 6::Hard Coal::48a795a500b1","ACTUALLY_INTEGRATED","","Global-Coal-Plant-Tracker-July-2025.xlsx","761e4cc56cdf0d5cc2df776073ca882d359b83724964568dd44e640a0b004644","Units:14095"
"GEM:G100000101165","G100000101165","VN","Hard Coal","","340","340","VN2 6","157.4347453858361","2","2","existing_survivor::VN2 6::Hard Coal::48a795a500b1","ACTUALLY_INTEGRATED","","Global-Coal-Plant-Tracker-July-2025.xlsx","761e4cc56cdf0d5cc2df776073ca882d359b83724964568dd44e640a0b004644","Units:14096"
"GEM:G100000604040","G100000604040","VN","Hydro","Reservoir","86","0","VN2 4","19.61606288046527","2","2","","SURVIVES_PENDING_OTHER_QUALIFICATIONS","Plant-owned inflow covers168h only; full-year reference inflow ownership has not been reconciled to surviving source units. Shared river/node flow cannot be duplicated.","Global-Hydropower-Tracker-April-2025.xlsx","d2fe29a7d198fd6752cb4cec3d88caf9f1d1105a7052fd0805f5cf5fc43777c4","Data:5381"
"GEM:G100000604039","G100000604039","VN","Hydro","Reservoir","280","0","VN2 4","104.00480806359492","2","2","","SURVIVES_PENDING_OTHER_QUALIFICATIONS","Plant-owned inflow covers168h only; full-year reference inflow ownership has not been reconciled to surviving source units. Shared river/node flow cannot be duplicated.","Global-Hydropower-Tracker-April-2025.xlsx","d2fe29a7d198fd6752cb4cec3d88caf9f1d1105a7052fd0805f5cf5fc43777c4","Data:5380"
"GEM:G100000604038","G100000604038","VN","Hydro","Reservoir","320","0","VN2 3","81.73894994652682","2","2","","SURVIVES_PENDING_OTHER_QUALIFICATIONS","Plant-owned inflow covers168h only; full-year reference inflow ownership has not been reconciled to surviving source units. Shared river/node flow cannot be duplicated.","Global-Hydropower-Tracker-April-2025.xlsx","d2fe29a7d198fd6752cb4cec3d88caf9f1d1105a7052fd0805f5cf5fc43777c4","Data:5378"
"GEM:G100000604045","G100000604045","VN","Hydro","Reservoir","243","0","VN2 4","43.15639887922878","2","2","","SURVIVES_PENDING_OTHER_QUALIFICATIONS","Plant-owned inflow covers168h only; full-year reference inflow ownership has not been reconciled to surviving source units. Shared river/node flow cannot be duplicated.","Global-Hydropower-Tracker-April-2025.xlsx","d2fe29a7d198fd6752cb4cec3d88caf9f1d1105a7052fd0805f5cf5fc43777c4","Data:5387"
"GEM:G100000604037","G100000604037","VN","Hydro","Reservoir","220","0","VN2 1","25.19082347620513","2","2","","SURVIVES_PENDING_OTHER_QUALIFICATIONS","Plant-owned inflow covers168h only; full-year reference inflow ownership has not been reconciled to surviving source units. Shared river/node flow cannot be duplicated.","Global-Hydropower-Tracker-April-2025.xlsx","d2fe29a7d198fd6752cb4cec3d88caf9f1d1105a7052fd0805f5cf5fc43777c4","Data:5377"
"GEM:G100000604035","G100000604035","VN","Hydro","Run-Of-River","80","0","VN2 6","99.82350314276198","2","2","","SURVIVES_PENDING_OTHER_QUALIFICATIONS","Plant-owned168h inflow cannot provide the required annual availability; annual reference availability lacks a qualified source-unit ownership join.","Global-Hydropower-Tracker-April-2025.xlsx","d2fe29a7d198fd6752cb4cec3d88caf9f1d1105a7052fd0805f5cf5fc43777c4","Data:5375"
"GEM:G100000604034","G100000604034","VN","Hydro","Reservoir","160","0","VN2 7","36.37934004425575","2","2","","SURVIVES_PENDING_OTHER_QUALIFICATIONS","Plant-owned inflow covers168h only; full-year reference inflow ownership has not been reconciled to surviving source units. Shared river/node flow cannot be duplicated.","Global-Hydropower-Tracker-April-2025.xlsx","d2fe29a7d198fd6752cb4cec3d88caf9f1d1105a7052fd0805f5cf5fc43777c4","Data:5373"
"GEM:G100000100190","G100000100190","VN","Hard Coal","","50","50","VN2 6","50.47563127340038","2","2","existing_survivor::VN2 6::Hard Coal::48a795a500b1","ACTUALLY_INTEGRATED","","Global-Coal-Plant-Tracker-July-2025.xlsx","761e4cc56cdf0d5cc2df776073ca882d359b83724964568dd44e640a0b004644","Units:14088"
"GEM:G100000100191","G100000100191","VN","Hard Coal","","50","50","VN2 6","50.47563127340038","2","2","existing_survivor::VN2 6::Hard Coal::48a795a500b1","ACTUALLY_INTEGRATED","","Global-Coal-Plant-Tracker-July-2025.xlsx","761e4cc56cdf0d5cc2df776073ca882d359b83724964568dd44e640a0b004644","Units:14089"
"GEM:G100000109370","G100000109370","KH","Hard Coal","","135","135","KH2 0","65.51281427013474","2","2","existing_survivor::KH2 0::Hard Coal::df37d107dc97","ACTUALLY_INTEGRATED","","Global-Coal-Plant-Tracker-July-2025.xlsx","761e4cc56cdf0d5cc2df776073ca882d359b83724964568dd44e640a0b004644","Units:422"
"GEM:G100000109371","G100000109371","KH","Hard Coal","","135","135","KH2 0","65.51281427013474","2","2","existing_survivor::KH2 0::Hard Coal::df37d107dc97","ACTUALLY_INTEGRATED","","Global-Coal-Plant-Tracker-July-2025.xlsx","761e4cc56cdf0d5cc2df776073ca882d359b83724964568dd44e640a0b004644","Units:423"
"GEM:G100000109372","G100000109372","KH","Hard Coal","","135","135","KH2 0","65.51281427013474","2","2","existing_survivor::KH2 0::Hard Coal::df37d107dc97","ACTUALLY_INTEGRATED","","Global-Coal-Plant-Tracker-July-2025.xlsx","761e4cc56cdf0d5cc2df776073ca882d359b83724964568dd44e640a0b004644","Units:424"
"GEM:G100000114128","G100000114128","KH","Hard Coal","","350","350","KH2 0","65.51281427013474","2","2","existing_survivor::KH2 0::Hard Coal::df37d107dc97","ACTUALLY_INTEGRATED","","Global-Coal-Plant-Tracker-July-2025.xlsx","761e4cc56cdf0d5cc2df776073ca882d359b83724964568dd44e640a0b004644","Units:429"
"GEM:G100000114129","G100000114129","KH","Hard Coal","","350","350","KH2 0","65.51281427013474","2","2","existing_survivor::KH2 0::Hard Coal::df37d107dc97","ACTUALLY_INTEGRATED","","Global-Coal-Plant-Tracker-July-2025.xlsx","761e4cc56cdf0d5cc2df776073ca882d359b83724964568dd44e640a0b004644","Units:430"
"GEM:G100000109368","G100000109368","KH","Hard Coal","","50","50","KH2 0","65.51281427013474","2","2","existing_survivor::KH2 0::Hard Coal::df37d107dc97","ACTUALLY_INTEGRATED","","Global-Coal-Plant-Tracker-July-2025.xlsx","761e4cc56cdf0d5cc2df776073ca882d359b83724964568dd44e640a0b004644","Units:419"
"GEM:G100000109369","G100000109369","KH","Hard Coal","","50","50","KH2 0","65.51281427013474","2","2","existing_survivor::KH2 0::Hard Coal::df37d107dc97","ACTUALLY_INTEGRATED","","Global-Coal-Plant-Tracker-July-2025.xlsx","761e4cc56cdf0d5cc2df776073ca882d359b83724964568dd44e640a0b004644","Units:420"
"GEM:G100000113072","G100000113072","KH","Hard Coal","","150","150","KH2 0","65.51281427013474","2","2","existing_survivor::KH2 0::Hard Coal::df37d107dc97","ACTUALLY_INTEGRATED","","Global-Coal-Plant-Tracker-July-2025.xlsx","761e4cc56cdf0d5cc2df776073ca882d359b83724964568dd44e640a0b004644","Units:421"
"GEM:G100000600378","G100000600378","KH","Hydro","Reservoir","132","0","KH2 2","7.166310672919418","2","2","","SURVIVES_PENDING_OTHER_QUALIFICATIONS","Plant-owned inflow covers168h only; full-year reference inflow ownership has not been reconciled to surviving source units. Shared river/node flow cannot be duplicated.","Global-Hydropower-Tracker-April-2025.xlsx","d2fe29a7d198fd6752cb4cec3d88caf9f1d1105a7052fd0805f5cf5fc43777c4","Data:494"
"GEM:G100000600379","G100000600379","KH","Hydro","Reservoir","206","0","KH2 2","7.166310672919418","2","2","","SURVIVES_PENDING_OTHER_QUALIFICATIONS","Plant-owned inflow covers168h only; full-year reference inflow ownership has not been reconciled to surviving source units. Shared river/node flow cannot be duplicated.","Global-Hydropower-Tracker-April-2025.xlsx","d2fe29a7d198fd6752cb4cec3d88caf9f1d1105a7052fd0805f5cf5fc43777c4","Data:495"
"GEM:G100000600376","G100000600376","KH","Hydro","Reservoir","194","0","KH2 0","31.324434599324736","2","2","","SURVIVES_PENDING_OTHER_QUALIFICATIONS","Plant-owned inflow covers168h only; full-year reference inflow ownership has not been reconciled to surviving source units. Shared river/node flow cannot be duplicated.","Global-Hydropower-Tracker-April-2025.xlsx","d2fe29a7d198fd6752cb4cec3d88caf9f1d1105a7052fd0805f5cf5fc43777c4","Data:492"
"GEM:G100000604057","G100000604057","VN","Hydro","Reservoir","300","0","VN2 4","71.06486469110997","2","2","","SURVIVES_PENDING_OTHER_QUALIFICATIONS","Plant-owned inflow covers168h only; full-year reference inflow ownership has not been reconciled to surviving source units. Shared river/node flow cannot be duplicated.","Global-Hydropower-Tracker-April-2025.xlsx","d2fe29a7d198fd6752cb4cec3d88caf9f1d1105a7052fd0805f5cf5fc43777c4","Data:5402"
"GEM:G100000604046","G100000604046","VN","Hydro","Reservoir","300","0","VN2 4","45.24531401553013","2","2","","SURVIVES_PENDING_OTHER_QUALIFICATIONS","Plant-owned inflow covers168h only; full-year reference inflow ownership has not been reconciled to surviving source units. Shared river/node flow cannot be duplicated.","Global-Hydropower-Tracker-April-2025.xlsx","d2fe29a7d198fd6752cb4cec3d88caf9f1d1105a7052fd0805f5cf5fc43777c4","Data:5388"
"GEM:G100000106993","G100000106993","VN","Hard Coal","","540","540","VN2 6","157.4347453858361","2","2","existing_survivor::VN2 6::Hard Coal::48a795a500b1","ACTUALLY_INTEGRATED","","Global-Coal-Plant-Tracker-July-2025.xlsx","761e4cc56cdf0d5cc2df776073ca882d359b83724964568dd44e640a0b004644","Units:14173"
"GEM:G100000106994","G100000106994","VN","Hard Coal","","540","540","VN2 6","157.4347453858361","2","2","existing_survivor::VN2 6::Hard Coal::48a795a500b1","ACTUALLY_INTEGRATED","","Global-Coal-Plant-Tracker-July-2025.xlsx","761e4cc56cdf0d5cc2df776073ca882d359b83724964568dd44e640a0b004644","Units:14174"
"GEM:G100000106995","G100000106995","VN","Hard Coal","","620","620","VN2 6","157.4347453858361","2","2","existing_survivor::VN2 6::Hard Coal::48a795a500b1","ACTUALLY_INTEGRATED","","Global-Coal-Plant-Tracker-July-2025.xlsx","761e4cc56cdf0d5cc2df776073ca882d359b83724964568dd44e640a0b004644","Units:14175"
"GEM:G100000106996","G100000106996","VN","Hard Coal","","620","620","VN2 6","157.4347453858361","2","2","existing_survivor::VN2 6::Hard Coal::48a795a500b1","ACTUALLY_INTEGRATED","","Global-Coal-Plant-Tracker-July-2025.xlsx","761e4cc56cdf0d5cc2df776073ca882d359b83724964568dd44e640a0b004644","Units:14176"
"GEM:G100000404530","G100000404530","VN","CCGT","","330","330","VN2 0","40.06097350479704","2","2","existing_survivor::GEM:G100000404530","ACTUALLY_INTEGRATED","","Global-Oil-and-Gas-Plant-Tracker-GOGPT-August-2025.xlsx","0a903cae9037bcc8f6223bd0642efaf8f28169fd0fef0d84e4ca0ecfb17da659","Gas & Oil Units:13087"
"GEM:G100000106640","G100000106640","VN","Hard Coal","","220","220","VN2 6","89.0456300639999","2","2","existing_survivor::VN2 6::Hard Coal::48a795a500b1","ACTUALLY_INTEGRATED","","Global-Coal-Plant-Tracker-July-2025.xlsx","761e4cc56cdf0d5cc2df776073ca882d359b83724964568dd44e640a0b004644","Units:14170"
"GEM:G100000106641","G100000106641","VN","Hard Coal","","220","220","VN2 6","89.0456300639999","2","2","existing_survivor::VN2 6::Hard Coal::48a795a500b1","ACTUALLY_INTEGRATED","","Global-Coal-Plant-Tracker-July-2025.xlsx","761e4cc56cdf0d5cc2df776073ca882d359b83724964568dd44e640a0b004644","Units:14171"
"GEM:G100000604032","G100000604032","VN","Hydro","Reservoir","170","0","VN2 2","60.672904282412894","2","2","","SURVIVES_PENDING_OTHER_QUALIFICATIONS","Plant-owned inflow covers168h only; full-year reference inflow ownership has not been reconciled to surviving source units. Shared river/node flow cannot be duplicated.","Global-Hydropower-Tracker-April-2025.xlsx","d2fe29a7d198fd6752cb4cec3d88caf9f1d1105a7052fd0805f5cf5fc43777c4","Data:5371"
"GEM:G100000604065","G100000604065","VN","Hydro","Reservoir","1200","0","VN2 1","76.97497399599979","2","2","","SURVIVES_PENDING_OTHER_QUALIFICATIONS","Plant-owned inflow covers168h only; full-year reference inflow ownership has not been reconciled to surviving source units. Shared river/node flow cannot be duplicated.","Global-Hydropower-Tracker-April-2025.xlsx","d2fe29a7d198fd6752cb4cec3d88caf9f1d1105a7052fd0805f5cf5fc43777c4","Data:5411"
"GEM:G100000604063","G100000604063","VN","Hydro","Reservoir","360","0","VN2 7","73.85032304111405","2","2","","SURVIVES_PENDING_OTHER_QUALIFICATIONS","Plant-owned inflow covers168h only; full-year reference inflow ownership has not been reconciled to surviving source units. Shared river/node flow cannot be duplicated.","Global-Hydropower-Tracker-April-2025.xlsx","d2fe29a7d198fd6752cb4cec3d88caf9f1d1105a7052fd0805f5cf5fc43777c4","Data:5408"
"GEM:G100000604062","G100000604062","VN","Hydro","Reservoir","81","0","VN2 2","60.672904282412894","2","2","","SURVIVES_PENDING_OTHER_QUALIFICATIONS","Plant-owned inflow covers168h only; full-year reference inflow ownership has not been reconciled to surviving source units. Shared river/node flow cannot be duplicated.","Global-Hydropower-Tracker-April-2025.xlsx","d2fe29a7d198fd6752cb4cec3d88caf9f1d1105a7052fd0805f5cf5fc43777c4","Data:5407"
"GEM:G100000604061","G100000604061","VN","Hydro","Reservoir","520","0","VN2 1","25.774082978368885","2","2","","SURVIVES_PENDING_OTHER_QUALIFICATIONS","Plant-owned inflow covers168h only; full-year reference inflow ownership has not been reconciled to surviving source units. Shared river/node flow cannot be duplicated.","Global-Hydropower-Tracker-April-2025.xlsx","d2fe29a7d198fd6752cb4cec3d88caf9f1d1105a7052fd0805f5cf5fc43777c4","Data:5406"
"GEM:G100000604060","G100000604060","VN","Hydro","Reservoir","180","0","VN2 3","36.8308775180351","2","2","","SURVIVES_PENDING_OTHER_QUALIFICATIONS","Plant-owned inflow covers168h only; full-year reference inflow ownership has not been reconciled to surviving source units. Shared river/node flow cannot be duplicated.","Global-Hydropower-Tracker-April-2025.xlsx","d2fe29a7d198fd6752cb4cec3d88caf9f1d1105a7052fd0805f5cf5fc43777c4","Data:5405"
"GEM:G100000604058","G100000604058","VN","Hydro","Reservoir","2400","0","VN2 6","78.50861916563525","2","2","","SURVIVES_PENDING_OTHER_QUALIFICATIONS","Plant-owned inflow covers168h only; full-year reference inflow ownership has not been reconciled to surviving source units. Shared river/node flow cannot be duplicated.","Global-Hydropower-Tracker-April-2025.xlsx","d2fe29a7d198fd6752cb4cec3d88caf9f1d1105a7052fd0805f5cf5fc43777c4","Data:5403"
"GEM:G100000103546","G100000103546","VN","Hard Coal","","300","300","VN2 6","104.60968452159213","2","2","existing_survivor::VN2 6::Hard Coal::48a795a500b1","ACTUALLY_INTEGRATED","","Global-Coal-Plant-Tracker-July-2025.xlsx","761e4cc56cdf0d5cc2df776073ca882d359b83724964568dd44e640a0b004644","Units:14139"
"GEM:G100000103547","G100000103547","VN","Hard Coal","","300","300","VN2 6","104.60968452159213","2","2","existing_survivor::VN2 6::Hard Coal::48a795a500b1","ACTUALLY_INTEGRATED","","Global-Coal-Plant-Tracker-July-2025.xlsx","761e4cc56cdf0d5cc2df776073ca882d359b83724964568dd44e640a0b004644","Units:14140"
"GEM:G100000103548","G100000103548","VN","Hard Coal","","300","300","VN2 6","104.60968452159213","2","2","existing_survivor::VN2 6::Hard Coal::48a795a500b1","ACTUALLY_INTEGRATED","","Global-Coal-Plant-Tracker-July-2025.xlsx","761e4cc56cdf0d5cc2df776073ca882d359b83724964568dd44e640a0b004644","Units:14141"
"GEM:G100000103549","G100000103549","VN","Hard Coal","","300","300","VN2 6","104.60968452159213","2","2","existing_survivor::VN2 6::Hard Coal::48a795a500b1","ACTUALLY_INTEGRATED","","Global-Coal-Plant-Tracker-July-2025.xlsx","761e4cc56cdf0d5cc2df776073ca882d359b83724964568dd44e640a0b004644","Units:14142"
"GEM:G100000604047","G100000604047","VN","Hydro","Reservoir","125","0","VN2 7","108.77257410610108","2","2","","SURVIVES_PENDING_OTHER_QUALIFICATIONS","Plant-owned inflow covers168h only; full-year reference inflow ownership has not been reconciled to surviving source units. Shared river/node flow cannot be duplicated.","Global-Hydropower-Tracker-April-2025.xlsx","d2fe29a7d198fd6752cb4cec3d88caf9f1d1105a7052fd0805f5cf5fc43777c4","Data:5389"
"GEM:G100000103517","G100000103517","VN","Hard Coal","","150","150","VN2 3","80.52133733810717","2","2","existing_survivor::VN2 3::Hard Coal::e262108267c1","ACTUALLY_INTEGRATED","","Global-Coal-Plant-Tracker-July-2025.xlsx","761e4cc56cdf0d5cc2df776073ca882d359b83724964568dd44e640a0b004644","Units:14119"
"GEM:G100000103519","G100000103519","VN","Hard Coal","","150","150","VN2 3","80.52133733810717","2","2","existing_survivor::VN2 3::Hard Coal::e262108267c1","ACTUALLY_INTEGRATED","","Global-Coal-Plant-Tracker-July-2025.xlsx","761e4cc56cdf0d5cc2df776073ca882d359b83724964568dd44e640a0b004644","Units:14121"
"GEM:G100000103520","G100000103520","VN","Hard Coal","","150","150","VN2 3","80.52133733810717","2","2","existing_survivor::VN2 3::Hard Coal::e262108267c1","ACTUALLY_INTEGRATED","","Global-Coal-Plant-Tracker-July-2025.xlsx","761e4cc56cdf0d5cc2df776073ca882d359b83724964568dd44e640a0b004644","Units:14122"
"GEM:G100000102530","G100000102530","VN","Hard Coal","","622.5","622.5","VN2 0","79.63057651407301","2","2","existing_survivor::VN2 0::Hard Coal::c0838dfab541","ACTUALLY_INTEGRATED","","Global-Coal-Plant-Tracker-July-2025.xlsx","761e4cc56cdf0d5cc2df776073ca882d359b83724964568dd44e640a0b004644","Units:14110"
"GEM:G100000102531","G100000102531","VN","Hard Coal","","622.5","622.5","VN2 0","79.63057651407301","2","2","existing_survivor::VN2 0::Hard Coal::c0838dfab541","ACTUALLY_INTEGRATED","","Global-Coal-Plant-Tracker-July-2025.xlsx","761e4cc56cdf0d5cc2df776073ca882d359b83724964568dd44e640a0b004644","Units:14111"
"GEM:G100000102532","G100000102532","VN","Hard Coal","","600","600","VN2 0","79.63057651407301","2","2","existing_survivor::VN2 0::Hard Coal::c0838dfab541","ACTUALLY_INTEGRATED","","Global-Coal-Plant-Tracker-July-2025.xlsx","761e4cc56cdf0d5cc2df776073ca882d359b83724964568dd44e640a0b004644","Units:14112"
"GEM:G100000102534","G100000102534","VN","Hard Coal","","688","688","VN2 0","79.63057651407301","2","2","existing_survivor::VN2 0::Hard Coal::c0838dfab541","ACTUALLY_INTEGRATED","","Global-Coal-Plant-Tracker-July-2025.xlsx","761e4cc56cdf0d5cc2df776073ca882d359b83724964568dd44e640a0b004644","Units:14114"
"GEM:G100000102535","G100000102535","VN","Hard Coal","","622.5","622.5","VN2 0","79.63057651407301","2","2","existing_survivor::VN2 0::Hard Coal::c0838dfab541","ACTUALLY_INTEGRATED","","Global-Coal-Plant-Tracker-July-2025.xlsx","761e4cc56cdf0d5cc2df776073ca882d359b83724964568dd44e640a0b004644","Units:14115"
"GEM:G100000102536","G100000102536","VN","Hard Coal","","622.5","622.5","VN2 0","79.63057651407301","2","2","existing_survivor::VN2 0::Hard Coal::c0838dfab541","ACTUALLY_INTEGRATED","","Global-Coal-Plant-Tracker-July-2025.xlsx","761e4cc56cdf0d5cc2df776073ca882d359b83724964568dd44e640a0b004644","Units:14116"
"GEM:G100000114509","G100000114509","VN","Hard Coal","","600","600","VN2 0","79.63057651407301","2","2","existing_survivor::VN2 0::Hard Coal::c0838dfab541","ACTUALLY_INTEGRATED","","Global-Coal-Plant-Tracker-July-2025.xlsx","761e4cc56cdf0d5cc2df776073ca882d359b83724964568dd44e640a0b004644","Units:14113"
"GEM:G100000604053","G100000604053","VN","Hydro","Reservoir","180","0","VN2 4","43.469959673728425","2","2","","SURVIVES_PENDING_OTHER_QUALIFICATIONS","Plant-owned inflow covers168h only; full-year reference inflow ownership has not been reconciled to surviving source units. Shared river/node flow cannot be duplicated.","Global-Hydropower-Tracker-April-2025.xlsx","d2fe29a7d198fd6752cb4cec3d88caf9f1d1105a7052fd0805f5cf5fc43777c4","Data:5398"
"GEM:G100000604055","G100000604055","VN","Hydro","Reservoir","150","0","VN2 4","81.91767553367404","2","2","","SURVIVES_PENDING_OTHER_QUALIFICATIONS","Plant-owned inflow covers168h only; full-year reference inflow ownership has not been reconciled to surviving source units. Shared river/node flow cannot be duplicated.","Global-Hydropower-Tracker-April-2025.xlsx","d2fe29a7d198fd6752cb4cec3d88caf9f1d1105a7052fd0805f5cf5fc43777c4","Data:5400"
"GEM:G100000604054","G100000604054","VN","Hydro","Reservoir","340","0","VN2 4","43.469959673728425","2","2","","SURVIVES_PENDING_OTHER_QUALIFICATIONS","Plant-owned inflow covers168h only; full-year reference inflow ownership has not been reconciled to surviving source units. Shared river/node flow cannot be duplicated.","Global-Hydropower-Tracker-April-2025.xlsx","d2fe29a7d198fd6752cb4cec3d88caf9f1d1105a7052fd0805f5cf5fc43777c4","Data:5399"
"GEM:G100001027570","G100001027570","VN","Hydro","Reservoir","70","0","VN2 4","43.469959673728425","2","2","","SURVIVES_PENDING_OTHER_QUALIFICATIONS","Plant-owned inflow covers168h only; full-year reference inflow ownership has not been reconciled to surviving source units. Shared river/node flow cannot be duplicated.","Global-Hydropower-Tracker-April-2025.xlsx","d2fe29a7d198fd6752cb4cec3d88caf9f1d1105a7052fd0805f5cf5fc43777c4","Data:5397"
"GEM:G100000604052","G100000604052","VN","Hydro","Run-Of-River","75","0","VN2 4","81.91767553367404","2","2","","SURVIVES_PENDING_OTHER_QUALIFICATIONS","Plant-owned168h inflow cannot provide the required annual availability; annual reference availability lacks a qualified source-unit ownership join.","Global-Hydropower-Tracker-April-2025.xlsx","d2fe29a7d198fd6752cb4cec3d88caf9f1d1105a7052fd0805f5cf5fc43777c4","Data:5396"
"GEM:G100000604051","G100000604051","VN","Hydro","Reservoir","82","0","VN2 4","93.998236199349","2","2","","SURVIVES_PENDING_OTHER_QUALIFICATIONS","Plant-owned inflow covers168h only; full-year reference inflow ownership has not been reconciled to surviving source units. Shared river/node flow cannot be duplicated.","Global-Hydropower-Tracker-April-2025.xlsx","d2fe29a7d198fd6752cb4cec3d88caf9f1d1105a7052fd0805f5cf5fc43777c4","Data:5394"
"GEM:G100000604049","G100000604049","VN","Hydro","Reservoir","148","0","VN2 2","20.483948637673294","2","2","","SURVIVES_PENDING_OTHER_QUALIFICATIONS","Plant-owned inflow covers168h only; full-year reference inflow ownership has not been reconciled to surviving source units. Shared river/node flow cannot be duplicated.","Global-Hydropower-Tracker-April-2025.xlsx","d2fe29a7d198fd6752cb4cec3d88caf9f1d1105a7052fd0805f5cf5fc43777c4","Data:5392"
"GEM:G100000602443","G100000602443","LA","Hydro","Run-Of-River","76","0","LA2 4","43.11178140556924","2","2","","SURVIVES_PENDING_OTHER_QUALIFICATIONS","Plant-owned168h inflow cannot provide the required annual availability; annual reference availability lacks a qualified source-unit ownership join.","Global-Hydropower-Tracker-April-2025.xlsx","d2fe29a7d198fd6752cb4cec3d88caf9f1d1105a7052fd0805f5cf5fc43777c4","Data:3308"
"GEM:G100001051363","G100001051363","LA","Hydro","Run-Of-River","45","0","LA2 4","43.11178140556924","2","2","","SURVIVES_PENDING_OTHER_QUALIFICATIONS","Plant-owned168h inflow cannot provide the required annual availability; annual reference availability lacks a qualified source-unit ownership join.","Global-Hydropower-Tracker-April-2025.xlsx","d2fe29a7d198fd6752cb4cec3d88caf9f1d1105a7052fd0805f5cf5fc43777c4","Data:3307"
"GEM:G100000602436","G100000602436","LA","Hydro","Reservoir","250","0","LA2 4","122.35927286767921","2","2","","SURVIVES_PENDING_OTHER_QUALIFICATIONS","Plant-owned inflow covers168h only; full-year reference inflow ownership has not been reconciled to surviving source units. Shared river/node flow cannot be duplicated.","Global-Hydropower-Tracker-April-2025.xlsx","d2fe29a7d198fd6752cb4cec3d88caf9f1d1105a7052fd0805f5cf5fc43777c4","Data:3300"
"GEM:G100000602431","G100000602431","LA","Hydro","Run-Of-River","440","0","LA2 3","31.666348544345578","2","2","","SURVIVES_PENDING_OTHER_QUALIFICATIONS","Plant-owned168h inflow cannot provide the required annual availability; annual reference availability lacks a qualified source-unit ownership join.","Global-Hydropower-Tracker-April-2025.xlsx","d2fe29a7d198fd6752cb4cec3d88caf9f1d1105a7052fd0805f5cf5fc43777c4","Data:3294"
"GEM:G100000106632","G100000106632","MY","Hard Coal","","1000","1000","MY_Peninsular2 0","129.71324237308258","2","2","existing_survivor::MY_Peninsular2 0::Hard Coal::a89c954fcb8c","ACTUALLY_INTEGRATED","","Global-Coal-Plant-Tracker-July-2025.xlsx","761e4cc56cdf0d5cc2df776073ca882d359b83724964568dd44e640a0b004644","Units:10509"
"GEM:G100000106633","G100000106633","MY","Hard Coal","","1000","1000","MY_Peninsular2 0","129.71324237308258","2","2","existing_survivor::MY_Peninsular2 0::Hard Coal::a89c954fcb8c","ACTUALLY_INTEGRATED","","Global-Coal-Plant-Tracker-July-2025.xlsx","761e4cc56cdf0d5cc2df776073ca882d359b83724964568dd44e640a0b004644","Units:10510"
"GEM:G100000602471","G100000602471","MY","Hydro","Reservoir","120","0","MY_Peninsular2 0","57.54582654359434","2","2","","SURVIVES_PENDING_OTHER_QUALIFICATIONS","Plant-owned inflow covers168h only; full-year reference inflow ownership has not been reconciled to surviving source units. Shared river/node flow cannot be duplicated.","Global-Hydropower-Tracker-April-2025.xlsx","d2fe29a7d198fd6752cb4cec3d88caf9f1d1105a7052fd0805f5cf5fc43777c4","Data:3342"
"GEM:G100000105181","G100000105181","MY","Hard Coal","","1000","1000","MY_Peninsular2 1","139.46815633520873","2","2","existing_survivor::MY_Peninsular2 1::Hard Coal::713604df9be8","ACTUALLY_INTEGRATED","","Global-Coal-Plant-Tracker-July-2025.xlsx","761e4cc56cdf0d5cc2df776073ca882d359b83724964568dd44e640a0b004644","Units:10498"
"GEM:G100000105182","G100000105182","MY","Hard Coal","","1000","1000","MY_Peninsular2 1","139.46815633520873","2","2","existing_survivor::MY_Peninsular2 1::Hard Coal::713604df9be8","ACTUALLY_INTEGRATED","","Global-Coal-Plant-Tracker-July-2025.xlsx","761e4cc56cdf0d5cc2df776073ca882d359b83724964568dd44e640a0b004644","Units:10499"
"GEM:G100000105183","G100000105183","MY","Hard Coal","","700","700","MY_Peninsular2 1","139.46815633520873","2","2","existing_survivor::MY_Peninsular2 1::Hard Coal::713604df9be8","ACTUALLY_INTEGRATED","","Global-Coal-Plant-Tracker-July-2025.xlsx","761e4cc56cdf0d5cc2df776073ca882d359b83724964568dd44e640a0b004644","Units:10500"
"GEM:G100000105184","G100000105184","MY","Hard Coal","","700","700","MY_Peninsular2 1","139.46815633520873","2","2","existing_survivor::MY_Peninsular2 1::Hard Coal::713604df9be8","ACTUALLY_INTEGRATED","","Global-Coal-Plant-Tracker-July-2025.xlsx","761e4cc56cdf0d5cc2df776073ca882d359b83724964568dd44e640a0b004644","Units:10501"
"GEM:G100000602470","G100000602470","MY","Hydro","Reservoir","265","0","MY_Peninsular2 0","119.99604941035491","2","2","","SURVIVES_PENDING_OTHER_QUALIFICATIONS","Plant-owned inflow covers168h only; full-year reference inflow ownership has not been reconciled to surviving source units. Shared river/node flow cannot be duplicated.","Global-Hydropower-Tracker-April-2025.xlsx","d2fe29a7d198fd6752cb4cec3d88caf9f1d1105a7052fd0805f5cf5fc43777c4","Data:3341"
"GEM:G100000404319","G100000404319","MY","CCGT","","375","375","MY_Peninsular2 1","139.46815633520873","2","2","existing_survivor::MY_Peninsular2 1::CCGT::9cf824f0c146","ACTUALLY_INTEGRATED","","Global-Oil-and-Gas-Plant-Tracker-GOGPT-August-2025.xlsx","0a903cae9037bcc8f6223bd0642efaf8f28169fd0fef0d84e4ca0ecfb17da659","Gas & Oil Units:5715"
"GEM:G100000602426","G100000602426","LA","Hydro","Reservoir","1070","0","LA2 3","31.666348544345578","2","2","","SURVIVES_PENDING_OTHER_QUALIFICATIONS","Plant-owned inflow covers168h only; full-year reference inflow ownership has not been reconciled to surviving source units. Shared river/node flow cannot be duplicated.","Global-Hydropower-Tracker-April-2025.xlsx","d2fe29a7d198fd6752cb4cec3d88caf9f1d1105a7052fd0805f5cf5fc43777c4","Data:3288"
"GEM:G100001027324","G100001027324","MY","Hydro","Reservoir","72","0","MY_Peninsular2 0","60.304607575197394","2","2","","SURVIVES_PENDING_OTHER_QUALIFICATIONS","Plant-owned inflow covers168h only; full-year reference inflow ownership has not been reconciled to surviving source units. Shared river/node flow cannot be duplicated.","Global-Hydropower-Tracker-April-2025.xlsx","d2fe29a7d198fd6752cb4cec3d88caf9f1d1105a7052fd0805f5cf5fc43777c4","Data:3340"
"GEM:G100000602468","G100000602468","MY","Hydro","Reservoir","108","0","MY_Sarawak4 1","104.21554661950087","4","4","","SURVIVES_PENDING_OTHER_QUALIFICATIONS","Plant-owned inflow covers168h only; full-year reference inflow ownership has not been reconciled to surviving source units. Shared river/node flow cannot be duplicated.","Global-Hydropower-Tracker-April-2025.xlsx","d2fe29a7d198fd6752cb4cec3d88caf9f1d1105a7052fd0805f5cf5fc43777c4","Data:3338"
"GEM:G100000404483","G100000404483","TH","CCGT","","750","750","TH2 2","44.24439215833734","2","2","existing_survivor::TH2 2::CCGT::1580dccb80c4","ACTUALLY_INTEGRATED","","Global-Oil-and-Gas-Plant-Tracker-GOGPT-August-2025.xlsx","0a903cae9037bcc8f6223bd0642efaf8f28169fd0fef0d84e4ca0ecfb17da659","Gas & Oil Units:9068"
"GEM:G100000603610","G100000603610","TH","Hydro","Reservoir","300","0","TH2 2","136.46745058571992","2","2","","SURVIVES_PENDING_OTHER_QUALIFICATIONS","Plant-owned inflow covers168h only; full-year reference inflow ownership has not been reconciled to surviving source units. Shared river/node flow cannot be duplicated.","Global-Hydropower-Tracker-April-2025.xlsx","d2fe29a7d198fd6752cb4cec3d88caf9f1d1105a7052fd0805f5cf5fc43777c4","Data:4726"
"GEM:G100000107089","G100000107089","MY","Hard Coal","","135","135","MY_Sarawak4 1","127.656360917882","4","4","existing_survivor::MY_Sarawak4 1::Hard Coal::9979e52cd256","ACTUALLY_INTEGRATED","","Global-Coal-Plant-Tracker-July-2025.xlsx","761e4cc56cdf0d5cc2df776073ca882d359b83724964568dd44e640a0b004644","Units:10512"
"GEM:G100000107090","G100000107090","MY","Hard Coal","","135","135","MY_Sarawak4 1","127.656360917882","4","4","existing_survivor::MY_Sarawak4 1::Hard Coal::9979e52cd256","ACTUALLY_INTEGRATED","","Global-Coal-Plant-Tracker-July-2025.xlsx","761e4cc56cdf0d5cc2df776073ca882d359b83724964568dd44e640a0b004644","Units:10513"
"GEM:G100000602411","G100000602411","LA","Hydro","Reservoir","120","0","LA2 1","31.15337348835516","2","2","","SURVIVES_PENDING_OTHER_QUALIFICATIONS","Plant-owned inflow covers168h only; full-year reference inflow ownership has not been reconciled to surviving source units. Shared river/node flow cannot be duplicated.","Global-Hydropower-Tracker-April-2025.xlsx","d2fe29a7d198fd6752cb4cec3d88caf9f1d1105a7052fd0805f5cf5fc43777c4","Data:3268"
"GEM:G100000602408","G100000602408","LA","Hydro","Reservoir","615","0","LA2 2","38.78345770112278","2","2","","SURVIVES_PENDING_OTHER_QUALIFICATIONS","Plant-owned inflow covers168h only; full-year reference inflow ownership has not been reconciled to surviving source units. Shared river/node flow cannot be duplicated.","Global-Hydropower-Tracker-April-2025.xlsx","d2fe29a7d198fd6752cb4cec3d88caf9f1d1105a7052fd0805f5cf5fc43777c4","Data:3265"
"GEM:G100000602402","G100000602402","LA","Hydro","Reservoir","100","0","LA2 2","61.086284001003946","2","2","","SURVIVES_PENDING_OTHER_QUALIFICATIONS","Plant-owned inflow covers168h only; full-year reference inflow ownership has not been reconciled to surviving source units. Shared river/node flow cannot be duplicated.","Global-Hydropower-Tracker-April-2025.xlsx","d2fe29a7d198fd6752cb4cec3d88caf9f1d1105a7052fd0805f5cf5fc43777c4","Data:3256"
"GEM:G100001027322","G100001027322","LA","Hydro","Run-Of-River","60","0","LA2 2","12.912320750485662","2","2","","SURVIVES_PENDING_OTHER_QUALIFICATIONS","Plant-owned168h inflow cannot provide the required annual availability; annual reference availability lacks a qualified source-unit ownership join.","Global-Hydropower-Tracker-April-2025.xlsx","d2fe29a7d198fd6752cb4cec3d88caf9f1d1105a7052fd0805f5cf5fc43777c4","Data:3254"
"GEM:G100000602391","G100000602391","LA","Hydro","Reservoir","152","0","LA2 4","9.053618531155394","2","2","","SURVIVES_PENDING_OTHER_QUALIFICATIONS","Plant-owned inflow covers168h only; full-year reference inflow ownership has not been reconciled to surviving source units. Shared river/node flow cannot be duplicated.","Global-Hydropower-Tracker-April-2025.xlsx","d2fe29a7d198fd6752cb4cec3d88caf9f1d1105a7052fd0805f5cf5fc43777c4","Data:3234"
"GEM:G100000103946","G100000103946","LA","Lignite","","626","626","LA2 5","81.77864419099078","2","2","existing_survivor::LA2 5::Lignite::3b26fcde74e2","ACTUALLY_INTEGRATED","","Global-Coal-Plant-Tracker-July-2025.xlsx","761e4cc56cdf0d5cc2df776073ca882d359b83724964568dd44e640a0b004644","Units:10458"
"GEM:G100000103947","G100000103947","LA","Lignite","","626","626","LA2 5","81.77864419099078","2","2","existing_survivor::LA2 5::Lignite::3b26fcde74e2","ACTUALLY_INTEGRATED","","Global-Coal-Plant-Tracker-July-2025.xlsx","761e4cc56cdf0d5cc2df776073ca882d359b83724964568dd44e640a0b004644","Units:10459"
"GEM:G100000103948","G100000103948","LA","Lignite","","626","626","LA2 5","81.77864419099078","2","2","existing_survivor::LA2 5::Lignite::3b26fcde74e2","ACTUALLY_INTEGRATED","","Global-Coal-Plant-Tracker-July-2025.xlsx","761e4cc56cdf0d5cc2df776073ca882d359b83724964568dd44e640a0b004644","Units:10460"
"GEM:G100000602487","G100000602487","MY","Hydro","Run-Of-River","75","0","MY_Sabah4 0","87.77465943554535","4","4","","SURVIVES_PENDING_OTHER_QUALIFICATIONS","Plant-owned168h inflow cannot provide the required annual availability; annual reference availability lacks a qualified source-unit ownership join.","Global-Hydropower-Tracker-April-2025.xlsx","d2fe29a7d198fd6752cb4cec3d88caf9f1d1105a7052fd0805f5cf5fc43777c4","Data:3359"
"GEM:G100000602486","G100000602486","MY","Hydro","Reservoir","348","0","MY_Peninsular2 0","60.304607575197394","2","2","","SURVIVES_PENDING_OTHER_QUALIFICATIONS","Plant-owned inflow covers168h only; full-year reference inflow ownership has not been reconciled to surviving source units. Shared river/node flow cannot be duplicated.","Global-Hydropower-Tracker-April-2025.xlsx","d2fe29a7d198fd6752cb4cec3d88caf9f1d1105a7052fd0805f5cf5fc43777c4","Data:3358"
"GEM:G100000109948","G100000109948","MY","Hard Coal","","700","700","MY_Peninsular2 1","167.50222128633698","2","2","existing_survivor::MY_Peninsular2 1::Hard Coal::713604df9be8","ACTUALLY_INTEGRATED","","Global-Coal-Plant-Tracker-July-2025.xlsx","761e4cc56cdf0d5cc2df776073ca882d359b83724964568dd44e640a0b004644","Units:10524"
"GEM:G100000109949","G100000109949","MY","Hard Coal","","700","700","MY_Peninsular2 1","167.50222128633698","2","2","existing_survivor::MY_Peninsular2 1::Hard Coal::713604df9be8","ACTUALLY_INTEGRATED","","Global-Coal-Plant-Tracker-July-2025.xlsx","761e4cc56cdf0d5cc2df776073ca882d359b83724964568dd44e640a0b004644","Units:10525"
"GEM:G100000109950","G100000109950","MY","Hard Coal","","700","700","MY_Peninsular2 1","167.50222128633698","2","2","existing_survivor::MY_Peninsular2 1::Hard Coal::713604df9be8","ACTUALLY_INTEGRATED","","Global-Coal-Plant-Tracker-July-2025.xlsx","761e4cc56cdf0d5cc2df776073ca882d359b83724964568dd44e640a0b004644","Units:10526"
"GEM:G100000109951","G100000109951","MY","Hard Coal","","1000","1000","MY_Peninsular2 1","167.50222128633698","2","2","existing_survivor::MY_Peninsular2 1::Hard Coal::713604df9be8","ACTUALLY_INTEGRATED","","Global-Coal-Plant-Tracker-July-2025.xlsx","761e4cc56cdf0d5cc2df776073ca882d359b83724964568dd44e640a0b004644","Units:10527"
"GEM:G100001027325","G100001027325","MY","Hydro","Run-Of-River","54","0","MY_Peninsular2 0","85.4871849036656","2","2","","SURVIVES_PENDING_OTHER_QUALIFICATIONS","Plant-owned168h inflow cannot provide the required annual availability; annual reference availability lacks a qualified source-unit ownership join.","Global-Hydropower-Tracker-April-2025.xlsx","d2fe29a7d198fd6752cb4cec3d88caf9f1d1105a7052fd0805f5cf5fc43777c4","Data:3356"
"GEM:G100000602482","G100000602482","MY","Hydro","Reservoir","400","0","MY_Peninsular2 0","154.36121350749784","2","2","","SURVIVES_PENDING_OTHER_QUALIFICATIONS","Plant-owned inflow covers168h only; full-year reference inflow ownership has not been reconciled to surviving source units. Shared river/node flow cannot be duplicated.","Global-Hydropower-Tracker-April-2025.xlsx","d2fe29a7d198fd6752cb4cec3d88caf9f1d1105a7052fd0805f5cf5fc43777c4","Data:3353"
"GEM:G100000404351","G100000404351","MY","CCGT","","536","536","MY_Peninsular2 0","123.61271867120584","2","2","existing_survivor::MY_Peninsular2 0::CCGT::b289447d60a7","ACTUALLY_INTEGRATED","","Global-Oil-and-Gas-Plant-Tracker-GOGPT-August-2025.xlsx","0a903cae9037bcc8f6223bd0642efaf8f28169fd0fef0d84e4ca0ecfb17da659","Gas & Oil Units:5753"
"GEM:G100000404352","G100000404352","MY","CCGT","","536","536","MY_Peninsular2 0","123.61271867120584","2","2","existing_survivor::MY_Peninsular2 0::CCGT::b289447d60a7","ACTUALLY_INTEGRATED","","Global-Oil-and-Gas-Plant-Tracker-GOGPT-August-2025.xlsx","0a903cae9037bcc8f6223bd0642efaf8f28169fd0fef0d84e4ca0ecfb17da659","Gas & Oil Units:5754"
"GEM:G100000602479","G100000602479","MY","Hydro","Reservoir","600","0","MY_Peninsular2 0","76.319208178523","2","2","","SURVIVES_PENDING_OTHER_QUALIFICATIONS","Plant-owned inflow covers168h only; full-year reference inflow ownership has not been reconciled to surviving source units. Shared river/node flow cannot be duplicated.","Global-Hydropower-Tracker-April-2025.xlsx","d2fe29a7d198fd6752cb4cec3d88caf9f1d1105a7052fd0805f5cf5fc43777c4","Data:3350"
"GEM:G100000604066","G100000604066","VN","Hydro","Reservoir","200","0","VN2 1","44.07483889723692","2","2","","SURVIVES_PENDING_OTHER_QUALIFICATIONS","Plant-owned inflow covers168h only; full-year reference inflow ownership has not been reconciled to surviving source units. Shared river/node flow cannot be duplicated.","Global-Hydropower-Tracker-April-2025.xlsx","d2fe29a7d198fd6752cb4cec3d88caf9f1d1105a7052fd0805f5cf5fc43777c4","Data:5412"
"GEM:G100000604067","G100000604067","VN","Hydro","Reservoir","84","0","VN2 1","76.97497399599979","2","2","","SURVIVES_PENDING_OTHER_QUALIFICATIONS","Plant-owned inflow covers168h only; full-year reference inflow ownership has not been reconciled to surviving source units. Shared river/node flow cannot be duplicated.","Global-Hydropower-Tracker-April-2025.xlsx","d2fe29a7d198fd6752cb4cec3d88caf9f1d1105a7052fd0805f5cf5fc43777c4","Data:5415"
"GEM:G100000102268","G100000102268","PH","Hard Coal","","150","150","PH_Mindanao6 1","105.77843252082042","6","6","existing_survivor::PH_Mindanao6 1::Hard Coal::647ee25dd78b","ACTUALLY_INTEGRATED","","Global-Coal-Plant-Tracker-July-2025.xlsx","761e4cc56cdf0d5cc2df776073ca882d359b83724964568dd44e640a0b004644","Units:10955"
"GEM:G100000102269","G100000102269","PH","Hard Coal","","150","150","PH_Mindanao6 1","105.77843252082042","6","6","existing_survivor::PH_Mindanao6 1::Hard Coal::647ee25dd78b","ACTUALLY_INTEGRATED","","Global-Coal-Plant-Tracker-July-2025.xlsx","761e4cc56cdf0d5cc2df776073ca882d359b83724964568dd44e640a0b004644","Units:10956"
"GEM:G100000603197","G100000603197","PH","Hydro","Reservoir","380","0","PH_Luzon5 0","121.66181671350925","5","5","","SURVIVES_PENDING_OTHER_QUALIFICATIONS","Plant-owned inflow covers168h only; full-year reference inflow ownership has not been reconciled to surviving source units. Shared river/node flow cannot be duplicated.","Global-Hydropower-Tracker-April-2025.xlsx","d2fe29a7d198fd6752cb4cec3d88caf9f1d1105a7052fd0805f5cf5fc43777c4","Data:4121"
"GEM:G100000106294","G100000106294","PH","Hard Coal","","134","134","PH_Luzon5 0","162.2972973234205","5","5","existing_survivor::PH_Luzon5 0::Hard Coal::c2a0ecc3dff4","ACTUALLY_INTEGRATED","","Global-Coal-Plant-Tracker-July-2025.xlsx","761e4cc56cdf0d5cc2df776073ca882d359b83724964568dd44e640a0b004644","Units:10979"
"GEM:G100000106295","G100000106295","PH","Hard Coal","","134","134","PH_Luzon5 0","162.2972973234205","5","5","existing_survivor::PH_Luzon5 0::Hard Coal::c2a0ecc3dff4","ACTUALLY_INTEGRATED","","Global-Coal-Plant-Tracker-July-2025.xlsx","761e4cc56cdf0d5cc2df776073ca882d359b83724964568dd44e640a0b004644","Units:10980"
"GEM:G100000106296","G100000106296","PH","Hard Coal","","134","134","PH_Luzon5 0","162.2972973234205","5","5","existing_survivor::PH_Luzon5 0::Hard Coal::c2a0ecc3dff4","ACTUALLY_INTEGRATED","","Global-Coal-Plant-Tracker-July-2025.xlsx","761e4cc56cdf0d5cc2df776073ca882d359b83724964568dd44e640a0b004644","Units:10981"
"GEM:G100000106297","G100000106297","PH","Hard Coal","","134","134","PH_Luzon5 0","162.2972973234205","5","5","existing_survivor::PH_Luzon5 0::Hard Coal::c2a0ecc3dff4","ACTUALLY_INTEGRATED","","Global-Coal-Plant-Tracker-July-2025.xlsx","761e4cc56cdf0d5cc2df776073ca882d359b83724964568dd44e640a0b004644","Units:10982"
"GEM:G100000603193","G100000603193","PH","Hydro","Pumped Storage","366","0","PH_Luzon5 0","154.7626369590323","5","5","","SURVIVES_PENDING_OTHER_QUALIFICATIONS","Original duration/storage energy missing; reference fixed PHS max_hours=0 is not a qualified usable energy capacity. Resolve source duration/config discrepancy; natural river inflow is not this blocker.","Global-Hydropower-Tracker-April-2025.xlsx","d2fe29a7d198fd6752cb4cec3d88caf9f1d1105a7052fd0805f5cf5fc43777c4","Data:4116"
"GEM:G100000603194","G100000603194","PH","Hydro","Pumped Storage","370","0","PH_Luzon5 0","154.7626369590323","5","5","","SURVIVES_PENDING_OTHER_QUALIFICATIONS","Original duration/storage energy missing; reference fixed PHS max_hours=0 is not a qualified usable energy capacity. Resolve source duration/config discrepancy; natural river inflow is not this blocker.","Global-Hydropower-Tracker-April-2025.xlsx","d2fe29a7d198fd6752cb4cec3d88caf9f1d1105a7052fd0805f5cf5fc43777c4","Data:4117"
"GEM:G100000102263","G100000102263","PH","Hard Coal","","150","150","PH_Mindanao6 1","123.05647032288994","6","6","existing_survivor::PH_Mindanao6 1::Hard Coal::647ee25dd78b","ACTUALLY_INTEGRATED","","Global-Coal-Plant-Tracker-July-2025.xlsx","761e4cc56cdf0d5cc2df776073ca882d359b83724964568dd44e640a0b004644","Units:10950"
"GEM:G100000102264","G100000102264","PH","Hard Coal","","150","150","PH_Mindanao6 1","123.05647032288994","6","6","existing_survivor::PH_Mindanao6 1::Hard Coal::647ee25dd78b","ACTUALLY_INTEGRATED","","Global-Coal-Plant-Tracker-July-2025.xlsx","761e4cc56cdf0d5cc2df776073ca882d359b83724964568dd44e640a0b004644","Units:10951"
"GEM:G100000101687","G100000101687","PH","Hard Coal","","135","135","PH_Visayas7 0","89.29911589903571","7","7","existing_survivor::PH_Visayas7 0::Hard Coal::610bb8bbbc6a","ACTUALLY_INTEGRATED","","Global-Coal-Plant-Tracker-July-2025.xlsx","761e4cc56cdf0d5cc2df776073ca882d359b83724964568dd44e640a0b004644","Units:10945"
"GEM:G100000603184","G100000603184","PH","Hydro","Run-Of-River","150","0","PH_Luzon5 0","31.496458733043603","5","5","","SURVIVES_PENDING_OTHER_QUALIFICATIONS","Plant-owned168h inflow cannot provide the required annual availability; annual reference availability lacks a qualified source-unit ownership join.","Global-Hydropower-Tracker-April-2025.xlsx","d2fe29a7d198fd6752cb4cec3d88caf9f1d1105a7052fd0805f5cf5fc43777c4","Data:4104"
"GEM:G100000101151","G100000101151","PH","Hard Coal","","150","150","PH_Luzon5 0","533.7764700711334","5","5","existing_survivor::PH_Luzon5 0::Hard Coal::c2a0ecc3dff4","ACTUALLY_INTEGRATED","","Global-Coal-Plant-Tracker-July-2025.xlsx","761e4cc56cdf0d5cc2df776073ca882d359b83724964568dd44e640a0b004644","Units:10938"
"GEM:G100000101152","G100000101152","PH","Hard Coal","","150","150","PH_Luzon5 0","533.7764700711334","5","5","existing_survivor::PH_Luzon5 0::Hard Coal::c2a0ecc3dff4","ACTUALLY_INTEGRATED","","Global-Coal-Plant-Tracker-July-2025.xlsx","761e4cc56cdf0d5cc2df776073ca882d359b83724964568dd44e640a0b004644","Units:10939"
"GEM:G100000106690","G100000106690","PH","Hard Coal","","325.8","325.8","PH_Luzon5 0","162.2972973234205","5","5","existing_survivor::PH_Luzon5 0::Hard Coal::c2a0ecc3dff4","ACTUALLY_INTEGRATED","","Global-Coal-Plant-Tracker-July-2025.xlsx","761e4cc56cdf0d5cc2df776073ca882d359b83724964568dd44e640a0b004644","Units:10990"
"GEM:G100000106691","G100000106691","PH","Hard Coal","","325.8","325.8","PH_Luzon5 0","162.2972973234205","5","5","existing_survivor::PH_Luzon5 0::Hard Coal::c2a0ecc3dff4","ACTUALLY_INTEGRATED","","Global-Coal-Plant-Tracker-July-2025.xlsx","761e4cc56cdf0d5cc2df776073ca882d359b83724964568dd44e640a0b004644","Units:10991"
"GEM:G100000106715","G100000106715","PH","Hard Coal","","351.8","351.8","PH_Luzon5 0","137.22904319069914","5","5","existing_survivor::PH_Luzon5 0::Hard Coal::c2a0ecc3dff4","ACTUALLY_INTEGRATED","","Global-Coal-Plant-Tracker-July-2025.xlsx","761e4cc56cdf0d5cc2df776073ca882d359b83724964568dd44e640a0b004644","Units:10994"
"GEM:G100000603205","G100000603205","PH","Hydro","Reservoir","435","0","PH_Luzon5 0","74.94347864913354","5","5","","SURVIVES_PENDING_OTHER_QUALIFICATIONS","Plant-owned inflow covers168h only; full-year reference inflow ownership has not been reconciled to surviving source units. Shared river/node flow cannot be duplicated.","Global-Hydropower-Tracker-April-2025.xlsx","d2fe29a7d198fd6752cb4cec3d88caf9f1d1105a7052fd0805f5cf5fc43777c4","Data:4138"
"GEM:G100000404389","G100000404389","PH","CCGT","","420","420","PH_Luzon5 0","188.95367129653079","5","5","existing_survivor::GEM:G100000404389","ACTUALLY_INTEGRATED","","Global-Oil-and-Gas-Plant-Tracker-GOGPT-August-2025.xlsx","0a903cae9037bcc8f6223bd0642efaf8f28169fd0fef0d84e4ca0ecfb17da659","Gas & Oil Units:6619"
"GEM:G100000108399","G100000108399","PH","Hard Coal","","528","528","PH_Luzon5 0","188.95367129653079","5","5","existing_survivor::PH_Luzon5 0::Hard Coal::c2a0ecc3dff4","ACTUALLY_INTEGRATED","","Global-Coal-Plant-Tracker-July-2025.xlsx","761e4cc56cdf0d5cc2df776073ca882d359b83724964568dd44e640a0b004644","Units:11031"
"GEM:G100000108251","G100000108251","PH","Hard Coal","","135","135","PH_Luzon5 0","533.7764700711334","5","5","existing_survivor::PH_Luzon5 0::Hard Coal::c2a0ecc3dff4","ACTUALLY_INTEGRATED","","Global-Coal-Plant-Tracker-July-2025.xlsx","761e4cc56cdf0d5cc2df776073ca882d359b83724964568dd44e640a0b004644","Units:11027"
"GEM:G100000108252","G100000108252","PH","Hard Coal","","135","135","PH_Luzon5 0","533.7764700711334","5","5","existing_survivor::PH_Luzon5 0::Hard Coal::c2a0ecc3dff4","ACTUALLY_INTEGRATED","","Global-Coal-Plant-Tracker-July-2025.xlsx","761e4cc56cdf0d5cc2df776073ca882d359b83724964568dd44e640a0b004644","Units:11028"
"GEM:G100000603203","G100000603203","PH","Hydro","Run-Of-River","255","0","PH_Mindanao6 1","19.311954502760305","6","6","","SURVIVES_PENDING_OTHER_QUALIFICATIONS","Plant-owned168h inflow cannot provide the required annual availability; annual reference availability lacks a qualified source-unit ownership join.","Global-Hydropower-Tracker-April-2025.xlsx","d2fe29a7d198fd6752cb4cec3d88caf9f1d1105a7052fd0805f5cf5fc43777c4","Data:4134"
"GEM:G100000603201","G100000603201","PH","Hydro","Reservoir","120","0","PH_Luzon5 0","31.496458733043603","5","5","","SURVIVES_PENDING_OTHER_QUALIFICATIONS","Plant-owned inflow covers168h only; full-year reference inflow ownership has not been reconciled to surviving source units. Shared river/node flow cannot be duplicated.","Global-Hydropower-Tracker-April-2025.xlsx","d2fe29a7d198fd6752cb4cec3d88caf9f1d1105a7052fd0805f5cf5fc43777c4","Data:4131"
"GEM:G100000107749","G100000107749","PH","Hard Coal","","150","150","PH_Visayas7 0","120.84190470826431","7","7","existing_survivor::PH_Visayas7 0::Hard Coal::610bb8bbbc6a","ACTUALLY_INTEGRATED","","Global-Coal-Plant-Tracker-July-2025.xlsx","761e4cc56cdf0d5cc2df776073ca882d359b83724964568dd44e640a0b004644","Units:11021"
"GEM:G100000107751","G100000107751","PH","Hard Coal","","82","82","PH_Visayas7 0","120.84190470826431","7","7","existing_survivor::PH_Visayas7 0::Hard Coal::610bb8bbbc6a","ACTUALLY_INTEGRATED","","Global-Coal-Plant-Tracker-July-2025.xlsx","761e4cc56cdf0d5cc2df776073ca882d359b83724964568dd44e640a0b004644","Units:11019"
"GEM:G100000107752","G100000107752","PH","Hard Coal","","82","82","PH_Visayas7 0","120.84190470826431","7","7","existing_survivor::PH_Visayas7 0::Hard Coal::610bb8bbbc6a","ACTUALLY_INTEGRATED","","Global-Coal-Plant-Tracker-July-2025.xlsx","761e4cc56cdf0d5cc2df776073ca882d359b83724964568dd44e640a0b004644","Units:11020"
"GEM:G100000107724","G100000107724","PH","Hard Coal","","420","420","PH_Luzon5 0","197.06852677899172","5","5","existing_survivor::PH_Luzon5 0::Hard Coal::c2a0ecc3dff4","ACTUALLY_INTEGRATED","","Global-Coal-Plant-Tracker-July-2025.xlsx","761e4cc56cdf0d5cc2df776073ca882d359b83724964568dd44e640a0b004644","Units:11016"
"GEM:G100000107172","G100000107172","PH","Hard Coal","","110.5","110.5","PH_Visayas7 0","55.92599329947265","7","7","existing_survivor::PH_Visayas7 0::Hard Coal::610bb8bbbc6a","ACTUALLY_INTEGRATED","","Global-Coal-Plant-Tracker-July-2025.xlsx","761e4cc56cdf0d5cc2df776073ca882d359b83724964568dd44e640a0b004644","Units:11007"
"GEM:G100000107173","G100000107173","PH","Hard Coal","","110.5","110.5","PH_Visayas7 0","55.92599329947265","7","7","existing_survivor::PH_Visayas7 0::Hard Coal::610bb8bbbc6a","ACTUALLY_INTEGRATED","","Global-Coal-Plant-Tracker-July-2025.xlsx","761e4cc56cdf0d5cc2df776073ca882d359b83724964568dd44e640a0b004644","Units:11008"
"GEM:G100000106947","G100000106947","PH","Hard Coal","","135","135","PH_Mindanao6 1","85.80650282368879","6","6","existing_survivor::PH_Mindanao6 1::Hard Coal::647ee25dd78b","ACTUALLY_INTEGRATED","","Global-Coal-Plant-Tracker-July-2025.xlsx","761e4cc56cdf0d5cc2df776073ca882d359b83724964568dd44e640a0b004644","Units:11000"
"GEM:G100000106948","G100000106948","PH","Hard Coal","","135","135","PH_Mindanao6 1","85.80650282368879","6","6","existing_survivor::PH_Mindanao6 1::Hard Coal::647ee25dd78b","ACTUALLY_INTEGRATED","","Global-Coal-Plant-Tracker-July-2025.xlsx","761e4cc56cdf0d5cc2df776073ca882d359b83724964568dd44e640a0b004644","Units:11001"
"GEM:G100000106949","G100000106949","PH","Hard Coal","","135","135","PH_Mindanao6 1","85.80650282368879","6","6","existing_survivor::PH_Mindanao6 1::Hard Coal::647ee25dd78b","ACTUALLY_INTEGRATED","","Global-Coal-Plant-Tracker-July-2025.xlsx","761e4cc56cdf0d5cc2df776073ca882d359b83724964568dd44e640a0b004644","Units:11002"
"GEM:G100000106931","G100000106931","PH","Hard Coal","","116","116","PH_Mindanao6 1","85.80650282368879","6","6","existing_survivor::PH_Mindanao6 1::Hard Coal::647ee25dd78b","ACTUALLY_INTEGRATED","","Global-Coal-Plant-Tracker-July-2025.xlsx","761e4cc56cdf0d5cc2df776073ca882d359b83724964568dd44e640a0b004644","Units:10997"
"GEM:G100000106932","G100000106932","PH","Hard Coal","","116","116","PH_Mindanao6 1","85.80650282368879","6","6","existing_survivor::PH_Mindanao6 1::Hard Coal::647ee25dd78b","ACTUALLY_INTEGRATED","","Global-Coal-Plant-Tracker-July-2025.xlsx","761e4cc56cdf0d5cc2df776073ca882d359b83724964568dd44e640a0b004644","Units:10998"
"GEM:G100000101109","G100000101109","PH","Hard Coal","","84","84","PH_Luzon5 0","44.60285042764791","5","5","existing_survivor::PH_Luzon5 0::Hard Coal::c2a0ecc3dff4","ACTUALLY_INTEGRATED","","Global-Coal-Plant-Tracker-July-2025.xlsx","761e4cc56cdf0d5cc2df776073ca882d359b83724964568dd44e640a0b004644","Units:10933"
"GEM:G100000603179","G100000603179","PH","Hydro","Reservoir","140","0","PH_Luzon5 0","103.05993349842107","5","5","","SURVIVES_PENDING_OTHER_QUALIFICATIONS","Plant-owned inflow covers168h only; full-year reference inflow ownership has not been reconciled to surviving source units. Shared river/node flow cannot be duplicated.","Global-Hydropower-Tracker-April-2025.xlsx","d2fe29a7d198fd6752cb4cec3d88caf9f1d1105a7052fd0805f5cf5fc43777c4","Data:4097"
"GEM:G100001027571","G100001027571","VN","Hydro","Run-Of-River","66","0","VN2 1","74.67791073163912","2","2","","SURVIVES_PENDING_OTHER_QUALIFICATIONS","Plant-owned168h inflow cannot provide the required annual availability; annual reference availability lacks a qualified source-unit ownership join.","Global-Hydropower-Tracker-April-2025.xlsx","d2fe29a7d198fd6752cb4cec3d88caf9f1d1105a7052fd0805f5cf5fc43777c4","Data:5414"
"GEM:G100000604072","G100000604072","VN","Hydro","Reservoir","108","0","VN2 7","85.03183893050512","2","2","","SURVIVES_PENDING_OTHER_QUALIFICATIONS","Plant-owned inflow covers168h only; full-year reference inflow ownership has not been reconciled to surviving source units. Shared river/node flow cannot be duplicated.","Global-Hydropower-Tracker-April-2025.xlsx","d2fe29a7d198fd6752cb4cec3d88caf9f1d1105a7052fd0805f5cf5fc43777c4","Data:5426"
"GEM:G100000604078","G100000604078","VN","Hydro","Run-Of-River","190","0","VN2 2","62.70152489062314","2","2","","SURVIVES_PENDING_OTHER_QUALIFICATIONS","Plant-owned168h inflow cannot provide the required annual availability; annual reference availability lacks a qualified source-unit ownership join.","Global-Hydropower-Tracker-April-2025.xlsx","d2fe29a7d198fd6752cb4cec3d88caf9f1d1105a7052fd0805f5cf5fc43777c4","Data:5438"
"GEM:G100001027579","G100001027579","VN","Hydro","Reservoir","62","0","VN2 2","62.70152489062314","2","2","","SURVIVES_PENDING_OTHER_QUALIFICATIONS","Plant-owned inflow covers168h only; full-year reference inflow ownership has not been reconciled to surviving source units. Shared river/node flow cannot be duplicated.","Global-Hydropower-Tracker-April-2025.xlsx","d2fe29a7d198fd6752cb4cec3d88caf9f1d1105a7052fd0805f5cf5fc43777c4","Data:5439"
"GEM:G100001027578","G100001027578","VN","Hydro","Reservoir","70","0","VN2 7","137.3794436328324","2","2","","SURVIVES_PENDING_OTHER_QUALIFICATIONS","Plant-owned inflow covers168h only; full-year reference inflow ownership has not been reconciled to surviving source units. Shared river/node flow cannot be duplicated.","Global-Hydropower-Tracker-April-2025.xlsx","d2fe29a7d198fd6752cb4cec3d88caf9f1d1105a7052fd0805f5cf5fc43777c4","Data:5436"
"GEM:G100001027577","G100001027577","VN","Hydro","Run-Of-River","63","0","VN2 2","20.483948637673294","2","2","","SURVIVES_PENDING_OTHER_QUALIFICATIONS","Plant-owned168h inflow cannot provide the required annual availability; annual reference availability lacks a qualified source-unit ownership join.","Global-Hydropower-Tracker-April-2025.xlsx","d2fe29a7d198fd6752cb4cec3d88caf9f1d1105a7052fd0805f5cf5fc43777c4","Data:5435"
"GEM:G100001027575","G100001027575","VN","Hydro","Reservoir","49","0","VN2 2","20.483948637673294","2","2","","SURVIVES_PENDING_OTHER_QUALIFICATIONS","Plant-owned inflow covers168h only; full-year reference inflow ownership has not been reconciled to surviving source units. Shared river/node flow cannot be duplicated.","Global-Hydropower-Tracker-April-2025.xlsx","d2fe29a7d198fd6752cb4cec3d88caf9f1d1105a7052fd0805f5cf5fc43777c4","Data:5433"
"GEM:G100000604077","G100000604077","VN","Hydro","Reservoir","156","0","VN2 2","20.483948637673294","2","2","","SURVIVES_PENDING_OTHER_QUALIFICATIONS","Plant-owned inflow covers168h only; full-year reference inflow ownership has not been reconciled to surviving source units. Shared river/node flow cannot be duplicated.","Global-Hydropower-Tracker-April-2025.xlsx","d2fe29a7d198fd6752cb4cec3d88caf9f1d1105a7052fd0805f5cf5fc43777c4","Data:5432"
"GEM:G100001027576","G100001027576","VN","Hydro","Reservoir","57","0","VN2 2","20.483948637673294","2","2","","SURVIVES_PENDING_OTHER_QUALIFICATIONS","Plant-owned inflow covers168h only; full-year reference inflow ownership has not been reconciled to surviving source units. Shared river/node flow cannot be duplicated.","Global-Hydropower-Tracker-April-2025.xlsx","d2fe29a7d198fd6752cb4cec3d88caf9f1d1105a7052fd0805f5cf5fc43777c4","Data:5434"
"GEM:G100000604075","G100000604075","VN","Hydro","Reservoir","220","0","VN2 7","137.3794436328324","2","2","","SURVIVES_PENDING_OTHER_QUALIFICATIONS","Plant-owned inflow covers168h only; full-year reference inflow ownership has not been reconciled to surviving source units. Shared river/node flow cannot be duplicated.","Global-Hydropower-Tracker-April-2025.xlsx","d2fe29a7d198fd6752cb4cec3d88caf9f1d1105a7052fd0805f5cf5fc43777c4","Data:5430"
"GEM:G100000604074","G100000604074","VN","Hydro","Reservoir","2400","0","VN2 1","44.07483889723692","2","2","","SURVIVES_PENDING_OTHER_QUALIFICATIONS","Plant-owned inflow covers168h only; full-year reference inflow ownership has not been reconciled to surviving source units. Shared river/node flow cannot be duplicated.","Global-Hydropower-Tracker-April-2025.xlsx","d2fe29a7d198fd6752cb4cec3d88caf9f1d1105a7052fd0805f5cf5fc43777c4","Data:5429"
"GEM:G100000109506","G100000109506","VN","Hard Coal","","110","110","VN2 6","89.0456300639999","2","2","existing_survivor::VN2 6::Hard Coal::48a795a500b1","ACTUALLY_INTEGRATED","","Global-Coal-Plant-Tracker-July-2025.xlsx","761e4cc56cdf0d5cc2df776073ca882d359b83724964568dd44e640a0b004644","Units:14224"
"GEM:G100000109507","G100000109507","VN","Hard Coal","","110","110","VN2 6","89.0456300639999","2","2","existing_survivor::VN2 6::Hard Coal::48a795a500b1","ACTUALLY_INTEGRATED","","Global-Coal-Plant-Tracker-July-2025.xlsx","761e4cc56cdf0d5cc2df776073ca882d359b83724964568dd44e640a0b004644","Units:14225"
"GEM:G100001027574","G100001027574","VN","Hydro","Reservoir","63","0","VN2 7","85.03183893050512","2","2","","SURVIVES_PENDING_OTHER_QUALIFICATIONS","Plant-owned inflow covers168h only; full-year reference inflow ownership has not been reconciled to surviving source units. Shared river/node flow cannot be duplicated.","Global-Hydropower-Tracker-April-2025.xlsx","d2fe29a7d198fd6752cb4cec3d88caf9f1d1105a7052fd0805f5cf5fc43777c4","Data:5428"
"GEM:G100000604073","G100000604073","VN","Hydro","Reservoir","360","0","VN2 7","85.03183893050512","2","2","","SURVIVES_PENDING_OTHER_QUALIFICATIONS","Plant-owned inflow covers168h only; full-year reference inflow ownership has not been reconciled to surviving source units. Shared river/node flow cannot be duplicated.","Global-Hydropower-Tracker-April-2025.xlsx","d2fe29a7d198fd6752cb4cec3d88caf9f1d1105a7052fd0805f5cf5fc43777c4","Data:5427"
"GEM:G100000604071","G100000604071","VN","Hydro","Reservoir","260","0","VN2 7","85.03183893050512","2","2","","SURVIVES_PENDING_OTHER_QUALIFICATIONS","Plant-owned inflow covers168h only; full-year reference inflow ownership has not been reconciled to surviving source units. Shared river/node flow cannot be duplicated.","Global-Hydropower-Tracker-April-2025.xlsx","d2fe29a7d198fd6752cb4cec3d88caf9f1d1105a7052fd0805f5cf5fc43777c4","Data:5425"
"GEM:G100000108384","G100000108384","VN","Hard Coal","","300","300","VN2 6","126.27109183926316","2","2","existing_survivor::VN2 6::Hard Coal::48a795a500b1","ACTUALLY_INTEGRATED","","Global-Coal-Plant-Tracker-July-2025.xlsx","761e4cc56cdf0d5cc2df776073ca882d359b83724964568dd44e640a0b004644","Units:14205"
"GEM:G100000108385","G100000108385","VN","Hard Coal","","300","300","VN2 6","126.27109183926316","2","2","existing_survivor::VN2 6::Hard Coal::48a795a500b1","ACTUALLY_INTEGRATED","","Global-Coal-Plant-Tracker-July-2025.xlsx","761e4cc56cdf0d5cc2df776073ca882d359b83724964568dd44e640a0b004644","Units:14206"
"GEM:G100000108386","G100000108386","VN","Hard Coal","","300","300","VN2 6","126.27109183926316","2","2","existing_survivor::VN2 6::Hard Coal::48a795a500b1","ACTUALLY_INTEGRATED","","Global-Coal-Plant-Tracker-July-2025.xlsx","761e4cc56cdf0d5cc2df776073ca882d359b83724964568dd44e640a0b004644","Units:14207"
"GEM:G100000108387","G100000108387","VN","Hard Coal","","300","300","VN2 6","126.27109183926316","2","2","existing_survivor::VN2 6::Hard Coal::48a795a500b1","ACTUALLY_INTEGRATED","","Global-Coal-Plant-Tracker-July-2025.xlsx","761e4cc56cdf0d5cc2df776073ca882d359b83724964568dd44e640a0b004644","Units:14208"
"GEM:G100000604070","G100000604070","VN","Hydro","Reservoir","100","0","VN2 7","73.85032304111405","2","2","","SURVIVES_PENDING_OTHER_QUALIFICATIONS","Plant-owned inflow covers168h only; full-year reference inflow ownership has not been reconciled to surviving source units. Shared river/node flow cannot be duplicated.","Global-Hydropower-Tracker-April-2025.xlsx","d2fe29a7d198fd6752cb4cec3d88caf9f1d1105a7052fd0805f5cf5fc43777c4","Data:5423"
"GEM:G100000107494","G100000107494","VN","Hard Coal","","30","30","VN2 2","48.53365732961962","2","2","existing_survivor::GEM:G100000107494","ACTUALLY_INTEGRATED","","Global-Coal-Plant-Tracker-July-2025.xlsx","761e4cc56cdf0d5cc2df776073ca882d359b83724964568dd44e640a0b004644","Units:14192"
"GEM:G100000404521","G100000404521","VN","CCGT","","750","750","VN2 5","90.5556007142635","2","2","existing_survivor::GEM:G100000404521","ACTUALLY_INTEGRATED","","Global-Oil-and-Gas-Plant-Tracker-GOGPT-August-2025.xlsx","0a903cae9037bcc8f6223bd0642efaf8f28169fd0fef0d84e4ca0ecfb17da659","Gas & Oil Units:13083"
"GEM:G100000604068","G100000604068","VN","Hydro","Reservoir","110","0","VN2 6","77.05476405401303","2","2","","SURVIVES_PENDING_OTHER_QUALIFICATIONS","Plant-owned inflow covers168h only; full-year reference inflow ownership has not been reconciled to surviving source units. Shared river/node flow cannot be duplicated.","Global-Hydropower-Tracker-April-2025.xlsx","d2fe29a7d198fd6752cb4cec3d88caf9f1d1105a7052fd0805f5cf5fc43777c4","Data:5420"
"GEM:G100001051654","G100001051654","VN","Hydro","Reservoir","48","0","VN2 6","77.05476405401303","2","2","","SURVIVES_PENDING_OTHER_QUALIFICATIONS","Plant-owned inflow covers168h only; full-year reference inflow ownership has not been reconciled to surviving source units. Shared river/node flow cannot be duplicated.","Global-Hydropower-Tracker-April-2025.xlsx","d2fe29a7d198fd6752cb4cec3d88caf9f1d1105a7052fd0805f5cf5fc43777c4","Data:5419"
"GEM:G100001027573","G100001027573","VN","Hydro","Run-Of-River","84","0","VN2 1","74.67791073163912","2","2","","SURVIVES_PENDING_OTHER_QUALIFICATIONS","Plant-owned168h inflow cannot provide the required annual availability; annual reference availability lacks a qualified source-unit ownership join.","Global-Hydropower-Tracker-April-2025.xlsx","d2fe29a7d198fd6752cb4cec3d88caf9f1d1105a7052fd0805f5cf5fc43777c4","Data:5417"
"GEM:G100001027572","G100001027572","VN","Hydro","Reservoir","48","0","VN2 1","32.72719965022725","2","2","","SURVIVES_PENDING_OTHER_QUALIFICATIONS","Plant-owned inflow covers168h only; full-year reference inflow ownership has not been reconciled to surviving source units. Shared river/node flow cannot be duplicated.","Global-Hydropower-Tracker-April-2025.xlsx","d2fe29a7d198fd6752cb4cec3d88caf9f1d1105a7052fd0805f5cf5fc43777c4","Data:5416"
"GEM:G100000107410","G100000107410","VN","Hard Coal","","300","300","VN2 3","24.065019048071832","2","2","existing_survivor::VN2 3::Hard Coal::e262108267c1","ACTUALLY_INTEGRATED","","Global-Coal-Plant-Tracker-July-2025.xlsx","761e4cc56cdf0d5cc2df776073ca882d359b83724964568dd44e640a0b004644","Units:14184"
"GEM:G100000107411","G100000107411","VN","Hard Coal","","300","300","VN2 3","24.065019048071832","2","2","existing_survivor::VN2 3::Hard Coal::e262108267c1","ACTUALLY_INTEGRATED","","Global-Coal-Plant-Tracker-July-2025.xlsx","761e4cc56cdf0d5cc2df776073ca882d359b83724964568dd44e640a0b004644","Units:14185"
"GEM:G100000107412","G100000107412","VN","Hard Coal","","660","660","VN2 3","24.065019048071832","2","2","existing_survivor::VN2 3::Hard Coal::e262108267c1","ACTUALLY_INTEGRATED","","Global-Coal-Plant-Tracker-July-2025.xlsx","761e4cc56cdf0d5cc2df776073ca882d359b83724964568dd44e640a0b004644","Units:14186"
"GEM:G100000107413","G100000107413","VN","Hard Coal","","660","660","VN2 3","24.065019048071832","2","2","existing_survivor::VN2 3::Hard Coal::e262108267c1","ACTUALLY_INTEGRATED","","Global-Coal-Plant-Tracker-July-2025.xlsx","761e4cc56cdf0d5cc2df776073ca882d359b83724964568dd44e640a0b004644","Units:14187"
"GEM:G100000604079","G100000604079","VN","Hydro","Reservoir","220","0","VN2 4","104.00480806359492","2","2","","SURVIVES_PENDING_OTHER_QUALIFICATIONS","Plant-owned inflow covers168h only; full-year reference inflow ownership has not been reconciled to surviving source units. Shared river/node flow cannot be duplicated.","Global-Hydropower-Tracker-April-2025.xlsx","d2fe29a7d198fd6752cb4cec3d88caf9f1d1105a7052fd0805f5cf5fc43777c4","Data:5440"
"GEM:G100000604080","G100000604080","VN","Hydro","Run-Of-River","80","0","VN2 4","104.00480806359492","2","2","","SURVIVES_PENDING_OTHER_QUALIFICATIONS","Plant-owned168h inflow cannot provide the required annual availability; annual reference availability lacks a qualified source-unit ownership join.","Global-Hydropower-Tracker-April-2025.xlsx","d2fe29a7d198fd6752cb4cec3d88caf9f1d1105a7052fd0805f5cf5fc43777c4","Data:5441"
"GEM:G100001027580","G100001027580","VN","Hydro","Run-Of-River","64","0","VN2 4","104.00480806359492","2","2","","SURVIVES_PENDING_OTHER_QUALIFICATIONS","Plant-owned168h inflow cannot provide the required annual availability; annual reference availability lacks a qualified source-unit ownership join.","Global-Hydropower-Tracker-April-2025.xlsx","d2fe29a7d198fd6752cb4cec3d88caf9f1d1105a7052fd0805f5cf5fc43777c4","Data:5442"
"GEM:G100001027581","G100001027581","VN","Hydro","Run-Of-River","51","0","VN2 5","64.07903383735321","2","2","","SURVIVES_PENDING_OTHER_QUALIFICATIONS","Plant-owned168h inflow cannot provide the required annual availability; annual reference availability lacks a qualified source-unit ownership join.","Global-Hydropower-Tracker-April-2025.xlsx","d2fe29a7d198fd6752cb4cec3d88caf9f1d1105a7052fd0805f5cf5fc43777c4","Data:5443"
"GEM:G100000100478","G100000100478","PH","Hard Coal","","55","55","PH_Mindanao6 1","85.80650282368879","6","6","existing_survivor::PH_Mindanao6 1::Hard Coal::647ee25dd78b","ACTUALLY_INTEGRATED","","Global-Coal-Plant-Tracker-July-2025.xlsx","761e4cc56cdf0d5cc2df776073ca882d359b83724964568dd44e640a0b004644","Units:10922"
"GEM:G100000100479","G100000100479","PH","Hard Coal","","55","55","PH_Mindanao6 1","85.80650282368879","6","6","existing_survivor::PH_Mindanao6 1::Hard Coal::647ee25dd78b","ACTUALLY_INTEGRATED","","Global-Coal-Plant-Tracker-July-2025.xlsx","761e4cc56cdf0d5cc2df776073ca882d359b83724964568dd44e640a0b004644","Units:10923"
"GEM:G100000100480","G100000100480","PH","Hard Coal","","55","55","PH_Mindanao6 1","85.80650282368879","6","6","existing_survivor::PH_Mindanao6 1::Hard Coal::647ee25dd78b","ACTUALLY_INTEGRATED","","Global-Coal-Plant-Tracker-July-2025.xlsx","761e4cc56cdf0d5cc2df776073ca882d359b83724964568dd44e640a0b004644","Units:10924"
"GEM:G100000604224","G100000604224","PH","Hydro","Run-Of-River","75","0","PH_Luzon5 0","159.21564330899338","5","5","","SURVIVES_PENDING_OTHER_QUALIFICATIONS","Plant-owned168h inflow cannot provide the required annual availability; annual reference availability lacks a qualified source-unit ownership join.","Global-Hydropower-Tracker-April-2025.xlsx","d2fe29a7d198fd6752cb4cec3d88caf9f1d1105a7052fd0805f5cf5fc43777c4","Data:4096"
"GEM:G100000603178","G100000603178","PH","Hydro","Run-Of-River","218","0","PH_Luzon5 0","131.7625583801349","5","5","","SURVIVES_PENDING_OTHER_QUALIFICATIONS","Plant-owned168h inflow cannot provide the required annual availability; annual reference availability lacks a qualified source-unit ownership join.","Global-Hydropower-Tracker-April-2025.xlsx","d2fe29a7d198fd6752cb4cec3d88caf9f1d1105a7052fd0805f5cf5fc43777c4","Data:4095"
"GEM:G100000603177","G100000603177","PH","Hydro","Reservoir","105","0","PH_Luzon5 0","103.05993349842107","5","5","","SURVIVES_PENDING_OTHER_QUALIFICATIONS","Plant-owned inflow covers168h only; full-year reference inflow ownership has not been reconciled to surviving source units. Shared river/node flow cannot be duplicated.","Global-Hydropower-Tracker-April-2025.xlsx","d2fe29a7d198fd6752cb4cec3d88caf9f1d1105a7052fd0805f5cf5fc43777c4","Data:4094"
"GEM:G100000603170","G100000603170","PH","Hydro","Reservoir","80","0","PH_Mindanao6 1","95.1954896079544","6","6","","SURVIVES_PENDING_OTHER_QUALIFICATIONS","Plant-owned inflow covers168h only; full-year reference inflow ownership has not been reconciled to surviving source units. Shared river/node flow cannot be duplicated.","Global-Hydropower-Tracker-April-2025.xlsx","d2fe29a7d198fd6752cb4cec3d88caf9f1d1105a7052fd0805f5cf5fc43777c4","Data:4085"
"GEM:G100000603171","G100000603171","PH","Hydro","Reservoir","180","0","PH_Mindanao6 1","95.1954896079544","6","6","","SURVIVES_PENDING_OTHER_QUALIFICATIONS","Plant-owned inflow covers168h only; full-year reference inflow ownership has not been reconciled to surviving source units. Shared river/node flow cannot be duplicated.","Global-Hydropower-Tracker-April-2025.xlsx","d2fe29a7d198fd6752cb4cec3d88caf9f1d1105a7052fd0805f5cf5fc43777c4","Data:4086"
"GEM:G100000603173","G100000603173","PH","Hydro","Reservoir","158","0","PH_Mindanao6 0","89.06047172039047","6","6","","SURVIVES_PENDING_OTHER_QUALIFICATIONS","Plant-owned inflow covers168h only; full-year reference inflow ownership has not been reconciled to surviving source units. Shared river/node flow cannot be duplicated.","Global-Hydropower-Tracker-April-2025.xlsx","d2fe29a7d198fd6752cb4cec3d88caf9f1d1105a7052fd0805f5cf5fc43777c4","Data:4088"
"GEM:G100001051425","G100001051425","PH","Hydro","Reservoir","55","0","PH_Mindanao6 0","89.06047172039047","6","6","","SURVIVES_PENDING_OTHER_QUALIFICATIONS","Plant-owned inflow covers168h only; full-year reference inflow ownership has not been reconciled to surviving source units. Shared river/node flow cannot be duplicated.","Global-Hydropower-Tracker-April-2025.xlsx","d2fe29a7d198fd6752cb4cec3d88caf9f1d1105a7052fd0805f5cf5fc43777c4","Data:4089"
"GEM:G100000603174","G100000603174","PH","Hydro","Run-Of-River","250","0","PH_Mindanao6 0","89.06047172039047","6","6","","SURVIVES_PENDING_OTHER_QUALIFICATIONS","Plant-owned168h inflow cannot provide the required annual availability; annual reference availability lacks a qualified source-unit ownership join.","Global-Hydropower-Tracker-April-2025.xlsx","d2fe29a7d198fd6752cb4cec3d88caf9f1d1105a7052fd0805f5cf5fc43777c4","Data:4090"
"GEM:G100001051426","G100001051426","PH","Hydro","Run-Of-River","54","0","PH_Mindanao6 0","89.06047172039047","6","6","","SURVIVES_PENDING_OTHER_QUALIFICATIONS","Plant-owned168h inflow cannot provide the required annual availability; annual reference availability lacks a qualified source-unit ownership join.","Global-Hydropower-Tracker-April-2025.xlsx","d2fe29a7d198fd6752cb4cec3d88caf9f1d1105a7052fd0805f5cf5fc43777c4","Data:4091"
"GEM:G100000604033","G100000604033","VN","Hydro","Reservoir","210","0","VN2 2","20.483948637673294","2","2","","SURVIVES_PENDING_OTHER_QUALIFICATIONS","Plant-owned inflow covers168h only; full-year reference inflow ownership has not been reconciled to surviving source units. Shared river/node flow cannot be duplicated.","Global-Hydropower-Tracker-April-2025.xlsx","d2fe29a7d198fd6752cb4cec3d88caf9f1d1105a7052fd0805f5cf5fc43777c4","Data:5372"
"GEM:G100000110668","G100000110668","VN","Hard Coal","","600","600","VN2 3","80.52133733810717","2","2","existing_survivor::VN2 3::Hard Coal::e262108267c1","ACTUALLY_INTEGRATED","","Global-Coal-Plant-Tracker-July-2025.xlsx","761e4cc56cdf0d5cc2df776073ca882d359b83724964568dd44e640a0b004644","Units:14275"
"GEM:G100000110669","G100000110669","VN","Hard Coal","","600","600","VN2 3","80.52133733810717","2","2","existing_survivor::VN2 3::Hard Coal::e262108267c1","ACTUALLY_INTEGRATED","","Global-Coal-Plant-Tracker-July-2025.xlsx","761e4cc56cdf0d5cc2df776073ca882d359b83724964568dd44e640a0b004644","Units:14276"
"GEM:G100000110611","G100000110611","VN","Hard Coal","","600","600","VN2 4","76.4462107735827","2","2","existing_survivor::VN2 4::Hard Coal::bddea984953a","ACTUALLY_INTEGRATED","","Global-Coal-Plant-Tracker-July-2025.xlsx","761e4cc56cdf0d5cc2df776073ca882d359b83724964568dd44e640a0b004644","Units:14265"
"GEM:G100000110612","G100000110612","VN","Hard Coal","","600","600","VN2 4","76.4462107735827","2","2","existing_survivor::VN2 4::Hard Coal::bddea984953a","ACTUALLY_INTEGRATED","","Global-Coal-Plant-Tracker-July-2025.xlsx","761e4cc56cdf0d5cc2df776073ca882d359b83724964568dd44e640a0b004644","Units:14266"
"GEM:G100000110613","G100000110613","VN","Hard Coal","","622","622","VN2 4","76.4462107735827","2","2","existing_survivor::VN2 4::Hard Coal::bddea984953a","ACTUALLY_INTEGRATED","","Global-Coal-Plant-Tracker-July-2025.xlsx","761e4cc56cdf0d5cc2df776073ca882d359b83724964568dd44e640a0b004644","Units:14267"
"GEM:G100000110614","G100000110614","VN","Hard Coal","","622","622","VN2 4","76.4462107735827","2","2","existing_survivor::VN2 4::Hard Coal::bddea984953a","ACTUALLY_INTEGRATED","","Global-Coal-Plant-Tracker-July-2025.xlsx","761e4cc56cdf0d5cc2df776073ca882d359b83724964568dd44e640a0b004644","Units:14268"
"GEM:G100000110618","G100000110618","VN","Hard Coal","","600","600","VN2 4","76.4462107735827","2","2","existing_survivor::VN2 4::Hard Coal::bddea984953a","ACTUALLY_INTEGRATED","","Global-Coal-Plant-Tracker-July-2025.xlsx","761e4cc56cdf0d5cc2df776073ca882d359b83724964568dd44e640a0b004644","Units:14272"
"GEM:G100000110619","G100000110619","VN","Hard Coal","","600","600","VN2 4","76.4462107735827","2","2","existing_survivor::VN2 4::Hard Coal::bddea984953a","ACTUALLY_INTEGRATED","","Global-Coal-Plant-Tracker-July-2025.xlsx","761e4cc56cdf0d5cc2df776073ca882d359b83724964568dd44e640a0b004644","Units:14273"
"GEM:G100000110620","G100000110620","VN","Hard Coal","","600","600","VN2 4","76.4462107735827","2","2","existing_survivor::VN2 4::Hard Coal::bddea984953a","ACTUALLY_INTEGRATED","","Global-Coal-Plant-Tracker-July-2025.xlsx","761e4cc56cdf0d5cc2df776073ca882d359b83724964568dd44e640a0b004644","Units:14274"
"GEM:G100001027583","G100001027583","VN","Hydro","Reservoir","66","0","VN2 7","50.731205744235474","2","2","","SURVIVES_PENDING_OTHER_QUALIFICATIONS","Plant-owned inflow covers168h only; full-year reference inflow ownership has not been reconciled to surviving source units. Shared river/node flow cannot be duplicated.","Global-Hydropower-Tracker-April-2025.xlsx","d2fe29a7d198fd6752cb4cec3d88caf9f1d1105a7052fd0805f5cf5fc43777c4","Data:5455"
"GEM:G100000110487","G100000110487","VN","Hard Coal","","300","300","VN2 6","89.0456300639999","2","2","existing_survivor::VN2 6::Hard Coal::48a795a500b1","ACTUALLY_INTEGRATED","","Global-Coal-Plant-Tracker-July-2025.xlsx","761e4cc56cdf0d5cc2df776073ca882d359b83724964568dd44e640a0b004644","Units:14258"
"GEM:G100000110488","G100000110488","VN","Hard Coal","","330","330","VN2 6","89.0456300639999","2","2","existing_survivor::VN2 6::Hard Coal::48a795a500b1","ACTUALLY_INTEGRATED","","Global-Coal-Plant-Tracker-July-2025.xlsx","761e4cc56cdf0d5cc2df776073ca882d359b83724964568dd44e640a0b004644","Units:14259"
"GEM:G100000604087","G100000604087","VN","Hydro","Reservoir","342","0","VN2 6","135.86319223470522","2","2","","SURVIVES_PENDING_OTHER_QUALIFICATIONS","Plant-owned inflow covers168h only; full-year reference inflow ownership has not been reconciled to surviving source units. Shared river/node flow cannot be duplicated.","Global-Hydropower-Tracker-April-2025.xlsx","d2fe29a7d198fd6752cb4cec3d88caf9f1d1105a7052fd0805f5cf5fc43777c4","Data:5452"
"GEM:G100000604085","G100000604085","VN","Hydro","Reservoir","400","0","VN2 5","54.934089322810784","2","2","","SURVIVES_PENDING_OTHER_QUALIFICATIONS","Plant-owned inflow covers168h only; full-year reference inflow ownership has not been reconciled to surviving source units. Shared river/node flow cannot be duplicated.","Global-Hydropower-Tracker-April-2025.xlsx","d2fe29a7d198fd6752cb4cec3d88caf9f1d1105a7052fd0805f5cf5fc43777c4","Data:5450"
"GEM:G100000604084","G100000604084","VN","Hydro","Reservoir","220","0","VN2 7","106.69002590025929","2","2","","SURVIVES_PENDING_OTHER_QUALIFICATIONS","Plant-owned inflow covers168h only; full-year reference inflow ownership has not been reconciled to surviving source units. Shared river/node flow cannot be duplicated.","Global-Hydropower-Tracker-April-2025.xlsx","d2fe29a7d198fd6752cb4cec3d88caf9f1d1105a7052fd0805f5cf5fc43777c4","Data:5449"
"GEM:G100000110041","G100000110041","VN","Hard Coal","","300","300","VN2 6","105.9923791793269","2","2","existing_survivor::VN2 6::Hard Coal::48a795a500b1","ACTUALLY_INTEGRATED","","Global-Coal-Plant-Tracker-July-2025.xlsx","761e4cc56cdf0d5cc2df776073ca882d359b83724964568dd44e640a0b004644","Units:14246"
"GEM:G100000110042","G100000110042","VN","Hard Coal","","300","300","VN2 6","105.9923791793269","2","2","existing_survivor::VN2 6::Hard Coal::48a795a500b1","ACTUALLY_INTEGRATED","","Global-Coal-Plant-Tracker-July-2025.xlsx","761e4cc56cdf0d5cc2df776073ca882d359b83724964568dd44e640a0b004644","Units:14247"
"GEM:G100000110043","G100000110043","VN","Hard Coal","","600","600","VN2 6","105.9923791793269","2","2","existing_survivor::VN2 6::Hard Coal::48a795a500b1","ACTUALLY_INTEGRATED","","Global-Coal-Plant-Tracker-July-2025.xlsx","761e4cc56cdf0d5cc2df776073ca882d359b83724964568dd44e640a0b004644","Units:14248"
"GEM:G100000110044","G100000110044","VN","Hard Coal","","600","600","VN2 6","105.9923791793269","2","2","existing_survivor::VN2 6::Hard Coal::48a795a500b1","ACTUALLY_INTEGRATED","","Global-Coal-Plant-Tracker-July-2025.xlsx","761e4cc56cdf0d5cc2df776073ca882d359b83724964568dd44e640a0b004644","Units:14249"
"GEM:G100000604082","G100000604082","VN","Hydro","Reservoir","225","0","VN2 5","72.6065915409417","2","2","","SURVIVES_PENDING_OTHER_QUALIFICATIONS","Plant-owned inflow covers168h only; full-year reference inflow ownership has not been reconciled to surviving source units. Shared river/node flow cannot be duplicated.","Global-Hydropower-Tracker-April-2025.xlsx","d2fe29a7d198fd6752cb4cec3d88caf9f1d1105a7052fd0805f5cf5fc43777c4","Data:5447"
"GEM:G100000604081","G100000604081","VN","Hydro","Reservoir","120","0","VN2 1","87.08233702217896","2","2","","SURVIVES_PENDING_OTHER_QUALIFICATIONS","Plant-owned inflow covers168h only; full-year reference inflow ownership has not been reconciled to surviving source units. Shared river/node flow cannot be duplicated.","Global-Hydropower-Tracker-April-2025.xlsx","d2fe29a7d198fd6752cb4cec3d88caf9f1d1105a7052fd0805f5cf5fc43777c4","Data:5446"
"GEM:G100001027582","G100001027582","VN","Hydro","Run-Of-River","60","0","VN2 1","65.72546016261376","2","2","","SURVIVES_PENDING_OTHER_QUALIFICATIONS","Plant-owned168h inflow cannot provide the required annual availability; annual reference availability lacks a qualified source-unit ownership join.","Global-Hydropower-Tracker-April-2025.xlsx","d2fe29a7d198fd6752cb4cec3d88caf9f1d1105a7052fd0805f5cf5fc43777c4","Data:5445"
"GEM:G100001051665","G100001051665","VN","Hydro","Run-Of-River","66","0","VN2 1","80.05906087460559","2","2","","SURVIVES_PENDING_OTHER_QUALIFICATIONS","Plant-owned168h inflow cannot provide the required annual availability; annual reference availability lacks a qualified source-unit ownership join.","Global-Hydropower-Tracker-April-2025.xlsx","d2fe29a7d198fd6752cb4cec3d88caf9f1d1105a7052fd0805f5cf5fc43777c4","Data:5444"
"GEM:G100000100180","G100000100180","ID","Hard Coal","","30","30","ID_Sulawesi0 2","27.026456007650904","0","0","existing_survivor::ID_Sulawesi0 2::Hard Coal::41c3c0aceda1","ACTUALLY_INTEGRATED","","Global-Coal-Plant-Tracker-July-2025.xlsx","761e4cc56cdf0d5cc2df776073ca882d359b83724964568dd44e640a0b004644","Units:9514"
"GEM:G100000100181","G100000100181","ID","Hard Coal","","30","30","ID_Sulawesi0 2","27.026456007650904","0","0","existing_survivor::ID_Sulawesi0 2::Hard Coal::41c3c0aceda1","ACTUALLY_INTEGRATED","","Global-Coal-Plant-Tracker-July-2025.xlsx","761e4cc56cdf0d5cc2df776073ca882d359b83724964568dd44e640a0b004644","Units:9515"
"GEM:G100000113971","G100000113971","ID","Hard Coal","","30","30","ID_Sulawesi0 2","27.026456007650904","0","0","existing_survivor::ID_Sulawesi0 2::Hard Coal::41c3c0aceda1","ACTUALLY_INTEGRATED","","Global-Coal-Plant-Tracker-July-2025.xlsx","761e4cc56cdf0d5cc2df776073ca882d359b83724964568dd44e640a0b004644","Units:9516"
"GEM:G100000113972","G100000113972","ID","Hard Coal","","30","30","ID_Sulawesi0 2","27.026456007650904","0","0","existing_survivor::ID_Sulawesi0 2::Hard Coal::41c3c0aceda1","ACTUALLY_INTEGRATED","","Global-Coal-Plant-Tracker-July-2025.xlsx","761e4cc56cdf0d5cc2df776073ca882d359b83724964568dd44e640a0b004644","Units:9517"
"GEM:G100000109956","G100000109956","ID","Hard Coal","","660","660","ID_Java-Bali1 1","112.68463463698343","1","1","existing_survivor::ID_Java-Bali1 1::Hard Coal::0ea8684b0277","ACTUALLY_INTEGRATED","","Global-Coal-Plant-Tracker-July-2025.xlsx","761e4cc56cdf0d5cc2df776073ca882d359b83724964568dd44e640a0b004644","Units:9973"
"GEM:G100000109957","G100000109957","ID","Hard Coal","","660","660","ID_Java-Bali1 1","112.68463463698343","1","1","existing_survivor::ID_Java-Bali1 1::Hard Coal::0ea8684b0277","ACTUALLY_INTEGRATED","","Global-Coal-Plant-Tracker-July-2025.xlsx","761e4cc56cdf0d5cc2df776073ca882d359b83724964568dd44e640a0b004644","Units:9974"
"GEM:G100000109958","G100000109958","ID","Hard Coal","","1000","1000","ID_Java-Bali1 1","112.68463463698343","1","1","existing_survivor::ID_Java-Bali1 1::Hard Coal::0ea8684b0277","ACTUALLY_INTEGRATED","","Global-Coal-Plant-Tracker-July-2025.xlsx","761e4cc56cdf0d5cc2df776073ca882d359b83724964568dd44e640a0b004644","Units:9975"
"GEM:G100000109959","G100000109959","ID","Hard Coal","","1000","1000","ID_Java-Bali1 1","112.68463463698343","1","1","existing_survivor::ID_Java-Bali1 1::Hard Coal::0ea8684b0277","ACTUALLY_INTEGRATED","","Global-Coal-Plant-Tracker-July-2025.xlsx","761e4cc56cdf0d5cc2df776073ca882d359b83724964568dd44e640a0b004644","Units:9976"
"GEM:G100000109960","G100000109960","ID","Hard Coal","","660","660","ID_Java-Bali1 1","112.68463463698343","1","1","existing_survivor::ID_Java-Bali1 1::Hard Coal::0ea8684b0277","ACTUALLY_INTEGRATED","","Global-Coal-Plant-Tracker-July-2025.xlsx","761e4cc56cdf0d5cc2df776073ca882d359b83724964568dd44e640a0b004644","Units:9971"
"GEM:G100000109961","G100000109961","ID","Hard Coal","","660","660","ID_Java-Bali1 1","112.68463463698343","1","1","existing_survivor::ID_Java-Bali1 1::Hard Coal::0ea8684b0277","ACTUALLY_INTEGRATED","","Global-Coal-Plant-Tracker-July-2025.xlsx","761e4cc56cdf0d5cc2df776073ca882d359b83724964568dd44e640a0b004644","Units:9972"
"GEM:G100001027334","G100001027334","MM","Hydro","Reservoir","54","0","MM2 7","10.48129437053567","2","2","","SURVIVES_PENDING_OTHER_QUALIFICATIONS","Plant-owned inflow covers168h only; full-year reference inflow ownership has not been reconciled to surviving source units. Shared river/node flow cannot be duplicated.","Global-Hydropower-Tracker-April-2025.xlsx","d2fe29a7d198fd6752cb4cec3d88caf9f1d1105a7052fd0805f5cf5fc43777c4","Data:3453"
"GEM:G100000602550","G100000602550","MM","Hydro","Reservoir","240","0","MM2 0","0","2","2","","SURVIVES_PENDING_OTHER_QUALIFICATIONS","Plant-owned inflow covers168h only; full-year reference inflow ownership has not been reconciled to surviving source units. Shared river/node flow cannot be duplicated.","Global-Hydropower-Tracker-April-2025.xlsx","d2fe29a7d198fd6752cb4cec3d88caf9f1d1105a7052fd0805f5cf5fc43777c4","Data:3444"
"GEM:G100000602545","G100000602545","MM","Hydro","Run-Of-River","168","0","MM2 6","96.13496863319651","2","2","","SURVIVES_PENDING_OTHER_QUALIFICATIONS","Plant-owned168h inflow cannot provide the required annual availability; annual reference availability lacks a qualified source-unit ownership join.","Global-Hydropower-Tracker-April-2025.xlsx","d2fe29a7d198fd6752cb4cec3d88caf9f1d1105a7052fd0805f5cf5fc43777c4","Data:3439"
"GEM:G100001051555","G100001051555","MM","Hydro","Run-Of-River","52","0","MM2 6","96.13496863319651","2","2","","SURVIVES_PENDING_OTHER_QUALIFICATIONS","Plant-owned168h inflow cannot provide the required annual availability; annual reference availability lacks a qualified source-unit ownership join.","Global-Hydropower-Tracker-April-2025.xlsx","d2fe29a7d198fd6752cb4cec3d88caf9f1d1105a7052fd0805f5cf5fc43777c4","Data:3438"
"GEM:G100000404369","G100000404369","MM","CCGT","","151.5","151.5","MM2 1","29.892631618772988","2","2","existing_survivor::MM2 1::CCGT::83029d71ad3d","ACTUALLY_INTEGRATED","","Global-Oil-and-Gas-Plant-Tracker-GOGPT-August-2025.xlsx","0a903cae9037bcc8f6223bd0642efaf8f28169fd0fef0d84e4ca0ecfb17da659","Gas & Oil Units:6051"
"GEM:G100000404370","G100000404370","MM","CCGT","","121","121","MM2 1","29.892631618772988","2","2","existing_survivor::MM2 1::CCGT::83029d71ad3d","ACTUALLY_INTEGRATED","","Global-Oil-and-Gas-Plant-Tracker-GOGPT-August-2025.xlsx","0a903cae9037bcc8f6223bd0642efaf8f28169fd0fef0d84e4ca0ecfb17da659","Gas & Oil Units:6049"
"GEM:G100001027301","G100001027301","ID","Hydro","Reservoir","54","0","ID_Java-Bali1 2","108.89778697452604","1","1","","SURVIVES_PENDING_OTHER_QUALIFICATIONS","Plant-owned inflow covers168h only; full-year reference inflow ownership has not been reconciled to surviving source units. Shared river/node flow cannot be duplicated.","Global-Hydropower-Tracker-April-2025.xlsx","d2fe29a7d198fd6752cb4cec3d88caf9f1d1105a7052fd0805f5cf5fc43777c4","Data:2895"
"GEM:G100000602182","G100000602182","ID","Hydro","Reservoir","90","0","ID_Sumatra3 1","105.34691556277538","3","3","","SURVIVES_PENDING_OTHER_QUALIFICATIONS","Plant-owned inflow covers168h only; full-year reference inflow ownership has not been reconciled to surviving source units. Shared river/node flow cannot be duplicated.","Global-Hydropower-Tracker-April-2025.xlsx","d2fe29a7d198fd6752cb4cec3d88caf9f1d1105a7052fd0805f5cf5fc43777c4","Data:2894"
"GEM:G100000109998","G100000109998","ID","Hard Coal","","112","112","ID_Sumatra3 3","155.5905919143767","3","3","existing_survivor::ID_Sumatra3 3::Hard Coal::4b772246ff7b","ACTUALLY_INTEGRATED","","Global-Coal-Plant-Tracker-July-2025.xlsx","761e4cc56cdf0d5cc2df776073ca882d359b83724964568dd44e640a0b004644","Units:9985"
"GEM:G100000109999","G100000109999","ID","Hard Coal","","112","112","ID_Sumatra3 3","155.5905919143767","3","3","existing_survivor::ID_Sumatra3 3::Hard Coal::4b772246ff7b","ACTUALLY_INTEGRATED","","Global-Coal-Plant-Tracker-July-2025.xlsx","761e4cc56cdf0d5cc2df776073ca882d359b83724964568dd44e640a0b004644","Units:9986"
"GEM:G100000109971","G100000109971","ID","Hard Coal","","100","100","ID_Sumatra3 1","189.14447179481746","3","3","existing_survivor::ID_Sumatra3 1::Hard Coal::dbcbf2de937f","ACTUALLY_INTEGRATED","","Global-Coal-Plant-Tracker-July-2025.xlsx","761e4cc56cdf0d5cc2df776073ca882d359b83724964568dd44e640a0b004644","Units:9981"
"GEM:G100000109972","G100000109972","ID","Hard Coal","","100","100","ID_Sumatra3 1","189.14447179481746","3","3","existing_survivor::ID_Sumatra3 1::Hard Coal::dbcbf2de937f","ACTUALLY_INTEGRATED","","Global-Coal-Plant-Tracker-July-2025.xlsx","761e4cc56cdf0d5cc2df776073ca882d359b83724964568dd44e640a0b004644","Units:9982"
"GEM:G100000109962","G100000109962","ID","Hard Coal","","65","65","ID_Sumatra2 0","0","2","2","existing_survivor::ID_Sumatra2 0::Hard Coal::48155c3f38a9","ACTUALLY_INTEGRATED","","Global-Coal-Plant-Tracker-July-2025.xlsx","761e4cc56cdf0d5cc2df776073ca882d359b83724964568dd44e640a0b004644","Units:9977"
"GEM:G100000109963","G100000109963","ID","Hard Coal","","65","65","ID_Sumatra2 0","0","2","2","existing_survivor::ID_Sumatra2 0::Hard Coal::48155c3f38a9","ACTUALLY_INTEGRATED","","Global-Coal-Plant-Tracker-July-2025.xlsx","761e4cc56cdf0d5cc2df776073ca882d359b83724964568dd44e640a0b004644","Units:9978"
"GEM:G100000109946","G100000109946","ID","Hard Coal","","350","350","ID_Java-Bali1 2","150.76622398826734","1","1","existing_survivor::ID_Java-Bali1 2::Hard Coal::93ea98c4233d","ACTUALLY_INTEGRATED","","Global-Coal-Plant-Tracker-July-2025.xlsx","761e4cc56cdf0d5cc2df776073ca882d359b83724964568dd44e640a0b004644","Units:9967"
"GEM:G100000109947","G100000109947","ID","Hard Coal","","350","350","ID_Java-Bali1 2","150.76622398826734","1","1","existing_survivor::ID_Java-Bali1 2::Hard Coal::93ea98c4233d","ACTUALLY_INTEGRATED","","Global-Coal-Plant-Tracker-July-2025.xlsx","761e4cc56cdf0d5cc2df776073ca882d359b83724964568dd44e640a0b004644","Units:9968"
"GEM:G100001027336","G100001027336","MM","Hydro","Reservoir","60","0","MM2 10","10.987729137137721","2","2","","SURVIVES_PENDING_OTHER_QUALIFICATIONS","Plant-owned inflow covers168h only; full-year reference inflow ownership has not been reconciled to surviving source units. Shared river/node flow cannot be duplicated.","Global-Hydropower-Tracker-April-2025.xlsx","d2fe29a7d198fd6752cb4cec3d88caf9f1d1105a7052fd0805f5cf5fc43777c4","Data:3455"
"GEM:G100000602176","G100000602176","ID","Hydro","Reservoir","317","0","ID_Sumatra3 2","50.15730028173791","3","3","","SURVIVES_PENDING_OTHER_QUALIFICATIONS","Plant-owned inflow covers168h only; full-year reference inflow ownership has not been reconciled to surviving source units. Shared river/node flow cannot be duplicated.","Global-Hydropower-Tracker-April-2025.xlsx","d2fe29a7d198fd6752cb4cec3d88caf9f1d1105a7052fd0805f5cf5fc43777c4","Data:2887"
"GEM:G100000602174","G100000602174","ID","Hydro","Reservoir","105","0","ID_Java-Bali1 2","66.07848999482846","1","1","","SURVIVES_PENDING_OTHER_QUALIFICATIONS","Plant-owned inflow covers168h only; full-year reference inflow ownership has not been reconciled to surviving source units. Shared river/node flow cannot be duplicated.","Global-Hydropower-Tracker-April-2025.xlsx","d2fe29a7d198fd6752cb4cec3d88caf9f1d1105a7052fd0805f5cf5fc43777c4","Data:2885"
"GEM:G100000109663","G100000109663","ID","Hard Coal","","65","65","ID_Sulawesi0 3","69.1342137755289","0","0","existing_survivor::ID_Sulawesi0 3::Hard Coal::ffed8ae92270","ACTUALLY_INTEGRATED","","Global-Coal-Plant-Tracker-July-2025.xlsx","761e4cc56cdf0d5cc2df776073ca882d359b83724964568dd44e640a0b004644","Units:9914"
"GEM:G100000109664","G100000109664","ID","Hard Coal","","65","65","ID_Sulawesi0 3","69.1342137755289","0","0","existing_survivor::ID_Sulawesi0 3::Hard Coal::ffed8ae92270","ACTUALLY_INTEGRATED","","Global-Coal-Plant-Tracker-July-2025.xlsx","761e4cc56cdf0d5cc2df776073ca882d359b83724964568dd44e640a0b004644","Units:9915"
"GEM:G100000109665","G100000109665","ID","Hard Coal","","150","150","ID_Sulawesi0 3","69.1342137755289","0","0","existing_survivor::ID_Sulawesi0 3::Hard Coal::ffed8ae92270","ACTUALLY_INTEGRATED","","Global-Coal-Plant-Tracker-July-2025.xlsx","761e4cc56cdf0d5cc2df776073ca882d359b83724964568dd44e640a0b004644","Units:9916"
"GEM:G100000109666","G100000109666","ID","Hard Coal","","150","150","ID_Sulawesi0 3","69.1342137755289","0","0","existing_survivor::ID_Sulawesi0 3::Hard Coal::ffed8ae92270","ACTUALLY_INTEGRATED","","Global-Coal-Plant-Tracker-July-2025.xlsx","761e4cc56cdf0d5cc2df776073ca882d359b83724964568dd44e640a0b004644","Units:9917"
"GEM:G100000109667","G100000109667","ID","Hard Coal","","350","350","ID_Sulawesi0 3","69.1342137755289","0","0","existing_survivor::ID_Sulawesi0 3::Hard Coal::ffed8ae92270","ACTUALLY_INTEGRATED","","Global-Coal-Plant-Tracker-July-2025.xlsx","761e4cc56cdf0d5cc2df776073ca882d359b83724964568dd44e640a0b004644","Units:9918"
"GEM:G100000113217","G100000113217","ID","Hard Coal","","350","350","ID_Sulawesi0 3","69.1342137755289","0","0","existing_survivor::ID_Sulawesi0 3::Hard Coal::ffed8ae92270","ACTUALLY_INTEGRATED","","Global-Coal-Plant-Tracker-July-2025.xlsx","761e4cc56cdf0d5cc2df776073ca882d359b83724964568dd44e640a0b004644","Units:9919"
"GEM:G100000114323","G100000114323","ID","Hard Coal","","350","350","ID_Sulawesi0 3","69.1342137755289","0","0","existing_survivor::ID_Sulawesi0 3::Hard Coal::ffed8ae92270","ACTUALLY_INTEGRATED","","Global-Coal-Plant-Tracker-July-2025.xlsx","761e4cc56cdf0d5cc2df776073ca882d359b83724964568dd44e640a0b004644","Units:9920"
"GEM:G100000114324","G100000114324","ID","Hard Coal","","350","350","ID_Sulawesi0 3","69.1342137755289","0","0","existing_survivor::ID_Sulawesi0 3::Hard Coal::ffed8ae92270","ACTUALLY_INTEGRATED","","Global-Coal-Plant-Tracker-July-2025.xlsx","761e4cc56cdf0d5cc2df776073ca882d359b83724964568dd44e640a0b004644","Units:9921"
"GEM:G100000115363","G100000115363","ID","Hard Coal","","250","250","ID_Sulawesi0 3","69.1342137755289","0","0","existing_survivor::ID_Sulawesi0 3::Hard Coal::ffed8ae92270","ACTUALLY_INTEGRATED","","Global-Coal-Plant-Tracker-July-2025.xlsx","761e4cc56cdf0d5cc2df776073ca882d359b83724964568dd44e640a0b004644","Units:9922"
"GEM:G100001027300","G100001027300","ID","Hydro","Run-Of-River","50","0","ID_Sumatra3 2","127.56083717576718","3","3","","SURVIVES_PENDING_OTHER_QUALIFICATIONS","Plant-owned168h inflow cannot provide the required annual availability; annual reference availability lacks a qualified source-unit ownership join.","Global-Hydropower-Tracker-April-2025.xlsx","d2fe29a7d198fd6752cb4cec3d88caf9f1d1105a7052fd0805f5cf5fc43777c4","Data:2883"
"GEM:G100000602172","G100000602172","ID","Hydro","Reservoir","175","0","ID_Sumatra3 3","111.48948654510686","3","3","","SURVIVES_PENDING_OTHER_QUALIFICATIONS","Plant-owned inflow covers168h only; full-year reference inflow ownership has not been reconciled to surviving source units. Shared river/node flow cannot be duplicated.","Global-Hydropower-Tracker-April-2025.xlsx","d2fe29a7d198fd6752cb4cec3d88caf9f1d1105a7052fd0805f5cf5fc43777c4","Data:2882"
"GEM:G100000404288","G100000404288","ID","CCGT","","180","180","ID_Sulawesi0 4","78.20573569486157","0","0","existing_survivor::ID_Sulawesi0 4::CCGT::68f8cfb2b225","ACTUALLY_INTEGRATED","","Global-Oil-and-Gas-Plant-Tracker-GOGPT-August-2025.xlsx","0a903cae9037bcc8f6223bd0642efaf8f28169fd0fef0d84e4ca0ecfb17da659","Gas & Oil Units:3850"
"GEM:G100000602168","G100000602168","ID","Hydro","Reservoir","701","0","ID_Java-Bali1 0","23.692672317188713","1","1","","SURVIVES_PENDING_OTHER_QUALIFICATIONS","Plant-owned inflow covers168h only; full-year reference inflow ownership has not been reconciled to surviving source units. Shared river/node flow cannot be duplicated.","Global-Hydropower-Tracker-April-2025.xlsx","d2fe29a7d198fd6752cb4cec3d88caf9f1d1105a7052fd0805f5cf5fc43777c4","Data:2877"
"GEM:G100000108526","G100000108526","ID","Hard Coal","","315","315","ID_Java-Bali1 1","140.79905145170198","1","1","existing_survivor::ID_Java-Bali1 1::Hard Coal::0ea8684b0277","ACTUALLY_INTEGRATED","","Global-Coal-Plant-Tracker-July-2025.xlsx","761e4cc56cdf0d5cc2df776073ca882d359b83724964568dd44e640a0b004644","Units:9885"
"GEM:G100000108527","G100000108527","ID","Hard Coal","","315","315","ID_Java-Bali1 1","140.79905145170198","1","1","existing_survivor::ID_Java-Bali1 1::Hard Coal::0ea8684b0277","ACTUALLY_INTEGRATED","","Global-Coal-Plant-Tracker-July-2025.xlsx","761e4cc56cdf0d5cc2df776073ca882d359b83724964568dd44e640a0b004644","Units:9886"
"GEM:G100000113843","G100000113843","ID","Hard Coal","","30","30","ID_Java-Bali1 0","19.194633245509674","1","1","existing_survivor::ID_Java-Bali1 0::Hard Coal::4a3b18bf2289","ACTUALLY_INTEGRATED","","Global-Coal-Plant-Tracker-July-2025.xlsx","761e4cc56cdf0d5cc2df776073ca882d359b83724964568dd44e640a0b004644","Units:9877"
"GEM:G100000113844","G100000113844","ID","Hard Coal","","30","30","ID_Java-Bali1 0","19.194633245509674","1","1","existing_survivor::ID_Java-Bali1 0::Hard Coal::4a3b18bf2289","ACTUALLY_INTEGRATED","","Global-Coal-Plant-Tracker-July-2025.xlsx","761e4cc56cdf0d5cc2df776073ca882d359b83724964568dd44e640a0b004644","Units:9878"
"GEM:G100001027335","G100001027335","MM","Hydro","Reservoir","56","0","MM2 12","56.318812915445164","2","2","","SURVIVES_PENDING_OTHER_QUALIFICATIONS","Plant-owned inflow covers168h only; full-year reference inflow ownership has not been reconciled to surviving source units. Shared river/node flow cannot be duplicated.","Global-Hydropower-Tracker-April-2025.xlsx","d2fe29a7d198fd6752cb4cec3d88caf9f1d1105a7052fd0805f5cf5fc43777c4","Data:3454"
"GEM:G100000411301","G100000411301","MM","CCGT","","110.3","110.3","MM2 5","13.314222702286276","2","2","existing_survivor::MM2 5::CCGT::b6119e7ff1a4","ACTUALLY_INTEGRATED","","Global-Oil-and-Gas-Plant-Tracker-GOGPT-August-2025.xlsx","0a903cae9037bcc8f6223bd0642efaf8f28169fd0fef0d84e4ca0ecfb17da659","Gas & Oil Units:6062"
"GEM:G100000401098","G100000401098","TH","CCGT","","625","625","TH2 3","30.235416739962155","2","2","existing_survivor::TH2 3::CCGT::91501ec324b4","ACTUALLY_INTEGRATED","","Global-Oil-and-Gas-Plant-Tracker-GOGPT-August-2025.xlsx","0a903cae9037bcc8f6223bd0642efaf8f28169fd0fef0d84e4ca0ecfb17da659","Gas & Oil Units:9037"
"GEM:G100000401099","G100000401099","TH","CCGT","","625","625","TH2 3","30.235416739962155","2","2","existing_survivor::TH2 3::CCGT::91501ec324b4","ACTUALLY_INTEGRATED","","Global-Oil-and-Gas-Plant-Tracker-GOGPT-August-2025.xlsx","0a903cae9037bcc8f6223bd0642efaf8f28169fd0fef0d84e4ca0ecfb17da659","Gas & Oil Units:9038"
"GEM:G100000603603","G100000603603","TH","Hydro","Pumped Storage","779","0","TH2 4","110.84327321346909","2","2","","SURVIVES_PENDING_OTHER_QUALIFICATIONS","Original duration/storage energy missing; reference fixed PHS max_hours=0 is not a qualified usable energy capacity. Resolve source duration/config discrepancy; natural river inflow is not this blocker.","Global-Hydropower-Tracker-April-2025.xlsx","d2fe29a7d198fd6752cb4cec3d88caf9f1d1105a7052fd0805f5cf5fc43777c4","Data:4717"
"GEM:G100000604991","G100000604991","TH","Hydro","Pumped Storage","171","0","TH2 4","110.84327321346909","2","2","","SURVIVES_PENDING_OTHER_QUALIFICATIONS","Original duration/storage energy missing; reference fixed PHS max_hours=0 is not a qualified usable energy capacity. Resolve source duration/config discrepancy; natural river inflow is not this blocker.","Global-Hydropower-Tracker-April-2025.xlsx","d2fe29a7d198fd6752cb4cec3d88caf9f1d1105a7052fd0805f5cf5fc43777c4","Data:4718"
"GEM:G100000404410","G100000404410","TH","CCGT","","115","115","TH2 2","61.935676684056446","2","2","existing_survivor::TH2 2::CCGT::1580dccb80c4","ACTUALLY_INTEGRATED","","Global-Oil-and-Gas-Plant-Tracker-GOGPT-August-2025.xlsx","0a903cae9037bcc8f6223bd0642efaf8f28169fd0fef0d84e4ca0ecfb17da659","Gas & Oil Units:8950"
"GEM:G100000404411","G100000404411","TH","CCGT","","115","115","TH2 2","61.935676684056446","2","2","existing_survivor::TH2 2::CCGT::1580dccb80c4","ACTUALLY_INTEGRATED","","Global-Oil-and-Gas-Plant-Tracker-GOGPT-August-2025.xlsx","0a903cae9037bcc8f6223bd0642efaf8f28169fd0fef0d84e4ca0ecfb17da659","Gas & Oil Units:8951"
"GEM:G100000405963","G100000405963","TH","CCGT","","704","704","TH2 3","73.1324677972219","2","2","existing_survivor::TH2 3::CCGT::91501ec324b4","ACTUALLY_INTEGRATED","","Global-Oil-and-Gas-Plant-Tracker-GOGPT-August-2025.xlsx","0a903cae9037bcc8f6223bd0642efaf8f28169fd0fef0d84e4ca0ecfb17da659","Gas & Oil Units:8945"
"GEM:G100000405964","G100000405964","TH","CCGT","","704","704","TH2 3","73.1324677972219","2","2","existing_survivor::TH2 3::CCGT::91501ec324b4","ACTUALLY_INTEGRATED","","Global-Oil-and-Gas-Plant-Tracker-GOGPT-August-2025.xlsx","0a903cae9037bcc8f6223bd0642efaf8f28169fd0fef0d84e4ca0ecfb17da659","Gas & Oil Units:8946"
"GEM:G100000603602","G100000603602","TH","Hydro","Reservoir","84","0","TH2 0","64.1408290631728","2","2","","SURVIVES_PENDING_OTHER_QUALIFICATIONS","Plant-owned inflow covers168h only; full-year reference inflow ownership has not been reconciled to surviving source units. Shared river/node flow cannot be duplicated.","Global-Hydropower-Tracker-April-2025.xlsx","d2fe29a7d198fd6752cb4cec3d88caf9f1d1105a7052fd0805f5cf5fc43777c4","Data:4716"
"GEM:G100000404402","G100000404402","TH","CCGT","","133","133","TH2 3","73.1324677972219","2","2","existing_survivor::TH2 3::CCGT::91501ec324b4","ACTUALLY_INTEGRATED","","Global-Oil-and-Gas-Plant-Tracker-GOGPT-August-2025.xlsx","0a903cae9037bcc8f6223bd0642efaf8f28169fd0fef0d84e4ca0ecfb17da659","Gas & Oil Units:8936"
"GEM:G100000404403","G100000404403","TH","CCGT","","131","131","TH2 3","73.1324677972219","2","2","existing_survivor::TH2 3::CCGT::91501ec324b4","ACTUALLY_INTEGRATED","","Global-Oil-and-Gas-Plant-Tracker-GOGPT-August-2025.xlsx","0a903cae9037bcc8f6223bd0642efaf8f28169fd0fef0d84e4ca0ecfb17da659","Gas & Oil Units:8937"
"GEM:G100000404404","G100000404404","TH","CCGT","","131","131","TH2 3","73.1324677972219","2","2","existing_survivor::TH2 3::CCGT::91501ec324b4","ACTUALLY_INTEGRATED","","Global-Oil-and-Gas-Plant-Tracker-GOGPT-August-2025.xlsx","0a903cae9037bcc8f6223bd0642efaf8f28169fd0fef0d84e4ca0ecfb17da659","Gas & Oil Units:8938"
"GEM:G100001027337","G100001027337","MM","Hydro","Run-Of-River","74","0","MM2 10","38.07352538192288","2","2","","SURVIVES_PENDING_OTHER_QUALIFICATIONS","Plant-owned168h inflow cannot provide the required annual availability; annual reference availability lacks a qualified source-unit ownership join.","Global-Hydropower-Tracker-April-2025.xlsx","d2fe29a7d198fd6752cb4cec3d88caf9f1d1105a7052fd0805f5cf5fc43777c4","Data:3457"
"GEM:G100000404376","G100000404376","MM","CCGT","","52","52","MM2 1","38.621571999606644","2","2","existing_survivor::MM2 1::CCGT::83029d71ad3d","ACTUALLY_INTEGRATED","","Global-Oil-and-Gas-Plant-Tracker-GOGPT-August-2025.xlsx","0a903cae9037bcc8f6223bd0642efaf8f28169fd0fef0d84e4ca0ecfb17da659","Gas & Oil Units:6076"
"GEM:G100000404377","G100000404377","MM","CCGT","","120","120","MM2 1","38.621571999606644","2","2","existing_survivor::MM2 1::CCGT::83029d71ad3d","ACTUALLY_INTEGRATED","","Global-Oil-and-Gas-Plant-Tracker-GOGPT-August-2025.xlsx","0a903cae9037bcc8f6223bd0642efaf8f28169fd0fef0d84e4ca0ecfb17da659","Gas & Oil Units:6077"
"GEM:G100000404378","G100000404378","MM","CCGT","","120","120","MM2 1","38.621571999606644","2","2","existing_survivor::MM2 1::CCGT::83029d71ad3d","ACTUALLY_INTEGRATED","","Global-Oil-and-Gas-Plant-Tracker-GOGPT-August-2025.xlsx","0a903cae9037bcc8f6223bd0642efaf8f28169fd0fef0d84e4ca0ecfb17da659","Gas & Oil Units:6078"
"GEM:G100000602601","G100000602601","MM","Hydro","Reservoir","790","0","MM2 5","32.77277715956308","2","2","","SURVIVES_PENDING_OTHER_QUALIFICATIONS","Plant-owned inflow covers168h only; full-year reference inflow ownership has not been reconciled to surviving source units. Shared river/node flow cannot be duplicated.","Global-Hydropower-Tracker-April-2025.xlsx","d2fe29a7d198fd6752cb4cec3d88caf9f1d1105a7052fd0805f5cf5fc43777c4","Data:3502"
"GEM:G100000404375","G100000404375","MM","CCGT","","119","119","MM2 4","66.93277956994842","2","2","existing_survivor::GEM:G100000404375","ACTUALLY_INTEGRATED","","Global-Oil-and-Gas-Plant-Tracker-GOGPT-August-2025.xlsx","0a903cae9037bcc8f6223bd0642efaf8f28169fd0fef0d84e4ca0ecfb17da659","Gas & Oil Units:6073"
"GEM:G100000602586","G100000602586","MM","Hydro","Reservoir","600","0","MM2 5","9.435362461433224","2","2","","SURVIVES_PENDING_OTHER_QUALIFICATIONS","Plant-owned inflow covers168h only; full-year reference inflow ownership has not been reconciled to surviving source units. Shared river/node flow cannot be duplicated.","Global-Hydropower-Tracker-April-2025.xlsx","d2fe29a7d198fd6752cb4cec3d88caf9f1d1105a7052fd0805f5cf5fc43777c4","Data:3486"
"GEM:G100000602585","G100000602585","MM","Hydro","Run-Of-River","75","0","MM2 10","54.46208600598992","2","2","","SURVIVES_PENDING_OTHER_QUALIFICATIONS","Plant-owned168h inflow cannot provide the required annual availability; annual reference availability lacks a qualified source-unit ownership join.","Global-Hydropower-Tracker-April-2025.xlsx","d2fe29a7d198fd6752cb4cec3d88caf9f1d1105a7052fd0805f5cf5fc43777c4","Data:3485"
"GEM:G100001027338","G100001027338","MM","Hydro","Reservoir","65","0","MM2 10","10.987729137137721","2","2","","SURVIVES_PENDING_OTHER_QUALIFICATIONS","Plant-owned inflow covers168h only; full-year reference inflow ownership has not been reconciled to surviving source units. Shared river/node flow cannot be duplicated.","Global-Hydropower-Tracker-April-2025.xlsx","d2fe29a7d198fd6752cb4cec3d88caf9f1d1105a7052fd0805f5cf5fc43777c4","Data:3482"
"GEM:G100000602582","G100000602582","MM","Hydro","Reservoir","280","0","MM2 6","18.825942636285557","2","2","","SURVIVES_PENDING_OTHER_QUALIFICATIONS","Plant-owned inflow covers168h only; full-year reference inflow ownership has not been reconciled to surviving source units. Shared river/node flow cannot be duplicated.","Global-Hydropower-Tracker-April-2025.xlsx","d2fe29a7d198fd6752cb4cec3d88caf9f1d1105a7052fd0805f5cf5fc43777c4","Data:3481"
"GEM:G100000602572","G100000602572","MM","Hydro","Run-Of-River","75","0","MM2 15","63.71995864636378","2","2","","SURVIVES_PENDING_OTHER_QUALIFICATIONS","Plant-owned168h inflow cannot provide the required annual availability; annual reference availability lacks a qualified source-unit ownership join.","Global-Hydropower-Tracker-April-2025.xlsx","d2fe29a7d198fd6752cb4cec3d88caf9f1d1105a7052fd0805f5cf5fc43777c4","Data:3470"
"GEM:G100000411300","G100000411300","MM","CCGT","","50","50","MM2 1","29.892631618772988","2","2","existing_survivor::MM2 1::CCGT::83029d71ad3d","ACTUALLY_INTEGRATED","","Global-Oil-and-Gas-Plant-Tracker-GOGPT-August-2025.xlsx","0a903cae9037bcc8f6223bd0642efaf8f28169fd0fef0d84e4ca0ecfb17da659","Gas & Oil Units:6064"
"GEM:G100000107926","G100000107926","ID","Hard Coal","","150","150","ID_Sumatra3 3","94.64628684625767","3","3","existing_survivor::ID_Sumatra3 3::Hard Coal::4b772246ff7b","ACTUALLY_INTEGRATED","","Global-Coal-Plant-Tracker-July-2025.xlsx","761e4cc56cdf0d5cc2df776073ca882d359b83724964568dd44e640a0b004644","Units:9848"
"GEM:G100000107927","G100000107927","ID","Hard Coal","","150","150","ID_Sumatra3 3","94.64628684625767","3","3","existing_survivor::ID_Sumatra3 3::Hard Coal::4b772246ff7b","ACTUALLY_INTEGRATED","","Global-Coal-Plant-Tracker-July-2025.xlsx","761e4cc56cdf0d5cc2df776073ca882d359b83724964568dd44e640a0b004644","Units:9849"
"GEM:G100000107928","G100000107928","ID","Hard Coal","","35","35","ID_Sumatra3 3","94.64628684625767","3","3","existing_survivor::ID_Sumatra3 3::Hard Coal::4b772246ff7b","ACTUALLY_INTEGRATED","","Global-Coal-Plant-Tracker-July-2025.xlsx","761e4cc56cdf0d5cc2df776073ca882d359b83724964568dd44e640a0b004644","Units:9843"
"GEM:G100000107932","G100000107932","ID","Hard Coal","","150","150","ID_Sumatra3 3","94.64628684625767","3","3","existing_survivor::ID_Sumatra3 3::Hard Coal::4b772246ff7b","ACTUALLY_INTEGRATED","","Global-Coal-Plant-Tracker-July-2025.xlsx","761e4cc56cdf0d5cc2df776073ca882d359b83724964568dd44e640a0b004644","Units:9847"
"GEM:G100000107917","G100000107917","ID","Hard Coal","","350","350","ID_Java-Bali1 0","77.93299103996735","1","1","existing_survivor::ID_Java-Bali1 0::Hard Coal::4a3b18bf2289","ACTUALLY_INTEGRATED","","Global-Coal-Plant-Tracker-July-2025.xlsx","761e4cc56cdf0d5cc2df776073ca882d359b83724964568dd44e640a0b004644","Units:9840"
"GEM:G100000107918","G100000107918","ID","Hard Coal","","350","350","ID_Java-Bali1 0","77.93299103996735","1","1","existing_survivor::ID_Java-Bali1 0::Hard Coal::4a3b18bf2289","ACTUALLY_INTEGRATED","","Global-Coal-Plant-Tracker-July-2025.xlsx","761e4cc56cdf0d5cc2df776073ca882d359b83724964568dd44e640a0b004644","Units:9841"
"GEM:G100000107919","G100000107919","ID","Hard Coal","","350","350","ID_Java-Bali1 0","77.93299103996735","1","1","existing_survivor::ID_Java-Bali1 0::Hard Coal::4a3b18bf2289","ACTUALLY_INTEGRATED","","Global-Coal-Plant-Tracker-July-2025.xlsx","761e4cc56cdf0d5cc2df776073ca882d359b83724964568dd44e640a0b004644","Units:9842"
"GEM:G100000107915","G100000107915","ID","Hard Coal","","110","110","ID_Sumatra3 3","94.64628684625767","3","3","existing_survivor::ID_Sumatra3 3::Hard Coal::4b772246ff7b","ACTUALLY_INTEGRATED","","Global-Coal-Plant-Tracker-July-2025.xlsx","761e4cc56cdf0d5cc2df776073ca882d359b83724964568dd44e640a0b004644","Units:9838"
"GEM:G100000107916","G100000107916","ID","Hard Coal","","110","110","ID_Sumatra3 3","94.64628684625767","3","3","existing_survivor::ID_Sumatra3 3::Hard Coal::4b772246ff7b","ACTUALLY_INTEGRATED","","Global-Coal-Plant-Tracker-July-2025.xlsx","761e4cc56cdf0d5cc2df776073ca882d359b83724964568dd44e640a0b004644","Units:9839"
"GEM:G100000102626","G100000102626","ID","Hard Coal","","60","60","ID_Kalimantan4 6","34.683713082184326","4","4","existing_survivor::ID_Kalimantan4 6::Hard Coal::5a9f6236e0f6","ACTUALLY_INTEGRATED","","Global-Coal-Plant-Tracker-July-2025.xlsx","761e4cc56cdf0d5cc2df776073ca882d359b83724964568dd44e640a0b004644","Units:9652"
"GEM:G100000411317","G100000411317","ID","CCGT","","112","112","ID_Sumatra3 3","105.42011151785819","3","3","existing_survivor::ID_Sumatra3 3::CCGT::2308e720e9c5","ACTUALLY_INTEGRATED","","Global-Oil-and-Gas-Plant-Tracker-GOGPT-August-2025.xlsx","0a903cae9037bcc8f6223bd0642efaf8f28169fd0fef0d84e4ca0ecfb17da659","Gas & Oil Units:3773"
"GEM:G100000101590","G100000101590","ID","Hard Coal","","660","660","ID_Java-Bali1 0","149.8723691282999","1","1","existing_survivor::ID_Java-Bali1 0::Hard Coal::4a3b18bf2289","ACTUALLY_INTEGRATED","","Global-Coal-Plant-Tracker-July-2025.xlsx","761e4cc56cdf0d5cc2df776073ca882d359b83724964568dd44e640a0b004644","Units:9613"
"GEM:G100000101591","G100000101591","ID","Hard Coal","","924","924","ID_Java-Bali1 0","149.8723691282999","1","1","existing_survivor::ID_Java-Bali1 0::Hard Coal::4a3b18bf2289","ACTUALLY_INTEGRATED","","Global-Coal-Plant-Tracker-July-2025.xlsx","761e4cc56cdf0d5cc2df776073ca882d359b83724964568dd44e640a0b004644","Units:9614"
"GEM:G100000602135","G100000602135","ID","Hydro","Reservoir","1008","0","ID_Java-Bali1 0","19.194633245509674","1","1","","SURVIVES_PENDING_OTHER_QUALIFICATIONS","Plant-owned inflow covers168h only; full-year reference inflow ownership has not been reconciled to surviving source units. Shared river/node flow cannot be duplicated.","Global-Hydropower-Tracker-April-2025.xlsx","d2fe29a7d198fd6752cb4cec3d88caf9f1d1105a7052fd0805f5cf5fc43777c4","Data:2836"
"GEM:G100000101586","G100000101586","ID","Hard Coal","","300","300","ID_Java-Bali1 1","125.80867683289047","1","1","existing_survivor::ID_Java-Bali1 1::Hard Coal::0ea8684b0277","ACTUALLY_INTEGRATED","","Global-Coal-Plant-Tracker-July-2025.xlsx","761e4cc56cdf0d5cc2df776073ca882d359b83724964568dd44e640a0b004644","Units:9608"
"GEM:G100000101587","G100000101587","ID","Hard Coal","","300","300","ID_Java-Bali1 1","125.80867683289047","1","1","existing_survivor::ID_Java-Bali1 1::Hard Coal::0ea8684b0277","ACTUALLY_INTEGRATED","","Global-Coal-Plant-Tracker-July-2025.xlsx","761e4cc56cdf0d5cc2df776073ca882d359b83724964568dd44e640a0b004644","Units:9609"
"GEM:G100000101588","G100000101588","ID","Hard Coal","","660","660","ID_Java-Bali1 1","125.80867683289047","1","1","existing_survivor::ID_Java-Bali1 1::Hard Coal::0ea8684b0277","ACTUALLY_INTEGRATED","","Global-Coal-Plant-Tracker-July-2025.xlsx","761e4cc56cdf0d5cc2df776073ca882d359b83724964568dd44e640a0b004644","Units:9610"
"GEM:G100000101589","G100000101589","ID","Hard Coal","","1000","1000","ID_Java-Bali1 1","125.80867683289047","1","1","existing_survivor::ID_Java-Bali1 1::Hard Coal::0ea8684b0277","ACTUALLY_INTEGRATED","","Global-Coal-Plant-Tracker-July-2025.xlsx","761e4cc56cdf0d5cc2df776073ca882d359b83724964568dd44e640a0b004644","Units:9611"
"GEM:G100000101579","G100000101579","ID","Hard Coal","","140","140","ID_Java-Bali1 0","54.77911576788075","1","1","existing_survivor::ID_Java-Bali1 0::Hard Coal::4a3b18bf2289","ACTUALLY_INTEGRATED","","Global-Coal-Plant-Tracker-July-2025.xlsx","761e4cc56cdf0d5cc2df776073ca882d359b83724964568dd44e640a0b004644","Units:9601"
"GEM:G100000101580","G100000101580","ID","Hard Coal","","140","140","ID_Java-Bali1 0","54.77911576788075","1","1","existing_survivor::ID_Java-Bali1 0::Hard Coal::4a3b18bf2289","ACTUALLY_INTEGRATED","","Global-Coal-Plant-Tracker-July-2025.xlsx","761e4cc56cdf0d5cc2df776073ca882d359b83724964568dd44e640a0b004644","Units:9602"
"GEM:G100000101254","G100000101254","ID","Hard Coal","","142","142","ID_Java-Bali1 2","207.37375568250837","1","1","existing_survivor::ID_Java-Bali1 2::Hard Coal::93ea98c4233d","ACTUALLY_INTEGRATED","","Global-Coal-Plant-Tracker-July-2025.xlsx","761e4cc56cdf0d5cc2df776073ca882d359b83724964568dd44e640a0b004644","Units:9593"
"GEM:G100000101255","G100000101255","ID","Hard Coal","","142","142","ID_Java-Bali1 2","207.37375568250837","1","1","existing_survivor::ID_Java-Bali1 2::Hard Coal::93ea98c4233d","ACTUALLY_INTEGRATED","","Global-Coal-Plant-Tracker-July-2025.xlsx","761e4cc56cdf0d5cc2df776073ca882d359b83724964568dd44e640a0b004644","Units:9594"
"GEM:G100000101256","G100000101256","ID","Hard Coal","","142","142","ID_Java-Bali1 2","207.37375568250837","1","1","existing_survivor::ID_Java-Bali1 2::Hard Coal::93ea98c4233d","ACTUALLY_INTEGRATED","","Global-Coal-Plant-Tracker-July-2025.xlsx","761e4cc56cdf0d5cc2df776073ca882d359b83724964568dd44e640a0b004644","Units:9595"
"GEM:G100000602163","G100000602163","ID","Hydro","Reservoir","181","0","ID_Java-Bali1 1","67.9732264066766","1","1","","SURVIVES_PENDING_OTHER_QUALIFICATIONS","Plant-owned inflow covers168h only; full-year reference inflow ownership has not been reconciled to surviving source units. Shared river/node flow cannot be duplicated.","Global-Hydropower-Tracker-April-2025.xlsx","d2fe29a7d198fd6752cb4cec3d88caf9f1d1105a7052fd0805f5cf5fc43777c4","Data:2868"
"GEM:G100000404255","G100000404255","ID","CCGT","","130","130","ID_Java-Bali1 0","19.194633245509674","1","1","existing_survivor::ID_Java-Bali1 0::CCGT::31c3f1a5a430","ACTUALLY_INTEGRATED","","Global-Oil-and-Gas-Plant-Tracker-GOGPT-August-2025.xlsx","0a903cae9037bcc8f6223bd0642efaf8f28169fd0fef0d84e4ca0ecfb17da659","Gas & Oil Units:3752"
"GEM:G100000100641","G100000100641","ID","Hard Coal","","50","50","ID_Sulawesi0 4","64.86109540824297","0","0","existing_survivor::ID_Sulawesi0 4::Hard Coal::f0a80e7aa9db","ACTUALLY_INTEGRATED","","Global-Coal-Plant-Tracker-July-2025.xlsx","761e4cc56cdf0d5cc2df776073ca882d359b83724964568dd44e640a0b004644","Units:9566"
"GEM:G100000100642","G100000100642","ID","Hard Coal","","50","50","ID_Sulawesi0 4","64.86109540824297","0","0","existing_survivor::ID_Sulawesi0 4::Hard Coal::f0a80e7aa9db","ACTUALLY_INTEGRATED","","Global-Coal-Plant-Tracker-July-2025.xlsx","761e4cc56cdf0d5cc2df776073ca882d359b83724964568dd44e640a0b004644","Units:9567"
"GEM:G100000100643","G100000100643","ID","Hard Coal","","100","100","ID_Sulawesi0 4","64.86109540824297","0","0","existing_survivor::ID_Sulawesi0 4::Hard Coal::f0a80e7aa9db","ACTUALLY_INTEGRATED","","Global-Coal-Plant-Tracker-July-2025.xlsx","761e4cc56cdf0d5cc2df776073ca882d359b83724964568dd44e640a0b004644","Units:9565"
"GEM:G100000100537","G100000100537","ID","Hard Coal","","625","625","ID_Java-Bali1 0","148.50775916159904","1","1","existing_survivor::ID_Java-Bali1 0::Hard Coal::4a3b18bf2289","ACTUALLY_INTEGRATED","","Global-Coal-Plant-Tracker-July-2025.xlsx","761e4cc56cdf0d5cc2df776073ca882d359b83724964568dd44e640a0b004644","Units:9560"
"GEM:G100000100536","G100000100536","ID","Hard Coal","","660","660","ID_Java-Bali1 0","148.50775916159904","1","1","existing_survivor::ID_Java-Bali1 0::Hard Coal::4a3b18bf2289","ACTUALLY_INTEGRATED","","Global-Coal-Plant-Tracker-July-2025.xlsx","761e4cc56cdf0d5cc2df776073ca882d359b83724964568dd44e640a0b004644","Units:9551"
"GEM:G100000100532","G100000100532","ID","Hard Coal","","315","315","ID_Java-Bali1 0","126.78986645378389","1","1","existing_survivor::ID_Java-Bali1 0::Hard Coal::4a3b18bf2289","ACTUALLY_INTEGRATED","","Global-Coal-Plant-Tracker-July-2025.xlsx","761e4cc56cdf0d5cc2df776073ca882d359b83724964568dd44e640a0b004644","Units:9547"
"GEM:G100000100533","G100000100533","ID","Hard Coal","","315","315","ID_Java-Bali1 0","126.78986645378389","1","1","existing_survivor::ID_Java-Bali1 0::Hard Coal::4a3b18bf2289","ACTUALLY_INTEGRATED","","Global-Coal-Plant-Tracker-July-2025.xlsx","761e4cc56cdf0d5cc2df776073ca882d359b83724964568dd44e640a0b004644","Units:9548"
"GEM:G100000100534","G100000100534","ID","Hard Coal","","315","315","ID_Java-Bali1 0","126.78986645378389","1","1","existing_survivor::ID_Java-Bali1 0::Hard Coal::4a3b18bf2289","ACTUALLY_INTEGRATED","","Global-Coal-Plant-Tracker-July-2025.xlsx","761e4cc56cdf0d5cc2df776073ca882d359b83724964568dd44e640a0b004644","Units:9549"
"GEM:G100000100530","G100000100530","ID","Hard Coal","","300","300","ID_Java-Bali1 0","152.06532244856615","1","1","existing_survivor::ID_Java-Bali1 0::Hard Coal::4a3b18bf2289","ACTUALLY_INTEGRATED","","Global-Coal-Plant-Tracker-July-2025.xlsx","761e4cc56cdf0d5cc2df776073ca882d359b83724964568dd44e640a0b004644","Units:9545"
"GEM:G100000100531","G100000100531","ID","Hard Coal","","300","300","ID_Java-Bali1 0","152.06532244856615","1","1","existing_survivor::ID_Java-Bali1 0::Hard Coal::4a3b18bf2289","ACTUALLY_INTEGRATED","","Global-Coal-Plant-Tracker-July-2025.xlsx","761e4cc56cdf0d5cc2df776073ca882d359b83724964568dd44e640a0b004644","Units:9546"
"GEM:G100000100519","G100000100519","ID","Hard Coal","","110","110","ID_Sumatra3 1","150.61781834421487","3","3","existing_survivor::ID_Sumatra3 1::Hard Coal::dbcbf2de937f","ACTUALLY_INTEGRATED","","Global-Coal-Plant-Tracker-July-2025.xlsx","761e4cc56cdf0d5cc2df776073ca882d359b83724964568dd44e640a0b004644","Units:9541"
"GEM:G100000100520","G100000100520","ID","Hard Coal","","110","110","ID_Sumatra3 1","150.61781834421487","3","3","existing_survivor::ID_Sumatra3 1::Hard Coal::dbcbf2de937f","ACTUALLY_INTEGRATED","","Global-Coal-Plant-Tracker-July-2025.xlsx","761e4cc56cdf0d5cc2df776073ca882d359b83724964568dd44e640a0b004644","Units:9542"
"GEM:G100000602129","G100000602129","ID","Hydro","Reservoir","140","0","ID_Sulawesi0 3","34.64620214098714","0","0","","SURVIVES_PENDING_OTHER_QUALIFICATIONS","Plant-owned inflow covers168h only; full-year reference inflow ownership has not been reconciled to surviving source units. Shared river/node flow cannot be duplicated.","Global-Hydropower-Tracker-April-2025.xlsx","d2fe29a7d198fd6752cb4cec3d88caf9f1d1105a7052fd0805f5cf5fc43777c4","Data:2830"
"GEM:G100000602128","G100000602128","ID","Hydro","Reservoir","126","0","ID_Sulawesi0 1","98.17135509868214","0","0","","SURVIVES_PENDING_OTHER_QUALIFICATIONS","Plant-owned inflow covers168h only; full-year reference inflow ownership has not been reconciled to surviving source units. Shared river/node flow cannot be duplicated.","Global-Hydropower-Tracker-April-2025.xlsx","d2fe29a7d198fd6752cb4cec3d88caf9f1d1105a7052fd0805f5cf5fc43777c4","Data:2829"
"GEM:G100000105482","G100000105482","ID","Lignite","","65","65","ID_Kalimantan4 4","75.61565031471518","4","4","existing_survivor::ID_Kalimantan4 4::Lignite::b99f51b3b8ac","ACTUALLY_INTEGRATED","","Global-Coal-Plant-Tracker-July-2025.xlsx","761e4cc56cdf0d5cc2df776073ca882d359b83724964568dd44e640a0b004644","Units:9520"
"GEM:G100000105483","G100000105483","ID","Lignite","","65","65","ID_Kalimantan4 4","75.61565031471518","4","4","existing_survivor::ID_Kalimantan4 4::Lignite::b99f51b3b8ac","ACTUALLY_INTEGRATED","","Global-Coal-Plant-Tracker-July-2025.xlsx","761e4cc56cdf0d5cc2df776073ca882d359b83724964568dd44e640a0b004644","Units:9521"
"GEM:G100000602125","G100000602125","ID","Hydro","Run-Of-River","180","0","ID_Sumatra3 2","50.15730028173791","3","3","","SURVIVES_PENDING_OTHER_QUALIFICATIONS","Plant-owned168h inflow cannot provide the required annual availability; annual reference availability lacks a qualified source-unit ownership join.","Global-Hydropower-Tracker-April-2025.xlsx","d2fe29a7d198fd6752cb4cec3d88caf9f1d1105a7052fd0805f5cf5fc43777c4","Data:2826"
"GEM:G100000405917","G100000405917","ID","CCGT","","450","450","ID_Java-Bali1 2","19.224104769073058","1","1","existing_survivor::ID_Java-Bali1 2::CCGT::4d3b87278918","ACTUALLY_INTEGRATED","","Global-Oil-and-Gas-Plant-Tracker-GOGPT-August-2025.xlsx","0a903cae9037bcc8f6223bd0642efaf8f28169fd0fef0d84e4ca0ecfb17da659","Gas & Oil Units:3778"
"GEM:G100000405918","G100000405918","ID","CCGT","","450","450","ID_Java-Bali1 2","19.224104769073058","1","1","existing_survivor::ID_Java-Bali1 2::CCGT::4d3b87278918","ACTUALLY_INTEGRATED","","Global-Oil-and-Gas-Plant-Tracker-GOGPT-August-2025.xlsx","0a903cae9037bcc8f6223bd0642efaf8f28169fd0fef0d84e4ca0ecfb17da659","Gas & Oil Units:3779"
"GEM:G100000104852","G100000104852","ID","Hard Coal","","330","330","ID_Java-Bali1 0","98.11045845500414","1","1","existing_survivor::ID_Java-Bali1 0::Hard Coal::4a3b18bf2289","ACTUALLY_INTEGRATED","","Global-Coal-Plant-Tracker-July-2025.xlsx","761e4cc56cdf0d5cc2df776073ca882d359b83724964568dd44e640a0b004644","Units:9670"
"GEM:G100000104853","G100000104853","ID","Hard Coal","","330","330","ID_Java-Bali1 0","98.11045845500414","1","1","existing_survivor::ID_Java-Bali1 0::Hard Coal::4a3b18bf2289","ACTUALLY_INTEGRATED","","Global-Coal-Plant-Tracker-July-2025.xlsx","761e4cc56cdf0d5cc2df776073ca882d359b83724964568dd44e640a0b004644","Units:9671"
"GEM:G100000104854","G100000104854","ID","Hard Coal","","330","330","ID_Java-Bali1 0","98.11045845500414","1","1","existing_survivor::ID_Java-Bali1 0::Hard Coal::4a3b18bf2289","ACTUALLY_INTEGRATED","","Global-Coal-Plant-Tracker-July-2025.xlsx","761e4cc56cdf0d5cc2df776073ca882d359b83724964568dd44e640a0b004644","Units:9672"
"GEM:G100000107756","G100000107756","ID","Hard Coal","","220","220","ID_Sumatra3 2","160.70568721601478","3","3","existing_survivor::ID_Sumatra3 2::Hard Coal::cb34bd8ea70d","ACTUALLY_INTEGRATED","","Global-Coal-Plant-Tracker-July-2025.xlsx","761e4cc56cdf0d5cc2df776073ca882d359b83724964568dd44e640a0b004644","Units:9829"
"GEM:G100000107757","G100000107757","ID","Hard Coal","","220","220","ID_Sumatra3 2","160.70568721601478","3","3","existing_survivor::ID_Sumatra3 2::Hard Coal::cb34bd8ea70d","ACTUALLY_INTEGRATED","","Global-Coal-Plant-Tracker-July-2025.xlsx","761e4cc56cdf0d5cc2df776073ca882d359b83724964568dd44e640a0b004644","Units:9830"
"GEM:G100000107758","G100000107758","ID","Hard Coal","","200","200","ID_Sumatra3 2","160.70568721601478","3","3","existing_survivor::ID_Sumatra3 2::Hard Coal::cb34bd8ea70d","ACTUALLY_INTEGRATED","","Global-Coal-Plant-Tracker-July-2025.xlsx","761e4cc56cdf0d5cc2df776073ca882d359b83724964568dd44e640a0b004644","Units:9831"
"GEM:G100000107759","G100000107759","ID","Hard Coal","","200","200","ID_Sumatra3 2","160.70568721601478","3","3","existing_survivor::ID_Sumatra3 2::Hard Coal::cb34bd8ea70d","ACTUALLY_INTEGRATED","","Global-Coal-Plant-Tracker-July-2025.xlsx","761e4cc56cdf0d5cc2df776073ca882d359b83724964568dd44e640a0b004644","Units:9832"
"GEM:G100000107729","G100000107729","ID","Hard Coal","","660","660","ID_Java-Bali1 2","64.60083863291548","1","1","existing_survivor::ID_Java-Bali1 2::Hard Coal::93ea98c4233d","ACTUALLY_INTEGRATED","","Global-Coal-Plant-Tracker-July-2025.xlsx","761e4cc56cdf0d5cc2df776073ca882d359b83724964568dd44e640a0b004644","Units:9850"
"GEM:G100000107734","G100000107734","ID","Hard Coal","","815","815","ID_Java-Bali1 2","64.60083863291548","1","1","existing_survivor::ID_Java-Bali1 2::Hard Coal::93ea98c4233d","ACTUALLY_INTEGRATED","","Global-Coal-Plant-Tracker-July-2025.xlsx","761e4cc56cdf0d5cc2df776073ca882d359b83724964568dd44e640a0b004644","Units:9824"
"GEM:G100000107720","G100000107720","ID","Hard Coal","","315","315","ID_Java-Bali1 1","138.51980247994473","1","1","existing_survivor::ID_Java-Bali1 1::Hard Coal::0ea8684b0277","ACTUALLY_INTEGRATED","","Global-Coal-Plant-Tracker-July-2025.xlsx","761e4cc56cdf0d5cc2df776073ca882d359b83724964568dd44e640a0b004644","Units:9818"
"GEM:G100000107721","G100000107721","ID","Hard Coal","","315","315","ID_Java-Bali1 1","138.51980247994473","1","1","existing_survivor::ID_Java-Bali1 1::Hard Coal::0ea8684b0277","ACTUALLY_INTEGRATED","","Global-Coal-Plant-Tracker-July-2025.xlsx","761e4cc56cdf0d5cc2df776073ca882d359b83724964568dd44e640a0b004644","Units:9819"
"GEM:G100000107177","G100000107177","ID","Hard Coal","","110","110","ID_Sumatra3 0","92.42746429244643","3","3","existing_survivor::ID_Sumatra3 0::Hard Coal::80ce85d2071c","ACTUALLY_INTEGRATED","","Global-Coal-Plant-Tracker-July-2025.xlsx","761e4cc56cdf0d5cc2df776073ca882d359b83724964568dd44e640a0b004644","Units:9783"
"GEM:G100000107178","G100000107178","ID","Hard Coal","","110","110","ID_Sumatra3 0","92.42746429244643","3","3","existing_survivor::ID_Sumatra3 0::Hard Coal::80ce85d2071c","ACTUALLY_INTEGRATED","","Global-Coal-Plant-Tracker-July-2025.xlsx","761e4cc56cdf0d5cc2df776073ca882d359b83724964568dd44e640a0b004644","Units:9784"
"GEM:G100000107179","G100000107179","ID","Hard Coal","","225","225","ID_Sumatra3 0","92.42746429244643","3","3","existing_survivor::ID_Sumatra3 0::Hard Coal::80ce85d2071c","ACTUALLY_INTEGRATED","","Global-Coal-Plant-Tracker-July-2025.xlsx","761e4cc56cdf0d5cc2df776073ca882d359b83724964568dd44e640a0b004644","Units:9785"
"GEM:G100000107180","G100000107180","ID","Hard Coal","","225","225","ID_Sumatra3 0","92.42746429244643","3","3","existing_survivor::ID_Sumatra3 0::Hard Coal::80ce85d2071c","ACTUALLY_INTEGRATED","","Global-Coal-Plant-Tracker-July-2025.xlsx","761e4cc56cdf0d5cc2df776073ca882d359b83724964568dd44e640a0b004644","Units:9786"
"GEM:G100000602160","G100000602160","ID","Hydro","Run-Of-River","210","0","ID_Sumatra3 5","171.01606563841025","3","3","","SURVIVES_PENDING_OTHER_QUALIFICATIONS","Plant-owned168h inflow cannot provide the required annual availability; annual reference availability lacks a qualified source-unit ownership join.","Global-Hydropower-Tracker-April-2025.xlsx","d2fe29a7d198fd6752cb4cec3d88caf9f1d1105a7052fd0805f5cf5fc43777c4","Data:2865"
"GEM:G100000404282","G100000404282","ID","CCGT","","280","280","ID_Java-Bali1 0","54.77911576788075","1","1","existing_survivor::ID_Java-Bali1 0::CCGT::31c3f1a5a430","ACTUALLY_INTEGRATED","","Global-Oil-and-Gas-Plant-Tracker-GOGPT-August-2025.xlsx","0a903cae9037bcc8f6223bd0642efaf8f28169fd0fef0d84e4ca0ecfb17da659","Gas & Oil Units:3820"
"GEM:G100000106864","G100000106864","ID","Hard Coal","","60","60","ID_Java-Bali1 0","148.50775916159904","1","1","existing_survivor::ID_Java-Bali1 0::Hard Coal::4a3b18bf2289","ACTUALLY_INTEGRATED","","Global-Coal-Plant-Tracker-July-2025.xlsx","761e4cc56cdf0d5cc2df776073ca882d359b83724964568dd44e640a0b004644","Units:9777"
"GEM:G100000106865","G100000106865","ID","Hard Coal","","60","60","ID_Java-Bali1 0","148.50775916159904","1","1","existing_survivor::ID_Java-Bali1 0::Hard Coal::4a3b18bf2289","ACTUALLY_INTEGRATED","","Global-Coal-Plant-Tracker-July-2025.xlsx","761e4cc56cdf0d5cc2df776073ca882d359b83724964568dd44e640a0b004644","Units:9778"
"GEM:G100000113840","G100000113840","ID","Hard Coal","","30","30","ID_Sumatra3 2","90.52274554782915","3","3","existing_survivor::ID_Sumatra3 2::Hard Coal::cb34bd8ea70d","ACTUALLY_INTEGRATED","","Global-Coal-Plant-Tracker-July-2025.xlsx","761e4cc56cdf0d5cc2df776073ca882d359b83724964568dd44e640a0b004644","Units:9775"
"GEM:G100000113841","G100000113841","ID","Hard Coal","","30","30","ID_Sumatra3 2","90.52274554782915","3","3","existing_survivor::ID_Sumatra3 2::Hard Coal::cb34bd8ea70d","ACTUALLY_INTEGRATED","","Global-Coal-Plant-Tracker-July-2025.xlsx","761e4cc56cdf0d5cc2df776073ca882d359b83724964568dd44e640a0b004644","Units:9776"
"GEM:G100001051496","G100001051496","ID","Hydro","Reservoir","68","0","ID_Sumatra3 3","96.36160659637419","3","3","","SURVIVES_PENDING_OTHER_QUALIFICATIONS","Plant-owned inflow covers168h only; full-year reference inflow ownership has not been reconciled to surviving source units. Shared river/node flow cannot be duplicated.","Global-Hydropower-Tracker-April-2025.xlsx","d2fe29a7d198fd6752cb4cec3d88caf9f1d1105a7052fd0805f5cf5fc43777c4","Data:2859"
"GEM:G100000602151","G100000602151","ID","Hydro","Run-Of-River","82","0","ID_Sumatra3 2","51.46452300043682","3","3","","SURVIVES_PENDING_OTHER_QUALIFICATIONS","Plant-owned168h inflow cannot provide the required annual availability; annual reference availability lacks a qualified source-unit ownership join.","Global-Hydropower-Tracker-April-2025.xlsx","d2fe29a7d198fd6752cb4cec3d88caf9f1d1105a7052fd0805f5cf5fc43777c4","Data:2854"
"GEM:G100000602150","G100000602150","ID","Hydro","Reservoir","165","0","ID_Sulawesi0 3","34.64620214098714","0","0","","SURVIVES_PENDING_OTHER_QUALIFICATIONS","Plant-owned inflow covers168h only; full-year reference inflow ownership has not been reconciled to surviving source units. Shared river/node flow cannot be duplicated.","Global-Hydropower-Tracker-April-2025.xlsx","d2fe29a7d198fd6752cb4cec3d88caf9f1d1105a7052fd0805f5cf5fc43777c4","Data:2853"
"GEM:G100000106136","G100000106136","ID","Hard Coal","","100","100","ID_Sumatra3 1","189.14447179481746","3","3","existing_survivor::ID_Sumatra3 1::Hard Coal::dbcbf2de937f","ACTUALLY_INTEGRATED","","Global-Coal-Plant-Tracker-July-2025.xlsx","761e4cc56cdf0d5cc2df776073ca882d359b83724964568dd44e640a0b004644","Units:9762"
"GEM:G100000106137","G100000106137","ID","Hard Coal","","100","100","ID_Sumatra3 1","189.14447179481746","3","3","existing_survivor::ID_Sumatra3 1::Hard Coal::dbcbf2de937f","ACTUALLY_INTEGRATED","","Global-Coal-Plant-Tracker-July-2025.xlsx","761e4cc56cdf0d5cc2df776073ca882d359b83724964568dd44e640a0b004644","Units:9763"
"GEM:G100000106084","G100000106084","ID","Lignite","","115","115","ID_Sumatra3 2","127.56083717576718","3","3","existing_survivor::ID_Sumatra3 2::Lignite::bd8abcb7e03e","ACTUALLY_INTEGRATED","","Global-Coal-Plant-Tracker-July-2025.xlsx","761e4cc56cdf0d5cc2df776073ca882d359b83724964568dd44e640a0b004644","Units:9757"
"GEM:G100000106085","G100000106085","ID","Lignite","","115","115","ID_Sumatra3 2","127.56083717576718","3","3","existing_survivor::ID_Sumatra3 2::Lignite::bd8abcb7e03e","ACTUALLY_INTEGRATED","","Global-Coal-Plant-Tracker-July-2025.xlsx","761e4cc56cdf0d5cc2df776073ca882d359b83724964568dd44e640a0b004644","Units:9758"
"GEM:G100000404272","G100000404272","ID","CCGT","","120","120","ID_Java-Bali1 0","148.50775916159904","1","1","existing_survivor::ID_Java-Bali1 0::CCGT::31c3f1a5a430","ACTUALLY_INTEGRATED","","Global-Oil-and-Gas-Plant-Tracker-GOGPT-August-2025.xlsx","0a903cae9037bcc8f6223bd0642efaf8f28169fd0fef0d84e4ca0ecfb17da659","Gas & Oil Units:3806"
"GEM:G100000602147","G100000602147","ID","Hydro","Reservoir","114","0","ID_Sumatra3 3","19.506264656995562","3","3","","SURVIVES_PENDING_OTHER_QUALIFICATIONS","Plant-owned inflow covers168h only; full-year reference inflow ownership has not been reconciled to surviving source units. Shared river/node flow cannot be duplicated.","Global-Hydropower-Tracker-April-2025.xlsx","d2fe29a7d198fd6752cb4cec3d88caf9f1d1105a7052fd0805f5cf5fc43777c4","Data:2850"
"GEM:G100000105679","G100000105679","ID","Hard Coal","","30","30","ID_Kalimantan4 7","69.98515060529442","4","4","existing_survivor::ID_Kalimantan4 7::Hard Coal::347484242ee8","ACTUALLY_INTEGRATED","","Global-Coal-Plant-Tracker-July-2025.xlsx","761e4cc56cdf0d5cc2df776073ca882d359b83724964568dd44e640a0b004644","Units:9741"
"GEM:G100000105680","G100000105680","ID","Hard Coal","","30","30","ID_Kalimantan4 7","69.98515060529442","4","4","existing_survivor::ID_Kalimantan4 7::Hard Coal::347484242ee8","ACTUALLY_INTEGRATED","","Global-Coal-Plant-Tracker-July-2025.xlsx","761e4cc56cdf0d5cc2df776073ca882d359b83724964568dd44e640a0b004644","Units:9744"
"GEM:G100000114899","G100000114899","ID","Hard Coal","","80","80","ID_Kalimantan4 7","69.98515060529442","4","4","existing_survivor::ID_Kalimantan4 7::Hard Coal::347484242ee8","ACTUALLY_INTEGRATED","","Global-Coal-Plant-Tracker-July-2025.xlsx","761e4cc56cdf0d5cc2df776073ca882d359b83724964568dd44e640a0b004644","Units:9742"
"GEM:G100000114900","G100000114900","ID","Hard Coal","","80","80","ID_Kalimantan4 7","69.98515060529442","4","4","existing_survivor::ID_Kalimantan4 7::Hard Coal::347484242ee8","ACTUALLY_INTEGRATED","","Global-Coal-Plant-Tracker-July-2025.xlsx","761e4cc56cdf0d5cc2df776073ca882d359b83724964568dd44e640a0b004644","Units:9743"
"GEM:G100000105632","G100000105632","ID","Hard Coal","","135","135","ID_Sumatra3 1","150.61781834421487","3","3","existing_survivor::ID_Sumatra3 1::Hard Coal::dbcbf2de937f","ACTUALLY_INTEGRATED","","Global-Coal-Plant-Tracker-July-2025.xlsx","761e4cc56cdf0d5cc2df776073ca882d359b83724964568dd44e640a0b004644","Units:9737"
"GEM:G100000105633","G100000105633","ID","Hard Coal","","135","135","ID_Sumatra3 1","150.61781834421487","3","3","existing_survivor::ID_Sumatra3 1::Hard Coal::dbcbf2de937f","ACTUALLY_INTEGRATED","","Global-Coal-Plant-Tracker-July-2025.xlsx","761e4cc56cdf0d5cc2df776073ca882d359b83724964568dd44e640a0b004644","Units:9738"
"GEM:G100000105492","G100000105492","ID","Hard Coal","","110","110","ID_Kalimantan4 6","57.60671462838641","4","4","existing_survivor::ID_Kalimantan4 6::Hard Coal::5a9f6236e0f6","ACTUALLY_INTEGRATED","","Global-Coal-Plant-Tracker-July-2025.xlsx","761e4cc56cdf0d5cc2df776073ca882d359b83724964568dd44e640a0b004644","Units:9723"
"GEM:G100000105493","G100000105493","ID","Hard Coal","","110","110","ID_Kalimantan4 6","57.60671462838641","4","4","existing_survivor::ID_Kalimantan4 6::Hard Coal::5a9f6236e0f6","ACTUALLY_INTEGRATED","","Global-Coal-Plant-Tracker-July-2025.xlsx","761e4cc56cdf0d5cc2df776073ca882d359b83724964568dd44e640a0b004644","Units:9724"
"GEM:G100000105488","G100000105488","ID","Hard Coal","","60","60","ID_Kalimantan4 4","99.56038661347067","4","4","existing_survivor::ID_Kalimantan4 4::Hard Coal::8a549b0ced65","ACTUALLY_INTEGRATED","","Global-Coal-Plant-Tracker-July-2025.xlsx","761e4cc56cdf0d5cc2df776073ca882d359b83724964568dd44e640a0b004644","Units:9719"
"GEM:G100000105489","G100000105489","ID","Hard Coal","","60","60","ID_Kalimantan4 4","99.56038661347067","4","4","existing_survivor::ID_Kalimantan4 4::Hard Coal::8a549b0ced65","ACTUALLY_INTEGRATED","","Global-Coal-Plant-Tracker-July-2025.xlsx","761e4cc56cdf0d5cc2df776073ca882d359b83724964568dd44e640a0b004644","Units:9720"
"GEM:G100000602138","G100000602138","ID","Hydro","Reservoir","187","0","ID_Java-Bali1 0","19.194633245509674","1","1","","SURVIVES_PENDING_OTHER_QUALIFICATIONS","Plant-owned inflow covers168h only; full-year reference inflow ownership has not been reconciled to surviving source units. Shared river/node flow cannot be duplicated.","Global-Hydropower-Tracker-April-2025.xlsx","d2fe29a7d198fd6752cb4cec3d88caf9f1d1105a7052fd0805f5cf5fc43777c4","Data:2839"
"GEM:G100000404462","G100000404462","TH","CCGT","","275","275","TH2 2","18.953736385991693","2","2","existing_survivor::TH2 2::CCGT::1580dccb80c4","ACTUALLY_INTEGRATED","","Global-Oil-and-Gas-Plant-Tracker-GOGPT-August-2025.xlsx","0a903cae9037bcc8f6223bd0642efaf8f28169fd0fef0d84e4ca0ecfb17da659","Gas & Oil Units:9042"
"GEM:G100000603607","G100000603607","TH","Hydro","Reservoir","240","0","TH2 5","44.78856440510907","2","2","","SURVIVES_PENDING_OTHER_QUALIFICATIONS","Plant-owned inflow covers168h only; full-year reference inflow ownership has not been reconciled to surviving source units. Shared river/node flow cannot be duplicated.","Global-Hydropower-Tracker-April-2025.xlsx","d2fe29a7d198fd6752cb4cec3d88caf9f1d1105a7052fd0805f5cf5fc43777c4","Data:4723"
"GEM:G100000603606","G100000603606","TH","Hydro","Reservoir","136","0","TH2 1","212.23365128387337","2","2","","SURVIVES_PENDING_OTHER_QUALIFICATIONS","Plant-owned inflow covers168h only; full-year reference inflow ownership has not been reconciled to surviving source units. Shared river/node flow cannot be duplicated.","Global-Hydropower-Tracker-April-2025.xlsx","d2fe29a7d198fd6752cb4cec3d88caf9f1d1105a7052fd0805f5cf5fc43777c4","Data:4722"
"GEM:G100000404449","G100000404449","TH","CCGT","","828","828","TH2 2","61.935676684056446","2","2","existing_survivor::TH2 2::CCGT::1580dccb80c4","ACTUALLY_INTEGRATED","","Global-Oil-and-Gas-Plant-Tracker-GOGPT-August-2025.xlsx","0a903cae9037bcc8f6223bd0642efaf8f28169fd0fef0d84e4ca0ecfb17da659","Gas & Oil Units:9026"
"GEM:G100000404446","G100000404446","TH","CCGT","","800","800","TH2 2","44.40246605053122","2","2","existing_survivor::TH2 2::CCGT::1580dccb80c4","ACTUALLY_INTEGRATED","","Global-Oil-and-Gas-Plant-Tracker-GOGPT-August-2025.xlsx","0a903cae9037bcc8f6223bd0642efaf8f28169fd0fef0d84e4ca0ecfb17da659","Gas & Oil Units:9021"
"GEM:G100000404447","G100000404447","TH","CCGT","","800","800","TH2 2","44.40246605053122","2","2","existing_survivor::TH2 2::CCGT::1580dccb80c4","ACTUALLY_INTEGRATED","","Global-Oil-and-Gas-Plant-Tracker-GOGPT-August-2025.xlsx","0a903cae9037bcc8f6223bd0642efaf8f28169fd0fef0d84e4ca0ecfb17da659","Gas & Oil Units:9022"
"GEM:G100000603609","G100000603609","TH","Hydro","Reservoir","360","0","TH2 2","136.46745058571992","2","2","","SURVIVES_PENDING_OTHER_QUALIFICATIONS","Plant-owned inflow covers168h only; full-year reference inflow ownership has not been reconciled to surviving source units. Shared river/node flow cannot be duplicated.","Global-Hydropower-Tracker-April-2025.xlsx","d2fe29a7d198fd6752cb4cec3d88caf9f1d1105a7052fd0805f5cf5fc43777c4","Data:4725"
"GEM:G100000404471","G100000404471","TH","CCGT","","1220","1220","TH2 3","62.74907879925379","2","2","existing_survivor::TH2 3::CCGT::91501ec324b4","ACTUALLY_INTEGRATED","","Global-Oil-and-Gas-Plant-Tracker-GOGPT-August-2025.xlsx","0a903cae9037bcc8f6223bd0642efaf8f28169fd0fef0d84e4ca0ecfb17da659","Gas & Oil Units:9052"
"GEM:G100000603608","G100000603608","TH","Hydro","Reservoir","500","0","TH2 4","65.86867119448274","2","2","","SURVIVES_PENDING_OTHER_QUALIFICATIONS","Plant-owned inflow covers168h only; full-year reference inflow ownership has not been reconciled to surviving source units. Shared river/node flow cannot be duplicated.","Global-Hydropower-Tracker-April-2025.xlsx","d2fe29a7d198fd6752cb4cec3d88caf9f1d1105a7052fd0805f5cf5fc43777c4","Data:4724"
"GEM:G100000404501","G100000404501","TH","CCGT","","125.9","125.9","TH2 2","34.47066408686388","2","2","existing_survivor::TH2 2::CCGT::1580dccb80c4","ACTUALLY_INTEGRATED","","Global-Oil-and-Gas-Plant-Tracker-GOGPT-August-2025.xlsx","0a903cae9037bcc8f6223bd0642efaf8f28169fd0fef0d84e4ca0ecfb17da659","Gas & Oil Units:8983"
"GEM:G100000404431","G100000404431","TH","CCGT","","970","970","TH2 5","105.77255512832522","2","2","existing_survivor::GEM:G100000404431","ACTUALLY_INTEGRATED","","Global-Oil-and-Gas-Plant-Tracker-GOGPT-August-2025.xlsx","0a903cae9037bcc8f6223bd0642efaf8f28169fd0fef0d84e4ca0ecfb17da659","Gas & Oil Units:9006"
"GEM:G100000404438","G100000404438","TH","CCGT","","130","130","TH2 3","20.514299181178572","2","2","existing_survivor::TH2 3::CCGT::91501ec324b4","ACTUALLY_INTEGRATED","","Global-Oil-and-Gas-Plant-Tracker-GOGPT-August-2025.xlsx","0a903cae9037bcc8f6223bd0642efaf8f28169fd0fef0d84e4ca0ecfb17da659","Gas & Oil Units:8999"
"GEM:G100000404426","G100000404426","TH","CCGT","","110","110","TH2 3","30.235416739962155","2","2","existing_survivor::TH2 3::CCGT::91501ec324b4","ACTUALLY_INTEGRATED","","Global-Oil-and-Gas-Plant-Tracker-GOGPT-August-2025.xlsx","0a903cae9037bcc8f6223bd0642efaf8f28169fd0fef0d84e4ca0ecfb17da659","Gas & Oil Units:8980"
"GEM:G100000404423","G100000404423","TH","CCGT","","328","328","TH2 3","39.14149624233253","2","2","existing_survivor::TH2 3::CCGT::91501ec324b4","ACTUALLY_INTEGRATED","","Global-Oil-and-Gas-Plant-Tracker-GOGPT-August-2025.xlsx","0a903cae9037bcc8f6223bd0642efaf8f28169fd0fef0d84e4ca0ecfb17da659","Gas & Oil Units:8974"
"GEM:G100000103058","G100000103058","TH","Hard Coal","","85","85","TH2 3","39.14149624233253","2","2","existing_survivor::TH2 3::Hard Coal::ff95fc565364","ACTUALLY_INTEGRATED","","Global-Coal-Plant-Tracker-July-2025.xlsx","761e4cc56cdf0d5cc2df776073ca882d359b83724964568dd44e640a0b004644","Units:12327"
"GEM:G100000103014","G100000103014","TH","Hard Coal","","660","660","TH2 3","39.14149624233253","2","2","existing_survivor::TH2 3::Hard Coal::ff95fc565364","ACTUALLY_INTEGRATED","","Global-Coal-Plant-Tracker-July-2025.xlsx","761e4cc56cdf0d5cc2df776073ca882d359b83724964568dd44e640a0b004644","Units:12324"
"GEM:G100000404419","G100000404419","TH","CCGT","","766","766","TH2 0","39.11357101696156","2","2","existing_survivor::GEM:G100000404419","ACTUALLY_INTEGRATED","","Global-Oil-and-Gas-Plant-Tracker-GOGPT-August-2025.xlsx","0a903cae9037bcc8f6223bd0642efaf8f28169fd0fef0d84e4ca0ecfb17da659","Gas & Oil Units:8963"
"GEM:G100000106655","G100000106655","TH","Hard Coal","","717","717","TH2 3","39.14149624233253","2","2","existing_survivor::TH2 3::Hard Coal::ff95fc565364","ACTUALLY_INTEGRATED","","Global-Coal-Plant-Tracker-July-2025.xlsx","761e4cc56cdf0d5cc2df776073ca882d359b83724964568dd44e640a0b004644","Units:12350"
"GEM:G100000106656","G100000106656","TH","Hard Coal","","717","717","TH2 3","39.14149624233253","2","2","existing_survivor::TH2 3::Hard Coal::ff95fc565364","ACTUALLY_INTEGRATED","","Global-Coal-Plant-Tracker-July-2025.xlsx","761e4cc56cdf0d5cc2df776073ca882d359b83724964568dd44e640a0b004644","Units:12351"
"GEM:G100000603605","G100000603605","TH","Hydro","Pumped Storage","1000","0","TH2 2","132.36565758241937","2","2","","SURVIVES_PENDING_OTHER_QUALIFICATIONS","Original duration/storage energy missing; reference fixed PHS max_hours=0 is not a qualified usable energy capacity. Resolve source duration/config discrepancy; natural river inflow is not this blocker.","Global-Hydropower-Tracker-April-2025.xlsx","d2fe29a7d198fd6752cb4cec3d88caf9f1d1105a7052fd0805f5cf5fc43777c4","Data:4721"
"GEM:G100000404436","G100000404436","TH","CCGT","","140","140","TH2 3","20.514299181178572","2","2","existing_survivor::TH2 3::CCGT::91501ec324b4","ACTUALLY_INTEGRATED","","Global-Oil-and-Gas-Plant-Tracker-GOGPT-August-2025.xlsx","0a903cae9037bcc8f6223bd0642efaf8f28169fd0fef0d84e4ca0ecfb17da659","Gas & Oil Units:9010"
"GEM:G100000100040","G100000100040","ID","Hard Coal","","660","660","ID_Java-Bali1 1","125.80867683289047","1","1","existing_survivor::ID_Java-Bali1 1::Hard Coal::0ea8684b0277","ACTUALLY_INTEGRATED","","Global-Coal-Plant-Tracker-July-2025.xlsx","761e4cc56cdf0d5cc2df776073ca882d359b83724964568dd44e640a0b004644","Units:9503"
"GEM:G100000401005","G100000401005","MY","CCGT","","747.4","747.4","MY_Peninsular2 1","69.62360466526263","2","2","existing_survivor::MY_Peninsular2 1::CCGT::9cf824f0c146","ACTUALLY_INTEGRATED","","Global-Oil-and-Gas-Plant-Tracker-GOGPT-August-2025.xlsx","0a903cae9037bcc8f6223bd0642efaf8f28169fd0fef0d84e4ca0ecfb17da659","Gas & Oil Units:5711"
"GEM:G100000401006","G100000401006","MY","CCGT","","747.4","747.4","MY_Peninsular2 1","69.62360466526263","2","2","existing_survivor::MY_Peninsular2 1::CCGT::9cf824f0c146","ACTUALLY_INTEGRATED","","Global-Oil-and-Gas-Plant-Tracker-GOGPT-August-2025.xlsx","0a903cae9037bcc8f6223bd0642efaf8f28169fd0fef0d84e4ca0ecfb17da659","Gas & Oil Units:5712"
"GEM:G100000401007","G100000401007","MY","CCGT","","747.4","747.4","MY_Peninsular2 1","69.62360466526263","2","2","existing_survivor::MY_Peninsular2 1::CCGT::9cf824f0c146","ACTUALLY_INTEGRATED","","Global-Oil-and-Gas-Plant-Tracker-GOGPT-August-2025.xlsx","0a903cae9037bcc8f6223bd0642efaf8f28169fd0fef0d84e4ca0ecfb17da659","Gas & Oil Units:5713"
"GEM:G100000404405","G100000404405","TH","CCGT","","123","123","TH2 3","30.235416739962155","2","2","existing_survivor::TH2 3::CCGT::91501ec324b4","ACTUALLY_INTEGRATED","","Global-Oil-and-Gas-Plant-Tracker-GOGPT-August-2025.xlsx","0a903cae9037bcc8f6223bd0642efaf8f28169fd0fef0d84e4ca0ecfb17da659","Gas & Oil Units:8939"
"GEM:G100000404406","G100000404406","TH","CCGT","","124","124","TH2 3","30.235416739962155","2","2","existing_survivor::TH2 3::CCGT::91501ec324b4","ACTUALLY_INTEGRATED","","Global-Oil-and-Gas-Plant-Tracker-GOGPT-August-2025.xlsx","0a903cae9037bcc8f6223bd0642efaf8f28169fd0fef0d84e4ca0ecfb17da659","Gas & Oil Units:8940"
"GEM:G100000404407","G100000404407","TH","CCGT","","133","133","TH2 3","30.235416739962155","2","2","existing_survivor::TH2 3::CCGT::91501ec324b4","ACTUALLY_INTEGRATED","","Global-Oil-and-Gas-Plant-Tracker-GOGPT-August-2025.xlsx","0a903cae9037bcc8f6223bd0642efaf8f28169fd0fef0d84e4ca0ecfb17da659","Gas & Oil Units:8941"
"GEM:G100000404408","G100000404408","TH","CCGT","","133","133","TH2 3","30.235416739962155","2","2","existing_survivor::TH2 3::CCGT::91501ec324b4","ACTUALLY_INTEGRATED","","Global-Oil-and-Gas-Plant-Tracker-GOGPT-August-2025.xlsx","0a903cae9037bcc8f6223bd0642efaf8f28169fd0fef0d84e4ca0ecfb17da659","Gas & Oil Units:8942"
"GEM:G100000404409","G100000404409","TH","CCGT","","133","133","TH2 3","30.235416739962155","2","2","existing_survivor::TH2 3::CCGT::91501ec324b4","ACTUALLY_INTEGRATED","","Global-Oil-and-Gas-Plant-Tracker-GOGPT-August-2025.xlsx","0a903cae9037bcc8f6223bd0642efaf8f28169fd0fef0d84e4ca0ecfb17da659","Gas & Oil Units:8943"
"GEM:G100000411329","G100000411329","ID","CCGT","","240.5","240.5","ID_Sumatra3 0","65.6552843809917","3","3","existing_survivor::ID_Sumatra3 0::CCGT::173bf0bc7973","ACTUALLY_INTEGRATED","","Global-Oil-and-Gas-Plant-Tracker-GOGPT-August-2025.xlsx","0a903cae9037bcc8f6223bd0642efaf8f28169fd0fef0d84e4ca0ecfb17da659","Gas & Oil Units:3735"
"GEM:G100000411330","G100000411330","ID","CCGT","","184.3","184.3","ID_Sumatra3 0","65.6552843809917","3","3","existing_survivor::ID_Sumatra3 0::CCGT::173bf0bc7973","ACTUALLY_INTEGRATED","","Global-Oil-and-Gas-Plant-Tracker-GOGPT-August-2025.xlsx","0a903cae9037bcc8f6223bd0642efaf8f28169fd0fef0d84e4ca0ecfb17da659","Gas & Oil Units:3734"
"GEM:G100000100367","G100000100367","ID","Hard Coal","","150","150","ID_Java-Bali1 0","148.50775916159904","1","1","existing_survivor::ID_Java-Bali1 0::Hard Coal::4a3b18bf2289","ACTUALLY_INTEGRATED","","Global-Coal-Plant-Tracker-July-2025.xlsx","761e4cc56cdf0d5cc2df776073ca882d359b83724964568dd44e640a0b004644","Units:9518"
"GEM:G100000112731","G100000112731","ID","Hard Coal","","150","150","ID_Java-Bali1 0","148.50775916159904","1","1","existing_survivor::ID_Java-Bali1 0::Hard Coal::4a3b18bf2289","ACTUALLY_INTEGRATED","","Global-Coal-Plant-Tracker-July-2025.xlsx","761e4cc56cdf0d5cc2df776073ca882d359b83724964568dd44e640a0b004644","Units:9519"
"GEM:G100001051666","G100001051666","VN","Hydro","Run-Of-River","60","0","VN2 6","78.50861916563525","2","2","","SURVIVES_PENDING_OTHER_QUALIFICATIONS","Plant-owned168h inflow cannot provide the required annual availability; annual reference availability lacks a qualified source-unit ownership join.","Global-Hydropower-Tracker-April-2025.xlsx","d2fe29a7d198fd6752cb4cec3d88caf9f1d1105a7052fd0805f5cf5fc43777c4","Data:5374"
"GEM:G100000604225","G100000604225","MY","Hydro","Reservoir","2400","0","MY_Sarawak4 0","59.12366684573895","4","4","","SURVIVES_PENDING_OTHER_QUALIFICATIONS","Plant-owned inflow covers168h only; full-year reference inflow ownership has not been reconciled to surviving source units. Shared river/node flow cannot be duplicated.","Global-Hydropower-Tracker-April-2025.xlsx","d2fe29a7d198fd6752cb4cec3d88caf9f1d1105a7052fd0805f5cf5fc43777c4","Data:3335"
"GEM:G100000100481","G100000100481","MY","Lignite","","300","300","MY_Sarawak4 1","98.49981381533426","4","4","existing_survivor::MY_Sarawak4 1::Lignite::086de76c308d","ACTUALLY_INTEGRATED","","Global-Coal-Plant-Tracker-July-2025.xlsx","761e4cc56cdf0d5cc2df776073ca882d359b83724964568dd44e640a0b004644","Units:10495"
"GEM:G100000100482","G100000100482","MY","Lignite","","300","300","MY_Sarawak4 1","98.49981381533426","4","4","existing_survivor::MY_Sarawak4 1::Lignite::086de76c308d","ACTUALLY_INTEGRATED","","Global-Coal-Plant-Tracker-July-2025.xlsx","761e4cc56cdf0d5cc2df776073ca882d359b83724964568dd44e640a0b004644","Units:10496"
"GEM:G100000100508","G100000100508","ID","Hard Coal","","30","30","ID_Sumatra3 1","246.40464584464198","3","3","existing_survivor::ID_Sumatra3 1::Hard Coal::dbcbf2de937f","ACTUALLY_INTEGRATED","","Global-Coal-Plant-Tracker-July-2025.xlsx","761e4cc56cdf0d5cc2df776073ca882d359b83724964568dd44e640a0b004644","Units:9531"
"GEM:G100000100509","G100000100509","ID","Hard Coal","","30","30","ID_Sumatra3 1","246.40464584464198","3","3","existing_survivor::ID_Sumatra3 1::Hard Coal::dbcbf2de937f","ACTUALLY_INTEGRATED","","Global-Coal-Plant-Tracker-July-2025.xlsx","761e4cc56cdf0d5cc2df776073ca882d359b83724964568dd44e640a0b004644","Units:9532"
"GEM:G100000411327","G100000411327","ID","CCGT","","140","140","ID_Kalimantan4 10","34.00796739783666","4","4","existing_survivor::GEM:G100000411327","ACTUALLY_INTEGRATED","","Global-Oil-and-Gas-Plant-Tracker-GOGPT-August-2025.xlsx","0a903cae9037bcc8f6223bd0642efaf8f28169fd0fef0d84e4ca0ecfb17da659","Gas & Oil Units:3742"
"GEM:G100000100510","G100000100510","ID","Hard Coal","","660","660","ID_Sumatra3 1","88.67040073802957","3","3","existing_survivor::ID_Sumatra3 1::Hard Coal::dbcbf2de937f","ACTUALLY_INTEGRATED","","Global-Coal-Plant-Tracker-July-2025.xlsx","761e4cc56cdf0d5cc2df776073ca882d359b83724964568dd44e640a0b004644","Units:9537"
"GEM:G100000100511","G100000100511","ID","Hard Coal","","660","660","ID_Sumatra3 1","88.67040073802957","3","3","existing_survivor::ID_Sumatra3 1::Hard Coal::dbcbf2de937f","ACTUALLY_INTEGRATED","","Global-Coal-Plant-Tracker-July-2025.xlsx","761e4cc56cdf0d5cc2df776073ca882d359b83724964568dd44e640a0b004644","Units:9538"
"GEM:G100000100514","G100000100514","TH","Hard Coal","","36","36","TH2 2","85.13376837338411","2","2","existing_survivor::TH2 2::Hard Coal::e4d97c867205","ACTUALLY_INTEGRATED","","Global-Coal-Plant-Tracker-July-2025.xlsx","761e4cc56cdf0d5cc2df776073ca882d359b83724964568dd44e640a0b004644","Units:12323"
"GEM:G100000404457","G100000404457","TH","CCGT","","117","117","TH2 2","34.47066408686388","2","2","existing_survivor::TH2 2::CCGT::1580dccb80c4","ACTUALLY_INTEGRATED","","Global-Oil-and-Gas-Plant-Tracker-GOGPT-August-2025.xlsx","0a903cae9037bcc8f6223bd0642efaf8f28169fd0fef0d84e4ca0ecfb17da659","Gas & Oil Units:8952"
"GEM:G100000404458","G100000404458","TH","CCGT","","117","117","TH2 2","34.47066408686388","2","2","existing_survivor::TH2 2::CCGT::1580dccb80c4","ACTUALLY_INTEGRATED","","Global-Oil-and-Gas-Plant-Tracker-GOGPT-August-2025.xlsx","0a903cae9037bcc8f6223bd0642efaf8f28169fd0fef0d84e4ca0ecfb17da659","Gas & Oil Units:8953"
"GEM:G100000404484","G100000404484","TH","CCGT","","120","120","TH2 3","62.74907879925379","2","2","existing_survivor::TH2 3::CCGT::91501ec324b4","ACTUALLY_INTEGRATED","","Global-Oil-and-Gas-Plant-Tracker-GOGPT-August-2025.xlsx","0a903cae9037bcc8f6223bd0642efaf8f28169fd0fef0d84e4ca0ecfb17da659","Gas & Oil Units:8954"
"GEM:G100000404485","G100000404485","TH","CCGT","","120","120","TH2 3","62.74907879925379","2","2","existing_survivor::TH2 3::CCGT::91501ec324b4","ACTUALLY_INTEGRATED","","Global-Oil-and-Gas-Plant-Tracker-GOGPT-August-2025.xlsx","0a903cae9037bcc8f6223bd0642efaf8f28169fd0fef0d84e4ca0ecfb17da659","Gas & Oil Units:8955"
"GEM:G100000404433","G100000404433","TH","CCGT","","128","128","TH2 2","84.46617939321794","2","2","existing_survivor::TH2 2::CCGT::1580dccb80c4","ACTUALLY_INTEGRATED","","Global-Oil-and-Gas-Plant-Tracker-GOGPT-August-2025.xlsx","0a903cae9037bcc8f6223bd0642efaf8f28169fd0fef0d84e4ca0ecfb17da659","Gas & Oil Units:8956"
"GEM:G100000405840","G100000405840","TH","CCGT","","128","128","TH2 2","84.46617939321794","2","2","existing_survivor::TH2 2::CCGT::1580dccb80c4","ACTUALLY_INTEGRATED","","Global-Oil-and-Gas-Plant-Tracker-GOGPT-August-2025.xlsx","0a903cae9037bcc8f6223bd0642efaf8f28169fd0fef0d84e4ca0ecfb17da659","Gas & Oil Units:8957"
"GEM:G100001051650","G100001051650","VN","Hydro","Reservoir","46","0","VN2 6","77.05476405401303","2","2","","SURVIVES_PENDING_OTHER_QUALIFICATIONS","Plant-owned inflow covers168h only; full-year reference inflow ownership has not been reconciled to surviving source units. Shared river/node flow cannot be duplicated.","Global-Hydropower-Tracker-April-2025.xlsx","d2fe29a7d198fd6752cb4cec3d88caf9f1d1105a7052fd0805f5cf5fc43777c4","Data:5379"
"GEM:G100000411325","G100000411325","ID","Oil","","160","160","ID_Sumatra3 2","90.52274554782915","3","3","existing_survivor::GEM:G100000411325","ACTUALLY_INTEGRATED","","Global-Oil-and-Gas-Plant-Tracker-GOGPT-August-2025.xlsx","0a903cae9037bcc8f6223bd0642efaf8f28169fd0fef0d84e4ca0ecfb17da659","Gas & Oil Units:3754"
"GEM:G100000115057","G100000115057","ID","Hard Coal","","50","50","ID_Kalimantan4 8","36.16221571932105","4","4","existing_survivor::ID_Kalimantan4 8::Hard Coal::27f180bf6753","ACTUALLY_INTEGRATED","","Global-Coal-Plant-Tracker-July-2025.xlsx","761e4cc56cdf0d5cc2df776073ca882d359b83724964568dd44e640a0b004644","Units:9576"
"GEM:G100000115058","G100000115058","ID","Hard Coal","","50","50","ID_Kalimantan4 8","36.16221571932105","4","4","existing_survivor::ID_Kalimantan4 8::Hard Coal::27f180bf6753","ACTUALLY_INTEGRATED","","Global-Coal-Plant-Tracker-July-2025.xlsx","761e4cc56cdf0d5cc2df776073ca882d359b83724964568dd44e640a0b004644","Units:9577"
"GEM:G100000100757","G100000100757","ID","Hard Coal","","100","100","ID_Sumatra3 5","192.62105561349225","3","3","existing_survivor::ID_Sumatra3 5::Hard Coal::018bc68cecf8","ACTUALLY_INTEGRATED","","Global-Coal-Plant-Tracker-July-2025.xlsx","761e4cc56cdf0d5cc2df776073ca882d359b83724964568dd44e640a0b004644","Units:9578"
"GEM:G100000112736","G100000112736","ID","Hard Coal","","100","100","ID_Sumatra3 5","192.62105561349225","3","3","existing_survivor::ID_Sumatra3 5::Hard Coal::018bc68cecf8","ACTUALLY_INTEGRATED","","Global-Coal-Plant-Tracker-July-2025.xlsx","761e4cc56cdf0d5cc2df776073ca882d359b83724964568dd44e640a0b004644","Units:9579"
"GEM:G100000404556","G100000404556","BN","CCGT","","102","102","BN4 0","0","4","4","existing_survivor::GEM:G100000404556","ACTUALLY_INTEGRATED","","Global-Oil-and-Gas-Plant-Tracker-GOGPT-August-2025.xlsx","0a903cae9037bcc8f6223bd0642efaf8f28169fd0fef0d84e4ca0ecfb17da659","Gas & Oil Units:1065"
"GEM:G100000404479","G100000404479","TH","CCGT","","99","99","TH2 2","95.86440752384173","2","2","existing_survivor::TH2 2::CCGT::1580dccb80c4","ACTUALLY_INTEGRATED","","Global-Oil-and-Gas-Plant-Tracker-GOGPT-August-2025.xlsx","0a903cae9037bcc8f6223bd0642efaf8f28169fd0fef0d84e4ca0ecfb17da659","Gas & Oil Units:8958"
"GEM:G100000411263","G100000411263","TL","Oil","","136","136","TL11 0","40.604478705108164","11","11","existing_survivor::TL11 0::Oil::11a5b97da947","ACTUALLY_INTEGRATED","","Global-Oil-and-Gas-Plant-Tracker-GOGPT-August-2025.xlsx","0a903cae9037bcc8f6223bd0642efaf8f28169fd0fef0d84e4ca0ecfb17da659","Gas & Oil Units:9070"
"GEM:G100000411324","G100000411324","ID","Oil","","60","60","ID_Maluku17 0","83.26673823415835","17","17","existing_survivor::GEM:G100000411324","ACTUALLY_INTEGRATED","","Global-Oil-and-Gas-Plant-Tracker-GOGPT-August-2025.xlsx","0a903cae9037bcc8f6223bd0642efaf8f28169fd0fef0d84e4ca0ecfb17da659","Gas & Oil Units:3762"
"GEM:G100000110218","G100000110218","PH","Lignite","","82","82","PH_Visayas7 0","39.549800919025934","7","7","existing_survivor::PH_Visayas7 0::Lignite::f7a4114e2a66","ACTUALLY_INTEGRATED","","Global-Coal-Plant-Tracker-July-2025.xlsx","761e4cc56cdf0d5cc2df776073ca882d359b83724964568dd44e640a0b004644","Units:10942"
"GEM:G100000110219","G100000110219","PH","Lignite","","82","82","PH_Visayas7 0","39.549800919025934","7","7","existing_survivor::PH_Visayas7 0::Lignite::f7a4114e2a66","ACTUALLY_INTEGRATED","","Global-Coal-Plant-Tracker-July-2025.xlsx","761e4cc56cdf0d5cc2df776073ca882d359b83724964568dd44e640a0b004644","Units:10943"
"GEM:G100000110220","G100000110220","PH","Lignite","","82","82","PH_Visayas7 0","39.549800919025934","7","7","existing_survivor::PH_Visayas7 0::Lignite::f7a4114e2a66","ACTUALLY_INTEGRATED","","Global-Coal-Plant-Tracker-July-2025.xlsx","761e4cc56cdf0d5cc2df776073ca882d359b83724964568dd44e640a0b004644","Units:10944"
"GEM:G100000114188","G100000114188","ID","Hard Coal","","60","60","ID_Java-Bali1 0","106.60572788125985","1","1","existing_survivor::ID_Java-Bali1 0::Hard Coal::4a3b18bf2289","ACTUALLY_INTEGRATED","","Global-Coal-Plant-Tracker-July-2025.xlsx","761e4cc56cdf0d5cc2df776073ca882d359b83724964568dd44e640a0b004644","Units:9598"
"GEM:G100000101261","G100000101261","ID","Hard Coal","","950","950","ID_Java-Bali1 1","65.02875129687541","1","1","existing_survivor::ID_Java-Bali1 1::Hard Coal::0ea8684b0277","ACTUALLY_INTEGRATED","","Global-Coal-Plant-Tracker-July-2025.xlsx","761e4cc56cdf0d5cc2df776073ca882d359b83724964568dd44e640a0b004644","Units:9599"
"GEM:G100000101262","G100000101262","ID","Hard Coal","","950","950","ID_Java-Bali1 1","65.02875129687541","1","1","existing_survivor::ID_Java-Bali1 1::Hard Coal::0ea8684b0277","ACTUALLY_INTEGRATED","","Global-Coal-Plant-Tracker-July-2025.xlsx","761e4cc56cdf0d5cc2df776073ca882d359b83724964568dd44e640a0b004644","Units:9600"
"GEM:G100000404486","G100000404486","TH","CCGT","","110","110","TH2 3","82.41829770879872","2","2","existing_survivor::TH2 3::CCGT::91501ec324b4","ACTUALLY_INTEGRATED","","Global-Oil-and-Gas-Plant-Tracker-GOGPT-August-2025.xlsx","0a903cae9037bcc8f6223bd0642efaf8f28169fd0fef0d84e4ca0ecfb17da659","Gas & Oil Units:8960"
"GEM:G100000404513","G100000404513","TH","CCGT","","123","123","TH2 2","20.424919789053064","2","2","existing_survivor::TH2 2::CCGT::1580dccb80c4","ACTUALLY_INTEGRATED","","Global-Oil-and-Gas-Plant-Tracker-GOGPT-August-2025.xlsx","0a903cae9037bcc8f6223bd0642efaf8f28169fd0fef0d84e4ca0ecfb17da659","Gas & Oil Units:8961"
"GEM:G100001051671","G100001051671","VN","Hydro","Run-Of-River","48","0","VN2 6","122.56919154019899","2","2","","SURVIVES_PENDING_OTHER_QUALIFICATIONS","Plant-owned168h inflow cannot provide the required annual availability; annual reference availability lacks a qualified source-unit ownership join.","Global-Hydropower-Tracker-April-2025.xlsx","d2fe29a7d198fd6752cb4cec3d88caf9f1d1105a7052fd0805f5cf5fc43777c4","Data:5383"
"GEM:G100000602549","G100000602549","MM","Hydro","Reservoir","99","0","MM2 0","0","2","2","","SURVIVES_PENDING_OTHER_QUALIFICATIONS","Plant-owned inflow covers168h only; full-year reference inflow ownership has not been reconciled to surviving source units. Shared river/node flow cannot be duplicated.","Global-Hydropower-Tracker-April-2025.xlsx","d2fe29a7d198fd6752cb4cec3d88caf9f1d1105a7052fd0805f5cf5fc43777c4","Data:3443"
"GEM:G100000401094","G100000401094","TH","CCGT","","625","625","TH2 3","30.235416739962155","2","2","existing_survivor::TH2 3::CCGT::91501ec324b4","ACTUALLY_INTEGRATED","","Global-Oil-and-Gas-Plant-Tracker-GOGPT-August-2025.xlsx","0a903cae9037bcc8f6223bd0642efaf8f28169fd0fef0d84e4ca0ecfb17da659","Gas & Oil Units:8964"
"GEM:G100000401095","G100000401095","TH","CCGT","","625","625","TH2 3","30.235416739962155","2","2","existing_survivor::TH2 3::CCGT::91501ec324b4","ACTUALLY_INTEGRATED","","Global-Oil-and-Gas-Plant-Tracker-GOGPT-August-2025.xlsx","0a903cae9037bcc8f6223bd0642efaf8f28169fd0fef0d84e4ca0ecfb17da659","Gas & Oil Units:8965"
"GEM:G100000401096","G100000401096","TH","CCGT","","625","625","TH2 3","30.235416739962155","2","2","existing_survivor::TH2 3::CCGT::91501ec324b4","ACTUALLY_INTEGRATED","","Global-Oil-and-Gas-Plant-Tracker-GOGPT-August-2025.xlsx","0a903cae9037bcc8f6223bd0642efaf8f28169fd0fef0d84e4ca0ecfb17da659","Gas & Oil Units:8966"
"GEM:G100000401097","G100000401097","TH","CCGT","","625","625","TH2 3","30.235416739962155","2","2","existing_survivor::TH2 3::CCGT::91501ec324b4","ACTUALLY_INTEGRATED","","Global-Oil-and-Gas-Plant-Tracker-GOGPT-August-2025.xlsx","0a903cae9037bcc8f6223bd0642efaf8f28169fd0fef0d84e4ca0ecfb17da659","Gas & Oil Units:8967"
"GEM:G100000113842","G100000113842","ID","Hard Coal","","40","40","ID_Java-Bali1 0","148.50775916159904","1","1","existing_survivor::ID_Java-Bali1 0::Hard Coal::4a3b18bf2289","ACTUALLY_INTEGRATED","","Global-Coal-Plant-Tracker-July-2025.xlsx","761e4cc56cdf0d5cc2df776073ca882d359b83724964568dd44e640a0b004644","Units:9612"
"GEM:G100000604044","G100000604044","VN","Hydro","Reservoir","175","0","VN2 4","71.06486469110997","2","2","","SURVIVES_PENDING_OTHER_QUALIFICATIONS","Plant-owned inflow covers168h only; full-year reference inflow ownership has not been reconciled to surviving source units. Shared river/node flow cannot be duplicated.","Global-Hydropower-Tracker-April-2025.xlsx","d2fe29a7d198fd6752cb4cec3d88caf9f1d1105a7052fd0805f5cf5fc43777c4","Data:5386"
"GEM:G100000604048","G100000604048","VN","Hydro","Reservoir","98","0","VN2 2","20.483948637673294","2","2","","SURVIVES_PENDING_OTHER_QUALIFICATIONS","Plant-owned inflow covers168h only; full-year reference inflow ownership has not been reconciled to surviving source units. Shared river/node flow cannot be duplicated.","Global-Hydropower-Tracker-April-2025.xlsx","d2fe29a7d198fd6752cb4cec3d88caf9f1d1105a7052fd0805f5cf5fc43777c4","Data:5390"
"GEM:G100001051661","G100001051661","VN","Hydro","Reservoir","63","0","VN2 2","20.483948637673294","2","2","","SURVIVES_PENDING_OTHER_QUALIFICATIONS","Plant-owned inflow covers168h only; full-year reference inflow ownership has not been reconciled to surviving source units. Shared river/node flow cannot be duplicated.","Global-Hydropower-Tracker-April-2025.xlsx","d2fe29a7d198fd6752cb4cec3d88caf9f1d1105a7052fd0805f5cf5fc43777c4","Data:5391"
"GEM:G100001051663","G100001051663","VN","Hydro","Run-Of-River","60","0","VN2 2","20.483948637673294","2","2","","SURVIVES_PENDING_OTHER_QUALIFICATIONS","Plant-owned168h inflow cannot provide the required annual availability; annual reference availability lacks a qualified source-unit ownership join.","Global-Hydropower-Tracker-April-2025.xlsx","d2fe29a7d198fd6752cb4cec3d88caf9f1d1105a7052fd0805f5cf5fc43777c4","Data:5393"
"GEM:G100001051653","G100001051653","VN","Hydro","Reservoir","62","0","VN2 4","43.469959673728425","2","2","","SURVIVES_PENDING_OTHER_QUALIFICATIONS","Plant-owned inflow covers168h only; full-year reference inflow ownership has not been reconciled to surviving source units. Shared river/node flow cannot be duplicated.","Global-Hydropower-Tracker-April-2025.xlsx","d2fe29a7d198fd6752cb4cec3d88caf9f1d1105a7052fd0805f5cf5fc43777c4","Data:5395"
"GEM:G100000114341","G100000114341","ID","Hard Coal","","30","30","ID_Sulawesi0 3","171.39322972286124","0","0","existing_survivor::ID_Sulawesi0 3::Hard Coal::ffed8ae92270","ACTUALLY_INTEGRATED","","Global-Coal-Plant-Tracker-July-2025.xlsx","761e4cc56cdf0d5cc2df776073ca882d359b83724964568dd44e640a0b004644","Units:9616"
"GEM:G100000114342","G100000114342","ID","Hard Coal","","30","30","ID_Sulawesi0 3","171.39322972286124","0","0","existing_survivor::ID_Sulawesi0 3::Hard Coal::ffed8ae92270","ACTUALLY_INTEGRATED","","Global-Coal-Plant-Tracker-July-2025.xlsx","761e4cc56cdf0d5cc2df776073ca882d359b83724964568dd44e640a0b004644","Units:9617"
"GEM:G100000114343","G100000114343","ID","Hard Coal","","50","50","ID_Sulawesi0 3","171.39322972286124","0","0","existing_survivor::ID_Sulawesi0 3::Hard Coal::ffed8ae92270","ACTUALLY_INTEGRATED","","Global-Coal-Plant-Tracker-July-2025.xlsx","761e4cc56cdf0d5cc2df776073ca882d359b83724964568dd44e640a0b004644","Units:9618"
"GEM:G100000114344","G100000114344","ID","Hard Coal","","50","50","ID_Sulawesi0 3","171.39322972286124","0","0","existing_survivor::ID_Sulawesi0 3::Hard Coal::ffed8ae92270","ACTUALLY_INTEGRATED","","Global-Coal-Plant-Tracker-July-2025.xlsx","761e4cc56cdf0d5cc2df776073ca882d359b83724964568dd44e640a0b004644","Units:9619"
"GEM:G100000114345","G100000114345","ID","Hard Coal","","60","60","ID_Sulawesi0 3","171.39322972286124","0","0","existing_survivor::ID_Sulawesi0 3::Hard Coal::ffed8ae92270","ACTUALLY_INTEGRATED","","Global-Coal-Plant-Tracker-July-2025.xlsx","761e4cc56cdf0d5cc2df776073ca882d359b83724964568dd44e640a0b004644","Units:9620"
"GEM:G100000114346","G100000114346","ID","Hard Coal","","60","60","ID_Sulawesi0 3","171.39322972286124","0","0","existing_survivor::ID_Sulawesi0 3::Hard Coal::ffed8ae92270","ACTUALLY_INTEGRATED","","Global-Coal-Plant-Tracker-July-2025.xlsx","761e4cc56cdf0d5cc2df776073ca882d359b83724964568dd44e640a0b004644","Units:9621"
"GEM:G100000114347","G100000114347","ID","Hard Coal","","125","125","ID_Sulawesi0 3","171.39322972286124","0","0","existing_survivor::ID_Sulawesi0 3::Hard Coal::ffed8ae92270","ACTUALLY_INTEGRATED","","Global-Coal-Plant-Tracker-July-2025.xlsx","761e4cc56cdf0d5cc2df776073ca882d359b83724964568dd44e640a0b004644","Units:9622"
"GEM:G100000114348","G100000114348","ID","Hard Coal","","125","125","ID_Sulawesi0 3","171.39322972286124","0","0","existing_survivor::ID_Sulawesi0 3::Hard Coal::ffed8ae92270","ACTUALLY_INTEGRATED","","Global-Coal-Plant-Tracker-July-2025.xlsx","761e4cc56cdf0d5cc2df776073ca882d359b83724964568dd44e640a0b004644","Units:9623"
"GEM:G100000114331","G100000114331","ID","Hard Coal","","135","135","ID_Sulawesi0 3","171.39322972286124","0","0","existing_survivor::ID_Sulawesi0 3::Hard Coal::ffed8ae92270","ACTUALLY_INTEGRATED","","Global-Coal-Plant-Tracker-July-2025.xlsx","761e4cc56cdf0d5cc2df776073ca882d359b83724964568dd44e640a0b004644","Units:9624"
"GEM:G100000114332","G100000114332","ID","Hard Coal","","380","380","ID_Sulawesi0 3","171.39322972286124","0","0","existing_survivor::ID_Sulawesi0 3::Hard Coal::ffed8ae92270","ACTUALLY_INTEGRATED","","Global-Coal-Plant-Tracker-July-2025.xlsx","761e4cc56cdf0d5cc2df776073ca882d359b83724964568dd44e640a0b004644","Units:9633"
"GEM:G100000114333","G100000114333","ID","Hard Coal","","135","135","ID_Sulawesi0 3","171.39322972286124","0","0","existing_survivor::ID_Sulawesi0 3::Hard Coal::ffed8ae92270","ACTUALLY_INTEGRATED","","Global-Coal-Plant-Tracker-July-2025.xlsx","761e4cc56cdf0d5cc2df776073ca882d359b83724964568dd44e640a0b004644","Units:9625"
"GEM:G100000114334","G100000114334","ID","Hard Coal","","135","135","ID_Sulawesi0 3","171.39322972286124","0","0","existing_survivor::ID_Sulawesi0 3::Hard Coal::ffed8ae92270","ACTUALLY_INTEGRATED","","Global-Coal-Plant-Tracker-July-2025.xlsx","761e4cc56cdf0d5cc2df776073ca882d359b83724964568dd44e640a0b004644","Units:9626"
"GEM:G100000114335","G100000114335","ID","Hard Coal","","135","135","ID_Sulawesi0 3","171.39322972286124","0","0","existing_survivor::ID_Sulawesi0 3::Hard Coal::ffed8ae92270","ACTUALLY_INTEGRATED","","Global-Coal-Plant-Tracker-July-2025.xlsx","761e4cc56cdf0d5cc2df776073ca882d359b83724964568dd44e640a0b004644","Units:9627"
"GEM:G100000114336","G100000114336","ID","Hard Coal","","135","135","ID_Sulawesi0 3","171.39322972286124","0","0","existing_survivor::ID_Sulawesi0 3::Hard Coal::ffed8ae92270","ACTUALLY_INTEGRATED","","Global-Coal-Plant-Tracker-July-2025.xlsx","761e4cc56cdf0d5cc2df776073ca882d359b83724964568dd44e640a0b004644","Units:9628"
"GEM:G100000114337","G100000114337","ID","Hard Coal","","135","135","ID_Sulawesi0 3","171.39322972286124","0","0","existing_survivor::ID_Sulawesi0 3::Hard Coal::ffed8ae92270","ACTUALLY_INTEGRATED","","Global-Coal-Plant-Tracker-July-2025.xlsx","761e4cc56cdf0d5cc2df776073ca882d359b83724964568dd44e640a0b004644","Units:9629"
"GEM:G100000114338","G100000114338","ID","Hard Coal","","135","135","ID_Sulawesi0 3","171.39322972286124","0","0","existing_survivor::ID_Sulawesi0 3::Hard Coal::ffed8ae92270","ACTUALLY_INTEGRATED","","Global-Coal-Plant-Tracker-July-2025.xlsx","761e4cc56cdf0d5cc2df776073ca882d359b83724964568dd44e640a0b004644","Units:9630"
"GEM:G100000114339","G100000114339","ID","Hard Coal","","135","135","ID_Sulawesi0 3","171.39322972286124","0","0","existing_survivor::ID_Sulawesi0 3::Hard Coal::ffed8ae92270","ACTUALLY_INTEGRATED","","Global-Coal-Plant-Tracker-July-2025.xlsx","761e4cc56cdf0d5cc2df776073ca882d359b83724964568dd44e640a0b004644","Units:9631"
"GEM:G100000114340","G100000114340","ID","Hard Coal","","380","380","ID_Sulawesi0 3","171.39322972286124","0","0","existing_survivor::ID_Sulawesi0 3::Hard Coal::ffed8ae92270","ACTUALLY_INTEGRATED","","Global-Coal-Plant-Tracker-July-2025.xlsx","761e4cc56cdf0d5cc2df776073ca882d359b83724964568dd44e640a0b004644","Units:9632"
"GEM:G100000115105","G100000115105","ID","Hard Coal","","135","135","ID_Sulawesi0 3","85.78917013711587","0","0","existing_survivor::ID_Sulawesi0 3::Hard Coal::ffed8ae92270","ACTUALLY_INTEGRATED","","Global-Coal-Plant-Tracker-July-2025.xlsx","761e4cc56cdf0d5cc2df776073ca882d359b83724964568dd44e640a0b004644","Units:9635"
"GEM:G100000115106","G100000115106","ID","Hard Coal","","135","135","ID_Sulawesi0 3","85.78917013711587","0","0","existing_survivor::ID_Sulawesi0 3::Hard Coal::ffed8ae92270","ACTUALLY_INTEGRATED","","Global-Coal-Plant-Tracker-July-2025.xlsx","761e4cc56cdf0d5cc2df776073ca882d359b83724964568dd44e640a0b004644","Units:9636"
"GEM:G100000115107","G100000115107","ID","Hard Coal","","135","135","ID_Sulawesi0 3","85.78917013711587","0","0","existing_survivor::ID_Sulawesi0 3::Hard Coal::ffed8ae92270","ACTUALLY_INTEGRATED","","Global-Coal-Plant-Tracker-July-2025.xlsx","761e4cc56cdf0d5cc2df776073ca882d359b83724964568dd44e640a0b004644","Units:9637"
"GEM:G100000115108","G100000115108","ID","Hard Coal","","135","135","ID_Sulawesi0 3","85.78917013711587","0","0","existing_survivor::ID_Sulawesi0 3::Hard Coal::ffed8ae92270","ACTUALLY_INTEGRATED","","Global-Coal-Plant-Tracker-July-2025.xlsx","761e4cc56cdf0d5cc2df776073ca882d359b83724964568dd44e640a0b004644","Units:9638"
"GEM:G100000115109","G100000115109","ID","Hard Coal","","135","135","ID_Sulawesi0 3","85.78917013711587","0","0","existing_survivor::ID_Sulawesi0 3::Hard Coal::ffed8ae92270","ACTUALLY_INTEGRATED","","Global-Coal-Plant-Tracker-July-2025.xlsx","761e4cc56cdf0d5cc2df776073ca882d359b83724964568dd44e640a0b004644","Units:9639"
"GEM:G100000115110","G100000115110","ID","Hard Coal","","135","135","ID_Sulawesi0 3","85.78917013711587","0","0","existing_survivor::ID_Sulawesi0 3::Hard Coal::ffed8ae92270","ACTUALLY_INTEGRATED","","Global-Coal-Plant-Tracker-July-2025.xlsx","761e4cc56cdf0d5cc2df776073ca882d359b83724964568dd44e640a0b004644","Units:9640"
"GEM:G100000115111","G100000115111","ID","Hard Coal","","135","135","ID_Sulawesi0 3","85.78917013711587","0","0","existing_survivor::ID_Sulawesi0 3::Hard Coal::ffed8ae92270","ACTUALLY_INTEGRATED","","Global-Coal-Plant-Tracker-July-2025.xlsx","761e4cc56cdf0d5cc2df776073ca882d359b83724964568dd44e640a0b004644","Units:9641"
"GEM:G100000106687","G100000106687","PH","Hard Coal","","668","668","PH_Luzon5 0","162.2972973234205","5","5","existing_survivor::PH_Luzon5 0::Hard Coal::c2a0ecc3dff4","ACTUALLY_INTEGRATED","","Global-Coal-Plant-Tracker-July-2025.xlsx","761e4cc56cdf0d5cc2df776073ca882d359b83724964568dd44e640a0b004644","Units:10959"
"GEM:G100000106688","G100000106688","PH","Hard Coal","","668","668","PH_Luzon5 0","162.2972973234205","5","5","existing_survivor::PH_Luzon5 0::Hard Coal::c2a0ecc3dff4","ACTUALLY_INTEGRATED","","Global-Coal-Plant-Tracker-July-2025.xlsx","761e4cc56cdf0d5cc2df776073ca882d359b83724964568dd44e640a0b004644","Units:10960"
"GEM:G100000602390","G100000602390","LA","Hydro","Run-Of-River","260","0","LA2 4","134.61748697842438","2","2","","SURVIVES_PENDING_OTHER_QUALIFICATIONS","Plant-owned168h inflow cannot provide the required annual availability; annual reference availability lacks a qualified source-unit ownership join.","Global-Hydropower-Tracker-April-2025.xlsx","d2fe29a7d198fd6752cb4cec3d88caf9f1d1105a7052fd0805f5cf5fc43777c4","Data:3233"
"GEM:G100000115737","G100000115737","ID","Hard Coal","","55","55","ID_Java-Bali1 0","19.194633245509674","1","1","existing_survivor::ID_Java-Bali1 0::Hard Coal::4a3b18bf2289","ACTUALLY_INTEGRATED","","Global-Coal-Plant-Tracker-July-2025.xlsx","761e4cc56cdf0d5cc2df776073ca882d359b83724964568dd44e640a0b004644","Units:9653"
"GEM:G100000405916","G100000405916","ID","CCGT","","100","100","ID_Sulawesi0 0","11.036000041277024","0","0","existing_survivor::GEM:G100000405916","ACTUALLY_INTEGRATED","","Global-Oil-and-Gas-Plant-Tracker-GOGPT-August-2025.xlsx","0a903cae9037bcc8f6223bd0642efaf8f28169fd0fef0d84e4ca0ecfb17da659","Gas & Oil Units:3775"
"GEM:G100000411316","G100000411316","ID","CCGT","","128","128","ID_Papua20 0","0","20","20","existing_survivor::GEM:G100000411316","ACTUALLY_INTEGRATED","","Global-Oil-and-Gas-Plant-Tracker-GOGPT-August-2025.xlsx","0a903cae9037bcc8f6223bd0642efaf8f28169fd0fef0d84e4ca0ecfb17da659","Gas & Oil Units:3776"
"GEM:G100000400918","G100000400918","ID","CCGT","","500","500","ID_Java-Bali1 2","101.03563168911838","1","1","existing_survivor::ID_Java-Bali1 2::CCGT::4d3b87278918","ACTUALLY_INTEGRATED","","Global-Oil-and-Gas-Plant-Tracker-GOGPT-August-2025.xlsx","0a903cae9037bcc8f6223bd0642efaf8f28169fd0fef0d84e4ca0ecfb17da659","Gas & Oil Units:3780"
"GEM:G100000404487","G100000404487","TH","CCGT","","127","127","TH2 2","34.47066408686388","2","2","existing_survivor::TH2 2::CCGT::1580dccb80c4","ACTUALLY_INTEGRATED","","Global-Oil-and-Gas-Plant-Tracker-GOGPT-August-2025.xlsx","0a903cae9037bcc8f6223bd0642efaf8f28169fd0fef0d84e4ca0ecfb17da659","Gas & Oil Units:8981"
"GEM:G100000404488","G100000404488","TH","CCGT","","127","127","TH2 2","34.47066408686388","2","2","existing_survivor::TH2 2::CCGT::1580dccb80c4","ACTUALLY_INTEGRATED","","Global-Oil-and-Gas-Plant-Tracker-GOGPT-August-2025.xlsx","0a903cae9037bcc8f6223bd0642efaf8f28169fd0fef0d84e4ca0ecfb17da659","Gas & Oil Units:8982"
"GEM:G100000404497","G100000404497","TH","CCGT","","110","110","TH2 2","44.40246605053122","2","2","existing_survivor::TH2 2::CCGT::1580dccb80c4","ACTUALLY_INTEGRATED","","Global-Oil-and-Gas-Plant-Tracker-GOGPT-August-2025.xlsx","0a903cae9037bcc8f6223bd0642efaf8f28169fd0fef0d84e4ca0ecfb17da659","Gas & Oil Units:8984"
"GEM:G100000404498","G100000404498","TH","CCGT","","110","110","TH2 2","44.40246605053122","2","2","existing_survivor::TH2 2::CCGT::1580dccb80c4","ACTUALLY_INTEGRATED","","Global-Oil-and-Gas-Plant-Tracker-GOGPT-August-2025.xlsx","0a903cae9037bcc8f6223bd0642efaf8f28169fd0fef0d84e4ca0ecfb17da659","Gas & Oil Units:8985"
"GEM:G100000404489","G100000404489","TH","CCGT","","126.5","126.5","TH2 2","139.55847633249368","2","2","existing_survivor::TH2 2::CCGT::1580dccb80c4","ACTUALLY_INTEGRATED","","Global-Oil-and-Gas-Plant-Tracker-GOGPT-August-2025.xlsx","0a903cae9037bcc8f6223bd0642efaf8f28169fd0fef0d84e4ca0ecfb17da659","Gas & Oil Units:8986"
"GEM:G100000401103","G100000401103","TH","CCGT","","135","135","TH2 2","44.40246605053122","2","2","existing_survivor::TH2 2::CCGT::1580dccb80c4","ACTUALLY_INTEGRATED","","Global-Oil-and-Gas-Plant-Tracker-GOGPT-August-2025.xlsx","0a903cae9037bcc8f6223bd0642efaf8f28169fd0fef0d84e4ca0ecfb17da659","Gas & Oil Units:8990"
"GEM:G100000404499","G100000404499","TH","CCGT","","133","133","TH2 2","44.40246605053122","2","2","existing_survivor::TH2 2::CCGT::1580dccb80c4","ACTUALLY_INTEGRATED","","Global-Oil-and-Gas-Plant-Tracker-GOGPT-August-2025.xlsx","0a903cae9037bcc8f6223bd0642efaf8f28169fd0fef0d84e4ca0ecfb17da659","Gas & Oil Units:8987"
"GEM:G100000404490","G100000404490","TH","CCGT","","123","123","TH2 3","43.65168394886191","2","2","existing_survivor::TH2 3::CCGT::91501ec324b4","ACTUALLY_INTEGRATED","","Global-Oil-and-Gas-Plant-Tracker-GOGPT-August-2025.xlsx","0a903cae9037bcc8f6223bd0642efaf8f28169fd0fef0d84e4ca0ecfb17da659","Gas & Oil Units:8988"
"GEM:G100000404491","G100000404491","TH","CCGT","","127","127","TH2 3","43.65168394886191","2","2","existing_survivor::TH2 3::CCGT::91501ec324b4","ACTUALLY_INTEGRATED","","Global-Oil-and-Gas-Plant-Tracker-GOGPT-August-2025.xlsx","0a903cae9037bcc8f6223bd0642efaf8f28169fd0fef0d84e4ca0ecfb17da659","Gas & Oil Units:8989"
"GEM:G100000401104","G100000401104","TH","CCGT","","128","128","TH2 2","196.4187138773541","2","2","existing_survivor::TH2 2::CCGT::1580dccb80c4","ACTUALLY_INTEGRATED","","Global-Oil-and-Gas-Plant-Tracker-GOGPT-August-2025.xlsx","0a903cae9037bcc8f6223bd0642efaf8f28169fd0fef0d84e4ca0ecfb17da659","Gas & Oil Units:8991"
"GEM:G100000401105","G100000401105","TH","CCGT","","128","128","TH2 2","196.4187138773541","2","2","existing_survivor::TH2 2::CCGT::1580dccb80c4","ACTUALLY_INTEGRATED","","Global-Oil-and-Gas-Plant-Tracker-GOGPT-August-2025.xlsx","0a903cae9037bcc8f6223bd0642efaf8f28169fd0fef0d84e4ca0ecfb17da659","Gas & Oil Units:8992"
"GEM:G100000404492","G100000404492","TH","CCGT","","138.3","138.3","TH2 3","30.235416739962155","2","2","existing_survivor::TH2 3::CCGT::91501ec324b4","ACTUALLY_INTEGRATED","","Global-Oil-and-Gas-Plant-Tracker-GOGPT-August-2025.xlsx","0a903cae9037bcc8f6223bd0642efaf8f28169fd0fef0d84e4ca0ecfb17da659","Gas & Oil Units:8993"
"GEM:G100000404493","G100000404493","TH","CCGT","","138.3","138.3","TH2 3","30.235416739962155","2","2","existing_survivor::TH2 3::CCGT::91501ec324b4","ACTUALLY_INTEGRATED","","Global-Oil-and-Gas-Plant-Tracker-GOGPT-August-2025.xlsx","0a903cae9037bcc8f6223bd0642efaf8f28169fd0fef0d84e4ca0ecfb17da659","Gas & Oil Units:8994"
"GEM:G100000404494","G100000404494","TH","CCGT","","130","130","TH2 3","30.235416739962155","2","2","existing_survivor::TH2 3::CCGT::91501ec324b4","ACTUALLY_INTEGRATED","","Global-Oil-and-Gas-Plant-Tracker-GOGPT-August-2025.xlsx","0a903cae9037bcc8f6223bd0642efaf8f28169fd0fef0d84e4ca0ecfb17da659","Gas & Oil Units:8995"
"GEM:G100000404495","G100000404495","TH","CCGT","","130","130","TH2 3","30.235416739962155","2","2","existing_survivor::TH2 3::CCGT::91501ec324b4","ACTUALLY_INTEGRATED","","Global-Oil-and-Gas-Plant-Tracker-GOGPT-August-2025.xlsx","0a903cae9037bcc8f6223bd0642efaf8f28169fd0fef0d84e4ca0ecfb17da659","Gas & Oil Units:8996"
"GEM:G100000404500","G100000404500","TH","CCGT","","114","114","TH2 2","55.08534400835486","2","2","existing_survivor::TH2 2::CCGT::1580dccb80c4","ACTUALLY_INTEGRATED","","Global-Oil-and-Gas-Plant-Tracker-GOGPT-August-2025.xlsx","0a903cae9037bcc8f6223bd0642efaf8f28169fd0fef0d84e4ca0ecfb17da659","Gas & Oil Units:8997"
"GEM:G100000404496","G100000404496","TH","CCGT","","137","137","TH2 3","30.235416739962155","2","2","existing_survivor::TH2 3::CCGT::91501ec324b4","ACTUALLY_INTEGRATED","","Global-Oil-and-Gas-Plant-Tracker-GOGPT-August-2025.xlsx","0a903cae9037bcc8f6223bd0642efaf8f28169fd0fef0d84e4ca0ecfb17da659","Gas & Oil Units:8998"
"GEM:G100000404309","G100000404309","ID","CCGT","","110","110","ID_Sumatra3 1","126.8342878195817","3","3","existing_survivor::ID_Sumatra3 1::CCGT::c40ab08cfaee","ACTUALLY_INTEGRATED","","Global-Oil-and-Gas-Plant-Tracker-GOGPT-August-2025.xlsx","0a903cae9037bcc8f6223bd0642efaf8f28169fd0fef0d84e4ca0ecfb17da659","Gas & Oil Units:3788"
"GEM:G100000103540","G100000103540","VN","Hard Coal","","600","600","VN2 6","48.88519742068954","2","2","existing_survivor::VN2 6::Hard Coal::48a795a500b1","ACTUALLY_INTEGRATED","","Global-Coal-Plant-Tracker-July-2025.xlsx","761e4cc56cdf0d5cc2df776073ca882d359b83724964568dd44e640a0b004644","Units:14125"
"GEM:G100000103541","G100000103541","VN","Hard Coal","","600","600","VN2 6","48.88519742068954","2","2","existing_survivor::VN2 6::Hard Coal::48a795a500b1","ACTUALLY_INTEGRATED","","Global-Coal-Plant-Tracker-July-2025.xlsx","761e4cc56cdf0d5cc2df776073ca882d359b83724964568dd44e640a0b004644","Units:14126"
"GEM:G100000114158","G100000114158","VN","Hard Coal","","50","50","VN2 0","38.22001084254914","2","2","existing_survivor::VN2 0::Hard Coal::c0838dfab541","ACTUALLY_INTEGRATED","","Global-Coal-Plant-Tracker-July-2025.xlsx","761e4cc56cdf0d5cc2df776073ca882d359b83724964568dd44e640a0b004644","Units:14147"
"GEM:G100000114159","G100000114159","VN","Hard Coal","","75","75","VN2 0","38.22001084254914","2","2","existing_survivor::VN2 0::Hard Coal::c0838dfab541","ACTUALLY_INTEGRATED","","Global-Coal-Plant-Tracker-July-2025.xlsx","761e4cc56cdf0d5cc2df776073ca882d359b83724964568dd44e640a0b004644","Units:14148"
"GEM:G100000411262","G100000411262","TL","Oil","","119","119","TL11 0","35.770707266319164","11","11","existing_survivor::TL11 0::Oil::11a5b97da947","ACTUALLY_INTEGRATED","","Global-Oil-and-Gas-Plant-Tracker-GOGPT-August-2025.xlsx","0a903cae9037bcc8f6223bd0642efaf8f28169fd0fef0d84e4ca0ecfb17da659","Gas & Oil Units:9071"
"GEM:G100001051335","G100001051335","LA","Hydro","Reservoir","60","0","LA2 4","122.35927286767921","2","2","","SURVIVES_PENDING_OTHER_QUALIFICATIONS","Plant-owned inflow covers168h only; full-year reference inflow ownership has not been reconciled to surviving source units. Shared river/node flow cannot be duplicated.","Global-Hydropower-Tracker-April-2025.xlsx","d2fe29a7d198fd6752cb4cec3d88caf9f1d1105a7052fd0805f5cf5fc43777c4","Data:3235"
"GEM:G100000602392","G100000602392","LA","Hydro","Reservoir","88","0","LA2 4","46.03829076075916","2","2","","SURVIVES_PENDING_OTHER_QUALIFICATIONS","Plant-owned inflow covers168h only; full-year reference inflow ownership has not been reconciled to surviving source units. Shared river/node flow cannot be duplicated.","Global-Hydropower-Tracker-April-2025.xlsx","d2fe29a7d198fd6752cb4cec3d88caf9f1d1105a7052fd0805f5cf5fc43777c4","Data:3236"
"GEM:G100000411287","G100000411287","PH","Oil","","113.4","113.4","PH_Mindanao6 0","102.54961205171713","6","6","existing_survivor::GEM:G100000411287","ACTUALLY_INTEGRATED","","Global-Oil-and-Gas-Plant-Tracker-GOGPT-August-2025.xlsx","0a903cae9037bcc8f6223bd0642efaf8f28169fd0fef0d84e4ca0ecfb17da659","Gas & Oil Units:6582"
"GEM:G100000114215","G100000114215","ID","Hard Coal","","36.6","36.6","ID_Java-Bali1 0","19.194633245509674","1","1","existing_survivor::ID_Java-Bali1 0::Hard Coal::4a3b18bf2289","ACTUALLY_INTEGRATED","","Global-Coal-Plant-Tracker-July-2025.xlsx","761e4cc56cdf0d5cc2df776073ca882d359b83724964568dd44e640a0b004644","Units:9669"
"GEM:G100000411286","G100000411286","PH","Oil","","150.7","150.7","PH_Luzon5 0","142.5997348859221","5","5","existing_survivor::PH_Luzon5 0::Oil::b5c001442eb7","ACTUALLY_INTEGRATED","","Global-Oil-and-Gas-Plant-Tracker-GOGPT-August-2025.xlsx","0a903cae9037bcc8f6223bd0642efaf8f28169fd0fef0d84e4ca0ecfb17da659","Gas & Oil Units:6586"
"GEM:G100000114525","G100000114525","TH","Hard Coal","","307","307","TH2 3","57.24019771292089","2","2","existing_survivor::TH2 3::Hard Coal::ff95fc565364","ACTUALLY_INTEGRATED","","Global-Coal-Plant-Tracker-July-2025.xlsx","761e4cc56cdf0d5cc2df776073ca882d359b83724964568dd44e640a0b004644","Units:12329"
"GEM:G100000404459","G100000404459","TH","CCGT","","120","120","TH2 3","57.24019771292089","2","2","existing_survivor::TH2 3::CCGT::91501ec324b4","ACTUALLY_INTEGRATED","","Global-Oil-and-Gas-Plant-Tracker-GOGPT-August-2025.xlsx","0a903cae9037bcc8f6223bd0642efaf8f28169fd0fef0d84e4ca0ecfb17da659","Gas & Oil Units:9002"
"GEM:G100000404460","G100000404460","TH","CCGT","","120","120","TH2 3","57.24019771292089","2","2","existing_survivor::TH2 3::CCGT::91501ec324b4","ACTUALLY_INTEGRATED","","Global-Oil-and-Gas-Plant-Tracker-GOGPT-August-2025.xlsx","0a903cae9037bcc8f6223bd0642efaf8f28169fd0fef0d84e4ca0ecfb17da659","Gas & Oil Units:9003"
"GEM:G100000404251","G100000404251","ID","CCGT","","109","109","ID_Java-Bali1 0","19.194633245509674","1","1","existing_survivor::ID_Java-Bali1 0::CCGT::31c3f1a5a430","ACTUALLY_INTEGRATED","","Global-Oil-and-Gas-Plant-Tracker-GOGPT-August-2025.xlsx","0a903cae9037bcc8f6223bd0642efaf8f28169fd0fef0d84e4ca0ecfb17da659","Gas & Oil Units:3791"
"GEM:G100000602137","G100000602137","ID","Hydro","Reservoir","110","0","ID_Kalimantan4 8","38.17788446705407","4","4","","SURVIVES_PENDING_OTHER_QUALIFICATIONS","Plant-owned inflow covers168h only; full-year reference inflow ownership has not been reconciled to surviving source units. Shared river/node flow cannot be duplicated.","Global-Hydropower-Tracker-April-2025.xlsx","d2fe29a7d198fd6752cb4cec3d88caf9f1d1105a7052fd0805f5cf5fc43777c4","Data:2838"
"GEM:G100000104986","G100000104986","ID","Hard Coal","","991","991","ID_Java-Bali1 0","148.50775916159904","1","1","existing_survivor::ID_Java-Bali1 0::Hard Coal::4a3b18bf2289","ACTUALLY_INTEGRATED","","Global-Coal-Plant-Tracker-July-2025.xlsx","761e4cc56cdf0d5cc2df776073ca882d359b83724964568dd44e640a0b004644","Units:9692"
"GEM:G100000104987","G100000104987","ID","Hard Coal","","991","991","ID_Java-Bali1 0","148.50775916159904","1","1","existing_survivor::ID_Java-Bali1 0::Hard Coal::4a3b18bf2289","ACTUALLY_INTEGRATED","","Global-Coal-Plant-Tracker-July-2025.xlsx","761e4cc56cdf0d5cc2df776073ca882d359b83724964568dd44e640a0b004644","Units:9693"
"GEM:G100000411315","G100000411315","ID","CCGT","","57","57","ID_Papua19 0","0","19","19","existing_survivor::GEM:G100000411315","ACTUALLY_INTEGRATED","","Global-Oil-and-Gas-Plant-Tracker-GOGPT-August-2025.xlsx","0a903cae9037bcc8f6223bd0642efaf8f28169fd0fef0d84e4ca0ecfb17da659","Gas & Oil Units:3793"
"GEM:G100000114326","G100000114326","ID","Hard Coal","","50","50","ID_Maluku16 0","0","16","16","existing_survivor::ID_Maluku16 0::Hard Coal::03b683d95613","ACTUALLY_INTEGRATED","","Global-Coal-Plant-Tracker-July-2025.xlsx","761e4cc56cdf0d5cc2df776073ca882d359b83724964568dd44e640a0b004644","Units:9697"
"GEM:G100000114327","G100000114327","ID","Hard Coal","","50","50","ID_Maluku16 0","0","16","16","existing_survivor::ID_Maluku16 0::Hard Coal::03b683d95613","ACTUALLY_INTEGRATED","","Global-Coal-Plant-Tracker-July-2025.xlsx","761e4cc56cdf0d5cc2df776073ca882d359b83724964568dd44e640a0b004644","Units:9698"
"GEM:G100000114328","G100000114328","ID","Hard Coal","","50","50","ID_Maluku16 0","0","16","16","existing_survivor::ID_Maluku16 0::Hard Coal::03b683d95613","ACTUALLY_INTEGRATED","","Global-Coal-Plant-Tracker-July-2025.xlsx","761e4cc56cdf0d5cc2df776073ca882d359b83724964568dd44e640a0b004644","Units:9699"
"GEM:G100000404558","G100000404558","SG","CCGT","","415","415","SG2 0","0","2","2","existing_survivor::SG2 0::CCGT::9d8c670f3986","ACTUALLY_INTEGRATED","","Global-Oil-and-Gas-Plant-Tracker-GOGPT-August-2025.xlsx","0a903cae9037bcc8f6223bd0642efaf8f28169fd0fef0d84e4ca0ecfb17da659","Gas & Oil Units:8255"
"GEM:G100000404559","G100000404559","SG","CCGT","","415","415","SG2 0","0","2","2","existing_survivor::SG2 0::CCGT::9d8c670f3986","ACTUALLY_INTEGRATED","","Global-Oil-and-Gas-Plant-Tracker-GOGPT-August-2025.xlsx","0a903cae9037bcc8f6223bd0642efaf8f28169fd0fef0d84e4ca0ecfb17da659","Gas & Oil Units:8256"
"GEM:G100000105465","G100000105465","ID","Hard Coal","","100","100","ID_Kalimantan4 8","36.16221571932105","4","4","existing_survivor::ID_Kalimantan4 8::Hard Coal::27f180bf6753","ACTUALLY_INTEGRATED","","Global-Coal-Plant-Tracker-July-2025.xlsx","761e4cc56cdf0d5cc2df776073ca882d359b83724964568dd44e640a0b004644","Units:9702"
"GEM:G100000113441","G100000113441","ID","Hard Coal","","100","100","ID_Kalimantan4 8","36.16221571932105","4","4","existing_survivor::ID_Kalimantan4 8::Hard Coal::27f180bf6753","ACTUALLY_INTEGRATED","","Global-Coal-Plant-Tracker-July-2025.xlsx","761e4cc56cdf0d5cc2df776073ca882d359b83724964568dd44e640a0b004644","Units:9703"
"GEM:G100000105484","G100000105484","ID","Hard Coal","","100","100","ID_Kalimantan4 3","59.2427146492106","4","4","existing_survivor::ID_Kalimantan4 3::Hard Coal::b0a3f25df21c","ACTUALLY_INTEGRATED","","Global-Coal-Plant-Tracker-July-2025.xlsx","761e4cc56cdf0d5cc2df776073ca882d359b83724964568dd44e640a0b004644","Units:9711"
"GEM:G100000105485","G100000105485","ID","Hard Coal","","100","100","ID_Kalimantan4 3","59.2427146492106","4","4","existing_survivor::ID_Kalimantan4 3::Hard Coal::b0a3f25df21c","ACTUALLY_INTEGRATED","","Global-Coal-Plant-Tracker-July-2025.xlsx","761e4cc56cdf0d5cc2df776073ca882d359b83724964568dd44e640a0b004644","Units:9712"
"GEM:G100000105496","G100000105496","ID","Hard Coal","","100","100","ID_Kalimantan4 6","34.683713082184326","4","4","existing_survivor::ID_Kalimantan4 6::Hard Coal::5a9f6236e0f6","ACTUALLY_INTEGRATED","","Global-Coal-Plant-Tracker-July-2025.xlsx","761e4cc56cdf0d5cc2df776073ca882d359b83724964568dd44e640a0b004644","Units:9728"
"GEM:G100000105497","G100000105497","ID","Hard Coal","","100","100","ID_Kalimantan4 6","34.683713082184326","4","4","existing_survivor::ID_Kalimantan4 6::Hard Coal::5a9f6236e0f6","ACTUALLY_INTEGRATED","","Global-Coal-Plant-Tracker-July-2025.xlsx","761e4cc56cdf0d5cc2df776073ca882d359b83724964568dd44e640a0b004644","Units:9729"
"GEM:G100000405923","G100000405923","ID","CCGT","","50","50","ID_Kalimantan4 6","34.683713082184326","4","4","existing_survivor::ID_Kalimantan4 6::CCGT::70cad6a9003a","ACTUALLY_INTEGRATED","","Global-Oil-and-Gas-Plant-Tracker-GOGPT-August-2025.xlsx","0a903cae9037bcc8f6223bd0642efaf8f28169fd0fef0d84e4ca0ecfb17da659","Gas & Oil Units:3796"
"GEM:G100000405924","G100000405924","ID","CCGT","","50","50","ID_Kalimantan4 6","34.683713082184326","4","4","existing_survivor::ID_Kalimantan4 6::CCGT::70cad6a9003a","ACTUALLY_INTEGRATED","","Global-Oil-and-Gas-Plant-Tracker-GOGPT-August-2025.xlsx","0a903cae9037bcc8f6223bd0642efaf8f28169fd0fef0d84e4ca0ecfb17da659","Gas & Oil Units:3797"
"GEM:G100000105490","G100000105490","ID","Hard Coal","","100","100","ID_Kalimantan4 5","51.63532465455769","4","4","existing_survivor::ID_Kalimantan4 5::Hard Coal::b4d86adb4c58","ACTUALLY_INTEGRATED","","Global-Coal-Plant-Tracker-July-2025.xlsx","761e4cc56cdf0d5cc2df776073ca882d359b83724964568dd44e640a0b004644","Units:9721"
"GEM:G100000105491","G100000105491","ID","Hard Coal","","100","100","ID_Kalimantan4 5","51.63532465455769","4","4","existing_survivor::ID_Kalimantan4 5::Hard Coal::b4d86adb4c58","ACTUALLY_INTEGRATED","","Global-Coal-Plant-Tracker-July-2025.xlsx","761e4cc56cdf0d5cc2df776073ca882d359b83724964568dd44e640a0b004644","Units:9722"
"GEM:G100000105513","G100000105513","PH","Hard Coal","","105","105","PH_Mindanao6 1","183.86022283868638","6","6","existing_survivor::PH_Mindanao6 1::Hard Coal::647ee25dd78b","ACTUALLY_INTEGRATED","","Global-Coal-Plant-Tracker-July-2025.xlsx","761e4cc56cdf0d5cc2df776073ca882d359b83724964568dd44e640a0b004644","Units:10968"
"GEM:G100000105514","G100000105514","PH","Hard Coal","","105","105","PH_Mindanao6 1","183.86022283868638","6","6","existing_survivor::PH_Mindanao6 1::Hard Coal::647ee25dd78b","ACTUALLY_INTEGRATED","","Global-Coal-Plant-Tracker-July-2025.xlsx","761e4cc56cdf0d5cc2df776073ca882d359b83724964568dd44e640a0b004644","Units:10969"
"GEM:G100000413348","G100000413348","KH","Oil","","200","200","KH2 3","14.33722216794715","2","2","existing_survivor::KH2 3::Oil::2f286ac62903","ACTUALLY_INTEGRATED","","Global-Oil-and-Gas-Plant-Tracker-GOGPT-August-2025.xlsx","0a903cae9037bcc8f6223bd0642efaf8f28169fd0fef0d84e4ca0ecfb17da659","Gas & Oil Units:1099"
"GEM:G100000413349","G100000413349","KH","Oil","","200","200","KH2 3","14.33722216794715","2","2","existing_survivor::KH2 3::Oil::2f286ac62903","ACTUALLY_INTEGRATED","","Global-Oil-and-Gas-Plant-Tracker-GOGPT-August-2025.xlsx","0a903cae9037bcc8f6223bd0642efaf8f28169fd0fef0d84e4ca0ecfb17da659","Gas & Oil Units:1098"
"GEM:G100000602140","G100000602140","ID","Hydro","Reservoir","90","0","ID_Sulawesi0 0","114.8307107317212","0","0","","SURVIVES_PENDING_OTHER_QUALIFICATIONS","Plant-owned inflow covers168h only; full-year reference inflow ownership has not been reconciled to surviving source units. Shared river/node flow cannot be duplicated.","Global-Hydropower-Tracker-April-2025.xlsx","d2fe29a7d198fd6752cb4cec3d88caf9f1d1105a7052fd0805f5cf5fc43777c4","Data:2843"
"GEM:G100000408639","G100000408639","ID","CCGT","","470","470","ID_Sumatra3 2","90.52274554782915","3","3","existing_survivor::GEM:G100000408639","ACTUALLY_INTEGRATED","","Global-Oil-and-Gas-Plant-Tracker-GOGPT-August-2025.xlsx","0a903cae9037bcc8f6223bd0642efaf8f28169fd0fef0d84e4ca0ecfb17da659","Gas & Oil Units:3801"
"GEM:G100000408640","G100000408640","ID","CCGT","","125","125","ID_Sulawesi0 2","27.026456007650904","0","0","existing_survivor::GEM:G100000408640","ACTUALLY_INTEGRATED","","Global-Oil-and-Gas-Plant-Tracker-GOGPT-August-2025.xlsx","0a903cae9037bcc8f6223bd0642efaf8f28169fd0fef0d84e4ca0ecfb17da659","Gas & Oil Units:3802"
"GEM:G100000105669","G100000105669","ID","Hard Coal","","50","50","ID_Sulawesi0 3","171.39322972286124","0","0","existing_survivor::ID_Sulawesi0 3::Hard Coal::ffed8ae92270","ACTUALLY_INTEGRATED","","Global-Coal-Plant-Tracker-July-2025.xlsx","761e4cc56cdf0d5cc2df776073ca882d359b83724964568dd44e640a0b004644","Units:9739"
"GEM:G100000105670","G100000105670","ID","Hard Coal","","50","50","ID_Sulawesi0 3","171.39322972286124","0","0","existing_survivor::ID_Sulawesi0 3::Hard Coal::ffed8ae92270","ACTUALLY_INTEGRATED","","Global-Coal-Plant-Tracker-July-2025.xlsx","761e4cc56cdf0d5cc2df776073ca882d359b83724964568dd44e640a0b004644","Units:9740"
"GEM:G100000404561","G100000404561","SG","CCGT","","400","400","SG2 0","0","2","2","existing_survivor::SG2 0::CCGT::9d8c670f3986","ACTUALLY_INTEGRATED","","Global-Oil-and-Gas-Plant-Tracker-GOGPT-August-2025.xlsx","0a903cae9037bcc8f6223bd0642efaf8f28169fd0fef0d84e4ca0ecfb17da659","Gas & Oil Units:8262"
"GEM:G100000404562","G100000404562","SG","CCGT","","400","400","SG2 0","0","2","2","existing_survivor::SG2 0::CCGT::9d8c670f3986","ACTUALLY_INTEGRATED","","Global-Oil-and-Gas-Plant-Tracker-GOGPT-August-2025.xlsx","0a903cae9037bcc8f6223bd0642efaf8f28169fd0fef0d84e4ca0ecfb17da659","Gas & Oil Units:8263"
"GEM:G100000404254","G100000404254","ID","CCGT","","80","80","ID_Sumatra3 1","106.50677380594549","3","3","existing_survivor::ID_Sumatra3 1::CCGT::c40ab08cfaee","ACTUALLY_INTEGRATED","","Global-Oil-and-Gas-Plant-Tracker-GOGPT-August-2025.xlsx","0a903cae9037bcc8f6223bd0642efaf8f28169fd0fef0d84e4ca0ecfb17da659","Gas & Oil Units:3804"
"GEM:G100000604064","G100000604064","VN","Hydro","Reservoir","100","0","VN2 3","81.73894994652682","2","2","","SURVIVES_PENDING_OTHER_QUALIFICATIONS","Plant-owned inflow covers168h only; full-year reference inflow ownership has not been reconciled to surviving source units. Shared river/node flow cannot be duplicated.","Global-Hydropower-Tracker-April-2025.xlsx","d2fe29a7d198fd6752cb4cec3d88caf9f1d1105a7052fd0805f5cf5fc43777c4","Data:5409"
"GEM:G100000404355","G100000404355","MY","CCGT","","95","95","MY_Sabah4 0","45.81634151778131","4","4","existing_survivor::MY_Sabah4 0::CCGT::2ad09d489988","ACTUALLY_INTEGRATED","","Global-Oil-and-Gas-Plant-Tracker-GOGPT-August-2025.xlsx","0a903cae9037bcc8f6223bd0642efaf8f28169fd0fef0d84e4ca0ecfb17da659","Gas & Oil Units:5722"
"GEM:G100000404356","G100000404356","MY","CCGT","","95","95","MY_Sabah4 0","45.81634151778131","4","4","existing_survivor::MY_Sabah4 0::CCGT::2ad09d489988","ACTUALLY_INTEGRATED","","Global-Oil-and-Gas-Plant-Tracker-GOGPT-August-2025.xlsx","0a903cae9037bcc8f6223bd0642efaf8f28169fd0fef0d84e4ca0ecfb17da659","Gas & Oil Units:5723"
"GEM:G100000404357","G100000404357","MY","CCGT","","95","95","MY_Sabah4 0","45.81634151778131","4","4","existing_survivor::MY_Sabah4 0::CCGT::2ad09d489988","ACTUALLY_INTEGRATED","","Global-Oil-and-Gas-Plant-Tracker-GOGPT-August-2025.xlsx","0a903cae9037bcc8f6223bd0642efaf8f28169fd0fef0d84e4ca0ecfb17da659","Gas & Oil Units:5724"
"GEM:G100000404358","G100000404358","MY","CCGT","","100","100","MY_Sabah4 0","45.81634151778131","4","4","existing_survivor::MY_Sabah4 0::CCGT::2ad09d489988","ACTUALLY_INTEGRATED","","Global-Oil-and-Gas-Plant-Tracker-GOGPT-August-2025.xlsx","0a903cae9037bcc8f6223bd0642efaf8f28169fd0fef0d84e4ca0ecfb17da659","Gas & Oil Units:5725"
"GEM:G100000404432","G100000404432","TH","CCGT","","122","122","TH2 2","61.935676684056446","2","2","existing_survivor::TH2 2::CCGT::1580dccb80c4","ACTUALLY_INTEGRATED","","Global-Oil-and-Gas-Plant-Tracker-GOGPT-August-2025.xlsx","0a903cae9037bcc8f6223bd0642efaf8f28169fd0fef0d84e4ca0ecfb17da659","Gas & Oil Units:9007"
"GEM:G100000409727","G100000409727","TH","CCGT","","114","114","TH2 3","90.94414367150985","2","2","existing_survivor::TH2 3::CCGT::91501ec324b4","ACTUALLY_INTEGRATED","","Global-Oil-and-Gas-Plant-Tracker-GOGPT-August-2025.xlsx","0a903cae9037bcc8f6223bd0642efaf8f28169fd0fef0d84e4ca0ecfb17da659","Gas & Oil Units:9008"
"GEM:G100001051660","G100001051660","VN","Hydro","Reservoir","64","0","VN2 7","137.3794436328324","2","2","","SURVIVES_PENDING_OTHER_QUALIFICATIONS","Plant-owned inflow covers168h only; full-year reference inflow ownership has not been reconciled to surviving source units. Shared river/node flow cannot be duplicated.","Global-Hydropower-Tracker-April-2025.xlsx","d2fe29a7d198fd6752cb4cec3d88caf9f1d1105a7052fd0805f5cf5fc43777c4","Data:5410"
"GEM:G100000404386","G100000404386","MM","CCGT","","135","135","MM2 3","34.90932679010061","2","2","existing_survivor::GEM:G100000404386","ACTUALLY_INTEGRATED","","Global-Oil-and-Gas-Plant-Tracker-GOGPT-August-2025.xlsx","0a903cae9037bcc8f6223bd0642efaf8f28169fd0fef0d84e4ca0ecfb17da659","Gas & Oil Units:6060"
"GEM:G100000411302","G100000411302","MM","CCGT","","145","145","MM2 5","13.314222702286276","2","2","existing_survivor::MM2 5::CCGT::b6119e7ff1a4","ACTUALLY_INTEGRATED","","Global-Oil-and-Gas-Plant-Tracker-GOGPT-August-2025.xlsx","0a903cae9037bcc8f6223bd0642efaf8f28169fd0fef0d84e4ca0ecfb17da659","Gas & Oil Units:6061"
"GEM:G100000106141","G100000106141","PH","Hard Coal","","138","138","PH_Mindanao6 0","89.06047172039047","6","6","existing_survivor::PH_Mindanao6 0::Hard Coal::c9aabe04d4cb","ACTUALLY_INTEGRATED","","Global-Coal-Plant-Tracker-July-2025.xlsx","761e4cc56cdf0d5cc2df776073ca882d359b83724964568dd44e640a0b004644","Units:10975"
"GEM:G100000106142","G100000106142","PH","Hard Coal","","138","138","PH_Mindanao6 0","89.06047172039047","6","6","existing_survivor::PH_Mindanao6 0::Hard Coal::c9aabe04d4cb","ACTUALLY_INTEGRATED","","Global-Coal-Plant-Tracker-July-2025.xlsx","761e4cc56cdf0d5cc2df776073ca882d359b83724964568dd44e640a0b004644","Units:10976"
"GEM:G100000106143","G100000106143","PH","Hard Coal","","138","138","PH_Mindanao6 0","89.06047172039047","6","6","existing_survivor::PH_Mindanao6 0::Hard Coal::c9aabe04d4cb","ACTUALLY_INTEGRATED","","Global-Coal-Plant-Tracker-July-2025.xlsx","761e4cc56cdf0d5cc2df776073ca882d359b83724964568dd44e640a0b004644","Units:10977"
"GEM:G100000106144","G100000106144","PH","Hard Coal","","138","138","PH_Mindanao6 0","89.06047172039047","6","6","existing_survivor::PH_Mindanao6 0::Hard Coal::c9aabe04d4cb","ACTUALLY_INTEGRATED","","Global-Coal-Plant-Tracker-July-2025.xlsx","761e4cc56cdf0d5cc2df776073ca882d359b83724964568dd44e640a0b004644","Units:10978"
"GEM:G100000404503","G100000404503","TH","CCGT","","120","120","TH2 2","79.67407016240165","2","2","existing_survivor::TH2 2::CCGT::1580dccb80c4","ACTUALLY_INTEGRATED","","Global-Oil-and-Gas-Plant-Tracker-GOGPT-August-2025.xlsx","0a903cae9037bcc8f6223bd0642efaf8f28169fd0fef0d84e4ca0ecfb17da659","Gas & Oil Units:9012"
"GEM:G100000405928","G100000405928","ID","CCGT","","135","135","ID_Nusa-Tenggara12 0","33.39772293805152","12","12","existing_survivor::GEM:G100000405928","ACTUALLY_INTEGRATED","","Global-Oil-and-Gas-Plant-Tracker-GOGPT-August-2025.xlsx","0a903cae9037bcc8f6223bd0642efaf8f28169fd0fef0d84e4ca0ecfb17da659","Gas & Oil Units:3808"
"GEM:G100000600377","G100000600377","KH","Hydro","Reservoir","400","0","KH2 1","62.18717358713237","2","2","","SURVIVES_PENDING_OTHER_QUALIFICATIONS","Plant-owned inflow covers168h only; full-year reference inflow ownership has not been reconciled to surviving source units. Shared river/node flow cannot be duplicated.","Global-Hydropower-Tracker-April-2025.xlsx","d2fe29a7d198fd6752cb4cec3d88caf9f1d1105a7052fd0805f5cf5fc43777c4","Data:493"
"GEM:G100000106538","G100000106538","PH","Hard Coal","","52","52","PH_Luzon5 0","44.60285042764791","5","5","existing_survivor::PH_Luzon5 0::Hard Coal::c2a0ecc3dff4","ACTUALLY_INTEGRATED","","Global-Coal-Plant-Tracker-July-2025.xlsx","761e4cc56cdf0d5cc2df776073ca882d359b83724964568dd44e640a0b004644","Units:10988"
"GEM:G100000106557","G100000106557","TH","Lignite","","655","655","TH2 4","87.55357266383616","2","2","existing_survivor::GEM:G100000106557","ACTUALLY_INTEGRATED","","Global-Coal-Plant-Tracker-July-2025.xlsx","761e4cc56cdf0d5cc2df776073ca882d359b83724964568dd44e640a0b004644","Units:12348"
"GEM:G100000405930","G100000405930","ID","CCGT","","200","200","ID_Sulawesi0 4","28.06286943742321","0","0","existing_survivor::ID_Sulawesi0 4::CCGT::68f8cfb2b225","ACTUALLY_INTEGRATED","","Global-Oil-and-Gas-Plant-Tracker-GOGPT-August-2025.xlsx","0a903cae9037bcc8f6223bd0642efaf8f28169fd0fef0d84e4ca0ecfb17da659","Gas & Oil Units:3812"
"GEM:G100000604594","G100000604594","ID","Hydro","Run-Of-River","90","0","ID_Sulawesi0 1","66.64398649093867","0","0","","SURVIVES_PENDING_OTHER_QUALIFICATIONS","Plant-owned168h inflow cannot provide the required annual availability; annual reference availability lacks a qualified source-unit ownership join.","Global-Hydropower-Tracker-April-2025.xlsx","d2fe29a7d198fd6752cb4cec3d88caf9f1d1105a7052fd0805f5cf5fc43777c4","Data:2857"
"GEM:G100001051421","G100001051421","PH","Hydro","Run-Of-River","45","0","PH_Mindanao6 1","64.48982205842364","6","6","","SURVIVES_PENDING_OTHER_QUALIFICATIONS","Plant-owned168h inflow cannot provide the required annual availability; annual reference availability lacks a qualified source-unit ownership join.","Global-Hydropower-Tracker-April-2025.xlsx","d2fe29a7d198fd6752cb4cec3d88caf9f1d1105a7052fd0805f5cf5fc43777c4","Data:4123"
"GEM:G100000411283","G100000411283","PH","Oil","","100","100","PH_Luzon5 0","131.7625583801349","5","5","existing_survivor::PH_Luzon5 0::Oil::b5c001442eb7","ACTUALLY_INTEGRATED","","Global-Oil-and-Gas-Plant-Tracker-GOGPT-August-2025.xlsx","0a903cae9037bcc8f6223bd0642efaf8f28169fd0fef0d84e4ca0ecfb17da659","Gas & Oil Units:6596"
"GEM:G100001051557","G100001051557","MM","Hydro","Run-Of-River","66","0","MM2 13","44.25445529646859","2","2","","SURVIVES_PENDING_OTHER_QUALIFICATIONS","Plant-owned168h inflow cannot provide the required annual availability; annual reference availability lacks a qualified source-unit ownership join.","Global-Hydropower-Tracker-April-2025.xlsx","d2fe29a7d198fd6752cb4cec3d88caf9f1d1105a7052fd0805f5cf5fc43777c4","Data:3472"
"GEM:G100000602476","G100000602476","MY","Hydro","Reservoir","944","0","MY_Sarawak4 0","95.75639240985902","4","4","","SURVIVES_PENDING_OTHER_QUALIFICATIONS","Plant-owned inflow covers168h only; full-year reference inflow ownership has not been reconciled to surviving source units. Shared river/node flow cannot be duplicated.","Global-Hydropower-Tracker-April-2025.xlsx","d2fe29a7d198fd6752cb4cec3d88caf9f1d1105a7052fd0805f5cf5fc43777c4","Data:3347"
"GEM:G100000115063","G100000115063","MM","Hard Coal","","30","30","MM2 4","66.93277956994842","2","2","existing_survivor::GEM:G100000115063","ACTUALLY_INTEGRATED","","Global-Coal-Plant-Tracker-July-2025.xlsx","761e4cc56cdf0d5cc2df776073ca882d359b83724964568dd44e640a0b004644","Units:10688"
"GEM:G100000404372","G100000404372","MM","CCGT","","225","225","MM2 12","56.318812915445164","2","2","existing_survivor::MM2 12::CCGT::f0d437f94247","ACTUALLY_INTEGRATED","","Global-Oil-and-Gas-Plant-Tracker-GOGPT-August-2025.xlsx","0a903cae9037bcc8f6223bd0642efaf8f28169fd0fef0d84e4ca0ecfb17da659","Gas & Oil Units:6068"
"GEM:G100000411299","G100000411299","MM","CCGT","","109.7","109.7","MM2 12","56.318812915445164","2","2","existing_survivor::MM2 12::CCGT::f0d437f94247","ACTUALLY_INTEGRATED","","Global-Oil-and-Gas-Plant-Tracker-GOGPT-August-2025.xlsx","0a903cae9037bcc8f6223bd0642efaf8f28169fd0fef0d84e4ca0ecfb17da659","Gas & Oil Units:6067"
"GEM:G100000412610","G100000412610","KH","Oil","","200.3","200.3","KH2 3","14.33722216794715","2","2","existing_survivor::KH2 3::Oil::2f286ac62903","ACTUALLY_INTEGRATED","","Global-Oil-and-Gas-Plant-Tracker-GOGPT-August-2025.xlsx","0a903cae9037bcc8f6223bd0642efaf8f28169fd0fef0d84e4ca0ecfb17da659","Gas & Oil Units:1093"
"GEM:G100000602395","G100000602395","LA","Hydro","Reservoir","104","0","LA2 1","100.47105594905379","2","2","","SURVIVES_PENDING_OTHER_QUALIFICATIONS","Plant-owned inflow covers168h only; full-year reference inflow ownership has not been reconciled to surviving source units. Shared river/node flow cannot be duplicated.","Global-Hydropower-Tracker-April-2025.xlsx","d2fe29a7d198fd6752cb4cec3d88caf9f1d1105a7052fd0805f5cf5fc43777c4","Data:3241"
"GEM:G100001051355","G100001051355","LA","Hydro","Reservoir","60","0","LA2 3","31.666348544345578","2","2","","SURVIVES_PENDING_OTHER_QUALIFICATIONS","Plant-owned inflow covers168h only; full-year reference inflow ownership has not been reconciled to surviving source units. Shared river/node flow cannot be duplicated.","Global-Hydropower-Tracker-April-2025.xlsx","d2fe29a7d198fd6752cb4cec3d88caf9f1d1105a7052fd0805f5cf5fc43777c4","Data:3248"
"GEM:G100001051361","G100001051361","LA","Hydro","Reservoir","60","0","LA2 1","64.09847232727762","2","2","","SURVIVES_PENDING_OTHER_QUALIFICATIONS","Plant-owned inflow covers168h only; full-year reference inflow ownership has not been reconciled to surviving source units. Shared river/node flow cannot be duplicated.","Global-Hydropower-Tracker-April-2025.xlsx","d2fe29a7d198fd6752cb4cec3d88caf9f1d1105a7052fd0805f5cf5fc43777c4","Data:3250"
"GEM:G100000602400","G100000602400","LA","Hydro","Reservoir","130","0","LA2 1","64.09847232727762","2","2","","SURVIVES_PENDING_OTHER_QUALIFICATIONS","Plant-owned inflow covers168h only; full-year reference inflow ownership has not been reconciled to surviving source units. Shared river/node flow cannot be duplicated.","Global-Hydropower-Tracker-April-2025.xlsx","d2fe29a7d198fd6752cb4cec3d88caf9f1d1105a7052fd0805f5cf5fc43777c4","Data:3249"
"GEM:G100001051350","G100001051350","LA","Hydro","Reservoir","66","0","LA2 4","92.36419053882643","2","2","","SURVIVES_PENDING_OTHER_QUALIFICATIONS","Plant-owned inflow covers168h only; full-year reference inflow ownership has not been reconciled to surviving source units. Shared river/node flow cannot be duplicated.","Global-Hydropower-Tracker-April-2025.xlsx","d2fe29a7d198fd6752cb4cec3d88caf9f1d1105a7052fd0805f5cf5fc43777c4","Data:3252"
"GEM:G100001051351","G100001051351","LA","Hydro","Reservoir","53","0","LA2 4","92.36419053882643","2","2","","SURVIVES_PENDING_OTHER_QUALIFICATIONS","Plant-owned inflow covers168h only; full-year reference inflow ownership has not been reconciled to surviving source units. Shared river/node flow cannot be duplicated.","Global-Hydropower-Tracker-April-2025.xlsx","d2fe29a7d198fd6752cb4cec3d88caf9f1d1105a7052fd0805f5cf5fc43777c4","Data:3253"
"GEM:G100000602401","G100000602401","LA","Hydro","Reservoir","160","0","LA2 4","64.84408780162259","2","2","","SURVIVES_PENDING_OTHER_QUALIFICATIONS","Plant-owned inflow covers168h only; full-year reference inflow ownership has not been reconciled to surviving source units. Shared river/node flow cannot be duplicated.","Global-Hydropower-Tracker-April-2025.xlsx","d2fe29a7d198fd6752cb4cec3d88caf9f1d1105a7052fd0805f5cf5fc43777c4","Data:3251"
"GEM:G100001051365","G100001051365","LA","Hydro","Run-Of-River","65","0","LA2 2","42.17164416429944","2","2","","SURVIVES_PENDING_OTHER_QUALIFICATIONS","Plant-owned168h inflow cannot provide the required annual availability; annual reference availability lacks a qualified source-unit ownership join.","Global-Hydropower-Tracker-April-2025.xlsx","d2fe29a7d198fd6752cb4cec3d88caf9f1d1105a7052fd0805f5cf5fc43777c4","Data:3255"
"GEM:G100001051356","G100001051356","LA","Hydro","Run-Of-River","64","0","LA2 2","69.13691597791771","2","2","","SURVIVES_PENDING_OTHER_QUALIFICATIONS","Plant-owned168h inflow cannot provide the required annual availability; annual reference availability lacks a qualified source-unit ownership join.","Global-Hydropower-Tracker-April-2025.xlsx","d2fe29a7d198fd6752cb4cec3d88caf9f1d1105a7052fd0805f5cf5fc43777c4","Data:3257"
"GEM:G100000602406","G100000602406","LA","Hydro","Reservoir","180","0","LA2 1","95.69321989364627","2","2","","SURVIVES_PENDING_OTHER_QUALIFICATIONS","Plant-owned inflow covers168h only; full-year reference inflow ownership has not been reconciled to surviving source units. Shared river/node flow cannot be duplicated.","Global-Hydropower-Tracker-April-2025.xlsx","d2fe29a7d198fd6752cb4cec3d88caf9f1d1105a7052fd0805f5cf5fc43777c4","Data:3263"
"GEM:G100000602405","G100000602405","LA","Hydro","Reservoir","290","0","LA2 2","38.78345770112278","2","2","","SURVIVES_PENDING_OTHER_QUALIFICATIONS","Plant-owned inflow covers168h only; full-year reference inflow ownership has not been reconciled to surviving source units. Shared river/node flow cannot be duplicated.","Global-Hydropower-Tracker-April-2025.xlsx","d2fe29a7d198fd6752cb4cec3d88caf9f1d1105a7052fd0805f5cf5fc43777c4","Data:3262"
"GEM:G100000602407","G100000602407","LA","Hydro","Reservoir","275","0","LA2 2","18.752419297944627","2","2","","SURVIVES_PENDING_OTHER_QUALIFICATIONS","Plant-owned inflow covers168h only; full-year reference inflow ownership has not been reconciled to surviving source units. Shared river/node flow cannot be duplicated.","Global-Hydropower-Tracker-April-2025.xlsx","d2fe29a7d198fd6752cb4cec3d88caf9f1d1105a7052fd0805f5cf5fc43777c4","Data:3264"
"GEM:G100000602413","G100000602413","LA","Hydro","Reservoir","120","0","LA2 5","89.10951130252313","2","2","","SURVIVES_PENDING_OTHER_QUALIFICATIONS","Plant-owned inflow covers168h only; full-year reference inflow ownership has not been reconciled to surviving source units. Shared river/node flow cannot be duplicated.","Global-Hydropower-Tracker-April-2025.xlsx","d2fe29a7d198fd6752cb4cec3d88caf9f1d1105a7052fd0805f5cf5fc43777c4","Data:3270"
"GEM:G100000602412","G100000602412","LA","Hydro","Reservoir","180","0","LA2 5","89.91863556836618","2","2","","SURVIVES_PENDING_OTHER_QUALIFICATIONS","Plant-owned inflow covers168h only; full-year reference inflow ownership has not been reconciled to surviving source units. Shared river/node flow cannot be duplicated.","Global-Hydropower-Tracker-April-2025.xlsx","d2fe29a7d198fd6752cb4cec3d88caf9f1d1105a7052fd0805f5cf5fc43777c4","Data:3269"
"GEM:G100000602414","G100000602414","LA","Hydro","Reservoir","210","0","LA2 5","89.10951130252313","2","2","","SURVIVES_PENDING_OTHER_QUALIFICATIONS","Plant-owned inflow covers168h only; full-year reference inflow ownership has not been reconciled to surviving source units. Shared river/node flow cannot be duplicated.","Global-Hydropower-Tracker-April-2025.xlsx","d2fe29a7d198fd6752cb4cec3d88caf9f1d1105a7052fd0805f5cf5fc43777c4","Data:3271"
"GEM:G100000602415","G100000602415","LA","Hydro","Reservoir","132","0","LA2 5","55.763248159479524","2","2","","SURVIVES_PENDING_OTHER_QUALIFICATIONS","Plant-owned inflow covers168h only; full-year reference inflow ownership has not been reconciled to surviving source units. Shared river/node flow cannot be duplicated.","Global-Hydropower-Tracker-April-2025.xlsx","d2fe29a7d198fd6752cb4cec3d88caf9f1d1105a7052fd0805f5cf5fc43777c4","Data:3272"
"GEM:G100000602418","G100000602418","LA","Hydro","Reservoir","210","0","LA2 5","123.66700535644607","2","2","","SURVIVES_PENDING_OTHER_QUALIFICATIONS","Plant-owned inflow covers168h only; full-year reference inflow ownership has not been reconciled to surviving source units. Shared river/node flow cannot be duplicated.","Global-Hydropower-Tracker-April-2025.xlsx","d2fe29a7d198fd6752cb4cec3d88caf9f1d1105a7052fd0805f5cf5fc43777c4","Data:3275"
"GEM:G100000602417","G100000602417","LA","Hydro","Reservoir","180","0","LA2 5","123.66700535644607","2","2","","SURVIVES_PENDING_OTHER_QUALIFICATIONS","Plant-owned inflow covers168h only; full-year reference inflow ownership has not been reconciled to surviving source units. Shared river/node flow cannot be duplicated.","Global-Hydropower-Tracker-April-2025.xlsx","d2fe29a7d198fd6752cb4cec3d88caf9f1d1105a7052fd0805f5cf5fc43777c4","Data:3274"
"GEM:G100000602416","G100000602416","LA","Hydro","Reservoir","240","0","LA2 5","141.49493237374662","2","2","","SURVIVES_PENDING_OTHER_QUALIFICATIONS","Plant-owned inflow covers168h only; full-year reference inflow ownership has not been reconciled to surviving source units. Shared river/node flow cannot be duplicated.","Global-Hydropower-Tracker-April-2025.xlsx","d2fe29a7d198fd6752cb4cec3d88caf9f1d1105a7052fd0805f5cf5fc43777c4","Data:3273"
"GEM:G100000602421","G100000602421","LA","Hydro","Reservoir","86","0","LA2 1","35.61588720724574","2","2","","SURVIVES_PENDING_OTHER_QUALIFICATIONS","Plant-owned inflow covers168h only; full-year reference inflow ownership has not been reconciled to surviving source units. Shared river/node flow cannot be duplicated.","Global-Hydropower-Tracker-April-2025.xlsx","d2fe29a7d198fd6752cb4cec3d88caf9f1d1105a7052fd0805f5cf5fc43777c4","Data:3278"
"GEM:G100001051376","G100001051376","LA","Hydro","Reservoir","45","0","LA2 1","100.47105594905379","2","2","","SURVIVES_PENDING_OTHER_QUALIFICATIONS","Plant-owned inflow covers168h only; full-year reference inflow ownership has not been reconciled to surviving source units. Shared river/node flow cannot be duplicated.","Global-Hydropower-Tracker-April-2025.xlsx","d2fe29a7d198fd6752cb4cec3d88caf9f1d1105a7052fd0805f5cf5fc43777c4","Data:3281"
"GEM:G100001051375","G100001051375","LA","Hydro","Reservoir","69","0","LA2 1","100.47105594905379","2","2","","SURVIVES_PENDING_OTHER_QUALIFICATIONS","Plant-owned inflow covers168h only; full-year reference inflow ownership has not been reconciled to surviving source units. Shared river/node flow cannot be duplicated.","Global-Hydropower-Tracker-April-2025.xlsx","d2fe29a7d198fd6752cb4cec3d88caf9f1d1105a7052fd0805f5cf5fc43777c4","Data:3280"
"GEM:G100000602424","G100000602424","LA","Hydro","Reservoir","168","0","LA2 5","68.44677226022509","2","2","","SURVIVES_PENDING_OTHER_QUALIFICATIONS","Plant-owned inflow covers168h only; full-year reference inflow ownership has not been reconciled to surviving source units. Shared river/node flow cannot be duplicated.","Global-Hydropower-Tracker-April-2025.xlsx","d2fe29a7d198fd6752cb4cec3d88caf9f1d1105a7052fd0805f5cf5fc43777c4","Data:3286"
"GEM:G100000602425","G100000602425","LA","Hydro","Reservoir","650","0","LA2 2","38.78345770112278","2","2","","SURVIVES_PENDING_OTHER_QUALIFICATIONS","Plant-owned inflow covers168h only; full-year reference inflow ownership has not been reconciled to surviving source units. Shared river/node flow cannot be duplicated.","Global-Hydropower-Tracker-April-2025.xlsx","d2fe29a7d198fd6752cb4cec3d88caf9f1d1105a7052fd0805f5cf5fc43777c4","Data:3287"
"GEM:G100000114352","G100000114352","ID","Hard Coal","","30","30","ID_Sumatra2 0","0","2","2","existing_survivor::ID_Sumatra2 0::Hard Coal::48155c3f38a9","ACTUALLY_INTEGRATED","","Global-Coal-Plant-Tracker-July-2025.xlsx","761e4cc56cdf0d5cc2df776073ca882d359b83724964568dd44e640a0b004644","Units:9792"
"GEM:G100000114488","G100000114488","ID","Hard Coal","","30","30","ID_Sumatra2 0","0","2","2","existing_survivor::ID_Sumatra2 0::Hard Coal::48155c3f38a9","ACTUALLY_INTEGRATED","","Global-Coal-Plant-Tracker-July-2025.xlsx","761e4cc56cdf0d5cc2df776073ca882d359b83724964568dd44e640a0b004644","Units:9793"
"GEM:G100000114489","G100000114489","ID","Hard Coal","","30","30","ID_Sumatra2 0","0","2","2","existing_survivor::ID_Sumatra2 0::Hard Coal::48155c3f38a9","ACTUALLY_INTEGRATED","","Global-Coal-Plant-Tracker-July-2025.xlsx","761e4cc56cdf0d5cc2df776073ca882d359b83724964568dd44e640a0b004644","Units:9794"
"GEM:G100000114901","G100000114901","ID","Hard Coal","","30","30","ID_Sumatra2 0","0","2","2","existing_survivor::ID_Sumatra2 0::Hard Coal::48155c3f38a9","ACTUALLY_INTEGRATED","","Global-Coal-Plant-Tracker-July-2025.xlsx","761e4cc56cdf0d5cc2df776073ca882d359b83724964568dd44e640a0b004644","Units:9795"
"GEM:G100000114902","G100000114902","ID","Hard Coal","","30","30","ID_Sumatra2 0","0","2","2","existing_survivor::ID_Sumatra2 0::Hard Coal::48155c3f38a9","ACTUALLY_INTEGRATED","","Global-Coal-Plant-Tracker-July-2025.xlsx","761e4cc56cdf0d5cc2df776073ca882d359b83724964568dd44e640a0b004644","Units:9796"
"GEM:G100000114903","G100000114903","ID","Hard Coal","","30","30","ID_Sumatra2 0","0","2","2","existing_survivor::ID_Sumatra2 0::Hard Coal::48155c3f38a9","ACTUALLY_INTEGRATED","","Global-Coal-Plant-Tracker-July-2025.xlsx","761e4cc56cdf0d5cc2df776073ca882d359b83724964568dd44e640a0b004644","Units:9797"
"GEM:G100000404461","G100000404461","TH","CCGT","","139","139","TH2 2","34.47066408686388","2","2","existing_survivor::TH2 2::CCGT::1580dccb80c4","ACTUALLY_INTEGRATED","","Global-Oil-and-Gas-Plant-Tracker-GOGPT-August-2025.xlsx","0a903cae9037bcc8f6223bd0642efaf8f28169fd0fef0d84e4ca0ecfb17da659","Gas & Oil Units:9017"
"GEM:G100000409728","G100000409728","TH","CCGT","","60","60","TH2 2","34.47066408686388","2","2","existing_survivor::TH2 2::CCGT::1580dccb80c4","ACTUALLY_INTEGRATED","","Global-Oil-and-Gas-Plant-Tracker-GOGPT-August-2025.xlsx","0a903cae9037bcc8f6223bd0642efaf8f28169fd0fef0d84e4ca0ecfb17da659","Gas & Oil Units:9018"
"GEM:G100000401110","G100000401110","TH","CCGT","","92","92","TH2 3","43.65168394886191","2","2","existing_survivor::TH2 3::CCGT::91501ec324b4","ACTUALLY_INTEGRATED","","Global-Oil-and-Gas-Plant-Tracker-GOGPT-August-2025.xlsx","0a903cae9037bcc8f6223bd0642efaf8f28169fd0fef0d84e4ca0ecfb17da659","Gas & Oil Units:9019"
"GEM:G100001051658","G100001051658","VN","Hydro","Reservoir","45","0","VN2 3","36.8308775180351","2","2","","SURVIVES_PENDING_OTHER_QUALIFICATIONS","Plant-owned inflow covers168h only; full-year reference inflow ownership has not been reconciled to surviving source units. Shared river/node flow cannot be duplicated.","Global-Hydropower-Tracker-April-2025.xlsx","d2fe29a7d198fd6752cb4cec3d88caf9f1d1105a7052fd0805f5cf5fc43777c4","Data:5418"
"GEM:G100000113233","G100000113233","VN","Hard Coal","","150","150","VN2 5","90.5556007142635","2","2","existing_survivor::VN2 5::Hard Coal::7de1e78c40ff","ACTUALLY_INTEGRATED","","Global-Coal-Plant-Tracker-July-2025.xlsx","761e4cc56cdf0d5cc2df776073ca882d359b83724964568dd44e640a0b004644","Units:14189"
"GEM:G100000113234","G100000113234","VN","Hard Coal","","150","150","VN2 5","90.5556007142635","2","2","existing_survivor::VN2 5::Hard Coal::7de1e78c40ff","ACTUALLY_INTEGRATED","","Global-Coal-Plant-Tracker-July-2025.xlsx","761e4cc56cdf0d5cc2df776073ca882d359b83724964568dd44e640a0b004644","Units:14190"
"GEM:G100000411313","G100000411313","ID","CCGT","","82","82","ID_Sumatra2 0","0","2","2","existing_survivor::ID_Sumatra2 0::CCGT::07b2f37f96bf","ACTUALLY_INTEGRATED","","Global-Oil-and-Gas-Plant-Tracker-GOGPT-August-2025.xlsx","0a903cae9037bcc8f6223bd0642efaf8f28169fd0fef0d84e4ca0ecfb17da659","Gas & Oil Units:3834"
"GEM:G100000401008","G100000401008","MY","CCGT","","720","720","MY_Peninsular2 1","167.50222128633698","2","2","existing_survivor::MY_Peninsular2 1::CCGT::9cf824f0c146","ACTUALLY_INTEGRATED","","Global-Oil-and-Gas-Plant-Tracker-GOGPT-August-2025.xlsx","0a903cae9037bcc8f6223bd0642efaf8f28169fd0fef0d84e4ca0ecfb17da659","Gas & Oil Units:5743"
"GEM:G100000401009","G100000401009","MY","CCGT","","720","720","MY_Peninsular2 1","167.50222128633698","2","2","existing_survivor::MY_Peninsular2 1::CCGT::9cf824f0c146","ACTUALLY_INTEGRATED","","Global-Oil-and-Gas-Plant-Tracker-GOGPT-August-2025.xlsx","0a903cae9037bcc8f6223bd0642efaf8f28169fd0fef0d84e4ca0ecfb17da659","Gas & Oil Units:5744"
"GEM:G100000411310","G100000411310","ID","CCGT","","50","50","ID_Sumatra3 4","59.783609199197535","3","3","existing_survivor::ID_Sumatra3 4::CCGT::f6b673cee890","ACTUALLY_INTEGRATED","","Global-Oil-and-Gas-Plant-Tracker-GOGPT-August-2025.xlsx","0a903cae9037bcc8f6223bd0642efaf8f28169fd0fef0d84e4ca0ecfb17da659","Gas & Oil Units:3837"
"GEM:G100000411311","G100000411311","ID","CCGT","","50","50","ID_Sumatra3 4","59.783609199197535","3","3","existing_survivor::ID_Sumatra3 4::CCGT::f6b673cee890","ACTUALLY_INTEGRATED","","Global-Oil-and-Gas-Plant-Tracker-GOGPT-August-2025.xlsx","0a903cae9037bcc8f6223bd0642efaf8f28169fd0fef0d84e4ca0ecfb17da659","Gas & Oil Units:3836"
"GEM:G100000401010","G100000401010","MY","CCGT","","950","950","MY_Peninsular2 1","214.20455212583485","2","2","existing_survivor::MY_Peninsular2 1::CCGT::9cf824f0c146","ACTUALLY_INTEGRATED","","Global-Oil-and-Gas-Plant-Tracker-GOGPT-August-2025.xlsx","0a903cae9037bcc8f6223bd0642efaf8f28169fd0fef0d84e4ca0ecfb17da659","Gas & Oil Units:5746"
"GEM:G100000401011","G100000401011","MY","CCGT","","950","950","MY_Peninsular2 1","214.20455212583485","2","2","existing_survivor::MY_Peninsular2 1::CCGT::9cf824f0c146","ACTUALLY_INTEGRATED","","Global-Oil-and-Gas-Plant-Tracker-GOGPT-August-2025.xlsx","0a903cae9037bcc8f6223bd0642efaf8f28169fd0fef0d84e4ca0ecfb17da659","Gas & Oil Units:5747"
"GEM:G100000115749","G100000115749","PH","Hard Coal","","35","35","PH_Luzon5 0","162.2972973234205","5","5","existing_survivor::PH_Luzon5 0::Hard Coal::c2a0ecc3dff4","ACTUALLY_INTEGRATED","","Global-Coal-Plant-Tracker-July-2025.xlsx","761e4cc56cdf0d5cc2df776073ca882d359b83724964568dd44e640a0b004644","Units:11022"
"GEM:G100000115769","G100000115769","PH","Hard Coal","","35","35","PH_Luzon5 0","162.2972973234205","5","5","existing_survivor::PH_Luzon5 0::Hard Coal::c2a0ecc3dff4","ACTUALLY_INTEGRATED","","Global-Coal-Plant-Tracker-July-2025.xlsx","761e4cc56cdf0d5cc2df776073ca882d359b83724964568dd44e640a0b004644","Units:11023"
"GEM:G100000115770","G100000115770","PH","Hard Coal","","35","35","PH_Luzon5 0","162.2972973234205","5","5","existing_survivor::PH_Luzon5 0::Hard Coal::c2a0ecc3dff4","ACTUALLY_INTEGRATED","","Global-Coal-Plant-Tracker-July-2025.xlsx","761e4cc56cdf0d5cc2df776073ca882d359b83724964568dd44e640a0b004644","Units:11024"
"GEM:G100000115771","G100000115771","PH","Hard Coal","","35","35","PH_Luzon5 0","162.2972973234205","5","5","existing_survivor::PH_Luzon5 0::Hard Coal::c2a0ecc3dff4","ACTUALLY_INTEGRATED","","Global-Coal-Plant-Tracker-July-2025.xlsx","761e4cc56cdf0d5cc2df776073ca882d359b83724964568dd44e640a0b004644","Units:11025"
"GEM:G100000412609","G100000412609","KH","Oil","","200.2","200.2","KH2 3","14.33722216794715","2","2","existing_survivor::KH2 3::Oil::2f286ac62903","ACTUALLY_INTEGRATED","","Global-Oil-and-Gas-Plant-Tracker-GOGPT-August-2025.xlsx","0a903cae9037bcc8f6223bd0642efaf8f28169fd0fef0d84e4ca0ecfb17da659","Gas & Oil Units:1100"
"GEM:G100000108075","G100000108075","ID","Hard Coal","","30","30","ID_Sulawesi0 3","137.568208670126","0","0","existing_survivor::ID_Sulawesi0 3::Hard Coal::ffed8ae92270","ACTUALLY_INTEGRATED","","Global-Coal-Plant-Tracker-July-2025.xlsx","761e4cc56cdf0d5cc2df776073ca882d359b83724964568dd44e640a0b004644","Units:9854"
"GEM:G100000108076","G100000108076","ID","Hard Coal","","30","30","ID_Sulawesi0 3","137.568208670126","0","0","existing_survivor::ID_Sulawesi0 3::Hard Coal::ffed8ae92270","ACTUALLY_INTEGRATED","","Global-Coal-Plant-Tracker-July-2025.xlsx","761e4cc56cdf0d5cc2df776073ca882d359b83724964568dd44e640a0b004644","Units:9855"
"GEM:G100000602166","G100000602166","ID","Hydro","Run-Of-River","195","0","ID_Sulawesi0 3","160.37572034012788","0","0","","SURVIVES_PENDING_OTHER_QUALIFICATIONS","Plant-owned168h inflow cannot provide the required annual availability; annual reference availability lacks a qualified source-unit ownership join.","Global-Hydropower-Tracker-April-2025.xlsx","d2fe29a7d198fd6752cb4cec3d88caf9f1d1105a7052fd0805f5cf5fc43777c4","Data:2872"
"GEM:G100001051487","G100001051487","ID","Hydro","Run-Of-River","200","0","ID_Sulawesi0 3","160.37572034012788","0","0","","SURVIVES_PENDING_OTHER_QUALIFICATIONS","Plant-owned168h inflow cannot provide the required annual availability; annual reference availability lacks a qualified source-unit ownership join.","Global-Hydropower-Tracker-April-2025.xlsx","d2fe29a7d198fd6752cb4cec3d88caf9f1d1105a7052fd0805f5cf5fc43777c4","Data:2875"
"GEM:G100001051489","G100001051489","ID","Hydro","Run-Of-River","120","0","ID_Sulawesi0 3","160.37572034012788","0","0","","SURVIVES_PENDING_OTHER_QUALIFICATIONS","Plant-owned168h inflow cannot provide the required annual availability; annual reference availability lacks a qualified source-unit ownership join.","Global-Hydropower-Tracker-April-2025.xlsx","d2fe29a7d198fd6752cb4cec3d88caf9f1d1105a7052fd0805f5cf5fc43777c4","Data:2874"
"GEM:G100000115067","G100000115067","ID","Hard Coal","","150","150","ID_Maluku17 0","83.26673823415835","17","17","existing_survivor::ID_Maluku17 0::Hard Coal::2e76f8373991","ACTUALLY_INTEGRATED","","Global-Coal-Plant-Tracker-July-2025.xlsx","761e4cc56cdf0d5cc2df776073ca882d359b83724964568dd44e640a0b004644","Units:9859"
"GEM:G100000115068","G100000115068","ID","Hard Coal","","150","150","ID_Maluku17 0","83.26673823415835","17","17","existing_survivor::ID_Maluku17 0::Hard Coal::2e76f8373991","ACTUALLY_INTEGRATED","","Global-Coal-Plant-Tracker-July-2025.xlsx","761e4cc56cdf0d5cc2df776073ca882d359b83724964568dd44e640a0b004644","Units:9860"
"GEM:G100000115069","G100000115069","ID","Hard Coal","","150","150","ID_Maluku17 0","83.26673823415835","17","17","existing_survivor::ID_Maluku17 0::Hard Coal::2e76f8373991","ACTUALLY_INTEGRATED","","Global-Coal-Plant-Tracker-July-2025.xlsx","761e4cc56cdf0d5cc2df776073ca882d359b83724964568dd44e640a0b004644","Units:9861"
"GEM:G100000115070","G100000115070","ID","Hard Coal","","150","150","ID_Maluku17 0","83.26673823415835","17","17","existing_survivor::ID_Maluku17 0::Hard Coal::2e76f8373991","ACTUALLY_INTEGRATED","","Global-Coal-Plant-Tracker-July-2025.xlsx","761e4cc56cdf0d5cc2df776073ca882d359b83724964568dd44e640a0b004644","Units:9862"
"GEM:G100000115126","G100000115126","ID","Hard Coal","","30","30","ID_Maluku17 0","83.26673823415835","17","17","existing_survivor::ID_Maluku17 0::Hard Coal::2e76f8373991","ACTUALLY_INTEGRATED","","Global-Coal-Plant-Tracker-July-2025.xlsx","761e4cc56cdf0d5cc2df776073ca882d359b83724964568dd44e640a0b004644","Units:9856"
"GEM:G100000115127","G100000115127","ID","Hard Coal","","30","30","ID_Maluku17 0","83.26673823415835","17","17","existing_survivor::ID_Maluku17 0::Hard Coal::2e76f8373991","ACTUALLY_INTEGRATED","","Global-Coal-Plant-Tracker-July-2025.xlsx","761e4cc56cdf0d5cc2df776073ca882d359b83724964568dd44e640a0b004644","Units:9857"
"GEM:G100001031294","G100001031294","ID","Hard Coal","","150","150","ID_Maluku17 0","83.26673823415835","17","17","existing_survivor::ID_Maluku17 0::Hard Coal::2e76f8373991","ACTUALLY_INTEGRATED","","Global-Coal-Plant-Tracker-July-2025.xlsx","761e4cc56cdf0d5cc2df776073ca882d359b83724964568dd44e640a0b004644","Units:9863"
"GEM:G100000114115","G100000114115","BN","Hard Coal","","55","55","BN4 0","0","4","4","existing_survivor::BN4 0::Hard Coal::64c9025341e3","ACTUALLY_INTEGRATED","","Global-Coal-Plant-Tracker-July-2025.xlsx","761e4cc56cdf0d5cc2df776073ca882d359b83724964568dd44e640a0b004644","Units:353"
"GEM:G100000114116","G100000114116","BN","Hard Coal","","55","55","BN4 0","0","4","4","existing_survivor::BN4 0::Hard Coal::64c9025341e3","ACTUALLY_INTEGRATED","","Global-Coal-Plant-Tracker-July-2025.xlsx","761e4cc56cdf0d5cc2df776073ca882d359b83724964568dd44e640a0b004644","Units:354"
"GEM:G100000114117","G100000114117","BN","Hard Coal","","55","55","BN4 0","0","4","4","existing_survivor::BN4 0::Hard Coal::64c9025341e3","ACTUALLY_INTEGRATED","","Global-Coal-Plant-Tracker-July-2025.xlsx","761e4cc56cdf0d5cc2df776073ca882d359b83724964568dd44e640a0b004644","Units:355"
"GEM:G100000114118","G100000114118","BN","Hard Coal","","55","55","BN4 0","0","4","4","existing_survivor::BN4 0::Hard Coal::64c9025341e3","ACTUALLY_INTEGRATED","","Global-Coal-Plant-Tracker-July-2025.xlsx","761e4cc56cdf0d5cc2df776073ca882d359b83724964568dd44e640a0b004644","Units:356"
"GEM:G100000108234","G100000108234","ID","Hard Coal","","125","125","ID_Sulawesi0 4","92.06008149321157","0","0","existing_survivor::ID_Sulawesi0 4::Hard Coal::f0a80e7aa9db","ACTUALLY_INTEGRATED","","Global-Coal-Plant-Tracker-July-2025.xlsx","761e4cc56cdf0d5cc2df776073ca882d359b83724964568dd44e640a0b004644","Units:9873"
"GEM:G100000108235","G100000108235","ID","Hard Coal","","125","125","ID_Sulawesi0 4","92.06008149321157","0","0","existing_survivor::ID_Sulawesi0 4::Hard Coal::f0a80e7aa9db","ACTUALLY_INTEGRATED","","Global-Coal-Plant-Tracker-July-2025.xlsx","761e4cc56cdf0d5cc2df776073ca882d359b83724964568dd44e640a0b004644","Units:9874"
"GEM:G100000108236","G100000108236","ID","Hard Coal","","135","135","ID_Sulawesi0 4","92.06008149321157","0","0","existing_survivor::ID_Sulawesi0 4::Hard Coal::f0a80e7aa9db","ACTUALLY_INTEGRATED","","Global-Coal-Plant-Tracker-July-2025.xlsx","761e4cc56cdf0d5cc2df776073ca882d359b83724964568dd44e640a0b004644","Units:9875"
"GEM:G100000108237","G100000108237","ID","Hard Coal","","135","135","ID_Sulawesi0 4","92.06008149321157","0","0","existing_survivor::ID_Sulawesi0 4::Hard Coal::f0a80e7aa9db","ACTUALLY_INTEGRATED","","Global-Coal-Plant-Tracker-July-2025.xlsx","761e4cc56cdf0d5cc2df776073ca882d359b83724964568dd44e640a0b004644","Units:9876"
"GEM:G100000114329","G100000114329","ID","Hard Coal","","65","65","ID_Sulawesi0 3","103.73483800105096","0","0","existing_survivor::ID_Sulawesi0 3::Hard Coal::ffed8ae92270","ACTUALLY_INTEGRATED","","Global-Coal-Plant-Tracker-July-2025.xlsx","761e4cc56cdf0d5cc2df776073ca882d359b83724964568dd44e640a0b004644","Units:9879"
"GEM:G100000114330","G100000114330","ID","Hard Coal","","65","65","ID_Sulawesi0 3","103.73483800105096","0","0","existing_survivor::ID_Sulawesi0 3::Hard Coal::ffed8ae92270","ACTUALLY_INTEGRATED","","Global-Coal-Plant-Tracker-July-2025.xlsx","761e4cc56cdf0d5cc2df776073ca882d359b83724964568dd44e640a0b004644","Units:9880"
"GEM:G100001051664","G100001051664","VN","Hydro","Reservoir","64","0","VN2 2","181.9708349940372","2","2","","SURVIVES_PENDING_OTHER_QUALIFICATIONS","Plant-owned inflow covers168h only; full-year reference inflow ownership has not been reconciled to surviving source units. Shared river/node flow cannot be duplicated.","Global-Hydropower-Tracker-April-2025.xlsx","d2fe29a7d198fd6752cb4cec3d88caf9f1d1105a7052fd0805f5cf5fc43777c4","Data:5424"
"GEM:G100001051495","G100001051495","ID","Hydro","Run-Of-River","47","0","ID_Java-Bali1 0","23.692672317188713","1","1","","SURVIVES_PENDING_OTHER_QUALIFICATIONS","Plant-owned168h inflow cannot provide the required annual availability; annual reference availability lacks a qualified source-unit ownership join.","Global-Hydropower-Tracker-April-2025.xlsx","d2fe29a7d198fd6752cb4cec3d88caf9f1d1105a7052fd0805f5cf5fc43777c4","Data:2876"
"GEM:G100000404440","G100000404440","TH","CCGT","","140","140","TH2 2","117.05141161078734","2","2","existing_survivor::TH2 2::CCGT::1580dccb80c4","ACTUALLY_INTEGRATED","","Global-Oil-and-Gas-Plant-Tracker-GOGPT-August-2025.xlsx","0a903cae9037bcc8f6223bd0642efaf8f28169fd0fef0d84e4ca0ecfb17da659","Gas & Oil Units:9027"
"GEM:G100000404441","G100000404441","TH","CCGT","","140","140","TH2 2","117.05141161078734","2","2","existing_survivor::TH2 2::CCGT::1580dccb80c4","ACTUALLY_INTEGRATED","","Global-Oil-and-Gas-Plant-Tracker-GOGPT-August-2025.xlsx","0a903cae9037bcc8f6223bd0642efaf8f28169fd0fef0d84e4ca0ecfb17da659","Gas & Oil Units:9028"
"GEM:G100000404478","G100000404478","TH","CCGT","","234","234","TH2 2","105.8944777905418","2","2","existing_survivor::TH2 2::CCGT::1580dccb80c4","ACTUALLY_INTEGRATED","","Global-Oil-and-Gas-Plant-Tracker-GOGPT-August-2025.xlsx","0a903cae9037bcc8f6223bd0642efaf8f28169fd0fef0d84e4ca0ecfb17da659","Gas & Oil Units:9036"
"GEM:G100000400921","G100000400921","ID","CCGT","","296.2","296.2","ID_Sumatra3 3","94.64628684625767","3","3","existing_survivor::ID_Sumatra3 3::CCGT::2308e720e9c5","ACTUALLY_INTEGRATED","","Global-Oil-and-Gas-Plant-Tracker-GOGPT-August-2025.xlsx","0a903cae9037bcc8f6223bd0642efaf8f28169fd0fef0d84e4ca0ecfb17da659","Gas & Oil Units:3845"
"GEM:G100001051492","G100001051492","ID","Hydro","Run-Of-River","57","0","ID_Sumatra3 1","143.72027380782117","3","3","","SURVIVES_PENDING_OTHER_QUALIFICATIONS","Plant-owned168h inflow cannot provide the required annual availability; annual reference availability lacks a qualified source-unit ownership join.","Global-Hydropower-Tracker-April-2025.xlsx","d2fe29a7d198fd6752cb4cec3d88caf9f1d1105a7052fd0805f5cf5fc43777c4","Data:2878"
"GEM:G100001018206","G100001018206","SG","CCGT","","404","404","SG2 0","0","2","2","existing_survivor::SG2 0::CCGT::9d8c670f3986","ACTUALLY_INTEGRATED","","Global-Oil-and-Gas-Plant-Tracker-GOGPT-August-2025.xlsx","0a903cae9037bcc8f6223bd0642efaf8f28169fd0fef0d84e4ca0ecfb17da659","Gas & Oil Units:8284"
"GEM:G100000405935","G100000405935","ID","CCGT","","117","117","ID_Kalimantan4 6","36.92795913700041","4","4","existing_survivor::ID_Kalimantan4 6::CCGT::70cad6a9003a","ACTUALLY_INTEGRATED","","Global-Oil-and-Gas-Plant-Tracker-GOGPT-August-2025.xlsx","0a903cae9037bcc8f6223bd0642efaf8f28169fd0fef0d84e4ca0ecfb17da659","Gas & Oil Units:3851"
"GEM:G100000404576","G100000404576","SG","CCGT","","431","431","SG2 0","0","2","2","existing_survivor::SG2 0::CCGT::9d8c670f3986","ACTUALLY_INTEGRATED","","Global-Oil-and-Gas-Plant-Tracker-GOGPT-August-2025.xlsx","0a903cae9037bcc8f6223bd0642efaf8f28169fd0fef0d84e4ca0ecfb17da659","Gas & Oil Units:8291"
"GEM:G100000404577","G100000404577","SG","CCGT","","431","431","SG2 0","0","2","2","existing_survivor::SG2 0::CCGT::9d8c670f3986","ACTUALLY_INTEGRATED","","Global-Oil-and-Gas-Plant-Tracker-GOGPT-August-2025.xlsx","0a903cae9037bcc8f6223bd0642efaf8f28169fd0fef0d84e4ca0ecfb17da659","Gas & Oil Units:8292"
"GEM:G100000109397","G100000109397","ID","Lignite","","150","150","ID_Sumatra3 1","150.61781834421487","3","3","existing_survivor::ID_Sumatra3 1::Lignite::cccb3d59b395","ACTUALLY_INTEGRATED","","Global-Coal-Plant-Tracker-July-2025.xlsx","761e4cc56cdf0d5cc2df776073ca882d359b83724964568dd44e640a0b004644","Units:9891"
"GEM:G100000109398","G100000109398","ID","Lignite","","150","150","ID_Sumatra3 1","150.61781834421487","3","3","existing_survivor::ID_Sumatra3 1::Lignite::cccb3d59b395","ACTUALLY_INTEGRATED","","Global-Coal-Plant-Tracker-July-2025.xlsx","761e4cc56cdf0d5cc2df776073ca882d359b83724964568dd44e640a0b004644","Units:9892"
"GEM:G100000410590","G100000410590","TH","CCGT","","120","120","TH2 2","51.72036441773806","2","2","existing_survivor::TH2 2::CCGT::1580dccb80c4","ACTUALLY_INTEGRATED","","Global-Oil-and-Gas-Plant-Tracker-GOGPT-August-2025.xlsx","0a903cae9037bcc8f6223bd0642efaf8f28169fd0fef0d84e4ca0ecfb17da659","Gas & Oil Units:9045"
"GEM:G100000602170","G100000602170","ID","Hydro","Reservoir","286","0","ID_Sumatra3 2","50.15730028173791","3","3","","SURVIVES_PENDING_OTHER_QUALIFICATIONS","Plant-owned inflow covers168h only; full-year reference inflow ownership has not been reconciled to surviving source units. Shared river/node flow cannot be duplicated.","Global-Hydropower-Tracker-April-2025.xlsx","d2fe29a7d198fd6752cb4cec3d88caf9f1d1105a7052fd0805f5cf5fc43777c4","Data:2880"
"GEM:G100000114895","G100000114895","KH","Hard Coal","","50","50","KH2 0","75.03608222493209","2","2","existing_survivor::KH2 0::Hard Coal::df37d107dc97","ACTUALLY_INTEGRATED","","Global-Coal-Plant-Tracker-July-2025.xlsx","761e4cc56cdf0d5cc2df776073ca882d359b83724964568dd44e640a0b004644","Units:435"
"GEM:G100000115158","G100000115158","KH","Hard Coal","","50","50","KH2 0","75.03608222493209","2","2","existing_survivor::KH2 0::Hard Coal::df37d107dc97","ACTUALLY_INTEGRATED","","Global-Coal-Plant-Tracker-July-2025.xlsx","761e4cc56cdf0d5cc2df776073ca882d359b83724964568dd44e640a0b004644","Units:436"
"GEM:G100000114325","G100000114325","ID","Hard Coal","","100","100","ID_Sumatra3 4","59.783609199197535","3","3","existing_survivor::ID_Sumatra3 4::Hard Coal::ba8d0d5bc33c","ACTUALLY_INTEGRATED","","Global-Coal-Plant-Tracker-July-2025.xlsx","761e4cc56cdf0d5cc2df776073ca882d359b83724964568dd44e640a0b004644","Units:9896"
"GEM:G100000404578","G100000404578","SG","CCGT","","360","360","SG2 0","0","2","2","existing_survivor::SG2 0::CCGT::9d8c670f3986","ACTUALLY_INTEGRATED","","Global-Oil-and-Gas-Plant-Tracker-GOGPT-August-2025.xlsx","0a903cae9037bcc8f6223bd0642efaf8f28169fd0fef0d84e4ca0ecfb17da659","Gas & Oil Units:8295"
"GEM:G100000405960","G100000405960","SG","CCGT","","84","84","SG2 0","0","2","2","existing_survivor::SG2 0::CCGT::9d8c670f3986","ACTUALLY_INTEGRATED","","Global-Oil-and-Gas-Plant-Tracker-GOGPT-August-2025.xlsx","0a903cae9037bcc8f6223bd0642efaf8f28169fd0fef0d84e4ca0ecfb17da659","Gas & Oil Units:8296"
"GEM:G100000604076","G100000604076","VN","Hydro","Run-Of-River","100","0","VN2 2","20.483948637673294","2","2","","SURVIVES_PENDING_OTHER_QUALIFICATIONS","Plant-owned168h inflow cannot provide the required annual availability; annual reference availability lacks a qualified source-unit ownership join.","Global-Hydropower-Tracker-April-2025.xlsx","d2fe29a7d198fd6752cb4cec3d88caf9f1d1105a7052fd0805f5cf5fc43777c4","Data:5431"
"GEM:G100000109514","G100000109514","VN","Hard Coal","","600","600","VN2 0","38.22001084254914","2","2","existing_survivor::VN2 0::Hard Coal::c0838dfab541","ACTUALLY_INTEGRATED","","Global-Coal-Plant-Tracker-July-2025.xlsx","761e4cc56cdf0d5cc2df776073ca882d359b83724964568dd44e640a0b004644","Units:14232"
"GEM:G100000109515","G100000109515","VN","Hard Coal","","600","600","VN2 0","38.22001084254914","2","2","existing_survivor::VN2 0::Hard Coal::c0838dfab541","ACTUALLY_INTEGRATED","","Global-Coal-Plant-Tracker-July-2025.xlsx","761e4cc56cdf0d5cc2df776073ca882d359b83724964568dd44e640a0b004644","Units:14233"
"GEM:G100001051655","G100001051655","VN","Hydro","Run-Of-River","60","0","VN2 1","65.11370235619404","2","2","","SURVIVES_PENDING_OTHER_QUALIFICATIONS","Plant-owned168h inflow cannot provide the required annual availability; annual reference availability lacks a qualified source-unit ownership join.","Global-Hydropower-Tracker-April-2025.xlsx","d2fe29a7d198fd6752cb4cec3d88caf9f1d1105a7052fd0805f5cf5fc43777c4","Data:5437"
"GEM:G100000404511","G100000404511","TH","CCGT","","119.5","119.5","TH2 3","20.514299181178572","2","2","existing_survivor::TH2 3::CCGT::91501ec324b4","ACTUALLY_INTEGRATED","","Global-Oil-and-Gas-Plant-Tracker-GOGPT-August-2025.xlsx","0a903cae9037bcc8f6223bd0642efaf8f28169fd0fef0d84e4ca0ecfb17da659","Gas & Oil Units:9056"
"GEM:G100000404512","G100000404512","TH","CCGT","","119.5","119.5","TH2 3","20.514299181178572","2","2","existing_survivor::TH2 3::CCGT::91501ec324b4","ACTUALLY_INTEGRATED","","Global-Oil-and-Gas-Plant-Tracker-GOGPT-August-2025.xlsx","0a903cae9037bcc8f6223bd0642efaf8f28169fd0fef0d84e4ca0ecfb17da659","Gas & Oil Units:9057"
"GEM:G100000600381","G100000600381","KH","Hydro","Reservoir","120","0","KH2 2","28.768759326841373","2","2","","SURVIVES_PENDING_OTHER_QUALIFICATIONS","Plant-owned inflow covers168h only; full-year reference inflow ownership has not been reconciled to surviving source units. Shared river/node flow cannot be duplicated.","Global-Hydropower-Tracker-April-2025.xlsx","d2fe29a7d198fd6752cb4cec3d88caf9f1d1105a7052fd0805f5cf5fc43777c4","Data:497"
"GEM:G100000600384","G100000600384","KH","Hydro","Reservoir","246","0","KH2 2","19.889752035223303","2","2","","SURVIVES_PENDING_OTHER_QUALIFICATIONS","Plant-owned inflow covers168h only; full-year reference inflow ownership has not been reconciled to surviving source units. Shared river/node flow cannot be duplicated.","Global-Hydropower-Tracker-April-2025.xlsx","d2fe29a7d198fd6752cb4cec3d88caf9f1d1105a7052fd0805f5cf5fc43777c4","Data:501"
"GEM:G100000411270","G100000411270","PH","Oil","","120","120","PH_Luzon5 0","137.4681395690789","5","5","existing_survivor::PH_Luzon5 0::Oil::b5c001442eb7","ACTUALLY_INTEGRATED","","Global-Oil-and-Gas-Plant-Tracker-GOGPT-August-2025.xlsx","0a903cae9037bcc8f6223bd0642efaf8f28169fd0fef0d84e4ca0ecfb17da659","Gas & Oil Units:6633"
"GEM:G100000115123","G100000115123","ID","Hard Coal","","380","380","ID_Sulawesi0 3","69.1342137755289","0","0","existing_survivor::ID_Sulawesi0 3::Hard Coal::ffed8ae92270","ACTUALLY_INTEGRATED","","Global-Coal-Plant-Tracker-July-2025.xlsx","761e4cc56cdf0d5cc2df776073ca882d359b83724964568dd44e640a0b004644","Units:9908"
"GEM:G100000115124","G100000115124","ID","Hard Coal","","380","380","ID_Sulawesi0 3","69.1342137755289","0","0","existing_survivor::ID_Sulawesi0 3::Hard Coal::ffed8ae92270","ACTUALLY_INTEGRATED","","Global-Coal-Plant-Tracker-July-2025.xlsx","761e4cc56cdf0d5cc2df776073ca882d359b83724964568dd44e640a0b004644","Units:9909"
"GEM:G100000115125","G100000115125","ID","Hard Coal","","380","380","ID_Sulawesi0 3","69.1342137755289","0","0","existing_survivor::ID_Sulawesi0 3::Hard Coal::ffed8ae92270","ACTUALLY_INTEGRATED","","Global-Coal-Plant-Tracker-July-2025.xlsx","761e4cc56cdf0d5cc2df776073ca882d359b83724964568dd44e640a0b004644","Units:9910"
"GEM:G100000115259","G100000115259","ID","Hard Coal","","350","350","ID_Sulawesi0 3","69.1342137755289","0","0","existing_survivor::ID_Sulawesi0 3::Hard Coal::ffed8ae92270","ACTUALLY_INTEGRATED","","Global-Coal-Plant-Tracker-July-2025.xlsx","761e4cc56cdf0d5cc2df776073ca882d359b83724964568dd44e640a0b004644","Units:9905"
"GEM:G100000115260","G100000115260","ID","Hard Coal","","350","350","ID_Sulawesi0 3","69.1342137755289","0","0","existing_survivor::ID_Sulawesi0 3::Hard Coal::ffed8ae92270","ACTUALLY_INTEGRATED","","Global-Coal-Plant-Tracker-July-2025.xlsx","761e4cc56cdf0d5cc2df776073ca882d359b83724964568dd44e640a0b004644","Units:9906"
"GEM:G100000115261","G100000115261","ID","Hard Coal","","380","380","ID_Sulawesi0 3","69.1342137755289","0","0","existing_survivor::ID_Sulawesi0 3::Hard Coal::ffed8ae92270","ACTUALLY_INTEGRATED","","Global-Coal-Plant-Tracker-July-2025.xlsx","761e4cc56cdf0d5cc2df776073ca882d359b83724964568dd44e640a0b004644","Units:9907"
"GEM:G100000115360","G100000115360","ID","Hard Coal","","380","380","ID_Sulawesi0 3","69.1342137755289","0","0","existing_survivor::ID_Sulawesi0 3::Hard Coal::ffed8ae92270","ACTUALLY_INTEGRATED","","Global-Coal-Plant-Tracker-July-2025.xlsx","761e4cc56cdf0d5cc2df776073ca882d359b83724964568dd44e640a0b004644","Units:9911"
"GEM:G100000109670","G100000109670","ID","Hard Coal","","50","50","ID_Sulawesi0 0","125.37774992216596","0","0","existing_survivor::ID_Sulawesi0 0::Hard Coal::f2eccd8ad97f","ACTUALLY_INTEGRATED","","Global-Coal-Plant-Tracker-July-2025.xlsx","761e4cc56cdf0d5cc2df776073ca882d359b83724964568dd44e640a0b004644","Units:9928"
"GEM:G100000109671","G100000109671","ID","Hard Coal","","50","50","ID_Sulawesi0 0","125.37774992216596","0","0","existing_survivor::ID_Sulawesi0 0::Hard Coal::f2eccd8ad97f","ACTUALLY_INTEGRATED","","Global-Coal-Plant-Tracker-July-2025.xlsx","761e4cc56cdf0d5cc2df776073ca882d359b83724964568dd44e640a0b004644","Units:9929"
"GEM:G100000602480","G100000602480","MY","Hydro","Reservoir","150","0","MY_Peninsular2 0","86.80022926112545","2","2","","SURVIVES_PENDING_OTHER_QUALIFICATIONS","Plant-owned inflow covers168h only; full-year reference inflow ownership has not been reconciled to surviving source units. Shared river/node flow cannot be duplicated.","Global-Hydropower-Tracker-April-2025.xlsx","d2fe29a7d198fd6752cb4cec3d88caf9f1d1105a7052fd0805f5cf5fc43777c4","Data:3351"
"GEM:G100000602481","G100000602481","MY","Hydro","Reservoir","150","0","MY_Peninsular2 0","86.80022926112545","2","2","","SURVIVES_PENDING_OTHER_QUALIFICATIONS","Plant-owned inflow covers168h only; full-year reference inflow ownership has not been reconciled to surviving source units. Shared river/node flow cannot be duplicated.","Global-Hydropower-Tracker-April-2025.xlsx","d2fe29a7d198fd6752cb4cec3d88caf9f1d1105a7052fd0805f5cf5fc43777c4","Data:3352"
"GEM:G100000602483","G100000602483","MY","Hydro","Reservoir","100","0","MY_Peninsular2 0","86.80022926112545","2","2","","SURVIVES_PENDING_OTHER_QUALIFICATIONS","Plant-owned inflow covers168h only; full-year reference inflow ownership has not been reconciled to surviving source units. Shared river/node flow cannot be duplicated.","Global-Hydropower-Tracker-April-2025.xlsx","d2fe29a7d198fd6752cb4cec3d88caf9f1d1105a7052fd0805f5cf5fc43777c4","Data:3354"
"GEM:G100000109687","G100000109687","ID","Hard Coal","","50","50","ID_Sulawesi0 2","90.06968738055028","0","0","existing_survivor::ID_Sulawesi0 2::Hard Coal::41c3c0aceda1","ACTUALLY_INTEGRATED","","Global-Coal-Plant-Tracker-July-2025.xlsx","761e4cc56cdf0d5cc2df776073ca882d359b83724964568dd44e640a0b004644","Units:9938"
"GEM:G100000109688","G100000109688","ID","Hard Coal","","50","50","ID_Sulawesi0 2","90.06968738055028","0","0","existing_survivor::ID_Sulawesi0 2::Hard Coal::41c3c0aceda1","ACTUALLY_INTEGRATED","","Global-Coal-Plant-Tracker-July-2025.xlsx","761e4cc56cdf0d5cc2df776073ca882d359b83724964568dd44e640a0b004644","Units:9939"
"GEM:G100000109700","G100000109700","ID","Hard Coal","","150","150","ID_Sumatra3 4","115.01176369483531","3","3","existing_survivor::ID_Sumatra3 4::Hard Coal::ba8d0d5bc33c","ACTUALLY_INTEGRATED","","Global-Coal-Plant-Tracker-July-2025.xlsx","761e4cc56cdf0d5cc2df776073ca882d359b83724964568dd44e640a0b004644","Units:9952"
"GEM:G100000109701","G100000109701","ID","Hard Coal","","150","150","ID_Sumatra3 4","115.01176369483531","3","3","existing_survivor::ID_Sumatra3 4::Hard Coal::ba8d0d5bc33c","ACTUALLY_INTEGRATED","","Global-Coal-Plant-Tracker-July-2025.xlsx","761e4cc56cdf0d5cc2df776073ca882d359b83724964568dd44e640a0b004644","Units:9953"
"GEM:G100000109790","G100000109790","ID","Lignite","","100","100","ID_Kalimantan4 11","29.38584732627519","4","4","existing_survivor::ID_Kalimantan4 11::Lignite::527a0049aa4b","ACTUALLY_INTEGRATED","","Global-Coal-Plant-Tracker-July-2025.xlsx","761e4cc56cdf0d5cc2df776073ca882d359b83724964568dd44e640a0b004644","Units:9961"
"GEM:G100000109791","G100000109791","ID","Lignite","","100","100","ID_Kalimantan4 11","29.38584732627519","4","4","existing_survivor::ID_Kalimantan4 11::Lignite::527a0049aa4b","ACTUALLY_INTEGRATED","","Global-Coal-Plant-Tracker-July-2025.xlsx","761e4cc56cdf0d5cc2df776073ca882d359b83724964568dd44e640a0b004644","Units:9962"
"GEM:G100000109792","G100000109792","ID","Hard Coal","","30","30","ID_Kalimantan4 11","29.38584732627519","4","4","existing_survivor::ID_Kalimantan4 11::Hard Coal::9b3da91d46d6","ACTUALLY_INTEGRATED","","Global-Coal-Plant-Tracker-July-2025.xlsx","761e4cc56cdf0d5cc2df776073ca882d359b83724964568dd44e640a0b004644","Units:9963"
"GEM:G100000109793","G100000109793","ID","Hard Coal","","30","30","ID_Kalimantan4 11","29.38584732627519","4","4","existing_survivor::ID_Kalimantan4 11::Hard Coal::9b3da91d46d6","ACTUALLY_INTEGRATED","","Global-Coal-Plant-Tracker-July-2025.xlsx","761e4cc56cdf0d5cc2df776073ca882d359b83724964568dd44e640a0b004644","Units:9964"
"GEM:G100000109863","G100000109863","ID","Hard Coal","","100","100","ID_Sulawesi0 4","92.06008149321157","0","0","existing_survivor::ID_Sulawesi0 4::Hard Coal::f0a80e7aa9db","ACTUALLY_INTEGRATED","","Global-Coal-Plant-Tracker-July-2025.xlsx","761e4cc56cdf0d5cc2df776073ca882d359b83724964568dd44e640a0b004644","Units:9965"
"GEM:G100000109864","G100000109864","ID","Hard Coal","","100","100","ID_Sulawesi0 4","92.06008149321157","0","0","existing_survivor::ID_Sulawesi0 4::Hard Coal::f0a80e7aa9db","ACTUALLY_INTEGRATED","","Global-Coal-Plant-Tracker-July-2025.xlsx","761e4cc56cdf0d5cc2df776073ca882d359b83724964568dd44e640a0b004644","Units:9966"
"GEM:G100000401015","G100000401015","MY","CCGT","","421","421","MY_Sarawak4 0","61.168838171007636","4","4","existing_survivor::MY_Sarawak4 0::CCGT::32055c01b89a","ACTUALLY_INTEGRATED","","Global-Oil-and-Gas-Plant-Tracker-GOGPT-August-2025.xlsx","0a903cae9037bcc8f6223bd0642efaf8f28169fd0fef0d84e4ca0ecfb17da659","Gas & Oil Units:5767"
"GEM:G100000401016","G100000401016","MY","CCGT","","421","421","MY_Sarawak4 0","61.168838171007636","4","4","existing_survivor::MY_Sarawak4 0::CCGT::32055c01b89a","ACTUALLY_INTEGRATED","","Global-Oil-and-Gas-Plant-Tracker-GOGPT-August-2025.xlsx","0a903cae9037bcc8f6223bd0642efaf8f28169fd0fef0d84e4ca0ecfb17da659","Gas & Oil Units:5768"
"GEM:G100000404285","G100000404285","ID","CCGT","","750","750","ID_Java-Bali1 0","54.77911576788075","1","1","existing_survivor::ID_Java-Bali1 0::CCGT::31c3f1a5a430","ACTUALLY_INTEGRATED","","Global-Oil-and-Gas-Plant-Tracker-GOGPT-August-2025.xlsx","0a903cae9037bcc8f6223bd0642efaf8f28169fd0fef0d84e4ca0ecfb17da659","Gas & Oil Units:3872"
"GEM:G100000404286","G100000404286","ID","CCGT","","891.9","891.9","ID_Java-Bali1 0","54.77911576788075","1","1","existing_survivor::ID_Java-Bali1 0::CCGT::31c3f1a5a430","ACTUALLY_INTEGRATED","","Global-Oil-and-Gas-Plant-Tracker-GOGPT-August-2025.xlsx","0a903cae9037bcc8f6223bd0642efaf8f28169fd0fef0d84e4ca0ecfb17da659","Gas & Oil Units:3873"
"GEM:G100000409927","G100000409927","ID","CCGT","","120","120","ID_Sumatra2 0","0","2","2","existing_survivor::ID_Sumatra2 0::CCGT::07b2f37f96bf","ACTUALLY_INTEGRATED","","Global-Oil-and-Gas-Plant-Tracker-GOGPT-August-2025.xlsx","0a903cae9037bcc8f6223bd0642efaf8f28169fd0fef0d84e4ca0ecfb17da659","Gas & Oil Units:3874"
"GEM:G100000404508","G100000404508","TH","CCGT","","800","800","TH2 2","44.24439215833734","2","2","existing_survivor::TH2 2::CCGT::1580dccb80c4","ACTUALLY_INTEGRATED","","Global-Oil-and-Gas-Plant-Tracker-GOGPT-August-2025.xlsx","0a903cae9037bcc8f6223bd0642efaf8f28169fd0fef0d84e4ca0ecfb17da659","Gas & Oil Units:9065"
"GEM:G100000404509","G100000404509","TH","CCGT","","800","800","TH2 2","44.24439215833734","2","2","existing_survivor::TH2 2::CCGT::1580dccb80c4","ACTUALLY_INTEGRATED","","Global-Oil-and-Gas-Plant-Tracker-GOGPT-August-2025.xlsx","0a903cae9037bcc8f6223bd0642efaf8f28169fd0fef0d84e4ca0ecfb17da659","Gas & Oil Units:9066"
"GEM:G100000604083","G100000604083","VN","Hydro","Reservoir","82","0","VN2 6","77.05476405401303","2","2","","SURVIVES_PENDING_OTHER_QUALIFICATIONS","Plant-owned inflow covers168h only; full-year reference inflow ownership has not been reconciled to surviving source units. Shared river/node flow cannot be duplicated.","Global-Hydropower-Tracker-April-2025.xlsx","d2fe29a7d198fd6752cb4cec3d88caf9f1d1105a7052fd0805f5cf5fc43777c4","Data:5448"
"GEM:G100000404385","G100000404385","MM","CCGT","","106","106","MM2 1","29.892631618772988","2","2","existing_survivor::MM2 1::CCGT::83029d71ad3d","ACTUALLY_INTEGRATED","","Global-Oil-and-Gas-Plant-Tracker-GOGPT-August-2025.xlsx","0a903cae9037bcc8f6223bd0642efaf8f28169fd0fef0d84e4ca0ecfb17da659","Gas & Oil Units:6069"
"GEM:G100000110054","G100000110054","VN","Hard Coal","","300","300","VN2 6","126.27109183926316","2","2","existing_survivor::VN2 6::Hard Coal::48a795a500b1","ACTUALLY_INTEGRATED","","Global-Coal-Plant-Tracker-July-2025.xlsx","761e4cc56cdf0d5cc2df776073ca882d359b83724964568dd44e640a0b004644","Units:14254"
"GEM:G100000110055","G100000110055","VN","Hard Coal","","300","300","VN2 6","126.27109183926316","2","2","existing_survivor::VN2 6::Hard Coal::48a795a500b1","ACTUALLY_INTEGRATED","","Global-Coal-Plant-Tracker-July-2025.xlsx","761e4cc56cdf0d5cc2df776073ca882d359b83724964568dd44e640a0b004644","Units:14255"
"GEM:G100000602595","G100000602595","MM","Hydro","Reservoir","120","0","MM2 10","40.69230158846126","2","2","","SURVIVES_PENDING_OTHER_QUALIFICATIONS","Plant-owned inflow covers168h only; full-year reference inflow ownership has not been reconciled to surviving source units. Shared river/node flow cannot be duplicated.","Global-Hydropower-Tracker-April-2025.xlsx","d2fe29a7d198fd6752cb4cec3d88caf9f1d1105a7052fd0805f5cf5fc43777c4","Data:3495"
"GEM:G100000411266","G100000411266","PH","Oil","","242","242","PH_Luzon5 0","131.7625583801349","5","5","existing_survivor::PH_Luzon5 0::Oil::b5c001442eb7","ACTUALLY_INTEGRATED","","Global-Oil-and-Gas-Plant-Tracker-GOGPT-August-2025.xlsx","0a903cae9037bcc8f6223bd0642efaf8f28169fd0fef0d84e4ca0ecfb17da659","Gas & Oil Units:6638"
"GEM:G100000110080","G100000110080","PH","Hard Coal","","170","170","PH_Visayas7 0","39.549800919025934","7","7","existing_survivor::PH_Visayas7 0::Hard Coal::610bb8bbbc6a","ACTUALLY_INTEGRATED","","Global-Coal-Plant-Tracker-July-2025.xlsx","761e4cc56cdf0d5cc2df776073ca882d359b83724964568dd44e640a0b004644","Units:11056"
"GEM:G100000110081","G100000110081","PH","Hard Coal","","170","170","PH_Visayas7 0","39.549800919025934","7","7","existing_survivor::PH_Visayas7 0::Hard Coal::610bb8bbbc6a","ACTUALLY_INTEGRATED","","Global-Coal-Plant-Tracker-July-2025.xlsx","761e4cc56cdf0d5cc2df776073ca882d359b83724964568dd44e640a0b004644","Units:11057"
"GEM:G100000114983","G100000114983","ID","Hard Coal","","90","90","ID_Java-Bali1 2","77.9613668532079","1","1","existing_survivor::ID_Java-Bali1 2::Hard Coal::93ea98c4233d","ACTUALLY_INTEGRATED","","Global-Coal-Plant-Tracker-July-2025.xlsx","761e4cc56cdf0d5cc2df776073ca882d359b83724964568dd44e640a0b004644","Units:9996"
"GEM:G100000110221","G100000110221","PH","Lignite","","82","82","PH_Visayas7 0","39.549800919025934","7","7","existing_survivor::PH_Visayas7 0::Lignite::f7a4114e2a66","ACTUALLY_INTEGRATED","","Global-Coal-Plant-Tracker-July-2025.xlsx","761e4cc56cdf0d5cc2df776073ca882d359b83724964568dd44e640a0b004644","Units:11060"
"GEM:G100000110240","G100000110240","ID","Hard Coal","","35","35","ID_Sulawesi0 4","28.7793034785453","0","0","existing_survivor::ID_Sulawesi0 4::Hard Coal::f0a80e7aa9db","ACTUALLY_INTEGRATED","","Global-Coal-Plant-Tracker-July-2025.xlsx","761e4cc56cdf0d5cc2df776073ca882d359b83724964568dd44e640a0b004644","Units:9997"
"GEM:G100000110241","G100000110241","ID","Hard Coal","","35","35","ID_Sulawesi0 4","28.7793034785453","0","0","existing_survivor::ID_Sulawesi0 4::Hard Coal::f0a80e7aa9db","ACTUALLY_INTEGRATED","","Global-Coal-Plant-Tracker-July-2025.xlsx","761e4cc56cdf0d5cc2df776073ca882d359b83724964568dd44e640a0b004644","Units:9998"
"GEM:G100000113104","G100000113104","TH","Hard Coal","","150","150","TH2 2","64.10220723267162","2","2","existing_survivor::TH2 2::Hard Coal::e4d97c867205","ACTUALLY_INTEGRATED","","Global-Coal-Plant-Tracker-July-2025.xlsx","761e4cc56cdf0d5cc2df776073ca882d359b83724964568dd44e640a0b004644","Units:12361"
"GEM:G100000604086","G100000604086","VN","Hydro","Reservoir","260","0","VN2 6","78.50861916563525","2","2","","SURVIVES_PENDING_OTHER_QUALIFICATIONS","Plant-owned inflow covers168h only; full-year reference inflow ownership has not been reconciled to surviving source units. Shared river/node flow cannot be duplicated.","Global-Hydropower-Tracker-April-2025.xlsx","d2fe29a7d198fd6752cb4cec3d88caf9f1d1105a7052fd0805f5cf5fc43777c4","Data:5451"
"GEM:G100000404583","G100000404583","SG","CCGT","","406","406","SG2 0","0","2","2","existing_survivor::SG2 0::CCGT::9d8c670f3986","ACTUALLY_INTEGRATED","","Global-Oil-and-Gas-Plant-Tracker-GOGPT-August-2025.xlsx","0a903cae9037bcc8f6223bd0642efaf8f28169fd0fef0d84e4ca0ecfb17da659","Gas & Oil Units:8301"
"GEM:G100000404585","G100000404585","SG","CCGT","","411","411","SG2 0","0","2","2","existing_survivor::SG2 0::CCGT::9d8c670f3986","ACTUALLY_INTEGRATED","","Global-Oil-and-Gas-Plant-Tracker-GOGPT-August-2025.xlsx","0a903cae9037bcc8f6223bd0642efaf8f28169fd0fef0d84e4ca0ecfb17da659","Gas & Oil Units:8303"
"GEM:G100000602490","G100000602490","MY","Hydro","Reservoir","372","0","MY_Peninsular2 0","86.80022926112545","2","2","","SURVIVES_PENDING_OTHER_QUALIFICATIONS","Plant-owned inflow covers168h only; full-year reference inflow ownership has not been reconciled to surviving source units. Shared river/node flow cannot be duplicated.","Global-Hydropower-Tracker-April-2025.xlsx","d2fe29a7d198fd6752cb4cec3d88caf9f1d1105a7052fd0805f5cf5fc43777c4","Data:3362"
"GEM:G100000602598","G100000602598","MM","Hydro","Reservoir","140","0","MM2 6","18.825942636285557","2","2","","SURVIVES_PENDING_OTHER_QUALIFICATIONS","Plant-owned inflow covers168h only; full-year reference inflow ownership has not been reconciled to surviving source units. Shared river/node flow cannot be duplicated.","Global-Hydropower-Tracker-April-2025.xlsx","d2fe29a7d198fd6752cb4cec3d88caf9f1d1105a7052fd0805f5cf5fc43777c4","Data:3499"
"GEM:G100001051679","G100001051679","VN","Hydro","Run-Of-River","57","0","VN2 1","77.09452645225818","2","2","","SURVIVES_PENDING_OTHER_QUALIFICATIONS","Plant-owned168h inflow cannot provide the required annual availability; annual reference availability lacks a qualified source-unit ownership join.","Global-Hydropower-Tracker-April-2025.xlsx","d2fe29a7d198fd6752cb4cec3d88caf9f1d1105a7052fd0805f5cf5fc43777c4","Data:5453"
"GEM:G100000110552","G100000110552","VN","Hard Coal","","716","716","VN2 4","119.83370667354393","2","2","existing_survivor::VN2 4::Hard Coal::bddea984953a","ACTUALLY_INTEGRATED","","Global-Coal-Plant-Tracker-July-2025.xlsx","761e4cc56cdf0d5cc2df776073ca882d359b83724964568dd44e640a0b004644","Units:14260"
"GEM:G100000110053","G100000110053","VN","Hard Coal","","60","60","VN2 5","78.02086877477684","2","2","existing_survivor::VN2 5::Hard Coal::7de1e78c40ff","ACTUALLY_INTEGRATED","","Global-Coal-Plant-Tracker-July-2025.xlsx","761e4cc56cdf0d5cc2df776073ca882d359b83724964568dd44e640a0b004644","Units:14264"
"GEM:G100000411305","G100000411305","ID","CCGT","","56.4","56.4","ID_Sumatra3 4","59.783609199197535","3","3","existing_survivor::ID_Sumatra3 4::CCGT::f6b673cee890","ACTUALLY_INTEGRATED","","Global-Oil-and-Gas-Plant-Tracker-GOGPT-August-2025.xlsx","0a903cae9037bcc8f6223bd0642efaf8f28169fd0fef0d84e4ca0ecfb17da659","Gas & Oil Units:3875"
"GEM:G100000411304","G100000411304","ID","CCGT","","56.4","56.4","ID_Sumatra3 1","106.50677380594549","3","3","existing_survivor::ID_Sumatra3 1::CCGT::c40ab08cfaee","ACTUALLY_INTEGRATED","","Global-Oil-and-Gas-Plant-Tracker-GOGPT-August-2025.xlsx","0a903cae9037bcc8f6223bd0642efaf8f28169fd0fef0d84e4ca0ecfb17da659","Gas & Oil Units:3876"
"GEM:G100001051493","G100001051493","ID","Hydro","Run-Of-River","47","0","ID_Sumatra3 2","60.43141201633351","3","3","","SURVIVES_PENDING_OTHER_QUALIFICATIONS","Plant-owned168h inflow cannot provide the required annual availability; annual reference availability lacks a qualified source-unit ownership join.","Global-Hydropower-Tracker-April-2025.xlsx","d2fe29a7d198fd6752cb4cec3d88caf9f1d1105a7052fd0805f5cf5fc43777c4","Data:2893"
"GEM:G100000115128","G100000115128","ID","Hard Coal","","65","65","ID_Sulawesi0 3","69.1342137755289","0","0","existing_survivor::ID_Sulawesi0 3::Hard Coal::ffed8ae92270","ACTUALLY_INTEGRATED","","Global-Coal-Plant-Tracker-July-2025.xlsx","761e4cc56cdf0d5cc2df776073ca882d359b83724964568dd44e640a0b004644","Units:9999"
"GEM:G100000115129","G100000115129","ID","Hard Coal","","65","65","ID_Sulawesi0 3","69.1342137755289","0","0","existing_survivor::ID_Sulawesi0 3::Hard Coal::ffed8ae92270","ACTUALLY_INTEGRATED","","Global-Coal-Plant-Tracker-July-2025.xlsx","761e4cc56cdf0d5cc2df776073ca882d359b83724964568dd44e640a0b004644","Units:10000"
"GEM:G100000114314","G100000114314","ID","Hard Coal","","250","250","ID_Maluku8 0","52.544927745424715","8","8","existing_survivor::ID_Maluku8 0::Hard Coal::bd982c533d14","ACTUALLY_INTEGRATED","","Global-Coal-Plant-Tracker-July-2025.xlsx","761e4cc56cdf0d5cc2df776073ca882d359b83724964568dd44e640a0b004644","Units:10001"
"GEM:G100000114315","G100000114315","ID","Hard Coal","","250","250","ID_Maluku8 0","52.544927745424715","8","8","existing_survivor::ID_Maluku8 0::Hard Coal::bd982c533d14","ACTUALLY_INTEGRATED","","Global-Coal-Plant-Tracker-July-2025.xlsx","761e4cc56cdf0d5cc2df776073ca882d359b83724964568dd44e640a0b004644","Units:10007"
"GEM:G100000114316","G100000114316","ID","Hard Coal","","250","250","ID_Maluku8 0","52.544927745424715","8","8","existing_survivor::ID_Maluku8 0::Hard Coal::bd982c533d14","ACTUALLY_INTEGRATED","","Global-Coal-Plant-Tracker-July-2025.xlsx","761e4cc56cdf0d5cc2df776073ca882d359b83724964568dd44e640a0b004644","Units:10008"
"GEM:G100000114317","G100000114317","ID","Hard Coal","","250","250","ID_Maluku8 0","52.544927745424715","8","8","existing_survivor::ID_Maluku8 0::Hard Coal::bd982c533d14","ACTUALLY_INTEGRATED","","Global-Coal-Plant-Tracker-July-2025.xlsx","761e4cc56cdf0d5cc2df776073ca882d359b83724964568dd44e640a0b004644","Units:10009"
"GEM:G100000114896","G100000114896","ID","Hard Coal","","380","380","ID_Maluku8 0","52.544927745424715","8","8","existing_survivor::ID_Maluku8 0::Hard Coal::bd982c533d14","ACTUALLY_INTEGRATED","","Global-Coal-Plant-Tracker-July-2025.xlsx","761e4cc56cdf0d5cc2df776073ca882d359b83724964568dd44e640a0b004644","Units:10014"
"GEM:G100000115268","G100000115268","ID","Hard Coal","","250","250","ID_Maluku8 0","52.544927745424715","8","8","existing_survivor::ID_Maluku8 0::Hard Coal::bd982c533d14","ACTUALLY_INTEGRATED","","Global-Coal-Plant-Tracker-July-2025.xlsx","761e4cc56cdf0d5cc2df776073ca882d359b83724964568dd44e640a0b004644","Units:10010"
"GEM:G100000115269","G100000115269","ID","Hard Coal","","250","250","ID_Maluku8 0","52.544927745424715","8","8","existing_survivor::ID_Maluku8 0::Hard Coal::bd982c533d14","ACTUALLY_INTEGRATED","","Global-Coal-Plant-Tracker-July-2025.xlsx","761e4cc56cdf0d5cc2df776073ca882d359b83724964568dd44e640a0b004644","Units:10011"
"GEM:G100000115270","G100000115270","ID","Hard Coal","","380","380","ID_Maluku8 0","52.544927745424715","8","8","existing_survivor::ID_Maluku8 0::Hard Coal::bd982c533d14","ACTUALLY_INTEGRATED","","Global-Coal-Plant-Tracker-July-2025.xlsx","761e4cc56cdf0d5cc2df776073ca882d359b83724964568dd44e640a0b004644","Units:10012"
"GEM:G100000115271","G100000115271","ID","Hard Coal","","380","380","ID_Maluku8 0","52.544927745424715","8","8","existing_survivor::ID_Maluku8 0::Hard Coal::bd982c533d14","ACTUALLY_INTEGRATED","","Global-Coal-Plant-Tracker-July-2025.xlsx","761e4cc56cdf0d5cc2df776073ca882d359b83724964568dd44e640a0b004644","Units:10013"
"GEM:G100000115272","G100000115272","ID","Hard Coal","","380","380","ID_Maluku8 0","52.544927745424715","8","8","existing_survivor::ID_Maluku8 0::Hard Coal::bd982c533d14","ACTUALLY_INTEGRATED","","Global-Coal-Plant-Tracker-July-2025.xlsx","761e4cc56cdf0d5cc2df776073ca882d359b83724964568dd44e640a0b004644","Units:10002"
"GEM:G100000115273","G100000115273","ID","Hard Coal","","380","380","ID_Maluku8 0","52.544927745424715","8","8","existing_survivor::ID_Maluku8 0::Hard Coal::bd982c533d14","ACTUALLY_INTEGRATED","","Global-Coal-Plant-Tracker-July-2025.xlsx","761e4cc56cdf0d5cc2df776073ca882d359b83724964568dd44e640a0b004644","Units:10003"
"GEM:G100000602432","G100000602432","LA","Hydro","Run-Of-River","1285","0","LA2 1","66.22569173757987","2","2","","SURVIVES_PENDING_OTHER_QUALIFICATIONS","Plant-owned168h inflow cannot provide the required annual availability; annual reference availability lacks a qualified source-unit ownership join.","Global-Hydropower-Tracker-April-2025.xlsx","d2fe29a7d198fd6752cb4cec3d88caf9f1d1105a7052fd0805f5cf5fc43777c4","Data:3295"
"GEM:G100001051364","G100001051364","LA","Hydro","Reservoir","70","0","LA2 0","25.945754348704657","2","2","","SURVIVES_PENDING_OTHER_QUALIFICATIONS","Plant-owned inflow covers168h only; full-year reference inflow ownership has not been reconciled to surviving source units. Shared river/node flow cannot be duplicated.","Global-Hydropower-Tracker-April-2025.xlsx","d2fe29a7d198fd6752cb4cec3d88caf9f1d1105a7052fd0805f5cf5fc43777c4","Data:3296"
"GEM:G100000602433","G100000602433","LA","Hydro","Reservoir","410","0","LA2 4","46.03829076075916","2","2","","SURVIVES_PENDING_OTHER_QUALIFICATIONS","Plant-owned inflow covers168h only; full-year reference inflow ownership has not been reconciled to surviving source units. Shared river/node flow cannot be duplicated.","Global-Hydropower-Tracker-April-2025.xlsx","d2fe29a7d198fd6752cb4cec3d88caf9f1d1105a7052fd0805f5cf5fc43777c4","Data:3297"
"GEM:G100000602434","G100000602434","LA","Hydro","Reservoir","322","0","LA2 4","92.36419053882643","2","2","","SURVIVES_PENDING_OTHER_QUALIFICATIONS","Plant-owned inflow covers168h only; full-year reference inflow ownership has not been reconciled to surviving source units. Shared river/node flow cannot be duplicated.","Global-Hydropower-Tracker-April-2025.xlsx","d2fe29a7d198fd6752cb4cec3d88caf9f1d1105a7052fd0805f5cf5fc43777c4","Data:3298"
"GEM:G100000114318","G100000114318","ID","Hard Coal","","38","38","ID_Maluku17 0","83.26673823415835","17","17","existing_survivor::ID_Maluku17 0::Hard Coal::2e76f8373991","ACTUALLY_INTEGRATED","","Global-Coal-Plant-Tracker-July-2025.xlsx","761e4cc56cdf0d5cc2df776073ca882d359b83724964568dd44e640a0b004644","Units:10015"
"GEM:G100000114319","G100000114319","ID","Hard Coal","","38","38","ID_Maluku17 0","83.26673823415835","17","17","existing_survivor::ID_Maluku17 0::Hard Coal::2e76f8373991","ACTUALLY_INTEGRATED","","Global-Coal-Plant-Tracker-July-2025.xlsx","761e4cc56cdf0d5cc2df776073ca882d359b83724964568dd44e640a0b004644","Units:10016"
"GEM:G100000114320","G100000114320","ID","Hard Coal","","38","38","ID_Maluku17 0","83.26673823415835","17","17","existing_survivor::ID_Maluku17 0::Hard Coal::2e76f8373991","ACTUALLY_INTEGRATED","","Global-Coal-Plant-Tracker-July-2025.xlsx","761e4cc56cdf0d5cc2df776073ca882d359b83724964568dd44e640a0b004644","Units:10017"
