"PoolID","SourceComponent","RecipientNode","RecipientCapacityMW","AlternativeID","Country","HydroSubtype","ResourceIdentity","SourceAlreadyAllocated","SourceNode","SourceUnitCoverage","OriginalAnnualInputMWh","CurrentAcceptedAnnualEnvelopeMWh","OriginalEmaxMWh","RecipientRole","RecipientUnits","OriginalParentIDs","AllocationShare","CandidateAnnualInputMWh","CandidateUsableAvailabilityMWh","UnusableAvailabilityDueToTurbineLimitMWh","CandidateEmaxMWh","SourceProfileSHA256","Method","EnergyRule","SpatialHydrologyApproximation","Status","ApprovalStatus","ProductionChanged","PoolExistingCapacityMW","PoolPendingCapacityMW","CandidateMaxHours","AcceptedEnvelopeSHA256","CandidateProfileSHA256","RORNote","PendingNode","PendingCapacityMW","PendingUnits","UnqualifiedReferenceCandidates","Required"
"ID:ID_Java-Bali1:Run-Of-River","ID_Java-Bali1 2 ror","ID_Java-Bali1 0","47","ID:ID_Java-Bali1:Run-Of-River::ID_Java-Bali1 2 ror","ID","Run-Of-River","06152be56ee41f64bfdca42fd24aeaf363ab61f931fec7b5e4bc12f6d6456ecb:Generator:ID_Java-Bali1 2 ror","false","ID_Java-Bali1 2","No current accepted beneficiary; source raw asset coverage requires explicit compatibility review","233291.83676340233","0","","PENDING_NOT_IN_PRODUCTION","[""GEM:G100001051495""]","[""PPM:1701""]","1","233291.83676340233","223759.17379362156","9532.66296978075","","2454f7cf5993f19d377012f9b71ee158501b7bde29b62589155f2ae073cad889","CONDITIONAL_SINGLE_UNASSIGNED_REFERENCE_RESOURCE_PROXY","Choose ONE listed source alternative, preserve its absolute input budget; not additive across alternatives; newly credits a previously unadmitted source in production","Same electrical region is NOT basin evidence. Requires new source-to-resource assignment approval; annual curve is available but source coverage compatibility is unresolved.","NUMERICAL_ALTERNATIVE_NOT_ACCEPTED","PENDING","false","","","","","","","","","","",""
"ID:ID_Kalimantan4:Reservoir","ID_Kalimantan4 1 hydro","ID_Kalimantan4 8","110","ID:ID_Kalimantan4:Reservoir::ID_Kalimantan4 1 hydro","ID","Reservoir","06152be56ee41f64bfdca42fd24aeaf363ab61f931fec7b5e4bc12f6d6456ecb:StorageUnit:ID_Kalimantan4 1 hydro","false","ID_Kalimantan4 1","No current accepted beneficiary; source raw asset coverage requires explicit compatibility review","789191.076448222","0","8250","PENDING_NOT_IN_PRODUCTION","[""GEM:G100000602137""]","[""PPM:1256""]","1","789191.076448222","789191.076448222","0","8250","f51ff83fa50f3f32b6c8dfb93d2794ba12cceeeb6b7bc66a89b562d99fa46290","CONDITIONAL_SINGLE_UNASSIGNED_REFERENCE_RESOURCE_PROXY","Choose ONE listed source alternative, preserve its absolute input budget; not additive across alternatives; newly credits a previously unadmitted source in production","Same electrical region is NOT basin evidence. Requires new source-to-resource assignment approval; annual curve is available but source coverage compatibility is unresolved.","NUMERICAL_ALTERNATIVE_NOT_ACCEPTED","PENDING","false","","","","","","","","","","",""
"ID:ID_Kalimantan4:Reservoir","ID_Kalimantan4 4 hydro","ID_Kalimantan4 8","110","ID:ID_Kalimantan4:Reservoir::ID_Kalimantan4 4 hydro","ID","Reservoir","06152be56ee41f64bfdca42fd24aeaf363ab61f931fec7b5e4bc12f6d6456ecb:StorageUnit:ID_Kalimantan4 4 hydro","false","ID_Kalimantan4 4","No current accepted beneficiary; source raw asset coverage requires explicit compatibility review","532286.028026148","0","180","PENDING_NOT_IN_PRODUCTION","[""GEM:G100000602137""]","[""PPM:1256""]","1","532286.028026148","532286.028026148","0","180","b9088cedee9f24db3f87c07c822e2fe79f9531eb8e33f1b80e471ef7bc513153","CONDITIONAL_SINGLE_UNASSIGNED_REFERENCE_RESOURCE_PROXY","Choose ONE listed source alternative, preserve its absolute input budget; not additive across alternatives; newly credits a previously unadmitted source in production","Same electrical region is NOT basin evidence. Requires new source-to-resource assignment approval; annual curve is available but source coverage compatibility is unresolved.","NUMERICAL_ALTERNATIVE_NOT_ACCEPTED","PENDING","false","","","","","","","","","","",""
"ID:ID_Sulawesi0:Reservoir","ID_Sulawesi0 1 hydro","ID_Sulawesi0 1","126","","ID","Reservoir","06152be56ee41f64bfdca42fd24aeaf363ab61f931fec7b5e4bc12f6d6456ecb:StorageUnit:ID_Sulawesi0 1:hydro","true","ID_Sulawesi0 1","[""GEM:G100000602128""]","393272.07745752623","393272.07745752623","756","EXISTING_ACCEPTED","[""GEM:G100000602128""]","","0.2418426103646833","95109.94579587007","","","182.83301343570056","3ecfb35baa19412e33c12eebf25307c3b15e52d56701cd10e67e281790ef99fb","CONDITIONAL_REGIONAL_POOL_CAPACITY_SHARE","Each already accepted resource counted once; sum allocations equals its existing accepted envelope every snapshot. No new resource admission.","Same country/region/AC partition only; basin equivalence NOT established. Pooling transfers profiles/Emax between existing nodes and pending nodes; requires explicit new resource-allocation approval.","","PENDING","false","431","90","1.4510556621880997","3ecfb35baa19412e33c12eebf25307c3b15e52d56701cd10e67e281790ef99fb","c7cc0e8eec47485f5c007769ea91871a1271aa8c6a03ecbdff47e92943a1dd18","","","","","",""
"ID:ID_Sulawesi0:Reservoir","ID_Sulawesi0 1 hydro","ID_Sulawesi0 3","305","","ID","Reservoir","06152be56ee41f64bfdca42fd24aeaf363ab61f931fec7b5e4bc12f6d6456ecb:StorageUnit:ID_Sulawesi0 1:hydro","true","ID_Sulawesi0 1","[""GEM:G100000602128""]","393272.07745752623","393272.07745752623","756","EXISTING_ACCEPTED","[""GEM:G100000602129"", ""GEM:G100000602150""]","","0.5854126679462572","230226.4560931776","","","442.57197696737046","3ecfb35baa19412e33c12eebf25307c3b15e52d56701cd10e67e281790ef99fb","CONDITIONAL_REGIONAL_POOL_CAPACITY_SHARE","Each already accepted resource counted once; sum allocations equals its existing accepted envelope every snapshot. No new resource admission.","Same country/region/AC partition only; basin equivalence NOT established. Pooling transfers profiles/Emax between existing nodes and pending nodes; requires explicit new resource-allocation approval.","","PENDING","false","431","90","1.4510556621881","3ecfb35baa19412e33c12eebf25307c3b15e52d56701cd10e67e281790ef99fb","501a691c50eb7af40148ebac11241ff8159fe8d8c2ad65796860d4609b09ce82","","","","","",""
"ID:ID_Sulawesi0:Reservoir","ID_Sulawesi0 1 hydro","ID_Sulawesi0 0","90","","ID","Reservoir","06152be56ee41f64bfdca42fd24aeaf363ab61f931fec7b5e4bc12f6d6456ecb:StorageUnit:ID_Sulawesi0 1:hydro","true","ID_Sulawesi0 1","[""GEM:G100000602128""]","393272.07745752623","393272.07745752623","756","PENDING_NOT_IN_PRODUCTION","[""GEM:G100000602140""]","","0.1727447216890595","67935.67556847865","","","130.59500959692897","3ecfb35baa19412e33c12eebf25307c3b15e52d56701cd10e67e281790ef99fb","CONDITIONAL_REGIONAL_POOL_CAPACITY_SHARE","Each already accepted resource counted once; sum allocations equals its existing accepted envelope every snapshot. No new resource admission.","Same country/region/AC partition only; basin equivalence NOT established. Pooling transfers profiles/Emax between existing nodes and pending nodes; requires explicit new resource-allocation approval.","","PENDING","false","431","90","1.4510556621880997","3ecfb35baa19412e33c12eebf25307c3b15e52d56701cd10e67e281790ef99fb","868ee51c24f69ee2278cd29bde2164dd0e30409357f2603966a3690797605f6f","","","","","",""
"ID:ID_Sulawesi0:Reservoir","ID_Sulawesi0 3 hydro","ID_Sulawesi0 1","126","","ID","Reservoir","06152be56ee41f64bfdca42fd24aeaf363ab61f931fec7b5e4bc12f6d6456ecb:StorageUnit:ID_Sulawesi0 3:hydro","true","ID_Sulawesi0 3","[""GEM:G100000602129"", ""GEM:G100000602150""]","2328911.486134107","2328911.486134107","1830","EXISTING_ACCEPTED","[""GEM:G100000602128""]","","0.2418426103646833","563230.0331149662","","","442.57197696737046","e9632bd0c689116f29129c07f4c935e972a847a94697bbcef9095feb9bfa2600","CONDITIONAL_REGIONAL_POOL_CAPACITY_SHARE","Each already accepted resource counted once; sum allocations equals its existing accepted envelope every snapshot. No new resource admission.","Same country/region/AC partition only; basin equivalence NOT established. Pooling transfers profiles/Emax between existing nodes and pending nodes; requires explicit new resource-allocation approval.","","PENDING","false","431","90","3.5124760076775434","e9632bd0c689116f29129c07f4c935e972a847a94697bbcef9095feb9bfa2600","557cb8ae576d98dded086ad96630705b12faeae8f0fea599acf4a1df073ec4b4","","","","","",""
"ID:ID_Sulawesi0:Reservoir","ID_Sulawesi0 3 hydro","ID_Sulawesi0 3","305","","ID","Reservoir","06152be56ee41f64bfdca42fd24aeaf363ab61f931fec7b5e4bc12f6d6456ecb:StorageUnit:ID_Sulawesi0 3:hydro","true","ID_Sulawesi0 3","[""GEM:G100000602129"", ""GEM:G100000602150""]","2328911.486134107","2328911.486134107","1830","EXISTING_ACCEPTED","[""GEM:G100000602129"", ""GEM:G100000602150""]","","0.5854126679462572","1363374.2865084503","","","1071.3051823416508","e9632bd0c689116f29129c07f4c935e972a847a94697bbcef9095feb9bfa2600","CONDITIONAL_REGIONAL_POOL_CAPACITY_SHARE","Each already accepted resource counted once; sum allocations equals its existing accepted envelope every snapshot. No new resource admission.","Same country/region/AC partition only; basin equivalence NOT established. Pooling transfers profiles/Emax between existing nodes and pending nodes; requires explicit new resource-allocation approval.","","PENDING","false","431","90","3.512476007677544","e9632bd0c689116f29129c07f4c935e972a847a94697bbcef9095feb9bfa2600","958a010cf1707d7c4d3225cc571ed23fa1d7209089efabce7d2abfb03a435e73","","","","","",""
"ID:ID_Sulawesi0:Reservoir","ID_Sulawesi0 3 hydro","ID_Sulawesi0 0","90","","ID","Reservoir","06152be56ee41f64bfdca42fd24aeaf363ab61f931fec7b5e4bc12f6d6456ecb:StorageUnit:ID_Sulawesi0 3:hydro","true","ID_Sulawesi0 3","[""GEM:G100000602129"", ""GEM:G100000602150""]","2328911.486134107","2328911.486134107","1830","PENDING_NOT_IN_PRODUCTION","[""GEM:G100000602140""]","","0.1727447216890595","402307.16651069024","","","316.1228406909789","e9632bd0c689116f29129c07f4c935e972a847a94697bbcef9095feb9bfa2600","CONDITIONAL_REGIONAL_POOL_CAPACITY_SHARE","Each already accepted resource counted once; sum allocations equals its existing accepted envelope every snapshot. No new resource admission.","Same country/region/AC partition only; basin equivalence NOT established. Pooling transfers profiles/Emax between existing nodes and pending nodes; requires explicit new resource-allocation approval.","","PENDING","false","431","90","3.512476007677543","e9632bd0c689116f29129c07f4c935e972a847a94697bbcef9095feb9bfa2600","829ff40c068e3520c44d6c84a6154569ba81004260fb07a9b63abed2b3dabe85","","","","","",""
"ID:ID_Sumatra3:Run-Of-River","ID_Sumatra3 2 ror","ID_Sumatra3 2","359","","ID","Run-Of-River","06152be56ee41f64bfdca42fd24aeaf363ab61f931fec7b5e4bc12f6d6456ecb:Generator:ID_Sumatra3 2:ror","true","ID_Sumatra3 2","[""GEM:G100001027300"", ""GEM:G100000602125"", ""GEM:G100000602151"", ""GEM:G100001051493""]","901541.0161685467","872826.7397373732","","EXISTING_ACCEPTED","[""GEM:G100001027300"", ""GEM:G100000602125"", ""GEM:G100000602151"", ""GEM:G100001051493""]","","0.5734824281150159","500550.7980283019","","","","44150d35c200059eb5cf4ccbcbc54dfbda4cfea27e81265cfdc8cfa89bb3c928","CONDITIONAL_REGIONAL_POOL_CAPACITY_SHARE","Each already accepted resource counted once; sum allocations equals its existing accepted envelope every snapshot. No new resource admission.","Same country/region/AC partition only; basin equivalence NOT established. Pooling transfers profiles/Emax between existing nodes and pending nodes; requires explicit new resource-allocation approval.","","PENDING","false","569","57","","f873ab6f2cfc851297da60c7174f7484c94c25fb07aa98677325cb8400ddcaaf","f18ad2d2c1e9a79232a7730e4929b0cd5037093f55d350c7d9d2a6142ad55a47","Retain currently turbine-clipped accepted envelope; do not recover previously clipped water or increase resource with new turbines","","","","",""
"ID:ID_Sumatra3:Run-Of-River","ID_Sumatra3 2 ror","ID_Sumatra3 5","210","","ID","Run-Of-River","06152be56ee41f64bfdca42fd24aeaf363ab61f931fec7b5e4bc12f6d6456ecb:Generator:ID_Sumatra3 2:ror","true","ID_Sumatra3 2","[""GEM:G100001027300"", ""GEM:G100000602125"", ""GEM:G100000602151"", ""GEM:G100001051493""]","901541.0161685467","872826.7397373732","","EXISTING_ACCEPTED","[""GEM:G100000602160""]","","0.3354632587859425","292801.30246780894","","","","44150d35c200059eb5cf4ccbcbc54dfbda4cfea27e81265cfdc8cfa89bb3c928","CONDITIONAL_REGIONAL_POOL_CAPACITY_SHARE","Each already accepted resource counted once; sum allocations equals its existing accepted envelope every snapshot. No new resource admission.","Same country/region/AC partition only; basin equivalence NOT established. Pooling transfers profiles/Emax between existing nodes and pending nodes; requires explicit new resource-allocation approval.","","PENDING","false","569","57","","f873ab6f2cfc851297da60c7174f7484c94c25fb07aa98677325cb8400ddcaaf","8f95dba49246719a9368143164d0e85f5afbea149da87774e0d13d79f5ff5e72","Retain currently turbine-clipped accepted envelope; do not recover previously clipped water or increase resource with new turbines","","","","",""
"ID:ID_Sumatra3:Run-Of-River","ID_Sumatra3 2 ror","ID_Sumatra3 1","57","","ID","Run-Of-River","06152be56ee41f64bfdca42fd24aeaf363ab61f931fec7b5e4bc12f6d6456ecb:Generator:ID_Sumatra3 2:ror","true","ID_Sumatra3 2","[""GEM:G100001027300"", ""GEM:G100000602125"", ""GEM:G100000602151"", ""GEM:G100001051493""]","901541.0161685467","872826.7397373732","","PENDING_NOT_IN_PRODUCTION","[""GEM:G100001051492""]","","0.09105431309904154","79474.63924126243","","","","44150d35c200059eb5cf4ccbcbc54dfbda4cfea27e81265cfdc8cfa89bb3c928","CONDITIONAL_REGIONAL_POOL_CAPACITY_SHARE","Each already accepted resource counted once; sum allocations equals its existing accepted envelope every snapshot. No new resource admission.","Same country/region/AC partition only; basin equivalence NOT established. Pooling transfers profiles/Emax between existing nodes and pending nodes; requires explicit new resource-allocation approval.","","PENDING","false","569","57","","f873ab6f2cfc851297da60c7174f7484c94c25fb07aa98677325cb8400ddcaaf","ceb51385797469c008b6f0f3b6b334c22d5a2afb80ede8dc945bf2632a36da38","Retain currently turbine-clipped accepted envelope; do not recover previously clipped water or increase resource with new turbines","","","","",""
"ID:ID_Sumatra3:Run-Of-River","ID_Sumatra3 5 ror","ID_Sumatra3 2","359","","ID","Run-Of-River","06152be56ee41f64bfdca42fd24aeaf363ab61f931fec7b5e4bc12f6d6456ecb:Generator:ID_Sumatra3 5:ror","true","ID_Sumatra3 5","[""GEM:G100000602160""]","841142.7870313199","791874.138285116","","EXISTING_ACCEPTED","[""GEM:G100001027300"", ""GEM:G100000602125"", ""GEM:G100000602151"", ""GEM:G100001051493""]","","0.5734824281150159","454125.9035852343","","","","e4803d355f8d6583afb0d488541f0a67f4e875df7219d14e729abbffa71c7b01","CONDITIONAL_REGIONAL_POOL_CAPACITY_SHARE","Each already accepted resource counted once; sum allocations equals its existing accepted envelope every snapshot. No new resource admission.","Same country/region/AC partition only; basin equivalence NOT established. Pooling transfers profiles/Emax between existing nodes and pending nodes; requires explicit new resource-allocation approval.","","PENDING","false","569","57","","7205bb62aa754c72db8b8fbf153db1ca61df0a3cd22ae83202a5162cdf357dea","0b4c6a59b182d5c996732f5618335236337b360b675bbc39c5eeaea37373856f","Retain currently turbine-clipped accepted envelope; do not recover previously clipped water or increase resource with new turbines","","","","",""
"ID:ID_Sumatra3:Run-Of-River","ID_Sumatra3 5 ror","ID_Sumatra3 5","210","","ID","Run-Of-River","06152be56ee41f64bfdca42fd24aeaf363ab61f931fec7b5e4bc12f6d6456ecb:Generator:ID_Sumatra3 5:ror","true","ID_Sumatra3 5","[""GEM:G100000602160""]","841142.7870313199","791874.138285116","","EXISTING_ACCEPTED","[""GEM:G100000602160""]","","0.3354632587859425","265644.67897743516","","","","e4803d355f8d6583afb0d488541f0a67f4e875df7219d14e729abbffa71c7b01","CONDITIONAL_REGIONAL_POOL_CAPACITY_SHARE","Each already accepted resource counted once; sum allocations equals its existing accepted envelope every snapshot. No new resource admission.","Same country/region/AC partition only; basin equivalence NOT established. Pooling transfers profiles/Emax between existing nodes and pending nodes; requires explicit new resource-allocation approval.","","PENDING","false","569","57","","7205bb62aa754c72db8b8fbf153db1ca61df0a3cd22ae83202a5162cdf357dea","0c78480b7c1a192639f14c15a53ddadd074403fa0184d7dd8398cbcd89661b8e","Retain currently turbine-clipped accepted envelope; do not recover previously clipped water or increase resource with new turbines","","","","",""
"ID:ID_Sumatra3:Run-Of-River","ID_Sumatra3 5 ror","ID_Sumatra3 1","57","","ID","Run-Of-River","06152be56ee41f64bfdca42fd24aeaf363ab61f931fec7b5e4bc12f6d6456ecb:Generator:ID_Sumatra3 5:ror","true","ID_Sumatra3 5","[""GEM:G100000602160""]","841142.7870313199","791874.138285116","","PENDING_NOT_IN_PRODUCTION","[""GEM:G100001051492""]","","0.09105431309904154","72103.55572244659","","","","e4803d355f8d6583afb0d488541f0a67f4e875df7219d14e729abbffa71c7b01","CONDITIONAL_REGIONAL_POOL_CAPACITY_SHARE","Each already accepted resource counted once; sum allocations equals its existing accepted envelope every snapshot. No new resource admission.","Same country/region/AC partition only; basin equivalence NOT established. Pooling transfers profiles/Emax between existing nodes and pending nodes; requires explicit new resource-allocation approval.","","PENDING","false","569","57","","7205bb62aa754c72db8b8fbf153db1ca61df0a3cd22ae83202a5162cdf357dea","9aa9a1c81d618900d756b4b2cdb1d1b511ce0d16b0074fc2a25ae2a5080970fc","Retain currently turbine-clipped accepted envelope; do not recover previously clipped water or increase resource with new turbines","","","","",""
"LA:LA2:Reservoir","LA2 1 hydro","LA2 1","794","","LA","Reservoir","06152be56ee41f64bfdca42fd24aeaf363ab61f931fec7b5e4bc12f6d6456ecb:StorageUnit:LA2 1:hydro","true","LA2 1","[""GEM:G100000602411"", ""GEM:G100000602395"", ""GEM:G100001051361"", ""GEM:G100000602400"", ""GEM:G100000602406"", ""GEM:G100000602421"", ""GEM:G100001051376"", ""GEM:G100001051375""]","9588186.098609699","9588186.098609699","7274.160000000001","EXISTING_ACCEPTED","[""GEM:G100000602411"", ""GEM:G100000602395"", ""GEM:G100001051361"", ""GEM:G100000602400"", ""GEM:G100000602406"", ""GEM:G100000602421"", ""GEM:G100001051376"", ""GEM:G100001051375""]","","0.11465703971119133","1099353.0342665846","","","834.0336519855596","70d76872b187fe3cb4c321679778c9e894a48fd130a4f5365172ee5131f2885e","CONDITIONAL_REGIONAL_POOL_CAPACITY_SHARE","Each already accepted resource counted once; sum allocations equals its existing accepted envelope every snapshot. No new resource admission.","Same country/region/AC partition only; basin equivalence NOT established. Pooling transfers profiles/Emax between existing nodes and pending nodes; requires explicit new resource-allocation approval.","","PENDING","false","6855","70","1.0504202166064982","70d76872b187fe3cb4c321679778c9e894a48fd130a4f5365172ee5131f2885e","5da03a9ceb30d4966e3d55bc5ae949435c17e27358d1838845211c0af9e34595","","","","","",""
"LA:LA2:Reservoir","LA2 1 hydro","LA2 2","1930","","LA","Reservoir","06152be56ee41f64bfdca42fd24aeaf363ab61f931fec7b5e4bc12f6d6456ecb:StorageUnit:LA2 1:hydro","true","LA2 1","[""GEM:G100000602411"", ""GEM:G100000602395"", ""GEM:G100001051361"", ""GEM:G100000602400"", ""GEM:G100000602406"", ""GEM:G100000602421"", ""GEM:G100001051376"", ""GEM:G100001051375""]","9588186.098609699","9588186.098609699","7274.160000000001","EXISTING_ACCEPTED","[""GEM:G100000602408"", ""GEM:G100000602402"", ""GEM:G100000602405"", ""GEM:G100000602407"", ""GEM:G100000602425""]","","0.27870036101083034","2672230.9271215475","","","2027.3110180505419","70d76872b187fe3cb4c321679778c9e894a48fd130a4f5365172ee5131f2885e","CONDITIONAL_REGIONAL_POOL_CAPACITY_SHARE","Each already accepted resource counted once; sum allocations equals its existing accepted envelope every snapshot. No new resource admission.","Same country/region/AC partition only; basin equivalence NOT established. Pooling transfers profiles/Emax between existing nodes and pending nodes; requires explicit new resource-allocation approval.","","PENDING","false","6855","70","1.0504202166064984","70d76872b187fe3cb4c321679778c9e894a48fd130a4f5365172ee5131f2885e","7cdf32a823bf5d70f70bb50dccd7b803fbbed88ac9c4ad6fd152ccbab2baf2aa","","","","","",""
"LA:LA2:Reservoir","LA2 1 hydro","LA2 3","1130","","LA","Reservoir","06152be56ee41f64bfdca42fd24aeaf363ab61f931fec7b5e4bc12f6d6456ecb:StorageUnit:LA2 1:hydro","true","LA2 1","[""GEM:G100000602411"", ""GEM:G100000602395"", ""GEM:G100001051361"", ""GEM:G100000602400"", ""GEM:G100000602406"", ""GEM:G100000602421"", ""GEM:G100001051376"", ""GEM:G100001051375""]","9588186.098609699","9588186.098609699","7274.160000000001","EXISTING_ACCEPTED","[""GEM:G100000602426"", ""GEM:G100001051355""]","","0.1631768953068592","1564570.4391955175","","","1186.974844765343","70d76872b187fe3cb4c321679778c9e894a48fd130a4f5365172ee5131f2885e","CONDITIONAL_REGIONAL_POOL_CAPACITY_SHARE","Each already accepted resource counted once; sum allocations equals its existing accepted envelope every snapshot. No new resource admission.","Same country/region/AC partition only; basin equivalence NOT established. Pooling transfers profiles/Emax between existing nodes and pending nodes; requires explicit new resource-allocation approval.","","PENDING","false","6855","70","1.0504202166064982","70d76872b187fe3cb4c321679778c9e894a48fd130a4f5365172ee5131f2885e","322729cd9de7bc40419aea4edbd2f7396d24223b500dfdaa0f17605e1405d35c","","","","","",""
"LA:LA2:Reservoir","LA2 1 hydro","LA2 4","1561","","LA","Reservoir","06152be56ee41f64bfdca42fd24aeaf363ab61f931fec7b5e4bc12f6d6456ecb:StorageUnit:LA2 1:hydro","true","LA2 1","[""GEM:G100000602411"", ""GEM:G100000602395"", ""GEM:G100001051361"", ""GEM:G100000602400"", ""GEM:G100000602406"", ""GEM:G100000602421"", ""GEM:G100001051376"", ""GEM:G100001051375""]","9588186.098609699","9588186.098609699","7274.160000000001","EXISTING_ACCEPTED","[""GEM:G100000602436"", ""GEM:G100000602391"", ""GEM:G100001051335"", ""GEM:G100000602392"", ""GEM:G100001051350"", ""GEM:G100001051351"", ""GEM:G100000602401"", ""GEM:G100000602433"", ""GEM:G100000602434""]","","0.22541516245487364","2161322.5270656655","","","1639.7059581227438","70d76872b187fe3cb4c321679778c9e894a48fd130a4f5365172ee5131f2885e","CONDITIONAL_REGIONAL_POOL_CAPACITY_SHARE","Each already accepted resource counted once; sum allocations equals its existing accepted envelope every snapshot. No new resource admission.","Same country/region/AC partition only; basin equivalence NOT established. Pooling transfers profiles/Emax between existing nodes and pending nodes; requires explicit new resource-allocation approval.","","PENDING","false","6855","70","1.0504202166064982","70d76872b187fe3cb4c321679778c9e894a48fd130a4f5365172ee5131f2885e","009b539db83d815fc69591a33a99c25bb5fc7b5ca2b6e10f4d7ac3b19a47c2ba","","","","","",""
"LA:LA2:Reservoir","LA2 1 hydro","LA2 5","1440","","LA","Reservoir","06152be56ee41f64bfdca42fd24aeaf363ab61f931fec7b5e4bc12f6d6456ecb:StorageUnit:LA2 1:hydro","true","LA2 1","[""GEM:G100000602411"", ""GEM:G100000602395"", ""GEM:G100001051361"", ""GEM:G100000602400"", ""GEM:G100000602406"", ""GEM:G100000602421"", ""GEM:G100001051376"", ""GEM:G100001051375""]","9588186.098609699","9588186.098609699","7274.160000000001","EXISTING_ACCEPTED","[""GEM:G100000602413"", ""GEM:G100000602412"", ""GEM:G100000602414"", ""GEM:G100000602415"", ""GEM:G100000602418"", ""GEM:G100000602417"", ""GEM:G100000602416"", ""GEM:G100000602424""]","","0.20794223826714803","1993788.8782668537","","","1512.6051119133576","70d76872b187fe3cb4c321679778c9e894a48fd130a4f5365172ee5131f2885e","CONDITIONAL_REGIONAL_POOL_CAPACITY_SHARE","Each already accepted resource counted once; sum allocations equals its existing accepted envelope every snapshot. No new resource admission.","Same country/region/AC partition only; basin equivalence NOT established. Pooling transfers profiles/Emax between existing nodes and pending nodes; requires explicit new resource-allocation approval.","","PENDING","false","6855","70","1.0504202166064984","70d76872b187fe3cb4c321679778c9e894a48fd130a4f5365172ee5131f2885e","baeb69f54022fe921dc2564abc4fc56c52926b63d2df6577183bd5ad6d2c74ed","","","","","",""
"LA:LA2:Reservoir","LA2 1 hydro","LA2 0","70","","LA","Reservoir","06152be56ee41f64bfdca42fd24aeaf363ab61f931fec7b5e4bc12f6d6456ecb:StorageUnit:LA2 1:hydro","true","LA2 1","[""GEM:G100000602411"", ""GEM:G100000602395"", ""GEM:G100001051361"", ""GEM:G100000602400"", ""GEM:G100000602406"", ""GEM:G100000602421"", ""GEM:G100001051376"", ""GEM:G100001051375""]","9588186.098609699","9588186.098609699","7274.160000000001","PENDING_NOT_IN_PRODUCTION","[""GEM:G100001051364""]","","0.010108303249097473","96920.29269352762","","","73.52941516245488","70d76872b187fe3cb4c321679778c9e894a48fd130a4f5365172ee5131f2885e","CONDITIONAL_REGIONAL_POOL_CAPACITY_SHARE","Each already accepted resource counted once; sum allocations equals its existing accepted envelope every snapshot. No new resource admission.","Same country/region/AC partition only; basin equivalence NOT established. Pooling transfers profiles/Emax between existing nodes and pending nodes; requires explicit new resource-allocation approval.","","PENDING","false","6855","70","1.0504202166064982","70d76872b187fe3cb4c321679778c9e894a48fd130a4f5365172ee5131f2885e","8ce8c20b557f4caaa4f2eb5e01ac8d2a17bd82b9d6b72fdeeefa4518d6ccae4e","","","","","",""
"LA:LA2:Reservoir","LA2 2 hydro","LA2 1","794","","LA","Reservoir","06152be56ee41f64bfdca42fd24aeaf363ab61f931fec7b5e4bc12f6d6456ecb:StorageUnit:LA2 2:hydro","true","LA2 2","[""GEM:G100000602408"", ""GEM:G100000602402"", ""GEM:G100000602405"", ""GEM:G100000602407"", ""GEM:G100000602425""]","3864331.807711797","3864331.807711797","14575.199999999999","EXISTING_ACCEPTED","[""GEM:G100000602411"", ""GEM:G100000602395"", ""GEM:G100001051361"", ""GEM:G100000602400"", ""GEM:G100000602406"", ""GEM:G100000602421"", ""GEM:G100001051376"", ""GEM:G100001051375""]","","0.11465703971119133","443072.8455340314","","","1671.1492851985558","12959b35374e1ff862792c3a70465d3f604245dee70b76c6296e544c243ddc62","CONDITIONAL_REGIONAL_POOL_CAPACITY_SHARE","Each already accepted resource counted once; sum allocations equals its existing accepted envelope every snapshot. No new resource admission.","Same country/region/AC partition only; basin equivalence NOT established. Pooling transfers profiles/Emax between existing nodes and pending nodes; requires explicit new resource-allocation approval.","","PENDING","false","6855","70","2.1047220216606495","12959b35374e1ff862792c3a70465d3f604245dee70b76c6296e544c243ddc62","57b42a844ce2543492fb8c6e678ef58c6b845fb1d06191f33fb4daed05aa5b8f","","","","","",""
"LA:LA2:Reservoir","LA2 2 hydro","LA2 2","1930","","LA","Reservoir","06152be56ee41f64bfdca42fd24aeaf363ab61f931fec7b5e4bc12f6d6456ecb:StorageUnit:LA2 2:hydro","true","LA2 2","[""GEM:G100000602408"", ""GEM:G100000602402"", ""GEM:G100000602405"", ""GEM:G100000602407"", ""GEM:G100000602425""]","3864331.807711797","3864331.807711797","14575.199999999999","EXISTING_ACCEPTED","[""GEM:G100000602408"", ""GEM:G100000602402"", ""GEM:G100000602405"", ""GEM:G100000602407"", ""GEM:G100000602425""]","","0.27870036101083034","1076990.6698749126","","","4062.113501805054","12959b35374e1ff862792c3a70465d3f604245dee70b76c6296e544c243ddc62","CONDITIONAL_REGIONAL_POOL_CAPACITY_SHARE","Each already accepted resource counted once; sum allocations equals its existing accepted envelope every snapshot. No new resource admission.","Same country/region/AC partition only; basin equivalence NOT established. Pooling transfers profiles/Emax between existing nodes and pending nodes; requires explicit new resource-allocation approval.","","PENDING","false","6855","70","2.10472202166065","12959b35374e1ff862792c3a70465d3f604245dee70b76c6296e544c243ddc62","5aade914bae82da85fcf529179f274a3146b0415c69ca1f2ba93fc6d735f86f0","","","","","",""
"LA:LA2:Reservoir","LA2 2 hydro","LA2 3","1130","","LA","Reservoir","06152be56ee41f64bfdca42fd24aeaf363ab61f931fec7b5e4bc12f6d6456ecb:StorageUnit:LA2 2:hydro","true","LA2 2","[""GEM:G100000602408"", ""GEM:G100000602402"", ""GEM:G100000602405"", ""GEM:G100000602407"", ""GEM:G100000602425""]","3864331.807711797","3864331.807711797","14575.199999999999","EXISTING_ACCEPTED","[""GEM:G100000602426"", ""GEM:G100001051355""]","","0.1631768953068592","630569.6668179538","","","2378.335884476534","12959b35374e1ff862792c3a70465d3f604245dee70b76c6296e544c243ddc62","CONDITIONAL_REGIONAL_POOL_CAPACITY_SHARE","Each already accepted resource counted once; sum allocations equals its existing accepted envelope every snapshot. No new resource admission.","Same country/region/AC partition only; basin equivalence NOT established. Pooling transfers profiles/Emax between existing nodes and pending nodes; requires explicit new resource-allocation approval.","","PENDING","false","6855","70","2.1047220216606495","12959b35374e1ff862792c3a70465d3f604245dee70b76c6296e544c243ddc62","37d6b7bfbab13eb2cf0837cf5cc0905227e8b2ccb7fe2b2f053c2ac87aaf51b2","","","","","",""
"LA:LA2:Reservoir","LA2 2 hydro","LA2 4","1561","","LA","Reservoir","06152be56ee41f64bfdca42fd24aeaf363ab61f931fec7b5e4bc12f6d6456ecb:StorageUnit:LA2 2:hydro","true","LA2 2","[""GEM:G100000602408"", ""GEM:G100000602402"", ""GEM:G100000602405"", ""GEM:G100000602407"", ""GEM:G100000602425""]","3864331.807711797","3864331.807711797","14575.199999999999","EXISTING_ACCEPTED","[""GEM:G100000602436"", ""GEM:G100000602391"", ""GEM:G100001051335"", ""GEM:G100000602392"", ""GEM:G100001051350"", ""GEM:G100001051351"", ""GEM:G100000602401"", ""GEM:G100000602433"", ""GEM:G100000602434""]","","0.22541516245487364","871078.9822148905","","","3285.471075812274","12959b35374e1ff862792c3a70465d3f604245dee70b76c6296e544c243ddc62","CONDITIONAL_REGIONAL_POOL_CAPACITY_SHARE","Each already accepted resource counted once; sum allocations equals its existing accepted envelope every snapshot. No new resource admission.","Same country/region/AC partition only; basin equivalence NOT established. Pooling transfers profiles/Emax between existing nodes and pending nodes; requires explicit new resource-allocation approval.","","PENDING","false","6855","70","2.10472202166065","12959b35374e1ff862792c3a70465d3f604245dee70b76c6296e544c243ddc62","8c59742fd3c47edb41f698da67c1b575b27076d9b9b6c4e9c34b37e78f2f4c5b","","","","","",""
"LA:LA2:Reservoir","LA2 2 hydro","LA2 5","1440","","LA","Reservoir","06152be56ee41f64bfdca42fd24aeaf363ab61f931fec7b5e4bc12f6d6456ecb:StorageUnit:LA2 2:hydro","true","LA2 2","[""GEM:G100000602408"", ""GEM:G100000602402"", ""GEM:G100000602405"", ""GEM:G100000602407"", ""GEM:G100000602425""]","3864331.807711797","3864331.807711797","14575.199999999999","EXISTING_ACCEPTED","[""GEM:G100000602413"", ""GEM:G100000602412"", ""GEM:G100000602414"", ""GEM:G100000602415"", ""GEM:G100000602418"", ""GEM:G100000602417"", ""GEM:G100000602416"", ""GEM:G100000602424""]","","0.20794223826714803","803557.8055025253","","","3030.7997111913355","12959b35374e1ff862792c3a70465d3f604245dee70b76c6296e544c243ddc62","CONDITIONAL_REGIONAL_POOL_CAPACITY_SHARE","Each already accepted resource counted once; sum allocations equals its existing accepted envelope every snapshot. No new resource admission.","Same country/region/AC partition only; basin equivalence NOT established. Pooling transfers profiles/Emax between existing nodes and pending nodes; requires explicit new resource-allocation approval.","","PENDING","false","6855","70","2.1047220216606495","12959b35374e1ff862792c3a70465d3f604245dee70b76c6296e544c243ddc62","2c276ad96af9327826ff0ba1ec26549dd59217b8c6c8eb0fb418f438225c8650","","","","","",""
"LA:LA2:Reservoir","LA2 2 hydro","LA2 0","70","","LA","Reservoir","06152be56ee41f64bfdca42fd24aeaf363ab61f931fec7b5e4bc12f6d6456ecb:StorageUnit:LA2 2:hydro","true","LA2 2","[""GEM:G100000602408"", ""GEM:G100000602402"", ""GEM:G100000602405"", ""GEM:G100000602407"", ""GEM:G100000602425""]","3864331.807711797","3864331.807711797","14575.199999999999","PENDING_NOT_IN_PRODUCTION","[""GEM:G100001051364""]","","0.010108303249097473","39061.837767483856","","","147.33054151624546","12959b35374e1ff862792c3a70465d3f604245dee70b76c6296e544c243ddc62","CONDITIONAL_REGIONAL_POOL_CAPACITY_SHARE","Each already accepted resource counted once; sum allocations equals its existing accepted envelope every snapshot. No new resource admission.","Same country/region/AC partition only; basin equivalence NOT established. Pooling transfers profiles/Emax between existing nodes and pending nodes; requires explicit new resource-allocation approval.","","PENDING","false","6855","70","2.1047220216606495","12959b35374e1ff862792c3a70465d3f604245dee70b76c6296e544c243ddc62","6d1102d70e2d5214f2ca455fd90877c9c410bc68677192348c18080e5ce2c9b6","","","","","",""
"LA:LA2:Reservoir","LA2 3 hydro","LA2 1","794","","LA","Reservoir","06152be56ee41f64bfdca42fd24aeaf363ab61f931fec7b5e4bc12f6d6456ecb:StorageUnit:LA2 3:hydro","true","LA2 3","[""GEM:G100000602426"", ""GEM:G100001051355""]","542217.2057174206","542217.2057174206","7140","EXISTING_ACCEPTED","[""GEM:G100000602411"", ""GEM:G100000602395"", ""GEM:G100001051361"", ""GEM:G100000602400"", ""GEM:G100000602406"", ""GEM:G100000602421"", ""GEM:G100001051376"", ""GEM:G100001051375""]","","0.11465703971119133","62169.019688033506","","","818.6512635379061","8ed765c6bbf402ff240aa53846f6e706df1790f07d5af9e82cb4be4de1a43eaa","CONDITIONAL_REGIONAL_POOL_CAPACITY_SHARE","Each already accepted resource counted once; sum allocations equals its existing accepted envelope every snapshot. No new resource admission.","Same country/region/AC partition only; basin equivalence NOT established. Pooling transfers profiles/Emax between existing nodes and pending nodes; requires explicit new resource-allocation approval.","","PENDING","false","6855","70","1.0310469314079422","8ed765c6bbf402ff240aa53846f6e706df1790f07d5af9e82cb4be4de1a43eaa","c7b2254700d1a3e208c82c2aff9670f587e54fe4efa0a7b988d69cddfa928eba","","","","","",""
"LA:LA2:Reservoir","LA2 3 hydro","LA2 2","1930","","LA","Reservoir","06152be56ee41f64bfdca42fd24aeaf363ab61f931fec7b5e4bc12f6d6456ecb:StorageUnit:LA2 3:hydro","true","LA2 3","[""GEM:G100000602426"", ""GEM:G100001051355""]","542217.2057174206","542217.2057174206","7140","EXISTING_ACCEPTED","[""GEM:G100000602408"", ""GEM:G100000602402"", ""GEM:G100000602405"", ""GEM:G100000602407"", ""GEM:G100000602425""]","","0.27870036101083034","151116.13097972883","","","1989.9205776173287","8ed765c6bbf402ff240aa53846f6e706df1790f07d5af9e82cb4be4de1a43eaa","CONDITIONAL_REGIONAL_POOL_CAPACITY_SHARE","Each already accepted resource counted once; sum allocations equals its existing accepted envelope every snapshot. No new resource admission.","Same country/region/AC partition only; basin equivalence NOT established. Pooling transfers profiles/Emax between existing nodes and pending nodes; requires explicit new resource-allocation approval.","","PENDING","false","6855","70","1.0310469314079422","8ed765c6bbf402ff240aa53846f6e706df1790f07d5af9e82cb4be4de1a43eaa","2830230c20a137ff80b99c0926206bd69258a1b633b1a01a72553f54386f6ac0","","","","","",""
"LA:LA2:Reservoir","LA2 3 hydro","LA2 3","1130","","LA","Reservoir","06152be56ee41f64bfdca42fd24aeaf363ab61f931fec7b5e4bc12f6d6456ecb:StorageUnit:LA2 3:hydro","true","LA2 3","[""GEM:G100000602426"", ""GEM:G100001051355""]","542217.2057174206","542217.2057174206","7140","EXISTING_ACCEPTED","[""GEM:G100000602426"", ""GEM:G100001051355""]","","0.1631768953068592","88477.32021092932","","","1165.0830324909746","8ed765c6bbf402ff240aa53846f6e706df1790f07d5af9e82cb4be4de1a43eaa","CONDITIONAL_REGIONAL_POOL_CAPACITY_SHARE","Each already accepted resource counted once; sum allocations equals its existing accepted envelope every snapshot. No new resource admission.","Same country/region/AC partition only; basin equivalence NOT established. Pooling transfers profiles/Emax between existing nodes and pending nodes; requires explicit new resource-allocation approval.","","PENDING","false","6855","70","1.031046931407942","8ed765c6bbf402ff240aa53846f6e706df1790f07d5af9e82cb4be4de1a43eaa","76793077fb74db3ddde164ae710097bdf0a3bc51b4eb6a5d06a982a06232a7db","","","","","",""
"LA:LA2:Reservoir","LA2 3 hydro","LA2 4","1561","","LA","Reservoir","06152be56ee41f64bfdca42fd24aeaf363ab61f931fec7b5e4bc12f6d6456ecb:StorageUnit:LA2 3:hydro","true","LA2 3","[""GEM:G100000602426"", ""GEM:G100001051355""]","542217.2057174206","542217.2057174206","7140","EXISTING_ACCEPTED","[""GEM:G100000602436"", ""GEM:G100000602391"", ""GEM:G100001051335"", ""GEM:G100000602392"", ""GEM:G100001051350"", ""GEM:G100001051351"", ""GEM:G100000602401"", ""GEM:G100000602433"", ""GEM:G100000602434""]","","0.22541516245487364","122223.97951262003","","","1609.4642599277977","8ed765c6bbf402ff240aa53846f6e706df1790f07d5af9e82cb4be4de1a43eaa","CONDITIONAL_REGIONAL_POOL_CAPACITY_SHARE","Each already accepted resource counted once; sum allocations equals its existing accepted envelope every snapshot. No new resource admission.","Same country/region/AC partition only; basin equivalence NOT established. Pooling transfers profiles/Emax between existing nodes and pending nodes; requires explicit new resource-allocation approval.","","PENDING","false","6855","70","1.0310469314079422","8ed765c6bbf402ff240aa53846f6e706df1790f07d5af9e82cb4be4de1a43eaa","d92a73bd8955de4d653233be9cd57e56e7d3d8658e354d5019e407b540952f7e","","","","","",""
"LA:LA2:Reservoir","LA2 3 hydro","LA2 5","1440","","LA","Reservoir","06152be56ee41f64bfdca42fd24aeaf363ab61f931fec7b5e4bc12f6d6456ecb:StorageUnit:LA2 3:hydro","true","LA2 3","[""GEM:G100000602426"", ""GEM:G100001051355""]","542217.2057174206","542217.2057174206","7140","EXISTING_ACCEPTED","[""GEM:G100000602413"", ""GEM:G100000602412"", ""GEM:G100000602414"", ""GEM:G100000602415"", ""GEM:G100000602418"", ""GEM:G100000602417"", ""GEM:G100000602416"", ""GEM:G100000602424""]","","0.20794223826714803","112749.85938383912","","","1484.707581227437","8ed765c6bbf402ff240aa53846f6e706df1790f07d5af9e82cb4be4de1a43eaa","CONDITIONAL_REGIONAL_POOL_CAPACITY_SHARE","Each already accepted resource counted once; sum allocations equals its existing accepted envelope every snapshot. No new resource admission.","Same country/region/AC partition only; basin equivalence NOT established. Pooling transfers profiles/Emax between existing nodes and pending nodes; requires explicit new resource-allocation approval.","","PENDING","false","6855","70","1.0310469314079425","8ed765c6bbf402ff240aa53846f6e706df1790f07d5af9e82cb4be4de1a43eaa","02895fd12a147d9c804fe39b011de730f79c73892b3fb3248f49e8666b38a702","","","","","",""
"LA:LA2:Reservoir","LA2 3 hydro","LA2 0","70","","LA","Reservoir","06152be56ee41f64bfdca42fd24aeaf363ab61f931fec7b5e4bc12f6d6456ecb:StorageUnit:LA2 3:hydro","true","LA2 3","[""GEM:G100000602426"", ""GEM:G100001051355""]","542217.2057174206","542217.2057174206","7140","PENDING_NOT_IN_PRODUCTION","[""GEM:G100001051364""]","","0.010108303249097473","5480.895942269957","","","72.17328519855596","8ed765c6bbf402ff240aa53846f6e706df1790f07d5af9e82cb4be4de1a43eaa","CONDITIONAL_REGIONAL_POOL_CAPACITY_SHARE","Each already accepted resource counted once; sum allocations equals its existing accepted envelope every snapshot. No new resource admission.","Same country/region/AC partition only; basin equivalence NOT established. Pooling transfers profiles/Emax between existing nodes and pending nodes; requires explicit new resource-allocation approval.","","PENDING","false","6855","70","1.0310469314079422","8ed765c6bbf402ff240aa53846f6e706df1790f07d5af9e82cb4be4de1a43eaa","ae68ec97db18335a030a846aef97e17c640a7583d18bdfa51fd72ff24a4fe17b","","","","","",""
"LA:LA2:Reservoir","LA2 4 hydro","LA2 1","794","","LA","Reservoir","06152be56ee41f64bfdca42fd24aeaf363ab61f931fec7b5e4bc12f6d6456ecb:StorageUnit:LA2 4:hydro","true","LA2 4","[""GEM:G100000602436"", ""GEM:G100000602391"", ""GEM:G100001051335"", ""GEM:G100000602392"", ""GEM:G100001051350"", ""GEM:G100001051351"", ""GEM:G100000602401"", ""GEM:G100000602433"", ""GEM:G100000602434""]","9063405.924039809","9063405.924039809","11734.8","EXISTING_ACCEPTED","[""GEM:G100000602411"", ""GEM:G100000602395"", ""GEM:G100001051361"", ""GEM:G100000602400"", ""GEM:G100000602406"", ""GEM:G100000602421"", ""GEM:G100001051376"", ""GEM:G100001051375""]","","0.11465703971119133","1039183.2929512794","","","1345.477429602888","a3d52c18e39844793209108ceaf57cf09a3e9b413d558be822ddf089f6e6a314","CONDITIONAL_REGIONAL_POOL_CAPACITY_SHARE","Each already accepted resource counted once; sum allocations equals its existing accepted envelope every snapshot. No new resource admission.","Same country/region/AC partition only; basin equivalence NOT established. Pooling transfers profiles/Emax between existing nodes and pending nodes; requires explicit new resource-allocation approval.","","PENDING","false","6855","70","1.6945559566787","a3d52c18e39844793209108ceaf57cf09a3e9b413d558be822ddf089f6e6a314","8448cda5e595bcc8b82aec333fb5adc7ee8d6f83079b5516eb54f62ceaafd22e","","","","","",""
"LA:LA2:Reservoir","LA2 4 hydro","LA2 2","1930","","LA","Reservoir","06152be56ee41f64bfdca42fd24aeaf363ab61f931fec7b5e4bc12f6d6456ecb:StorageUnit:LA2 4:hydro","true","LA2 4","[""GEM:G100000602436"", ""GEM:G100000602391"", ""GEM:G100001051335"", ""GEM:G100000602392"", ""GEM:G100001051350"", ""GEM:G100001051351"", ""GEM:G100000602401"", ""GEM:G100000602433"", ""GEM:G100000602434""]","9063405.924039809","9063405.924039809","11734.8","EXISTING_ACCEPTED","[""GEM:G100000602408"", ""GEM:G100000602402"", ""GEM:G100000602405"", ""GEM:G100000602407"", ""GEM:G100000602425""]","","0.27870036101083034","2525974.503017594","","","3270.4929963898917","a3d52c18e39844793209108ceaf57cf09a3e9b413d558be822ddf089f6e6a314","CONDITIONAL_REGIONAL_POOL_CAPACITY_SHARE","Each already accepted resource counted once; sum allocations equals its existing accepted envelope every snapshot. No new resource admission.","Same country/region/AC partition only; basin equivalence NOT established. Pooling transfers profiles/Emax between existing nodes and pending nodes; requires explicit new resource-allocation approval.","","PENDING","false","6855","70","1.6945559566787003","a3d52c18e39844793209108ceaf57cf09a3e9b413d558be822ddf089f6e6a314","5ec9ab5d02ddb4be0157891d253ad4879768b6df34323a0f0479e81533052294","","","","","",""
"LA:LA2:Reservoir","LA2 4 hydro","LA2 3","1130","","LA","Reservoir","06152be56ee41f64bfdca42fd24aeaf363ab61f931fec7b5e4bc12f6d6456ecb:StorageUnit:LA2 4:hydro","true","LA2 4","[""GEM:G100000602436"", ""GEM:G100000602391"", ""GEM:G100001051335"", ""GEM:G100000602392"", ""GEM:G100001051350"", ""GEM:G100001051351"", ""GEM:G100000602401"", ""GEM:G100000602433"", ""GEM:G100000602434""]","9063405.924039809","9063405.924039809","11734.8","EXISTING_ACCEPTED","[""GEM:G100000602426"", ""GEM:G100001051355""]","","0.1631768953068592","1478938.439590612","","","1914.8482310469312","a3d52c18e39844793209108ceaf57cf09a3e9b413d558be822ddf089f6e6a314","CONDITIONAL_REGIONAL_POOL_CAPACITY_SHARE","Each already accepted resource counted once; sum allocations equals its existing accepted envelope every snapshot. No new resource admission.","Same country/region/AC partition only; basin equivalence NOT established. Pooling transfers profiles/Emax between existing nodes and pending nodes; requires explicit new resource-allocation approval.","","PENDING","false","6855","70","1.6945559566787003","a3d52c18e39844793209108ceaf57cf09a3e9b413d558be822ddf089f6e6a314","b086b146db84030550e379399db6159918b1e9bf35a1b2ecd3963dbd95c512f1","","","","","",""
"LA:LA2:Reservoir","LA2 4 hydro","LA2 4","1561","","LA","Reservoir","06152be56ee41f64bfdca42fd24aeaf363ab61f931fec7b5e4bc12f6d6456ecb:StorageUnit:LA2 4:hydro","true","LA2 4","[""GEM:G100000602436"", ""GEM:G100000602391"", ""GEM:G100001051335"", ""GEM:G100000602392"", ""GEM:G100001051350"", ""GEM:G100001051351"", ""GEM:G100000602401"", ""GEM:G100000602433"", ""GEM:G100000602434""]","9063405.924039809","9063405.924039809","11734.8","EXISTING_ACCEPTED","[""GEM:G100000602436"", ""GEM:G100000602391"", ""GEM:G100001051335"", ""GEM:G100000602392"", ""GEM:G100001051350"", ""GEM:G100001051351"", ""GEM:G100000602401"", ""GEM:G100000602433"", ""GEM:G100000602434""]","","0.22541516245487364","2043029.1187618978","","","2645.201848375451","a3d52c18e39844793209108ceaf57cf09a3e9b413d558be822ddf089f6e6a314","CONDITIONAL_REGIONAL_POOL_CAPACITY_SHARE","Each already accepted resource counted once; sum allocations equals its existing accepted envelope every snapshot. No new resource admission.","Same country/region/AC partition only; basin equivalence NOT established. Pooling transfers profiles/Emax between existing nodes and pending nodes; requires explicit new resource-allocation approval.","","PENDING","false","6855","70","1.6945559566787","a3d52c18e39844793209108ceaf57cf09a3e9b413d558be822ddf089f6e6a314","900ac300afdb31c5e6f77a4cff0fc7a722555522c6f32a7994bb00d812d82f14","","","","","",""
"LA:LA2:Reservoir","LA2 4 hydro","LA2 5","1440","","LA","Reservoir","06152be56ee41f64bfdca42fd24aeaf363ab61f931fec7b5e4bc12f6d6456ecb:StorageUnit:LA2 4:hydro","true","LA2 4","[""GEM:G100000602436"", ""GEM:G100000602391"", ""GEM:G100001051335"", ""GEM:G100000602392"", ""GEM:G100001051350"", ""GEM:G100001051351"", ""GEM:G100000602401"", ""GEM:G100000602433"", ""GEM:G100000602434""]","9063405.924039809","9063405.924039809","11734.8","EXISTING_ACCEPTED","[""GEM:G100000602413"", ""GEM:G100000602412"", ""GEM:G100000602414"", ""GEM:G100000602415"", ""GEM:G100000602418"", ""GEM:G100000602417"", ""GEM:G100000602416"", ""GEM:G100000602424""]","","0.20794223826714803","1884664.9141685667","","","2440.1605776173287","a3d52c18e39844793209108ceaf57cf09a3e9b413d558be822ddf089f6e6a314","CONDITIONAL_REGIONAL_POOL_CAPACITY_SHARE","Each already accepted resource counted once; sum allocations equals its existing accepted envelope every snapshot. No new resource admission.","Same country/region/AC partition only; basin equivalence NOT established. Pooling transfers profiles/Emax between existing nodes and pending nodes; requires explicit new resource-allocation approval.","","PENDING","false","6855","70","1.6945559566787005","a3d52c18e39844793209108ceaf57cf09a3e9b413d558be822ddf089f6e6a314","2fa0de2a3bd6e138fa43e46e106f4e56a423f95f928b15d5392f65db7ec836dc","","","","","",""
"LA:LA2:Reservoir","LA2 4 hydro","LA2 0","70","","LA","Reservoir","06152be56ee41f64bfdca42fd24aeaf363ab61f931fec7b5e4bc12f6d6456ecb:StorageUnit:LA2 4:hydro","true","LA2 4","[""GEM:G100000602436"", ""GEM:G100000602391"", ""GEM:G100001051335"", ""GEM:G100000602392"", ""GEM:G100001051350"", ""GEM:G100001051351"", ""GEM:G100000602401"", ""GEM:G100000602433"", ""GEM:G100000602434""]","9063405.924039809","9063405.924039809","11734.8","PENDING_NOT_IN_PRODUCTION","[""GEM:G100001051364""]","","0.010108303249097473","91615.6555498609","","","118.61891696750901","a3d52c18e39844793209108ceaf57cf09a3e9b413d558be822ddf089f6e6a314","CONDITIONAL_REGIONAL_POOL_CAPACITY_SHARE","Each already accepted resource counted once; sum allocations equals its existing accepted envelope every snapshot. No new resource admission.","Same country/region/AC partition only; basin equivalence NOT established. Pooling transfers profiles/Emax between existing nodes and pending nodes; requires explicit new resource-allocation approval.","","PENDING","false","6855","70","1.6945559566787","a3d52c18e39844793209108ceaf57cf09a3e9b413d558be822ddf089f6e6a314","8fa6bb7dd215f12de1f52a71458bafebdcc62dba0ad7aa0f35ab041510100cdd","","","","","",""
"LA:LA2:Reservoir","LA2 5 hydro","LA2 1","794","","LA","Reservoir","06152be56ee41f64bfdca42fd24aeaf363ab61f931fec7b5e4bc12f6d6456ecb:StorageUnit:LA2 5:hydro","true","LA2 5","[""GEM:G100000602413"", ""GEM:G100000602412"", ""GEM:G100000602414"", ""GEM:G100000602415"", ""GEM:G100000602418"", ""GEM:G100000602417"", ""GEM:G100000602416"", ""GEM:G100000602424""]","3064806.6351093766","3064806.6351093766","8757","EXISTING_ACCEPTED","[""GEM:G100000602411"", ""GEM:G100000602395"", ""GEM:G100001051361"", ""GEM:G100000602400"", ""GEM:G100000602406"", ""GEM:G100000602421"", ""GEM:G100001051376"", ""GEM:G100001051375""]","","0.11465703971119133","351401.65606885846","","","1004.0516967509025","39fe7322889b089b44cfe82b01eb9183449cd331e7fcfd57adad5565d2c61b2d","CONDITIONAL_REGIONAL_POOL_CAPACITY_SHARE","Each already accepted resource counted once; sum allocations equals its existing accepted envelope every snapshot. No new resource admission.","Same country/region/AC partition only; basin equivalence NOT established. Pooling transfers profiles/Emax between existing nodes and pending nodes; requires explicit new resource-allocation approval.","","PENDING","false","6855","70","1.2645487364620938","39fe7322889b089b44cfe82b01eb9183449cd331e7fcfd57adad5565d2c61b2d","424347155e2761c74ef1a607429b641e6a524a37dc1f32e5a3b4996708dcd202","","","","","",""
"LA:LA2:Reservoir","LA2 5 hydro","LA2 2","1930","","LA","Reservoir","06152be56ee41f64bfdca42fd24aeaf363ab61f931fec7b5e4bc12f6d6456ecb:StorageUnit:LA2 5:hydro","true","LA2 5","[""GEM:G100000602413"", ""GEM:G100000602412"", ""GEM:G100000602414"", ""GEM:G100000602415"", ""GEM:G100000602418"", ""GEM:G100000602417"", ""GEM:G100000602416"", ""GEM:G100000602424""]","3064806.6351093766","3064806.6351093766","8757","EXISTING_ACCEPTED","[""GEM:G100000602408"", ""GEM:G100000602402"", ""GEM:G100000602405"", ""GEM:G100000602407"", ""GEM:G100000602425""]","","0.27870036101083034","854162.7156333715","","","2440.5790613718414","39fe7322889b089b44cfe82b01eb9183449cd331e7fcfd57adad5565d2c61b2d","CONDITIONAL_REGIONAL_POOL_CAPACITY_SHARE","Each already accepted resource counted once; sum allocations equals its existing accepted envelope every snapshot. No new resource admission.","Same country/region/AC partition only; basin equivalence NOT established. Pooling transfers profiles/Emax between existing nodes and pending nodes; requires explicit new resource-allocation approval.","","PENDING","false","6855","70","1.264548736462094","39fe7322889b089b44cfe82b01eb9183449cd331e7fcfd57adad5565d2c61b2d","578e0fcae0c1467051211a6f6ec4a16a8174975bded9e36425f73ae0bdbc623c","","","","","",""
"LA:LA2:Reservoir","LA2 5 hydro","LA2 3","1130","","LA","Reservoir","06152be56ee41f64bfdca42fd24aeaf363ab61f931fec7b5e4bc12f6d6456ecb:StorageUnit:LA2 5:hydro","true","LA2 5","[""GEM:G100000602413"", ""GEM:G100000602412"", ""GEM:G100000602414"", ""GEM:G100000602415"", ""GEM:G100000602418"", ""GEM:G100000602417"", ""GEM:G100000602416"", ""GEM:G100000602424""]","3064806.6351093766","3064806.6351093766","8757","EXISTING_ACCEPTED","[""GEM:G100000602426"", ""GEM:G100001051355""]","","0.1631768953068592","500105.63143301016","","","1428.940072202166","39fe7322889b089b44cfe82b01eb9183449cd331e7fcfd57adad5565d2c61b2d","CONDITIONAL_REGIONAL_POOL_CAPACITY_SHARE","Each already accepted resource counted once; sum allocations equals its existing accepted envelope every snapshot. No new resource admission.","Same country/region/AC partition only; basin equivalence NOT established. Pooling transfers profiles/Emax between existing nodes and pending nodes; requires explicit new resource-allocation approval.","","PENDING","false","6855","70","1.2645487364620938","39fe7322889b089b44cfe82b01eb9183449cd331e7fcfd57adad5565d2c61b2d","211aecb9f9a3aa89141f73a04188abee08e012bc2a96c80bb0928e3c2da1a6bc","","","","","",""
"LA:LA2:Reservoir","LA2 5 hydro","LA2 4","1561","","LA","Reservoir","06152be56ee41f64bfdca42fd24aeaf363ab61f931fec7b5e4bc12f6d6456ecb:StorageUnit:LA2 5:hydro","true","LA2 5","[""GEM:G100000602413"", ""GEM:G100000602412"", ""GEM:G100000602414"", ""GEM:G100000602415"", ""GEM:G100000602418"", ""GEM:G100000602417"", ""GEM:G100000602416"", ""GEM:G100000602424""]","3064806.6351093766","3064806.6351093766","8757","EXISTING_ACCEPTED","[""GEM:G100000602436"", ""GEM:G100000602391"", ""GEM:G100001051335"", ""GEM:G100000602392"", ""GEM:G100001051350"", ""GEM:G100001051351"", ""GEM:G100000602401"", ""GEM:G100000602433"", ""GEM:G100000602434""]","","0.22541516245487364","690853.8855459548","","","1973.9605776173285","39fe7322889b089b44cfe82b01eb9183449cd331e7fcfd57adad5565d2c61b2d","CONDITIONAL_REGIONAL_POOL_CAPACITY_SHARE","Each already accepted resource counted once; sum allocations equals its existing accepted envelope every snapshot. No new resource admission.","Same country/region/AC partition only; basin equivalence NOT established. Pooling transfers profiles/Emax between existing nodes and pending nodes; requires explicit new resource-allocation approval.","","PENDING","false","6855","70","1.2645487364620938","39fe7322889b089b44cfe82b01eb9183449cd331e7fcfd57adad5565d2c61b2d","91532027baa5ca540dec76c3fc2155e8962008043fa0faf7d21b5160a6907ae6","","","","","",""
"LA:LA2:Reservoir","LA2 5 hydro","LA2 5","1440","","LA","Reservoir","06152be56ee41f64bfdca42fd24aeaf363ab61f931fec7b5e4bc12f6d6456ecb:StorageUnit:LA2 5:hydro","true","LA2 5","[""GEM:G100000602413"", ""GEM:G100000602412"", ""GEM:G100000602414"", ""GEM:G100000602415"", ""GEM:G100000602418"", ""GEM:G100000602417"", ""GEM:G100000602416"", ""GEM:G100000602424""]","3064806.6351093766","3064806.6351093766","8757","EXISTING_ACCEPTED","[""GEM:G100000602413"", ""GEM:G100000602412"", ""GEM:G100000602414"", ""GEM:G100000602415"", ""GEM:G100000602418"", ""GEM:G100000602417"", ""GEM:G100000602416"", ""GEM:G100000602424""]","","0.20794223826714803","637302.7515606504","","","1820.9501805054153","39fe7322889b089b44cfe82b01eb9183449cd331e7fcfd57adad5565d2c61b2d","CONDITIONAL_REGIONAL_POOL_CAPACITY_SHARE","Each already accepted resource counted once; sum allocations equals its existing accepted envelope every snapshot. No new resource admission.","Same country/region/AC partition only; basin equivalence NOT established. Pooling transfers profiles/Emax between existing nodes and pending nodes; requires explicit new resource-allocation approval.","","PENDING","false","6855","70","1.264548736462094","39fe7322889b089b44cfe82b01eb9183449cd331e7fcfd57adad5565d2c61b2d","fd618b800d6964e5f4de87fea9adfb077ec9ca5faca9f0e4308bf3f192372ebb","","","","","",""
"LA:LA2:Reservoir","LA2 5 hydro","LA2 0","70","","LA","Reservoir","06152be56ee41f64bfdca42fd24aeaf363ab61f931fec7b5e4bc12f6d6456ecb:StorageUnit:LA2 5:hydro","true","LA2 5","[""GEM:G100000602413"", ""GEM:G100000602412"", ""GEM:G100000602414"", ""GEM:G100000602415"", ""GEM:G100000602418"", ""GEM:G100000602417"", ""GEM:G100000602416"", ""GEM:G100000602424""]","3064806.6351093766","3064806.6351093766","8757","PENDING_NOT_IN_PRODUCTION","[""GEM:G100001051364""]","","0.010108303249097473","30979.994867531594","","","88.51841155234656","39fe7322889b089b44cfe82b01eb9183449cd331e7fcfd57adad5565d2c61b2d","CONDITIONAL_REGIONAL_POOL_CAPACITY_SHARE","Each already accepted resource counted once; sum allocations equals its existing accepted envelope every snapshot. No new resource admission.","Same country/region/AC partition only; basin equivalence NOT established. Pooling transfers profiles/Emax between existing nodes and pending nodes; requires explicit new resource-allocation approval.","","PENDING","false","6855","70","1.2645487364620938","39fe7322889b089b44cfe82b01eb9183449cd331e7fcfd57adad5565d2c61b2d","b8d06f1377a1d0d482e062c0b21ba473ef43bb021b15d9098b8e9baabc1ff2f5","","","","","",""
"MM:MM2:Reservoir","MM2 0 hydro","MM2 0","339","","MM","Reservoir","06152be56ee41f64bfdca42fd24aeaf363ab61f931fec7b5e4bc12f6d6456ecb:StorageUnit:MM2 0:hydro","true","MM2 0","[""GEM:G100000602550"", ""GEM:G100000602549""]","365128.3488737107","365128.3488737107","2034","EXISTING_ACCEPTED","[""GEM:G100000602550"", ""GEM:G100000602549""]","","0.13538338658146964","49432.312407423284","","","275.3698083067093","4f1dae6f62f2d12353f85af2f876d02be5a572b88edac65f3aa247c10e37abb2","CONDITIONAL_REGIONAL_POOL_CAPACITY_SHARE","Each already accepted resource counted once; sum allocations equals its existing accepted envelope every snapshot. No new resource admission.","Same country/region/AC partition only; basin equivalence NOT established. Pooling transfers profiles/Emax between existing nodes and pending nodes; requires explicit new resource-allocation approval.","","PENDING","false","2450","54","0.8123003194888179","4f1dae6f62f2d12353f85af2f876d02be5a572b88edac65f3aa247c10e37abb2","77c9e78f12371f999d3313f830ded96dc51bbc033dfc7908fcdd728f5b09a890","","","","","",""
"MM:MM2:Reservoir","MM2 0 hydro","MM2 10","245","","MM","Reservoir","06152be56ee41f64bfdca42fd24aeaf363ab61f931fec7b5e4bc12f6d6456ecb:StorageUnit:MM2 0:hydro","true","MM2 0","[""GEM:G100000602550"", ""GEM:G100000602549""]","365128.3488737107","365128.3488737107","2034","EXISTING_ACCEPTED","[""GEM:G100001027336"", ""GEM:G100001027338"", ""GEM:G100000602595""]","","0.09784345047923322","35725.41752158912","","","199.01357827476036","4f1dae6f62f2d12353f85af2f876d02be5a572b88edac65f3aa247c10e37abb2","CONDITIONAL_REGIONAL_POOL_CAPACITY_SHARE","Each already accepted resource counted once; sum allocations equals its existing accepted envelope every snapshot. No new resource admission.","Same country/region/AC partition only; basin equivalence NOT established. Pooling transfers profiles/Emax between existing nodes and pending nodes; requires explicit new resource-allocation approval.","","PENDING","false","2450","54","0.8123003194888178","4f1dae6f62f2d12353f85af2f876d02be5a572b88edac65f3aa247c10e37abb2","1a7e835279de69dfdb09624a2aefdc9a2d4d26910f2ee87b4c97326afc582e35","","","","","",""
"MM:MM2:Reservoir","MM2 0 hydro","MM2 12","56","","MM","Reservoir","06152be56ee41f64bfdca42fd24aeaf363ab61f931fec7b5e4bc12f6d6456ecb:StorageUnit:MM2 0:hydro","true","MM2 0","[""GEM:G100000602550"", ""GEM:G100000602549""]","365128.3488737107","365128.3488737107","2034","EXISTING_ACCEPTED","[""GEM:G100001027335""]","","0.022364217252396165","8165.809719220367","","","45.4888178913738","4f1dae6f62f2d12353f85af2f876d02be5a572b88edac65f3aa247c10e37abb2","CONDITIONAL_REGIONAL_POOL_CAPACITY_SHARE","Each already accepted resource counted once; sum allocations equals its existing accepted envelope every snapshot. No new resource admission.","Same country/region/AC partition only; basin equivalence NOT established. Pooling transfers profiles/Emax between existing nodes and pending nodes; requires explicit new resource-allocation approval.","","PENDING","false","2450","54","0.8123003194888179","4f1dae6f62f2d12353f85af2f876d02be5a572b88edac65f3aa247c10e37abb2","dae8838f84a6b000c7d320a13ee7814024435e62d881b1ab21968d453a2b6ed9","","","","","",""
"MM:MM2:Reservoir","MM2 0 hydro","MM2 5","1390","","MM","Reservoir","06152be56ee41f64bfdca42fd24aeaf363ab61f931fec7b5e4bc12f6d6456ecb:StorageUnit:MM2 0:hydro","true","MM2 0","[""GEM:G100000602550"", ""GEM:G100000602549""]","365128.3488737107","365128.3488737107","2034","EXISTING_ACCEPTED","[""GEM:G100000602601"", ""GEM:G100000602586""]","","0.555111821086262","202687.06267350554","","","1129.097444089457","4f1dae6f62f2d12353f85af2f876d02be5a572b88edac65f3aa247c10e37abb2","CONDITIONAL_REGIONAL_POOL_CAPACITY_SHARE","Each already accepted resource counted once; sum allocations equals its existing accepted envelope every snapshot. No new resource admission.","Same country/region/AC partition only; basin equivalence NOT established. Pooling transfers profiles/Emax between existing nodes and pending nodes; requires explicit new resource-allocation approval.","","PENDING","false","2450","54","0.812300319488818","4f1dae6f62f2d12353f85af2f876d02be5a572b88edac65f3aa247c10e37abb2","3b9100a3907abb5f16ec8ee72b87f9f9a8bc49cf9fc9179cd695a4075f45e419","","","","","",""
"MM:MM2:Reservoir","MM2 0 hydro","MM2 6","420","","MM","Reservoir","06152be56ee41f64bfdca42fd24aeaf363ab61f931fec7b5e4bc12f6d6456ecb:StorageUnit:MM2 0:hydro","true","MM2 0","[""GEM:G100000602550"", ""GEM:G100000602549""]","365128.3488737107","365128.3488737107","2034","EXISTING_ACCEPTED","[""GEM:G100000602582"", ""GEM:G100000602598""]","","0.16773162939297126","61243.57289415277","","","341.1661341853035","4f1dae6f62f2d12353f85af2f876d02be5a572b88edac65f3aa247c10e37abb2","CONDITIONAL_REGIONAL_POOL_CAPACITY_SHARE","Each already accepted resource counted once; sum allocations equals its existing accepted envelope every snapshot. No new resource admission.","Same country/region/AC partition only; basin equivalence NOT established. Pooling transfers profiles/Emax between existing nodes and pending nodes; requires explicit new resource-allocation approval.","","PENDING","false","2450","54","0.8123003194888179","4f1dae6f62f2d12353f85af2f876d02be5a572b88edac65f3aa247c10e37abb2","d48a67a67a58d83ee0ceb8f3b4e057eae9c7d4876590389efb54702852b2bebd","","","","","",""
"MM:MM2:Reservoir","MM2 0 hydro","MM2 7","54","","MM","Reservoir","06152be56ee41f64bfdca42fd24aeaf363ab61f931fec7b5e4bc12f6d6456ecb:StorageUnit:MM2 0:hydro","true","MM2 0","[""GEM:G100000602550"", ""GEM:G100000602549""]","365128.3488737107","365128.3488737107","2034","PENDING_NOT_IN_PRODUCTION","[""GEM:G100001027334""]","","0.02156549520766773","7874.173657819641","","","43.864217252396166","4f1dae6f62f2d12353f85af2f876d02be5a572b88edac65f3aa247c10e37abb2","CONDITIONAL_REGIONAL_POOL_CAPACITY_SHARE","Each already accepted resource counted once; sum allocations equals its existing accepted envelope every snapshot. No new resource admission.","Same country/region/AC partition only; basin equivalence NOT established. Pooling transfers profiles/Emax between existing nodes and pending nodes; requires explicit new resource-allocation approval.","","PENDING","false","2450","54","0.8123003194888179","4f1dae6f62f2d12353f85af2f876d02be5a572b88edac65f3aa247c10e37abb2","8b2c808ccfb40b2dca89d01d790a79a0a7f0542366daa091d7802887633e6440","","","","","",""
"MM:MM2:Reservoir","MM2 10 hydro","MM2 0","339","","MM","Reservoir","06152be56ee41f64bfdca42fd24aeaf363ab61f931fec7b5e4bc12f6d6456ecb:StorageUnit:MM2 10:hydro","true","MM2 10","[""GEM:G100001027336"", ""GEM:G100001027338"", ""GEM:G100000602595""]","292860.69825882156","292860.69825882156","839.9999999999999","EXISTING_ACCEPTED","[""GEM:G100000602550"", ""GEM:G100000602549""]","","0.13538338658146964","39648.47312689318","","","113.72204472843448","ed58f57852a2364c41aa3ea53fd71178bc007039d78e162d8861ff1a5b601ffc","CONDITIONAL_REGIONAL_POOL_CAPACITY_SHARE","Each already accepted resource counted once; sum allocations equals its existing accepted envelope every snapshot. No new resource admission.","Same country/region/AC partition only; basin equivalence NOT established. Pooling transfers profiles/Emax between existing nodes and pending nodes; requires explicit new resource-allocation approval.","","PENDING","false","2450","54","0.3354632587859424","ed58f57852a2364c41aa3ea53fd71178bc007039d78e162d8861ff1a5b601ffc","916669c97be930bf93ce00b0f87e02f3909041ee336b59991bba3c0e37f44d91","","","","","",""
"MM:MM2:Reservoir","MM2 10 hydro","MM2 10","245","","MM","Reservoir","06152be56ee41f64bfdca42fd24aeaf363ab61f931fec7b5e4bc12f6d6456ecb:StorageUnit:MM2 10:hydro","true","MM2 10","[""GEM:G100001027336"", ""GEM:G100001027338"", ""GEM:G100000602595""]","292860.69825882156","292860.69825882156","839.9999999999999","EXISTING_ACCEPTED","[""GEM:G100001027336"", ""GEM:G100001027338"", ""GEM:G100000602595""]","","0.09784345047923322","28654.50122740067","","","82.1884984025559","ed58f57852a2364c41aa3ea53fd71178bc007039d78e162d8861ff1a5b601ffc","CONDITIONAL_REGIONAL_POOL_CAPACITY_SHARE","Each already accepted resource counted once; sum allocations equals its existing accepted envelope every snapshot. No new resource admission.","Same country/region/AC partition only; basin equivalence NOT established. Pooling transfers profiles/Emax between existing nodes and pending nodes; requires explicit new resource-allocation approval.","","PENDING","false","2450","54","0.3354632587859424","ed58f57852a2364c41aa3ea53fd71178bc007039d78e162d8861ff1a5b601ffc","ff64fafd79b00fa41f7d34e6d8a9b709438aa08d6b447e455b9434eddd792a60","","","","","",""
"MM:MM2:Reservoir","MM2 10 hydro","MM2 12","56","","MM","Reservoir","06152be56ee41f64bfdca42fd24aeaf363ab61f931fec7b5e4bc12f6d6456ecb:StorageUnit:MM2 10:hydro","true","MM2 10","[""GEM:G100001027336"", ""GEM:G100001027338"", ""GEM:G100000602595""]","292860.69825882156","292860.69825882156","839.9999999999999","EXISTING_ACCEPTED","[""GEM:G100001027335""]","","0.022364217252396165","6549.600280548726","","","18.785942492012776","ed58f57852a2364c41aa3ea53fd71178bc007039d78e162d8861ff1a5b601ffc","CONDITIONAL_REGIONAL_POOL_CAPACITY_SHARE","Each already accepted resource counted once; sum allocations equals its existing accepted envelope every snapshot. No new resource admission.","Same country/region/AC partition only; basin equivalence NOT established. Pooling transfers profiles/Emax between existing nodes and pending nodes; requires explicit new resource-allocation approval.","","PENDING","false","2450","54","0.3354632587859424","ed58f57852a2364c41aa3ea53fd71178bc007039d78e162d8861ff1a5b601ffc","59fedffd99a2a3ad6da8a12d1bb18d6242b967eab0f01bbd5fdac4ba956a35af","","","","","",""
"MM:MM2:Reservoir","MM2 10 hydro","MM2 5","1390","","MM","Reservoir","06152be56ee41f64bfdca42fd24aeaf363ab61f931fec7b5e4bc12f6d6456ecb:StorageUnit:MM2 10:hydro","true","MM2 10","[""GEM:G100001027336"", ""GEM:G100001027338"", ""GEM:G100000602595""]","292860.69825882156","292860.69825882156","839.9999999999999","EXISTING_ACCEPTED","[""GEM:G100000602601"", ""GEM:G100000602586""]","","0.555111821086262","162570.43553504877","","","466.29392971246","ed58f57852a2364c41aa3ea53fd71178bc007039d78e162d8861ff1a5b601ffc","CONDITIONAL_REGIONAL_POOL_CAPACITY_SHARE","Each already accepted resource counted once; sum allocations equals its existing accepted envelope every snapshot. No new resource admission.","Same country/region/AC partition only; basin equivalence NOT established. Pooling transfers profiles/Emax between existing nodes and pending nodes; requires explicit new resource-allocation approval.","","PENDING","false","2450","54","0.33546325878594246","ed58f57852a2364c41aa3ea53fd71178bc007039d78e162d8861ff1a5b601ffc","fb97211cc89270b2ba7b0104f6f8ac6b54d71e0533ca9606a5f0b3c9acf258a4","","","","","",""
"MM:MM2:Reservoir","MM2 10 hydro","MM2 6","420","","MM","Reservoir","06152be56ee41f64bfdca42fd24aeaf363ab61f931fec7b5e4bc12f6d6456ecb:StorageUnit:MM2 10:hydro","true","MM2 10","[""GEM:G100001027336"", ""GEM:G100001027338"", ""GEM:G100000602595""]","292860.69825882156","292860.69825882156","839.9999999999999","EXISTING_ACCEPTED","[""GEM:G100000602582"", ""GEM:G100000602598""]","","0.16773162939297126","49122.00210411544","","","140.89456869009584","ed58f57852a2364c41aa3ea53fd71178bc007039d78e162d8861ff1a5b601ffc","CONDITIONAL_REGIONAL_POOL_CAPACITY_SHARE","Each already accepted resource counted once; sum allocations equals its existing accepted envelope every snapshot. No new resource admission.","Same country/region/AC partition only; basin equivalence NOT established. Pooling transfers profiles/Emax between existing nodes and pending nodes; requires explicit new resource-allocation approval.","","PENDING","false","2450","54","0.33546325878594246","ed58f57852a2364c41aa3ea53fd71178bc007039d78e162d8861ff1a5b601ffc","c4963656e15b132aaf4f9c57369cc5debf2599b04db3f801894667273765d12b","","","","","",""
"MM:MM2:Reservoir","MM2 10 hydro","MM2 7","54","","MM","Reservoir","06152be56ee41f64bfdca42fd24aeaf363ab61f931fec7b5e4bc12f6d6456ecb:StorageUnit:MM2 10:hydro","true","MM2 10","[""GEM:G100001027336"", ""GEM:G100001027338"", ""GEM:G100000602595""]","292860.69825882156","292860.69825882156","839.9999999999999","PENDING_NOT_IN_PRODUCTION","[""GEM:G100001027334""]","","0.02156549520766773","6315.6859848148415","","","18.11501597444089","ed58f57852a2364c41aa3ea53fd71178bc007039d78e162d8861ff1a5b601ffc","CONDITIONAL_REGIONAL_POOL_CAPACITY_SHARE","Each already accepted resource counted once; sum allocations equals its existing accepted envelope every snapshot. No new resource admission.","Same country/region/AC partition only; basin equivalence NOT established. Pooling transfers profiles/Emax between existing nodes and pending nodes; requires explicit new resource-allocation approval.","","PENDING","false","2450","54","0.3354632587859424","ed58f57852a2364c41aa3ea53fd71178bc007039d78e162d8861ff1a5b601ffc","d210b2d31aef6a8847b4dc2d81dad6c2fdde5de6dbc6cfc67d8822d626f6b085","","","","","",""
"MM:MM2:Reservoir","MM2 12 hydro","MM2 0","339","","MM","Reservoir","06152be56ee41f64bfdca42fd24aeaf363ab61f931fec7b5e4bc12f6d6456ecb:StorageUnit:MM2 12:hydro","true","MM2 12","[""GEM:G100001027335""]","1560278.003775405","1560278.003775405","336","EXISTING_ACCEPTED","[""GEM:G100000602550"", ""GEM:G100000602549""]","","0.13538338658146964","211235.72015968943","","","45.4888178913738","ac247966071526a236dcbcbf2bd014428768f9da7819019b06a559371aee3233","CONDITIONAL_REGIONAL_POOL_CAPACITY_SHARE","Each already accepted resource counted once; sum allocations equals its existing accepted envelope every snapshot. No new resource admission.","Same country/region/AC partition only; basin equivalence NOT established. Pooling transfers profiles/Emax between existing nodes and pending nodes; requires explicit new resource-allocation approval.","","PENDING","false","2450","54","0.134185303514377","ac247966071526a236dcbcbf2bd014428768f9da7819019b06a559371aee3233","136332e4b20ec3e458a392097743f28c063504a7d329e6685be4b841a0919052","","","","","",""
"MM:MM2:Reservoir","MM2 12 hydro","MM2 10","245","","MM","Reservoir","06152be56ee41f64bfdca42fd24aeaf363ab61f931fec7b5e4bc12f6d6456ecb:StorageUnit:MM2 12:hydro","true","MM2 12","[""GEM:G100001027335""]","1560278.003775405","1560278.003775405","336","EXISTING_ACCEPTED","[""GEM:G100001027336"", ""GEM:G100001027338"", ""GEM:G100000602595""]","","0.09784345047923322","152662.98359623572","","","32.87539936102236","ac247966071526a236dcbcbf2bd014428768f9da7819019b06a559371aee3233","CONDITIONAL_REGIONAL_POOL_CAPACITY_SHARE","Each already accepted resource counted once; sum allocations equals its existing accepted envelope every snapshot. No new resource admission.","Same country/region/AC partition only; basin equivalence NOT established. Pooling transfers profiles/Emax between existing nodes and pending nodes; requires explicit new resource-allocation approval.","","PENDING","false","2450","54","0.134185303514377","ac247966071526a236dcbcbf2bd014428768f9da7819019b06a559371aee3233","6a27f4e672eaa0cce40337e88dfb6be11d9c1af6b5ad8e373ebdeb50e61e3637","","","","","",""
"MM:MM2:Reservoir","MM2 12 hydro","MM2 12","56","","MM","Reservoir","06152be56ee41f64bfdca42fd24aeaf363ab61f931fec7b5e4bc12f6d6456ecb:StorageUnit:MM2 12:hydro","true","MM2 12","[""GEM:G100001027335""]","1560278.003775405","1560278.003775405","336","EXISTING_ACCEPTED","[""GEM:G100001027335""]","","0.022364217252396165","34894.396250568156","","","7.514376996805112","ac247966071526a236dcbcbf2bd014428768f9da7819019b06a559371aee3233","CONDITIONAL_REGIONAL_POOL_CAPACITY_SHARE","Each already accepted resource counted once; sum allocations equals its existing accepted envelope every snapshot. No new resource admission.","Same country/region/AC partition only; basin equivalence NOT established. Pooling transfers profiles/Emax between existing nodes and pending nodes; requires explicit new resource-allocation approval.","","PENDING","false","2450","54","0.134185303514377","ac247966071526a236dcbcbf2bd014428768f9da7819019b06a559371aee3233","643b249beb7ad4b8235d61a02f003c6634a62cd5ead65980fa7d38f67c6b48f0","","","","","",""
"MM:MM2:Reservoir","MM2 12 hydro","MM2 5","1390","","MM","Reservoir","06152be56ee41f64bfdca42fd24aeaf363ab61f931fec7b5e4bc12f6d6456ecb:StorageUnit:MM2 12:hydro","true","MM2 12","[""GEM:G100001027335""]","1560278.003775405","1560278.003775405","336","EXISTING_ACCEPTED","[""GEM:G100000602601"", ""GEM:G100000602586""]","","0.555111821086262","866128.7640766028","","","186.51757188498402","ac247966071526a236dcbcbf2bd014428768f9da7819019b06a559371aee3233","CONDITIONAL_REGIONAL_POOL_CAPACITY_SHARE","Each already accepted resource counted once; sum allocations equals its existing accepted envelope every snapshot. No new resource admission.","Same country/region/AC partition only; basin equivalence NOT established. Pooling transfers profiles/Emax between existing nodes and pending nodes; requires explicit new resource-allocation approval.","","PENDING","false","2450","54","0.134185303514377","ac247966071526a236dcbcbf2bd014428768f9da7819019b06a559371aee3233","366709bf913e1a507ad9975f171d879bfb6d6222ae5dc0c10ac908d645e37277","","","","","",""
"MM:MM2:Reservoir","MM2 12 hydro","MM2 6","420","","MM","Reservoir","06152be56ee41f64bfdca42fd24aeaf363ab61f931fec7b5e4bc12f6d6456ecb:StorageUnit:MM2 12:hydro","true","MM2 12","[""GEM:G100001027335""]","1560278.003775405","1560278.003775405","336","EXISTING_ACCEPTED","[""GEM:G100000602582"", ""GEM:G100000602598""]","","0.16773162939297126","261707.97187926123","","","56.357827476038345","ac247966071526a236dcbcbf2bd014428768f9da7819019b06a559371aee3233","CONDITIONAL_REGIONAL_POOL_CAPACITY_SHARE","Each already accepted resource counted once; sum allocations equals its existing accepted envelope every snapshot. No new resource admission.","Same country/region/AC partition only; basin equivalence NOT established. Pooling transfers profiles/Emax between existing nodes and pending nodes; requires explicit new resource-allocation approval.","","PENDING","false","2450","54","0.13418530351437702","ac247966071526a236dcbcbf2bd014428768f9da7819019b06a559371aee3233","1b80eb57633059c919c6db27a068226967fd1c16548b0547af5725d9aed104f4","","","","","",""
"MM:MM2:Reservoir","MM2 12 hydro","MM2 7","54","","MM","Reservoir","06152be56ee41f64bfdca42fd24aeaf363ab61f931fec7b5e4bc12f6d6456ecb:StorageUnit:MM2 12:hydro","true","MM2 12","[""GEM:G100001027335""]","1560278.003775405","1560278.003775405","336","PENDING_NOT_IN_PRODUCTION","[""GEM:G100001027334""]","","0.02156549520766773","33648.16781304788","","","7.246006389776357","ac247966071526a236dcbcbf2bd014428768f9da7819019b06a559371aee3233","CONDITIONAL_REGIONAL_POOL_CAPACITY_SHARE","Each already accepted resource counted once; sum allocations equals its existing accepted envelope every snapshot. No new resource admission.","Same country/region/AC partition only; basin equivalence NOT established. Pooling transfers profiles/Emax between existing nodes and pending nodes; requires explicit new resource-allocation approval.","","PENDING","false","2450","54","0.134185303514377","ac247966071526a236dcbcbf2bd014428768f9da7819019b06a559371aee3233","2ee363db13855407da4370ba2e5d99c449fd25607c4d223ab63fc75b0ec82813","","","","","",""
"MM:MM2:Reservoir","MM2 5 hydro","MM2 0","339","","MM","Reservoir","06152be56ee41f64bfdca42fd24aeaf363ab61f931fec7b5e4bc12f6d6456ecb:StorageUnit:MM2 5:hydro","true","MM2 5","[""GEM:G100000602601"", ""GEM:G100000602586""]","1708383.523433123","1708383.523433123","10170","EXISTING_ACCEPTED","[""GEM:G100000602550"", ""GEM:G100000602549""]","","0.13538338658146964","231286.74698235973","","","1376.8490415335464","75eae0fb9028e72ff59c4c1537fb83a28fbdb6c59af2ae21a13a88c259d202f2","CONDITIONAL_REGIONAL_POOL_CAPACITY_SHARE","Each already accepted resource counted once; sum allocations equals its existing accepted envelope every snapshot. No new resource admission.","Same country/region/AC partition only; basin equivalence NOT established. Pooling transfers profiles/Emax between existing nodes and pending nodes; requires explicit new resource-allocation approval.","","PENDING","false","2450","54","4.06150159744409","75eae0fb9028e72ff59c4c1537fb83a28fbdb6c59af2ae21a13a88c259d202f2","266e9be2e349b844ede7644aa642fd5a041b1dcb05e63d5c48f9e77449e7958e","","","","","",""
"MM:MM2:Reservoir","MM2 5 hydro","MM2 10","245","","MM","Reservoir","06152be56ee41f64bfdca42fd24aeaf363ab61f931fec7b5e4bc12f6d6456ecb:StorageUnit:MM2 5:hydro","true","MM2 5","[""GEM:G100000602601"", ""GEM:G100000602586""]","1708383.523433123","1708383.523433123","10170","EXISTING_ACCEPTED","[""GEM:G100001027336"", ""GEM:G100001027338"", ""GEM:G100000602595""]","","0.09784345047923322","167154.13867456676","","","995.0678913738019","75eae0fb9028e72ff59c4c1537fb83a28fbdb6c59af2ae21a13a88c259d202f2","CONDITIONAL_REGIONAL_POOL_CAPACITY_SHARE","Each already accepted resource counted once; sum allocations equals its existing accepted envelope every snapshot. No new resource admission.","Same country/region/AC partition only; basin equivalence NOT established. Pooling transfers profiles/Emax between existing nodes and pending nodes; requires explicit new resource-allocation approval.","","PENDING","false","2450","54","4.06150159744409","75eae0fb9028e72ff59c4c1537fb83a28fbdb6c59af2ae21a13a88c259d202f2","30d26cac8a1078eabe1fb82c6ecd6e88a9a45ca6215dd32f909ca8965b96b6d7","","","","","",""
"MM:MM2:Reservoir","MM2 5 hydro","MM2 12","56","","MM","Reservoir","06152be56ee41f64bfdca42fd24aeaf363ab61f931fec7b5e4bc12f6d6456ecb:StorageUnit:MM2 5:hydro","true","MM2 5","[""GEM:G100000602601"", ""GEM:G100000602586""]","1708383.523433123","1708383.523433123","10170","EXISTING_ACCEPTED","[""GEM:G100001027335""]","","0.022364217252396165","38206.660268472406","","","227.444089456869","75eae0fb9028e72ff59c4c1537fb83a28fbdb6c59af2ae21a13a88c259d202f2","CONDITIONAL_REGIONAL_POOL_CAPACITY_SHARE","Each already accepted resource counted once; sum allocations equals its existing accepted envelope every snapshot. No new resource admission.","Same country/region/AC partition only; basin equivalence NOT established. Pooling transfers profiles/Emax between existing nodes and pending nodes; requires explicit new resource-allocation approval.","","PENDING","false","2450","54","4.06150159744409","75eae0fb9028e72ff59c4c1537fb83a28fbdb6c59af2ae21a13a88c259d202f2","df24a636c032fa5ad7ae3368e8d52d28583b41658dd0c249bd5c2e6a3fe2ceac","","","","","",""
"MM:MM2:Reservoir","MM2 5 hydro","MM2 5","1390","","MM","Reservoir","06152be56ee41f64bfdca42fd24aeaf363ab61f931fec7b5e4bc12f6d6456ecb:StorageUnit:MM2 5:hydro","true","MM2 5","[""GEM:G100000602601"", ""GEM:G100000602586""]","1708383.523433123","1708383.523433123","10170","EXISTING_ACCEPTED","[""GEM:G100000602601"", ""GEM:G100000602586""]","","0.555111821086262","948343.888806726","","","5645.487220447285","75eae0fb9028e72ff59c4c1537fb83a28fbdb6c59af2ae21a13a88c259d202f2","CONDITIONAL_REGIONAL_POOL_CAPACITY_SHARE","Each already accepted resource counted once; sum allocations equals its existing accepted envelope every snapshot. No new resource admission.","Same country/region/AC partition only; basin equivalence NOT established. Pooling transfers profiles/Emax between existing nodes and pending nodes; requires explicit new resource-allocation approval.","","PENDING","false","2450","54","4.06150159744409","75eae0fb9028e72ff59c4c1537fb83a28fbdb6c59af2ae21a13a88c259d202f2","cd72b322532747b3aba9da88fc6c5e1ab735473b96c24ee2bc0804c9012eb2e3","","","","","",""
"MM:MM2:Reservoir","MM2 5 hydro","MM2 6","420","","MM","Reservoir","06152be56ee41f64bfdca42fd24aeaf363ab61f931fec7b5e4bc12f6d6456ecb:StorageUnit:MM2 5:hydro","true","MM2 5","[""GEM:G100000602601"", ""GEM:G100000602586""]","1708383.523433123","1708383.523433123","10170","EXISTING_ACCEPTED","[""GEM:G100000602582"", ""GEM:G100000602598""]","","0.16773162939297126","286549.9520135431","","","1705.8306709265178","75eae0fb9028e72ff59c4c1537fb83a28fbdb6c59af2ae21a13a88c259d202f2","CONDITIONAL_REGIONAL_POOL_CAPACITY_SHARE","Each already accepted resource counted once; sum allocations equals its existing accepted envelope every snapshot. No new resource admission.","Same country/region/AC partition only; basin equivalence NOT established. Pooling transfers profiles/Emax between existing nodes and pending nodes; requires explicit new resource-allocation approval.","","PENDING","false","2450","54","4.06150159744409","75eae0fb9028e72ff59c4c1537fb83a28fbdb6c59af2ae21a13a88c259d202f2","15a52dea30ce290c17092ecf1b9d99c162ec1bbffd11f0f42e4b8db7ca7eb002","","","","","",""
"MM:MM2:Reservoir","MM2 5 hydro","MM2 7","54","","MM","Reservoir","06152be56ee41f64bfdca42fd24aeaf363ab61f931fec7b5e4bc12f6d6456ecb:StorageUnit:MM2 5:hydro","true","MM2 5","[""GEM:G100000602601"", ""GEM:G100000602586""]","1708383.523433123","1708383.523433123","10170","PENDING_NOT_IN_PRODUCTION","[""GEM:G100001027334""]","","0.02156549520766773","36842.13668745553","","","219.3210862619808","75eae0fb9028e72ff59c4c1537fb83a28fbdb6c59af2ae21a13a88c259d202f2","CONDITIONAL_REGIONAL_POOL_CAPACITY_SHARE","Each already accepted resource counted once; sum allocations equals its existing accepted envelope every snapshot. No new resource admission.","Same country/region/AC partition only; basin equivalence NOT established. Pooling transfers profiles/Emax between existing nodes and pending nodes; requires explicit new resource-allocation approval.","","PENDING","false","2450","54","4.061501597444089","75eae0fb9028e72ff59c4c1537fb83a28fbdb6c59af2ae21a13a88c259d202f2","6ec6bce2e784458d5d97d9900c637d1ca10e53cb67ef3b531f612a8b0dea3657","","","","","",""
"MM:MM2:Reservoir","MM2 6 hydro","MM2 0","339","","MM","Reservoir","06152be56ee41f64bfdca42fd24aeaf363ab61f931fec7b5e4bc12f6d6456ecb:StorageUnit:MM2 6:hydro","true","MM2 6","[""GEM:G100000602582"", ""GEM:G100000602598""]","103862.46242354342","103862.46242354342","3432","EXISTING_ACCEPTED","[""GEM:G100000602550"", ""GEM:G100000602549""]","","0.13538338658146964","14061.251901589943","","","464.6357827476038","3cc5654e2e2f8ccf9996e1e74ceb4b15c19e01ae0d2894b3c1e699a53fb53722","CONDITIONAL_REGIONAL_POOL_CAPACITY_SHARE","Each already accepted resource counted once; sum allocations equals its existing accepted envelope every snapshot. No new resource admission.","Same country/region/AC partition only; basin equivalence NOT established. Pooling transfers profiles/Emax between existing nodes and pending nodes; requires explicit new resource-allocation approval.","","PENDING","false","2450","54","1.3706070287539935","3cc5654e2e2f8ccf9996e1e74ceb4b15c19e01ae0d2894b3c1e699a53fb53722","e8145a865046bd9195c3440d301b96368f439583410cac1a6e6d2a155e7f86d4","","","","","",""
"MM:MM2:Reservoir","MM2 6 hydro","MM2 10","245","","MM","Reservoir","06152be56ee41f64bfdca42fd24aeaf363ab61f931fec7b5e4bc12f6d6456ecb:StorageUnit:MM2 6:hydro","true","MM2 6","[""GEM:G100000602582"", ""GEM:G100000602598""]","103862.46242354342","103862.46242354342","3432","EXISTING_ACCEPTED","[""GEM:G100001027336"", ""GEM:G100001027338"", ""GEM:G100000602595""]","","0.09784345047923322","10162.261698789194","","","335.79872204472844","3cc5654e2e2f8ccf9996e1e74ceb4b15c19e01ae0d2894b3c1e699a53fb53722","CONDITIONAL_REGIONAL_POOL_CAPACITY_SHARE","Each already accepted resource counted once; sum allocations equals its existing accepted envelope every snapshot. No new resource admission.","Same country/region/AC partition only; basin equivalence NOT established. Pooling transfers profiles/Emax between existing nodes and pending nodes; requires explicit new resource-allocation approval.","","PENDING","false","2450","54","1.3706070287539935","3cc5654e2e2f8ccf9996e1e74ceb4b15c19e01ae0d2894b3c1e699a53fb53722","7ebe67ef2f5a580322534118d78628ca16636f4ed351e2fd702effdacd88f90f","","","","","",""
"MM:MM2:Reservoir","MM2 6 hydro","MM2 12","56","","MM","Reservoir","06152be56ee41f64bfdca42fd24aeaf363ab61f931fec7b5e4bc12f6d6456ecb:StorageUnit:MM2 6:hydro","true","MM2 6","[""GEM:G100000602582"", ""GEM:G100000602598""]","103862.46242354342","103862.46242354342","3432","EXISTING_ACCEPTED","[""GEM:G100001027335""]","","0.022364217252396165","2322.8026740089576","","","76.75399361022365","3cc5654e2e2f8ccf9996e1e74ceb4b15c19e01ae0d2894b3c1e699a53fb53722","CONDITIONAL_REGIONAL_POOL_CAPACITY_SHARE","Each already accepted resource counted once; sum allocations equals its existing accepted envelope every snapshot. No new resource admission.","Same country/region/AC partition only; basin equivalence NOT established. Pooling transfers profiles/Emax between existing nodes and pending nodes; requires explicit new resource-allocation approval.","","PENDING","false","2450","54","1.3706070287539938","3cc5654e2e2f8ccf9996e1e74ceb4b15c19e01ae0d2894b3c1e699a53fb53722","6e4724cccffe0c4189dae910aa5985dbf3f51ab8fbbc803355d95f0a91a7d8f8","","","","","",""
"MM:MM2:Reservoir","MM2 6 hydro","MM2 5","1390","","MM","Reservoir","06152be56ee41f64bfdca42fd24aeaf363ab61f931fec7b5e4bc12f6d6456ecb:StorageUnit:MM2 6:hydro","true","MM2 6","[""GEM:G100000602582"", ""GEM:G100000602598""]","103862.46242354342","103862.46242354342","3432","EXISTING_ACCEPTED","[""GEM:G100000602601"", ""GEM:G100000602586""]","","0.555111821086262","57655.28065843664","","","1905.1437699680512","3cc5654e2e2f8ccf9996e1e74ceb4b15c19e01ae0d2894b3c1e699a53fb53722","CONDITIONAL_REGIONAL_POOL_CAPACITY_SHARE","Each already accepted resource counted once; sum allocations equals its existing accepted envelope every snapshot. No new resource admission.","Same country/region/AC partition only; basin equivalence NOT established. Pooling transfers profiles/Emax between existing nodes and pending nodes; requires explicit new resource-allocation approval.","","PENDING","false","2450","54","1.3706070287539938","3cc5654e2e2f8ccf9996e1e74ceb4b15c19e01ae0d2894b3c1e699a53fb53722","71535afc05970d634fe1d541c32c7e433917bb8c4432b5dccdf0d3dcd3b6f047","","","","","",""
"MM:MM2:Reservoir","MM2 6 hydro","MM2 6","420","","MM","Reservoir","06152be56ee41f64bfdca42fd24aeaf363ab61f931fec7b5e4bc12f6d6456ecb:StorageUnit:MM2 6:hydro","true","MM2 6","[""GEM:G100000602582"", ""GEM:G100000602598""]","103862.46242354342","103862.46242354342","3432","EXISTING_ACCEPTED","[""GEM:G100000602582"", ""GEM:G100000602598""]","","0.16773162939297126","17421.020055067187","","","575.6549520766773","3cc5654e2e2f8ccf9996e1e74ceb4b15c19e01ae0d2894b3c1e699a53fb53722","CONDITIONAL_REGIONAL_POOL_CAPACITY_SHARE","Each already accepted resource counted once; sum allocations equals its existing accepted envelope every snapshot. No new resource admission.","Same country/region/AC partition only; basin equivalence NOT established. Pooling transfers profiles/Emax between existing nodes and pending nodes; requires explicit new resource-allocation approval.","","PENDING","false","2450","54","1.3706070287539935","3cc5654e2e2f8ccf9996e1e74ceb4b15c19e01ae0d2894b3c1e699a53fb53722","1653681247f3f43ff75f35395b370b41e6d403c72052da24fed55e7c0dbb91e2","","","","","",""
"MM:MM2:Reservoir","MM2 6 hydro","MM2 7","54","","MM","Reservoir","06152be56ee41f64bfdca42fd24aeaf363ab61f931fec7b5e4bc12f6d6456ecb:StorageUnit:MM2 6:hydro","true","MM2 6","[""GEM:G100000602582"", ""GEM:G100000602598""]","103862.46242354342","103862.46242354342","3432","PENDING_NOT_IN_PRODUCTION","[""GEM:G100001027334""]","","0.02156549520766773","2239.8454356514953","","","74.01277955271566","3cc5654e2e2f8ccf9996e1e74ceb4b15c19e01ae0d2894b3c1e699a53fb53722","CONDITIONAL_REGIONAL_POOL_CAPACITY_SHARE","Each already accepted resource counted once; sum allocations equals its existing accepted envelope every snapshot. No new resource admission.","Same country/region/AC partition only; basin equivalence NOT established. Pooling transfers profiles/Emax between existing nodes and pending nodes; requires explicit new resource-allocation approval.","","PENDING","false","2450","54","1.3706070287539935","3cc5654e2e2f8ccf9996e1e74ceb4b15c19e01ae0d2894b3c1e699a53fb53722","81fc518bb072b794ad65247286cf88e50f765d0c9f2c8b02fb93716289fcb17f","","","","","",""
"MM:MM2:Run-Of-River","MM2 10 ror","MM2 10","149","","MM","Run-Of-River","06152be56ee41f64bfdca42fd24aeaf363ab61f931fec7b5e4bc12f6d6456ecb:Generator:MM2 10:ror","true","MM2 10","[""GEM:G100001027337"", ""GEM:G100000602585""]","620455.854569672","521154.2855678757","","EXISTING_ACCEPTED","[""GEM:G100001027337"", ""GEM:G100000602585""]","","0.29215686274509806","152258.8010776735","","","","877f5135b56443c28a740df43f32e0500f5967e4e7a5ebc09cf5b5c9ddcb58c1","CONDITIONAL_REGIONAL_POOL_CAPACITY_SHARE","Each already accepted resource counted once; sum allocations equals its existing accepted envelope every snapshot. No new resource admission.","Same country/region/AC partition only; basin equivalence NOT established. Pooling transfers profiles/Emax between existing nodes and pending nodes; requires explicit new resource-allocation approval.","","PENDING","false","444","66","","13b7a1a28b70e76479af3e6c43cb853db981b4a0e37380d1d24d439666b5af4d","51e362d70f2ab75312302cbd9823c8f235d097d1b66efdf4fb87b620e51ceacf","Retain currently turbine-clipped accepted envelope; do not recover previously clipped water or increase resource with new turbines","","","","",""
"MM:MM2:Run-Of-River","MM2 10 ror","MM2 15","75","","MM","Run-Of-River","06152be56ee41f64bfdca42fd24aeaf363ab61f931fec7b5e4bc12f6d6456ecb:Generator:MM2 10:ror","true","MM2 10","[""GEM:G100001027337"", ""GEM:G100000602585""]","620455.854569672","521154.2855678757","","EXISTING_ACCEPTED","[""GEM:G100000602572""]","","0.14705882352941177","76640.33611292284","","","","877f5135b56443c28a740df43f32e0500f5967e4e7a5ebc09cf5b5c9ddcb58c1","CONDITIONAL_REGIONAL_POOL_CAPACITY_SHARE","Each already accepted resource counted once; sum allocations equals its existing accepted envelope every snapshot. No new resource admission.","Same country/region/AC partition only; basin equivalence NOT established. Pooling transfers profiles/Emax between existing nodes and pending nodes; requires explicit new resource-allocation approval.","","PENDING","false","444","66","","13b7a1a28b70e76479af3e6c43cb853db981b4a0e37380d1d24d439666b5af4d","9482b5fa1b611fc04ac31dccc49f2891d0d55c2b2228f075f4a7973ba45ebb67","Retain currently turbine-clipped accepted envelope; do not recover previously clipped water or increase resource with new turbines","","","","",""
"MM:MM2:Run-Of-River","MM2 10 ror","MM2 6","220","","MM","Run-Of-River","06152be56ee41f64bfdca42fd24aeaf363ab61f931fec7b5e4bc12f6d6456ecb:Generator:MM2 10:ror","true","MM2 10","[""GEM:G100001027337"", ""GEM:G100000602585""]","620455.854569672","521154.2855678757","","EXISTING_ACCEPTED","[""GEM:G100000602545"", ""GEM:G100001051555""]","","0.43137254901960786","224811.6525979071","","","","877f5135b56443c28a740df43f32e0500f5967e4e7a5ebc09cf5b5c9ddcb58c1","CONDITIONAL_REGIONAL_POOL_CAPACITY_SHARE","Each already accepted resource counted once; sum allocations equals its existing accepted envelope every snapshot. No new resource admission.","Same country/region/AC partition only; basin equivalence NOT established. Pooling transfers profiles/Emax between existing nodes and pending nodes; requires explicit new resource-allocation approval.","","PENDING","false","444","66","","13b7a1a28b70e76479af3e6c43cb853db981b4a0e37380d1d24d439666b5af4d","39e739935e3e22aa6c5eb782b16f6e7ecfb06387152129f7ebe7c15d2064f72e","Retain currently turbine-clipped accepted envelope; do not recover previously clipped water or increase resource with new turbines","","","","",""
"MM:MM2:Run-Of-River","MM2 10 ror","MM2 13","66","","MM","Run-Of-River","06152be56ee41f64bfdca42fd24aeaf363ab61f931fec7b5e4bc12f6d6456ecb:Generator:MM2 10:ror","true","MM2 10","[""GEM:G100001027337"", ""GEM:G100000602585""]","620455.854569672","521154.2855678757","","PENDING_NOT_IN_PRODUCTION","[""GEM:G100001051557""]","","0.12941176470588237","67443.49577937217","","","","877f5135b56443c28a740df43f32e0500f5967e4e7a5ebc09cf5b5c9ddcb58c1","CONDITIONAL_REGIONAL_POOL_CAPACITY_SHARE","Each already accepted resource counted once; sum allocations equals its existing accepted envelope every snapshot. No new resource admission.","Same country/region/AC partition only; basin equivalence NOT established. Pooling transfers profiles/Emax between existing nodes and pending nodes; requires explicit new resource-allocation approval.","","PENDING","false","444","66","","13b7a1a28b70e76479af3e6c43cb853db981b4a0e37380d1d24d439666b5af4d","d8e9117dd87d6ac1ede6180b40767b32f6523c5caccba70cd1ee7a21303c9a40","Retain currently turbine-clipped accepted envelope; do not recover previously clipped water or increase resource with new turbines","","","","",""
"MM:MM2:Run-Of-River","MM2 15 ror","MM2 10","149","","MM","Run-Of-River","06152be56ee41f64bfdca42fd24aeaf363ab61f931fec7b5e4bc12f6d6456ecb:Generator:MM2 15:ror","true","MM2 15","[""GEM:G100000602572""]","45319.0457664119","45319.0457664119","","EXISTING_ACCEPTED","[""GEM:G100001027337"", ""GEM:G100000602585""]","","0.29215686274509806","13240.27023371642","","","","adc210ce85f0435d0ccfb3fb63270a61e6298afa14422f0d579a880f6c7f4152","CONDITIONAL_REGIONAL_POOL_CAPACITY_SHARE","Each already accepted resource counted once; sum allocations equals its existing accepted envelope every snapshot. No new resource admission.","Same country/region/AC partition only; basin equivalence NOT established. Pooling transfers profiles/Emax between existing nodes and pending nodes; requires explicit new resource-allocation approval.","","PENDING","false","444","66","","adc210ce85f0435d0ccfb3fb63270a61e6298afa14422f0d579a880f6c7f4152","659886b3e634664294a879f1ea7b996f93760f54026109f7f8e42f27e759644a","Retain currently turbine-clipped accepted envelope; do not recover previously clipped water or increase resource with new turbines","","","","",""
"MM:MM2:Run-Of-River","MM2 15 ror","MM2 15","75","","MM","Run-Of-River","06152be56ee41f64bfdca42fd24aeaf363ab61f931fec7b5e4bc12f6d6456ecb:Generator:MM2 15:ror","true","MM2 15","[""GEM:G100000602572""]","45319.0457664119","45319.0457664119","","EXISTING_ACCEPTED","[""GEM:G100000602572""]","","0.14705882352941177","6664.565553884102","","","","adc210ce85f0435d0ccfb3fb63270a61e6298afa14422f0d579a880f6c7f4152","CONDITIONAL_REGIONAL_POOL_CAPACITY_SHARE","Each already accepted resource counted once; sum allocations equals its existing accepted envelope every snapshot. No new resource admission.","Same country/region/AC partition only; basin equivalence NOT established. Pooling transfers profiles/Emax between existing nodes and pending nodes; requires explicit new resource-allocation approval.","","PENDING","false","444","66","","adc210ce85f0435d0ccfb3fb63270a61e6298afa14422f0d579a880f6c7f4152","a2ee98e39cc63caef4698ce0df80c12353bda6a31e2d16fe32e1bc859613d615","Retain currently turbine-clipped accepted envelope; do not recover previously clipped water or increase resource with new turbines","","","","",""
"MM:MM2:Run-Of-River","MM2 15 ror","MM2 6","220","","MM","Run-Of-River","06152be56ee41f64bfdca42fd24aeaf363ab61f931fec7b5e4bc12f6d6456ecb:Generator:MM2 15:ror","true","MM2 15","[""GEM:G100000602572""]","45319.0457664119","45319.0457664119","","EXISTING_ACCEPTED","[""GEM:G100000602545"", ""GEM:G100001051555""]","","0.43137254901960786","19549.39229139337","","","","adc210ce85f0435d0ccfb3fb63270a61e6298afa14422f0d579a880f6c7f4152","CONDITIONAL_REGIONAL_POOL_CAPACITY_SHARE","Each already accepted resource counted once; sum allocations equals its existing accepted envelope every snapshot. No new resource admission.","Same country/region/AC partition only; basin equivalence NOT established. Pooling transfers profiles/Emax between existing nodes and pending nodes; requires explicit new resource-allocation approval.","","PENDING","false","444","66","","adc210ce85f0435d0ccfb3fb63270a61e6298afa14422f0d579a880f6c7f4152","f615b8b705fbcd96f2772babfe2d42c0254cc049636b47382c6e1173c5fa1182","Retain currently turbine-clipped accepted envelope; do not recover previously clipped water or increase resource with new turbines","","","","",""
"MM:MM2:Run-Of-River","MM2 15 ror","MM2 13","66","","MM","Run-Of-River","06152be56ee41f64bfdca42fd24aeaf363ab61f931fec7b5e4bc12f6d6456ecb:Generator:MM2 15:ror","true","MM2 15","[""GEM:G100000602572""]","45319.0457664119","45319.0457664119","","PENDING_NOT_IN_PRODUCTION","[""GEM:G100001051557""]","","0.12941176470588237","5864.817687418012","","","","adc210ce85f0435d0ccfb3fb63270a61e6298afa14422f0d579a880f6c7f4152","CONDITIONAL_REGIONAL_POOL_CAPACITY_SHARE","Each already accepted resource counted once; sum allocations equals its existing accepted envelope every snapshot. No new resource admission.","Same country/region/AC partition only; basin equivalence NOT established. Pooling transfers profiles/Emax between existing nodes and pending nodes; requires explicit new resource-allocation approval.","","PENDING","false","444","66","","adc210ce85f0435d0ccfb3fb63270a61e6298afa14422f0d579a880f6c7f4152","5d466f4b0d715b3b66547ad72525bab4e453b35baabc0e98daa4971aae5d7305","Retain currently turbine-clipped accepted envelope; do not recover previously clipped water or increase resource with new turbines","","","","",""
"MM:MM2:Run-Of-River","MM2 6 ror","MM2 10","149","","MM","Run-Of-River","06152be56ee41f64bfdca42fd24aeaf363ab61f931fec7b5e4bc12f6d6456ecb:Generator:MM2 6:ror","true","MM2 6","[""GEM:G100000602545"", ""GEM:G100001051555""]","174453.03569334472","174130.62459960722","","EXISTING_ACCEPTED","[""GEM:G100001027337"", ""GEM:G100000602585""]","","0.29215686274509806","50873.45699086564","","","","5da3b5d3fca7a6fa695b21dcb417f6c701ba3389f61c0e760df4466ed7cab969","CONDITIONAL_REGIONAL_POOL_CAPACITY_SHARE","Each already accepted resource counted once; sum allocations equals its existing accepted envelope every snapshot. No new resource admission.","Same country/region/AC partition only; basin equivalence NOT established. Pooling transfers profiles/Emax between existing nodes and pending nodes; requires explicit new resource-allocation approval.","","PENDING","false","444","66","","e5b7564e53da25d523a9cd24c187c0b40bceaff4d9f4af88b0bacb78d68f6ae5","de67297356259f90ab1a5e65fe64b616a6c09c2040c835644558081c7e06008b","Retain currently turbine-clipped accepted envelope; do not recover previously clipped water or increase resource with new turbines","","","","",""
"MM:MM2:Run-Of-River","MM2 6 ror","MM2 15","75","","MM","Run-Of-River","06152be56ee41f64bfdca42fd24aeaf363ab61f931fec7b5e4bc12f6d6456ecb:Generator:MM2 6:ror","true","MM2 6","[""GEM:G100000602545"", ""GEM:G100001051555""]","174453.03569334472","174130.62459960722","","EXISTING_ACCEPTED","[""GEM:G100000602572""]","","0.14705882352941177","25607.444794059884","","","","5da3b5d3fca7a6fa695b21dcb417f6c701ba3389f61c0e760df4466ed7cab969","CONDITIONAL_REGIONAL_POOL_CAPACITY_SHARE","Each already accepted resource counted once; sum allocations equals its existing accepted envelope every snapshot. No new resource admission.","Same country/region/AC partition only; basin equivalence NOT established. Pooling transfers profiles/Emax between existing nodes and pending nodes; requires explicit new resource-allocation approval.","","PENDING","false","444","66","","e5b7564e53da25d523a9cd24c187c0b40bceaff4d9f4af88b0bacb78d68f6ae5","424a11e81870a3267f5b582ed1bbbbc80ae6876337562aa3ff1f966671e91be7","Retain currently turbine-clipped accepted envelope; do not recover previously clipped water or increase resource with new turbines","","","","",""
"MM:MM2:Run-Of-River","MM2 6 ror","MM2 6","220","","MM","Run-Of-River","06152be56ee41f64bfdca42fd24aeaf363ab61f931fec7b5e4bc12f6d6456ecb:Generator:MM2 6:ror","true","MM2 6","[""GEM:G100000602545"", ""GEM:G100001051555""]","174453.03569334472","174130.62459960722","","EXISTING_ACCEPTED","[""GEM:G100000602545"", ""GEM:G100001051555""]","","0.43137254901960786","75115.17139590898","","","","5da3b5d3fca7a6fa695b21dcb417f6c701ba3389f61c0e760df4466ed7cab969","CONDITIONAL_REGIONAL_POOL_CAPACITY_SHARE","Each already accepted resource counted once; sum allocations equals its existing accepted envelope every snapshot. No new resource admission.","Same country/region/AC partition only; basin equivalence NOT established. Pooling transfers profiles/Emax between existing nodes and pending nodes; requires explicit new resource-allocation approval.","","PENDING","false","444","66","","e5b7564e53da25d523a9cd24c187c0b40bceaff4d9f4af88b0bacb78d68f6ae5","b877ae042f6d37dc4e25937fa4def59ef64994d96fd7e3ab31cb44655e44a0c5","Retain currently turbine-clipped accepted envelope; do not recover previously clipped water or increase resource with new turbines","","","","",""
"MM:MM2:Run-Of-River","MM2 6 ror","MM2 13","66","","MM","Run-Of-River","06152be56ee41f64bfdca42fd24aeaf363ab61f931fec7b5e4bc12f6d6456ecb:Generator:MM2 6:ror","true","MM2 6","[""GEM:G100000602545"", ""GEM:G100001051555""]","174453.03569334472","174130.62459960722","","PENDING_NOT_IN_PRODUCTION","[""GEM:G100001051557""]","","0.12941176470588237","22534.5514187727","","","","5da3b5d3fca7a6fa695b21dcb417f6c701ba3389f61c0e760df4466ed7cab969","CONDITIONAL_REGIONAL_POOL_CAPACITY_SHARE","Each already accepted resource counted once; sum allocations equals its existing accepted envelope every snapshot. No new resource admission.","Same country/region/AC partition only; basin equivalence NOT established. Pooling transfers profiles/Emax between existing nodes and pending nodes; requires explicit new resource-allocation approval.","","PENDING","false","444","66","","e5b7564e53da25d523a9cd24c187c0b40bceaff4d9f4af88b0bacb78d68f6ae5","f4092ca2c4fb0391c9968e413cb52bcc663bc8cb3b0d793b889030a1394b8927","Retain currently turbine-clipped accepted envelope; do not recover previously clipped water or increase resource with new turbines","","","","",""
"MY:MY_Peninsular2:Run-Of-River","","","","","MY","Run-Of-River","","","","","","","","","","[""PPM:101""]","","","","","","","","","","NO_SAME_TYPE_REGIONAL_REFERENCE_RESOURCE","PENDING","false","","","","","","","MY_Peninsular2 0","54","[""GEM:G100001027325""]","[]","2013 full-year source profile + original coverage/basin mapping for listed parent IDs; reservoir also Emax. Alternatively approve a new explicitly sourced proxy; no national nearest fallback."
"PH:PH_Mindanao6:Reservoir","","","","","PH","Reservoir","","","","","","","","","","[""PPM:213""]","","","","","","","","","","NO_SAME_TYPE_REGIONAL_REFERENCE_RESOURCE","PENDING","false","","","","","","","PH_Mindanao6 0","213","[""GEM:G100000603173"", ""GEM:G100001051425""]","[]","2013 full-year source profile + original coverage/basin mapping for listed parent IDs; reservoir also Emax. Alternatively approve a new explicitly sourced proxy; no national nearest fallback."
"PH:PH_Mindanao6:Reservoir","","","","","PH","Reservoir","","","","","","","","","","[""PPM:212""]","","","","","","","","","","NO_SAME_TYPE_REGIONAL_REFERENCE_RESOURCE","PENDING","false","","","","","","","PH_Mindanao6 1","260","[""GEM:G100000603170"", ""GEM:G100000603171""]","[]","2013 full-year source profile + original coverage/basin mapping for listed parent IDs; reservoir also Emax. Alternatively approve a new explicitly sourced proxy; no national nearest fallback."
"PH:PH_Mindanao6:Run-Of-River","PH_Mindanao6 1 ror","PH_Mindanao6 1","300","","PH","Run-Of-River","06152be56ee41f64bfdca42fd24aeaf363ab61f931fec7b5e4bc12f6d6456ecb:Generator:PH_Mindanao6 1:ror","true","PH_Mindanao6 1","[""GEM:G100000603203"", ""GEM:G100001051421""]","2356762.1165534533","1790755.3461410417","","EXISTING_ACCEPTED","[""GEM:G100000603203"", ""GEM:G100001051421""]","","0.4966887417218543","889448.0196064784","","","","b59d40cc04da4b651905a9e00658579621eb382ec072c80a9d2f8079af71af0a","CONDITIONAL_REGIONAL_POOL_CAPACITY_SHARE","Each already accepted resource counted once; sum allocations equals its existing accepted envelope every snapshot. No new resource admission.","Same country/region/AC partition only; basin equivalence NOT established. Pooling transfers profiles/Emax between existing nodes and pending nodes; requires explicit new resource-allocation approval.","","PENDING","false","300","304","","bd1c4ee18491efd131bc3b411dd7fcb91646f9c3e1f1c09c5a90630c3e417290","e372352c3aeb7df031dd89115507d16b94a025ca4667e2dfb738795bcc83a56f","Retain currently turbine-clipped accepted envelope; do not recover previously clipped water or increase resource with new turbines","","","","",""
"PH:PH_Mindanao6:Run-Of-River","PH_Mindanao6 1 ror","PH_Mindanao6 0","304","","PH","Run-Of-River","06152be56ee41f64bfdca42fd24aeaf363ab61f931fec7b5e4bc12f6d6456ecb:Generator:PH_Mindanao6 1:ror","true","PH_Mindanao6 1","[""GEM:G100000603203"", ""GEM:G100001051421""]","2356762.1165534533","1790755.3461410417","","PENDING_NOT_IN_PRODUCTION","[""GEM:G100000603174"", ""GEM:G100001051426""]","","0.5033112582781457","901307.326534563","","","","b59d40cc04da4b651905a9e00658579621eb382ec072c80a9d2f8079af71af0a","CONDITIONAL_REGIONAL_POOL_CAPACITY_SHARE","Each already accepted resource counted once; sum allocations equals its existing accepted envelope every snapshot. No new resource admission.","Same country/region/AC partition only; basin equivalence NOT established. Pooling transfers profiles/Emax between existing nodes and pending nodes; requires explicit new resource-allocation approval.","","PENDING","false","300","304","","bd1c4ee18491efd131bc3b411dd7fcb91646f9c3e1f1c09c5a90630c3e417290","cbc471a8fca20cdcf442d4ab63e9dcd5b490a9208cf387def625e7f5ec12c2fa","Retain currently turbine-clipped accepted envelope; do not recover previously clipped water or increase resource with new turbines","","","","",""
"VN:VN2:Run-Of-River","VN2 1 ror","VN2 1","393","","VN","Run-Of-River","06152be56ee41f64bfdca42fd24aeaf363ab61f931fec7b5e4bc12f6d6456ecb:Generator:VN2 1:ror","true","VN2 1","[""GEM:G100001027571"", ""GEM:G100001027573"", ""GEM:G100001027582"", ""GEM:G100001051665"", ""GEM:G100001051655"", ""GEM:G100001051679""]","451704.5713784319","451704.5713784319","","EXISTING_ACCEPTED","[""GEM:G100001027571"", ""GEM:G100001027573"", ""GEM:G100001027582"", ""GEM:G100001051665"", ""GEM:G100001051655"", ""GEM:G100001051679""]","","0.29284649776453053","132280.1017524022","","","","092467217bad6dd7293857492846fcd5ad9083daf231ee28cbebefa4c703d55d","CONDITIONAL_REGIONAL_POOL_CAPACITY_SHARE","Each already accepted resource counted once; sum allocations equals its existing accepted envelope every snapshot. No new resource admission.","Same country/region/AC partition only; basin equivalence NOT established. Pooling transfers profiles/Emax between existing nodes and pending nodes; requires explicit new resource-allocation approval.","","PENDING","false","1213","129","","092467217bad6dd7293857492846fcd5ad9083daf231ee28cbebefa4c703d55d","6dd9eb82a13663bfc26314436bcf6d1fb1c6597d783a0d23a9c9f89c4bf92827","Retain currently turbine-clipped accepted envelope; do not recover previously clipped water or increase resource with new turbines","","","","",""
"VN:VN2:Run-Of-River","VN2 1 ror","VN2 2","413","","VN","Run-Of-River","06152be56ee41f64bfdca42fd24aeaf363ab61f931fec7b5e4bc12f6d6456ecb:Generator:VN2 1:ror","true","VN2 1","[""GEM:G100001027571"", ""GEM:G100001027573"", ""GEM:G100001027582"", ""GEM:G100001051665"", ""GEM:G100001051655"", ""GEM:G100001051679""]","451704.5713784319","451704.5713784319","","EXISTING_ACCEPTED","[""GEM:G100000604078"", ""GEM:G100001027577"", ""GEM:G100001051663"", ""GEM:G100000604076""]","","0.30774962742175854","139011.91354641752","","","","092467217bad6dd7293857492846fcd5ad9083daf231ee28cbebefa4c703d55d","CONDITIONAL_REGIONAL_POOL_CAPACITY_SHARE","Each already accepted resource counted once; sum allocations equals its existing accepted envelope every snapshot. No new resource admission.","Same country/region/AC partition only; basin equivalence NOT established. Pooling transfers profiles/Emax between existing nodes and pending nodes; requires explicit new resource-allocation approval.","","PENDING","false","1213","129","","092467217bad6dd7293857492846fcd5ad9083daf231ee28cbebefa4c703d55d","c0bc18107b070b590de6b2cdf7e805152c2fed46a099100a20bf158ff7cce05f","Retain currently turbine-clipped accepted envelope; do not recover previously clipped water or increase resource with new turbines","","","","",""
"VN:VN2:Run-Of-River","VN2 1 ror","VN2 4","219","","VN","Run-Of-River","06152be56ee41f64bfdca42fd24aeaf363ab61f931fec7b5e4bc12f6d6456ecb:Generator:VN2 1:ror","true","VN2 1","[""GEM:G100001027571"", ""GEM:G100001027573"", ""GEM:G100001027582"", ""GEM:G100001051665"", ""GEM:G100001051655"", ""GEM:G100001051679""]","451704.5713784319","451704.5713784319","","EXISTING_ACCEPTED","[""GEM:G100000604052"", ""GEM:G100000604080"", ""GEM:G100001027580""]","","0.1631892697466468","73713.3391444684","","","","092467217bad6dd7293857492846fcd5ad9083daf231ee28cbebefa4c703d55d","CONDITIONAL_REGIONAL_POOL_CAPACITY_SHARE","Each already accepted resource counted once; sum allocations equals its existing accepted envelope every snapshot. No new resource admission.","Same country/region/AC partition only; basin equivalence NOT established. Pooling transfers profiles/Emax between existing nodes and pending nodes; requires explicit new resource-allocation approval.","","PENDING","false","1213","129","","092467217bad6dd7293857492846fcd5ad9083daf231ee28cbebefa4c703d55d","bd677849596ef5d3824a025f2d88ec814807ed6b80e459e6ddcc0b5f691990e0","Retain currently turbine-clipped accepted envelope; do not recover previously clipped water or increase resource with new turbines","","","","",""
"VN:VN2:Run-Of-River","VN2 1 ror","VN2 6","188","","VN","Run-Of-River","06152be56ee41f64bfdca42fd24aeaf363ab61f931fec7b5e4bc12f6d6456ecb:Generator:VN2 1:ror","true","VN2 1","[""GEM:G100001027571"", ""GEM:G100001027573"", ""GEM:G100001027582"", ""GEM:G100001051665"", ""GEM:G100001051655"", ""GEM:G100001051679""]","451704.5713784319","451704.5713784319","","EXISTING_ACCEPTED","[""GEM:G100000604035"", ""GEM:G100001051666"", ""GEM:G100001051671""]","","0.14008941877794337","63279.030863744556","","","","092467217bad6dd7293857492846fcd5ad9083daf231ee28cbebefa4c703d55d","CONDITIONAL_REGIONAL_POOL_CAPACITY_SHARE","Each already accepted resource counted once; sum allocations equals its existing accepted envelope every snapshot. No new resource admission.","Same country/region/AC partition only; basin equivalence NOT established. Pooling transfers profiles/Emax between existing nodes and pending nodes; requires explicit new resource-allocation approval.","","PENDING","false","1213","129","","092467217bad6dd7293857492846fcd5ad9083daf231ee28cbebefa4c703d55d","1302e67fa33462f12b5bc49d62451bfeea854f0fd08007d8ce29a0bd8212b364","Retain currently turbine-clipped accepted envelope; do not recover previously clipped water or increase resource with new turbines","","","","",""
"VN:VN2:Run-Of-River","VN2 1 ror","VN2 5","129","","VN","Run-Of-River","06152be56ee41f64bfdca42fd24aeaf363ab61f931fec7b5e4bc12f6d6456ecb:Generator:VN2 1:ror","true","VN2 1","[""GEM:G100001027571"", ""GEM:G100001027573"", ""GEM:G100001027582"", ""GEM:G100001051665"", ""GEM:G100001051655"", ""GEM:G100001051679""]","451704.5713784319","451704.5713784319","","PENDING_NOT_IN_PRODUCTION","[""GEM:G100000604041"", ""GEM:G100001027581""]","","0.09612518628912071","43420.18607139919","","","","092467217bad6dd7293857492846fcd5ad9083daf231ee28cbebefa4c703d55d","CONDITIONAL_REGIONAL_POOL_CAPACITY_SHARE","Each already accepted resource counted once; sum allocations equals its existing accepted envelope every snapshot. No new resource admission.","Same country/region/AC partition only; basin equivalence NOT established. Pooling transfers profiles/Emax between existing nodes and pending nodes; requires explicit new resource-allocation approval.","","PENDING","false","1213","129","","092467217bad6dd7293857492846fcd5ad9083daf231ee28cbebefa4c703d55d","981a96f862b791946c908eadc32092a43503356297b0d4519219dbc3e77aef50","Retain currently turbine-clipped accepted envelope; do not recover previously clipped water or increase resource with new turbines","","","","",""
"VN:VN2:Run-Of-River","VN2 2 ror","VN2 1","393","","VN","Run-Of-River","06152be56ee41f64bfdca42fd24aeaf363ab61f931fec7b5e4bc12f6d6456ecb:Generator:VN2 2:ror","true","VN2 2","[""GEM:G100000604078"", ""GEM:G100001027577"", ""GEM:G100001051663"", ""GEM:G100000604076""]","1238463.8334531535","1221277.3807089396","","EXISTING_ACCEPTED","[""GEM:G100001027571"", ""GEM:G100001027573"", ""GEM:G100001027582"", ""GEM:G100001051665"", ""GEM:G100001051655"", ""GEM:G100001051679""]","","0.29284649776453053","357646.80373965215","","","","b5093f28b55cb14688a6efadf458696be6b929e01c4afb4e01a88009eafbe2ab","CONDITIONAL_REGIONAL_POOL_CAPACITY_SHARE","Each already accepted resource counted once; sum allocations equals its existing accepted envelope every snapshot. No new resource admission.","Same country/region/AC partition only; basin equivalence NOT established. Pooling transfers profiles/Emax between existing nodes and pending nodes; requires explicit new resource-allocation approval.","","PENDING","false","1213","129","","c7f77fa85f07b5c385f0e3ec0e2fb3b82fd60e2feda481e495efbab10651b055","8d6abd37c534f9a30020a3c9556c71bec1a64bd7b0d0db79de5a301d67d4649d","Retain currently turbine-clipped accepted envelope; do not recover previously clipped water or increase resource with new turbines","","","","",""
"VN:VN2:Run-Of-River","VN2 2 ror","VN2 2","413","","VN","Run-Of-River","06152be56ee41f64bfdca42fd24aeaf363ab61f931fec7b5e4bc12f6d6456ecb:Generator:VN2 2:ror","true","VN2 2","[""GEM:G100000604078"", ""GEM:G100001027577"", ""GEM:G100001051663"", ""GEM:G100000604076""]","1238463.8334531535","1221277.3807089396","","EXISTING_ACCEPTED","[""GEM:G100000604078"", ""GEM:G100001027577"", ""GEM:G100001051663"", ""GEM:G100000604076""]","","0.30774962742175854","375847.65889179736","","","","b5093f28b55cb14688a6efadf458696be6b929e01c4afb4e01a88009eafbe2ab","CONDITIONAL_REGIONAL_POOL_CAPACITY_SHARE","Each already accepted resource counted once; sum allocations equals its existing accepted envelope every snapshot. No new resource admission.","Same country/region/AC partition only; basin equivalence NOT established. Pooling transfers profiles/Emax between existing nodes and pending nodes; requires explicit new resource-allocation approval.","","PENDING","false","1213","129","","c7f77fa85f07b5c385f0e3ec0e2fb3b82fd60e2feda481e495efbab10651b055","187ba481e3cca6c1062ccda4b2903e9b5b032cc98f56646d11baae10711eebf9","Retain currently turbine-clipped accepted envelope; do not recover previously clipped water or increase resource with new turbines","","","","",""
"VN:VN2:Run-Of-River","VN2 2 ror","VN2 4","219","","VN","Run-Of-River","06152be56ee41f64bfdca42fd24aeaf363ab61f931fec7b5e4bc12f6d6456ecb:Generator:VN2 2:ror","true","VN2 2","[""GEM:G100000604078"", ""GEM:G100001027577"", ""GEM:G100001051663"", ""GEM:G100000604076""]","1238463.8334531535","1221277.3807089396","","EXISTING_ACCEPTED","[""GEM:G100000604052"", ""GEM:G100000604080"", ""GEM:G100001027580""]","","0.1631892697466468","199299.36391598944","","","","b5093f28b55cb14688a6efadf458696be6b929e01c4afb4e01a88009eafbe2ab","CONDITIONAL_REGIONAL_POOL_CAPACITY_SHARE","Each already accepted resource counted once; sum allocations equals its existing accepted envelope every snapshot. No new resource admission.","Same country/region/AC partition only; basin equivalence NOT established. Pooling transfers profiles/Emax between existing nodes and pending nodes; requires explicit new resource-allocation approval.","","PENDING","false","1213","129","","c7f77fa85f07b5c385f0e3ec0e2fb3b82fd60e2feda481e495efbab10651b055","e69e6b102db19942403cf473897f8044a1d0599dd2ae3e0a490a98f696f7a8a6","Retain currently turbine-clipped accepted envelope; do not recover previously clipped water or increase resource with new turbines","","","","",""
"VN:VN2:Run-Of-River","VN2 2 ror","VN2 6","188","","VN","Run-Of-River","06152be56ee41f64bfdca42fd24aeaf363ab61f931fec7b5e4bc12f6d6456ecb:Generator:VN2 2:ror","true","VN2 2","[""GEM:G100000604078"", ""GEM:G100001027577"", ""GEM:G100001051663"", ""GEM:G100000604076""]","1238463.8334531535","1221277.3807089396","","EXISTING_ACCEPTED","[""GEM:G100000604035"", ""GEM:G100001051666"", ""GEM:G100001051671""]","","0.14008941877794337","171088.03843016442","","","","b5093f28b55cb14688a6efadf458696be6b929e01c4afb4e01a88009eafbe2ab","CONDITIONAL_REGIONAL_POOL_CAPACITY_SHARE","Each already accepted resource counted once; sum allocations equals its existing accepted envelope every snapshot. No new resource admission.","Same country/region/AC partition only; basin equivalence NOT established. Pooling transfers profiles/Emax between existing nodes and pending nodes; requires explicit new resource-allocation approval.","","PENDING","false","1213","129","","c7f77fa85f07b5c385f0e3ec0e2fb3b82fd60e2feda481e495efbab10651b055","7bc60b613209573ed1d428fbe659c1ca25ec31b45bfdc311e197abb4f758404e","Retain currently turbine-clipped accepted envelope; do not recover previously clipped water or increase resource with new turbines","","","","",""
"VN:VN2:Run-Of-River","VN2 2 ror","VN2 5","129","","VN","Run-Of-River","06152be56ee41f64bfdca42fd24aeaf363ab61f931fec7b5e4bc12f6d6456ecb:Generator:VN2 2:ror","true","VN2 2","[""GEM:G100000604078"", ""GEM:G100001027577"", ""GEM:G100001051663"", ""GEM:G100000604076""]","1238463.8334531535","1221277.3807089396","","PENDING_NOT_IN_PRODUCTION","[""GEM:G100000604041"", ""GEM:G100001027581""]","","0.09612518628912071","117395.51573133624","","","","b5093f28b55cb14688a6efadf458696be6b929e01c4afb4e01a88009eafbe2ab","CONDITIONAL_REGIONAL_POOL_CAPACITY_SHARE","Each already accepted resource counted once; sum allocations equals its existing accepted envelope every snapshot. No new resource admission.","Same country/region/AC partition only; basin equivalence NOT established. Pooling transfers profiles/Emax between existing nodes and pending nodes; requires explicit new resource-allocation approval.","","PENDING","false","1213","129","","c7f77fa85f07b5c385f0e3ec0e2fb3b82fd60e2feda481e495efbab10651b055","58e4032d1fe4f5fea639f7ccfc94e4487cbb416ab081f8161c2ddd48d2383f3c","Retain currently turbine-clipped accepted envelope; do not recover previously clipped water or increase resource with new turbines","","","","",""
"VN:VN2:Run-Of-River","VN2 4 ror","VN2 1","393","","VN","Run-Of-River","06152be56ee41f64bfdca42fd24aeaf363ab61f931fec7b5e4bc12f6d6456ecb:Generator:VN2 4:ror","true","VN2 4","[""GEM:G100000604052"", ""GEM:G100000604080"", ""GEM:G100001027580""]","1595538.274150739","1098162.7937279535","","EXISTING_ACCEPTED","[""GEM:G100001027571"", ""GEM:G100001027573"", ""GEM:G100001027582"", ""GEM:G100001051665"", ""GEM:G100001051655"", ""GEM:G100001051679""]","","0.29284649776453053","321593.12811854354","","","","fb0cdbadaa41dafcb352396a614a8d9373f9e2e6dc8c62bed7e2f19c50cd8a92","CONDITIONAL_REGIONAL_POOL_CAPACITY_SHARE","Each already accepted resource counted once; sum allocations equals its existing accepted envelope every snapshot. No new resource admission.","Same country/region/AC partition only; basin equivalence NOT established. Pooling transfers profiles/Emax between existing nodes and pending nodes; requires explicit new resource-allocation approval.","","PENDING","false","1213","129","","1505eb290f03a6c19c1dab75ef0853c145b99e5cafd3dcf6d0f675d99026fdb7","99a5bdc44f40fae2e2ea3cebe7f59b434e1ca40dd1398e262ee02fcfe60815c8","Retain currently turbine-clipped accepted envelope; do not recover previously clipped water or increase resource with new turbines","","","","",""
"VN:VN2:Run-Of-River","VN2 4 ror","VN2 2","413","","VN","Run-Of-River","06152be56ee41f64bfdca42fd24aeaf363ab61f931fec7b5e4bc12f6d6456ecb:Generator:VN2 4:ror","true","VN2 4","[""GEM:G100000604052"", ""GEM:G100000604080"", ""GEM:G100001027580""]","1595538.274150739","1098162.7937279535","","EXISTING_ACCEPTED","[""GEM:G100000604078"", ""GEM:G100001027577"", ""GEM:G100001051663"", ""GEM:G100000604076""]","","0.30774962742175854","337959.1906182149","","","","fb0cdbadaa41dafcb352396a614a8d9373f9e2e6dc8c62bed7e2f19c50cd8a92","CONDITIONAL_REGIONAL_POOL_CAPACITY_SHARE","Each already accepted resource counted once; sum allocations equals its existing accepted envelope every snapshot. No new resource admission.","Same country/region/AC partition only; basin equivalence NOT established. Pooling transfers profiles/Emax between existing nodes and pending nodes; requires explicit new resource-allocation approval.","","PENDING","false","1213","129","","1505eb290f03a6c19c1dab75ef0853c145b99e5cafd3dcf6d0f675d99026fdb7","0c84d3fbd454d72a993c3aadc35fc0ab2c78305309a3f0027611cd1afc5c2bd5","Retain currently turbine-clipped accepted envelope; do not recover previously clipped water or increase resource with new turbines","","","","",""
"VN:VN2:Run-Of-River","VN2 4 ror","VN2 4","219","","VN","Run-Of-River","06152be56ee41f64bfdca42fd24aeaf363ab61f931fec7b5e4bc12f6d6456ecb:Generator:VN2 4:ror","true","VN2 4","[""GEM:G100000604052"", ""GEM:G100000604080"", ""GEM:G100001027580""]","1595538.274150739","1098162.7937279535","","EXISTING_ACCEPTED","[""GEM:G100000604052"", ""GEM:G100000604080"", ""GEM:G100001027580""]","","0.1631892697466468","179208.38437140224","","","","fb0cdbadaa41dafcb352396a614a8d9373f9e2e6dc8c62bed7e2f19c50cd8a92","CONDITIONAL_REGIONAL_POOL_CAPACITY_SHARE","Each already accepted resource counted once; sum allocations equals its existing accepted envelope every snapshot. No new resource admission.","Same country/region/AC partition only; basin equivalence NOT established. Pooling transfers profiles/Emax between existing nodes and pending nodes; requires explicit new resource-allocation approval.","","PENDING","false","1213","129","","1505eb290f03a6c19c1dab75ef0853c145b99e5cafd3dcf6d0f675d99026fdb7","7a02bd184976aa8828736b3c9cf9810e7c5629245234f7854e5b952f27d4e109","Retain currently turbine-clipped accepted envelope; do not recover previously clipped water or increase resource with new turbines","","","","",""
"VN:VN2:Run-Of-River","VN2 4 ror","VN2 6","188","","VN","Run-Of-River","06152be56ee41f64bfdca42fd24aeaf363ab61f931fec7b5e4bc12f6d6456ecb:Generator:VN2 4:ror","true","VN2 4","[""GEM:G100000604052"", ""GEM:G100000604080"", ""GEM:G100001027580""]","1595538.274150739","1098162.7937279535","","EXISTING_ACCEPTED","[""GEM:G100000604035"", ""GEM:G100001051666"", ""GEM:G100001051671""]","","0.14008941877794337","153840.9874969117","","","","fb0cdbadaa41dafcb352396a614a8d9373f9e2e6dc8c62bed7e2f19c50cd8a92","CONDITIONAL_REGIONAL_POOL_CAPACITY_SHARE","Each already accepted resource counted once; sum allocations equals its existing accepted envelope every snapshot. No new resource admission.","Same country/region/AC partition only; basin equivalence NOT established. Pooling transfers profiles/Emax between existing nodes and pending nodes; requires explicit new resource-allocation approval.","","PENDING","false","1213","129","","1505eb290f03a6c19c1dab75ef0853c145b99e5cafd3dcf6d0f675d99026fdb7","00c1cb447d9d97ebb81b997c5729a6c7afd735b2b2dafb48a35b0ab0326bbca7","Retain currently turbine-clipped accepted envelope; do not recover previously clipped water or increase resource with new turbines","","","","",""
"VN:VN2:Run-Of-River","VN2 4 ror","VN2 5","129","","VN","Run-Of-River","06152be56ee41f64bfdca42fd24aeaf363ab61f931fec7b5e4bc12f6d6456ecb:Generator:VN2 4:ror","true","VN2 4","[""GEM:G100000604052"", ""GEM:G100000604080"", ""GEM:G100001027580""]","1595538.274150739","1098162.7937279535","","PENDING_NOT_IN_PRODUCTION","[""GEM:G100000604041"", ""GEM:G100001027581""]","","0.09612518628912071","105561.10312288078","","","","fb0cdbadaa41dafcb352396a614a8d9373f9e2e6dc8c62bed7e2f19c50cd8a92","CONDITIONAL_REGIONAL_POOL_CAPACITY_SHARE","Each already accepted resource counted once; sum allocations equals its existing accepted envelope every snapshot. No new resource admission.","Same country/region/AC partition only; basin equivalence NOT established. Pooling transfers profiles/Emax between existing nodes and pending nodes; requires explicit new resource-allocation approval.","","PENDING","false","1213","129","","1505eb290f03a6c19c1dab75ef0853c145b99e5cafd3dcf6d0f675d99026fdb7","f608c112c9240888ed40b39c56170de36db76c99d96d89dea5897adf6445a628","Retain currently turbine-clipped accepted envelope; do not recover previously clipped water or increase resource with new turbines","","","","",""
"VN:VN2:Run-Of-River","VN2 6 ror","VN2 1","393","","VN","Run-Of-River","06152be56ee41f64bfdca42fd24aeaf363ab61f931fec7b5e4bc12f6d6456ecb:Generator:VN2 6:ror","true","VN2 6","[""GEM:G100000604035"", ""GEM:G100001051666"", ""GEM:G100001051671""]","683064.8452544576","683064.8452544576","","EXISTING_ACCEPTED","[""GEM:G100001027571"", ""GEM:G100001027573"", ""GEM:G100001027582"", ""GEM:G100001051665"", ""GEM:G100001051655"", ""GEM:G100001051679""]","","0.29284649776453053","200033.1476788389","","","","0a09b4d14ab8f0c020f5f03e661ed221be6b8bc6f3d02ddfbda9b95ccf3641cb","CONDITIONAL_REGIONAL_POOL_CAPACITY_SHARE","Each already accepted resource counted once; sum allocations equals its existing accepted envelope every snapshot. No new resource admission.","Same country/region/AC partition only; basin equivalence NOT established. Pooling transfers profiles/Emax between existing nodes and pending nodes; requires explicit new resource-allocation approval.","","PENDING","false","1213","129","","0a09b4d14ab8f0c020f5f03e661ed221be6b8bc6f3d02ddfbda9b95ccf3641cb","32204c204882f0e4b40f23d61c32aa18fffcd8cba4217f08d9ed04259c4694f1","Retain currently turbine-clipped accepted envelope; do not recover previously clipped water or increase resource with new turbines","","","","",""
"VN:VN2:Run-Of-River","VN2 6 ror","VN2 2","413","","VN","Run-Of-River","06152be56ee41f64bfdca42fd24aeaf363ab61f931fec7b5e4bc12f6d6456ecb:Generator:VN2 6:ror","true","VN2 6","[""GEM:G100000604035"", ""GEM:G100001051666"", ""GEM:G100001051671""]","683064.8452544576","683064.8452544576","","EXISTING_ACCEPTED","[""GEM:G100000604078"", ""GEM:G100001027577"", ""GEM:G100001051663"", ""GEM:G100000604076""]","","0.30774962742175854","210212.9516319606","","","","0a09b4d14ab8f0c020f5f03e661ed221be6b8bc6f3d02ddfbda9b95ccf3641cb","CONDITIONAL_REGIONAL_POOL_CAPACITY_SHARE","Each already accepted resource counted once; sum allocations equals its existing accepted envelope every snapshot. No new resource admission.","Same country/region/AC partition only; basin equivalence NOT established. Pooling transfers profiles/Emax between existing nodes and pending nodes; requires explicit new resource-allocation approval.","","PENDING","false","1213","129","","0a09b4d14ab8f0c020f5f03e661ed221be6b8bc6f3d02ddfbda9b95ccf3641cb","6f87f92ba1d36c20e6177b5c9224b1aea7f3a59bed52fd5dad73d55bbca324ac","Retain currently turbine-clipped accepted envelope; do not recover previously clipped water or increase resource with new turbines","","","","",""
"VN:VN2:Run-Of-River","VN2 6 ror","VN2 4","219","","VN","Run-Of-River","06152be56ee41f64bfdca42fd24aeaf363ab61f931fec7b5e4bc12f6d6456ecb:Generator:VN2 6:ror","true","VN2 6","[""GEM:G100000604035"", ""GEM:G100001051666"", ""GEM:G100001051671""]","683064.8452544576","683064.8452544576","","EXISTING_ACCEPTED","[""GEM:G100000604052"", ""GEM:G100000604080"", ""GEM:G100001027580""]","","0.1631892697466468","111468.8532866812","","","","0a09b4d14ab8f0c020f5f03e661ed221be6b8bc6f3d02ddfbda9b95ccf3641cb","CONDITIONAL_REGIONAL_POOL_CAPACITY_SHARE","Each already accepted resource counted once; sum allocations equals its existing accepted envelope every snapshot. No new resource admission.","Same country/region/AC partition only; basin equivalence NOT established. Pooling transfers profiles/Emax between existing nodes and pending nodes; requires explicit new resource-allocation approval.","","PENDING","false","1213","129","","0a09b4d14ab8f0c020f5f03e661ed221be6b8bc6f3d02ddfbda9b95ccf3641cb","2ad474b1cbff1ca47f6a92f57afd09b8eff83a2330b2029e7978c2dffc94f129","Retain currently turbine-clipped accepted envelope; do not recover previously clipped water or increase resource with new turbines","","","","",""
"VN:VN2:Run-Of-River","VN2 6 ror","VN2 6","188","","VN","Run-Of-River","06152be56ee41f64bfdca42fd24aeaf363ab61f931fec7b5e4bc12f6d6456ecb:Generator:VN2 6:ror","true","VN2 6","[""GEM:G100000604035"", ""GEM:G100001051666"", ""GEM:G100001051671""]","683064.8452544576","683064.8452544576","","EXISTING_ACCEPTED","[""GEM:G100000604035"", ""GEM:G100001051666"", ""GEM:G100001051671""]","","0.14008941877794337","95690.15715934272","","","","0a09b4d14ab8f0c020f5f03e661ed221be6b8bc6f3d02ddfbda9b95ccf3641cb","CONDITIONAL_REGIONAL_POOL_CAPACITY_SHARE","Each already accepted resource counted once; sum allocations equals its existing accepted envelope every snapshot. No new resource admission.","Same country/region/AC partition only; basin equivalence NOT established. Pooling transfers profiles/Emax between existing nodes and pending nodes; requires explicit new resource-allocation approval.","","PENDING","false","1213","129","","0a09b4d14ab8f0c020f5f03e661ed221be6b8bc6f3d02ddfbda9b95ccf3641cb","e32bc7fdbd4f19ea771b963c6f4f9d1b7bb6bf6335551554470197315781c065","Retain currently turbine-clipped accepted envelope; do not recover previously clipped water or increase resource with new turbines","","","","",""
"VN:VN2:Run-Of-River","VN2 6 ror","VN2 5","129","","VN","Run-Of-River","06152be56ee41f64bfdca42fd24aeaf363ab61f931fec7b5e4bc12f6d6456ecb:Generator:VN2 6:ror","true","VN2 6","[""GEM:G100000604035"", ""GEM:G100001051666"", ""GEM:G100001051671""]","683064.8452544576","683064.8452544576","","PENDING_NOT_IN_PRODUCTION","[""GEM:G100000604041"", ""GEM:G100001027581""]","","0.09612518628912071","65659.73549763409","","","","0a09b4d14ab8f0c020f5f03e661ed221be6b8bc6f3d02ddfbda9b95ccf3641cb","CONDITIONAL_REGIONAL_POOL_CAPACITY_SHARE","Each already accepted resource counted once; sum allocations equals its existing accepted envelope every snapshot. No new resource admission.","Same country/region/AC partition only; basin equivalence NOT established. Pooling transfers profiles/Emax between existing nodes and pending nodes; requires explicit new resource-allocation approval.","","PENDING","false","1213","129","","0a09b4d14ab8f0c020f5f03e661ed221be6b8bc6f3d02ddfbda9b95ccf3641cb","258d580956dcd0291cd71d0f6d3a2ae6e1b86331d652b1f51e23b4d61f8ab3a8","Retain currently turbine-clipped accepted envelope; do not recover previously clipped water or increase resource with new turbines","","","","",""
