"Technology","Parameter","TechnologyYear","ModelValue","RowID","ModelUnit","ModelCurrencyYear","Status","Formula","DecisionReference","PendingReason"
"Alkaline electrolyzer large size","FOM","2030","2.8","2030:Alkaline electrolyzer large size:FOM","%/year","","NONMONETARY_PERCENT_UNCHANGED","","GATE4-20261006-FIXED-ACCOUNTS-EUR2020#B",""
"Alkaline electrolyzer large size","VOM","2030","0.2389","2030:Alkaline electrolyzer large size:VOM","EUR/MWh_H2","2020","ALREADY_EUR2020_UNCHANGED","","GATE4-20261006-FIXED-ACCOUNTS-EUR2020#B",""
"Alkaline electrolyzer large size","investment","2030","429030.6","2030:Alkaline electrolyzer large size:investment","EUR/MW","2020","ALREADY_EUR2020_UNCHANGED","","GATE4-20261006-FIXED-ACCOUNTS-EUR2020#B",""
"Alkaline electrolyzer medium size","FOM","2030","2.3","2030:Alkaline electrolyzer medium size:FOM","%/year","","NONMONETARY_PERCENT_UNCHANGED","","GATE4-20261006-FIXED-ACCOUNTS-EUR2020#B",""
"Alkaline electrolyzer medium size","VOM","2030","0.2389","2030:Alkaline electrolyzer medium size:VOM","EUR/MWh_H2","2020","ALREADY_EUR2020_UNCHANGED","","GATE4-20261006-FIXED-ACCOUNTS-EUR2020#B",""
"Alkaline electrolyzer medium size","investment","2030","506033.2","2030:Alkaline electrolyzer medium size:investment","EUR/MW","2020","ALREADY_EUR2020_UNCHANGED","","GATE4-20261006-FIXED-ACCOUNTS-EUR2020#B",""
"Alkaline electrolyzer small size","FOM","2030","2.3","2030:Alkaline electrolyzer small size:FOM","%/year","","NONMONETARY_PERCENT_UNCHANGED","","GATE4-20261006-FIXED-ACCOUNTS-EUR2020#B",""
"Alkaline electrolyzer small size","VOM","2030","0.1934","2030:Alkaline electrolyzer small size:VOM","EUR/MWh_H2","2020","ALREADY_EUR2020_UNCHANGED","","GATE4-20261006-FIXED-ACCOUNTS-EUR2020#B",""
"Alkaline electrolyzer small size","investment","2030","582922","2030:Alkaline electrolyzer small size:investment","EUR/MW","2020","ALREADY_EUR2020_UNCHANGED","","GATE4-20261006-FIXED-ACCOUNTS-EUR2020#B",""
"Ammonia cracker","FOM","2030","4.3","2030:Ammonia cracker:FOM","%/year","","NONMONETARY_PERCENT_UNCHANGED","","GATE4-20261006-FIXED-ACCOUNTS-EUR2020#B",""
"Ammonia cracker","investment","2030","1123945.3807","2030:Ammonia cracker:investment","EUR/MW_H2","2020","ALREADY_EUR2020_UNCHANGED","","GATE4-20261006-FIXED-ACCOUNTS-EUR2020#B",""
"BEV Bus city","FOM","2030","0.0003","2030:BEV Bus city:FOM","%/year","","NONMONETARY_PERCENT_UNCHANGED","","GATE4-20261006-FIXED-ACCOUNTS-EUR2020#B",""
"BEV Bus city","VOM","2030","0.0952","2030:BEV Bus city:VOM","EUR/km","2020","ALREADY_EUR2020_UNCHANGED","","GATE4-20261006-FIXED-ACCOUNTS-EUR2020#B",""
"BEV Bus city","investment","2030","222485.6452","2030:BEV Bus city:investment","EUR/vehicle","2020","ALREADY_EUR2020_UNCHANGED","","GATE4-20261006-FIXED-ACCOUNTS-EUR2020#B",""
"BEV Coach","FOM","2030","0.0002","2030:BEV Coach:FOM","%/year","","NONMONETARY_PERCENT_UNCHANGED","","GATE4-20261006-FIXED-ACCOUNTS-EUR2020#B",""
"BEV Coach","VOM","2030","0.0952","2030:BEV Coach:VOM","EUR/km","2020","ALREADY_EUR2020_UNCHANGED","","GATE4-20261006-FIXED-ACCOUNTS-EUR2020#B",""
"BEV Coach","investment","2030","303025.4488","2030:BEV Coach:investment","EUR/vehicle","2020","ALREADY_EUR2020_UNCHANGED","","GATE4-20261006-FIXED-ACCOUNTS-EUR2020#B",""
"BEV Truck Semi-Trailer max 50 tons","FOM","2030","0.0004","2030:BEV Truck Semi-Trailer max 50 tons:FOM","%/year","","NONMONETARY_PERCENT_UNCHANGED","","GATE4-20261006-FIXED-ACCOUNTS-EUR2020#B",""
"BEV Truck Semi-Trailer max 50 tons","VOM","2030","0.0952","2030:BEV Truck Semi-Trailer max 50 tons:VOM","EUR/km","2020","ALREADY_EUR2020_UNCHANGED","","GATE4-20261006-FIXED-ACCOUNTS-EUR2020#B",""
"BEV Truck Semi-Trailer max 50 tons","investment","2030","151213.8954","2030:BEV Truck Semi-Trailer max 50 tons:investment","EUR/vehicle","2020","ALREADY_EUR2020_UNCHANGED","","GATE4-20261006-FIXED-ACCOUNTS-EUR2020#B",""
"BEV Truck Solo max 26 tons","FOM","2030","0.0002","2030:BEV Truck Solo max 26 tons:FOM","%/year","","NONMONETARY_PERCENT_UNCHANGED","","GATE4-20261006-FIXED-ACCOUNTS-EUR2020#B",""
"BEV Truck Solo max 26 tons","VOM","2030","0.0952","2030:BEV Truck Solo max 26 tons:VOM","EUR/km","2020","ALREADY_EUR2020_UNCHANGED","","GATE4-20261006-FIXED-ACCOUNTS-EUR2020#B",""
"BEV Truck Solo max 26 tons","investment","2030","282418.6749","2030:BEV Truck Solo max 26 tons:investment","EUR/vehicle","2020","ALREADY_EUR2020_UNCHANGED","","GATE4-20261006-FIXED-ACCOUNTS-EUR2020#B",""
"BEV Truck Trailer max 56 tons","FOM","2030","0.0003","2030:BEV Truck Trailer max 56 tons:FOM","%/year","","NONMONETARY_PERCENT_UNCHANGED","","GATE4-20261006-FIXED-ACCOUNTS-EUR2020#B",""
"BEV Truck Trailer max 56 tons","VOM","2030","0.0952","2030:BEV Truck Trailer max 56 tons:VOM","EUR/km","2020","ALREADY_EUR2020_UNCHANGED","","GATE4-20261006-FIXED-ACCOUNTS-EUR2020#B",""
"BEV Truck Trailer max 56 tons","investment","2030","167722.8037","2030:BEV Truck Trailer max 56 tons:investment","EUR/vehicle","2020","ALREADY_EUR2020_UNCHANGED","","GATE4-20261006-FIXED-ACCOUNTS-EUR2020#B",""
"Battery electric (passenger cars)","FOM","2030","0.9","2030:Battery electric (passenger cars):FOM","%","","NONMONETARY_PERCENT_UNCHANGED","","GATE4-20261006-FIXED-ACCOUNTS-EUR2020#B",""
"Battery electric (passenger cars)","investment","2030","24624","2030:Battery electric (passenger cars):investment","EUR/PKW","2020","ALREADY_EUR2020_UNCHANGED","","GATE4-20261006-FIXED-ACCOUNTS-EUR2020#B",""
"Battery electric (trucks)","FOM","2030","15","2030:Battery electric (trucks):FOM","%","","NONMONETARY_PERCENT_UNCHANGED","","GATE4-20261006-FIXED-ACCOUNTS-EUR2020#B",""
"Battery electric (trucks)","investment","2030","136400","2030:Battery electric (trucks):investment","EUR/LKW","2020","ALREADY_EUR2020_UNCHANGED","","GATE4-20261006-FIXED-ACCOUNTS-EUR2020#B",""
"BioSNG","FOM","2030","1.6375","2030:BioSNG:FOM","%/year","","NONMONETARY_PERCENT_UNCHANGED","","GATE4-20261006-FIXED-ACCOUNTS-EUR2020#B",""
"BioSNG","VOM","2030","1.8078","2030:BioSNG:VOM","EUR/MWh_th","2020","ALREADY_EUR2020_UNCHANGED","","GATE4-20261006-FIXED-ACCOUNTS-EUR2020#B",""
"BioSNG","investment","2030","1701440","2030:BioSNG:investment","EUR/MW_th","2020","ALREADY_EUR2020_UNCHANGED","","GATE4-20261006-FIXED-ACCOUNTS-EUR2020#B",""
"BtL","FOM","2030","2.6667","2030:BtL:FOM","%/year","","NONMONETARY_PERCENT_UNCHANGED","","GATE4-20261006-FIXED-ACCOUNTS-EUR2020#B",""
"BtL","VOM","2030","1.1299","2030:BtL:VOM","EUR/MWh_FT","2020","ALREADY_EUR2020_UNCHANGED","","GATE4-20261006-FIXED-ACCOUNTS-EUR2020#B",""
"BtL","investment","2030","3118433.3000000003","2030:BtL:investment","EUR/MW_th","2020","ALREADY_EUR2020_UNCHANGED","","GATE4-20261006-FIXED-ACCOUNTS-EUR2020#B",""
"CCGT","FOM","2030","3.1808278867102397","2030:CCGT:FOM","%/year","","NONMONETARY_PERCENT_UNCHANGED","","GATE4-20261006-FIXED-ACCOUNTS-EUR2020#B",""
"CCGT","VOM","2030","1.9299029916598416","2030:CCGT:VOM","EUR/MWh","2020","ALREADY_EUR2020_UNCHANGED","","GATE4-20261006-FIXED-ACCOUNTS-EUR2020#B",""
"CCGT","investment","2030","805295.8847016974","2030:CCGT:investment","EUR/MW","2020","ALREADY_EUR2020_UNCHANGED","","GATE4-20261006-FIXED-ACCOUNTS-EUR2020#B",""
"CH4 (g) fill compressor station","FOM","2030","1.7","2030:CH4 (g) fill compressor station:FOM","%/year","","NONMONETARY_PERCENT_UNCHANGED","","GATE4-20261006-FIXED-ACCOUNTS-EUR2020#B",""
"CH4 (g) fill compressor station","investment","2030","1654.96","2030:CH4 (g) fill compressor station:investment","EUR/MW_CH4","2020","ALREADY_EUR2020_UNCHANGED","","GATE4-20261006-FIXED-ACCOUNTS-EUR2020#B",""
"CH4 (g) pipeline","FOM","2030","1.5","2030:CH4 (g) pipeline:FOM","%/year","","NONMONETARY_PERCENT_UNCHANGED","","GATE4-20261006-FIXED-ACCOUNTS-EUR2020#B",""
"CH4 (g) pipeline","investment","2030","87.22","2030:CH4 (g) pipeline:investment","EUR/MW/km","2020","ALREADY_EUR2020_UNCHANGED","","GATE4-20261006-FIXED-ACCOUNTS-EUR2020#B",""
"CH4 (g) submarine pipeline","FOM","2030","3","2030:CH4 (g) submarine pipeline:FOM","%/year","","NONMONETARY_PERCENT_UNCHANGED","","GATE4-20261006-FIXED-ACCOUNTS-EUR2020#B",""
"CH4 (g) submarine pipeline","investment","2030","119.3173","2030:CH4 (g) submarine pipeline:investment","EUR/MW/km","2020","ALREADY_EUR2020_UNCHANGED","","GATE4-20261006-FIXED-ACCOUNTS-EUR2020#B",""
"CH4 (l) transport ship","FOM","2030","3.5","2030:CH4 (l) transport ship:FOM","%/year","","NONMONETARY_PERCENT_UNCHANGED","","GATE4-20261006-FIXED-ACCOUNTS-EUR2020#B",""
"CH4 (l) transport ship","investment","2030","159791465.6831","2030:CH4 (l) transport ship:investment","EUR","2020","ALREADY_EUR2020_UNCHANGED","","GATE4-20261006-FIXED-ACCOUNTS-EUR2020#B",""
"CH4 evaporation","FOM","2030","3.5","2030:CH4 evaporation:FOM","%/year","","NONMONETARY_PERCENT_UNCHANGED","","GATE4-20261006-FIXED-ACCOUNTS-EUR2020#B",""
"CH4 evaporation","investment","2030","91110.1","2030:CH4 evaporation:investment","EUR/MW_CH4","2020","ALREADY_EUR2020_UNCHANGED","","GATE4-20261006-FIXED-ACCOUNTS-EUR2020#B",""
"CH4 liquefaction","FOM","2030","3.5","2030:CH4 liquefaction:FOM","%/year","","NONMONETARY_PERCENT_UNCHANGED","","GATE4-20261006-FIXED-ACCOUNTS-EUR2020#B",""
"CH4 liquefaction","investment","2030","241443","2030:CH4 liquefaction:investment","EUR/MW_CH4","2020","ALREADY_EUR2020_UNCHANGED","","GATE4-20261006-FIXED-ACCOUNTS-EUR2020#B",""
"CO2 liquefaction","FOM","2030","5","2030:CO2 liquefaction:FOM","%/year","","NONMONETARY_PERCENT_UNCHANGED","","GATE4-20261006-FIXED-ACCOUNTS-EUR2020#B",""
"CO2 liquefaction","investment","2030","16.7226","2030:CO2 liquefaction:investment","EUR/t_CO2/h","2020","ALREADY_EUR2020_UNCHANGED","","GATE4-20261006-FIXED-ACCOUNTS-EUR2020#B",""
"CO2 pipeline","FOM","2030","0.9","2030:CO2 pipeline:FOM","%/year","","NONMONETARY_PERCENT_UNCHANGED","","GATE4-20261006-FIXED-ACCOUNTS-EUR2020#B",""
"CO2 pipeline","investment","2030","2116.4433","2030:CO2 pipeline:investment","EUR/(tCO2/h)/km","2020","ALREADY_EUR2020_UNCHANGED","","GATE4-20261006-FIXED-ACCOUNTS-EUR2020#B",""
"CO2 storage tank","FOM","2030","1","2030:CO2 storage tank:FOM","%/year","","NONMONETARY_PERCENT_UNCHANGED","","GATE4-20261006-FIXED-ACCOUNTS-EUR2020#B",""
"CO2 storage tank","investment","2030","2584.3462","2030:CO2 storage tank:investment","EUR/t_CO2","2020","ALREADY_EUR2020_UNCHANGED","","GATE4-20261006-FIXED-ACCOUNTS-EUR2020#B",""
"CO2 submarine pipeline","FOM","2030","0.5","2030:CO2 submarine pipeline:FOM","%/year","","NONMONETARY_PERCENT_UNCHANGED","","GATE4-20261006-FIXED-ACCOUNTS-EUR2020#B",""
"CO2 submarine pipeline","investment","2030","4232.8865","2030:CO2 submarine pipeline:investment","EUR/(tCO2/h)/km","2020","ALREADY_EUR2020_UNCHANGED","","GATE4-20261006-FIXED-ACCOUNTS-EUR2020#B",""
"Charging infrastructure fast (purely) battery electric vehicles passenger cars","FOM","2030","1.6","2030:Charging infrastructure fast (purely) battery electric vehicles passenger cars:FOM","%","","NONMONETARY_PERCENT_UNCHANGED","","GATE4-20261006-FIXED-ACCOUNTS-EUR2020#B",""
"Charging infrastructure fast (purely) battery electric vehicles passenger cars","investment","2030","448894","2030:Charging infrastructure fast (purely) battery electric vehicles passenger cars:investment","EUR/Ladesï¿½ule","2020","ALREADY_EUR2020_UNCHANGED","","GATE4-20261006-FIXED-ACCOUNTS-EUR2020#B",""
"Charging infrastructure fuel cell vehicles passenger cars","FOM","2030","2.2","2030:Charging infrastructure fuel cell vehicles passenger cars:FOM","%","","NONMONETARY_PERCENT_UNCHANGED","","GATE4-20261006-FIXED-ACCOUNTS-EUR2020#B",""
"Charging infrastructure fuel cell vehicles passenger cars","investment","2030","1787894","2030:Charging infrastructure fuel cell vehicles passenger cars:investment","EUR/Ladesï¿½ule","2020","ALREADY_EUR2020_UNCHANGED","","GATE4-20261006-FIXED-ACCOUNTS-EUR2020#B",""
"Charging infrastructure fuel cell vehicles trucks","FOM","2030","2.2","2030:Charging infrastructure fuel cell vehicles trucks:FOM","%","","NONMONETARY_PERCENT_UNCHANGED","","GATE4-20261006-FIXED-ACCOUNTS-EUR2020#B",""
"Charging infrastructure fuel cell vehicles trucks","investment","2030","1787894","2030:Charging infrastructure fuel cell vehicles trucks:investment","EUR/Ladesï¿½ule","2020","ALREADY_EUR2020_UNCHANGED","","GATE4-20261006-FIXED-ACCOUNTS-EUR2020#B",""
"Charging infrastructure slow (purely) battery electric vehicles passenger cars","FOM","2030","1.8","2030:Charging infrastructure slow (purely) battery electric vehicles passenger cars:FOM","%","","NONMONETARY_PERCENT_UNCHANGED","","GATE4-20261006-FIXED-ACCOUNTS-EUR2020#B",""
"Charging infrastructure slow (purely) battery electric vehicles passenger cars","investment","2030","1005","2030:Charging infrastructure slow (purely) battery electric vehicles passenger cars:investment","EUR/Ladesï¿½ule","2020","ALREADY_EUR2020_UNCHANGED","","GATE4-20261006-FIXED-ACCOUNTS-EUR2020#B",""
"Compressed-Air-Adiabatic-bicharger","FOM","2030","0.9265","2030:Compressed-Air-Adiabatic-bicharger:FOM","%/year","","NONMONETARY_PERCENT_UNCHANGED","","GATE4-20261006-FIXED-ACCOUNTS-EUR2020#B",""
"Compressed-Air-Adiabatic-bicharger","investment","2030","946180.9426","2030:Compressed-Air-Adiabatic-bicharger:investment","EUR/MW","2020","ALREADY_EUR2020_UNCHANGED","","GATE4-20261006-FIXED-ACCOUNTS-EUR2020#B",""
"Compressed-Air-Adiabatic-store","FOM","2030","0.43","2030:Compressed-Air-Adiabatic-store:FOM","%/year","","NONMONETARY_PERCENT_UNCHANGED","","GATE4-20261006-FIXED-ACCOUNTS-EUR2020#B",""
"Compressed-Air-Adiabatic-store","investment","2030","5448.7894","2030:Compressed-Air-Adiabatic-store:investment","EUR/MWh","2020","ALREADY_EUR2020_UNCHANGED","","GATE4-20261006-FIXED-ACCOUNTS-EUR2020#B",""
"Concrete-charger","FOM","2030","1.075","2030:Concrete-charger:FOM","%/year","","NONMONETARY_PERCENT_UNCHANGED","","GATE4-20261006-FIXED-ACCOUNTS-EUR2020#B",""
"Concrete-charger","investment","2030","144192.2682","2030:Concrete-charger:investment","EUR/MW","2020","ALREADY_EUR2020_UNCHANGED","","GATE4-20261006-FIXED-ACCOUNTS-EUR2020#B",""
"Concrete-discharger","FOM","2030","0.2688","2030:Concrete-discharger:FOM","%/year","","NONMONETARY_PERCENT_UNCHANGED","","GATE4-20261006-FIXED-ACCOUNTS-EUR2020#B",""
"Concrete-discharger","investment","2030","576769.073","2030:Concrete-discharger:investment","EUR/MW","2020","ALREADY_EUR2020_UNCHANGED","","GATE4-20261006-FIXED-ACCOUNTS-EUR2020#B",""
"Concrete-store","FOM","2030","0.3308","2030:Concrete-store:FOM","%/year","","NONMONETARY_PERCENT_UNCHANGED","","GATE4-20261006-FIXED-ACCOUNTS-EUR2020#B",""
"Concrete-store","investment","2030","24044.2324","2030:Concrete-store:investment","EUR/MWh","2020","ALREADY_EUR2020_UNCHANGED","","GATE4-20261006-FIXED-ACCOUNTS-EUR2020#B",""
"Container feeder, ammonia","investment","2030","38462833.2276","2030:Container feeder, ammonia:investment","EUR","2020","ALREADY_EUR2020_UNCHANGED","","GATE4-20261006-FIXED-ACCOUNTS-EUR2020#B",""
"Container feeder, diesel","investment","2030","34966212.0251","2030:Container feeder, diesel:investment","EUR","2020","ALREADY_EUR2020_UNCHANGED","","GATE4-20261006-FIXED-ACCOUNTS-EUR2020#B",""
"Container feeder, methanol","investment","2030","36802136.8043","2030:Container feeder, methanol:investment","EUR","2020","ALREADY_EUR2020_UNCHANGED","","GATE4-20261006-FIXED-ACCOUNTS-EUR2020#B",""
"Container, ammonia","investment","2030","131618242.0136","2030:Container, ammonia:investment","EUR","2020","ALREADY_EUR2020_UNCHANGED","","GATE4-20261006-FIXED-ACCOUNTS-EUR2020#B",""
"Container, diesel","investment","2030","119652947.2851","2030:Container, diesel:investment","EUR","2020","ALREADY_EUR2020_UNCHANGED","","GATE4-20261006-FIXED-ACCOUNTS-EUR2020#B",""
"Container, methanol","investment","2030","125635594.6493","2030:Container, methanol:investment","EUR","2020","ALREADY_EUR2020_UNCHANGED","","GATE4-20261006-FIXED-ACCOUNTS-EUR2020#B",""
"Diesel Bus city","FOM","2030","0.0004","2030:Diesel Bus city:FOM","%/year","","NONMONETARY_PERCENT_UNCHANGED","","GATE4-20261006-FIXED-ACCOUNTS-EUR2020#B",""
"Diesel Bus city","VOM","2030","0.1068","2030:Diesel Bus city:VOM","EUR/km","2020","ALREADY_EUR2020_UNCHANGED","","GATE4-20261006-FIXED-ACCOUNTS-EUR2020#B",""
"Diesel Bus city","investment","2030","150756.2732","2030:Diesel Bus city:investment","EUR/vehicle","2020","ALREADY_EUR2020_UNCHANGED","","GATE4-20261006-FIXED-ACCOUNTS-EUR2020#B",""
"Diesel Coach","FOM","2030","0.0003","2030:Diesel Coach:FOM","%/year","","NONMONETARY_PERCENT_UNCHANGED","","GATE4-20261006-FIXED-ACCOUNTS-EUR2020#B",""
"Diesel Coach","VOM","2030","0.1068","2030:Diesel Coach:VOM","EUR/km","2020","ALREADY_EUR2020_UNCHANGED","","GATE4-20261006-FIXED-ACCOUNTS-EUR2020#B",""
"Diesel Coach","investment","2030","231296.0768","2030:Diesel Coach:investment","EUR/vehicle","2020","ALREADY_EUR2020_UNCHANGED","","GATE4-20261006-FIXED-ACCOUNTS-EUR2020#B",""
"Diesel Truck Semi-Trailer max 50 tons","FOM","2030","0.0005","2030:Diesel Truck Semi-Trailer max 50 tons:FOM","%/year","","NONMONETARY_PERCENT_UNCHANGED","","GATE4-20261006-FIXED-ACCOUNTS-EUR2020#B",""
"Diesel Truck Semi-Trailer max 50 tons","VOM","2030","0.1068","2030:Diesel Truck Semi-Trailer max 50 tons:VOM","EUR/km","2020","ALREADY_EUR2020_UNCHANGED","","GATE4-20261006-FIXED-ACCOUNTS-EUR2020#B",""
"Diesel Truck Semi-Trailer max 50 tons","investment","2030","142012.114","2030:Diesel Truck Semi-Trailer max 50 tons:investment","EUR/vehicle","2020","ALREADY_EUR2020_UNCHANGED","","GATE4-20261006-FIXED-ACCOUNTS-EUR2020#B",""
"Diesel Truck Solo max 26 tons","FOM","2030","0.0004","2030:Diesel Truck Solo max 26 tons:FOM","%/year","","NONMONETARY_PERCENT_UNCHANGED","","GATE4-20261006-FIXED-ACCOUNTS-EUR2020#B",""
"Diesel Truck Solo max 26 tons","VOM","2030","0.1068","2030:Diesel Truck Solo max 26 tons:VOM","EUR/km","2020","ALREADY_EUR2020_UNCHANGED","","GATE4-20261006-FIXED-ACCOUNTS-EUR2020#B",""
"Diesel Truck Solo max 26 tons","investment","2030","155444.0931","2030:Diesel Truck Solo max 26 tons:investment","EUR/vehicle","2020","ALREADY_EUR2020_UNCHANGED","","GATE4-20261006-FIXED-ACCOUNTS-EUR2020#B",""
"Diesel Truck Trailer max 56 tons","FOM","2030","0.0004","2030:Diesel Truck Trailer max 56 tons:FOM","%/year","","NONMONETARY_PERCENT_UNCHANGED","","GATE4-20261006-FIXED-ACCOUNTS-EUR2020#B",""
"Diesel Truck Trailer max 56 tons","VOM","2030","0.1068","2030:Diesel Truck Trailer max 56 tons:VOM","EUR/km","2020","ALREADY_EUR2020_UNCHANGED","","GATE4-20261006-FIXED-ACCOUNTS-EUR2020#B",""
"Diesel Truck Trailer max 56 tons","investment","2030","177515.1425","2030:Diesel Truck Trailer max 56 tons:investment","EUR/vehicle","2020","ALREADY_EUR2020_UNCHANGED","","GATE4-20261006-FIXED-ACCOUNTS-EUR2020#B",""
"FCV Bus city","FOM","2030","0.0002","2030:FCV Bus city:FOM","%/year","","NONMONETARY_PERCENT_UNCHANGED","","GATE4-20261006-FIXED-ACCOUNTS-EUR2020#B",""
"FCV Bus city","VOM","2030","0.0979","2030:FCV Bus city:VOM","EUR/km","2020","ALREADY_EUR2020_UNCHANGED","","GATE4-20261006-FIXED-ACCOUNTS-EUR2020#B",""
"FCV Bus city","investment","2030","323056.5642","2030:FCV Bus city:investment","EUR/vehicle","2020","ALREADY_EUR2020_UNCHANGED","","GATE4-20261006-FIXED-ACCOUNTS-EUR2020#B",""
"FCV Coach","FOM","2030","0.0002","2030:FCV Coach:FOM","%/year","","NONMONETARY_PERCENT_UNCHANGED","","GATE4-20261006-FIXED-ACCOUNTS-EUR2020#B",""
"FCV Coach","VOM","2030","0.0952","2030:FCV Coach:VOM","EUR/km","2020","ALREADY_EUR2020_UNCHANGED","","GATE4-20261006-FIXED-ACCOUNTS-EUR2020#B",""
"FCV Coach","investment","2030","356840.1722","2030:FCV Coach:investment","EUR/vehicle","2020","ALREADY_EUR2020_UNCHANGED","","GATE4-20261006-FIXED-ACCOUNTS-EUR2020#B",""
"FCV Truck Semi-Trailer max 50 tons","FOM","2030","0.0004","2030:FCV Truck Semi-Trailer max 50 tons:FOM","%/year","","NONMONETARY_PERCENT_UNCHANGED","","GATE4-20261006-FIXED-ACCOUNTS-EUR2020#B",""
"FCV Truck Semi-Trailer max 50 tons","VOM","2030","0.0952","2030:FCV Truck Semi-Trailer max 50 tons:VOM","EUR/km","2020","ALREADY_EUR2020_UNCHANGED","","GATE4-20261006-FIXED-ACCOUNTS-EUR2020#B",""
"FCV Truck Semi-Trailer max 50 tons","investment","2030","139809.9795","2030:FCV Truck Semi-Trailer max 50 tons:investment","EUR/vehicle","2020","ALREADY_EUR2020_UNCHANGED","","GATE4-20261006-FIXED-ACCOUNTS-EUR2020#B",""
"FCV Truck Solo max 26 tons","FOM","2030","0.0002","2030:FCV Truck Solo max 26 tons:FOM","%/year","","NONMONETARY_PERCENT_UNCHANGED","","GATE4-20261006-FIXED-ACCOUNTS-EUR2020#B",""
"FCV Truck Solo max 26 tons","VOM","2030","0.0952","2030:FCV Truck Solo max 26 tons:VOM","EUR/km","2020","ALREADY_EUR2020_UNCHANGED","","GATE4-20261006-FIXED-ACCOUNTS-EUR2020#B",""
"FCV Truck Solo max 26 tons","investment","2030","255992.8427","2030:FCV Truck Solo max 26 tons:investment","EUR/vehicle","2020","ALREADY_EUR2020_UNCHANGED","","GATE4-20261006-FIXED-ACCOUNTS-EUR2020#B",""
"FCV Truck Trailer max 56 tons","FOM","2030","0.0002","2030:FCV Truck Trailer max 56 tons:FOM","%/year","","NONMONETARY_PERCENT_UNCHANGED","","GATE4-20261006-FIXED-ACCOUNTS-EUR2020#B",""
"FCV Truck Trailer max 56 tons","VOM","2030","0.0952","2030:FCV Truck Trailer max 56 tons:VOM","EUR/km","2020","ALREADY_EUR2020_UNCHANGED","","GATE4-20261006-FIXED-ACCOUNTS-EUR2020#B",""
"FCV Truck Trailer max 56 tons","investment","2030","278063.892","2030:FCV Truck Trailer max 56 tons:investment","EUR/vehicle","2020","ALREADY_EUR2020_UNCHANGED","","GATE4-20261006-FIXED-ACCOUNTS-EUR2020#B",""
"FT fuel transport ship","FOM","2030","5","2030:FT fuel transport ship:FOM","%/year","","NONMONETARY_PERCENT_UNCHANGED","","GATE4-20261006-FIXED-ACCOUNTS-EUR2020#B",""
"FT fuel transport ship","investment","2030","35000000","2030:FT fuel transport ship:investment","EUR","2020","ALREADY_EUR2020_UNCHANGED","","GATE4-20261006-FIXED-ACCOUNTS-EUR2020#B",""
"Fischer-Tropsch","FOM","2030","3","2030:Fischer-Tropsch:FOM","%/year","","NONMONETARY_PERCENT_UNCHANGED","","GATE4-20261006-FIXED-ACCOUNTS-EUR2020#B",""
"Fischer-Tropsch","VOM","2030","4.4663","2030:Fischer-Tropsch:VOM","EUR/MWh_FT","2020","ALREADY_EUR2020_UNCHANGED","","GATE4-20261006-FIXED-ACCOUNTS-EUR2020#B",""
"Fischer-Tropsch","investment","2030","703726.4462","2030:Fischer-Tropsch:investment","EUR/MW_FT","2020","ALREADY_EUR2020_UNCHANGED","","GATE4-20261006-FIXED-ACCOUNTS-EUR2020#B",""
"Gasnetz","FOM","2030","2.5","2030:Gasnetz:FOM","%","","NONMONETARY_PERCENT_UNCHANGED","","GATE4-20261006-FIXED-ACCOUNTS-EUR2020#B",""
"Gasnetz","investment","2030","28000","2030:Gasnetz:investment","EUR/MWGas","2020","ALREADY_EUR2020_UNCHANGED","","GATE4-20261006-FIXED-ACCOUNTS-EUR2020#B",""
"General liquid hydrocarbon storage (crude)","FOM","2030","6.25","2030:General liquid hydrocarbon storage (crude):FOM","%/year","","NONMONETARY_PERCENT_UNCHANGED","","GATE4-20261006-FIXED-ACCOUNTS-EUR2020#B",""
"General liquid hydrocarbon storage (crude)","investment","2030","137.8999","2030:General liquid hydrocarbon storage (crude):investment","EUR/m^3","2020","ALREADY_EUR2020_UNCHANGED","","GATE4-20261006-FIXED-ACCOUNTS-EUR2020#B",""
"General liquid hydrocarbon storage (product)","FOM","2030","6.25","2030:General liquid hydrocarbon storage (product):FOM","%/year","","NONMONETARY_PERCENT_UNCHANGED","","GATE4-20261006-FIXED-ACCOUNTS-EUR2020#B",""
"General liquid hydrocarbon storage (product)","investment","2030","172.3748","2030:General liquid hydrocarbon storage (product):investment","EUR/m^3","2020","ALREADY_EUR2020_UNCHANGED","","GATE4-20261006-FIXED-ACCOUNTS-EUR2020#B",""
"Gravity-Brick-bicharger","FOM","2030","1.5","2030:Gravity-Brick-bicharger:FOM","%/year","","NONMONETARY_PERCENT_UNCHANGED","","GATE4-20261006-FIXED-ACCOUNTS-EUR2020#B",""
"Gravity-Brick-bicharger","investment","2030","415570.5177","2030:Gravity-Brick-bicharger:investment","EUR/MW","2020","ALREADY_EUR2020_UNCHANGED","","GATE4-20261006-FIXED-ACCOUNTS-EUR2020#B",""
"Gravity-Brick-store","investment","2030","157381.7274","2030:Gravity-Brick-store:investment","EUR/MWh","2020","ALREADY_EUR2020_UNCHANGED","","GATE4-20261006-FIXED-ACCOUNTS-EUR2020#B",""
"Gravity-Water-Aboveground-bicharger","FOM","2030","1.5","2030:Gravity-Water-Aboveground-bicharger:FOM","%/year","","NONMONETARY_PERCENT_UNCHANGED","","GATE4-20261006-FIXED-ACCOUNTS-EUR2020#B",""
"Gravity-Water-Aboveground-bicharger","investment","2030","365630.713","2030:Gravity-Water-Aboveground-bicharger:investment","EUR/MW","2020","ALREADY_EUR2020_UNCHANGED","","GATE4-20261006-FIXED-ACCOUNTS-EUR2020#B",""
"Gravity-Water-Aboveground-store","investment","2030","121755.0274","2030:Gravity-Water-Aboveground-store:investment","EUR/MWh","2020","ALREADY_EUR2020_UNCHANGED","","GATE4-20261006-FIXED-ACCOUNTS-EUR2020#B",""
"Gravity-Water-Underground-bicharger","FOM","2030","1.5","2030:Gravity-Water-Underground-bicharger:FOM","%/year","","NONMONETARY_PERCENT_UNCHANGED","","GATE4-20261006-FIXED-ACCOUNTS-EUR2020#B",""
"Gravity-Water-Underground-bicharger","investment","2030","905158.9602","2030:Gravity-Water-Underground-bicharger:investment","EUR/MW","2020","ALREADY_EUR2020_UNCHANGED","","GATE4-20261006-FIXED-ACCOUNTS-EUR2020#B",""
"Gravity-Water-Underground-store","investment","2030","95982.5211","2030:Gravity-Water-Underground-store:investment","EUR/MWh","2020","ALREADY_EUR2020_UNCHANGED","","GATE4-20261006-FIXED-ACCOUNTS-EUR2020#B",""
"H2 (g) fill compressor station","FOM","2030","1.7","2030:H2 (g) fill compressor station:FOM","%/year","","NONMONETARY_PERCENT_UNCHANGED","","GATE4-20261006-FIXED-ACCOUNTS-EUR2020#B",""
"H2 (g) fill compressor station","investment","2030","4738.7164","2030:H2 (g) fill compressor station:investment","EUR/MW_H2","2020","ALREADY_EUR2020_UNCHANGED","","GATE4-20261006-FIXED-ACCOUNTS-EUR2020#B",""
"H2 (g) pipeline","FOM","2030","3.1667","2030:H2 (g) pipeline:FOM","%/year","","NONMONETARY_PERCENT_UNCHANGED","","GATE4-20261006-FIXED-ACCOUNTS-EUR2020#B",""
"H2 (g) pipeline","investment","2030","303.6845","2030:H2 (g) pipeline:investment","EUR/MW/km","2020","ALREADY_EUR2020_UNCHANGED","","GATE4-20261006-FIXED-ACCOUNTS-EUR2020#B",""
"H2 (g) pipeline repurposed","FOM","2030","3.1667","2030:H2 (g) pipeline repurposed:FOM","%/year","","NONMONETARY_PERCENT_UNCHANGED","","GATE4-20261006-FIXED-ACCOUNTS-EUR2020#B",""
"H2 (g) pipeline repurposed","investment","2030","129.4682","2030:H2 (g) pipeline repurposed:investment","EUR/MW/km","2020","ALREADY_EUR2020_UNCHANGED","","GATE4-20261006-FIXED-ACCOUNTS-EUR2020#B",""
"H2 (g) submarine pipeline","FOM","2030","3","2030:H2 (g) submarine pipeline:FOM","%/year","","NONMONETARY_PERCENT_UNCHANGED","","GATE4-20261006-FIXED-ACCOUNTS-EUR2020#B",""
"H2 (g) submarine pipeline","investment","2030","456.1165","2030:H2 (g) submarine pipeline:investment","EUR/MW/km","2020","ALREADY_EUR2020_UNCHANGED","","GATE4-20261006-FIXED-ACCOUNTS-EUR2020#B",""
"H2 (g) submarine pipeline repurposed","FOM","2030","3","2030:H2 (g) submarine pipeline repurposed:FOM","%/year","","NONMONETARY_PERCENT_UNCHANGED","","GATE4-20261006-FIXED-ACCOUNTS-EUR2020#B",""
"H2 (g) submarine pipeline repurposed","investment","2030","160.1562","2030:H2 (g) submarine pipeline repurposed:investment","EUR/MW/km","2020","ALREADY_EUR2020_UNCHANGED","","GATE4-20261006-FIXED-ACCOUNTS-EUR2020#B",""
"H2 (l) storage tank","FOM","2030","2","2030:H2 (l) storage tank:FOM","%/year","","NONMONETARY_PERCENT_UNCHANGED","","GATE4-20261006-FIXED-ACCOUNTS-EUR2020#B",""
"H2 (l) storage tank","investment","2030","793.7456","2030:H2 (l) storage tank:investment","EUR/MWh_H2","2020","ALREADY_EUR2020_UNCHANGED","","GATE4-20261006-FIXED-ACCOUNTS-EUR2020#B",""
"H2 (l) transport ship","FOM","2030","4","2030:H2 (l) transport ship:FOM","%/year","","NONMONETARY_PERCENT_UNCHANGED","","GATE4-20261006-FIXED-ACCOUNTS-EUR2020#B",""
"H2 (l) transport ship","investment","2030","393737000","2030:H2 (l) transport ship:investment","EUR","2020","ALREADY_EUR2020_UNCHANGED","","GATE4-20261006-FIXED-ACCOUNTS-EUR2020#B",""
"H2 evaporation","FOM","2030","2.5","2030:H2 evaporation:FOM","%/year","","NONMONETARY_PERCENT_UNCHANGED","","GATE4-20261006-FIXED-ACCOUNTS-EUR2020#B",""
"H2 evaporation","investment","2030","146840.5","2030:H2 evaporation:investment","EUR/MW_H2","2020","ALREADY_EUR2020_UNCHANGED","","GATE4-20261006-FIXED-ACCOUNTS-EUR2020#B",""
"H2 liquefaction","FOM","2030","2.5","2030:H2 liquefaction:FOM","%/year","","NONMONETARY_PERCENT_UNCHANGED","","GATE4-20261006-FIXED-ACCOUNTS-EUR2020#B",""
"H2 liquefaction","investment","2030","889942.6","2030:H2 liquefaction:investment","EUR/MW_H2","2020","ALREADY_EUR2020_UNCHANGED","","GATE4-20261006-FIXED-ACCOUNTS-EUR2020#B",""
"H2 pipeline","FOM","2030","3","2030:H2 pipeline:FOM","%/year","","NONMONETARY_PERCENT_UNCHANGED","","GATE4-20261006-FIXED-ACCOUNTS-EUR2020#B",""
"H2 pipeline","investment","2030","282.5452","2030:H2 pipeline:investment","EUR/MW/km","2020","ALREADY_EUR2020_UNCHANGED","","GATE4-20261006-FIXED-ACCOUNTS-EUR2020#B",""
"H2 production biomass gasification","FOM","2030","5","2030:H2 production biomass gasification:FOM","%/year","","NONMONETARY_PERCENT_UNCHANGED","","GATE4-20261006-FIXED-ACCOUNTS-EUR2020#B",""
"H2 production biomass gasification","VOM","2030","0.5118","2030:H2 production biomass gasification:VOM","EUR/MWh_H2","2020","ALREADY_EUR2020_UNCHANGED","","GATE4-20261006-FIXED-ACCOUNTS-EUR2020#B",""
"H2 production biomass gasification","investment","2030","1467939.9","2030:H2 production biomass gasification:investment","EUR/MW","2020","ALREADY_EUR2020_UNCHANGED","","GATE4-20261006-FIXED-ACCOUNTS-EUR2020#B",""
"H2 production biomass gasification CC","FOM","2030","5","2030:H2 production biomass gasification CC:FOM","%/year","","NONMONETARY_PERCENT_UNCHANGED","","GATE4-20261006-FIXED-ACCOUNTS-EUR2020#B",""
"H2 production biomass gasification CC","VOM","2030","0.5232","2030:H2 production biomass gasification CC:VOM","EUR/MWh_H2","2020","ALREADY_EUR2020_UNCHANGED","","GATE4-20261006-FIXED-ACCOUNTS-EUR2020#B",""
"H2 production biomass gasification CC","investment","2030","1489095.7000000002","2030:H2 production biomass gasification CC:investment","EUR/MW","2020","ALREADY_EUR2020_UNCHANGED","","GATE4-20261006-FIXED-ACCOUNTS-EUR2020#B",""
"H2 production coal gasification","FOM","2030","6","2030:H2 production coal gasification:FOM","%/year","","NONMONETARY_PERCENT_UNCHANGED","","GATE4-20261006-FIXED-ACCOUNTS-EUR2020#B",""
"H2 production coal gasification","VOM","2030","0.5061","2030:H2 production coal gasification:VOM","EUR/MWh_H2","2020","ALREADY_EUR2020_UNCHANGED","","GATE4-20261006-FIXED-ACCOUNTS-EUR2020#B",""
"H2 production coal gasification","investment","2030","399116.8","2030:H2 production coal gasification:investment","EUR/MW","2020","ALREADY_EUR2020_UNCHANGED","","GATE4-20261006-FIXED-ACCOUNTS-EUR2020#B",""
"H2 production coal gasification CC","FOM","2030","7.56","2030:H2 production coal gasification CC:FOM","%/year","","NONMONETARY_PERCENT_UNCHANGED","","GATE4-20261006-FIXED-ACCOUNTS-EUR2020#B",""
"H2 production coal gasification CC","VOM","2030","0.1479","2030:H2 production coal gasification CC:VOM","EUR/MWh_H2","2020","ALREADY_EUR2020_UNCHANGED","","GATE4-20261006-FIXED-ACCOUNTS-EUR2020#B",""
"H2 production coal gasification CC","investment","2030","413448.1","2030:H2 production coal gasification CC:investment","EUR/MW","2020","ALREADY_EUR2020_UNCHANGED","","GATE4-20261006-FIXED-ACCOUNTS-EUR2020#B",""
"H2 production heavy oil partial oxidation","FOM","2030","5","2030:H2 production heavy oil partial oxidation:FOM","%/year","","NONMONETARY_PERCENT_UNCHANGED","","GATE4-20261006-FIXED-ACCOUNTS-EUR2020#B",""
"H2 production heavy oil partial oxidation","VOM","2030","0.1592","2030:H2 production heavy oil partial oxidation:VOM","EUR/MWh_H2","2020","ALREADY_EUR2020_UNCHANGED","","GATE4-20261006-FIXED-ACCOUNTS-EUR2020#B",""
"H2 production heavy oil partial oxidation","investment","2030","491133.1","2030:H2 production heavy oil partial oxidation:investment","EUR/MW","2020","ALREADY_EUR2020_UNCHANGED","","GATE4-20261006-FIXED-ACCOUNTS-EUR2020#B",""
"H2 production natural gas steam reforming","FOM","2030","4.9","2030:H2 production natural gas steam reforming:FOM","%/year","","NONMONETARY_PERCENT_UNCHANGED","","GATE4-20261006-FIXED-ACCOUNTS-EUR2020#B",""
"H2 production natural gas steam reforming","VOM","2030","204.7","2030:H2 production natural gas steam reforming:VOM","EUR/MW","2020","ALREADY_EUR2020_UNCHANGED","","GATE4-20261006-FIXED-ACCOUNTS-EUR2020#B",""
"H2 production natural gas steam reforming","investment","2030","180051.8","2030:H2 production natural gas steam reforming:investment","EUR/MW","2020","ALREADY_EUR2020_UNCHANGED","","GATE4-20261006-FIXED-ACCOUNTS-EUR2020#B",""
"H2 production natural gas steam reforming CC","FOM","2030","6","2030:H2 production natural gas steam reforming CC:FOM","%/year","","NONMONETARY_PERCENT_UNCHANGED","","GATE4-20261006-FIXED-ACCOUNTS-EUR2020#B",""
"H2 production natural gas steam reforming CC","VOM","2030","79.60000000000001","2030:H2 production natural gas steam reforming CC:VOM","EUR/MW","2020","ALREADY_EUR2020_UNCHANGED","","GATE4-20261006-FIXED-ACCOUNTS-EUR2020#B",""
"H2 production natural gas steam reforming CC","investment","2030","217586.3","2030:H2 production natural gas steam reforming CC:investment","EUR/MW","2020","ALREADY_EUR2020_UNCHANGED","","GATE4-20261006-FIXED-ACCOUNTS-EUR2020#B",""
"H2 production solid biomass steam reforming","FOM","2030","4","2030:H2 production solid biomass steam reforming:FOM","%/year","","NONMONETARY_PERCENT_UNCHANGED","","GATE4-20261006-FIXED-ACCOUNTS-EUR2020#B",""
"H2 production solid biomass steam reforming","VOM","2030","0.7393","2030:H2 production solid biomass steam reforming:VOM","EUR/MWh","2020","ALREADY_EUR2020_UNCHANGED","","GATE4-20261006-FIXED-ACCOUNTS-EUR2020#B",""
"H2 production solid biomass steam reforming","investment","2030","590656.3999999999","2030:H2 production solid biomass steam reforming:investment","EUR/MW","2020","ALREADY_EUR2020_UNCHANGED","","GATE4-20261006-FIXED-ACCOUNTS-EUR2020#B",""
"HVAC overhead","FOM","2030","2","2030:HVAC overhead:FOM","%/year","","NONMONETARY_PERCENT_UNCHANGED","","GATE4-20261006-FIXED-ACCOUNTS-EUR2020#B",""
"HVAC overhead","investment","2030","442.1414","2030:HVAC overhead:investment","EUR/MW/km","2020","ALREADY_EUR2020_UNCHANGED","","GATE4-20261006-FIXED-ACCOUNTS-EUR2020#B",""
"HVDC inverter pair","FOM","2030","2","2030:HVDC inverter pair:FOM","%/year","","NONMONETARY_PERCENT_UNCHANGED","","GATE4-20261006-FIXED-ACCOUNTS-EUR2020#B",""
"HVDC inverter pair","investment","2030","165803.0398","2030:HVDC inverter pair:investment","EUR/MW","2020","ALREADY_EUR2020_UNCHANGED","","GATE4-20261006-FIXED-ACCOUNTS-EUR2020#B",""
"HVDC overhead","FOM","2030","2","2030:HVDC overhead:FOM","%/year","","NONMONETARY_PERCENT_UNCHANGED","","GATE4-20261006-FIXED-ACCOUNTS-EUR2020#B",""
"HVDC overhead","investment","2030","442.1414","2030:HVDC overhead:investment","EUR/MW/km","2020","ALREADY_EUR2020_UNCHANGED","","GATE4-20261006-FIXED-ACCOUNTS-EUR2020#B",""
"HVDC submarine","FOM","2030","0.35","2030:HVDC submarine:FOM","%/year","","NONMONETARY_PERCENT_UNCHANGED","","GATE4-20261006-FIXED-ACCOUNTS-EUR2020#B",""
"HVDC submarine","investment","2030","1008.2934","2030:HVDC submarine:investment","EUR/MW/km","2020","ALREADY_EUR2020_UNCHANGED","","GATE4-20261006-FIXED-ACCOUNTS-EUR2020#B",""
"HVDC underground","FOM","2030","0.35","2030:HVDC underground:FOM","%/year","","NONMONETARY_PERCENT_UNCHANGED","","GATE4-20261006-FIXED-ACCOUNTS-EUR2020#B",""
"HVDC underground","investment","2030","1008.2934","2030:HVDC underground:investment","EUR/MW/km","2020","ALREADY_EUR2020_UNCHANGED","","GATE4-20261006-FIXED-ACCOUNTS-EUR2020#B",""
"Haber-Bosch","FOM","2030","3","2030:Haber-Bosch:FOM","%/year","","NONMONETARY_PERCENT_UNCHANGED","","GATE4-20261006-FIXED-ACCOUNTS-EUR2020#B",""
"Haber-Bosch","VOM","2030","0.0225","2030:Haber-Bosch:VOM","EUR/MWh_NH3","2020","ALREADY_EUR2020_UNCHANGED","","GATE4-20261006-FIXED-ACCOUNTS-EUR2020#B",""
"Haber-Bosch","investment","2030","1460013.5","2030:Haber-Bosch:investment","EUR/MW_NH3","2020","ALREADY_EUR2020_UNCHANGED","","GATE4-20261006-FIXED-ACCOUNTS-EUR2020#B",""
"HighT-Molten-Salt-charger","FOM","2030","1.075","2030:HighT-Molten-Salt-charger:FOM","%/year","","NONMONETARY_PERCENT_UNCHANGED","","GATE4-20261006-FIXED-ACCOUNTS-EUR2020#B",""
"HighT-Molten-Salt-charger","investment","2030","144192.2682","2030:HighT-Molten-Salt-charger:investment","EUR/MW","2020","ALREADY_EUR2020_UNCHANGED","","GATE4-20261006-FIXED-ACCOUNTS-EUR2020#B",""
"HighT-Molten-Salt-discharger","FOM","2030","0.2688","2030:HighT-Molten-Salt-discharger:FOM","%/year","","NONMONETARY_PERCENT_UNCHANGED","","GATE4-20261006-FIXED-ACCOUNTS-EUR2020#B",""
"HighT-Molten-Salt-discharger","investment","2030","576769.073","2030:HighT-Molten-Salt-discharger:investment","EUR/MW","2020","ALREADY_EUR2020_UNCHANGED","","GATE4-20261006-FIXED-ACCOUNTS-EUR2020#B",""
"HighT-Molten-Salt-store","FOM","2030","0.3308","2030:HighT-Molten-Salt-store:FOM","%/year","","NONMONETARY_PERCENT_UNCHANGED","","GATE4-20261006-FIXED-ACCOUNTS-EUR2020#B",""
"HighT-Molten-Salt-store","investment","2030","94107.5489","2030:HighT-Molten-Salt-store:investment","EUR/MWh","2020","ALREADY_EUR2020_UNCHANGED","","GATE4-20261006-FIXED-ACCOUNTS-EUR2020#B",""
"Hydrogen fuel cell (passenger cars)","FOM","2030","1.1","2030:Hydrogen fuel cell (passenger cars):FOM","%","","NONMONETARY_PERCENT_UNCHANGED","","GATE4-20261006-FIXED-ACCOUNTS-EUR2020#B",""
"Hydrogen fuel cell (passenger cars)","investment","2030","33226","2030:Hydrogen fuel cell (passenger cars):investment","EUR/PKW","2020","ALREADY_EUR2020_UNCHANGED","","GATE4-20261006-FIXED-ACCOUNTS-EUR2020#B",""
"Hydrogen fuel cell (trucks)","FOM","2030","13.1","2030:Hydrogen fuel cell (trucks):FOM","%","","NONMONETARY_PERCENT_UNCHANGED","","GATE4-20261006-FIXED-ACCOUNTS-EUR2020#B",""
"Hydrogen fuel cell (trucks)","investment","2030","116497","2030:Hydrogen fuel cell (trucks):investment","EUR/LKW","2020","ALREADY_EUR2020_UNCHANGED","","GATE4-20261006-FIXED-ACCOUNTS-EUR2020#B",""
"Hydrogen-charger","FOM","2030","0.6345","2030:Hydrogen-charger:FOM","%/year","","NONMONETARY_PERCENT_UNCHANGED","","GATE4-20261006-FIXED-ACCOUNTS-EUR2020#B",""
"Hydrogen-charger","investment","2030","347170.8209","2030:Hydrogen-charger:investment","EUR/MW","2020","ALREADY_EUR2020_UNCHANGED","","GATE4-20261006-FIXED-ACCOUNTS-EUR2020#B",""
"Hydrogen-discharger","FOM","2030","0.5812","2030:Hydrogen-discharger:FOM","%/year","","NONMONETARY_PERCENT_UNCHANGED","","GATE4-20261006-FIXED-ACCOUNTS-EUR2020#B",""
"Hydrogen-discharger","investment","2030","379007.4464","2030:Hydrogen-discharger:investment","EUR/MW","2020","ALREADY_EUR2020_UNCHANGED","","GATE4-20261006-FIXED-ACCOUNTS-EUR2020#B",""
"Hydrogen-store","FOM","2030","0.43","2030:Hydrogen-store:FOM","%/year","","NONMONETARY_PERCENT_UNCHANGED","","GATE4-20261006-FIXED-ACCOUNTS-EUR2020#B",""
"Hydrogen-store","investment","2030","4779.9527","2030:Hydrogen-store:investment","EUR/MWh","2020","ALREADY_EUR2020_UNCHANGED","","GATE4-20261006-FIXED-ACCOUNTS-EUR2020#B",""
"LNG storage tank","FOM","2030","2","2030:LNG storage tank:FOM","%/year","","NONMONETARY_PERCENT_UNCHANGED","","GATE4-20261006-FIXED-ACCOUNTS-EUR2020#B",""
"LNG storage tank","investment","2030","666.634","2030:LNG storage tank:investment","EUR/m^3","2020","ALREADY_EUR2020_UNCHANGED","","GATE4-20261006-FIXED-ACCOUNTS-EUR2020#B",""
"LOHC chemical","investment","2030","2500","2030:LOHC chemical:investment","EUR/t","2020","ALREADY_EUR2020_UNCHANGED","","GATE4-20261006-FIXED-ACCOUNTS-EUR2020#B",""
"LOHC dehydrogenation","FOM","2030","3","2030:LOHC dehydrogenation:FOM","%/year","","NONMONETARY_PERCENT_UNCHANGED","","GATE4-20261006-FIXED-ACCOUNTS-EUR2020#B",""
"LOHC dehydrogenation","investment","2030","53681.4988","2030:LOHC dehydrogenation:investment","EUR/MW_H2","2020","ALREADY_EUR2020_UNCHANGED","","GATE4-20261006-FIXED-ACCOUNTS-EUR2020#B",""
"LOHC dehydrogenation (small scale)","FOM","2030","3","2030:LOHC dehydrogenation (small scale):FOM","%/year","","NONMONETARY_PERCENT_UNCHANGED","","GATE4-20261006-FIXED-ACCOUNTS-EUR2020#B",""
"LOHC dehydrogenation (small scale)","investment","2030","839000","2030:LOHC dehydrogenation (small scale):investment","EUR/MW_H2","2020","ALREADY_EUR2020_UNCHANGED","","GATE4-20261006-FIXED-ACCOUNTS-EUR2020#B",""
"LOHC hydrogenation","FOM","2030","3","2030:LOHC hydrogenation:FOM","%/year","","NONMONETARY_PERCENT_UNCHANGED","","GATE4-20261006-FIXED-ACCOUNTS-EUR2020#B",""
"LOHC hydrogenation","investment","2030","54243.958","2030:LOHC hydrogenation:investment","EUR/MW_H2","2020","ALREADY_EUR2020_UNCHANGED","","GATE4-20261006-FIXED-ACCOUNTS-EUR2020#B",""
"LOHC loaded DBT storage","FOM","2030","6.25","2030:LOHC loaded DBT storage:FOM","%/year","","NONMONETARY_PERCENT_UNCHANGED","","GATE4-20261006-FIXED-ACCOUNTS-EUR2020#B",""
"LOHC loaded DBT storage","investment","2030","151.5383","2030:LOHC loaded DBT storage:investment","EUR/t","2020","ALREADY_EUR2020_UNCHANGED","","GATE4-20261006-FIXED-ACCOUNTS-EUR2020#B",""
"LOHC transport ship","FOM","2030","5","2030:LOHC transport ship:FOM","%/year","","NONMONETARY_PERCENT_UNCHANGED","","GATE4-20261006-FIXED-ACCOUNTS-EUR2020#B",""
"LOHC transport ship","investment","2030","35000000","2030:LOHC transport ship:investment","EUR","2020","ALREADY_EUR2020_UNCHANGED","","GATE4-20261006-FIXED-ACCOUNTS-EUR2020#B",""
"LOHC unloaded DBT storage","FOM","2030","6.25","2030:LOHC unloaded DBT storage:FOM","%/year","","NONMONETARY_PERCENT_UNCHANGED","","GATE4-20261006-FIXED-ACCOUNTS-EUR2020#B",""
"LOHC unloaded DBT storage","investment","2030","134.2745","2030:LOHC unloaded DBT storage:investment","EUR/t","2020","ALREADY_EUR2020_UNCHANGED","","GATE4-20261006-FIXED-ACCOUNTS-EUR2020#B",""
"Lead-Acid-bicharger","FOM","2030","2.4427","2030:Lead-Acid-bicharger:FOM","%/year","","NONMONETARY_PERCENT_UNCHANGED","","GATE4-20261006-FIXED-ACCOUNTS-EUR2020#B",""
"Lead-Acid-bicharger","investment","2030","128853.6139","2030:Lead-Acid-bicharger:investment","EUR/MW","2020","ALREADY_EUR2020_UNCHANGED","","GATE4-20261006-FIXED-ACCOUNTS-EUR2020#B",""
"Lead-Acid-store","FOM","2030","0.2542","2030:Lead-Acid-store:FOM","%/year","","NONMONETARY_PERCENT_UNCHANGED","","GATE4-20261006-FIXED-ACCOUNTS-EUR2020#B",""
"Lead-Acid-store","investment","2030","320631.3818","2030:Lead-Acid-store:investment","EUR/MWh","2020","ALREADY_EUR2020_UNCHANGED","","GATE4-20261006-FIXED-ACCOUNTS-EUR2020#B",""
"Liquid fuels ICE (passenger cars)","FOM","2030","1.6","2030:Liquid fuels ICE (passenger cars):FOM","%","","NONMONETARY_PERCENT_UNCHANGED","","GATE4-20261006-FIXED-ACCOUNTS-EUR2020#B",""
"Liquid fuels ICE (passenger cars)","investment","2030","24999","2030:Liquid fuels ICE (passenger cars):investment","EUR/PKW","2020","ALREADY_EUR2020_UNCHANGED","","GATE4-20261006-FIXED-ACCOUNTS-EUR2020#B",""
"Liquid fuels ICE (trucks)","FOM","2030","17.1","2030:Liquid fuels ICE (trucks):FOM","%","","NONMONETARY_PERCENT_UNCHANGED","","GATE4-20261006-FIXED-ACCOUNTS-EUR2020#B",""
"Liquid fuels ICE (trucks)","investment","2030","105315","2030:Liquid fuels ICE (trucks):investment","EUR/LKW","2020","ALREADY_EUR2020_UNCHANGED","","GATE4-20261006-FIXED-ACCOUNTS-EUR2020#B",""
"Liquid-Air-charger","FOM","2030","0.366","2030:Liquid-Air-charger:FOM","%/year","","NONMONETARY_PERCENT_UNCHANGED","","GATE4-20261006-FIXED-ACCOUNTS-EUR2020#B",""
"Liquid-Air-charger","investment","2030","475721.2289","2030:Liquid-Air-charger:investment","EUR/MW","2020","ALREADY_EUR2020_UNCHANGED","","GATE4-20261006-FIXED-ACCOUNTS-EUR2020#B",""
"Liquid-Air-discharger","FOM","2030","0.5212","2030:Liquid-Air-discharger:FOM","%/year","","NONMONETARY_PERCENT_UNCHANGED","","GATE4-20261006-FIXED-ACCOUNTS-EUR2020#B",""
"Liquid-Air-discharger","investment","2030","334017.033","2030:Liquid-Air-discharger:investment","EUR/MW","2020","ALREADY_EUR2020_UNCHANGED","","GATE4-20261006-FIXED-ACCOUNTS-EUR2020#B",""
"Liquid-Air-store","FOM","2030","0.3208","2030:Liquid-Air-store:FOM","%/year","","NONMONETARY_PERCENT_UNCHANGED","","GATE4-20261006-FIXED-ACCOUNTS-EUR2020#B",""
"Liquid-Air-store","investment","2030","159004.771","2030:Liquid-Air-store:investment","EUR/MWh","2020","ALREADY_EUR2020_UNCHANGED","","GATE4-20261006-FIXED-ACCOUNTS-EUR2020#B",""
"Lithium-Ion-LFP-bicharger","FOM","2030","2.1198","2030:Lithium-Ion-LFP-bicharger:FOM","%/year","","NONMONETARY_PERCENT_UNCHANGED","","GATE4-20261006-FIXED-ACCOUNTS-EUR2020#B",""
"Lithium-Ion-LFP-bicharger","investment","2030","81553.4846","2030:Lithium-Ion-LFP-bicharger:investment","EUR/MW","2020","ALREADY_EUR2020_UNCHANGED","","GATE4-20261006-FIXED-ACCOUNTS-EUR2020#B",""
"Lithium-Ion-LFP-store","FOM","2030","0.0447","2030:Lithium-Ion-LFP-store:FOM","%/year","","NONMONETARY_PERCENT_UNCHANGED","","GATE4-20261006-FIXED-ACCOUNTS-EUR2020#B",""
"Lithium-Ion-LFP-store","investment","2030","236482.8109","2030:Lithium-Ion-LFP-store:investment","EUR/MWh","2020","ALREADY_EUR2020_UNCHANGED","","GATE4-20261006-FIXED-ACCOUNTS-EUR2020#B",""
"Lithium-Ion-NMC-bicharger","FOM","2030","2.1198","2030:Lithium-Ion-NMC-bicharger:FOM","%/year","","NONMONETARY_PERCENT_UNCHANGED","","GATE4-20261006-FIXED-ACCOUNTS-EUR2020#B",""
"Lithium-Ion-NMC-bicharger","investment","2030","81553.4846","2030:Lithium-Ion-NMC-bicharger:investment","EUR/MW","2020","ALREADY_EUR2020_UNCHANGED","","GATE4-20261006-FIXED-ACCOUNTS-EUR2020#B",""
"Lithium-Ion-NMC-store","FOM","2030","0.038","2030:Lithium-Ion-NMC-store:FOM","%/year","","NONMONETARY_PERCENT_UNCHANGED","","GATE4-20261006-FIXED-ACCOUNTS-EUR2020#B",""
"Lithium-Ion-NMC-store","investment","2030","269576.8493","2030:Lithium-Ion-NMC-store:investment","EUR/MWh","2020","ALREADY_EUR2020_UNCHANGED","","GATE4-20261006-FIXED-ACCOUNTS-EUR2020#B",""
"LowT-Molten-Salt-charger","FOM","2030","1.075","2030:LowT-Molten-Salt-charger:FOM","%/year","","NONMONETARY_PERCENT_UNCHANGED","","GATE4-20261006-FIXED-ACCOUNTS-EUR2020#B",""
"LowT-Molten-Salt-charger","investment","2030","144192.2682","2030:LowT-Molten-Salt-charger:investment","EUR/MW","2020","ALREADY_EUR2020_UNCHANGED","","GATE4-20261006-FIXED-ACCOUNTS-EUR2020#B",""
"LowT-Molten-Salt-discharger","FOM","2030","0.2688","2030:LowT-Molten-Salt-discharger:FOM","%/year","","NONMONETARY_PERCENT_UNCHANGED","","GATE4-20261006-FIXED-ACCOUNTS-EUR2020#B",""
"LowT-Molten-Salt-discharger","investment","2030","576769.073","2030:LowT-Molten-Salt-discharger:investment","EUR/MW","2020","ALREADY_EUR2020_UNCHANGED","","GATE4-20261006-FIXED-ACCOUNTS-EUR2020#B",""
"LowT-Molten-Salt-store","FOM","2030","0.3308","2030:LowT-Molten-Salt-store:FOM","%/year","","NONMONETARY_PERCENT_UNCHANGED","","GATE4-20261006-FIXED-ACCOUNTS-EUR2020#B",""
"LowT-Molten-Salt-store","investment","2030","58041.2003","2030:LowT-Molten-Salt-store:investment","EUR/MWh","2020","ALREADY_EUR2020_UNCHANGED","","GATE4-20261006-FIXED-ACCOUNTS-EUR2020#B",""
"MeOH transport ship","FOM","2030","5","2030:MeOH transport ship:FOM","%/year","","NONMONETARY_PERCENT_UNCHANGED","","GATE4-20261006-FIXED-ACCOUNTS-EUR2020#B",""
"MeOH transport ship","investment","2030","35000000","2030:MeOH transport ship:investment","EUR","2020","ALREADY_EUR2020_UNCHANGED","","GATE4-20261006-FIXED-ACCOUNTS-EUR2020#B",""
"Methanol steam reforming","FOM","2030","4","2030:Methanol steam reforming:FOM","%/year","","NONMONETARY_PERCENT_UNCHANGED","","GATE4-20261006-FIXED-ACCOUNTS-EUR2020#B",""
"Methanol steam reforming","investment","2030","18016.8665","2030:Methanol steam reforming:investment","EUR/MW_H2","2020","ALREADY_EUR2020_UNCHANGED","","GATE4-20261006-FIXED-ACCOUNTS-EUR2020#B",""
"NH3 (l) storage tank incl. liquefaction","FOM","2030","2","2030:NH3 (l) storage tank incl. liquefaction:FOM","%/year","","NONMONETARY_PERCENT_UNCHANGED","","GATE4-20261006-FIXED-ACCOUNTS-EUR2020#B",""
"NH3 (l) storage tank incl. liquefaction","investment","2030","166.8201","2030:NH3 (l) storage tank incl. liquefaction:investment","EUR/MWh_NH3","2020","ALREADY_EUR2020_UNCHANGED","","GATE4-20261006-FIXED-ACCOUNTS-EUR2020#B",""
"NH3 (l) transport ship","FOM","2030","4","2030:NH3 (l) transport ship:FOM","%/year","","NONMONETARY_PERCENT_UNCHANGED","","GATE4-20261006-FIXED-ACCOUNTS-EUR2020#B",""
"NH3 (l) transport ship","investment","2030","81164200","2030:NH3 (l) transport ship:investment","EUR","2020","ALREADY_EUR2020_UNCHANGED","","GATE4-20261006-FIXED-ACCOUNTS-EUR2020#B",""
"Ni-Zn-bicharger","FOM","2030","2.1198","2030:Ni-Zn-bicharger:FOM","%/year","","NONMONETARY_PERCENT_UNCHANGED","","GATE4-20261006-FIXED-ACCOUNTS-EUR2020#B",""
"Ni-Zn-bicharger","investment","2030","81553.4846","2030:Ni-Zn-bicharger:investment","EUR/MW","2020","ALREADY_EUR2020_UNCHANGED","","GATE4-20261006-FIXED-ACCOUNTS-EUR2020#B",""
"Ni-Zn-store","FOM","2030","0.2262","2030:Ni-Zn-store:FOM","%/year","","NONMONETARY_PERCENT_UNCHANGED","","GATE4-20261006-FIXED-ACCOUNTS-EUR2020#B",""
"Ni-Zn-store","investment","2030","267837.874","2030:Ni-Zn-store:investment","EUR/MWh","2020","ALREADY_EUR2020_UNCHANGED","","GATE4-20261006-FIXED-ACCOUNTS-EUR2020#B",""
"OCGT","FOM","2030","3.75","2030:OCGT:FOM","%/year","","NONMONETARY_PERCENT_UNCHANGED","","GATE4-20261006-FIXED-ACCOUNTS-EUR2020#B",""
"OCGT","VOM","2030","3.1580230772615585","2030:OCGT:VOM","EUR/MWh","2020","ALREADY_EUR2020_UNCHANGED","","GATE4-20261006-FIXED-ACCOUNTS-EUR2020#B",""
"OCGT","investment","2030","540372.8376647556","2030:OCGT:investment","EUR/MW","2020","ALREADY_EUR2020_UNCHANGED","","GATE4-20261006-FIXED-ACCOUNTS-EUR2020#B",""
"PEM electrolyzer small size","FOM","2030","3","2030:PEM electrolyzer small size:FOM","%/year","","NONMONETARY_PERCENT_UNCHANGED","","GATE4-20261006-FIXED-ACCOUNTS-EUR2020#B",""
"PEM electrolyzer small size","investment","2030","1080538.4","2030:PEM electrolyzer small size:investment","EUR/MW","2020","ALREADY_EUR2020_UNCHANGED","","GATE4-20261006-FIXED-ACCOUNTS-EUR2020#B",""
"PHS","FOM","2030","1","2030:PHS:FOM","%/year","","NONMONETARY_PERCENT_UNCHANGED","","GATE4-20261006-FIXED-ACCOUNTS-EUR2020#B",""
"PHS","investment","2030","2274817.7","2030:PHS:investment","EUR/MWel","2020","ALREADY_EUR2020_UNCHANGED","","GATE4-20261006-FIXED-ACCOUNTS-EUR2020#B",""
"Pumped-Heat-charger","FOM","2030","0.366","2030:Pumped-Heat-charger:FOM","%/year","","NONMONETARY_PERCENT_UNCHANGED","","GATE4-20261006-FIXED-ACCOUNTS-EUR2020#B",""
"Pumped-Heat-charger","investment","2030","761782.6727","2030:Pumped-Heat-charger:investment","EUR/MW","2020","ALREADY_EUR2020_UNCHANGED","","GATE4-20261006-FIXED-ACCOUNTS-EUR2020#B",""
"Pumped-Heat-discharger","FOM","2030","0.5212","2030:Pumped-Heat-discharger:FOM","%/year","","NONMONETARY_PERCENT_UNCHANGED","","GATE4-20261006-FIXED-ACCOUNTS-EUR2020#B",""
"Pumped-Heat-discharger","investment","2030","534868.6851","2030:Pumped-Heat-discharger:investment","EUR/MW","2020","ALREADY_EUR2020_UNCHANGED","","GATE4-20261006-FIXED-ACCOUNTS-EUR2020#B",""
"Pumped-Heat-store","FOM","2030","0.1528","2030:Pumped-Heat-store:FOM","%/year","","NONMONETARY_PERCENT_UNCHANGED","","GATE4-20261006-FIXED-ACCOUNTS-EUR2020#B",""
"Pumped-Heat-store","investment","2030","11546.7963","2030:Pumped-Heat-store:investment","EUR/MWh","2020","ALREADY_EUR2020_UNCHANGED","","GATE4-20261006-FIXED-ACCOUNTS-EUR2020#B",""
"Pumped-Storage-Hydro-bicharger","FOM","2030","2.6475279106858056","2030:Pumped-Storage-Hydro-bicharger:FOM","%/year","","NONMONETARY_PERCENT_UNCHANGED","","GATE4-20261006-FIXED-ACCOUNTS-EUR2020#B",""
"Pumped-Storage-Hydro-bicharger","VOM","2030","0.1964992136962748","2030:Pumped-Storage-Hydro-bicharger:VOM","EUR/MWh","2020","ALREADY_EUR2020_UNCHANGED","","GATE4-20261006-FIXED-ACCOUNTS-EUR2020#B",""
"Pumped-Storage-Hydro-bicharger","investment","2030","275011.1763115274","2030:Pumped-Storage-Hydro-bicharger:investment","EUR/MW","2020","ALREADY_EUR2020_UNCHANGED","","GATE4-20261006-FIXED-ACCOUNTS-EUR2020#B",""
"Pumped-Storage-Hydro-store","FOM","2030","0.43","2030:Pumped-Storage-Hydro-store:FOM","%/year","","NONMONETARY_PERCENT_UNCHANGED","","GATE4-20261006-FIXED-ACCOUNTS-EUR2020#B",""
"Pumped-Storage-Hydro-store","investment","2030","57074.0625","2030:Pumped-Storage-Hydro-store:investment","EUR/MWh","2020","ALREADY_EUR2020_UNCHANGED","","GATE4-20261006-FIXED-ACCOUNTS-EUR2020#B",""
"SMR","FOM","2030","5","2030:SMR:FOM","%/year","","NONMONETARY_PERCENT_UNCHANGED","","GATE4-20261006-FIXED-ACCOUNTS-EUR2020#B",""
"SMR","investment","2030","522201.0492","2030:SMR:investment","EUR/MW_CH4","2020","ALREADY_EUR2020_UNCHANGED","","GATE4-20261006-FIXED-ACCOUNTS-EUR2020#B",""
"SMR CC","FOM","2030","5","2030:SMR CC:FOM","%/year","","NONMONETARY_PERCENT_UNCHANGED","","GATE4-20261006-FIXED-ACCOUNTS-EUR2020#B",""
"SMR CC","investment","2030","605753.2171","2030:SMR CC:investment","EUR/MW_CH4","2020","ALREADY_EUR2020_UNCHANGED","","GATE4-20261006-FIXED-ACCOUNTS-EUR2020#B",""
"SOEC","FOM","2030","4","2030:SOEC:FOM","%/year","","NONMONETARY_PERCENT_UNCHANGED","","GATE4-20261006-FIXED-ACCOUNTS-EUR2020#B",""
"SOEC","investment","2030","","2030:SOEC:investment","","","PENDING","","GATE4-20261006-FIXED-ACCOUNTS-EUR2020#B","Non-EUR requires explicit frozen FX reconciliation before real-price adjustment"
"Sand-charger","FOM","2030","1.075","2030:Sand-charger:FOM","%/year","","NONMONETARY_PERCENT_UNCHANGED","","GATE4-20261006-FIXED-ACCOUNTS-EUR2020#B",""
"Sand-charger","investment","2030","144192.2682","2030:Sand-charger:investment","EUR/MW","2020","ALREADY_EUR2020_UNCHANGED","","GATE4-20261006-FIXED-ACCOUNTS-EUR2020#B",""
"Sand-discharger","FOM","2030","0.2688","2030:Sand-discharger:FOM","%/year","","NONMONETARY_PERCENT_UNCHANGED","","GATE4-20261006-FIXED-ACCOUNTS-EUR2020#B",""
"Sand-discharger","investment","2030","576769.073","2030:Sand-discharger:investment","EUR/MW","2020","ALREADY_EUR2020_UNCHANGED","","GATE4-20261006-FIXED-ACCOUNTS-EUR2020#B",""
"Sand-store","FOM","2030","0.3308","2030:Sand-store:FOM","%/year","","NONMONETARY_PERCENT_UNCHANGED","","GATE4-20261006-FIXED-ACCOUNTS-EUR2020#B",""
"Sand-store","investment","2030","6700.8517","2030:Sand-store:investment","EUR/MWh","2020","ALREADY_EUR2020_UNCHANGED","","GATE4-20261006-FIXED-ACCOUNTS-EUR2020#B",""
"Steam methane reforming","FOM","2030","3","2030:Steam methane reforming:FOM","%/year","","NONMONETARY_PERCENT_UNCHANGED","","GATE4-20261006-FIXED-ACCOUNTS-EUR2020#B",""
"Steam methane reforming","investment","2030","497454.611","2030:Steam methane reforming:investment","EUR/MW_H2","2020","ALREADY_EUR2020_UNCHANGED","","GATE4-20261006-FIXED-ACCOUNTS-EUR2020#B",""
"Tank&bulk, diesel","investment","2030","35129312.4041","2030:Tank&bulk, diesel:investment","EUR","2020","ALREADY_EUR2020_UNCHANGED","","GATE4-20261006-FIXED-ACCOUNTS-EUR2020#B",""
"Tank&bulk, methanol","investment","2030","36885778.0243","2030:Tank&bulk, methanol:investment","EUR","2020","ALREADY_EUR2020_UNCHANGED","","GATE4-20261006-FIXED-ACCOUNTS-EUR2020#B",""
"Tankbulk, ammonia","investment","2030","38642243.6445","2030:Tankbulk, ammonia:investment","EUR","2020","ALREADY_EUR2020_UNCHANGED","","GATE4-20261006-FIXED-ACCOUNTS-EUR2020#B",""
"Vanadium-Redox-Flow-bicharger","FOM","2030","2.4395","2030:Vanadium-Redox-Flow-bicharger:FOM","%/year","","NONMONETARY_PERCENT_UNCHANGED","","GATE4-20261006-FIXED-ACCOUNTS-EUR2020#B",""
"Vanadium-Redox-Flow-bicharger","investment","2030","129023.0526","2030:Vanadium-Redox-Flow-bicharger:investment","EUR/MW","2020","ALREADY_EUR2020_UNCHANGED","","GATE4-20261006-FIXED-ACCOUNTS-EUR2020#B",""
"Vanadium-Redox-Flow-store","FOM","2030","0.2345","2030:Vanadium-Redox-Flow-store:FOM","%/year","","NONMONETARY_PERCENT_UNCHANGED","","GATE4-20261006-FIXED-ACCOUNTS-EUR2020#B",""
"Vanadium-Redox-Flow-store","investment","2030","258072.8586","2030:Vanadium-Redox-Flow-store:investment","EUR/MWh","2020","ALREADY_EUR2020_UNCHANGED","","GATE4-20261006-FIXED-ACCOUNTS-EUR2020#B",""
"Zn-Air-bicharger","FOM","2030","2.4395","2030:Zn-Air-bicharger:FOM","%/year","","NONMONETARY_PERCENT_UNCHANGED","","GATE4-20261006-FIXED-ACCOUNTS-EUR2020#B",""
"Zn-Air-bicharger","investment","2030","129023.0526","2030:Zn-Air-bicharger:investment","EUR/MW","2020","ALREADY_EUR2020_UNCHANGED","","GATE4-20261006-FIXED-ACCOUNTS-EUR2020#B",""
"Zn-Air-store","FOM","2030","0.1654","2030:Zn-Air-store:FOM","%/year","","NONMONETARY_PERCENT_UNCHANGED","","GATE4-20261006-FIXED-ACCOUNTS-EUR2020#B",""
"Zn-Air-store","investment","2030","174388.0144","2030:Zn-Air-store:investment","EUR/MWh","2020","ALREADY_EUR2020_UNCHANGED","","GATE4-20261006-FIXED-ACCOUNTS-EUR2020#B",""
"Zn-Br-Flow-bicharger","FOM","2030","2.1198","2030:Zn-Br-Flow-bicharger:FOM","%/year","","NONMONETARY_PERCENT_UNCHANGED","","GATE4-20261006-FIXED-ACCOUNTS-EUR2020#B",""
"Zn-Br-Flow-bicharger","investment","2030","81553.4846","2030:Zn-Br-Flow-bicharger:investment","EUR/MW","2020","ALREADY_EUR2020_UNCHANGED","","GATE4-20261006-FIXED-ACCOUNTS-EUR2020#B",""
"Zn-Br-Flow-store","FOM","2030","0.2576","2030:Zn-Br-Flow-store:FOM","%/year","","NONMONETARY_PERCENT_UNCHANGED","","GATE4-20261006-FIXED-ACCOUNTS-EUR2020#B",""
"Zn-Br-Flow-store","investment","2030","412306.5947","2030:Zn-Br-Flow-store:investment","EUR/MWh","2020","ALREADY_EUR2020_UNCHANGED","","GATE4-20261006-FIXED-ACCOUNTS-EUR2020#B",""
"Zn-Br-Nonflow-bicharger","FOM","2030","2.4395","2030:Zn-Br-Nonflow-bicharger:FOM","%/year","","NONMONETARY_PERCENT_UNCHANGED","","GATE4-20261006-FIXED-ACCOUNTS-EUR2020#B",""
"Zn-Br-Nonflow-bicharger","investment","2030","129023.0526","2030:Zn-Br-Nonflow-bicharger:investment","EUR/MW","2020","ALREADY_EUR2020_UNCHANGED","","GATE4-20261006-FIXED-ACCOUNTS-EUR2020#B",""
"Zn-Br-Nonflow-store","FOM","2030","0.2244","2030:Zn-Br-Nonflow-store:FOM","%/year","","NONMONETARY_PERCENT_UNCHANGED","","GATE4-20261006-FIXED-ACCOUNTS-EUR2020#B",""
"Zn-Br-Nonflow-store","investment","2030","239220.5823","2030:Zn-Br-Nonflow-store:investment","EUR/MWh","2020","ALREADY_EUR2020_UNCHANGED","","GATE4-20261006-FIXED-ACCOUNTS-EUR2020#B",""
"air separation unit","FOM","2030","3","2030:air separation unit:FOM","%/year","","NONMONETARY_PERCENT_UNCHANGED","","GATE4-20261006-FIXED-ACCOUNTS-EUR2020#B",""
"air separation unit","investment","2030","820676.5784","2030:air separation unit:investment","EUR/t_N2/h","2020","ALREADY_EUR2020_UNCHANGED","","GATE4-20261006-FIXED-ACCOUNTS-EUR2020#B",""
"allam","VOM","2030","2","2030:allam:VOM","EUR/MWh","2020","ALREADY_EUR2020_UNCHANGED","","GATE4-20261006-FIXED-ACCOUNTS-EUR2020#B",""
"allam","investment","2030","1500000","2030:allam:investment","EUR/MW","2020","ALREADY_EUR2020_UNCHANGED","","GATE4-20261006-FIXED-ACCOUNTS-EUR2020#B",""
"ammonia carbon capture retrofit","FOM","2030","5","2030:ammonia carbon capture retrofit:FOM","%/year","","NONMONETARY_PERCENT_UNCHANGED","","GATE4-20261006-FIXED-ACCOUNTS-EUR2020#B",""
"ammonia carbon capture retrofit","investment","2030","","2030:ammonia carbon capture retrofit:investment","","","PENDING","","GATE4-20261006-FIXED-ACCOUNTS-EUR2020#B","Non-EUR requires explicit frozen FX reconciliation before real-price adjustment"
"battery inverter","FOM","2030","8.826125330979702","2030:battery inverter:FOM","%/year","","NONMONETARY_PERCENT_UNCHANGED","","GATE4-20261006-FIXED-ACCOUNTS-EUR2020#B",""
"battery inverter","VOM","2030","0.2807131624232497","2030:battery inverter:VOM","EUR/MWh","2020","ALREADY_EUR2020_UNCHANGED","","GATE4-20261006-FIXED-ACCOUNTS-EUR2020#B",""
"battery inverter","investment","2030","149085.0061057227","2030:battery inverter:investment","EUR/MW","2020","ALREADY_EUR2020_UNCHANGED","","GATE4-20261006-FIXED-ACCOUNTS-EUR2020#B",""
"battery storage","investment","2030","151002.80000000002","2030:battery storage:investment","EUR/MWh","2020","ALREADY_EUR2020_UNCHANGED","","GATE4-20261006-FIXED-ACCOUNTS-EUR2020#B",""
"biochar pyrolysis","FOM","2030","3.4167","2030:biochar pyrolysis:FOM","%/year","","NONMONETARY_PERCENT_UNCHANGED","","GATE4-20261006-FIXED-ACCOUNTS-EUR2020#B",""
"biochar pyrolysis","VOM","2030","823.497","2030:biochar pyrolysis:VOM","EUR/MWh_biochar","2020","ALREADY_EUR2020_UNCHANGED","","GATE4-20261006-FIXED-ACCOUNTS-EUR2020#B",""
"biochar pyrolysis","investment","2030","154405680","2030:biochar pyrolysis:investment","EUR/MW_biochar","2020","ALREADY_EUR2020_UNCHANGED","","GATE4-20261006-FIXED-ACCOUNTS-EUR2020#B",""
"biodiesel crops","fuel","2030","137.6508","2030:biodiesel crops:fuel","EUR/MWhth","2020","ALREADY_EUR2020_UNCHANGED","","GATE4-20261006-FIXED-ACCOUNTS-EUR2020#B",""
"bioethanol crops","fuel","2030","82.4367","2030:bioethanol crops:fuel","EUR/MWhth","2020","ALREADY_EUR2020_UNCHANGED","","GATE4-20261006-FIXED-ACCOUNTS-EUR2020#B",""
"biogas","FOM","2030","6.1003861003861","2030:biogas:FOM","%/year","","NONMONETARY_PERCENT_UNCHANGED","","GATE4-20261006-FIXED-ACCOUNTS-EUR2020#B",""
"biogas","VOM","2030","0.0649149188103764","2030:biogas:VOM","EUR/MWh","2020","ALREADY_EUR2020_UNCHANGED","","GATE4-20261006-FIXED-ACCOUNTS-EUR2020#B",""
"biogas","fuel","2030","62.4351","2030:biogas:fuel","EUR/MWhth","2020","ALREADY_EUR2020_UNCHANGED","","GATE4-20261006-FIXED-ACCOUNTS-EUR2020#B",""
"biogas","investment","2030","1590415.5108542235","2030:biogas:investment","EUR/MW","2020","ALREADY_EUR2020_UNCHANGED","","GATE4-20261006-FIXED-ACCOUNTS-EUR2020#B",""
"biogas CC","FOM","2030","7.7769","2030:biogas CC:FOM","%/year","","NONMONETARY_PERCENT_UNCHANGED","","GATE4-20261006-FIXED-ACCOUNTS-EUR2020#B",""
"biogas CC","investment","2030","955186.5","2030:biogas CC:investment","EUR/MW","2020","ALREADY_EUR2020_UNCHANGED","","GATE4-20261006-FIXED-ACCOUNTS-EUR2020#B",""
"biogas manure","fuel","2030","19.8676","2030:biogas manure:fuel","EUR/MWhth","2020","ALREADY_EUR2020_UNCHANGED","","GATE4-20261006-FIXED-ACCOUNTS-EUR2020#B",""
"biogas plus hydrogen","FOM","2030","4","2030:biogas plus hydrogen:FOM","%/year","","NONMONETARY_PERCENT_UNCHANGED","","GATE4-20261006-FIXED-ACCOUNTS-EUR2020#B",""
"biogas plus hydrogen","VOM","2030","3.8282","2030:biogas plus hydrogen:VOM","EUR/MWh_CH4","2020","ALREADY_EUR2020_UNCHANGED","","GATE4-20261006-FIXED-ACCOUNTS-EUR2020#B",""
"biogas plus hydrogen","investment","2030","803930.3999999999","2030:biogas plus hydrogen:investment","EUR/MW_CH4","2020","ALREADY_EUR2020_UNCHANGED","","GATE4-20261006-FIXED-ACCOUNTS-EUR2020#B",""
"biogas upgrading","FOM","2030","17.0397","2030:biogas upgrading:FOM","%/year","","NONMONETARY_PERCENT_UNCHANGED","","GATE4-20261006-FIXED-ACCOUNTS-EUR2020#B",""
"biogas upgrading","VOM","2030","3.6704","2030:biogas upgrading:VOM","EUR/MWh output","2020","ALREADY_EUR2020_UNCHANGED","","GATE4-20261006-FIXED-ACCOUNTS-EUR2020#B",""
"biogas upgrading","investment","2030","170206.8","2030:biogas upgrading:investment","EUR/MW","2020","ALREADY_EUR2020_UNCHANGED","","GATE4-20261006-FIXED-ACCOUNTS-EUR2020#B",""
"biomass","FOM","2030","5.232777687867509","2030:biomass:FOM","%/year","","NONMONETARY_PERCENT_UNCHANGED","","GATE4-20261006-FIXED-ACCOUNTS-EUR2020#B",""
"biomass","VOM","2030","6.296747124606519","2030:biomass:VOM","EUR/MWh","2020","ALREADY_EUR2020_UNCHANGED","","GATE4-20261006-FIXED-ACCOUNTS-EUR2020#B",""
"biomass","fuel","2030","7.4076","2030:biomass:fuel","EUR/MWhth","2020","ALREADY_EUR2020_UNCHANGED","","GATE4-20261006-FIXED-ACCOUNTS-EUR2020#B",""
"biomass","investment","2030","2276566.2026799032","2030:biomass:investment","EUR/MW","2020","ALREADY_EUR2020_UNCHANGED","","GATE4-20261006-FIXED-ACCOUNTS-EUR2020#B",""
"biomass CHP","FOM","2030","3.5822","2030:biomass CHP:FOM","%/year","","NONMONETARY_PERCENT_UNCHANGED","","GATE4-20261006-FIXED-ACCOUNTS-EUR2020#B",""
"biomass CHP","VOM","2030","2.222","2030:biomass CHP:VOM","EUR/MWh_e","2020","ALREADY_EUR2020_UNCHANGED","","GATE4-20261006-FIXED-ACCOUNTS-EUR2020#B",""
"biomass CHP","investment","2030","3397186.2","2030:biomass CHP:investment","EUR/MW_e","2020","ALREADY_EUR2020_UNCHANGED","","GATE4-20261006-FIXED-ACCOUNTS-EUR2020#B",""
"biomass CHP capture","FOM","2030","3","2030:biomass CHP capture:FOM","%/year","","NONMONETARY_PERCENT_UNCHANGED","","GATE4-20261006-FIXED-ACCOUNTS-EUR2020#B",""
"biomass CHP capture","investment","2030","2700000","2030:biomass CHP capture:investment","EUR/(tCO2/h)","2020","ALREADY_EUR2020_UNCHANGED","","GATE4-20261006-FIXED-ACCOUNTS-EUR2020#B",""
"biomass EOP","FOM","2030","3.5822","2030:biomass EOP:FOM","%/year","","NONMONETARY_PERCENT_UNCHANGED","","GATE4-20261006-FIXED-ACCOUNTS-EUR2020#B",""
"biomass EOP","VOM","2030","2.222","2030:biomass EOP:VOM","EUR/MWh_e","2020","ALREADY_EUR2020_UNCHANGED","","GATE4-20261006-FIXED-ACCOUNTS-EUR2020#B",""
"biomass EOP","investment","2030","3397186.2","2030:biomass EOP:investment","EUR/MW_e","2020","ALREADY_EUR2020_UNCHANGED","","GATE4-20261006-FIXED-ACCOUNTS-EUR2020#B",""
"biomass HOP","FOM","2030","5.7529","2030:biomass HOP:FOM","%/year","","NONMONETARY_PERCENT_UNCHANGED","","GATE4-20261006-FIXED-ACCOUNTS-EUR2020#B",""
"biomass HOP","VOM","2030","2.9457","2030:biomass HOP:VOM","EUR/MWh","2020","ALREADY_EUR2020_UNCHANGED","","GATE4-20261006-FIXED-ACCOUNTS-EUR2020#B",""
"biomass HOP","investment","2030","881102","2030:biomass HOP:investment","EUR/MW_th - heat output","2020","ALREADY_EUR2020_UNCHANGED","","GATE4-20261006-FIXED-ACCOUNTS-EUR2020#B",""
"biomass boiler","FOM","2030","7.4851","2030:biomass boiler:FOM","%/year","","NONMONETARY_PERCENT_UNCHANGED","","GATE4-20261006-FIXED-ACCOUNTS-EUR2020#B",""
"biomass boiler","investment","2030","687101.5","2030:biomass boiler:investment","EUR/MW_th","2020","ALREADY_EUR2020_UNCHANGED","","GATE4-20261006-FIXED-ACCOUNTS-EUR2020#B",""
"biomass boiler","pelletizing cost","2030","9.16301353923148","2030:biomass boiler:pelletizing cost","EUR/MWh_pellets","2020","REBASED_TO_EUR2020","","GATE4-20261006-FIXED-ACCOUNTS-EUR2020#B",""
"biomass-to-methanol","FOM","2030","1.3333","2030:biomass-to-methanol:FOM","%/year","","NONMONETARY_PERCENT_UNCHANGED","","GATE4-20261006-FIXED-ACCOUNTS-EUR2020#B",""
"biomass-to-methanol","VOM","2030","14.4653","2030:biomass-to-methanol:VOM","EUR/MWh_MeOH","2020","ALREADY_EUR2020_UNCHANGED","","GATE4-20261006-FIXED-ACCOUNTS-EUR2020#B",""
"biomass-to-methanol","investment","2030","3106329.1","2030:biomass-to-methanol:investment","EUR/MW_MeOH","2020","ALREADY_EUR2020_UNCHANGED","","GATE4-20261006-FIXED-ACCOUNTS-EUR2020#B",""
"blast furnace-basic oxygen furnace","FOM","2030","14.18","2030:blast furnace-basic oxygen furnace:FOM","%/year","","NONMONETARY_PERCENT_UNCHANGED","","GATE4-20261006-FIXED-ACCOUNTS-EUR2020#B",""
"blast furnace-basic oxygen furnace","investment","2030","7637406","2030:blast furnace-basic oxygen furnace:investment","EUR/t_steel/h","2020","ALREADY_EUR2020_UNCHANGED","","GATE4-20261006-FIXED-ACCOUNTS-EUR2020#B",""
"cement capture","FOM","2030","3","2030:cement capture:FOM","%/year","","NONMONETARY_PERCENT_UNCHANGED","","GATE4-20261006-FIXED-ACCOUNTS-EUR2020#B",""
"cement capture","investment","2030","2600000","2030:cement capture:investment","EUR/(tCO2/h)","2020","ALREADY_EUR2020_UNCHANGED","","GATE4-20261006-FIXED-ACCOUNTS-EUR2020#B",""
"cement carbon capture retrofit","FOM","2030","7","2030:cement carbon capture retrofit:FOM","%/year","","NONMONETARY_PERCENT_UNCHANGED","","GATE4-20261006-FIXED-ACCOUNTS-EUR2020#B",""
"cement carbon capture retrofit","investment","2030","","2030:cement carbon capture retrofit:investment","","","PENDING","","GATE4-20261006-FIXED-ACCOUNTS-EUR2020#B","Non-EUR requires explicit frozen FX reconciliation before real-price adjustment"
"cement dry clinker","FOM","2030","4","2030:cement dry clinker:FOM","%/year","","NONMONETARY_PERCENT_UNCHANGED","","GATE4-20261006-FIXED-ACCOUNTS-EUR2020#B",""
"cement dry clinker","VOM","2030","5.2911","2030:cement dry clinker:VOM","EUR/t_clinker","2020","ALREADY_EUR2020_UNCHANGED","","GATE4-20261006-FIXED-ACCOUNTS-EUR2020#B",""
"cement dry clinker","investment","2030","1158752.6816","2030:cement dry clinker:investment","EUR/t_clinker/h","2020","ALREADY_EUR2020_UNCHANGED","","GATE4-20261006-FIXED-ACCOUNTS-EUR2020#B",""
"cement finishing","FOM","2030","30","2030:cement finishing:FOM","%/year","","NONMONETARY_PERCENT_UNCHANGED","","GATE4-20261006-FIXED-ACCOUNTS-EUR2020#B",""
"cement finishing","VOM","2030","3.1747","2030:cement finishing:VOM","EUR/t_cement","2020","ALREADY_EUR2020_UNCHANGED","","GATE4-20261006-FIXED-ACCOUNTS-EUR2020#B",""
"cement finishing","investment","2030","92700.2145","2030:cement finishing:investment","EUR/t_cement/h","2020","ALREADY_EUR2020_UNCHANGED","","GATE4-20261006-FIXED-ACCOUNTS-EUR2020#B",""
"central air-sourced heat pump","FOM","2030","0.2336","2030:central air-sourced heat pump:FOM","%/year","","NONMONETARY_PERCENT_UNCHANGED","","GATE4-20261006-FIXED-ACCOUNTS-EUR2020#B",""
"central air-sourced heat pump","VOM","2030","2.6561","2030:central air-sourced heat pump:VOM","EUR/MWh_th","2020","ALREADY_EUR2020_UNCHANGED","","GATE4-20261006-FIXED-ACCOUNTS-EUR2020#B",""
"central air-sourced heat pump","investment","2030","906098.8","2030:central air-sourced heat pump:investment","EUR/MW_th","2020","ALREADY_EUR2020_UNCHANGED","","GATE4-20261006-FIXED-ACCOUNTS-EUR2020#B",""
"central coal CHP","FOM","2030","1.6316","2030:central coal CHP:FOM","%/year","","NONMONETARY_PERCENT_UNCHANGED","","GATE4-20261006-FIXED-ACCOUNTS-EUR2020#B",""
"central coal CHP","VOM","2030","3.005","2030:central coal CHP:VOM","EUR/MWh","2020","ALREADY_EUR2020_UNCHANGED","","GATE4-20261006-FIXED-ACCOUNTS-EUR2020#B",""
"central coal CHP","investment","2030","1968794.8","2030:central coal CHP:investment","EUR/MW","2020","ALREADY_EUR2020_UNCHANGED","","GATE4-20261006-FIXED-ACCOUNTS-EUR2020#B",""
"central excess-heat-sourced heat pump","FOM","2030","0.3504","2030:central excess-heat-sourced heat pump:FOM","%/year","","NONMONETARY_PERCENT_UNCHANGED","","GATE4-20261006-FIXED-ACCOUNTS-EUR2020#B",""
"central excess-heat-sourced heat pump","VOM","2030","2.127","2030:central excess-heat-sourced heat pump:VOM","EUR/MWh","2020","ALREADY_EUR2020_UNCHANGED","","GATE4-20261006-FIXED-ACCOUNTS-EUR2020#B",""
"central excess-heat-sourced heat pump","investment","2030","604065.9","2030:central excess-heat-sourced heat pump:investment","EUR/MW","2020","ALREADY_EUR2020_UNCHANGED","","GATE4-20261006-FIXED-ACCOUNTS-EUR2020#B",""
"central gas CHP","FOM","2030","3.3214","2030:central gas CHP:FOM","%/year","","NONMONETARY_PERCENT_UNCHANGED","","GATE4-20261006-FIXED-ACCOUNTS-EUR2020#B",""
"central gas CHP","VOM","2030","4.4445","2030:central gas CHP:VOM","EUR/MWh","2020","ALREADY_EUR2020_UNCHANGED","","GATE4-20261006-FIXED-ACCOUNTS-EUR2020#B",""
"central gas CHP","investment","2030","592604.1","2030:central gas CHP:investment","EUR/MW","2020","ALREADY_EUR2020_UNCHANGED","","GATE4-20261006-FIXED-ACCOUNTS-EUR2020#B",""
"central gas CHP CC","FOM","2030","3.3214","2030:central gas CHP CC:FOM","%/year","","NONMONETARY_PERCENT_UNCHANGED","","GATE4-20261006-FIXED-ACCOUNTS-EUR2020#B",""
"central gas CHP CC","VOM","2030","4.4445","2030:central gas CHP CC:VOM","EUR/MWh","2020","ALREADY_EUR2020_UNCHANGED","","GATE4-20261006-FIXED-ACCOUNTS-EUR2020#B",""
"central gas CHP CC","investment","2030","592604.1","2030:central gas CHP CC:investment","EUR/MW","2020","ALREADY_EUR2020_UNCHANGED","","GATE4-20261006-FIXED-ACCOUNTS-EUR2020#B",""
"central gas boiler","FOM","2030","3.8","2030:central gas boiler:FOM","%/year","","NONMONETARY_PERCENT_UNCHANGED","","GATE4-20261006-FIXED-ACCOUNTS-EUR2020#B",""
"central gas boiler","VOM","2030","1.0582","2030:central gas boiler:VOM","EUR/MWh_th","2020","ALREADY_EUR2020_UNCHANGED","","GATE4-20261006-FIXED-ACCOUNTS-EUR2020#B",""
"central gas boiler","investment","2030","52911.1","2030:central gas boiler:investment","EUR/MW_th","2020","ALREADY_EUR2020_UNCHANGED","","GATE4-20261006-FIXED-ACCOUNTS-EUR2020#B",""
"central geothermal heat source","FOM","2030","0.8437","2030:central geothermal heat source:FOM","%/year","","NONMONETARY_PERCENT_UNCHANGED","","GATE4-20261006-FIXED-ACCOUNTS-EUR2020#B",""
"central geothermal heat source","VOM","2030","4.86","2030:central geothermal heat source:VOM","EUR/MWh","2020","ALREADY_EUR2020_UNCHANGED","","GATE4-20261006-FIXED-ACCOUNTS-EUR2020#B",""
"central geothermal heat source","investment","2030","2822240.4","2030:central geothermal heat source:investment","EUR/MW","2020","ALREADY_EUR2020_UNCHANGED","","GATE4-20261006-FIXED-ACCOUNTS-EUR2020#B",""
"central ground-sourced heat pump","FOM","2030","0.394","2030:central ground-sourced heat pump:FOM","%/year","","NONMONETARY_PERCENT_UNCHANGED","","GATE4-20261006-FIXED-ACCOUNTS-EUR2020#B",""
"central ground-sourced heat pump","VOM","2030","1.3268","2030:central ground-sourced heat pump:VOM","EUR/MWh_th","2020","ALREADY_EUR2020_UNCHANGED","","GATE4-20261006-FIXED-ACCOUNTS-EUR2020#B",""
"central ground-sourced heat pump","investment","2030","537153.2999999999","2030:central ground-sourced heat pump:investment","EUR/MW_th excluding drive energy","2020","ALREADY_EUR2020_UNCHANGED","","GATE4-20261006-FIXED-ACCOUNTS-EUR2020#B",""
"central hydrogen CHP","FOM","2030","5","2030:central hydrogen CHP:FOM","%/year","","NONMONETARY_PERCENT_UNCHANGED","","GATE4-20261006-FIXED-ACCOUNTS-EUR2020#B",""
"central hydrogen CHP","investment","2030","1164043.7999999998","2030:central hydrogen CHP:investment","EUR/MW","2020","ALREADY_EUR2020_UNCHANGED","","GATE4-20261006-FIXED-ACCOUNTS-EUR2020#B",""
"central resistive heater","FOM","2030","1.7","2030:central resistive heater:FOM","%/year","","NONMONETARY_PERCENT_UNCHANGED","","GATE4-20261006-FIXED-ACCOUNTS-EUR2020#B",""
"central resistive heater","VOM","2030","1.0582","2030:central resistive heater:VOM","EUR/MWh_th","2020","ALREADY_EUR2020_UNCHANGED","","GATE4-20261006-FIXED-ACCOUNTS-EUR2020#B",""
"central resistive heater","investment","2030","63493.3","2030:central resistive heater:investment","EUR/MW_th","2020","ALREADY_EUR2020_UNCHANGED","","GATE4-20261006-FIXED-ACCOUNTS-EUR2020#B",""
"central solar thermal","FOM","2030","1.4","2030:central solar thermal:FOM","%/year","","NONMONETARY_PERCENT_UNCHANGED","","GATE4-20261006-FIXED-ACCOUNTS-EUR2020#B",""
"central solar thermal","investment","2030","148151.0278","2030:central solar thermal:investment","EUR/1000m2","2020","ALREADY_EUR2020_UNCHANGED","","GATE4-20261006-FIXED-ACCOUNTS-EUR2020#B",""
"central solid biomass CHP","FOM","2030","2.8661","2030:central solid biomass CHP:FOM","%/year","","NONMONETARY_PERCENT_UNCHANGED","","GATE4-20261006-FIXED-ACCOUNTS-EUR2020#B",""
"central solid biomass CHP","VOM","2030","4.8512","2030:central solid biomass CHP:VOM","EUR/MWh_e","2020","ALREADY_EUR2020_UNCHANGED","","GATE4-20261006-FIXED-ACCOUNTS-EUR2020#B",""
"central solid biomass CHP","investment","2030","3544501.7","2030:central solid biomass CHP:investment","EUR/MW_e","2020","ALREADY_EUR2020_UNCHANGED","","GATE4-20261006-FIXED-ACCOUNTS-EUR2020#B",""
"central solid biomass CHP CC","FOM","2030","2.8661","2030:central solid biomass CHP CC:FOM","%/year","","NONMONETARY_PERCENT_UNCHANGED","","GATE4-20261006-FIXED-ACCOUNTS-EUR2020#B",""
"central solid biomass CHP CC","VOM","2030","4.8512","2030:central solid biomass CHP CC:VOM","EUR/MWh_e","2020","ALREADY_EUR2020_UNCHANGED","","GATE4-20261006-FIXED-ACCOUNTS-EUR2020#B",""
"central solid biomass CHP CC","investment","2030","5207528.2","2030:central solid biomass CHP CC:investment","EUR/MW_e","2020","ALREADY_EUR2020_UNCHANGED","","GATE4-20261006-FIXED-ACCOUNTS-EUR2020#B",""
"central solid biomass CHP powerboost CC","FOM","2030","2.8661","2030:central solid biomass CHP powerboost CC:FOM","%/year","","NONMONETARY_PERCENT_UNCHANGED","","GATE4-20261006-FIXED-ACCOUNTS-EUR2020#B",""
"central solid biomass CHP powerboost CC","VOM","2030","4.8512","2030:central solid biomass CHP powerboost CC:VOM","EUR/MWh_e","2020","ALREADY_EUR2020_UNCHANGED","","GATE4-20261006-FIXED-ACCOUNTS-EUR2020#B",""
"central solid biomass CHP powerboost CC","investment","2030","3544501.7","2030:central solid biomass CHP powerboost CC:investment","EUR/MW_e","2020","ALREADY_EUR2020_UNCHANGED","","GATE4-20261006-FIXED-ACCOUNTS-EUR2020#B",""
"central water pit storage","FOM","2030","0.2354","2030:central water pit storage:FOM","%/year","","NONMONETARY_PERCENT_UNCHANGED","","GATE4-20261006-FIXED-ACCOUNTS-EUR2020#B",""
"central water pit storage","investment","2030","1062.2","2030:central water pit storage:investment","EUR/MWh Capacity","2020","ALREADY_EUR2020_UNCHANGED","","GATE4-20261006-FIXED-ACCOUNTS-EUR2020#B",""
"central water tank storage","FOM","2030","1","2030:central water tank storage:FOM","%/year","","NONMONETARY_PERCENT_UNCHANGED","","GATE4-20261006-FIXED-ACCOUNTS-EUR2020#B",""
"central water tank storage","investment","2030","3036.1","2030:central water tank storage:investment","EUR/MWhCapacity","2020","ALREADY_EUR2020_UNCHANGED","","GATE4-20261006-FIXED-ACCOUNTS-EUR2020#B",""
"clean water tank storage","FOM","2030","2","2030:clean water tank storage:FOM","%/year","","NONMONETARY_PERCENT_UNCHANGED","","GATE4-20261006-FIXED-ACCOUNTS-EUR2020#B",""
"clean water tank storage","investment","2030","69.1286","2030:clean water tank storage:investment","EUR/m^3-H2O","2020","ALREADY_EUR2020_UNCHANGED","","GATE4-20261006-FIXED-ACCOUNTS-EUR2020#B",""
"coal","FOM","2030","2.2904648795385136","2030:coal:FOM","%/year","","NONMONETARY_PERCENT_UNCHANGED","","GATE4-20261006-FIXED-ACCOUNTS-EUR2020#B",""
"coal","VOM","2030","6.579214744294914","2030:coal:VOM","EUR/MWh","2020","ALREADY_EUR2020_UNCHANGED","","GATE4-20261006-FIXED-ACCOUNTS-EUR2020#B",""
"coal","fuel","2030","9.5542","2030:coal:fuel","EUR/MWh_th","2020","ALREADY_EUR2020_UNCHANGED","","GATE4-20261006-FIXED-ACCOUNTS-EUR2020#B",""
"coal","investment","2030","2585192.7801916148","2030:coal:investment","EUR/MW","2020","ALREADY_EUR2020_UNCHANGED","","GATE4-20261006-FIXED-ACCOUNTS-EUR2020#B",""
"csp-tower","FOM","2030","1.1","2030:csp-tower:FOM","%/year","","NONMONETARY_PERCENT_UNCHANGED","","GATE4-20261006-FIXED-ACCOUNTS-EUR2020#B",""
"csp-tower","investment","2030","108370","2030:csp-tower:investment","EUR/MW_th,dp","2020","ALREADY_EUR2020_UNCHANGED","","GATE4-20261006-FIXED-ACCOUNTS-EUR2020#B",""
"csp-tower TES","FOM","2030","1.1","2030:csp-tower TES:FOM","%/year","","NONMONETARY_PERCENT_UNCHANGED","","GATE4-20261006-FIXED-ACCOUNTS-EUR2020#B",""
"csp-tower TES","investment","2030","14520","2030:csp-tower TES:investment","EUR/MWh_th","2020","ALREADY_EUR2020_UNCHANGED","","GATE4-20261006-FIXED-ACCOUNTS-EUR2020#B",""
"csp-tower power block","FOM","2030","1.1","2030:csp-tower power block:FOM","%/year","","NONMONETARY_PERCENT_UNCHANGED","","GATE4-20261006-FIXED-ACCOUNTS-EUR2020#B",""
"csp-tower power block","investment","2030","759170","2030:csp-tower power block:investment","EUR/MW_e","2020","ALREADY_EUR2020_UNCHANGED","","GATE4-20261006-FIXED-ACCOUNTS-EUR2020#B",""
"decentral CHP","FOM","2030","3","2030:decentral CHP:FOM","%/year","","NONMONETARY_PERCENT_UNCHANGED","","GATE4-20261006-FIXED-ACCOUNTS-EUR2020#B",""
"decentral CHP","investment","2030","1481510.2999999998","2030:decentral CHP:investment","EUR/MWel","2020","ALREADY_EUR2020_UNCHANGED","","GATE4-20261006-FIXED-ACCOUNTS-EUR2020#B",""
"decentral air-sourced heat pump","FOM","2030","3.0014","2030:decentral air-sourced heat pump:FOM","%/year","","NONMONETARY_PERCENT_UNCHANGED","","GATE4-20261006-FIXED-ACCOUNTS-EUR2020#B",""
"decentral air-sourced heat pump","investment","2030","899488.3999999999","2030:decentral air-sourced heat pump:investment","EUR/MW_th","2020","ALREADY_EUR2020_UNCHANGED","","GATE4-20261006-FIXED-ACCOUNTS-EUR2020#B",""
"decentral gas boiler","FOM","2030","6.6924","2030:decentral gas boiler:FOM","%/year","","NONMONETARY_PERCENT_UNCHANGED","","GATE4-20261006-FIXED-ACCOUNTS-EUR2020#B",""
"decentral gas boiler","investment","2030","314103.5","2030:decentral gas boiler:investment","EUR/MW_th","2020","ALREADY_EUR2020_UNCHANGED","","GATE4-20261006-FIXED-ACCOUNTS-EUR2020#B",""
"decentral gas boiler connection","investment","2030","196314.7","2030:decentral gas boiler connection:investment","EUR/MW_th","2020","ALREADY_EUR2020_UNCHANGED","","GATE4-20261006-FIXED-ACCOUNTS-EUR2020#B",""
"decentral ground-sourced heat pump","FOM","2030","1.8223","2030:decentral ground-sourced heat pump:FOM","%/year","","NONMONETARY_PERCENT_UNCHANGED","","GATE4-20261006-FIXED-ACCOUNTS-EUR2020#B",""
"decentral ground-sourced heat pump","investment","2030","1481510.2999999998","2030:decentral ground-sourced heat pump:investment","EUR/MW_th","2020","ALREADY_EUR2020_UNCHANGED","","GATE4-20261006-FIXED-ACCOUNTS-EUR2020#B",""
"decentral oil boiler","FOM","2030","2","2030:decentral oil boiler:FOM","%/year","","NONMONETARY_PERCENT_UNCHANGED","","GATE4-20261006-FIXED-ACCOUNTS-EUR2020#B",""
"decentral oil boiler","investment","2030","165097.5","2030:decentral oil boiler:investment","EUR/MWth","2020","ALREADY_EUR2020_UNCHANGED","","GATE4-20261006-FIXED-ACCOUNTS-EUR2020#B",""
"decentral resistive heater","FOM","2030","2","2030:decentral resistive heater:FOM","%/year","","NONMONETARY_PERCENT_UNCHANGED","","GATE4-20261006-FIXED-ACCOUNTS-EUR2020#B",""
"decentral resistive heater","investment","2030","105822.2","2030:decentral resistive heater:investment","EUR/MWhth","2020","ALREADY_EUR2020_UNCHANGED","","GATE4-20261006-FIXED-ACCOUNTS-EUR2020#B",""
"decentral solar thermal","FOM","2030","1.3","2030:decentral solar thermal:FOM","%/year","","NONMONETARY_PERCENT_UNCHANGED","","GATE4-20261006-FIXED-ACCOUNTS-EUR2020#B",""
"decentral solar thermal","investment","2030","285719.8393","2030:decentral solar thermal:investment","EUR/1000m2","2020","ALREADY_EUR2020_UNCHANGED","","GATE4-20261006-FIXED-ACCOUNTS-EUR2020#B",""
"decentral water tank storage","FOM","2030","1","2030:decentral water tank storage:FOM","%/year","","NONMONETARY_PERCENT_UNCHANGED","","GATE4-20261006-FIXED-ACCOUNTS-EUR2020#B",""
"decentral water tank storage","VOM","2030","1.0241","2030:decentral water tank storage:VOM","EUR/MWh","2020","ALREADY_EUR2020_UNCHANGED","","GATE4-20261006-FIXED-ACCOUNTS-EUR2020#B",""
"decentral water tank storage","investment","2030","419862.2","2030:decentral water tank storage:investment","EUR/MWh","2020","ALREADY_EUR2020_UNCHANGED","","GATE4-20261006-FIXED-ACCOUNTS-EUR2020#B",""
"digestible biomass","fuel","2030","17.0611","2030:digestible biomass:fuel","EUR/MWh_th","2020","ALREADY_EUR2020_UNCHANGED","","GATE4-20261006-FIXED-ACCOUNTS-EUR2020#B",""
"digestible biomass to hydrogen","FOM","2030","4.25","2030:digestible biomass to hydrogen:FOM","%/year","","NONMONETARY_PERCENT_UNCHANGED","","GATE4-20261006-FIXED-ACCOUNTS-EUR2020#B",""
"digestible biomass to hydrogen","investment","2030","3707479.5","2030:digestible biomass to hydrogen:investment","EUR/MW_th","2020","ALREADY_EUR2020_UNCHANGED","","GATE4-20261006-FIXED-ACCOUNTS-EUR2020#B",""
"direct air capture","FOM","2030","4.95","2030:direct air capture:FOM","%/year","","NONMONETARY_PERCENT_UNCHANGED","","GATE4-20261006-FIXED-ACCOUNTS-EUR2020#B",""
"direct air capture","investment","2030","6000000","2030:direct air capture:investment","EUR/(tCO2/h)","2020","ALREADY_EUR2020_UNCHANGED","","GATE4-20261006-FIXED-ACCOUNTS-EUR2020#B",""
"direct firing gas","FOM","2030","1.1818","2030:direct firing gas:FOM","%/year","","NONMONETARY_PERCENT_UNCHANGED","","GATE4-20261006-FIXED-ACCOUNTS-EUR2020#B",""
"direct firing gas","VOM","2030","0.2794","2030:direct firing gas:VOM","EUR/MWh","2020","ALREADY_EUR2020_UNCHANGED","","GATE4-20261006-FIXED-ACCOUNTS-EUR2020#B",""
"direct firing gas","investment","2030","15105","2030:direct firing gas:investment","EUR/MW","2020","ALREADY_EUR2020_UNCHANGED","","GATE4-20261006-FIXED-ACCOUNTS-EUR2020#B",""
"direct firing gas CC","FOM","2030","1.1818","2030:direct firing gas CC:FOM","%/year","","NONMONETARY_PERCENT_UNCHANGED","","GATE4-20261006-FIXED-ACCOUNTS-EUR2020#B",""
"direct firing gas CC","VOM","2030","0.2794","2030:direct firing gas CC:VOM","EUR/MWh","2020","ALREADY_EUR2020_UNCHANGED","","GATE4-20261006-FIXED-ACCOUNTS-EUR2020#B",""
"direct firing gas CC","investment","2030","15105","2030:direct firing gas CC:investment","EUR/MW","2020","ALREADY_EUR2020_UNCHANGED","","GATE4-20261006-FIXED-ACCOUNTS-EUR2020#B",""
"direct firing solid fuels","FOM","2030","1.5","2030:direct firing solid fuels:FOM","%/year","","NONMONETARY_PERCENT_UNCHANGED","","GATE4-20261006-FIXED-ACCOUNTS-EUR2020#B",""
"direct firing solid fuels","VOM","2030","0.3326","2030:direct firing solid fuels:VOM","EUR/MWh","2020","ALREADY_EUR2020_UNCHANGED","","GATE4-20261006-FIXED-ACCOUNTS-EUR2020#B",""
"direct firing solid fuels","investment","2030","221540","2030:direct firing solid fuels:investment","EUR/MW","2020","ALREADY_EUR2020_UNCHANGED","","GATE4-20261006-FIXED-ACCOUNTS-EUR2020#B",""
"direct firing solid fuels CC","FOM","2030","1.5","2030:direct firing solid fuels CC:FOM","%/year","","NONMONETARY_PERCENT_UNCHANGED","","GATE4-20261006-FIXED-ACCOUNTS-EUR2020#B",""
"direct firing solid fuels CC","VOM","2030","0.3326","2030:direct firing solid fuels CC:VOM","EUR/MWh","2020","ALREADY_EUR2020_UNCHANGED","","GATE4-20261006-FIXED-ACCOUNTS-EUR2020#B",""
"direct firing solid fuels CC","investment","2030","221540","2030:direct firing solid fuels CC:investment","EUR/MW","2020","ALREADY_EUR2020_UNCHANGED","","GATE4-20261006-FIXED-ACCOUNTS-EUR2020#B",""
"dry bulk carrier Capesize","FOM","2030","4","2030:dry bulk carrier Capesize:FOM","%/year","","NONMONETARY_PERCENT_UNCHANGED","","GATE4-20261006-FIXED-ACCOUNTS-EUR2020#B",""
"dry bulk carrier Capesize","investment","2030","40000000","2030:dry bulk carrier Capesize:investment","EUR","2020","ALREADY_EUR2020_UNCHANGED","","GATE4-20261006-FIXED-ACCOUNTS-EUR2020#B",""
"electric arc furnace","FOM","2030","30","2030:electric arc furnace:FOM","%/year","","NONMONETARY_PERCENT_UNCHANGED","","GATE4-20261006-FIXED-ACCOUNTS-EUR2020#B",""
"electric arc furnace","investment","2030","1839600","2030:electric arc furnace:investment","EUR/t_steel/h","2020","ALREADY_EUR2020_UNCHANGED","","GATE4-20261006-FIXED-ACCOUNTS-EUR2020#B",""
"electric arc furnace with hbi and scrap","FOM","2030","30","2030:electric arc furnace with hbi and scrap:FOM","%/year","","NONMONETARY_PERCENT_UNCHANGED","","GATE4-20261006-FIXED-ACCOUNTS-EUR2020#B",""
"electric arc furnace with hbi and scrap","investment","2030","1839600","2030:electric arc furnace with hbi and scrap:investment","EUR/t_steel/h","2020","ALREADY_EUR2020_UNCHANGED","","GATE4-20261006-FIXED-ACCOUNTS-EUR2020#B",""
"electric boiler steam","FOM","2030","1.4571","2030:electric boiler steam:FOM","%/year","","NONMONETARY_PERCENT_UNCHANGED","","GATE4-20261006-FIXED-ACCOUNTS-EUR2020#B",""
"electric boiler steam","VOM","2030","0.8811","2030:electric boiler steam:VOM","EUR/MWh","2020","ALREADY_EUR2020_UNCHANGED","","GATE4-20261006-FIXED-ACCOUNTS-EUR2020#B",""
"electric boiler steam","investment","2030","70490","2030:electric boiler steam:investment","EUR/MW","2020","ALREADY_EUR2020_UNCHANGED","","GATE4-20261006-FIXED-ACCOUNTS-EUR2020#B",""
"electric steam cracker","FOM","2030","3","2030:electric steam cracker:FOM","%/year","","NONMONETARY_PERCENT_UNCHANGED","","GATE4-20261006-FIXED-ACCOUNTS-EUR2020#B",""
"electric steam cracker","VOM","2030","190.4799","2030:electric steam cracker:VOM","EUR/t_HVC","2020","ALREADY_EUR2020_UNCHANGED","","GATE4-20261006-FIXED-ACCOUNTS-EUR2020#B",""
"electric steam cracker","investment","2030","11124025.7434","2030:electric steam cracker:investment","EUR/(t_HVC/h)","2020","ALREADY_EUR2020_UNCHANGED","","GATE4-20261006-FIXED-ACCOUNTS-EUR2020#B",""
"electricity distribution grid","FOM","2030","2","2030:electricity distribution grid:FOM","%/year","","NONMONETARY_PERCENT_UNCHANGED","","GATE4-20261006-FIXED-ACCOUNTS-EUR2020#B",""
"electricity distribution grid","investment","2030","529110.8","2030:electricity distribution grid:investment","EUR/MW","2020","ALREADY_EUR2020_UNCHANGED","","GATE4-20261006-FIXED-ACCOUNTS-EUR2020#B",""
"electricity grid connection","FOM","2030","2","2030:electricity grid connection:FOM","%/year","","NONMONETARY_PERCENT_UNCHANGED","","GATE4-20261006-FIXED-ACCOUNTS-EUR2020#B",""
"electricity grid connection","investment","2030","148151","2030:electricity grid connection:investment","EUR/MW","2020","ALREADY_EUR2020_UNCHANGED","","GATE4-20261006-FIXED-ACCOUNTS-EUR2020#B",""
"electrobiofuels","FOM","2030","2.6667","2030:electrobiofuels:FOM","%/year","","NONMONETARY_PERCENT_UNCHANGED","","GATE4-20261006-FIXED-ACCOUNTS-EUR2020#B",""
"electrobiofuels","VOM","2030","4.2296","2030:electrobiofuels:VOM","EUR/MWh_th","2020","ALREADY_EUR2020_UNCHANGED","","GATE4-20261006-FIXED-ACCOUNTS-EUR2020#B",""
"electrobiofuels","investment","2030","466206992.1","2030:electrobiofuels:investment","EUR/MW_th","2020","ALREADY_EUR2020_UNCHANGED","","GATE4-20261006-FIXED-ACCOUNTS-EUR2020#B",""
"electrolysis","FOM","2030","4","2030:electrolysis:FOM","%/year","","NONMONETARY_PERCENT_UNCHANGED","","GATE4-20261006-FIXED-ACCOUNTS-EUR2020#B",""
"electrolysis","investment","2030","1500000","2030:electrolysis:investment","EUR/MW_e","2020","ALREADY_EUR2020_UNCHANGED","","GATE4-20261006-FIXED-ACCOUNTS-EUR2020#B",""
"electrolysis small","FOM","2030","4","2030:electrolysis small:FOM","%/year","","NONMONETARY_PERCENT_UNCHANGED","","GATE4-20261006-FIXED-ACCOUNTS-EUR2020#B",""
"electrolysis small","investment","2030","875000","2030:electrolysis small:investment","EUR/MW_e","2020","ALREADY_EUR2020_UNCHANGED","","GATE4-20261006-FIXED-ACCOUNTS-EUR2020#B",""
"ethanol carbon capture retrofit","FOM","2030","7","2030:ethanol carbon capture retrofit:FOM","%/year","","NONMONETARY_PERCENT_UNCHANGED","","GATE4-20261006-FIXED-ACCOUNTS-EUR2020#B",""
"ethanol carbon capture retrofit","investment","2030","","2030:ethanol carbon capture retrofit:investment","","","PENDING","","GATE4-20261006-FIXED-ACCOUNTS-EUR2020#B","Non-EUR requires explicit frozen FX reconciliation before real-price adjustment"
"ethanol from starch crop","FOM","2030","16.4","2030:ethanol from starch crop:FOM","%/year","","NONMONETARY_PERCENT_UNCHANGED","","GATE4-20261006-FIXED-ACCOUNTS-EUR2020#B",""
"ethanol from starch crop","VOM","2030","26.3497","2030:ethanol from starch crop:VOM","EUR/MWh_eth","2020","ALREADY_EUR2020_UNCHANGED","","GATE4-20261006-FIXED-ACCOUNTS-EUR2020#B",""
"ethanol from starch crop","investment","2030","603376.8073","2030:ethanol from starch crop:investment","EUR/MW_eth","2020","ALREADY_EUR2020_UNCHANGED","","GATE4-20261006-FIXED-ACCOUNTS-EUR2020#B",""
"ethanol from sugar crops","FOM","2030","19.51","2030:ethanol from sugar crops:FOM","%/year","","NONMONETARY_PERCENT_UNCHANGED","","GATE4-20261006-FIXED-ACCOUNTS-EUR2020#B",""
"ethanol from sugar crops","VOM","2030","23.1751","2030:ethanol from sugar crops:VOM","EUR/MWh_eth","2020","ALREADY_EUR2020_UNCHANGED","","GATE4-20261006-FIXED-ACCOUNTS-EUR2020#B",""
"ethanol from sugar crops","investment","2030","446537.78","2030:ethanol from sugar crops:investment","EUR/MW_eth","2020","ALREADY_EUR2020_UNCHANGED","","GATE4-20261006-FIXED-ACCOUNTS-EUR2020#B",""
"fuel cell","FOM","2030","5","2030:fuel cell:FOM","%/year","","NONMONETARY_PERCENT_UNCHANGED","","GATE4-20261006-FIXED-ACCOUNTS-EUR2020#B",""
"fuel cell","investment","2030","1164043.7999999998","2030:fuel cell:investment","EUR/MW_e","2020","ALREADY_EUR2020_UNCHANGED","","GATE4-20261006-FIXED-ACCOUNTS-EUR2020#B",""
"fuelwood","fuel","2030","14.5224","2030:fuelwood:fuel","EUR/MWhth","2020","ALREADY_EUR2020_UNCHANGED","","GATE4-20261006-FIXED-ACCOUNTS-EUR2020#B",""
"gas","fuel","2030","24.568","2030:gas:fuel","EUR/MWh_th","2020","ALREADY_EUR2020_UNCHANGED","","GATE4-20261006-FIXED-ACCOUNTS-EUR2020#B",""
"gas boiler steam","FOM","2030","4.18","2030:gas boiler steam:FOM","%/year","","NONMONETARY_PERCENT_UNCHANGED","","GATE4-20261006-FIXED-ACCOUNTS-EUR2020#B",""
"gas boiler steam","VOM","2030","1.007","2030:gas boiler steam:VOM","EUR/MWh","2020","ALREADY_EUR2020_UNCHANGED","","GATE4-20261006-FIXED-ACCOUNTS-EUR2020#B",""
"gas boiler steam","investment","2030","45772.7","2030:gas boiler steam:investment","EUR/MW","2020","ALREADY_EUR2020_UNCHANGED","","GATE4-20261006-FIXED-ACCOUNTS-EUR2020#B",""
"gas storage","FOM","2030","0.5368","2030:gas storage:FOM","%/year","","NONMONETARY_PERCENT_UNCHANGED","","GATE4-20261006-FIXED-ACCOUNTS-EUR2020#B",""
"gas storage","investment","2030","236.6","2030:gas storage:investment","EUR/MWh","2020","ALREADY_EUR2020_UNCHANGED","","GATE4-20261006-FIXED-ACCOUNTS-EUR2020#B",""
"gas storage charger","investment","2030","15247.9","2030:gas storage charger:investment","EUR/MW","2020","ALREADY_EUR2020_UNCHANGED","","GATE4-20261006-FIXED-ACCOUNTS-EUR2020#B",""
"gas storage discharger","investment","2030","5082.6","2030:gas storage discharger:investment","EUR/MW","2020","ALREADY_EUR2020_UNCHANGED","","GATE4-20261006-FIXED-ACCOUNTS-EUR2020#B",""
"geothermal","FOM","2030","0.5595408895265424","2030:geothermal:FOM","%/year","","NONMONETARY_PERCENT_UNCHANGED","","GATE4-20261006-FIXED-ACCOUNTS-EUR2020#B",""
"geothermal","VOM","2030","0.2631685897717965","2030:geothermal:VOM","EUR/MWh","2020","ALREADY_EUR2020_UNCHANGED","","GATE4-20261006-FIXED-ACCOUNTS-EUR2020#B",""
"geothermal","investment","2030","3057141.784515703","2030:geothermal:investment","EUR/MW","2020","ALREADY_EUR2020_UNCHANGED","","GATE4-20261006-FIXED-ACCOUNTS-EUR2020#B",""
"helmeth","FOM","2030","3","2030:helmeth:FOM","%/year","","NONMONETARY_PERCENT_UNCHANGED","","GATE4-20261006-FIXED-ACCOUNTS-EUR2020#B",""
"helmeth","investment","2030","2116443.3","2030:helmeth:investment","EUR/MW","2020","ALREADY_EUR2020_UNCHANGED","","GATE4-20261006-FIXED-ACCOUNTS-EUR2020#B",""
"home battery inverter","FOM","2030","0.3375","2030:home battery inverter:FOM","%/year","","NONMONETARY_PERCENT_UNCHANGED","","GATE4-20261006-FIXED-ACCOUNTS-EUR2020#B",""
"home battery inverter","investment","2030","242518.7","2030:home battery inverter:investment","EUR/MW","2020","ALREADY_EUR2020_UNCHANGED","","GATE4-20261006-FIXED-ACCOUNTS-EUR2020#B",""
"home battery storage","investment","2030","215766.6","2030:home battery storage:investment","EUR/MWh","2020","ALREADY_EUR2020_UNCHANGED","","GATE4-20261006-FIXED-ACCOUNTS-EUR2020#B",""
"hydro","FOM","2030","2.4866666666666664","2030:hydro:FOM","%/year","","NONMONETARY_PERCENT_UNCHANGED","","GATE4-20261006-FIXED-ACCOUNTS-EUR2020#B",""
"hydro","VOM","2030","0.526337179543593","2030:hydro:VOM","EUR/MWh","2020","ALREADY_EUR2020_UNCHANGED","","GATE4-20261006-FIXED-ACCOUNTS-EUR2020#B",""
"hydro","investment","2030","1315842.9488589829","2030:hydro:investment","EUR/MW","2020","ALREADY_EUR2020_UNCHANGED","","GATE4-20261006-FIXED-ACCOUNTS-EUR2020#B",""
"hydrogen direct iron reduction furnace","FOM","2030","11.3","2030:hydrogen direct iron reduction furnace:FOM","%/year","","NONMONETARY_PERCENT_UNCHANGED","","GATE4-20261006-FIXED-ACCOUNTS-EUR2020#B",""
"hydrogen direct iron reduction furnace","investment","2030","4277858","2030:hydrogen direct iron reduction furnace:investment","EUR/t_HBI/h","2020","ALREADY_EUR2020_UNCHANGED","","GATE4-20261006-FIXED-ACCOUNTS-EUR2020#B",""
"hydrogen storage compressor","FOM","2030","4","2030:hydrogen storage compressor:FOM","%/year","","NONMONETARY_PERCENT_UNCHANGED","","GATE4-20261006-FIXED-ACCOUNTS-EUR2020#B",""
"hydrogen storage compressor","investment","2030","87690","2030:hydrogen storage compressor:investment","EUR/MW_H2","2020","ALREADY_EUR2020_UNCHANGED","","GATE4-20261006-FIXED-ACCOUNTS-EUR2020#B",""
"hydrogen storage tank type 1","FOM","2030","2","2030:hydrogen storage tank type 1:FOM","%/year","","NONMONETARY_PERCENT_UNCHANGED","","GATE4-20261006-FIXED-ACCOUNTS-EUR2020#B",""
"hydrogen storage tank type 1","investment","2030","13500","2030:hydrogen storage tank type 1:investment","EUR/MWh_H2","2020","ALREADY_EUR2020_UNCHANGED","","GATE4-20261006-FIXED-ACCOUNTS-EUR2020#B",""
"hydrogen storage tank type 1 including compressor","FOM","2030","1.1133","2030:hydrogen storage tank type 1 including compressor:FOM","%/year","","NONMONETARY_PERCENT_UNCHANGED","","GATE4-20261006-FIXED-ACCOUNTS-EUR2020#B",""
"hydrogen storage tank type 1 including compressor","investment","2030","47757.3","2030:hydrogen storage tank type 1 including compressor:investment","EUR/MWh","2020","ALREADY_EUR2020_UNCHANGED","","GATE4-20261006-FIXED-ACCOUNTS-EUR2020#B",""
"hydrogen storage underground","FOM","2030","0","2030:hydrogen storage underground:FOM","%/year","","NONMONETARY_PERCENT_UNCHANGED","","GATE4-20261006-FIXED-ACCOUNTS-EUR2020#B",""
"hydrogen storage underground","VOM","2030","0","2030:hydrogen storage underground:VOM","EUR/MWh","2020","ALREADY_EUR2020_UNCHANGED","","GATE4-20261006-FIXED-ACCOUNTS-EUR2020#B",""
"hydrogen storage underground","investment","2030","2126.8","2030:hydrogen storage underground:investment","EUR/MWh","2020","ALREADY_EUR2020_UNCHANGED","","GATE4-20261006-FIXED-ACCOUNTS-EUR2020#B",""
"industrial heat pump high temperature","FOM","2030","0.0931","2030:industrial heat pump high temperature:FOM","%/year","","NONMONETARY_PERCENT_UNCHANGED","","GATE4-20261006-FIXED-ACCOUNTS-EUR2020#B",""
"industrial heat pump high temperature","VOM","2030","3.2224","2030:industrial heat pump high temperature:VOM","EUR/MWh","2020","ALREADY_EUR2020_UNCHANGED","","GATE4-20261006-FIXED-ACCOUNTS-EUR2020#B",""
"industrial heat pump high temperature","investment","2030","941101.9","2030:industrial heat pump high temperature:investment","EUR/MW","2020","ALREADY_EUR2020_UNCHANGED","","GATE4-20261006-FIXED-ACCOUNTS-EUR2020#B",""
"industrial heat pump medium temperature","FOM","2030","0.1117","2030:industrial heat pump medium temperature:FOM","%/year","","NONMONETARY_PERCENT_UNCHANGED","","GATE4-20261006-FIXED-ACCOUNTS-EUR2020#B",""
"industrial heat pump medium temperature","VOM","2030","3.2224","2030:industrial heat pump medium temperature:VOM","EUR/MWh","2020","ALREADY_EUR2020_UNCHANGED","","GATE4-20261006-FIXED-ACCOUNTS-EUR2020#B",""
"industrial heat pump medium temperature","investment","2030","784251.6000000001","2030:industrial heat pump medium temperature:investment","EUR/MW","2020","ALREADY_EUR2020_UNCHANGED","","GATE4-20261006-FIXED-ACCOUNTS-EUR2020#B",""
"iron ore DRI-ready","commodity","2030","97.73","2030:iron ore DRI-ready:commodity","EUR/t","2020","ALREADY_EUR2020_UNCHANGED","","GATE4-20261006-FIXED-ACCOUNTS-EUR2020#B",""
"iron-air battery","FOM","2030","1","2030:iron-air battery:FOM","%/year","","NONMONETARY_PERCENT_UNCHANGED","","GATE4-20261006-FIXED-ACCOUNTS-EUR2020#B",""
"iron-air battery","investment","2030","16728.2","2030:iron-air battery:investment","EUR/MWh","2020","ALREADY_EUR2020_UNCHANGED","","GATE4-20261006-FIXED-ACCOUNTS-EUR2020#B",""
"lignite","FOM","2030","1.31","2030:lignite:FOM","%/year","","NONMONETARY_PERCENT_UNCHANGED","","GATE4-20261006-FIXED-ACCOUNTS-EUR2020#B",""
"lignite","VOM","2030","3.2612","2030:lignite:VOM","EUR/MWh_e","2020","ALREADY_EUR2020_UNCHANGED","","GATE4-20261006-FIXED-ACCOUNTS-EUR2020#B",""
"lignite","fuel","2030","3.2985","2030:lignite:fuel","EUR/MWh_th","2020","ALREADY_EUR2020_UNCHANGED","","GATE4-20261006-FIXED-ACCOUNTS-EUR2020#B",""
"lignite","investment","2030","3827162.9","2030:lignite:investment","EUR/MW_e","2020","ALREADY_EUR2020_UNCHANGED","","GATE4-20261006-FIXED-ACCOUNTS-EUR2020#B",""
"methanation","FOM","2030","3","2030:methanation:FOM","%/year","","NONMONETARY_PERCENT_UNCHANGED","","GATE4-20261006-FIXED-ACCOUNTS-EUR2020#B",""
"methanation","investment","2030","679818.5","2030:methanation:investment","EUR/MW_CH4","2020","ALREADY_EUR2020_UNCHANGED","","GATE4-20261006-FIXED-ACCOUNTS-EUR2020#B",""
"methane storage tank incl. compressor","FOM","2030","1.9","2030:methane storage tank incl. compressor:FOM","%/year","","NONMONETARY_PERCENT_UNCHANGED","","GATE4-20261006-FIXED-ACCOUNTS-EUR2020#B",""
"methane storage tank incl. compressor","investment","2030","8961.5075","2030:methane storage tank incl. compressor:investment","EUR/m^3","2020","ALREADY_EUR2020_UNCHANGED","","GATE4-20261006-FIXED-ACCOUNTS-EUR2020#B",""
"methanol-to-kerosene","FOM","2030","4.5","2030:methanol-to-kerosene:FOM","%/year","","NONMONETARY_PERCENT_UNCHANGED","","GATE4-20261006-FIXED-ACCOUNTS-EUR2020#B",""
"methanol-to-kerosene","VOM","2030","1.35","2030:methanol-to-kerosene:VOM","EUR/MWh_kerosene","2020","ALREADY_EUR2020_UNCHANGED","","GATE4-20261006-FIXED-ACCOUNTS-EUR2020#B",""
"methanol-to-kerosene","investment","2030","269000","2030:methanol-to-kerosene:investment","EUR/MW_kerosene","2020","ALREADY_EUR2020_UNCHANGED","","GATE4-20261006-FIXED-ACCOUNTS-EUR2020#B",""
"methanol-to-olefins/aromatics","FOM","2030","3","2030:methanol-to-olefins/aromatics:FOM","%/year","","NONMONETARY_PERCENT_UNCHANGED","","GATE4-20261006-FIXED-ACCOUNTS-EUR2020#B",""
"methanol-to-olefins/aromatics","VOM","2030","31.7466","2030:methanol-to-olefins/aromatics:VOM","EUR/t_HVC","2020","ALREADY_EUR2020_UNCHANGED","","GATE4-20261006-FIXED-ACCOUNTS-EUR2020#B",""
"methanol-to-olefins/aromatics","investment","2030","2781006.4359","2030:methanol-to-olefins/aromatics:investment","EUR/(t_HVC/h)","2020","ALREADY_EUR2020_UNCHANGED","","GATE4-20261006-FIXED-ACCOUNTS-EUR2020#B",""
"methanolisation","FOM","2030","3","2030:methanolisation:FOM","%/year","","NONMONETARY_PERCENT_UNCHANGED","","GATE4-20261006-FIXED-ACCOUNTS-EUR2020#B",""
"methanolisation","investment","2030","703726.4462","2030:methanolisation:investment","EUR/MW_MeOH","2020","ALREADY_EUR2020_UNCHANGED","","GATE4-20261006-FIXED-ACCOUNTS-EUR2020#B",""
"micro CHP","FOM","2030","6.1111","2030:micro CHP:FOM","%/year","","NONMONETARY_PERCENT_UNCHANGED","","GATE4-20261006-FIXED-ACCOUNTS-EUR2020#B",""
"micro CHP","investment","2030","7841712.7","2030:micro CHP:investment","EUR/MW_th","2020","ALREADY_EUR2020_UNCHANGED","","GATE4-20261006-FIXED-ACCOUNTS-EUR2020#B",""
"natural gas direct iron reduction furnace","FOM","2030","11.3","2030:natural gas direct iron reduction furnace:FOM","%/year","","NONMONETARY_PERCENT_UNCHANGED","","GATE4-20261006-FIXED-ACCOUNTS-EUR2020#B",""
"natural gas direct iron reduction furnace","investment","2030","4277858","2030:natural gas direct iron reduction furnace:investment","EUR/t_HBI/h","2020","ALREADY_EUR2020_UNCHANGED","","GATE4-20261006-FIXED-ACCOUNTS-EUR2020#B",""
"nuclear","FOM","2030","1.6177908113391986","2030:nuclear:FOM","%/year","","NONMONETARY_PERCENT_UNCHANGED","","GATE4-20261006-FIXED-ACCOUNTS-EUR2020#B",""
"nuclear","VOM","2030","2.105348718174372","2030:nuclear:VOM","EUR/MWh","2020","ALREADY_EUR2020_UNCHANGED","","GATE4-20261006-FIXED-ACCOUNTS-EUR2020#B",""
"nuclear","fuel","2030","3.4122","2030:nuclear:fuel","EUR/MWh_th","2020","ALREADY_EUR2020_UNCHANGED","","GATE4-20261006-FIXED-ACCOUNTS-EUR2020#B",""
"nuclear","investment","2030","7179239.12897461","2030:nuclear:investment","EUR/MW","2020","ALREADY_EUR2020_UNCHANGED","","GATE4-20261006-FIXED-ACCOUNTS-EUR2020#B",""
"offwind","FOM","2030","2.9019174041297937","2030:offwind:FOM","%/year","","NONMONETARY_PERCENT_UNCHANGED","","GATE4-20261006-FIXED-ACCOUNTS-EUR2020#B",""
"offwind","VOM","2030","2.526418461809247","2030:offwind:VOM","EUR/MWh","2020","ALREADY_EUR2020_UNCHANGED","","GATE4-20261006-FIXED-ACCOUNTS-EUR2020#B",""
"offwind","investment","2030","2379044.051537041","2030:offwind:investment","EUR/MW","2020","ALREADY_EUR2020_UNCHANGED","","GATE4-20261006-FIXED-ACCOUNTS-EUR2020#B",""
"offwind-ac-connection-submarine","investment","2030","2841.3251","2030:offwind-ac-connection-submarine:investment","EUR/MW/km","2020","ALREADY_EUR2020_UNCHANGED","","GATE4-20261006-FIXED-ACCOUNTS-EUR2020#B",""
"offwind-ac-connection-underground","investment","2030","1420.1334","2030:offwind-ac-connection-underground:investment","EUR/MW/km","2020","ALREADY_EUR2020_UNCHANGED","","GATE4-20261006-FIXED-ACCOUNTS-EUR2020#B",""
"offwind-ac-station","investment","2030","264555.4","2030:offwind-ac-station:investment","EUR/MWel","2020","ALREADY_EUR2020_UNCHANGED","","GATE4-20261006-FIXED-ACCOUNTS-EUR2020#B",""
"offwind-dc-connection-submarine","investment","2030","2116.4433","2030:offwind-dc-connection-submarine:investment","EUR/MW/km","2020","ALREADY_EUR2020_UNCHANGED","","GATE4-20261006-FIXED-ACCOUNTS-EUR2020#B",""
"offwind-dc-connection-underground","investment","2030","1058.2216","2030:offwind-dc-connection-underground:investment","EUR/MW/km","2020","ALREADY_EUR2020_UNCHANGED","","GATE4-20261006-FIXED-ACCOUNTS-EUR2020#B",""
"offwind-dc-station","investment","2030","423288.7","2030:offwind-dc-station:investment","EUR/MWel","2020","ALREADY_EUR2020_UNCHANGED","","GATE4-20261006-FIXED-ACCOUNTS-EUR2020#B",""
"offwind-float","FOM","2030","1.15","2030:offwind-float:FOM","%/year","","NONMONETARY_PERCENT_UNCHANGED","","GATE4-20261006-FIXED-ACCOUNTS-EUR2020#B",""
"offwind-float","investment","2030","2350000","2030:offwind-float:investment","EUR/MWel","2020","ALREADY_EUR2020_UNCHANGED","","GATE4-20261006-FIXED-ACCOUNTS-EUR2020#B",""
"offwind-float-connection-submarine","investment","2030","2118.5597","2030:offwind-float-connection-submarine:investment","EUR/MW/km","2020","ALREADY_EUR2020_UNCHANGED","","GATE4-20261006-FIXED-ACCOUNTS-EUR2020#B",""
"offwind-float-connection-underground","investment","2030","1039.4778","2030:offwind-float-connection-underground:investment","EUR/MW/km","2020","ALREADY_EUR2020_UNCHANGED","","GATE4-20261006-FIXED-ACCOUNTS-EUR2020#B",""
"offwind-float-station","investment","2030","415791.1","2030:offwind-float-station:investment","EUR/MWel","2020","ALREADY_EUR2020_UNCHANGED","","GATE4-20261006-FIXED-ACCOUNTS-EUR2020#B",""
"oil","FOM","2030","1","2030:oil:FOM","%/year","","NONMONETARY_PERCENT_UNCHANGED","","GATE4-20261006-FIXED-ACCOUNTS-EUR2020#B",""
"oil","VOM","2030","6.403769017780382","2030:oil:VOM","EUR/MWh","2020","ALREADY_EUR2020_UNCHANGED","","GATE4-20261006-FIXED-ACCOUNTS-EUR2020#B",""
"oil","fuel","2030","52.9111","2030:oil:fuel","EUR/MWhth","2020","ALREADY_EUR2020_UNCHANGED","","GATE4-20261006-FIXED-ACCOUNTS-EUR2020#B",""
"oil","investment","2030","798278.0556411162","2030:oil:investment","EUR/MW","2020","ALREADY_EUR2020_UNCHANGED","","GATE4-20261006-FIXED-ACCOUNTS-EUR2020#B",""
"onwind","FOM","2030","3.176751592356688","2030:onwind:FOM","%/year","","NONMONETARY_PERCENT_UNCHANGED","","GATE4-20261006-FIXED-ACCOUNTS-EUR2020#B",""
"onwind","VOM","2030","2.877309914838309","2030:onwind:VOM","EUR/MWh","2020","ALREADY_EUR2020_UNCHANGED","","GATE4-20261006-FIXED-ACCOUNTS-EUR2020#B",""
"onwind","investment","2030","1101799.162511255","2030:onwind:investment","EUR/MW","2020","ALREADY_EUR2020_UNCHANGED","","GATE4-20261006-FIXED-ACCOUNTS-EUR2020#B",""
"organic rankine cycle","FOM","2030","2","2030:organic rankine cycle:FOM","%/year","","NONMONETARY_PERCENT_UNCHANGED","","GATE4-20261006-FIXED-ACCOUNTS-EUR2020#B",""
"organic rankine cycle","investment","2030","1376000","2030:organic rankine cycle:investment","EUR/MW_el","2020","ALREADY_EUR2020_UNCHANGED","","GATE4-20261006-FIXED-ACCOUNTS-EUR2020#B",""
"ror","FOM","2030","2.8148148148148158","2030:ror:FOM","%/year","","NONMONETARY_PERCENT_UNCHANGED","","GATE4-20261006-FIXED-ACCOUNTS-EUR2020#B",""
"ror","VOM","2030","0.4386143162863276","2030:ror:VOM","EUR/MWh","2020","ALREADY_EUR2020_UNCHANGED","","GATE4-20261006-FIXED-ACCOUNTS-EUR2020#B",""
"ror","investment","2030","1184258.6539730844","2030:ror:investment","EUR/MW","2020","ALREADY_EUR2020_UNCHANGED","","GATE4-20261006-FIXED-ACCOUNTS-EUR2020#B",""
"seawater desalination","FOM","2030","4","2030:seawater desalination:FOM","%/year","","NONMONETARY_PERCENT_UNCHANGED","","GATE4-20261006-FIXED-ACCOUNTS-EUR2020#B",""
"seawater desalination","investment","2030","34796.4978","2030:seawater desalination:investment","EUR/(m^3-H2O/h)","2020","ALREADY_EUR2020_UNCHANGED","","GATE4-20261006-FIXED-ACCOUNTS-EUR2020#B",""
"shipping fuel methanol","fuel","2030","72","2030:shipping fuel methanol:fuel","EUR/MWh_th","2020","ALREADY_EUR2020_UNCHANGED","","GATE4-20261006-FIXED-ACCOUNTS-EUR2020#B",""
"solar","FOM","2030","0.9011988424968996","2030:solar:FOM","%/year","","NONMONETARY_PERCENT_UNCHANGED","","GATE4-20261006-FIXED-ACCOUNTS-EUR2020#B",""
"solar","VOM","2030","0.7017829060581242","2030:solar:VOM","EUR/MWh","2020","ALREADY_EUR2020_UNCHANGED","","GATE4-20261006-FIXED-ACCOUNTS-EUR2020#B",""
"solar","investment","2030","2122016.0621932526","2030:solar:investment","EUR/MW","2020","ALREADY_EUR2020_UNCHANGED","","GATE4-20261006-FIXED-ACCOUNTS-EUR2020#B",""
"solar-rooftop","FOM","2030","0.4083333333333334","2030:solar-rooftop:FOM","%/year","","NONMONETARY_PERCENT_UNCHANGED","","GATE4-20261006-FIXED-ACCOUNTS-EUR2020#B",""
"solar-rooftop","VOM","2030","0","2030:solar-rooftop:VOM","EUR/MWh","2020","ALREADY_EUR2020_UNCHANGED","","GATE4-20261006-FIXED-ACCOUNTS-EUR2020#B",""
"solar-rooftop","investment","2030","1052674.3590871862","2030:solar-rooftop:investment","EUR/MW","2020","ALREADY_EUR2020_UNCHANGED","","GATE4-20261006-FIXED-ACCOUNTS-EUR2020#B",""
"solar-rooftop commercial","FOM","2030","1.573","2030:solar-rooftop commercial:FOM","%/year","","NONMONETARY_PERCENT_UNCHANGED","","GATE4-20261006-FIXED-ACCOUNTS-EUR2020#B",""
"solar-rooftop commercial","investment","2030","565806.9","2030:solar-rooftop commercial:investment","EUR/MW_e","2020","ALREADY_EUR2020_UNCHANGED","","GATE4-20261006-FIXED-ACCOUNTS-EUR2020#B",""
"solar-rooftop residential","FOM","2030","1.2737","2030:solar-rooftop residential:FOM","%/year","","NONMONETARY_PERCENT_UNCHANGED","","GATE4-20261006-FIXED-ACCOUNTS-EUR2020#B",""
"solar-rooftop residential","investment","2030","840046.1","2030:solar-rooftop residential:investment","EUR/MW_e","2020","ALREADY_EUR2020_UNCHANGED","","GATE4-20261006-FIXED-ACCOUNTS-EUR2020#B",""
"solar-utility","FOM","2030","0.9072164948453608","2030:solar-utility:FOM","%/year","","NONMONETARY_PERCENT_UNCHANGED","","GATE4-20261006-FIXED-ACCOUNTS-EUR2020#B",""
"solar-utility","VOM","2030","0","2030:solar-utility:VOM","EUR/MWh","2020","ALREADY_EUR2020_UNCHANGED","","GATE4-20261006-FIXED-ACCOUNTS-EUR2020#B",""
"solar-utility","investment","2030","850911.7735954756","2030:solar-utility:investment","EUR/MW","2020","ALREADY_EUR2020_UNCHANGED","","GATE4-20261006-FIXED-ACCOUNTS-EUR2020#B",""
"solar-utility single-axis tracking","FOM","2030","2.2884","2030:solar-utility single-axis tracking:FOM","%/year","","NONMONETARY_PERCENT_UNCHANGED","","GATE4-20261006-FIXED-ACCOUNTS-EUR2020#B",""
"solar-utility single-axis tracking","investment","2030","454470.3","2030:solar-utility single-axis tracking:investment","EUR/MW_e","2020","ALREADY_EUR2020_UNCHANGED","","GATE4-20261006-FIXED-ACCOUNTS-EUR2020#B",""
"solid biomass","fuel","2030","13.6489","2030:solid biomass:fuel","EUR/MWh_th","2020","ALREADY_EUR2020_UNCHANGED","","GATE4-20261006-FIXED-ACCOUNTS-EUR2020#B",""
"solid biomass boiler steam","FOM","2030","6.0754","2030:solid biomass boiler steam:FOM","%/year","","NONMONETARY_PERCENT_UNCHANGED","","GATE4-20261006-FIXED-ACCOUNTS-EUR2020#B",""
"solid biomass boiler steam","VOM","2030","2.8448","2030:solid biomass boiler steam:VOM","EUR/MWh","2020","ALREADY_EUR2020_UNCHANGED","","GATE4-20261006-FIXED-ACCOUNTS-EUR2020#B",""
"solid biomass boiler steam","investment","2030","595045.5","2030:solid biomass boiler steam:investment","EUR/MW","2020","ALREADY_EUR2020_UNCHANGED","","GATE4-20261006-FIXED-ACCOUNTS-EUR2020#B",""
"solid biomass boiler steam CC","FOM","2030","6.0754","2030:solid biomass boiler steam CC:FOM","%/year","","NONMONETARY_PERCENT_UNCHANGED","","GATE4-20261006-FIXED-ACCOUNTS-EUR2020#B",""
"solid biomass boiler steam CC","VOM","2030","2.8448","2030:solid biomass boiler steam CC:VOM","EUR/MWh","2020","ALREADY_EUR2020_UNCHANGED","","GATE4-20261006-FIXED-ACCOUNTS-EUR2020#B",""
"solid biomass boiler steam CC","investment","2030","595045.5","2030:solid biomass boiler steam CC:investment","EUR/MW","2020","ALREADY_EUR2020_UNCHANGED","","GATE4-20261006-FIXED-ACCOUNTS-EUR2020#B",""
"solid biomass to hydrogen","FOM","2030","4.25","2030:solid biomass to hydrogen:FOM","%/year","","NONMONETARY_PERCENT_UNCHANGED","","GATE4-20261006-FIXED-ACCOUNTS-EUR2020#B",""
"solid biomass to hydrogen","investment","2030","3707479.5","2030:solid biomass to hydrogen:investment","EUR/MW_th","2020","ALREADY_EUR2020_UNCHANGED","","GATE4-20261006-FIXED-ACCOUNTS-EUR2020#B",""
"steel carbon capture retrofit","FOM","2030","5","2030:steel carbon capture retrofit:FOM","%/year","","NONMONETARY_PERCENT_UNCHANGED","","GATE4-20261006-FIXED-ACCOUNTS-EUR2020#B",""
"steel carbon capture retrofit","investment","2030","","2030:steel carbon capture retrofit:investment","","","PENDING","","GATE4-20261006-FIXED-ACCOUNTS-EUR2020#B","Non-EUR requires explicit frozen FX reconciliation before real-price adjustment"
"uranium","fuel","2030","3.4122","2030:uranium:fuel","EUR/MWh_th","2020","ALREADY_EUR2020_UNCHANGED","","GATE4-20261006-FIXED-ACCOUNTS-EUR2020#B",""
"waste CHP","FOM","2030","2.355","2030:waste CHP:FOM","%/year","","NONMONETARY_PERCENT_UNCHANGED","","GATE4-20261006-FIXED-ACCOUNTS-EUR2020#B",""
"waste CHP","VOM","2030","28.064","2030:waste CHP:VOM","EUR/MWh_e","2020","ALREADY_EUR2020_UNCHANGED","","GATE4-20261006-FIXED-ACCOUNTS-EUR2020#B",""
"waste CHP","investment","2030","8582594.4","2030:waste CHP:investment","EUR/MW_e","2020","ALREADY_EUR2020_UNCHANGED","","GATE4-20261006-FIXED-ACCOUNTS-EUR2020#B",""
"waste CHP CC","FOM","2030","2.355","2030:waste CHP CC:FOM","%/year","","NONMONETARY_PERCENT_UNCHANGED","","GATE4-20261006-FIXED-ACCOUNTS-EUR2020#B",""
"waste CHP CC","VOM","2030","28.064","2030:waste CHP CC:VOM","EUR/MWh_e","2020","ALREADY_EUR2020_UNCHANGED","","GATE4-20261006-FIXED-ACCOUNTS-EUR2020#B",""
"waste CHP CC","investment","2030","8582594.4","2030:waste CHP CC:investment","EUR/MW_e","2020","ALREADY_EUR2020_UNCHANGED","","GATE4-20261006-FIXED-ACCOUNTS-EUR2020#B",""
"Alkaline electrolyzer large size","monetary_FOM","2030","12012.8568","2030:Alkaline electrolyzer large size:monetary_FOM","EUR/MW/year","2020","DERIVED_ONCE_FROM_EUR2020_INVESTMENT_AND_UNCHANGED_FOM_PERCENT","investment_EUR2020 * FOM_percent /100","GATE4-20261006-FIXED-ACCOUNTS-EUR2020#B",""
"Alkaline electrolyzer medium size","monetary_FOM","2030","11638.763599999998","2030:Alkaline electrolyzer medium size:monetary_FOM","EUR/MW/year","2020","DERIVED_ONCE_FROM_EUR2020_INVESTMENT_AND_UNCHANGED_FOM_PERCENT","investment_EUR2020 * FOM_percent /100","GATE4-20261006-FIXED-ACCOUNTS-EUR2020#B",""
"Alkaline electrolyzer small size","monetary_FOM","2030","13407.205999999998","2030:Alkaline electrolyzer small size:monetary_FOM","EUR/MW/year","2020","DERIVED_ONCE_FROM_EUR2020_INVESTMENT_AND_UNCHANGED_FOM_PERCENT","investment_EUR2020 * FOM_percent /100","GATE4-20261006-FIXED-ACCOUNTS-EUR2020#B",""
"Ammonia cracker","monetary_FOM","2030","48329.65137010001","2030:Ammonia cracker:monetary_FOM","EUR/MW_H2/year","2020","DERIVED_ONCE_FROM_EUR2020_INVESTMENT_AND_UNCHANGED_FOM_PERCENT","investment_EUR2020 * FOM_percent /100","GATE4-20261006-FIXED-ACCOUNTS-EUR2020#B",""
"BEV Bus city","monetary_FOM","2030","0.6674569356","2030:BEV Bus city:monetary_FOM","EUR/vehicle/year","2020","DERIVED_ONCE_FROM_EUR2020_INVESTMENT_AND_UNCHANGED_FOM_PERCENT","investment_EUR2020 * FOM_percent /100","GATE4-20261006-FIXED-ACCOUNTS-EUR2020#B",""
"BEV Coach","monetary_FOM","2030","0.6060508976000001","2030:BEV Coach:monetary_FOM","EUR/vehicle/year","2020","DERIVED_ONCE_FROM_EUR2020_INVESTMENT_AND_UNCHANGED_FOM_PERCENT","investment_EUR2020 * FOM_percent /100","GATE4-20261006-FIXED-ACCOUNTS-EUR2020#B",""
"BEV Truck Semi-Trailer max 50 tons","monetary_FOM","2030","0.6048555816000001","2030:BEV Truck Semi-Trailer max 50 tons:monetary_FOM","EUR/vehicle/year","2020","DERIVED_ONCE_FROM_EUR2020_INVESTMENT_AND_UNCHANGED_FOM_PERCENT","investment_EUR2020 * FOM_percent /100","GATE4-20261006-FIXED-ACCOUNTS-EUR2020#B",""
"BEV Truck Solo max 26 tons","monetary_FOM","2030","0.5648373498","2030:BEV Truck Solo max 26 tons:monetary_FOM","EUR/vehicle/year","2020","DERIVED_ONCE_FROM_EUR2020_INVESTMENT_AND_UNCHANGED_FOM_PERCENT","investment_EUR2020 * FOM_percent /100","GATE4-20261006-FIXED-ACCOUNTS-EUR2020#B",""
"BEV Truck Trailer max 56 tons","monetary_FOM","2030","0.5031684110999999","2030:BEV Truck Trailer max 56 tons:monetary_FOM","EUR/vehicle/year","2020","DERIVED_ONCE_FROM_EUR2020_INVESTMENT_AND_UNCHANGED_FOM_PERCENT","investment_EUR2020 * FOM_percent /100","GATE4-20261006-FIXED-ACCOUNTS-EUR2020#B",""
"Battery electric (passenger cars)","monetary_FOM","2030","221.616","2030:Battery electric (passenger cars):monetary_FOM","EUR/PKW/year","2020","DERIVED_ONCE_FROM_EUR2020_INVESTMENT_AND_UNCHANGED_FOM_PERCENT","investment_EUR2020 * FOM_percent /100","GATE4-20261006-FIXED-ACCOUNTS-EUR2020#B",""
"Battery electric (trucks)","monetary_FOM","2030","20460","2030:Battery electric (trucks):monetary_FOM","EUR/LKW/year","2020","DERIVED_ONCE_FROM_EUR2020_INVESTMENT_AND_UNCHANGED_FOM_PERCENT","investment_EUR2020 * FOM_percent /100","GATE4-20261006-FIXED-ACCOUNTS-EUR2020#B",""
"BioSNG","monetary_FOM","2030","27861.08","2030:BioSNG:monetary_FOM","EUR/MW_th/year","2020","DERIVED_ONCE_FROM_EUR2020_INVESTMENT_AND_UNCHANGED_FOM_PERCENT","investment_EUR2020 * FOM_percent /100","GATE4-20261006-FIXED-ACCOUNTS-EUR2020#B",""
"BtL","monetary_FOM","2030","83159.2608111","2030:BtL:monetary_FOM","EUR/MW_th/year","2020","DERIVED_ONCE_FROM_EUR2020_INVESTMENT_AND_UNCHANGED_FOM_PERCENT","investment_EUR2020 * FOM_percent /100","GATE4-20261006-FIXED-ACCOUNTS-EUR2020#B",""
"CCGT","monetary_FOM","2030","25615.076071121533","2030:CCGT:monetary_FOM","EUR/MW/year","2020","DERIVED_ONCE_FROM_EUR2020_INVESTMENT_AND_UNCHANGED_FOM_PERCENT","investment_EUR2020 * FOM_percent /100","GATE4-20261006-FIXED-ACCOUNTS-EUR2020#B",""
"CH4 (g) fill compressor station","monetary_FOM","2030","28.13432","2030:CH4 (g) fill compressor station:monetary_FOM","EUR/MW_CH4/year","2020","DERIVED_ONCE_FROM_EUR2020_INVESTMENT_AND_UNCHANGED_FOM_PERCENT","investment_EUR2020 * FOM_percent /100","GATE4-20261006-FIXED-ACCOUNTS-EUR2020#B",""
"CH4 (g) pipeline","monetary_FOM","2030","1.3082999999999998","2030:CH4 (g) pipeline:monetary_FOM","EUR/MW/km/year","2020","DERIVED_ONCE_FROM_EUR2020_INVESTMENT_AND_UNCHANGED_FOM_PERCENT","investment_EUR2020 * FOM_percent /100","GATE4-20261006-FIXED-ACCOUNTS-EUR2020#B",""
"CH4 (g) submarine pipeline","monetary_FOM","2030","3.5795190000000003","2030:CH4 (g) submarine pipeline:monetary_FOM","EUR/MW/km/year","2020","DERIVED_ONCE_FROM_EUR2020_INVESTMENT_AND_UNCHANGED_FOM_PERCENT","investment_EUR2020 * FOM_percent /100","GATE4-20261006-FIXED-ACCOUNTS-EUR2020#B",""
"CH4 (l) transport ship","monetary_FOM","2030","5592701.298908499","2030:CH4 (l) transport ship:monetary_FOM","EUR/year","2020","DERIVED_ONCE_FROM_EUR2020_INVESTMENT_AND_UNCHANGED_FOM_PERCENT","investment_EUR2020 * FOM_percent /100","GATE4-20261006-FIXED-ACCOUNTS-EUR2020#B",""
"CH4 evaporation","monetary_FOM","2030","3188.8535","2030:CH4 evaporation:monetary_FOM","EUR/MW_CH4/year","2020","DERIVED_ONCE_FROM_EUR2020_INVESTMENT_AND_UNCHANGED_FOM_PERCENT","investment_EUR2020 * FOM_percent /100","GATE4-20261006-FIXED-ACCOUNTS-EUR2020#B",""
"CH4 liquefaction","monetary_FOM","2030","8450.505","2030:CH4 liquefaction:monetary_FOM","EUR/MW_CH4/year","2020","DERIVED_ONCE_FROM_EUR2020_INVESTMENT_AND_UNCHANGED_FOM_PERCENT","investment_EUR2020 * FOM_percent /100","GATE4-20261006-FIXED-ACCOUNTS-EUR2020#B",""
"CO2 liquefaction","monetary_FOM","2030","0.83613","2030:CO2 liquefaction:monetary_FOM","EUR/t_CO2/h/year","2020","DERIVED_ONCE_FROM_EUR2020_INVESTMENT_AND_UNCHANGED_FOM_PERCENT","investment_EUR2020 * FOM_percent /100","GATE4-20261006-FIXED-ACCOUNTS-EUR2020#B",""
"CO2 pipeline","monetary_FOM","2030","19.047989700000002","2030:CO2 pipeline:monetary_FOM","EUR/(tCO2/h)/km/year","2020","DERIVED_ONCE_FROM_EUR2020_INVESTMENT_AND_UNCHANGED_FOM_PERCENT","investment_EUR2020 * FOM_percent /100","GATE4-20261006-FIXED-ACCOUNTS-EUR2020#B",""
"CO2 storage tank","monetary_FOM","2030","25.843462","2030:CO2 storage tank:monetary_FOM","EUR/t_CO2/year","2020","DERIVED_ONCE_FROM_EUR2020_INVESTMENT_AND_UNCHANGED_FOM_PERCENT","investment_EUR2020 * FOM_percent /100","GATE4-20261006-FIXED-ACCOUNTS-EUR2020#B",""
"CO2 submarine pipeline","monetary_FOM","2030","21.164432499999997","2030:CO2 submarine pipeline:monetary_FOM","EUR/(tCO2/h)/km/year","2020","DERIVED_ONCE_FROM_EUR2020_INVESTMENT_AND_UNCHANGED_FOM_PERCENT","investment_EUR2020 * FOM_percent /100","GATE4-20261006-FIXED-ACCOUNTS-EUR2020#B",""
"Charging infrastructure fast (purely) battery electric vehicles passenger cars","monetary_FOM","2030","7182.304","2030:Charging infrastructure fast (purely) battery electric vehicles passenger cars:monetary_FOM","EUR/Ladesï¿½ule/year","2020","DERIVED_ONCE_FROM_EUR2020_INVESTMENT_AND_UNCHANGED_FOM_PERCENT","investment_EUR2020 * FOM_percent /100","GATE4-20261006-FIXED-ACCOUNTS-EUR2020#B",""
"Charging infrastructure fuel cell vehicles passenger cars","monetary_FOM","2030","39333.668000000005","2030:Charging infrastructure fuel cell vehicles passenger cars:monetary_FOM","EUR/Ladesï¿½ule/year","2020","DERIVED_ONCE_FROM_EUR2020_INVESTMENT_AND_UNCHANGED_FOM_PERCENT","investment_EUR2020 * FOM_percent /100","GATE4-20261006-FIXED-ACCOUNTS-EUR2020#B",""
"Charging infrastructure fuel cell vehicles trucks","monetary_FOM","2030","39333.668000000005","2030:Charging infrastructure fuel cell vehicles trucks:monetary_FOM","EUR/Ladesï¿½ule/year","2020","DERIVED_ONCE_FROM_EUR2020_INVESTMENT_AND_UNCHANGED_FOM_PERCENT","investment_EUR2020 * FOM_percent /100","GATE4-20261006-FIXED-ACCOUNTS-EUR2020#B",""
"Charging infrastructure slow (purely) battery electric vehicles passenger cars","monetary_FOM","2030","18.09","2030:Charging infrastructure slow (purely) battery electric vehicles passenger cars:monetary_FOM","EUR/Ladesï¿½ule/year","2020","DERIVED_ONCE_FROM_EUR2020_INVESTMENT_AND_UNCHANGED_FOM_PERCENT","investment_EUR2020 * FOM_percent /100","GATE4-20261006-FIXED-ACCOUNTS-EUR2020#B",""
"Compressed-Air-Adiabatic-bicharger","monetary_FOM","2030","8766.366433189","2030:Compressed-Air-Adiabatic-bicharger:monetary_FOM","EUR/MW/year","2020","DERIVED_ONCE_FROM_EUR2020_INVESTMENT_AND_UNCHANGED_FOM_PERCENT","investment_EUR2020 * FOM_percent /100","GATE4-20261006-FIXED-ACCOUNTS-EUR2020#B",""
"Compressed-Air-Adiabatic-store","monetary_FOM","2030","23.429794419999997","2030:Compressed-Air-Adiabatic-store:monetary_FOM","EUR/MWh/year","2020","DERIVED_ONCE_FROM_EUR2020_INVESTMENT_AND_UNCHANGED_FOM_PERCENT","investment_EUR2020 * FOM_percent /100","GATE4-20261006-FIXED-ACCOUNTS-EUR2020#B",""
"Concrete-charger","monetary_FOM","2030","1550.0668831499997","2030:Concrete-charger:monetary_FOM","EUR/MW/year","2020","DERIVED_ONCE_FROM_EUR2020_INVESTMENT_AND_UNCHANGED_FOM_PERCENT","investment_EUR2020 * FOM_percent /100","GATE4-20261006-FIXED-ACCOUNTS-EUR2020#B",""
"Concrete-discharger","monetary_FOM","2030","1550.355268224","2030:Concrete-discharger:monetary_FOM","EUR/MW/year","2020","DERIVED_ONCE_FROM_EUR2020_INVESTMENT_AND_UNCHANGED_FOM_PERCENT","investment_EUR2020 * FOM_percent /100","GATE4-20261006-FIXED-ACCOUNTS-EUR2020#B",""
"Concrete-store","monetary_FOM","2030","79.5383207792","2030:Concrete-store:monetary_FOM","EUR/MWh/year","2020","DERIVED_ONCE_FROM_EUR2020_INVESTMENT_AND_UNCHANGED_FOM_PERCENT","investment_EUR2020 * FOM_percent /100","GATE4-20261006-FIXED-ACCOUNTS-EUR2020#B",""
"Container feeder, ammonia","monetary_FOM","2030","0","2030:Container feeder, ammonia:monetary_FOM","EUR/year","2020","DERIVED_ONCE_FROM_EUR2020_INVESTMENT_AND_UNCHANGED_FOM_PERCENT","investment_EUR2020 * FOM_percent /100","GATE4-20261006-FIXED-ACCOUNTS-EUR2020#B",""
"Container feeder, diesel","monetary_FOM","2030","0","2030:Container feeder, diesel:monetary_FOM","EUR/year","2020","DERIVED_ONCE_FROM_EUR2020_INVESTMENT_AND_UNCHANGED_FOM_PERCENT","investment_EUR2020 * FOM_percent /100","GATE4-20261006-FIXED-ACCOUNTS-EUR2020#B",""
"Container feeder, methanol","monetary_FOM","2030","0","2030:Container feeder, methanol:monetary_FOM","EUR/year","2020","DERIVED_ONCE_FROM_EUR2020_INVESTMENT_AND_UNCHANGED_FOM_PERCENT","investment_EUR2020 * FOM_percent /100","GATE4-20261006-FIXED-ACCOUNTS-EUR2020#B",""
"Container, ammonia","monetary_FOM","2030","0","2030:Container, ammonia:monetary_FOM","EUR/year","2020","DERIVED_ONCE_FROM_EUR2020_INVESTMENT_AND_UNCHANGED_FOM_PERCENT","investment_EUR2020 * FOM_percent /100","GATE4-20261006-FIXED-ACCOUNTS-EUR2020#B",""
"Container, diesel","monetary_FOM","2030","0","2030:Container, diesel:monetary_FOM","EUR/year","2020","DERIVED_ONCE_FROM_EUR2020_INVESTMENT_AND_UNCHANGED_FOM_PERCENT","investment_EUR2020 * FOM_percent /100","GATE4-20261006-FIXED-ACCOUNTS-EUR2020#B",""
"Container, methanol","monetary_FOM","2030","0","2030:Container, methanol:monetary_FOM","EUR/year","2020","DERIVED_ONCE_FROM_EUR2020_INVESTMENT_AND_UNCHANGED_FOM_PERCENT","investment_EUR2020 * FOM_percent /100","GATE4-20261006-FIXED-ACCOUNTS-EUR2020#B",""
"Diesel Bus city","monetary_FOM","2030","0.6030250928","2030:Diesel Bus city:monetary_FOM","EUR/vehicle/year","2020","DERIVED_ONCE_FROM_EUR2020_INVESTMENT_AND_UNCHANGED_FOM_PERCENT","investment_EUR2020 * FOM_percent /100","GATE4-20261006-FIXED-ACCOUNTS-EUR2020#B",""
"Diesel Coach","monetary_FOM","2030","0.6938882303999999","2030:Diesel Coach:monetary_FOM","EUR/vehicle/year","2020","DERIVED_ONCE_FROM_EUR2020_INVESTMENT_AND_UNCHANGED_FOM_PERCENT","investment_EUR2020 * FOM_percent /100","GATE4-20261006-FIXED-ACCOUNTS-EUR2020#B",""
"Diesel Truck Semi-Trailer max 50 tons","monetary_FOM","2030","0.71006057","2030:Diesel Truck Semi-Trailer max 50 tons:monetary_FOM","EUR/vehicle/year","2020","DERIVED_ONCE_FROM_EUR2020_INVESTMENT_AND_UNCHANGED_FOM_PERCENT","investment_EUR2020 * FOM_percent /100","GATE4-20261006-FIXED-ACCOUNTS-EUR2020#B",""
"Diesel Truck Solo max 26 tons","monetary_FOM","2030","0.6217763724","2030:Diesel Truck Solo max 26 tons:monetary_FOM","EUR/vehicle/year","2020","DERIVED_ONCE_FROM_EUR2020_INVESTMENT_AND_UNCHANGED_FOM_PERCENT","investment_EUR2020 * FOM_percent /100","GATE4-20261006-FIXED-ACCOUNTS-EUR2020#B",""
"Diesel Truck Trailer max 56 tons","monetary_FOM","2030","0.71006057","2030:Diesel Truck Trailer max 56 tons:monetary_FOM","EUR/vehicle/year","2020","DERIVED_ONCE_FROM_EUR2020_INVESTMENT_AND_UNCHANGED_FOM_PERCENT","investment_EUR2020 * FOM_percent /100","GATE4-20261006-FIXED-ACCOUNTS-EUR2020#B",""
"FCV Bus city","monetary_FOM","2030","0.6461131284000001","2030:FCV Bus city:monetary_FOM","EUR/vehicle/year","2020","DERIVED_ONCE_FROM_EUR2020_INVESTMENT_AND_UNCHANGED_FOM_PERCENT","investment_EUR2020 * FOM_percent /100","GATE4-20261006-FIXED-ACCOUNTS-EUR2020#B",""
"FCV Coach","monetary_FOM","2030","0.7136803444","2030:FCV Coach:monetary_FOM","EUR/vehicle/year","2020","DERIVED_ONCE_FROM_EUR2020_INVESTMENT_AND_UNCHANGED_FOM_PERCENT","investment_EUR2020 * FOM_percent /100","GATE4-20261006-FIXED-ACCOUNTS-EUR2020#B",""
"FCV Truck Semi-Trailer max 50 tons","monetary_FOM","2030","0.559239918","2030:FCV Truck Semi-Trailer max 50 tons:monetary_FOM","EUR/vehicle/year","2020","DERIVED_ONCE_FROM_EUR2020_INVESTMENT_AND_UNCHANGED_FOM_PERCENT","investment_EUR2020 * FOM_percent /100","GATE4-20261006-FIXED-ACCOUNTS-EUR2020#B",""
"FCV Truck Solo max 26 tons","monetary_FOM","2030","0.5119856854","2030:FCV Truck Solo max 26 tons:monetary_FOM","EUR/vehicle/year","2020","DERIVED_ONCE_FROM_EUR2020_INVESTMENT_AND_UNCHANGED_FOM_PERCENT","investment_EUR2020 * FOM_percent /100","GATE4-20261006-FIXED-ACCOUNTS-EUR2020#B",""
"FCV Truck Trailer max 56 tons","monetary_FOM","2030","0.5561277840000001","2030:FCV Truck Trailer max 56 tons:monetary_FOM","EUR/vehicle/year","2020","DERIVED_ONCE_FROM_EUR2020_INVESTMENT_AND_UNCHANGED_FOM_PERCENT","investment_EUR2020 * FOM_percent /100","GATE4-20261006-FIXED-ACCOUNTS-EUR2020#B",""
"FT fuel transport ship","monetary_FOM","2030","1750000","2030:FT fuel transport ship:monetary_FOM","EUR/year","2020","DERIVED_ONCE_FROM_EUR2020_INVESTMENT_AND_UNCHANGED_FOM_PERCENT","investment_EUR2020 * FOM_percent /100","GATE4-20261006-FIXED-ACCOUNTS-EUR2020#B",""
"Fischer-Tropsch","monetary_FOM","2030","21111.793385999998","2030:Fischer-Tropsch:monetary_FOM","EUR/MW_FT/year","2020","DERIVED_ONCE_FROM_EUR2020_INVESTMENT_AND_UNCHANGED_FOM_PERCENT","investment_EUR2020 * FOM_percent /100","GATE4-20261006-FIXED-ACCOUNTS-EUR2020#B",""
"Gasnetz","monetary_FOM","2030","700","2030:Gasnetz:monetary_FOM","EUR/MWGas/year","2020","DERIVED_ONCE_FROM_EUR2020_INVESTMENT_AND_UNCHANGED_FOM_PERCENT","investment_EUR2020 * FOM_percent /100","GATE4-20261006-FIXED-ACCOUNTS-EUR2020#B",""
"General liquid hydrocarbon storage (crude)","monetary_FOM","2030","8.61874375","2030:General liquid hydrocarbon storage (crude):monetary_FOM","EUR/m^3/year","2020","DERIVED_ONCE_FROM_EUR2020_INVESTMENT_AND_UNCHANGED_FOM_PERCENT","investment_EUR2020 * FOM_percent /100","GATE4-20261006-FIXED-ACCOUNTS-EUR2020#B",""
"General liquid hydrocarbon storage (product)","monetary_FOM","2030","10.773425","2030:General liquid hydrocarbon storage (product):monetary_FOM","EUR/m^3/year","2020","DERIVED_ONCE_FROM_EUR2020_INVESTMENT_AND_UNCHANGED_FOM_PERCENT","investment_EUR2020 * FOM_percent /100","GATE4-20261006-FIXED-ACCOUNTS-EUR2020#B",""
"Gravity-Brick-bicharger","monetary_FOM","2030","6233.557765500001","2030:Gravity-Brick-bicharger:monetary_FOM","EUR/MW/year","2020","DERIVED_ONCE_FROM_EUR2020_INVESTMENT_AND_UNCHANGED_FOM_PERCENT","investment_EUR2020 * FOM_percent /100","GATE4-20261006-FIXED-ACCOUNTS-EUR2020#B",""
"Gravity-Brick-store","monetary_FOM","2030","0","2030:Gravity-Brick-store:monetary_FOM","EUR/MWh/year","2020","DERIVED_ONCE_FROM_EUR2020_INVESTMENT_AND_UNCHANGED_FOM_PERCENT","investment_EUR2020 * FOM_percent /100","GATE4-20261006-FIXED-ACCOUNTS-EUR2020#B",""
"Gravity-Water-Aboveground-bicharger","monetary_FOM","2030","5484.460695","2030:Gravity-Water-Aboveground-bicharger:monetary_FOM","EUR/MW/year","2020","DERIVED_ONCE_FROM_EUR2020_INVESTMENT_AND_UNCHANGED_FOM_PERCENT","investment_EUR2020 * FOM_percent /100","GATE4-20261006-FIXED-ACCOUNTS-EUR2020#B",""
"Gravity-Water-Aboveground-store","monetary_FOM","2030","0","2030:Gravity-Water-Aboveground-store:monetary_FOM","EUR/MWh/year","2020","DERIVED_ONCE_FROM_EUR2020_INVESTMENT_AND_UNCHANGED_FOM_PERCENT","investment_EUR2020 * FOM_percent /100","GATE4-20261006-FIXED-ACCOUNTS-EUR2020#B",""
"Gravity-Water-Underground-bicharger","monetary_FOM","2030","13577.384402999998","2030:Gravity-Water-Underground-bicharger:monetary_FOM","EUR/MW/year","2020","DERIVED_ONCE_FROM_EUR2020_INVESTMENT_AND_UNCHANGED_FOM_PERCENT","investment_EUR2020 * FOM_percent /100","GATE4-20261006-FIXED-ACCOUNTS-EUR2020#B",""
"Gravity-Water-Underground-store","monetary_FOM","2030","0","2030:Gravity-Water-Underground-store:monetary_FOM","EUR/MWh/year","2020","DERIVED_ONCE_FROM_EUR2020_INVESTMENT_AND_UNCHANGED_FOM_PERCENT","investment_EUR2020 * FOM_percent /100","GATE4-20261006-FIXED-ACCOUNTS-EUR2020#B",""
"H2 (g) fill compressor station","monetary_FOM","2030","80.55817880000001","2030:H2 (g) fill compressor station:monetary_FOM","EUR/MW_H2/year","2020","DERIVED_ONCE_FROM_EUR2020_INVESTMENT_AND_UNCHANGED_FOM_PERCENT","investment_EUR2020 * FOM_percent /100","GATE4-20261006-FIXED-ACCOUNTS-EUR2020#B",""
"H2 (g) pipeline","monetary_FOM","2030","9.6167770615","2030:H2 (g) pipeline:monetary_FOM","EUR/MW/km/year","2020","DERIVED_ONCE_FROM_EUR2020_INVESTMENT_AND_UNCHANGED_FOM_PERCENT","investment_EUR2020 * FOM_percent /100","GATE4-20261006-FIXED-ACCOUNTS-EUR2020#B",""
"H2 (g) pipeline repurposed","monetary_FOM","2030","4.0998694894","2030:H2 (g) pipeline repurposed:monetary_FOM","EUR/MW/km/year","2020","DERIVED_ONCE_FROM_EUR2020_INVESTMENT_AND_UNCHANGED_FOM_PERCENT","investment_EUR2020 * FOM_percent /100","GATE4-20261006-FIXED-ACCOUNTS-EUR2020#B",""
"H2 (g) submarine pipeline","monetary_FOM","2030","13.683494999999999","2030:H2 (g) submarine pipeline:monetary_FOM","EUR/MW/km/year","2020","DERIVED_ONCE_FROM_EUR2020_INVESTMENT_AND_UNCHANGED_FOM_PERCENT","investment_EUR2020 * FOM_percent /100","GATE4-20261006-FIXED-ACCOUNTS-EUR2020#B",""
"H2 (g) submarine pipeline repurposed","monetary_FOM","2030","4.804686","2030:H2 (g) submarine pipeline repurposed:monetary_FOM","EUR/MW/km/year","2020","DERIVED_ONCE_FROM_EUR2020_INVESTMENT_AND_UNCHANGED_FOM_PERCENT","investment_EUR2020 * FOM_percent /100","GATE4-20261006-FIXED-ACCOUNTS-EUR2020#B",""
"H2 (l) storage tank","monetary_FOM","2030","15.874912","2030:H2 (l) storage tank:monetary_FOM","EUR/MWh_H2/year","2020","DERIVED_ONCE_FROM_EUR2020_INVESTMENT_AND_UNCHANGED_FOM_PERCENT","investment_EUR2020 * FOM_percent /100","GATE4-20261006-FIXED-ACCOUNTS-EUR2020#B",""
"H2 (l) transport ship","monetary_FOM","2030","15749480","2030:H2 (l) transport ship:monetary_FOM","EUR/year","2020","DERIVED_ONCE_FROM_EUR2020_INVESTMENT_AND_UNCHANGED_FOM_PERCENT","investment_EUR2020 * FOM_percent /100","GATE4-20261006-FIXED-ACCOUNTS-EUR2020#B",""
"H2 evaporation","monetary_FOM","2030","3671.0125","2030:H2 evaporation:monetary_FOM","EUR/MW_H2/year","2020","DERIVED_ONCE_FROM_EUR2020_INVESTMENT_AND_UNCHANGED_FOM_PERCENT","investment_EUR2020 * FOM_percent /100","GATE4-20261006-FIXED-ACCOUNTS-EUR2020#B",""
"H2 liquefaction","monetary_FOM","2030","22248.565","2030:H2 liquefaction:monetary_FOM","EUR/MW_H2/year","2020","DERIVED_ONCE_FROM_EUR2020_INVESTMENT_AND_UNCHANGED_FOM_PERCENT","investment_EUR2020 * FOM_percent /100","GATE4-20261006-FIXED-ACCOUNTS-EUR2020#B",""
"H2 pipeline","monetary_FOM","2030","8.476356000000001","2030:H2 pipeline:monetary_FOM","EUR/MW/km/year","2020","DERIVED_ONCE_FROM_EUR2020_INVESTMENT_AND_UNCHANGED_FOM_PERCENT","investment_EUR2020 * FOM_percent /100","GATE4-20261006-FIXED-ACCOUNTS-EUR2020#B",""
"H2 production biomass gasification","monetary_FOM","2030","73396.995","2030:H2 production biomass gasification:monetary_FOM","EUR/MW/year","2020","DERIVED_ONCE_FROM_EUR2020_INVESTMENT_AND_UNCHANGED_FOM_PERCENT","investment_EUR2020 * FOM_percent /100","GATE4-20261006-FIXED-ACCOUNTS-EUR2020#B",""
"H2 production biomass gasification CC","monetary_FOM","2030","74454.785","2030:H2 production biomass gasification CC:monetary_FOM","EUR/MW/year","2020","DERIVED_ONCE_FROM_EUR2020_INVESTMENT_AND_UNCHANGED_FOM_PERCENT","investment_EUR2020 * FOM_percent /100","GATE4-20261006-FIXED-ACCOUNTS-EUR2020#B",""
"H2 production coal gasification","monetary_FOM","2030","23947.007999999998","2030:H2 production coal gasification:monetary_FOM","EUR/MW/year","2020","DERIVED_ONCE_FROM_EUR2020_INVESTMENT_AND_UNCHANGED_FOM_PERCENT","investment_EUR2020 * FOM_percent /100","GATE4-20261006-FIXED-ACCOUNTS-EUR2020#B",""
"H2 production coal gasification CC","monetary_FOM","2030","31256.676359999994","2030:H2 production coal gasification CC:monetary_FOM","EUR/MW/year","2020","DERIVED_ONCE_FROM_EUR2020_INVESTMENT_AND_UNCHANGED_FOM_PERCENT","investment_EUR2020 * FOM_percent /100","GATE4-20261006-FIXED-ACCOUNTS-EUR2020#B",""
"H2 production heavy oil partial oxidation","monetary_FOM","2030","24556.655","2030:H2 production heavy oil partial oxidation:monetary_FOM","EUR/MW/year","2020","DERIVED_ONCE_FROM_EUR2020_INVESTMENT_AND_UNCHANGED_FOM_PERCENT","investment_EUR2020 * FOM_percent /100","GATE4-20261006-FIXED-ACCOUNTS-EUR2020#B",""
"H2 production natural gas steam reforming","monetary_FOM","2030","8822.538199999999","2030:H2 production natural gas steam reforming:monetary_FOM","EUR/MW/year","2020","DERIVED_ONCE_FROM_EUR2020_INVESTMENT_AND_UNCHANGED_FOM_PERCENT","investment_EUR2020 * FOM_percent /100","GATE4-20261006-FIXED-ACCOUNTS-EUR2020#B",""
"H2 production natural gas steam reforming CC","monetary_FOM","2030","13055.177999999998","2030:H2 production natural gas steam reforming CC:monetary_FOM","EUR/MW/year","2020","DERIVED_ONCE_FROM_EUR2020_INVESTMENT_AND_UNCHANGED_FOM_PERCENT","investment_EUR2020 * FOM_percent /100","GATE4-20261006-FIXED-ACCOUNTS-EUR2020#B",""
"H2 production solid biomass steam reforming","monetary_FOM","2030","23626.255999999998","2030:H2 production solid biomass steam reforming:monetary_FOM","EUR/MW/year","2020","DERIVED_ONCE_FROM_EUR2020_INVESTMENT_AND_UNCHANGED_FOM_PERCENT","investment_EUR2020 * FOM_percent /100","GATE4-20261006-FIXED-ACCOUNTS-EUR2020#B",""
"HVAC overhead","monetary_FOM","2030","8.842827999999999","2030:HVAC overhead:monetary_FOM","EUR/MW/km/year","2020","DERIVED_ONCE_FROM_EUR2020_INVESTMENT_AND_UNCHANGED_FOM_PERCENT","investment_EUR2020 * FOM_percent /100","GATE4-20261006-FIXED-ACCOUNTS-EUR2020#B",""
"HVDC inverter pair","monetary_FOM","2030","3316.0607959999998","2030:HVDC inverter pair:monetary_FOM","EUR/MW/year","2020","DERIVED_ONCE_FROM_EUR2020_INVESTMENT_AND_UNCHANGED_FOM_PERCENT","investment_EUR2020 * FOM_percent /100","GATE4-20261006-FIXED-ACCOUNTS-EUR2020#B",""
"HVDC overhead","monetary_FOM","2030","8.842827999999999","2030:HVDC overhead:monetary_FOM","EUR/MW/km/year","2020","DERIVED_ONCE_FROM_EUR2020_INVESTMENT_AND_UNCHANGED_FOM_PERCENT","investment_EUR2020 * FOM_percent /100","GATE4-20261006-FIXED-ACCOUNTS-EUR2020#B",""
"HVDC submarine","monetary_FOM","2030","3.5290269","2030:HVDC submarine:monetary_FOM","EUR/MW/km/year","2020","DERIVED_ONCE_FROM_EUR2020_INVESTMENT_AND_UNCHANGED_FOM_PERCENT","investment_EUR2020 * FOM_percent /100","GATE4-20261006-FIXED-ACCOUNTS-EUR2020#B",""
"HVDC underground","monetary_FOM","2030","3.5290269","2030:HVDC underground:monetary_FOM","EUR/MW/km/year","2020","DERIVED_ONCE_FROM_EUR2020_INVESTMENT_AND_UNCHANGED_FOM_PERCENT","investment_EUR2020 * FOM_percent /100","GATE4-20261006-FIXED-ACCOUNTS-EUR2020#B",""
"Haber-Bosch","monetary_FOM","2030","43800.405","2030:Haber-Bosch:monetary_FOM","EUR/MW_NH3/year","2020","DERIVED_ONCE_FROM_EUR2020_INVESTMENT_AND_UNCHANGED_FOM_PERCENT","investment_EUR2020 * FOM_percent /100","GATE4-20261006-FIXED-ACCOUNTS-EUR2020#B",""
"HighT-Molten-Salt-charger","monetary_FOM","2030","1550.0668831499997","2030:HighT-Molten-Salt-charger:monetary_FOM","EUR/MW/year","2020","DERIVED_ONCE_FROM_EUR2020_INVESTMENT_AND_UNCHANGED_FOM_PERCENT","investment_EUR2020 * FOM_percent /100","GATE4-20261006-FIXED-ACCOUNTS-EUR2020#B",""
"HighT-Molten-Salt-discharger","monetary_FOM","2030","1550.355268224","2030:HighT-Molten-Salt-discharger:monetary_FOM","EUR/MW/year","2020","DERIVED_ONCE_FROM_EUR2020_INVESTMENT_AND_UNCHANGED_FOM_PERCENT","investment_EUR2020 * FOM_percent /100","GATE4-20261006-FIXED-ACCOUNTS-EUR2020#B",""
"HighT-Molten-Salt-store","monetary_FOM","2030","311.3077717612","2030:HighT-Molten-Salt-store:monetary_FOM","EUR/MWh/year","2020","DERIVED_ONCE_FROM_EUR2020_INVESTMENT_AND_UNCHANGED_FOM_PERCENT","investment_EUR2020 * FOM_percent /100","GATE4-20261006-FIXED-ACCOUNTS-EUR2020#B",""
"Hydrogen fuel cell (passenger cars)","monetary_FOM","2030","365.48600000000005","2030:Hydrogen fuel cell (passenger cars):monetary_FOM","EUR/PKW/year","2020","DERIVED_ONCE_FROM_EUR2020_INVESTMENT_AND_UNCHANGED_FOM_PERCENT","investment_EUR2020 * FOM_percent /100","GATE4-20261006-FIXED-ACCOUNTS-EUR2020#B",""
"Hydrogen fuel cell (trucks)","monetary_FOM","2030","15261.107","2030:Hydrogen fuel cell (trucks):monetary_FOM","EUR/LKW/year","2020","DERIVED_ONCE_FROM_EUR2020_INVESTMENT_AND_UNCHANGED_FOM_PERCENT","investment_EUR2020 * FOM_percent /100","GATE4-20261006-FIXED-ACCOUNTS-EUR2020#B",""
"Hydrogen-charger","monetary_FOM","2030","2202.7988586105","2030:Hydrogen-charger:monetary_FOM","EUR/MW/year","2020","DERIVED_ONCE_FROM_EUR2020_INVESTMENT_AND_UNCHANGED_FOM_PERCENT","investment_EUR2020 * FOM_percent /100","GATE4-20261006-FIXED-ACCOUNTS-EUR2020#B",""
"Hydrogen-discharger","monetary_FOM","2030","2202.7912784768005","2030:Hydrogen-discharger:monetary_FOM","EUR/MW/year","2020","DERIVED_ONCE_FROM_EUR2020_INVESTMENT_AND_UNCHANGED_FOM_PERCENT","investment_EUR2020 * FOM_percent /100","GATE4-20261006-FIXED-ACCOUNTS-EUR2020#B",""
"Hydrogen-store","monetary_FOM","2030","20.55379661","2030:Hydrogen-store:monetary_FOM","EUR/MWh/year","2020","DERIVED_ONCE_FROM_EUR2020_INVESTMENT_AND_UNCHANGED_FOM_PERCENT","investment_EUR2020 * FOM_percent /100","GATE4-20261006-FIXED-ACCOUNTS-EUR2020#B",""
"LNG storage tank","monetary_FOM","2030","13.33268","2030:LNG storage tank:monetary_FOM","EUR/m^3/year","2020","DERIVED_ONCE_FROM_EUR2020_INVESTMENT_AND_UNCHANGED_FOM_PERCENT","investment_EUR2020 * FOM_percent /100","GATE4-20261006-FIXED-ACCOUNTS-EUR2020#B",""
"LOHC chemical","monetary_FOM","2030","0","2030:LOHC chemical:monetary_FOM","EUR/t/year","2020","DERIVED_ONCE_FROM_EUR2020_INVESTMENT_AND_UNCHANGED_FOM_PERCENT","investment_EUR2020 * FOM_percent /100","GATE4-20261006-FIXED-ACCOUNTS-EUR2020#B",""
"LOHC dehydrogenation","monetary_FOM","2030","1610.444964","2030:LOHC dehydrogenation:monetary_FOM","EUR/MW_H2/year","2020","DERIVED_ONCE_FROM_EUR2020_INVESTMENT_AND_UNCHANGED_FOM_PERCENT","investment_EUR2020 * FOM_percent /100","GATE4-20261006-FIXED-ACCOUNTS-EUR2020#B",""
"LOHC dehydrogenation (small scale)","monetary_FOM","2030","25170","2030:LOHC dehydrogenation (small scale):monetary_FOM","EUR/MW_H2/year","2020","DERIVED_ONCE_FROM_EUR2020_INVESTMENT_AND_UNCHANGED_FOM_PERCENT","investment_EUR2020 * FOM_percent /100","GATE4-20261006-FIXED-ACCOUNTS-EUR2020#B",""
"LOHC hydrogenation","monetary_FOM","2030","1627.3187400000002","2030:LOHC hydrogenation:monetary_FOM","EUR/MW_H2/year","2020","DERIVED_ONCE_FROM_EUR2020_INVESTMENT_AND_UNCHANGED_FOM_PERCENT","investment_EUR2020 * FOM_percent /100","GATE4-20261006-FIXED-ACCOUNTS-EUR2020#B",""
"LOHC loaded DBT storage","monetary_FOM","2030","9.47114375","2030:LOHC loaded DBT storage:monetary_FOM","EUR/t/year","2020","DERIVED_ONCE_FROM_EUR2020_INVESTMENT_AND_UNCHANGED_FOM_PERCENT","investment_EUR2020 * FOM_percent /100","GATE4-20261006-FIXED-ACCOUNTS-EUR2020#B",""
"LOHC transport ship","monetary_FOM","2030","1750000","2030:LOHC transport ship:monetary_FOM","EUR/year","2020","DERIVED_ONCE_FROM_EUR2020_INVESTMENT_AND_UNCHANGED_FOM_PERCENT","investment_EUR2020 * FOM_percent /100","GATE4-20261006-FIXED-ACCOUNTS-EUR2020#B",""
"LOHC unloaded DBT storage","monetary_FOM","2030","8.39215625","2030:LOHC unloaded DBT storage:monetary_FOM","EUR/t/year","2020","DERIVED_ONCE_FROM_EUR2020_INVESTMENT_AND_UNCHANGED_FOM_PERCENT","investment_EUR2020 * FOM_percent /100","GATE4-20261006-FIXED-ACCOUNTS-EUR2020#B",""
"Lead-Acid-bicharger","monetary_FOM","2030","3147.5072267353","2030:Lead-Acid-bicharger:monetary_FOM","EUR/MW/year","2020","DERIVED_ONCE_FROM_EUR2020_INVESTMENT_AND_UNCHANGED_FOM_PERCENT","investment_EUR2020 * FOM_percent /100","GATE4-20261006-FIXED-ACCOUNTS-EUR2020#B",""
"Lead-Acid-store","monetary_FOM","2030","815.0449725355998","2030:Lead-Acid-store:monetary_FOM","EUR/MWh/year","2020","DERIVED_ONCE_FROM_EUR2020_INVESTMENT_AND_UNCHANGED_FOM_PERCENT","investment_EUR2020 * FOM_percent /100","GATE4-20261006-FIXED-ACCOUNTS-EUR2020#B",""
"Liquid fuels ICE (passenger cars)","monetary_FOM","2030","399.98400000000004","2030:Liquid fuels ICE (passenger cars):monetary_FOM","EUR/PKW/year","2020","DERIVED_ONCE_FROM_EUR2020_INVESTMENT_AND_UNCHANGED_FOM_PERCENT","investment_EUR2020 * FOM_percent /100","GATE4-20261006-FIXED-ACCOUNTS-EUR2020#B",""
"Liquid fuels ICE (trucks)","monetary_FOM","2030","18008.865","2030:Liquid fuels ICE (trucks):monetary_FOM","EUR/LKW/year","2020","DERIVED_ONCE_FROM_EUR2020_INVESTMENT_AND_UNCHANGED_FOM_PERCENT","investment_EUR2020 * FOM_percent /100","GATE4-20261006-FIXED-ACCOUNTS-EUR2020#B",""
"Liquid-Air-charger","monetary_FOM","2030","1741.1396977739998","2030:Liquid-Air-charger:monetary_FOM","EUR/MW/year","2020","DERIVED_ONCE_FROM_EUR2020_INVESTMENT_AND_UNCHANGED_FOM_PERCENT","investment_EUR2020 * FOM_percent /100","GATE4-20261006-FIXED-ACCOUNTS-EUR2020#B",""
"Liquid-Air-discharger","monetary_FOM","2030","1740.8967759959999","2030:Liquid-Air-discharger:monetary_FOM","EUR/MW/year","2020","DERIVED_ONCE_FROM_EUR2020_INVESTMENT_AND_UNCHANGED_FOM_PERCENT","investment_EUR2020 * FOM_percent /100","GATE4-20261006-FIXED-ACCOUNTS-EUR2020#B",""
"Liquid-Air-store","monetary_FOM","2030","510.087305368","2030:Liquid-Air-store:monetary_FOM","EUR/MWh/year","2020","DERIVED_ONCE_FROM_EUR2020_INVESTMENT_AND_UNCHANGED_FOM_PERCENT","investment_EUR2020 * FOM_percent /100","GATE4-20261006-FIXED-ACCOUNTS-EUR2020#B",""
"Lithium-Ion-LFP-bicharger","monetary_FOM","2030","1728.7707665507999","2030:Lithium-Ion-LFP-bicharger:monetary_FOM","EUR/MW/year","2020","DERIVED_ONCE_FROM_EUR2020_INVESTMENT_AND_UNCHANGED_FOM_PERCENT","investment_EUR2020 * FOM_percent /100","GATE4-20261006-FIXED-ACCOUNTS-EUR2020#B",""
"Lithium-Ion-LFP-store","monetary_FOM","2030","105.7078164723","2030:Lithium-Ion-LFP-store:monetary_FOM","EUR/MWh/year","2020","DERIVED_ONCE_FROM_EUR2020_INVESTMENT_AND_UNCHANGED_FOM_PERCENT","investment_EUR2020 * FOM_percent /100","GATE4-20261006-FIXED-ACCOUNTS-EUR2020#B",""
"Lithium-Ion-NMC-bicharger","monetary_FOM","2030","1728.7707665507999","2030:Lithium-Ion-NMC-bicharger:monetary_FOM","EUR/MW/year","2020","DERIVED_ONCE_FROM_EUR2020_INVESTMENT_AND_UNCHANGED_FOM_PERCENT","investment_EUR2020 * FOM_percent /100","GATE4-20261006-FIXED-ACCOUNTS-EUR2020#B",""
"Lithium-Ion-NMC-store","monetary_FOM","2030","102.43920273399999","2030:Lithium-Ion-NMC-store:monetary_FOM","EUR/MWh/year","2020","DERIVED_ONCE_FROM_EUR2020_INVESTMENT_AND_UNCHANGED_FOM_PERCENT","investment_EUR2020 * FOM_percent /100","GATE4-20261006-FIXED-ACCOUNTS-EUR2020#B",""
"LowT-Molten-Salt-charger","monetary_FOM","2030","1550.0668831499997","2030:LowT-Molten-Salt-charger:monetary_FOM","EUR/MW/year","2020","DERIVED_ONCE_FROM_EUR2020_INVESTMENT_AND_UNCHANGED_FOM_PERCENT","investment_EUR2020 * FOM_percent /100","GATE4-20261006-FIXED-ACCOUNTS-EUR2020#B",""
"LowT-Molten-Salt-discharger","monetary_FOM","2030","1550.355268224","2030:LowT-Molten-Salt-discharger:monetary_FOM","EUR/MW/year","2020","DERIVED_ONCE_FROM_EUR2020_INVESTMENT_AND_UNCHANGED_FOM_PERCENT","investment_EUR2020 * FOM_percent /100","GATE4-20261006-FIXED-ACCOUNTS-EUR2020#B",""
"LowT-Molten-Salt-store","monetary_FOM","2030","192.00029059239998","2030:LowT-Molten-Salt-store:monetary_FOM","EUR/MWh/year","2020","DERIVED_ONCE_FROM_EUR2020_INVESTMENT_AND_UNCHANGED_FOM_PERCENT","investment_EUR2020 * FOM_percent /100","GATE4-20261006-FIXED-ACCOUNTS-EUR2020#B",""
"MeOH transport ship","monetary_FOM","2030","1750000","2030:MeOH transport ship:monetary_FOM","EUR/year","2020","DERIVED_ONCE_FROM_EUR2020_INVESTMENT_AND_UNCHANGED_FOM_PERCENT","investment_EUR2020 * FOM_percent /100","GATE4-20261006-FIXED-ACCOUNTS-EUR2020#B",""
"Methanol steam reforming","monetary_FOM","2030","720.67466","2030:Methanol steam reforming:monetary_FOM","EUR/MW_H2/year","2020","DERIVED_ONCE_FROM_EUR2020_INVESTMENT_AND_UNCHANGED_FOM_PERCENT","investment_EUR2020 * FOM_percent /100","GATE4-20261006-FIXED-ACCOUNTS-EUR2020#B",""
"NH3 (l) storage tank incl. liquefaction","monetary_FOM","2030","3.336402","2030:NH3 (l) storage tank incl. liquefaction:monetary_FOM","EUR/MWh_NH3/year","2020","DERIVED_ONCE_FROM_EUR2020_INVESTMENT_AND_UNCHANGED_FOM_PERCENT","investment_EUR2020 * FOM_percent /100","GATE4-20261006-FIXED-ACCOUNTS-EUR2020#B",""
"NH3 (l) transport ship","monetary_FOM","2030","3246568","2030:NH3 (l) transport ship:monetary_FOM","EUR/year","2020","DERIVED_ONCE_FROM_EUR2020_INVESTMENT_AND_UNCHANGED_FOM_PERCENT","investment_EUR2020 * FOM_percent /100","GATE4-20261006-FIXED-ACCOUNTS-EUR2020#B",""
"Ni-Zn-bicharger","monetary_FOM","2030","1728.7707665507999","2030:Ni-Zn-bicharger:monetary_FOM","EUR/MW/year","2020","DERIVED_ONCE_FROM_EUR2020_INVESTMENT_AND_UNCHANGED_FOM_PERCENT","investment_EUR2020 * FOM_percent /100","GATE4-20261006-FIXED-ACCOUNTS-EUR2020#B",""
"Ni-Zn-store","monetary_FOM","2030","605.8492709880001","2030:Ni-Zn-store:monetary_FOM","EUR/MWh/year","2020","DERIVED_ONCE_FROM_EUR2020_INVESTMENT_AND_UNCHANGED_FOM_PERCENT","investment_EUR2020 * FOM_percent /100","GATE4-20261006-FIXED-ACCOUNTS-EUR2020#B",""
"OCGT","monetary_FOM","2030","20263.981412428337","2030:OCGT:monetary_FOM","EUR/MW/year","2020","DERIVED_ONCE_FROM_EUR2020_INVESTMENT_AND_UNCHANGED_FOM_PERCENT","investment_EUR2020 * FOM_percent /100","GATE4-20261006-FIXED-ACCOUNTS-EUR2020#B",""
"PEM electrolyzer small size","monetary_FOM","2030","32416.152","2030:PEM electrolyzer small size:monetary_FOM","EUR/MW/year","2020","DERIVED_ONCE_FROM_EUR2020_INVESTMENT_AND_UNCHANGED_FOM_PERCENT","investment_EUR2020 * FOM_percent /100","GATE4-20261006-FIXED-ACCOUNTS-EUR2020#B",""
"PHS","monetary_FOM","2030","22748.177000000003","2030:PHS:monetary_FOM","EUR/MWel/year","2020","DERIVED_ONCE_FROM_EUR2020_INVESTMENT_AND_UNCHANGED_FOM_PERCENT","investment_EUR2020 * FOM_percent /100","GATE4-20261006-FIXED-ACCOUNTS-EUR2020#B",""
"Pumped-Heat-charger","monetary_FOM","2030","2788.124582082","2030:Pumped-Heat-charger:monetary_FOM","EUR/MW/year","2020","DERIVED_ONCE_FROM_EUR2020_INVESTMENT_AND_UNCHANGED_FOM_PERCENT","investment_EUR2020 * FOM_percent /100","GATE4-20261006-FIXED-ACCOUNTS-EUR2020#B",""
"Pumped-Heat-discharger","monetary_FOM","2030","2787.7355867411998","2030:Pumped-Heat-discharger:monetary_FOM","EUR/MW/year","2020","DERIVED_ONCE_FROM_EUR2020_INVESTMENT_AND_UNCHANGED_FOM_PERCENT","investment_EUR2020 * FOM_percent /100","GATE4-20261006-FIXED-ACCOUNTS-EUR2020#B",""
"Pumped-Heat-store","monetary_FOM","2030","17.643504746399998","2030:Pumped-Heat-store:monetary_FOM","EUR/MWh/year","2020","DERIVED_ONCE_FROM_EUR2020_INVESTMENT_AND_UNCHANGED_FOM_PERCENT","investment_EUR2020 * FOM_percent /100","GATE4-20261006-FIXED-ACCOUNTS-EUR2020#B",""
"Pumped-Storage-Hydro-bicharger","monetary_FOM","2030","7280.997650353038","2030:Pumped-Storage-Hydro-bicharger:monetary_FOM","EUR/MW/year","2020","DERIVED_ONCE_FROM_EUR2020_INVESTMENT_AND_UNCHANGED_FOM_PERCENT","investment_EUR2020 * FOM_percent /100","GATE4-20261006-FIXED-ACCOUNTS-EUR2020#B",""
"Pumped-Storage-Hydro-store","monetary_FOM","2030","245.41846875","2030:Pumped-Storage-Hydro-store:monetary_FOM","EUR/MWh/year","2020","DERIVED_ONCE_FROM_EUR2020_INVESTMENT_AND_UNCHANGED_FOM_PERCENT","investment_EUR2020 * FOM_percent /100","GATE4-20261006-FIXED-ACCOUNTS-EUR2020#B",""
"SMR","monetary_FOM","2030","26110.052460000003","2030:SMR:monetary_FOM","EUR/MW_CH4/year","2020","DERIVED_ONCE_FROM_EUR2020_INVESTMENT_AND_UNCHANGED_FOM_PERCENT","investment_EUR2020 * FOM_percent /100","GATE4-20261006-FIXED-ACCOUNTS-EUR2020#B",""
"SMR CC","monetary_FOM","2030","30287.660855000002","2030:SMR CC:monetary_FOM","EUR/MW_CH4/year","2020","DERIVED_ONCE_FROM_EUR2020_INVESTMENT_AND_UNCHANGED_FOM_PERCENT","investment_EUR2020 * FOM_percent /100","GATE4-20261006-FIXED-ACCOUNTS-EUR2020#B",""
"Sand-charger","monetary_FOM","2030","1550.0668831499997","2030:Sand-charger:monetary_FOM","EUR/MW/year","2020","DERIVED_ONCE_FROM_EUR2020_INVESTMENT_AND_UNCHANGED_FOM_PERCENT","investment_EUR2020 * FOM_percent /100","GATE4-20261006-FIXED-ACCOUNTS-EUR2020#B",""
"Sand-discharger","monetary_FOM","2030","1550.355268224","2030:Sand-discharger:monetary_FOM","EUR/MW/year","2020","DERIVED_ONCE_FROM_EUR2020_INVESTMENT_AND_UNCHANGED_FOM_PERCENT","investment_EUR2020 * FOM_percent /100","GATE4-20261006-FIXED-ACCOUNTS-EUR2020#B",""
"Sand-store","monetary_FOM","2030","22.166417423600002","2030:Sand-store:monetary_FOM","EUR/MWh/year","2020","DERIVED_ONCE_FROM_EUR2020_INVESTMENT_AND_UNCHANGED_FOM_PERCENT","investment_EUR2020 * FOM_percent /100","GATE4-20261006-FIXED-ACCOUNTS-EUR2020#B",""
"Steam methane reforming","monetary_FOM","2030","14923.638329999998","2030:Steam methane reforming:monetary_FOM","EUR/MW_H2/year","2020","DERIVED_ONCE_FROM_EUR2020_INVESTMENT_AND_UNCHANGED_FOM_PERCENT","investment_EUR2020 * FOM_percent /100","GATE4-20261006-FIXED-ACCOUNTS-EUR2020#B",""
"Tank&bulk, diesel","monetary_FOM","2030","0","2030:Tank&bulk, diesel:monetary_FOM","EUR/year","2020","DERIVED_ONCE_FROM_EUR2020_INVESTMENT_AND_UNCHANGED_FOM_PERCENT","investment_EUR2020 * FOM_percent /100","GATE4-20261006-FIXED-ACCOUNTS-EUR2020#B",""
"Tank&bulk, methanol","monetary_FOM","2030","0","2030:Tank&bulk, methanol:monetary_FOM","EUR/year","2020","DERIVED_ONCE_FROM_EUR2020_INVESTMENT_AND_UNCHANGED_FOM_PERCENT","investment_EUR2020 * FOM_percent /100","GATE4-20261006-FIXED-ACCOUNTS-EUR2020#B",""
"Tankbulk, ammonia","monetary_FOM","2030","0","2030:Tankbulk, ammonia:monetary_FOM","EUR/year","2020","DERIVED_ONCE_FROM_EUR2020_INVESTMENT_AND_UNCHANGED_FOM_PERCENT","investment_EUR2020 * FOM_percent /100","GATE4-20261006-FIXED-ACCOUNTS-EUR2020#B",""
"Vanadium-Redox-Flow-bicharger","monetary_FOM","2030","3147.5173681769998","2030:Vanadium-Redox-Flow-bicharger:monetary_FOM","EUR/MW/year","2020","DERIVED_ONCE_FROM_EUR2020_INVESTMENT_AND_UNCHANGED_FOM_PERCENT","investment_EUR2020 * FOM_percent /100","GATE4-20261006-FIXED-ACCOUNTS-EUR2020#B",""
"Vanadium-Redox-Flow-store","monetary_FOM","2030","605.180853417","2030:Vanadium-Redox-Flow-store:monetary_FOM","EUR/MWh/year","2020","DERIVED_ONCE_FROM_EUR2020_INVESTMENT_AND_UNCHANGED_FOM_PERCENT","investment_EUR2020 * FOM_percent /100","GATE4-20261006-FIXED-ACCOUNTS-EUR2020#B",""
"Zn-Air-bicharger","monetary_FOM","2030","3147.5173681769998","2030:Zn-Air-bicharger:monetary_FOM","EUR/MW/year","2020","DERIVED_ONCE_FROM_EUR2020_INVESTMENT_AND_UNCHANGED_FOM_PERCENT","investment_EUR2020 * FOM_percent /100","GATE4-20261006-FIXED-ACCOUNTS-EUR2020#B",""
"Zn-Air-store","monetary_FOM","2030","288.43777581759997","2030:Zn-Air-store:monetary_FOM","EUR/MWh/year","2020","DERIVED_ONCE_FROM_EUR2020_INVESTMENT_AND_UNCHANGED_FOM_PERCENT","investment_EUR2020 * FOM_percent /100","GATE4-20261006-FIXED-ACCOUNTS-EUR2020#B",""
"Zn-Br-Flow-bicharger","monetary_FOM","2030","1728.7707665507999","2030:Zn-Br-Flow-bicharger:monetary_FOM","EUR/MW/year","2020","DERIVED_ONCE_FROM_EUR2020_INVESTMENT_AND_UNCHANGED_FOM_PERCENT","investment_EUR2020 * FOM_percent /100","GATE4-20261006-FIXED-ACCOUNTS-EUR2020#B",""
"Zn-Br-Flow-store","monetary_FOM","2030","1062.1017879472001","2030:Zn-Br-Flow-store:monetary_FOM","EUR/MWh/year","2020","DERIVED_ONCE_FROM_EUR2020_INVESTMENT_AND_UNCHANGED_FOM_PERCENT","investment_EUR2020 * FOM_percent /100","GATE4-20261006-FIXED-ACCOUNTS-EUR2020#B",""
"Zn-Br-Nonflow-bicharger","monetary_FOM","2030","3147.5173681769998","2030:Zn-Br-Nonflow-bicharger:monetary_FOM","EUR/MW/year","2020","DERIVED_ONCE_FROM_EUR2020_INVESTMENT_AND_UNCHANGED_FOM_PERCENT","investment_EUR2020 * FOM_percent /100","GATE4-20261006-FIXED-ACCOUNTS-EUR2020#B",""
"Zn-Br-Nonflow-store","monetary_FOM","2030","536.8109866812","2030:Zn-Br-Nonflow-store:monetary_FOM","EUR/MWh/year","2020","DERIVED_ONCE_FROM_EUR2020_INVESTMENT_AND_UNCHANGED_FOM_PERCENT","investment_EUR2020 * FOM_percent /100","GATE4-20261006-FIXED-ACCOUNTS-EUR2020#B",""
"air separation unit","monetary_FOM","2030","24620.297352","2030:air separation unit:monetary_FOM","EUR/t_N2/h/year","2020","DERIVED_ONCE_FROM_EUR2020_INVESTMENT_AND_UNCHANGED_FOM_PERCENT","investment_EUR2020 * FOM_percent /100","GATE4-20261006-FIXED-ACCOUNTS-EUR2020#B",""
"allam","monetary_FOM","2030","0","2030:allam:monetary_FOM","EUR/MW/year","2020","DERIVED_ONCE_FROM_EUR2020_INVESTMENT_AND_UNCHANGED_FOM_PERCENT","investment_EUR2020 * FOM_percent /100","GATE4-20261006-FIXED-ACCOUNTS-EUR2020#B",""
"battery inverter","monetary_FOM","2030","13158.429488589827","2030:battery inverter:monetary_FOM","EUR/MW/year","2020","DERIVED_ONCE_FROM_EUR2020_INVESTMENT_AND_UNCHANGED_FOM_PERCENT","investment_EUR2020 * FOM_percent /100","GATE4-20261006-FIXED-ACCOUNTS-EUR2020#B",""
"battery storage","monetary_FOM","2030","0","2030:battery storage:monetary_FOM","EUR/MWh/year","2020","DERIVED_ONCE_FROM_EUR2020_INVESTMENT_AND_UNCHANGED_FOM_PERCENT","investment_EUR2020 * FOM_percent /100","GATE4-20261006-FIXED-ACCOUNTS-EUR2020#B",""
"biochar pyrolysis","monetary_FOM","2030","5275578.86856","2030:biochar pyrolysis:monetary_FOM","EUR/MW_biochar/year","2020","DERIVED_ONCE_FROM_EUR2020_INVESTMENT_AND_UNCHANGED_FOM_PERCENT","investment_EUR2020 * FOM_percent /100","GATE4-20261006-FIXED-ACCOUNTS-EUR2020#B",""
"biogas","monetary_FOM","2030","97021.48676253563","2030:biogas:monetary_FOM","EUR/MW/year","2020","DERIVED_ONCE_FROM_EUR2020_INVESTMENT_AND_UNCHANGED_FOM_PERCENT","investment_EUR2020 * FOM_percent /100","GATE4-20261006-FIXED-ACCOUNTS-EUR2020#B",""
"biogas CC","monetary_FOM","2030","74283.8989185","2030:biogas CC:monetary_FOM","EUR/MW/year","2020","DERIVED_ONCE_FROM_EUR2020_INVESTMENT_AND_UNCHANGED_FOM_PERCENT","investment_EUR2020 * FOM_percent /100","GATE4-20261006-FIXED-ACCOUNTS-EUR2020#B",""
"biogas plus hydrogen","monetary_FOM","2030","32157.215999999997","2030:biogas plus hydrogen:monetary_FOM","EUR/MW_CH4/year","2020","DERIVED_ONCE_FROM_EUR2020_INVESTMENT_AND_UNCHANGED_FOM_PERCENT","investment_EUR2020 * FOM_percent /100","GATE4-20261006-FIXED-ACCOUNTS-EUR2020#B",""
"biogas upgrading","monetary_FOM","2030","29002.728099599997","2030:biogas upgrading:monetary_FOM","EUR/MW/year","2020","DERIVED_ONCE_FROM_EUR2020_INVESTMENT_AND_UNCHANGED_FOM_PERCENT","investment_EUR2020 * FOM_percent /100","GATE4-20261006-FIXED-ACCOUNTS-EUR2020#B",""
"biomass","monetary_FOM","2030","119127.6483033666","2030:biomass:monetary_FOM","EUR/MW/year","2020","DERIVED_ONCE_FROM_EUR2020_INVESTMENT_AND_UNCHANGED_FOM_PERCENT","investment_EUR2020 * FOM_percent /100","GATE4-20261006-FIXED-ACCOUNTS-EUR2020#B",""
"biomass CHP","monetary_FOM","2030","121694.00405640001","2030:biomass CHP:monetary_FOM","EUR/MW_e/year","2020","DERIVED_ONCE_FROM_EUR2020_INVESTMENT_AND_UNCHANGED_FOM_PERCENT","investment_EUR2020 * FOM_percent /100","GATE4-20261006-FIXED-ACCOUNTS-EUR2020#B",""
"biomass CHP capture","monetary_FOM","2030","81000","2030:biomass CHP capture:monetary_FOM","EUR/(tCO2/h)/year","2020","DERIVED_ONCE_FROM_EUR2020_INVESTMENT_AND_UNCHANGED_FOM_PERCENT","investment_EUR2020 * FOM_percent /100","GATE4-20261006-FIXED-ACCOUNTS-EUR2020#B",""
"biomass EOP","monetary_FOM","2030","121694.00405640001","2030:biomass EOP:monetary_FOM","EUR/MW_e/year","2020","DERIVED_ONCE_FROM_EUR2020_INVESTMENT_AND_UNCHANGED_FOM_PERCENT","investment_EUR2020 * FOM_percent /100","GATE4-20261006-FIXED-ACCOUNTS-EUR2020#B",""
"biomass HOP","monetary_FOM","2030","50688.916958","2030:biomass HOP:monetary_FOM","EUR/MW_th - heat output/year","2020","DERIVED_ONCE_FROM_EUR2020_INVESTMENT_AND_UNCHANGED_FOM_PERCENT","investment_EUR2020 * FOM_percent /100","GATE4-20261006-FIXED-ACCOUNTS-EUR2020#B",""
"biomass boiler","monetary_FOM","2030","51430.2343765","2030:biomass boiler:monetary_FOM","EUR/MW_th/year","2020","DERIVED_ONCE_FROM_EUR2020_INVESTMENT_AND_UNCHANGED_FOM_PERCENT","investment_EUR2020 * FOM_percent /100","GATE4-20261006-FIXED-ACCOUNTS-EUR2020#B",""
"biomass-to-methanol","monetary_FOM","2030","41416.685890299996","2030:biomass-to-methanol:monetary_FOM","EUR/MW_MeOH/year","2020","DERIVED_ONCE_FROM_EUR2020_INVESTMENT_AND_UNCHANGED_FOM_PERCENT","investment_EUR2020 * FOM_percent /100","GATE4-20261006-FIXED-ACCOUNTS-EUR2020#B",""
"blast furnace-basic oxygen furnace","monetary_FOM","2030","1082984.1708","2030:blast furnace-basic oxygen furnace:monetary_FOM","EUR/t_steel/h/year","2020","DERIVED_ONCE_FROM_EUR2020_INVESTMENT_AND_UNCHANGED_FOM_PERCENT","investment_EUR2020 * FOM_percent /100","GATE4-20261006-FIXED-ACCOUNTS-EUR2020#B",""
"cement capture","monetary_FOM","2030","78000","2030:cement capture:monetary_FOM","EUR/(tCO2/h)/year","2020","DERIVED_ONCE_FROM_EUR2020_INVESTMENT_AND_UNCHANGED_FOM_PERCENT","investment_EUR2020 * FOM_percent /100","GATE4-20261006-FIXED-ACCOUNTS-EUR2020#B",""
"cement dry clinker","monetary_FOM","2030","46350.107264","2030:cement dry clinker:monetary_FOM","EUR/t_clinker/h/year","2020","DERIVED_ONCE_FROM_EUR2020_INVESTMENT_AND_UNCHANGED_FOM_PERCENT","investment_EUR2020 * FOM_percent /100","GATE4-20261006-FIXED-ACCOUNTS-EUR2020#B",""
"cement finishing","monetary_FOM","2030","27810.06435","2030:cement finishing:monetary_FOM","EUR/t_cement/h/year","2020","DERIVED_ONCE_FROM_EUR2020_INVESTMENT_AND_UNCHANGED_FOM_PERCENT","investment_EUR2020 * FOM_percent /100","GATE4-20261006-FIXED-ACCOUNTS-EUR2020#B",""
"central air-sourced heat pump","monetary_FOM","2030","2116.6467968","2030:central air-sourced heat pump:monetary_FOM","EUR/MW_th/year","2020","DERIVED_ONCE_FROM_EUR2020_INVESTMENT_AND_UNCHANGED_FOM_PERCENT","investment_EUR2020 * FOM_percent /100","GATE4-20261006-FIXED-ACCOUNTS-EUR2020#B",""
"central coal CHP","monetary_FOM","2030","32122.8559568","2030:central coal CHP:monetary_FOM","EUR/MW/year","2020","DERIVED_ONCE_FROM_EUR2020_INVESTMENT_AND_UNCHANGED_FOM_PERCENT","investment_EUR2020 * FOM_percent /100","GATE4-20261006-FIXED-ACCOUNTS-EUR2020#B",""
"central excess-heat-sourced heat pump","monetary_FOM","2030","2116.6469136","2030:central excess-heat-sourced heat pump:monetary_FOM","EUR/MW/year","2020","DERIVED_ONCE_FROM_EUR2020_INVESTMENT_AND_UNCHANGED_FOM_PERCENT","investment_EUR2020 * FOM_percent /100","GATE4-20261006-FIXED-ACCOUNTS-EUR2020#B",""
"central gas CHP","monetary_FOM","2030","19682.7525774","2030:central gas CHP:monetary_FOM","EUR/MW/year","2020","DERIVED_ONCE_FROM_EUR2020_INVESTMENT_AND_UNCHANGED_FOM_PERCENT","investment_EUR2020 * FOM_percent /100","GATE4-20261006-FIXED-ACCOUNTS-EUR2020#B",""
"central gas CHP CC","monetary_FOM","2030","19682.7525774","2030:central gas CHP CC:monetary_FOM","EUR/MW/year","2020","DERIVED_ONCE_FROM_EUR2020_INVESTMENT_AND_UNCHANGED_FOM_PERCENT","investment_EUR2020 * FOM_percent /100","GATE4-20261006-FIXED-ACCOUNTS-EUR2020#B",""
"central gas boiler","monetary_FOM","2030","2010.6218","2030:central gas boiler:monetary_FOM","EUR/MW_th/year","2020","DERIVED_ONCE_FROM_EUR2020_INVESTMENT_AND_UNCHANGED_FOM_PERCENT","investment_EUR2020 * FOM_percent /100","GATE4-20261006-FIXED-ACCOUNTS-EUR2020#B",""
"central geothermal heat source","monetary_FOM","2030","23811.2422548","2030:central geothermal heat source:monetary_FOM","EUR/MW/year","2020","DERIVED_ONCE_FROM_EUR2020_INVESTMENT_AND_UNCHANGED_FOM_PERCENT","investment_EUR2020 * FOM_percent /100","GATE4-20261006-FIXED-ACCOUNTS-EUR2020#B",""
"central ground-sourced heat pump","monetary_FOM","2030","2116.384002","2030:central ground-sourced heat pump:monetary_FOM","EUR/MW_th excluding drive energy/year","2020","DERIVED_ONCE_FROM_EUR2020_INVESTMENT_AND_UNCHANGED_FOM_PERCENT","investment_EUR2020 * FOM_percent /100","GATE4-20261006-FIXED-ACCOUNTS-EUR2020#B",""
"central hydrogen CHP","monetary_FOM","2030","58202.18999999999","2030:central hydrogen CHP:monetary_FOM","EUR/MW/year","2020","DERIVED_ONCE_FROM_EUR2020_INVESTMENT_AND_UNCHANGED_FOM_PERCENT","investment_EUR2020 * FOM_percent /100","GATE4-20261006-FIXED-ACCOUNTS-EUR2020#B",""
"central resistive heater","monetary_FOM","2030","1079.3861","2030:central resistive heater:monetary_FOM","EUR/MW_th/year","2020","DERIVED_ONCE_FROM_EUR2020_INVESTMENT_AND_UNCHANGED_FOM_PERCENT","investment_EUR2020 * FOM_percent /100","GATE4-20261006-FIXED-ACCOUNTS-EUR2020#B",""
"central solar thermal","monetary_FOM","2030","2074.1143892","2030:central solar thermal:monetary_FOM","EUR/1000m2/year","2020","DERIVED_ONCE_FROM_EUR2020_INVESTMENT_AND_UNCHANGED_FOM_PERCENT","investment_EUR2020 * FOM_percent /100","GATE4-20261006-FIXED-ACCOUNTS-EUR2020#B",""
"central solid biomass CHP","monetary_FOM","2030","101588.9632237","2030:central solid biomass CHP:monetary_FOM","EUR/MW_e/year","2020","DERIVED_ONCE_FROM_EUR2020_INVESTMENT_AND_UNCHANGED_FOM_PERCENT","investment_EUR2020 * FOM_percent /100","GATE4-20261006-FIXED-ACCOUNTS-EUR2020#B",""
"central solid biomass CHP CC","monetary_FOM","2030","149252.96574020002","2030:central solid biomass CHP CC:monetary_FOM","EUR/MW_e/year","2020","DERIVED_ONCE_FROM_EUR2020_INVESTMENT_AND_UNCHANGED_FOM_PERCENT","investment_EUR2020 * FOM_percent /100","GATE4-20261006-FIXED-ACCOUNTS-EUR2020#B",""
"central solid biomass CHP powerboost CC","monetary_FOM","2030","101588.9632237","2030:central solid biomass CHP powerboost CC:monetary_FOM","EUR/MW_e/year","2020","DERIVED_ONCE_FROM_EUR2020_INVESTMENT_AND_UNCHANGED_FOM_PERCENT","investment_EUR2020 * FOM_percent /100","GATE4-20261006-FIXED-ACCOUNTS-EUR2020#B",""
"central water pit storage","monetary_FOM","2030","2.5004188000000003","2030:central water pit storage:monetary_FOM","EUR/MWh Capacity/year","2020","DERIVED_ONCE_FROM_EUR2020_INVESTMENT_AND_UNCHANGED_FOM_PERCENT","investment_EUR2020 * FOM_percent /100","GATE4-20261006-FIXED-ACCOUNTS-EUR2020#B",""
"central water tank storage","monetary_FOM","2030","30.361","2030:central water tank storage:monetary_FOM","EUR/MWhCapacity/year","2020","DERIVED_ONCE_FROM_EUR2020_INVESTMENT_AND_UNCHANGED_FOM_PERCENT","investment_EUR2020 * FOM_percent /100","GATE4-20261006-FIXED-ACCOUNTS-EUR2020#B",""
"clean water tank storage","monetary_FOM","2030","1.3825720000000001","2030:clean water tank storage:monetary_FOM","EUR/m^3-H2O/year","2020","DERIVED_ONCE_FROM_EUR2020_INVESTMENT_AND_UNCHANGED_FOM_PERCENT","investment_EUR2020 * FOM_percent /100","GATE4-20261006-FIXED-ACCOUNTS-EUR2020#B",""
"coal","monetary_FOM","2030","59212.93269865422","2030:coal:monetary_FOM","EUR/MW/year","2020","DERIVED_ONCE_FROM_EUR2020_INVESTMENT_AND_UNCHANGED_FOM_PERCENT","investment_EUR2020 * FOM_percent /100","GATE4-20261006-FIXED-ACCOUNTS-EUR2020#B",""
"csp-tower","monetary_FOM","2030","1192.0700000000002","2030:csp-tower:monetary_FOM","EUR/MW_th,dp/year","2020","DERIVED_ONCE_FROM_EUR2020_INVESTMENT_AND_UNCHANGED_FOM_PERCENT","investment_EUR2020 * FOM_percent /100","GATE4-20261006-FIXED-ACCOUNTS-EUR2020#B",""
"csp-tower TES","monetary_FOM","2030","159.72000000000003","2030:csp-tower TES:monetary_FOM","EUR/MWh_th/year","2020","DERIVED_ONCE_FROM_EUR2020_INVESTMENT_AND_UNCHANGED_FOM_PERCENT","investment_EUR2020 * FOM_percent /100","GATE4-20261006-FIXED-ACCOUNTS-EUR2020#B",""
"csp-tower power block","monetary_FOM","2030","8350.87","2030:csp-tower power block:monetary_FOM","EUR/MW_e/year","2020","DERIVED_ONCE_FROM_EUR2020_INVESTMENT_AND_UNCHANGED_FOM_PERCENT","investment_EUR2020 * FOM_percent /100","GATE4-20261006-FIXED-ACCOUNTS-EUR2020#B",""
"decentral CHP","monetary_FOM","2030","44445.308999999994","2030:decentral CHP:monetary_FOM","EUR/MWel/year","2020","DERIVED_ONCE_FROM_EUR2020_INVESTMENT_AND_UNCHANGED_FOM_PERCENT","investment_EUR2020 * FOM_percent /100","GATE4-20261006-FIXED-ACCOUNTS-EUR2020#B",""
"decentral air-sourced heat pump","monetary_FOM","2030","26997.244837599996","2030:decentral air-sourced heat pump:monetary_FOM","EUR/MW_th/year","2020","DERIVED_ONCE_FROM_EUR2020_INVESTMENT_AND_UNCHANGED_FOM_PERCENT","investment_EUR2020 * FOM_percent /100","GATE4-20261006-FIXED-ACCOUNTS-EUR2020#B",""
"decentral gas boiler","monetary_FOM","2030","21021.062634","2030:decentral gas boiler:monetary_FOM","EUR/MW_th/year","2020","DERIVED_ONCE_FROM_EUR2020_INVESTMENT_AND_UNCHANGED_FOM_PERCENT","investment_EUR2020 * FOM_percent /100","GATE4-20261006-FIXED-ACCOUNTS-EUR2020#B",""
"decentral gas boiler connection","monetary_FOM","2030","0","2030:decentral gas boiler connection:monetary_FOM","EUR/MW_th/year","2020","DERIVED_ONCE_FROM_EUR2020_INVESTMENT_AND_UNCHANGED_FOM_PERCENT","investment_EUR2020 * FOM_percent /100","GATE4-20261006-FIXED-ACCOUNTS-EUR2020#B",""
"decentral ground-sourced heat pump","monetary_FOM","2030","26997.5621969","2030:decentral ground-sourced heat pump:monetary_FOM","EUR/MW_th/year","2020","DERIVED_ONCE_FROM_EUR2020_INVESTMENT_AND_UNCHANGED_FOM_PERCENT","investment_EUR2020 * FOM_percent /100","GATE4-20261006-FIXED-ACCOUNTS-EUR2020#B",""
"decentral oil boiler","monetary_FOM","2030","3301.95","2030:decentral oil boiler:monetary_FOM","EUR/MWth/year","2020","DERIVED_ONCE_FROM_EUR2020_INVESTMENT_AND_UNCHANGED_FOM_PERCENT","investment_EUR2020 * FOM_percent /100","GATE4-20261006-FIXED-ACCOUNTS-EUR2020#B",""
"decentral resistive heater","monetary_FOM","2030","2116.444","2030:decentral resistive heater:monetary_FOM","EUR/MWhth/year","2020","DERIVED_ONCE_FROM_EUR2020_INVESTMENT_AND_UNCHANGED_FOM_PERCENT","investment_EUR2020 * FOM_percent /100","GATE4-20261006-FIXED-ACCOUNTS-EUR2020#B",""
"decentral solar thermal","monetary_FOM","2030","3714.3579109","2030:decentral solar thermal:monetary_FOM","EUR/1000m2/year","2020","DERIVED_ONCE_FROM_EUR2020_INVESTMENT_AND_UNCHANGED_FOM_PERCENT","investment_EUR2020 * FOM_percent /100","GATE4-20261006-FIXED-ACCOUNTS-EUR2020#B",""
"decentral water tank storage","monetary_FOM","2030","4198.622","2030:decentral water tank storage:monetary_FOM","EUR/MWh/year","2020","DERIVED_ONCE_FROM_EUR2020_INVESTMENT_AND_UNCHANGED_FOM_PERCENT","investment_EUR2020 * FOM_percent /100","GATE4-20261006-FIXED-ACCOUNTS-EUR2020#B",""
"digestible biomass to hydrogen","monetary_FOM","2030","157567.87875","2030:digestible biomass to hydrogen:monetary_FOM","EUR/MW_th/year","2020","DERIVED_ONCE_FROM_EUR2020_INVESTMENT_AND_UNCHANGED_FOM_PERCENT","investment_EUR2020 * FOM_percent /100","GATE4-20261006-FIXED-ACCOUNTS-EUR2020#B",""
"direct air capture","monetary_FOM","2030","297000","2030:direct air capture:monetary_FOM","EUR/(tCO2/h)/year","2020","DERIVED_ONCE_FROM_EUR2020_INVESTMENT_AND_UNCHANGED_FOM_PERCENT","investment_EUR2020 * FOM_percent /100","GATE4-20261006-FIXED-ACCOUNTS-EUR2020#B",""
"direct firing gas","monetary_FOM","2030","178.51089","2030:direct firing gas:monetary_FOM","EUR/MW/year","2020","DERIVED_ONCE_FROM_EUR2020_INVESTMENT_AND_UNCHANGED_FOM_PERCENT","investment_EUR2020 * FOM_percent /100","GATE4-20261006-FIXED-ACCOUNTS-EUR2020#B",""
"direct firing gas CC","monetary_FOM","2030","178.51089","2030:direct firing gas CC:monetary_FOM","EUR/MW/year","2020","DERIVED_ONCE_FROM_EUR2020_INVESTMENT_AND_UNCHANGED_FOM_PERCENT","investment_EUR2020 * FOM_percent /100","GATE4-20261006-FIXED-ACCOUNTS-EUR2020#B",""
"direct firing solid fuels","monetary_FOM","2030","3323.1","2030:direct firing solid fuels:monetary_FOM","EUR/MW/year","2020","DERIVED_ONCE_FROM_EUR2020_INVESTMENT_AND_UNCHANGED_FOM_PERCENT","investment_EUR2020 * FOM_percent /100","GATE4-20261006-FIXED-ACCOUNTS-EUR2020#B",""
"direct firing solid fuels CC","monetary_FOM","2030","3323.1","2030:direct firing solid fuels CC:monetary_FOM","EUR/MW/year","2020","DERIVED_ONCE_FROM_EUR2020_INVESTMENT_AND_UNCHANGED_FOM_PERCENT","investment_EUR2020 * FOM_percent /100","GATE4-20261006-FIXED-ACCOUNTS-EUR2020#B",""
"dry bulk carrier Capesize","monetary_FOM","2030","1600000","2030:dry bulk carrier Capesize:monetary_FOM","EUR/year","2020","DERIVED_ONCE_FROM_EUR2020_INVESTMENT_AND_UNCHANGED_FOM_PERCENT","investment_EUR2020 * FOM_percent /100","GATE4-20261006-FIXED-ACCOUNTS-EUR2020#B",""
"electric arc furnace","monetary_FOM","2030","551880","2030:electric arc furnace:monetary_FOM","EUR/t_steel/h/year","2020","DERIVED_ONCE_FROM_EUR2020_INVESTMENT_AND_UNCHANGED_FOM_PERCENT","investment_EUR2020 * FOM_percent /100","GATE4-20261006-FIXED-ACCOUNTS-EUR2020#B",""
"electric arc furnace with hbi and scrap","monetary_FOM","2030","551880","2030:electric arc furnace with hbi and scrap:monetary_FOM","EUR/t_steel/h/year","2020","DERIVED_ONCE_FROM_EUR2020_INVESTMENT_AND_UNCHANGED_FOM_PERCENT","investment_EUR2020 * FOM_percent /100","GATE4-20261006-FIXED-ACCOUNTS-EUR2020#B",""
"electric boiler steam","monetary_FOM","2030","1027.10979","2030:electric boiler steam:monetary_FOM","EUR/MW/year","2020","DERIVED_ONCE_FROM_EUR2020_INVESTMENT_AND_UNCHANGED_FOM_PERCENT","investment_EUR2020 * FOM_percent /100","GATE4-20261006-FIXED-ACCOUNTS-EUR2020#B",""
"electric steam cracker","monetary_FOM","2030","333720.772302","2030:electric steam cracker:monetary_FOM","EUR/(t_HVC/h)/year","2020","DERIVED_ONCE_FROM_EUR2020_INVESTMENT_AND_UNCHANGED_FOM_PERCENT","investment_EUR2020 * FOM_percent /100","GATE4-20261006-FIXED-ACCOUNTS-EUR2020#B",""
"electricity distribution grid","monetary_FOM","2030","10582.216","2030:electricity distribution grid:monetary_FOM","EUR/MW/year","2020","DERIVED_ONCE_FROM_EUR2020_INVESTMENT_AND_UNCHANGED_FOM_PERCENT","investment_EUR2020 * FOM_percent /100","GATE4-20261006-FIXED-ACCOUNTS-EUR2020#B",""
"electricity grid connection","monetary_FOM","2030","2963.02","2030:electricity grid connection:monetary_FOM","EUR/MW/year","2020","DERIVED_ONCE_FROM_EUR2020_INVESTMENT_AND_UNCHANGED_FOM_PERCENT","investment_EUR2020 * FOM_percent /100","GATE4-20261006-FIXED-ACCOUNTS-EUR2020#B",""
"electrobiofuels","monetary_FOM","2030","12432341.8583307","2030:electrobiofuels:monetary_FOM","EUR/MW_th/year","2020","DERIVED_ONCE_FROM_EUR2020_INVESTMENT_AND_UNCHANGED_FOM_PERCENT","investment_EUR2020 * FOM_percent /100","GATE4-20261006-FIXED-ACCOUNTS-EUR2020#B",""
"electrolysis","monetary_FOM","2030","60000","2030:electrolysis:monetary_FOM","EUR/MW_e/year","2020","DERIVED_ONCE_FROM_EUR2020_INVESTMENT_AND_UNCHANGED_FOM_PERCENT","investment_EUR2020 * FOM_percent /100","GATE4-20261006-FIXED-ACCOUNTS-EUR2020#B",""
"electrolysis small","monetary_FOM","2030","35000","2030:electrolysis small:monetary_FOM","EUR/MW_e/year","2020","DERIVED_ONCE_FROM_EUR2020_INVESTMENT_AND_UNCHANGED_FOM_PERCENT","investment_EUR2020 * FOM_percent /100","GATE4-20261006-FIXED-ACCOUNTS-EUR2020#B",""
"ethanol from starch crop","monetary_FOM","2030","98953.79639719999","2030:ethanol from starch crop:monetary_FOM","EUR/MW_eth/year","2020","DERIVED_ONCE_FROM_EUR2020_INVESTMENT_AND_UNCHANGED_FOM_PERCENT","investment_EUR2020 * FOM_percent /100","GATE4-20261006-FIXED-ACCOUNTS-EUR2020#B",""
"ethanol from sugar crops","monetary_FOM","2030","87119.52087800001","2030:ethanol from sugar crops:monetary_FOM","EUR/MW_eth/year","2020","DERIVED_ONCE_FROM_EUR2020_INVESTMENT_AND_UNCHANGED_FOM_PERCENT","investment_EUR2020 * FOM_percent /100","GATE4-20261006-FIXED-ACCOUNTS-EUR2020#B",""
"fuel cell","monetary_FOM","2030","58202.18999999999","2030:fuel cell:monetary_FOM","EUR/MW_e/year","2020","DERIVED_ONCE_FROM_EUR2020_INVESTMENT_AND_UNCHANGED_FOM_PERCENT","investment_EUR2020 * FOM_percent /100","GATE4-20261006-FIXED-ACCOUNTS-EUR2020#B",""
"gas boiler steam","monetary_FOM","2030","1913.2988599999996","2030:gas boiler steam:monetary_FOM","EUR/MW/year","2020","DERIVED_ONCE_FROM_EUR2020_INVESTMENT_AND_UNCHANGED_FOM_PERCENT","investment_EUR2020 * FOM_percent /100","GATE4-20261006-FIXED-ACCOUNTS-EUR2020#B",""
"gas storage","monetary_FOM","2030","1.2700688","2030:gas storage:monetary_FOM","EUR/MWh/year","2020","DERIVED_ONCE_FROM_EUR2020_INVESTMENT_AND_UNCHANGED_FOM_PERCENT","investment_EUR2020 * FOM_percent /100","GATE4-20261006-FIXED-ACCOUNTS-EUR2020#B",""
"gas storage charger","monetary_FOM","2030","0","2030:gas storage charger:monetary_FOM","EUR/MW/year","2020","DERIVED_ONCE_FROM_EUR2020_INVESTMENT_AND_UNCHANGED_FOM_PERCENT","investment_EUR2020 * FOM_percent /100","GATE4-20261006-FIXED-ACCOUNTS-EUR2020#B",""
"gas storage discharger","monetary_FOM","2030","0","2030:gas storage discharger:monetary_FOM","EUR/MW/year","2020","DERIVED_ONCE_FROM_EUR2020_INVESTMENT_AND_UNCHANGED_FOM_PERCENT","investment_EUR2020 * FOM_percent /100","GATE4-20261006-FIXED-ACCOUNTS-EUR2020#B",""
"geothermal","monetary_FOM","2030","17105.958335166775","2030:geothermal:monetary_FOM","EUR/MW/year","2020","DERIVED_ONCE_FROM_EUR2020_INVESTMENT_AND_UNCHANGED_FOM_PERCENT","investment_EUR2020 * FOM_percent /100","GATE4-20261006-FIXED-ACCOUNTS-EUR2020#B",""
"helmeth","monetary_FOM","2030","63493.29899999999","2030:helmeth:monetary_FOM","EUR/MW/year","2020","DERIVED_ONCE_FROM_EUR2020_INVESTMENT_AND_UNCHANGED_FOM_PERCENT","investment_EUR2020 * FOM_percent /100","GATE4-20261006-FIXED-ACCOUNTS-EUR2020#B",""
"home battery inverter","monetary_FOM","2030","818.5006125000001","2030:home battery inverter:monetary_FOM","EUR/MW/year","2020","DERIVED_ONCE_FROM_EUR2020_INVESTMENT_AND_UNCHANGED_FOM_PERCENT","investment_EUR2020 * FOM_percent /100","GATE4-20261006-FIXED-ACCOUNTS-EUR2020#B",""
"home battery storage","monetary_FOM","2030","0","2030:home battery storage:monetary_FOM","EUR/MWh/year","2020","DERIVED_ONCE_FROM_EUR2020_INVESTMENT_AND_UNCHANGED_FOM_PERCENT","investment_EUR2020 * FOM_percent /100","GATE4-20261006-FIXED-ACCOUNTS-EUR2020#B",""
"hydro","monetary_FOM","2030","32720.62799496004","2030:hydro:monetary_FOM","EUR/MW/year","2020","DERIVED_ONCE_FROM_EUR2020_INVESTMENT_AND_UNCHANGED_FOM_PERCENT","investment_EUR2020 * FOM_percent /100","GATE4-20261006-FIXED-ACCOUNTS-EUR2020#B",""
"hydrogen direct iron reduction furnace","monetary_FOM","2030","483397.9540000001","2030:hydrogen direct iron reduction furnace:monetary_FOM","EUR/t_HBI/h/year","2020","DERIVED_ONCE_FROM_EUR2020_INVESTMENT_AND_UNCHANGED_FOM_PERCENT","investment_EUR2020 * FOM_percent /100","GATE4-20261006-FIXED-ACCOUNTS-EUR2020#B",""
"hydrogen storage compressor","monetary_FOM","2030","3507.6","2030:hydrogen storage compressor:monetary_FOM","EUR/MW_H2/year","2020","DERIVED_ONCE_FROM_EUR2020_INVESTMENT_AND_UNCHANGED_FOM_PERCENT","investment_EUR2020 * FOM_percent /100","GATE4-20261006-FIXED-ACCOUNTS-EUR2020#B",""
"hydrogen storage tank","monetary_FOM","2030","270","2030:hydrogen storage tank:monetary_FOM","EUR/MWh_H2/year","2020","DERIVED_ONCE_FROM_EUR2020_INVESTMENT_AND_UNCHANGED_FOM_PERCENT","investment_EUR2020 * FOM_percent /100","GATE4-20261006-FIXED-ACCOUNTS-EUR2020#B",""
"hydrogen storage tank type 1 including compressor","monetary_FOM","2030","531.6820209","2030:hydrogen storage tank type 1 including compressor:monetary_FOM","EUR/MWh/year","2020","DERIVED_ONCE_FROM_EUR2020_INVESTMENT_AND_UNCHANGED_FOM_PERCENT","investment_EUR2020 * FOM_percent /100","GATE4-20261006-FIXED-ACCOUNTS-EUR2020#B",""
"hydrogen storage underground","monetary_FOM","2030","0","2030:hydrogen storage underground:monetary_FOM","EUR/MWh/year","2020","DERIVED_ONCE_FROM_EUR2020_INVESTMENT_AND_UNCHANGED_FOM_PERCENT","investment_EUR2020 * FOM_percent /100","GATE4-20261006-FIXED-ACCOUNTS-EUR2020#B",""
"industrial heat pump high temperature","monetary_FOM","2030","876.1658689000001","2030:industrial heat pump high temperature:monetary_FOM","EUR/MW/year","2020","DERIVED_ONCE_FROM_EUR2020_INVESTMENT_AND_UNCHANGED_FOM_PERCENT","investment_EUR2020 * FOM_percent /100","GATE4-20261006-FIXED-ACCOUNTS-EUR2020#B",""
"industrial heat pump medium temperature","monetary_FOM","2030","876.0090372","2030:industrial heat pump medium temperature:monetary_FOM","EUR/MW/year","2020","DERIVED_ONCE_FROM_EUR2020_INVESTMENT_AND_UNCHANGED_FOM_PERCENT","investment_EUR2020 * FOM_percent /100","GATE4-20261006-FIXED-ACCOUNTS-EUR2020#B",""
"iron-air battery","monetary_FOM","2030","167.282","2030:iron-air battery:monetary_FOM","EUR/MWh/year","2020","DERIVED_ONCE_FROM_EUR2020_INVESTMENT_AND_UNCHANGED_FOM_PERCENT","investment_EUR2020 * FOM_percent /100","GATE4-20261006-FIXED-ACCOUNTS-EUR2020#B",""
"lignite","monetary_FOM","2030","50135.83399","2030:lignite:monetary_FOM","EUR/MW_e/year","2020","DERIVED_ONCE_FROM_EUR2020_INVESTMENT_AND_UNCHANGED_FOM_PERCENT","investment_EUR2020 * FOM_percent /100","GATE4-20261006-FIXED-ACCOUNTS-EUR2020#B",""
"methanation","monetary_FOM","2030","20394.555","2030:methanation:monetary_FOM","EUR/MW_CH4/year","2020","DERIVED_ONCE_FROM_EUR2020_INVESTMENT_AND_UNCHANGED_FOM_PERCENT","investment_EUR2020 * FOM_percent /100","GATE4-20261006-FIXED-ACCOUNTS-EUR2020#B",""
"methane storage tank incl. compressor","monetary_FOM","2030","170.2686425","2030:methane storage tank incl. compressor:monetary_FOM","EUR/m^3/year","2020","DERIVED_ONCE_FROM_EUR2020_INVESTMENT_AND_UNCHANGED_FOM_PERCENT","investment_EUR2020 * FOM_percent /100","GATE4-20261006-FIXED-ACCOUNTS-EUR2020#B",""
"methanol-to-kerosene","monetary_FOM","2030","12105","2030:methanol-to-kerosene:monetary_FOM","EUR/MW_kerosene/year","2020","DERIVED_ONCE_FROM_EUR2020_INVESTMENT_AND_UNCHANGED_FOM_PERCENT","investment_EUR2020 * FOM_percent /100","GATE4-20261006-FIXED-ACCOUNTS-EUR2020#B",""
"methanol-to-olefins/aromatics","monetary_FOM","2030","83430.193077","2030:methanol-to-olefins/aromatics:monetary_FOM","EUR/(t_HVC/h)/year","2020","DERIVED_ONCE_FROM_EUR2020_INVESTMENT_AND_UNCHANGED_FOM_PERCENT","investment_EUR2020 * FOM_percent /100","GATE4-20261006-FIXED-ACCOUNTS-EUR2020#B",""
"methanolisation","monetary_FOM","2030","21111.793385999998","2030:methanolisation:monetary_FOM","EUR/MW_MeOH/year","2020","DERIVED_ONCE_FROM_EUR2020_INVESTMENT_AND_UNCHANGED_FOM_PERCENT","investment_EUR2020 * FOM_percent /100","GATE4-20261006-FIXED-ACCOUNTS-EUR2020#B",""
"micro CHP","monetary_FOM","2030","479214.90480970003","2030:micro CHP:monetary_FOM","EUR/MW_th/year","2020","DERIVED_ONCE_FROM_EUR2020_INVESTMENT_AND_UNCHANGED_FOM_PERCENT","investment_EUR2020 * FOM_percent /100","GATE4-20261006-FIXED-ACCOUNTS-EUR2020#B",""
"natural gas direct iron reduction furnace","monetary_FOM","2030","483397.9540000001","2030:natural gas direct iron reduction furnace:monetary_FOM","EUR/t_HBI/h/year","2020","DERIVED_ONCE_FROM_EUR2020_INVESTMENT_AND_UNCHANGED_FOM_PERCENT","investment_EUR2020 * FOM_percent /100","GATE4-20261006-FIXED-ACCOUNTS-EUR2020#B",""
"nuclear","monetary_FOM","2030","116145.07095261956","2030:nuclear:monetary_FOM","EUR/MW/year","2020","DERIVED_ONCE_FROM_EUR2020_INVESTMENT_AND_UNCHANGED_FOM_PERCENT","investment_EUR2020 * FOM_percent /100","GATE4-20261006-FIXED-ACCOUNTS-EUR2020#B",""
"offwind","monetary_FOM","2030","69037.89338346798","2030:offwind:monetary_FOM","EUR/MW/year","2020","DERIVED_ONCE_FROM_EUR2020_INVESTMENT_AND_UNCHANGED_FOM_PERCENT","investment_EUR2020 * FOM_percent /100","GATE4-20261006-FIXED-ACCOUNTS-EUR2020#B",""
"offwind-ac-connection-submarine","monetary_FOM","2030","0","2030:offwind-ac-connection-submarine:monetary_FOM","EUR/MW/km/year","2020","DERIVED_ONCE_FROM_EUR2020_INVESTMENT_AND_UNCHANGED_FOM_PERCENT","investment_EUR2020 * FOM_percent /100","GATE4-20261006-FIXED-ACCOUNTS-EUR2020#B",""
"offwind-ac-connection-underground","monetary_FOM","2030","0","2030:offwind-ac-connection-underground:monetary_FOM","EUR/MW/km/year","2020","DERIVED_ONCE_FROM_EUR2020_INVESTMENT_AND_UNCHANGED_FOM_PERCENT","investment_EUR2020 * FOM_percent /100","GATE4-20261006-FIXED-ACCOUNTS-EUR2020#B",""
"offwind-ac-station","monetary_FOM","2030","0","2030:offwind-ac-station:monetary_FOM","EUR/MWel/year","2020","DERIVED_ONCE_FROM_EUR2020_INVESTMENT_AND_UNCHANGED_FOM_PERCENT","investment_EUR2020 * FOM_percent /100","GATE4-20261006-FIXED-ACCOUNTS-EUR2020#B",""
"offwind-dc-connection-submarine","monetary_FOM","2030","0","2030:offwind-dc-connection-submarine:monetary_FOM","EUR/MW/km/year","2020","DERIVED_ONCE_FROM_EUR2020_INVESTMENT_AND_UNCHANGED_FOM_PERCENT","investment_EUR2020 * FOM_percent /100","GATE4-20261006-FIXED-ACCOUNTS-EUR2020#B",""
"offwind-dc-connection-underground","monetary_FOM","2030","0","2030:offwind-dc-connection-underground:monetary_FOM","EUR/MW/km/year","2020","DERIVED_ONCE_FROM_EUR2020_INVESTMENT_AND_UNCHANGED_FOM_PERCENT","investment_EUR2020 * FOM_percent /100","GATE4-20261006-FIXED-ACCOUNTS-EUR2020#B",""
"offwind-dc-station","monetary_FOM","2030","0","2030:offwind-dc-station:monetary_FOM","EUR/MWel/year","2020","DERIVED_ONCE_FROM_EUR2020_INVESTMENT_AND_UNCHANGED_FOM_PERCENT","investment_EUR2020 * FOM_percent /100","GATE4-20261006-FIXED-ACCOUNTS-EUR2020#B",""
"offwind-float","monetary_FOM","2030","27025","2030:offwind-float:monetary_FOM","EUR/MWel/year","2020","DERIVED_ONCE_FROM_EUR2020_INVESTMENT_AND_UNCHANGED_FOM_PERCENT","investment_EUR2020 * FOM_percent /100","GATE4-20261006-FIXED-ACCOUNTS-EUR2020#B",""
"offwind-float-connection-submarine","monetary_FOM","2030","0","2030:offwind-float-connection-submarine:monetary_FOM","EUR/MW/km/year","2020","DERIVED_ONCE_FROM_EUR2020_INVESTMENT_AND_UNCHANGED_FOM_PERCENT","investment_EUR2020 * FOM_percent /100","GATE4-20261006-FIXED-ACCOUNTS-EUR2020#B",""
"offwind-float-connection-underground","monetary_FOM","2030","0","2030:offwind-float-connection-underground:monetary_FOM","EUR/MW/km/year","2020","DERIVED_ONCE_FROM_EUR2020_INVESTMENT_AND_UNCHANGED_FOM_PERCENT","investment_EUR2020 * FOM_percent /100","GATE4-20261006-FIXED-ACCOUNTS-EUR2020#B",""
"offwind-float-station","monetary_FOM","2030","0","2030:offwind-float-station:monetary_FOM","EUR/MWel/year","2020","DERIVED_ONCE_FROM_EUR2020_INVESTMENT_AND_UNCHANGED_FOM_PERCENT","investment_EUR2020 * FOM_percent /100","GATE4-20261006-FIXED-ACCOUNTS-EUR2020#B",""
"oil","monetary_FOM","2030","7982.780556411162","2030:oil:monetary_FOM","EUR/MW/year","2020","DERIVED_ONCE_FROM_EUR2020_INVESTMENT_AND_UNCHANGED_FOM_PERCENT","investment_EUR2020 * FOM_percent /100","GATE4-20261006-FIXED-ACCOUNTS-EUR2020#B",""
"onwind","monetary_FOM","2030","35001.422439648944","2030:onwind:monetary_FOM","EUR/MW/year","2020","DERIVED_ONCE_FROM_EUR2020_INVESTMENT_AND_UNCHANGED_FOM_PERCENT","investment_EUR2020 * FOM_percent /100","GATE4-20261006-FIXED-ACCOUNTS-EUR2020#B",""
"organic rankine cycle","monetary_FOM","2030","27520","2030:organic rankine cycle:monetary_FOM","EUR/MW_el/year","2020","DERIVED_ONCE_FROM_EUR2020_INVESTMENT_AND_UNCHANGED_FOM_PERCENT","investment_EUR2020 * FOM_percent /100","GATE4-20261006-FIXED-ACCOUNTS-EUR2020#B",""
"ror","monetary_FOM","2030","33334.68803776091","2030:ror:monetary_FOM","EUR/MW/year","2020","DERIVED_ONCE_FROM_EUR2020_INVESTMENT_AND_UNCHANGED_FOM_PERCENT","investment_EUR2020 * FOM_percent /100","GATE4-20261006-FIXED-ACCOUNTS-EUR2020#B",""
"seawater desalination","monetary_FOM","2030","1391.859912","2030:seawater desalination:monetary_FOM","EUR/(m^3-H2O/h)/year","2020","DERIVED_ONCE_FROM_EUR2020_INVESTMENT_AND_UNCHANGED_FOM_PERCENT","investment_EUR2020 * FOM_percent /100","GATE4-20261006-FIXED-ACCOUNTS-EUR2020#B",""
"solar","monetary_FOM","2030","19123.584190083882","2030:solar:monetary_FOM","EUR/MW/year","2020","DERIVED_ONCE_FROM_EUR2020_INVESTMENT_AND_UNCHANGED_FOM_PERCENT","investment_EUR2020 * FOM_percent /100","GATE4-20261006-FIXED-ACCOUNTS-EUR2020#B",""
"solar-rooftop","monetary_FOM","2030","4298.42029960601","2030:solar-rooftop:monetary_FOM","EUR/MW/year","2020","DERIVED_ONCE_FROM_EUR2020_INVESTMENT_AND_UNCHANGED_FOM_PERCENT","investment_EUR2020 * FOM_percent /100","GATE4-20261006-FIXED-ACCOUNTS-EUR2020#B",""
"solar-rooftop commercial","monetary_FOM","2030","8900.142537","2030:solar-rooftop commercial:monetary_FOM","EUR/MW_e/year","2020","DERIVED_ONCE_FROM_EUR2020_INVESTMENT_AND_UNCHANGED_FOM_PERCENT","investment_EUR2020 * FOM_percent /100","GATE4-20261006-FIXED-ACCOUNTS-EUR2020#B",""
"solar-rooftop residential","monetary_FOM","2030","10699.6671757","2030:solar-rooftop residential:monetary_FOM","EUR/MW_e/year","2020","DERIVED_ONCE_FROM_EUR2020_INVESTMENT_AND_UNCHANGED_FOM_PERCENT","investment_EUR2020 * FOM_percent /100","GATE4-20261006-FIXED-ACCOUNTS-EUR2020#B",""
"solar-utility","monetary_FOM","2030","7719.611966639366","2030:solar-utility:monetary_FOM","EUR/MW/year","2020","DERIVED_ONCE_FROM_EUR2020_INVESTMENT_AND_UNCHANGED_FOM_PERCENT","investment_EUR2020 * FOM_percent /100","GATE4-20261006-FIXED-ACCOUNTS-EUR2020#B",""
"solar-utility single-axis tracking","monetary_FOM","2030","10400.0983452","2030:solar-utility single-axis tracking:monetary_FOM","EUR/MW_e/year","2020","DERIVED_ONCE_FROM_EUR2020_INVESTMENT_AND_UNCHANGED_FOM_PERCENT","investment_EUR2020 * FOM_percent /100","GATE4-20261006-FIXED-ACCOUNTS-EUR2020#B",""
"solid biomass boiler steam","monetary_FOM","2030","36151.394307","2030:solid biomass boiler steam:monetary_FOM","EUR/MW/year","2020","DERIVED_ONCE_FROM_EUR2020_INVESTMENT_AND_UNCHANGED_FOM_PERCENT","investment_EUR2020 * FOM_percent /100","GATE4-20261006-FIXED-ACCOUNTS-EUR2020#B",""
"solid biomass boiler steam CC","monetary_FOM","2030","36151.394307","2030:solid biomass boiler steam CC:monetary_FOM","EUR/MW/year","2020","DERIVED_ONCE_FROM_EUR2020_INVESTMENT_AND_UNCHANGED_FOM_PERCENT","investment_EUR2020 * FOM_percent /100","GATE4-20261006-FIXED-ACCOUNTS-EUR2020#B",""
"solid biomass to hydrogen","monetary_FOM","2030","157567.87875","2030:solid biomass to hydrogen:monetary_FOM","EUR/MW_th/year","2020","DERIVED_ONCE_FROM_EUR2020_INVESTMENT_AND_UNCHANGED_FOM_PERCENT","investment_EUR2020 * FOM_percent /100","GATE4-20261006-FIXED-ACCOUNTS-EUR2020#B",""
"waste CHP","monetary_FOM","2030","202120.09811999998","2030:waste CHP:monetary_FOM","EUR/MW_e/year","2020","DERIVED_ONCE_FROM_EUR2020_INVESTMENT_AND_UNCHANGED_FOM_PERCENT","investment_EUR2020 * FOM_percent /100","GATE4-20261006-FIXED-ACCOUNTS-EUR2020#B",""
"waste CHP CC","monetary_FOM","2030","202120.09811999998","2030:waste CHP CC:monetary_FOM","EUR/MW_e/year","2020","DERIVED_ONCE_FROM_EUR2020_INVESTMENT_AND_UNCHANGED_FOM_PERCENT","investment_EUR2020 * FOM_percent /100","GATE4-20261006-FIXED-ACCOUNTS-EUR2020#B",""
"Alkaline electrolyzer large size","FOM","2050","2.8","2050:Alkaline electrolyzer large size:FOM","%/year","","NONMONETARY_PERCENT_UNCHANGED","","GATE4-20261006-FIXED-ACCOUNTS-EUR2020#B",""
"Alkaline electrolyzer large size","VOM","2050","0.2389","2050:Alkaline electrolyzer large size:VOM","EUR/MWh_H2","2020","ALREADY_EUR2020_UNCHANGED","","GATE4-20261006-FIXED-ACCOUNTS-EUR2020#B",""
"Alkaline electrolyzer large size","investment","2050","429030.6","2050:Alkaline electrolyzer large size:investment","EUR/MW","2020","ALREADY_EUR2020_UNCHANGED","","GATE4-20261006-FIXED-ACCOUNTS-EUR2020#B",""
"Alkaline electrolyzer medium size","FOM","2050","2.3","2050:Alkaline electrolyzer medium size:FOM","%/year","","NONMONETARY_PERCENT_UNCHANGED","","GATE4-20261006-FIXED-ACCOUNTS-EUR2020#B",""
"Alkaline electrolyzer medium size","VOM","2050","0.2389","2050:Alkaline electrolyzer medium size:VOM","EUR/MWh_H2","2020","ALREADY_EUR2020_UNCHANGED","","GATE4-20261006-FIXED-ACCOUNTS-EUR2020#B",""
"Alkaline electrolyzer medium size","investment","2050","506033.2","2050:Alkaline electrolyzer medium size:investment","EUR/MW","2020","ALREADY_EUR2020_UNCHANGED","","GATE4-20261006-FIXED-ACCOUNTS-EUR2020#B",""
"Alkaline electrolyzer small size","FOM","2050","2.3","2050:Alkaline electrolyzer small size:FOM","%/year","","NONMONETARY_PERCENT_UNCHANGED","","GATE4-20261006-FIXED-ACCOUNTS-EUR2020#B",""
"Alkaline electrolyzer small size","VOM","2050","0.1934","2050:Alkaline electrolyzer small size:VOM","EUR/MWh_H2","2020","ALREADY_EUR2020_UNCHANGED","","GATE4-20261006-FIXED-ACCOUNTS-EUR2020#B",""
"Alkaline electrolyzer small size","investment","2050","582922","2050:Alkaline electrolyzer small size:investment","EUR/MW","2020","ALREADY_EUR2020_UNCHANGED","","GATE4-20261006-FIXED-ACCOUNTS-EUR2020#B",""
"Ammonia cracker","FOM","2050","4.3","2050:Ammonia cracker:FOM","%/year","","NONMONETARY_PERCENT_UNCHANGED","","GATE4-20261006-FIXED-ACCOUNTS-EUR2020#B",""
"Ammonia cracker","investment","2050","558309.4975","2050:Ammonia cracker:investment","EUR/MW_H2","2020","ALREADY_EUR2020_UNCHANGED","","GATE4-20261006-FIXED-ACCOUNTS-EUR2020#B",""
"BEV Bus city","FOM","2050","0.0003","2050:BEV Bus city:FOM","%/year","","NONMONETARY_PERCENT_UNCHANGED","","GATE4-20261006-FIXED-ACCOUNTS-EUR2020#B",""
"BEV Bus city","VOM","2050","0.0952","2050:BEV Bus city:VOM","EUR/km","2020","ALREADY_EUR2020_UNCHANGED","","GATE4-20261006-FIXED-ACCOUNTS-EUR2020#B",""
"BEV Bus city","investment","2050","190570.463","2050:BEV Bus city:investment","EUR/vehicle","2020","ALREADY_EUR2020_UNCHANGED","","GATE4-20261006-FIXED-ACCOUNTS-EUR2020#B",""
"BEV Coach","FOM","2050","0.0002","2050:BEV Coach:FOM","%/year","","NONMONETARY_PERCENT_UNCHANGED","","GATE4-20261006-FIXED-ACCOUNTS-EUR2020#B",""
"BEV Coach","VOM","2050","0.0952","2050:BEV Coach:VOM","EUR/km","2020","ALREADY_EUR2020_UNCHANGED","","GATE4-20261006-FIXED-ACCOUNTS-EUR2020#B",""
"BEV Coach","investment","2050","271110.2666","2050:BEV Coach:investment","EUR/vehicle","2020","ALREADY_EUR2020_UNCHANGED","","GATE4-20261006-FIXED-ACCOUNTS-EUR2020#B",""
"BEV Truck Semi-Trailer max 50 tons","FOM","2050","0.0004","2050:BEV Truck Semi-Trailer max 50 tons:FOM","%/year","","NONMONETARY_PERCENT_UNCHANGED","","GATE4-20261006-FIXED-ACCOUNTS-EUR2020#B",""
"BEV Truck Semi-Trailer max 50 tons","VOM","2050","0.0952","2050:BEV Truck Semi-Trailer max 50 tons:VOM","EUR/km","2020","ALREADY_EUR2020_UNCHANGED","","GATE4-20261006-FIXED-ACCOUNTS-EUR2020#B",""
"BEV Truck Semi-Trailer max 50 tons","investment","2050","151213.8954","2050:BEV Truck Semi-Trailer max 50 tons:investment","EUR/vehicle","2020","ALREADY_EUR2020_UNCHANGED","","GATE4-20261006-FIXED-ACCOUNTS-EUR2020#B",""
"BEV Truck Solo max 26 tons","FOM","2050","0.0004","2050:BEV Truck Solo max 26 tons:FOM","%/year","","NONMONETARY_PERCENT_UNCHANGED","","GATE4-20261006-FIXED-ACCOUNTS-EUR2020#B",""
"BEV Truck Solo max 26 tons","VOM","2050","0.0952","2050:BEV Truck Solo max 26 tons:VOM","EUR/km","2020","ALREADY_EUR2020_UNCHANGED","","GATE4-20261006-FIXED-ACCOUNTS-EUR2020#B",""
"BEV Truck Solo max 26 tons","investment","2050","157519.8368","2050:BEV Truck Solo max 26 tons:investment","EUR/vehicle","2020","ALREADY_EUR2020_UNCHANGED","","GATE4-20261006-FIXED-ACCOUNTS-EUR2020#B",""
"BEV Truck Trailer max 56 tons","FOM","2050","0.0003","2050:BEV Truck Trailer max 56 tons:FOM","%/year","","NONMONETARY_PERCENT_UNCHANGED","","GATE4-20261006-FIXED-ACCOUNTS-EUR2020#B",""
"BEV Truck Trailer max 56 tons","VOM","2050","0.0952","2050:BEV Truck Trailer max 56 tons:VOM","EUR/km","2020","ALREADY_EUR2020_UNCHANGED","","GATE4-20261006-FIXED-ACCOUNTS-EUR2020#B",""
"BEV Truck Trailer max 56 tons","investment","2050","167722.8037","2050:BEV Truck Trailer max 56 tons:investment","EUR/vehicle","2020","ALREADY_EUR2020_UNCHANGED","","GATE4-20261006-FIXED-ACCOUNTS-EUR2020#B",""
"Battery electric (passenger cars)","FOM","2050","0.9","2050:Battery electric (passenger cars):FOM","%","","NONMONETARY_PERCENT_UNCHANGED","","GATE4-20261006-FIXED-ACCOUNTS-EUR2020#B",""
"Battery electric (passenger cars)","investment","2050","23561","2050:Battery electric (passenger cars):investment","EUR/PKW","2020","ALREADY_EUR2020_UNCHANGED","","GATE4-20261006-FIXED-ACCOUNTS-EUR2020#B",""
"Battery electric (trucks)","FOM","2050","16","2050:Battery electric (trucks):FOM","%","","NONMONETARY_PERCENT_UNCHANGED","","GATE4-20261006-FIXED-ACCOUNTS-EUR2020#B",""
"Battery electric (trucks)","investment","2050","129400","2050:Battery electric (trucks):investment","EUR/LKW","2020","ALREADY_EUR2020_UNCHANGED","","GATE4-20261006-FIXED-ACCOUNTS-EUR2020#B",""
"BioSNG","FOM","2050","1.6067","2050:BioSNG:FOM","%/year","","NONMONETARY_PERCENT_UNCHANGED","","GATE4-20261006-FIXED-ACCOUNTS-EUR2020#B",""
"BioSNG","VOM","2050","1.7014","2050:BioSNG:VOM","EUR/MWh_th","2020","ALREADY_EUR2020_UNCHANGED","","GATE4-20261006-FIXED-ACCOUNTS-EUR2020#B",""
"BioSNG","investment","2050","1595100","2050:BioSNG:investment","EUR/MW_th","2020","ALREADY_EUR2020_UNCHANGED","","GATE4-20261006-FIXED-ACCOUNTS-EUR2020#B",""
"BtL","FOM","2050","3","2050:BtL:FOM","%/year","","NONMONETARY_PERCENT_UNCHANGED","","GATE4-20261006-FIXED-ACCOUNTS-EUR2020#B",""
"BtL","VOM","2050","1.1299","2050:BtL:VOM","EUR/MWh_FT","2020","ALREADY_EUR2020_UNCHANGED","","GATE4-20261006-FIXED-ACCOUNTS-EUR2020#B",""
"BtL","investment","2050","2078955.5","2050:BtL:investment","EUR/MW_th","2020","ALREADY_EUR2020_UNCHANGED","","GATE4-20261006-FIXED-ACCOUNTS-EUR2020#B",""
"CCGT","FOM","2050","3.1808278867102397","2050:CCGT:FOM","%/year","","NONMONETARY_PERCENT_UNCHANGED","","GATE4-20261006-FIXED-ACCOUNTS-EUR2020#B",""
"CCGT","VOM","2050","1.9299029916598416","2050:CCGT:VOM","EUR/MWh","2020","ALREADY_EUR2020_UNCHANGED","","GATE4-20261006-FIXED-ACCOUNTS-EUR2020#B",""
"CCGT","investment","2050","805295.8847016974","2050:CCGT:investment","EUR/MW","2020","ALREADY_EUR2020_UNCHANGED","","GATE4-20261006-FIXED-ACCOUNTS-EUR2020#B",""
"CH4 (g) fill compressor station","FOM","2050","1.7","2050:CH4 (g) fill compressor station:FOM","%/year","","NONMONETARY_PERCENT_UNCHANGED","","GATE4-20261006-FIXED-ACCOUNTS-EUR2020#B",""
"CH4 (g) fill compressor station","investment","2050","1654.96","2050:CH4 (g) fill compressor station:investment","EUR/MW_CH4","2020","ALREADY_EUR2020_UNCHANGED","","GATE4-20261006-FIXED-ACCOUNTS-EUR2020#B",""
"CH4 (g) pipeline","FOM","2050","1.5","2050:CH4 (g) pipeline:FOM","%/year","","NONMONETARY_PERCENT_UNCHANGED","","GATE4-20261006-FIXED-ACCOUNTS-EUR2020#B",""
"CH4 (g) pipeline","investment","2050","87.22","2050:CH4 (g) pipeline:investment","EUR/MW/km","2020","ALREADY_EUR2020_UNCHANGED","","GATE4-20261006-FIXED-ACCOUNTS-EUR2020#B",""
"CH4 (g) submarine pipeline","FOM","2050","3","2050:CH4 (g) submarine pipeline:FOM","%/year","","NONMONETARY_PERCENT_UNCHANGED","","GATE4-20261006-FIXED-ACCOUNTS-EUR2020#B",""
"CH4 (g) submarine pipeline","investment","2050","119.3173","2050:CH4 (g) submarine pipeline:investment","EUR/MW/km","2020","ALREADY_EUR2020_UNCHANGED","","GATE4-20261006-FIXED-ACCOUNTS-EUR2020#B",""
"CH4 (l) transport ship","FOM","2050","3.5","2050:CH4 (l) transport ship:FOM","%/year","","NONMONETARY_PERCENT_UNCHANGED","","GATE4-20261006-FIXED-ACCOUNTS-EUR2020#B",""
"CH4 (l) transport ship","investment","2050","159791465.6831","2050:CH4 (l) transport ship:investment","EUR","2020","ALREADY_EUR2020_UNCHANGED","","GATE4-20261006-FIXED-ACCOUNTS-EUR2020#B",""
"CH4 evaporation","FOM","2050","3.5","2050:CH4 evaporation:FOM","%/year","","NONMONETARY_PERCENT_UNCHANGED","","GATE4-20261006-FIXED-ACCOUNTS-EUR2020#B",""
"CH4 evaporation","investment","2050","91110.1","2050:CH4 evaporation:investment","EUR/MW_CH4","2020","ALREADY_EUR2020_UNCHANGED","","GATE4-20261006-FIXED-ACCOUNTS-EUR2020#B",""
"CH4 liquefaction","FOM","2050","3.5","2050:CH4 liquefaction:FOM","%/year","","NONMONETARY_PERCENT_UNCHANGED","","GATE4-20261006-FIXED-ACCOUNTS-EUR2020#B",""
"CH4 liquefaction","investment","2050","241443","2050:CH4 liquefaction:investment","EUR/MW_CH4","2020","ALREADY_EUR2020_UNCHANGED","","GATE4-20261006-FIXED-ACCOUNTS-EUR2020#B",""
"CO2 liquefaction","FOM","2050","5","2050:CO2 liquefaction:FOM","%/year","","NONMONETARY_PERCENT_UNCHANGED","","GATE4-20261006-FIXED-ACCOUNTS-EUR2020#B",""
"CO2 liquefaction","investment","2050","16.7226","2050:CO2 liquefaction:investment","EUR/t_CO2/h","2020","ALREADY_EUR2020_UNCHANGED","","GATE4-20261006-FIXED-ACCOUNTS-EUR2020#B",""
"CO2 pipeline","FOM","2050","0.9","2050:CO2 pipeline:FOM","%/year","","NONMONETARY_PERCENT_UNCHANGED","","GATE4-20261006-FIXED-ACCOUNTS-EUR2020#B",""
"CO2 pipeline","investment","2050","2116.4433","2050:CO2 pipeline:investment","EUR/(tCO2/h)/km","2020","ALREADY_EUR2020_UNCHANGED","","GATE4-20261006-FIXED-ACCOUNTS-EUR2020#B",""
"CO2 storage tank","FOM","2050","1","2050:CO2 storage tank:FOM","%/year","","NONMONETARY_PERCENT_UNCHANGED","","GATE4-20261006-FIXED-ACCOUNTS-EUR2020#B",""
"CO2 storage tank","investment","2050","2584.3462","2050:CO2 storage tank:investment","EUR/t_CO2","2020","ALREADY_EUR2020_UNCHANGED","","GATE4-20261006-FIXED-ACCOUNTS-EUR2020#B",""
"CO2 submarine pipeline","FOM","2050","0.5","2050:CO2 submarine pipeline:FOM","%/year","","NONMONETARY_PERCENT_UNCHANGED","","GATE4-20261006-FIXED-ACCOUNTS-EUR2020#B",""
"CO2 submarine pipeline","investment","2050","4232.8865","2050:CO2 submarine pipeline:investment","EUR/(tCO2/h)/km","2020","ALREADY_EUR2020_UNCHANGED","","GATE4-20261006-FIXED-ACCOUNTS-EUR2020#B",""
"Charging infrastructure fast (purely) battery electric vehicles passenger cars","FOM","2050","1.6","2050:Charging infrastructure fast (purely) battery electric vehicles passenger cars:FOM","%","","NONMONETARY_PERCENT_UNCHANGED","","GATE4-20261006-FIXED-ACCOUNTS-EUR2020#B",""
"Charging infrastructure fast (purely) battery electric vehicles passenger cars","investment","2050","448894","2050:Charging infrastructure fast (purely) battery electric vehicles passenger cars:investment","EUR/Ladesï¿½ule","2020","ALREADY_EUR2020_UNCHANGED","","GATE4-20261006-FIXED-ACCOUNTS-EUR2020#B",""
"Charging infrastructure fuel cell vehicles passenger cars","FOM","2050","2.2","2050:Charging infrastructure fuel cell vehicles passenger cars:FOM","%","","NONMONETARY_PERCENT_UNCHANGED","","GATE4-20261006-FIXED-ACCOUNTS-EUR2020#B",""
"Charging infrastructure fuel cell vehicles passenger cars","investment","2050","1788360","2050:Charging infrastructure fuel cell vehicles passenger cars:investment","EUR/Ladesï¿½ule","2020","ALREADY_EUR2020_UNCHANGED","","GATE4-20261006-FIXED-ACCOUNTS-EUR2020#B",""
"Charging infrastructure fuel cell vehicles trucks","FOM","2050","2.2","2050:Charging infrastructure fuel cell vehicles trucks:FOM","%","","NONMONETARY_PERCENT_UNCHANGED","","GATE4-20261006-FIXED-ACCOUNTS-EUR2020#B",""
"Charging infrastructure fuel cell vehicles trucks","investment","2050","1787894","2050:Charging infrastructure fuel cell vehicles trucks:investment","EUR/Ladesï¿½ule","2020","ALREADY_EUR2020_UNCHANGED","","GATE4-20261006-FIXED-ACCOUNTS-EUR2020#B",""
"Charging infrastructure slow (purely) battery electric vehicles passenger cars","FOM","2050","1.8","2050:Charging infrastructure slow (purely) battery electric vehicles passenger cars:FOM","%","","NONMONETARY_PERCENT_UNCHANGED","","GATE4-20261006-FIXED-ACCOUNTS-EUR2020#B",""
"Charging infrastructure slow (purely) battery electric vehicles passenger cars","investment","2050","1005","2050:Charging infrastructure slow (purely) battery electric vehicles passenger cars:investment","EUR/Ladesï¿½ule","2020","ALREADY_EUR2020_UNCHANGED","","GATE4-20261006-FIXED-ACCOUNTS-EUR2020#B",""
"Compressed-Air-Adiabatic-bicharger","FOM","2050","0.9265","2050:Compressed-Air-Adiabatic-bicharger:FOM","%/year","","NONMONETARY_PERCENT_UNCHANGED","","GATE4-20261006-FIXED-ACCOUNTS-EUR2020#B",""
"Compressed-Air-Adiabatic-bicharger","investment","2050","946180.9426","2050:Compressed-Air-Adiabatic-bicharger:investment","EUR/MW","2020","ALREADY_EUR2020_UNCHANGED","","GATE4-20261006-FIXED-ACCOUNTS-EUR2020#B",""
"Compressed-Air-Adiabatic-store","FOM","2050","0.43","2050:Compressed-Air-Adiabatic-store:FOM","%/year","","NONMONETARY_PERCENT_UNCHANGED","","GATE4-20261006-FIXED-ACCOUNTS-EUR2020#B",""
"Compressed-Air-Adiabatic-store","investment","2050","5448.7894","2050:Compressed-Air-Adiabatic-store:investment","EUR/MWh","2020","ALREADY_EUR2020_UNCHANGED","","GATE4-20261006-FIXED-ACCOUNTS-EUR2020#B",""
"Concrete-charger","FOM","2050","1.075","2050:Concrete-charger:FOM","%/year","","NONMONETARY_PERCENT_UNCHANGED","","GATE4-20261006-FIXED-ACCOUNTS-EUR2020#B",""
"Concrete-charger","investment","2050","144192.2682","2050:Concrete-charger:investment","EUR/MW","2020","ALREADY_EUR2020_UNCHANGED","","GATE4-20261006-FIXED-ACCOUNTS-EUR2020#B",""
"Concrete-discharger","FOM","2050","0.2688","2050:Concrete-discharger:FOM","%/year","","NONMONETARY_PERCENT_UNCHANGED","","GATE4-20261006-FIXED-ACCOUNTS-EUR2020#B",""
"Concrete-discharger","investment","2050","576769.073","2050:Concrete-discharger:investment","EUR/MW","2020","ALREADY_EUR2020_UNCHANGED","","GATE4-20261006-FIXED-ACCOUNTS-EUR2020#B",""
"Concrete-store","FOM","2050","0.3308","2050:Concrete-store:FOM","%/year","","NONMONETARY_PERCENT_UNCHANGED","","GATE4-20261006-FIXED-ACCOUNTS-EUR2020#B",""
"Concrete-store","investment","2050","24044.2324","2050:Concrete-store:investment","EUR/MWh","2020","ALREADY_EUR2020_UNCHANGED","","GATE4-20261006-FIXED-ACCOUNTS-EUR2020#B",""
"Container feeder, ammonia","investment","2050","34966212.0251","2050:Container feeder, ammonia:investment","EUR","2020","ALREADY_EUR2020_UNCHANGED","","GATE4-20261006-FIXED-ACCOUNTS-EUR2020#B",""
"Container feeder, diesel","investment","2050","34966212.0251","2050:Container feeder, diesel:investment","EUR","2020","ALREADY_EUR2020_UNCHANGED","","GATE4-20261006-FIXED-ACCOUNTS-EUR2020#B",""
"Container feeder, methanol","investment","2050","34966212.0251","2050:Container feeder, methanol:investment","EUR","2020","ALREADY_EUR2020_UNCHANGED","","GATE4-20261006-FIXED-ACCOUNTS-EUR2020#B",""
"Container, ammonia","investment","2050","119652947.2851","2050:Container, ammonia:investment","EUR","2020","ALREADY_EUR2020_UNCHANGED","","GATE4-20261006-FIXED-ACCOUNTS-EUR2020#B",""
"Container, diesel","investment","2050","119652947.2851","2050:Container, diesel:investment","EUR","2020","ALREADY_EUR2020_UNCHANGED","","GATE4-20261006-FIXED-ACCOUNTS-EUR2020#B",""
"Container, methanol","investment","2050","119652947.2851","2050:Container, methanol:investment","EUR","2020","ALREADY_EUR2020_UNCHANGED","","GATE4-20261006-FIXED-ACCOUNTS-EUR2020#B",""
"Diesel Bus city","FOM","2050","0.0004","2050:Diesel Bus city:FOM","%/year","","NONMONETARY_PERCENT_UNCHANGED","","GATE4-20261006-FIXED-ACCOUNTS-EUR2020#B",""
"Diesel Bus city","VOM","2050","0.1068","2050:Diesel Bus city:VOM","EUR/km","2020","ALREADY_EUR2020_UNCHANGED","","GATE4-20261006-FIXED-ACCOUNTS-EUR2020#B",""
"Diesel Bus city","investment","2050","150756.2732","2050:Diesel Bus city:investment","EUR/vehicle","2020","ALREADY_EUR2020_UNCHANGED","","GATE4-20261006-FIXED-ACCOUNTS-EUR2020#B",""
"Diesel Coach","FOM","2050","0.0003","2050:Diesel Coach:FOM","%/year","","NONMONETARY_PERCENT_UNCHANGED","","GATE4-20261006-FIXED-ACCOUNTS-EUR2020#B",""
"Diesel Coach","VOM","2050","0.1068","2050:Diesel Coach:VOM","EUR/km","2020","ALREADY_EUR2020_UNCHANGED","","GATE4-20261006-FIXED-ACCOUNTS-EUR2020#B",""
"Diesel Coach","investment","2050","231296.0768","2050:Diesel Coach:investment","EUR/vehicle","2020","ALREADY_EUR2020_UNCHANGED","","GATE4-20261006-FIXED-ACCOUNTS-EUR2020#B",""
"Diesel Truck Semi-Trailer max 50 tons","FOM","2050","0.0005","2050:Diesel Truck Semi-Trailer max 50 tons:FOM","%/year","","NONMONETARY_PERCENT_UNCHANGED","","GATE4-20261006-FIXED-ACCOUNTS-EUR2020#B",""
"Diesel Truck Semi-Trailer max 50 tons","VOM","2050","0.1068","2050:Diesel Truck Semi-Trailer max 50 tons:VOM","EUR/km","2020","ALREADY_EUR2020_UNCHANGED","","GATE4-20261006-FIXED-ACCOUNTS-EUR2020#B",""
"Diesel Truck Semi-Trailer max 50 tons","investment","2050","142012.114","2050:Diesel Truck Semi-Trailer max 50 tons:investment","EUR/vehicle","2020","ALREADY_EUR2020_UNCHANGED","","GATE4-20261006-FIXED-ACCOUNTS-EUR2020#B",""
"Diesel Truck Solo max 26 tons","FOM","2050","0.0004","2050:Diesel Truck Solo max 26 tons:FOM","%/year","","NONMONETARY_PERCENT_UNCHANGED","","GATE4-20261006-FIXED-ACCOUNTS-EUR2020#B",""
"Diesel Truck Solo max 26 tons","VOM","2050","0.1068","2050:Diesel Truck Solo max 26 tons:VOM","EUR/km","2020","ALREADY_EUR2020_UNCHANGED","","GATE4-20261006-FIXED-ACCOUNTS-EUR2020#B",""
"Diesel Truck Solo max 26 tons","investment","2050","155444.0931","2050:Diesel Truck Solo max 26 tons:investment","EUR/vehicle","2020","ALREADY_EUR2020_UNCHANGED","","GATE4-20261006-FIXED-ACCOUNTS-EUR2020#B",""
"Diesel Truck Trailer max 56 tons","FOM","2050","0.0004","2050:Diesel Truck Trailer max 56 tons:FOM","%/year","","NONMONETARY_PERCENT_UNCHANGED","","GATE4-20261006-FIXED-ACCOUNTS-EUR2020#B",""
"Diesel Truck Trailer max 56 tons","VOM","2050","0.1068","2050:Diesel Truck Trailer max 56 tons:VOM","EUR/km","2020","ALREADY_EUR2020_UNCHANGED","","GATE4-20261006-FIXED-ACCOUNTS-EUR2020#B",""
"Diesel Truck Trailer max 56 tons","investment","2050","177515.1425","2050:Diesel Truck Trailer max 56 tons:investment","EUR/vehicle","2020","ALREADY_EUR2020_UNCHANGED","","GATE4-20261006-FIXED-ACCOUNTS-EUR2020#B",""
"FCV Bus city","FOM","2050","0.0003","2050:FCV Bus city:FOM","%/year","","NONMONETARY_PERCENT_UNCHANGED","","GATE4-20261006-FIXED-ACCOUNTS-EUR2020#B",""
"FCV Bus city","VOM","2050","0.0979","2050:FCV Bus city:VOM","EUR/km","2020","ALREADY_EUR2020_UNCHANGED","","GATE4-20261006-FIXED-ACCOUNTS-EUR2020#B",""
"FCV Bus city","investment","2050","190570.463","2050:FCV Bus city:investment","EUR/vehicle","2020","ALREADY_EUR2020_UNCHANGED","","GATE4-20261006-FIXED-ACCOUNTS-EUR2020#B",""
"FCV Coach","FOM","2050","0.0002","2050:FCV Coach:FOM","%/year","","NONMONETARY_PERCENT_UNCHANGED","","GATE4-20261006-FIXED-ACCOUNTS-EUR2020#B",""
"FCV Coach","VOM","2050","0.0952","2050:FCV Coach:VOM","EUR/km","2020","ALREADY_EUR2020_UNCHANGED","","GATE4-20261006-FIXED-ACCOUNTS-EUR2020#B",""
"FCV Coach","investment","2050","356840.1722","2050:FCV Coach:investment","EUR/vehicle","2020","ALREADY_EUR2020_UNCHANGED","","GATE4-20261006-FIXED-ACCOUNTS-EUR2020#B",""
"FCV Truck Semi-Trailer max 50 tons","FOM","2050","0.0004","2050:FCV Truck Semi-Trailer max 50 tons:FOM","%/year","","NONMONETARY_PERCENT_UNCHANGED","","GATE4-20261006-FIXED-ACCOUNTS-EUR2020#B",""
"FCV Truck Semi-Trailer max 50 tons","VOM","2050","0.0952","2050:FCV Truck Semi-Trailer max 50 tons:VOM","EUR/km","2020","ALREADY_EUR2020_UNCHANGED","","GATE4-20261006-FIXED-ACCOUNTS-EUR2020#B",""
"FCV Truck Semi-Trailer max 50 tons","investment","2050","139809.9795","2050:FCV Truck Semi-Trailer max 50 tons:investment","EUR/vehicle","2020","ALREADY_EUR2020_UNCHANGED","","GATE4-20261006-FIXED-ACCOUNTS-EUR2020#B",""
"FCV Truck Solo max 26 tons","FOM","2050","0.0003","2050:FCV Truck Solo max 26 tons:FOM","%/year","","NONMONETARY_PERCENT_UNCHANGED","","GATE4-20261006-FIXED-ACCOUNTS-EUR2020#B",""
"FCV Truck Solo max 26 tons","VOM","2050","0.0952","2050:FCV Truck Solo max 26 tons:VOM","EUR/km","2020","ALREADY_EUR2020_UNCHANGED","","GATE4-20261006-FIXED-ACCOUNTS-EUR2020#B",""
"FCV Truck Solo max 26 tons","investment","2050","172241.267","2050:FCV Truck Solo max 26 tons:investment","EUR/vehicle","2020","ALREADY_EUR2020_UNCHANGED","","GATE4-20261006-FIXED-ACCOUNTS-EUR2020#B",""
"FCV Truck Trailer max 56 tons","FOM","2050","0.0003","2050:FCV Truck Trailer max 56 tons:FOM","%/year","","NONMONETARY_PERCENT_UNCHANGED","","GATE4-20261006-FIXED-ACCOUNTS-EUR2020#B",""
"FCV Truck Trailer max 56 tons","VOM","2050","0.0952","2050:FCV Truck Trailer max 56 tons:VOM","EUR/km","2020","ALREADY_EUR2020_UNCHANGED","","GATE4-20261006-FIXED-ACCOUNTS-EUR2020#B",""
"FCV Truck Trailer max 56 tons","investment","2050","194312.3164","2050:FCV Truck Trailer max 56 tons:investment","EUR/vehicle","2020","ALREADY_EUR2020_UNCHANGED","","GATE4-20261006-FIXED-ACCOUNTS-EUR2020#B",""
"FT fuel transport ship","FOM","2050","5","2050:FT fuel transport ship:FOM","%/year","","NONMONETARY_PERCENT_UNCHANGED","","GATE4-20261006-FIXED-ACCOUNTS-EUR2020#B",""
"FT fuel transport ship","investment","2050","35000000","2050:FT fuel transport ship:investment","EUR","2020","ALREADY_EUR2020_UNCHANGED","","GATE4-20261006-FIXED-ACCOUNTS-EUR2020#B",""
"Fischer-Tropsch","FOM","2050","3","2050:Fischer-Tropsch:FOM","%/year","","NONMONETARY_PERCENT_UNCHANGED","","GATE4-20261006-FIXED-ACCOUNTS-EUR2020#B",""
"Fischer-Tropsch","VOM","2050","2.2331","2050:Fischer-Tropsch:VOM","EUR/MWh_FT","2020","ALREADY_EUR2020_UNCHANGED","","GATE4-20261006-FIXED-ACCOUNTS-EUR2020#B",""
"Fischer-Tropsch","investment","2050","519738.882","2050:Fischer-Tropsch:investment","EUR/MW_FT","2020","ALREADY_EUR2020_UNCHANGED","","GATE4-20261006-FIXED-ACCOUNTS-EUR2020#B",""
"Gasnetz","FOM","2050","2.5","2050:Gasnetz:FOM","%","","NONMONETARY_PERCENT_UNCHANGED","","GATE4-20261006-FIXED-ACCOUNTS-EUR2020#B",""
"Gasnetz","investment","2050","28000","2050:Gasnetz:investment","EUR/MWGas","2020","ALREADY_EUR2020_UNCHANGED","","GATE4-20261006-FIXED-ACCOUNTS-EUR2020#B",""
"General liquid hydrocarbon storage (crude)","FOM","2050","6.25","2050:General liquid hydrocarbon storage (crude):FOM","%/year","","NONMONETARY_PERCENT_UNCHANGED","","GATE4-20261006-FIXED-ACCOUNTS-EUR2020#B",""
"General liquid hydrocarbon storage (crude)","investment","2050","137.8999","2050:General liquid hydrocarbon storage (crude):investment","EUR/m^3","2020","ALREADY_EUR2020_UNCHANGED","","GATE4-20261006-FIXED-ACCOUNTS-EUR2020#B",""
"General liquid hydrocarbon storage (product)","FOM","2050","6.25","2050:General liquid hydrocarbon storage (product):FOM","%/year","","NONMONETARY_PERCENT_UNCHANGED","","GATE4-20261006-FIXED-ACCOUNTS-EUR2020#B",""
"General liquid hydrocarbon storage (product)","investment","2050","172.3748","2050:General liquid hydrocarbon storage (product):investment","EUR/m^3","2020","ALREADY_EUR2020_UNCHANGED","","GATE4-20261006-FIXED-ACCOUNTS-EUR2020#B",""
"Gravity-Brick-bicharger","FOM","2050","1.5","2050:Gravity-Brick-bicharger:FOM","%/year","","NONMONETARY_PERCENT_UNCHANGED","","GATE4-20261006-FIXED-ACCOUNTS-EUR2020#B",""
"Gravity-Brick-bicharger","investment","2050","415570.5177","2050:Gravity-Brick-bicharger:investment","EUR/MW","2020","ALREADY_EUR2020_UNCHANGED","","GATE4-20261006-FIXED-ACCOUNTS-EUR2020#B",""
"Gravity-Brick-store","investment","2050","157381.7274","2050:Gravity-Brick-store:investment","EUR/MWh","2020","ALREADY_EUR2020_UNCHANGED","","GATE4-20261006-FIXED-ACCOUNTS-EUR2020#B",""
"Gravity-Water-Aboveground-bicharger","FOM","2050","1.5","2050:Gravity-Water-Aboveground-bicharger:FOM","%/year","","NONMONETARY_PERCENT_UNCHANGED","","GATE4-20261006-FIXED-ACCOUNTS-EUR2020#B",""
"Gravity-Water-Aboveground-bicharger","investment","2050","365630.713","2050:Gravity-Water-Aboveground-bicharger:investment","EUR/MW","2020","ALREADY_EUR2020_UNCHANGED","","GATE4-20261006-FIXED-ACCOUNTS-EUR2020#B",""
"Gravity-Water-Aboveground-store","investment","2050","121755.0274","2050:Gravity-Water-Aboveground-store:investment","EUR/MWh","2020","ALREADY_EUR2020_UNCHANGED","","GATE4-20261006-FIXED-ACCOUNTS-EUR2020#B",""
"Gravity-Water-Underground-bicharger","FOM","2050","1.5","2050:Gravity-Water-Underground-bicharger:FOM","%/year","","NONMONETARY_PERCENT_UNCHANGED","","GATE4-20261006-FIXED-ACCOUNTS-EUR2020#B",""
"Gravity-Water-Underground-bicharger","investment","2050","905158.9602","2050:Gravity-Water-Underground-bicharger:investment","EUR/MW","2020","ALREADY_EUR2020_UNCHANGED","","GATE4-20261006-FIXED-ACCOUNTS-EUR2020#B",""
"Gravity-Water-Underground-store","investment","2050","95982.5211","2050:Gravity-Water-Underground-store:investment","EUR/MWh","2020","ALREADY_EUR2020_UNCHANGED","","GATE4-20261006-FIXED-ACCOUNTS-EUR2020#B",""
"H2 (g) fill compressor station","FOM","2050","1.7","2050:H2 (g) fill compressor station:FOM","%/year","","NONMONETARY_PERCENT_UNCHANGED","","GATE4-20261006-FIXED-ACCOUNTS-EUR2020#B",""
"H2 (g) fill compressor station","investment","2050","4738.7164","2050:H2 (g) fill compressor station:investment","EUR/MW_H2","2020","ALREADY_EUR2020_UNCHANGED","","GATE4-20261006-FIXED-ACCOUNTS-EUR2020#B",""
"H2 (g) pipeline","FOM","2050","1.5","2050:H2 (g) pipeline:FOM","%/year","","NONMONETARY_PERCENT_UNCHANGED","","GATE4-20261006-FIXED-ACCOUNTS-EUR2020#B",""
"H2 (g) pipeline","investment","2050","303.6845","2050:H2 (g) pipeline:investment","EUR/MW/km","2020","ALREADY_EUR2020_UNCHANGED","","GATE4-20261006-FIXED-ACCOUNTS-EUR2020#B",""
"H2 (g) pipeline repurposed","FOM","2050","1.5","2050:H2 (g) pipeline repurposed:FOM","%/year","","NONMONETARY_PERCENT_UNCHANGED","","GATE4-20261006-FIXED-ACCOUNTS-EUR2020#B",""
"H2 (g) pipeline repurposed","investment","2050","129.4682","2050:H2 (g) pipeline repurposed:investment","EUR/MW/km","2020","ALREADY_EUR2020_UNCHANGED","","GATE4-20261006-FIXED-ACCOUNTS-EUR2020#B",""
"H2 (g) submarine pipeline","FOM","2050","3","2050:H2 (g) submarine pipeline:FOM","%/year","","NONMONETARY_PERCENT_UNCHANGED","","GATE4-20261006-FIXED-ACCOUNTS-EUR2020#B",""
"H2 (g) submarine pipeline","investment","2050","456.1165","2050:H2 (g) submarine pipeline:investment","EUR/MW/km","2020","ALREADY_EUR2020_UNCHANGED","","GATE4-20261006-FIXED-ACCOUNTS-EUR2020#B",""
"H2 (g) submarine pipeline repurposed","FOM","2050","3","2050:H2 (g) submarine pipeline repurposed:FOM","%/year","","NONMONETARY_PERCENT_UNCHANGED","","GATE4-20261006-FIXED-ACCOUNTS-EUR2020#B",""
"H2 (g) submarine pipeline repurposed","investment","2050","160.1562","2050:H2 (g) submarine pipeline repurposed:investment","EUR/MW/km","2020","ALREADY_EUR2020_UNCHANGED","","GATE4-20261006-FIXED-ACCOUNTS-EUR2020#B",""
"H2 (l) storage tank","FOM","2050","2","2050:H2 (l) storage tank:FOM","%/year","","NONMONETARY_PERCENT_UNCHANGED","","GATE4-20261006-FIXED-ACCOUNTS-EUR2020#B",""
"H2 (l) storage tank","investment","2050","793.7456","2050:H2 (l) storage tank:investment","EUR/MWh_H2","2020","ALREADY_EUR2020_UNCHANGED","","GATE4-20261006-FIXED-ACCOUNTS-EUR2020#B",""
"H2 (l) transport ship","FOM","2050","4","2050:H2 (l) transport ship:FOM","%/year","","NONMONETARY_PERCENT_UNCHANGED","","GATE4-20261006-FIXED-ACCOUNTS-EUR2020#B",""
"H2 (l) transport ship","investment","2050","393737000","2050:H2 (l) transport ship:investment","EUR","2020","ALREADY_EUR2020_UNCHANGED","","GATE4-20261006-FIXED-ACCOUNTS-EUR2020#B",""
"H2 evaporation","FOM","2050","2.5","2050:H2 evaporation:FOM","%/year","","NONMONETARY_PERCENT_UNCHANGED","","GATE4-20261006-FIXED-ACCOUNTS-EUR2020#B",""
"H2 evaporation","investment","2050","57846.3","2050:H2 evaporation:investment","EUR/MW_H2","2020","ALREADY_EUR2020_UNCHANGED","","GATE4-20261006-FIXED-ACCOUNTS-EUR2020#B",""
"H2 liquefaction","FOM","2050","2.5","2050:H2 liquefaction:FOM","%/year","","NONMONETARY_PERCENT_UNCHANGED","","GATE4-20261006-FIXED-ACCOUNTS-EUR2020#B",""
"H2 liquefaction","investment","2050","533965.5","2050:H2 liquefaction:investment","EUR/MW_H2","2020","ALREADY_EUR2020_UNCHANGED","","GATE4-20261006-FIXED-ACCOUNTS-EUR2020#B",""
"H2 pipeline","FOM","2050","3","2050:H2 pipeline:FOM","%/year","","NONMONETARY_PERCENT_UNCHANGED","","GATE4-20261006-FIXED-ACCOUNTS-EUR2020#B",""
"H2 pipeline","investment","2050","282.5452","2050:H2 pipeline:investment","EUR/MW/km","2020","ALREADY_EUR2020_UNCHANGED","","GATE4-20261006-FIXED-ACCOUNTS-EUR2020#B",""
"H2 production biomass gasification","FOM","2050","5","2050:H2 production biomass gasification:FOM","%/year","","NONMONETARY_PERCENT_UNCHANGED","","GATE4-20261006-FIXED-ACCOUNTS-EUR2020#B",""
"H2 production biomass gasification","VOM","2050","0.5118","2050:H2 production biomass gasification:VOM","EUR/MWh_H2","2020","ALREADY_EUR2020_UNCHANGED","","GATE4-20261006-FIXED-ACCOUNTS-EUR2020#B",""
"H2 production biomass gasification","investment","2050","1467939.9","2050:H2 production biomass gasification:investment","EUR/MW","2020","ALREADY_EUR2020_UNCHANGED","","GATE4-20261006-FIXED-ACCOUNTS-EUR2020#B",""
"H2 production biomass gasification CC","FOM","2050","5","2050:H2 production biomass gasification CC:FOM","%/year","","NONMONETARY_PERCENT_UNCHANGED","","GATE4-20261006-FIXED-ACCOUNTS-EUR2020#B",""
"H2 production biomass gasification CC","VOM","2050","0.5232","2050:H2 production biomass gasification CC:VOM","EUR/MWh_H2","2020","ALREADY_EUR2020_UNCHANGED","","GATE4-20261006-FIXED-ACCOUNTS-EUR2020#B",""
"H2 production biomass gasification CC","investment","2050","1489095.7000000002","2050:H2 production biomass gasification CC:investment","EUR/MW","2020","ALREADY_EUR2020_UNCHANGED","","GATE4-20261006-FIXED-ACCOUNTS-EUR2020#B",""
"H2 production coal gasification","FOM","2050","6.4","2050:H2 production coal gasification:FOM","%/year","","NONMONETARY_PERCENT_UNCHANGED","","GATE4-20261006-FIXED-ACCOUNTS-EUR2020#B",""
"H2 production coal gasification","VOM","2050","0.5061","2050:H2 production coal gasification:VOM","EUR/MWh_H2","2020","ALREADY_EUR2020_UNCHANGED","","GATE4-20261006-FIXED-ACCOUNTS-EUR2020#B",""
"H2 production coal gasification","investment","2050","399116.8","2050:H2 production coal gasification:investment","EUR/MW","2020","ALREADY_EUR2020_UNCHANGED","","GATE4-20261006-FIXED-ACCOUNTS-EUR2020#B",""
"H2 production coal gasification CC","FOM","2050","6.2","2050:H2 production coal gasification CC:FOM","%/year","","NONMONETARY_PERCENT_UNCHANGED","","GATE4-20261006-FIXED-ACCOUNTS-EUR2020#B",""
"H2 production coal gasification CC","VOM","2050","0.1479","2050:H2 production coal gasification CC:VOM","EUR/MWh_H2","2020","ALREADY_EUR2020_UNCHANGED","","GATE4-20261006-FIXED-ACCOUNTS-EUR2020#B",""
"H2 production coal gasification CC","investment","2050","413448.1","2050:H2 production coal gasification CC:investment","EUR/MW","2020","ALREADY_EUR2020_UNCHANGED","","GATE4-20261006-FIXED-ACCOUNTS-EUR2020#B",""
"H2 production heavy oil partial oxidation","FOM","2050","5","2050:H2 production heavy oil partial oxidation:FOM","%/year","","NONMONETARY_PERCENT_UNCHANGED","","GATE4-20261006-FIXED-ACCOUNTS-EUR2020#B",""
"H2 production heavy oil partial oxidation","VOM","2050","0.1592","2050:H2 production heavy oil partial oxidation:VOM","EUR/MWh_H2","2020","ALREADY_EUR2020_UNCHANGED","","GATE4-20261006-FIXED-ACCOUNTS-EUR2020#B",""
"H2 production heavy oil partial oxidation","investment","2050","491133.1","2050:H2 production heavy oil partial oxidation:investment","EUR/MW","2020","ALREADY_EUR2020_UNCHANGED","","GATE4-20261006-FIXED-ACCOUNTS-EUR2020#B",""
"H2 production natural gas steam reforming","FOM","2050","4.9","2050:H2 production natural gas steam reforming:FOM","%/year","","NONMONETARY_PERCENT_UNCHANGED","","GATE4-20261006-FIXED-ACCOUNTS-EUR2020#B",""
"H2 production natural gas steam reforming","VOM","2050","204.7","2050:H2 production natural gas steam reforming:VOM","EUR/MW","2020","ALREADY_EUR2020_UNCHANGED","","GATE4-20261006-FIXED-ACCOUNTS-EUR2020#B",""
"H2 production natural gas steam reforming","investment","2050","180051.8","2050:H2 production natural gas steam reforming:investment","EUR/MW","2020","ALREADY_EUR2020_UNCHANGED","","GATE4-20261006-FIXED-ACCOUNTS-EUR2020#B",""
"H2 production natural gas steam reforming CC","FOM","2050","6","2050:H2 production natural gas steam reforming CC:FOM","%/year","","NONMONETARY_PERCENT_UNCHANGED","","GATE4-20261006-FIXED-ACCOUNTS-EUR2020#B",""
"H2 production natural gas steam reforming CC","VOM","2050","79.60000000000001","2050:H2 production natural gas steam reforming CC:VOM","EUR/MW","2020","ALREADY_EUR2020_UNCHANGED","","GATE4-20261006-FIXED-ACCOUNTS-EUR2020#B",""
"H2 production natural gas steam reforming CC","investment","2050","217586.3","2050:H2 production natural gas steam reforming CC:investment","EUR/MW","2020","ALREADY_EUR2020_UNCHANGED","","GATE4-20261006-FIXED-ACCOUNTS-EUR2020#B",""
"H2 production solid biomass steam reforming","FOM","2050","4","2050:H2 production solid biomass steam reforming:FOM","%/year","","NONMONETARY_PERCENT_UNCHANGED","","GATE4-20261006-FIXED-ACCOUNTS-EUR2020#B",""
"H2 production solid biomass steam reforming","VOM","2050","0.7393","2050:H2 production solid biomass steam reforming:VOM","EUR/MWh","2020","ALREADY_EUR2020_UNCHANGED","","GATE4-20261006-FIXED-ACCOUNTS-EUR2020#B",""
"H2 production solid biomass steam reforming","investment","2050","590656.3999999999","2050:H2 production solid biomass steam reforming:investment","EUR/MW","2020","ALREADY_EUR2020_UNCHANGED","","GATE4-20261006-FIXED-ACCOUNTS-EUR2020#B",""
"HVAC overhead","FOM","2050","2","2050:HVAC overhead:FOM","%/year","","NONMONETARY_PERCENT_UNCHANGED","","GATE4-20261006-FIXED-ACCOUNTS-EUR2020#B",""
"HVAC overhead","investment","2050","442.1414","2050:HVAC overhead:investment","EUR/MW/km","2020","ALREADY_EUR2020_UNCHANGED","","GATE4-20261006-FIXED-ACCOUNTS-EUR2020#B",""
"HVDC inverter pair","FOM","2050","2","2050:HVDC inverter pair:FOM","%/year","","NONMONETARY_PERCENT_UNCHANGED","","GATE4-20261006-FIXED-ACCOUNTS-EUR2020#B",""
"HVDC inverter pair","investment","2050","165803.0398","2050:HVDC inverter pair:investment","EUR/MW","2020","ALREADY_EUR2020_UNCHANGED","","GATE4-20261006-FIXED-ACCOUNTS-EUR2020#B",""
"HVDC overhead","FOM","2050","2","2050:HVDC overhead:FOM","%/year","","NONMONETARY_PERCENT_UNCHANGED","","GATE4-20261006-FIXED-ACCOUNTS-EUR2020#B",""
"HVDC overhead","investment","2050","442.1414","2050:HVDC overhead:investment","EUR/MW/km","2020","ALREADY_EUR2020_UNCHANGED","","GATE4-20261006-FIXED-ACCOUNTS-EUR2020#B",""
"HVDC submarine","FOM","2050","0.35","2050:HVDC submarine:FOM","%/year","","NONMONETARY_PERCENT_UNCHANGED","","GATE4-20261006-FIXED-ACCOUNTS-EUR2020#B",""
"HVDC submarine","investment","2050","1008.2934","2050:HVDC submarine:investment","EUR/MW/km","2020","ALREADY_EUR2020_UNCHANGED","","GATE4-20261006-FIXED-ACCOUNTS-EUR2020#B",""
"HVDC underground","FOM","2050","0.35","2050:HVDC underground:FOM","%/year","","NONMONETARY_PERCENT_UNCHANGED","","GATE4-20261006-FIXED-ACCOUNTS-EUR2020#B",""
"HVDC underground","investment","2050","1008.2934","2050:HVDC underground:investment","EUR/MW/km","2020","ALREADY_EUR2020_UNCHANGED","","GATE4-20261006-FIXED-ACCOUNTS-EUR2020#B",""
"Haber-Bosch","FOM","2050","3","2050:Haber-Bosch:FOM","%/year","","NONMONETARY_PERCENT_UNCHANGED","","GATE4-20261006-FIXED-ACCOUNTS-EUR2020#B",""
"Haber-Bosch","VOM","2050","0.0225","2050:Haber-Bosch:VOM","EUR/MWh_NH3","2020","ALREADY_EUR2020_UNCHANGED","","GATE4-20261006-FIXED-ACCOUNTS-EUR2020#B",""
"Haber-Bosch","investment","2050","915494.1","2050:Haber-Bosch:investment","EUR/MW_NH3","2020","ALREADY_EUR2020_UNCHANGED","","GATE4-20261006-FIXED-ACCOUNTS-EUR2020#B",""
"HighT-Molten-Salt-charger","FOM","2050","1.075","2050:HighT-Molten-Salt-charger:FOM","%/year","","NONMONETARY_PERCENT_UNCHANGED","","GATE4-20261006-FIXED-ACCOUNTS-EUR2020#B",""
"HighT-Molten-Salt-charger","investment","2050","144192.2682","2050:HighT-Molten-Salt-charger:investment","EUR/MW","2020","ALREADY_EUR2020_UNCHANGED","","GATE4-20261006-FIXED-ACCOUNTS-EUR2020#B",""
"HighT-Molten-Salt-discharger","FOM","2050","0.2688","2050:HighT-Molten-Salt-discharger:FOM","%/year","","NONMONETARY_PERCENT_UNCHANGED","","GATE4-20261006-FIXED-ACCOUNTS-EUR2020#B",""
"HighT-Molten-Salt-discharger","investment","2050","576769.073","2050:HighT-Molten-Salt-discharger:investment","EUR/MW","2020","ALREADY_EUR2020_UNCHANGED","","GATE4-20261006-FIXED-ACCOUNTS-EUR2020#B",""
"HighT-Molten-Salt-store","FOM","2050","0.3308","2050:HighT-Molten-Salt-store:FOM","%/year","","NONMONETARY_PERCENT_UNCHANGED","","GATE4-20261006-FIXED-ACCOUNTS-EUR2020#B",""
"HighT-Molten-Salt-store","investment","2050","94107.5489","2050:HighT-Molten-Salt-store:investment","EUR/MWh","2020","ALREADY_EUR2020_UNCHANGED","","GATE4-20261006-FIXED-ACCOUNTS-EUR2020#B",""
"Hydrogen fuel cell (passenger cars)","FOM","2050","1.2","2050:Hydrogen fuel cell (passenger cars):FOM","%","","NONMONETARY_PERCENT_UNCHANGED","","GATE4-20261006-FIXED-ACCOUNTS-EUR2020#B",""
"Hydrogen fuel cell (passenger cars)","investment","2050","26880","2050:Hydrogen fuel cell (passenger cars):investment","EUR/PKW","2020","ALREADY_EUR2020_UNCHANGED","","GATE4-20261006-FIXED-ACCOUNTS-EUR2020#B",""
"Hydrogen fuel cell (trucks)","FOM","2050","12.2","2050:Hydrogen fuel cell (trucks):FOM","%","","NONMONETARY_PERCENT_UNCHANGED","","GATE4-20261006-FIXED-ACCOUNTS-EUR2020#B",""
"Hydrogen fuel cell (trucks)","investment","2050","125710","2050:Hydrogen fuel cell (trucks):investment","EUR/LKW","2020","ALREADY_EUR2020_UNCHANGED","","GATE4-20261006-FIXED-ACCOUNTS-EUR2020#B",""
"Hydrogen-charger","FOM","2050","0.6345","2050:Hydrogen-charger:FOM","%/year","","NONMONETARY_PERCENT_UNCHANGED","","GATE4-20261006-FIXED-ACCOUNTS-EUR2020#B",""
"Hydrogen-charger","investment","2050","347170.8209","2050:Hydrogen-charger:investment","EUR/MW","2020","ALREADY_EUR2020_UNCHANGED","","GATE4-20261006-FIXED-ACCOUNTS-EUR2020#B",""
"Hydrogen-discharger","FOM","2050","0.5812","2050:Hydrogen-discharger:FOM","%/year","","NONMONETARY_PERCENT_UNCHANGED","","GATE4-20261006-FIXED-ACCOUNTS-EUR2020#B",""
"Hydrogen-discharger","investment","2050","379007.4464","2050:Hydrogen-discharger:investment","EUR/MW","2020","ALREADY_EUR2020_UNCHANGED","","GATE4-20261006-FIXED-ACCOUNTS-EUR2020#B",""
"Hydrogen-store","FOM","2050","0.43","2050:Hydrogen-store:FOM","%/year","","NONMONETARY_PERCENT_UNCHANGED","","GATE4-20261006-FIXED-ACCOUNTS-EUR2020#B",""
"Hydrogen-store","investment","2050","4779.9527","2050:Hydrogen-store:investment","EUR/MWh","2020","ALREADY_EUR2020_UNCHANGED","","GATE4-20261006-FIXED-ACCOUNTS-EUR2020#B",""
"LNG storage tank","FOM","2050","2","2050:LNG storage tank:FOM","%/year","","NONMONETARY_PERCENT_UNCHANGED","","GATE4-20261006-FIXED-ACCOUNTS-EUR2020#B",""
"LNG storage tank","investment","2050","666.634","2050:LNG storage tank:investment","EUR/m^3","2020","ALREADY_EUR2020_UNCHANGED","","GATE4-20261006-FIXED-ACCOUNTS-EUR2020#B",""
"LOHC chemical","investment","2050","2500","2050:LOHC chemical:investment","EUR/t","2020","ALREADY_EUR2020_UNCHANGED","","GATE4-20261006-FIXED-ACCOUNTS-EUR2020#B",""
"LOHC dehydrogenation","FOM","2050","3","2050:LOHC dehydrogenation:FOM","%/year","","NONMONETARY_PERCENT_UNCHANGED","","GATE4-20261006-FIXED-ACCOUNTS-EUR2020#B",""
"LOHC dehydrogenation","investment","2050","53681.4988","2050:LOHC dehydrogenation:investment","EUR/MW_H2","2020","ALREADY_EUR2020_UNCHANGED","","GATE4-20261006-FIXED-ACCOUNTS-EUR2020#B",""
"LOHC dehydrogenation (small scale)","FOM","2050","3","2050:LOHC dehydrogenation (small scale):FOM","%/year","","NONMONETARY_PERCENT_UNCHANGED","","GATE4-20261006-FIXED-ACCOUNTS-EUR2020#B",""
"LOHC dehydrogenation (small scale)","investment","2050","839000","2050:LOHC dehydrogenation (small scale):investment","EUR/MW_H2","2020","ALREADY_EUR2020_UNCHANGED","","GATE4-20261006-FIXED-ACCOUNTS-EUR2020#B",""
"LOHC hydrogenation","FOM","2050","3","2050:LOHC hydrogenation:FOM","%/year","","NONMONETARY_PERCENT_UNCHANGED","","GATE4-20261006-FIXED-ACCOUNTS-EUR2020#B",""
"LOHC hydrogenation","investment","2050","54243.958","2050:LOHC hydrogenation:investment","EUR/MW_H2","2020","ALREADY_EUR2020_UNCHANGED","","GATE4-20261006-FIXED-ACCOUNTS-EUR2020#B",""
"LOHC loaded DBT storage","FOM","2050","6.25","2050:LOHC loaded DBT storage:FOM","%/year","","NONMONETARY_PERCENT_UNCHANGED","","GATE4-20261006-FIXED-ACCOUNTS-EUR2020#B",""
"LOHC loaded DBT storage","investment","2050","151.5383","2050:LOHC loaded DBT storage:investment","EUR/t","2020","ALREADY_EUR2020_UNCHANGED","","GATE4-20261006-FIXED-ACCOUNTS-EUR2020#B",""
"LOHC transport ship","FOM","2050","5","2050:LOHC transport ship:FOM","%/year","","NONMONETARY_PERCENT_UNCHANGED","","GATE4-20261006-FIXED-ACCOUNTS-EUR2020#B",""
"LOHC transport ship","investment","2050","35000000","2050:LOHC transport ship:investment","EUR","2020","ALREADY_EUR2020_UNCHANGED","","GATE4-20261006-FIXED-ACCOUNTS-EUR2020#B",""
"LOHC unloaded DBT storage","FOM","2050","6.25","2050:LOHC unloaded DBT storage:FOM","%/year","","NONMONETARY_PERCENT_UNCHANGED","","GATE4-20261006-FIXED-ACCOUNTS-EUR2020#B",""
"LOHC unloaded DBT storage","investment","2050","134.2745","2050:LOHC unloaded DBT storage:investment","EUR/t","2020","ALREADY_EUR2020_UNCHANGED","","GATE4-20261006-FIXED-ACCOUNTS-EUR2020#B",""
"Lead-Acid-bicharger","FOM","2050","2.4427","2050:Lead-Acid-bicharger:FOM","%/year","","NONMONETARY_PERCENT_UNCHANGED","","GATE4-20261006-FIXED-ACCOUNTS-EUR2020#B",""
"Lead-Acid-bicharger","investment","2050","128853.6139","2050:Lead-Acid-bicharger:investment","EUR/MW","2020","ALREADY_EUR2020_UNCHANGED","","GATE4-20261006-FIXED-ACCOUNTS-EUR2020#B",""
"Lead-Acid-store","FOM","2050","0.2542","2050:Lead-Acid-store:FOM","%/year","","NONMONETARY_PERCENT_UNCHANGED","","GATE4-20261006-FIXED-ACCOUNTS-EUR2020#B",""
"Lead-Acid-store","investment","2050","320631.3818","2050:Lead-Acid-store:investment","EUR/MWh","2020","ALREADY_EUR2020_UNCHANGED","","GATE4-20261006-FIXED-ACCOUNTS-EUR2020#B",""
"Liquid fuels ICE (passenger cars)","FOM","2050","1.6","2050:Liquid fuels ICE (passenger cars):FOM","%","","NONMONETARY_PERCENT_UNCHANGED","","GATE4-20261006-FIXED-ACCOUNTS-EUR2020#B",""
"Liquid fuels ICE (passenger cars)","investment","2050","26880","2050:Liquid fuels ICE (passenger cars):investment","EUR/PKW","2020","ALREADY_EUR2020_UNCHANGED","","GATE4-20261006-FIXED-ACCOUNTS-EUR2020#B",""
"Liquid fuels ICE (trucks)","FOM","2050","15.5","2050:Liquid fuels ICE (trucks):FOM","%","","NONMONETARY_PERCENT_UNCHANGED","","GATE4-20261006-FIXED-ACCOUNTS-EUR2020#B",""
"Liquid fuels ICE (trucks)","investment","2050","116401","2050:Liquid fuels ICE (trucks):investment","EUR/LKW","2020","ALREADY_EUR2020_UNCHANGED","","GATE4-20261006-FIXED-ACCOUNTS-EUR2020#B",""
"Liquid-Air-charger","FOM","2050","0.366","2050:Liquid-Air-charger:FOM","%/year","","NONMONETARY_PERCENT_UNCHANGED","","GATE4-20261006-FIXED-ACCOUNTS-EUR2020#B",""
"Liquid-Air-charger","investment","2050","475721.2289","2050:Liquid-Air-charger:investment","EUR/MW","2020","ALREADY_EUR2020_UNCHANGED","","GATE4-20261006-FIXED-ACCOUNTS-EUR2020#B",""
"Liquid-Air-discharger","FOM","2050","0.5212","2050:Liquid-Air-discharger:FOM","%/year","","NONMONETARY_PERCENT_UNCHANGED","","GATE4-20261006-FIXED-ACCOUNTS-EUR2020#B",""
"Liquid-Air-discharger","investment","2050","334017.033","2050:Liquid-Air-discharger:investment","EUR/MW","2020","ALREADY_EUR2020_UNCHANGED","","GATE4-20261006-FIXED-ACCOUNTS-EUR2020#B",""
"Liquid-Air-store","FOM","2050","0.3208","2050:Liquid-Air-store:FOM","%/year","","NONMONETARY_PERCENT_UNCHANGED","","GATE4-20261006-FIXED-ACCOUNTS-EUR2020#B",""
"Liquid-Air-store","investment","2050","159004.771","2050:Liquid-Air-store:investment","EUR/MWh","2020","ALREADY_EUR2020_UNCHANGED","","GATE4-20261006-FIXED-ACCOUNTS-EUR2020#B",""
"Lithium-Ion-LFP-bicharger","FOM","2050","2.1198","2050:Lithium-Ion-LFP-bicharger:FOM","%/year","","NONMONETARY_PERCENT_UNCHANGED","","GATE4-20261006-FIXED-ACCOUNTS-EUR2020#B",""
"Lithium-Ion-LFP-bicharger","investment","2050","81553.4846","2050:Lithium-Ion-LFP-bicharger:investment","EUR/MW","2020","ALREADY_EUR2020_UNCHANGED","","GATE4-20261006-FIXED-ACCOUNTS-EUR2020#B",""
"Lithium-Ion-LFP-store","FOM","2050","0.0447","2050:Lithium-Ion-LFP-store:FOM","%/year","","NONMONETARY_PERCENT_UNCHANGED","","GATE4-20261006-FIXED-ACCOUNTS-EUR2020#B",""
"Lithium-Ion-LFP-store","investment","2050","236482.8109","2050:Lithium-Ion-LFP-store:investment","EUR/MWh","2020","ALREADY_EUR2020_UNCHANGED","","GATE4-20261006-FIXED-ACCOUNTS-EUR2020#B",""
"Lithium-Ion-NMC-bicharger","FOM","2050","2.1198","2050:Lithium-Ion-NMC-bicharger:FOM","%/year","","NONMONETARY_PERCENT_UNCHANGED","","GATE4-20261006-FIXED-ACCOUNTS-EUR2020#B",""
"Lithium-Ion-NMC-bicharger","investment","2050","81553.4846","2050:Lithium-Ion-NMC-bicharger:investment","EUR/MW","2020","ALREADY_EUR2020_UNCHANGED","","GATE4-20261006-FIXED-ACCOUNTS-EUR2020#B",""
"Lithium-Ion-NMC-store","FOM","2050","0.038","2050:Lithium-Ion-NMC-store:FOM","%/year","","NONMONETARY_PERCENT_UNCHANGED","","GATE4-20261006-FIXED-ACCOUNTS-EUR2020#B",""
"Lithium-Ion-NMC-store","investment","2050","269576.8493","2050:Lithium-Ion-NMC-store:investment","EUR/MWh","2020","ALREADY_EUR2020_UNCHANGED","","GATE4-20261006-FIXED-ACCOUNTS-EUR2020#B",""
"LowT-Molten-Salt-charger","FOM","2050","1.075","2050:LowT-Molten-Salt-charger:FOM","%/year","","NONMONETARY_PERCENT_UNCHANGED","","GATE4-20261006-FIXED-ACCOUNTS-EUR2020#B",""
"LowT-Molten-Salt-charger","investment","2050","144192.2682","2050:LowT-Molten-Salt-charger:investment","EUR/MW","2020","ALREADY_EUR2020_UNCHANGED","","GATE4-20261006-FIXED-ACCOUNTS-EUR2020#B",""
"LowT-Molten-Salt-discharger","FOM","2050","0.2688","2050:LowT-Molten-Salt-discharger:FOM","%/year","","NONMONETARY_PERCENT_UNCHANGED","","GATE4-20261006-FIXED-ACCOUNTS-EUR2020#B",""
"LowT-Molten-Salt-discharger","investment","2050","576769.073","2050:LowT-Molten-Salt-discharger:investment","EUR/MW","2020","ALREADY_EUR2020_UNCHANGED","","GATE4-20261006-FIXED-ACCOUNTS-EUR2020#B",""
"LowT-Molten-Salt-store","FOM","2050","0.3308","2050:LowT-Molten-Salt-store:FOM","%/year","","NONMONETARY_PERCENT_UNCHANGED","","GATE4-20261006-FIXED-ACCOUNTS-EUR2020#B",""
"LowT-Molten-Salt-store","investment","2050","58041.2003","2050:LowT-Molten-Salt-store:investment","EUR/MWh","2020","ALREADY_EUR2020_UNCHANGED","","GATE4-20261006-FIXED-ACCOUNTS-EUR2020#B",""
"MeOH transport ship","FOM","2050","5","2050:MeOH transport ship:FOM","%/year","","NONMONETARY_PERCENT_UNCHANGED","","GATE4-20261006-FIXED-ACCOUNTS-EUR2020#B",""
"MeOH transport ship","investment","2050","35000000","2050:MeOH transport ship:investment","EUR","2020","ALREADY_EUR2020_UNCHANGED","","GATE4-20261006-FIXED-ACCOUNTS-EUR2020#B",""
"Methanol steam reforming","FOM","2050","4","2050:Methanol steam reforming:FOM","%/year","","NONMONETARY_PERCENT_UNCHANGED","","GATE4-20261006-FIXED-ACCOUNTS-EUR2020#B",""
"Methanol steam reforming","investment","2050","18016.8665","2050:Methanol steam reforming:investment","EUR/MW_H2","2020","ALREADY_EUR2020_UNCHANGED","","GATE4-20261006-FIXED-ACCOUNTS-EUR2020#B",""
"NH3 (l) storage tank incl. liquefaction","FOM","2050","2","2050:NH3 (l) storage tank incl. liquefaction:FOM","%/year","","NONMONETARY_PERCENT_UNCHANGED","","GATE4-20261006-FIXED-ACCOUNTS-EUR2020#B",""
"NH3 (l) storage tank incl. liquefaction","investment","2050","166.8201","2050:NH3 (l) storage tank incl. liquefaction:investment","EUR/MWh_NH3","2020","ALREADY_EUR2020_UNCHANGED","","GATE4-20261006-FIXED-ACCOUNTS-EUR2020#B",""
"NH3 (l) transport ship","FOM","2050","4","2050:NH3 (l) transport ship:FOM","%/year","","NONMONETARY_PERCENT_UNCHANGED","","GATE4-20261006-FIXED-ACCOUNTS-EUR2020#B",""
"NH3 (l) transport ship","investment","2050","81164200","2050:NH3 (l) transport ship:investment","EUR","2020","ALREADY_EUR2020_UNCHANGED","","GATE4-20261006-FIXED-ACCOUNTS-EUR2020#B",""
"Ni-Zn-bicharger","FOM","2050","2.1198","2050:Ni-Zn-bicharger:FOM","%/year","","NONMONETARY_PERCENT_UNCHANGED","","GATE4-20261006-FIXED-ACCOUNTS-EUR2020#B",""
"Ni-Zn-bicharger","investment","2050","81553.4846","2050:Ni-Zn-bicharger:investment","EUR/MW","2020","ALREADY_EUR2020_UNCHANGED","","GATE4-20261006-FIXED-ACCOUNTS-EUR2020#B",""
"Ni-Zn-store","FOM","2050","0.2262","2050:Ni-Zn-store:FOM","%/year","","NONMONETARY_PERCENT_UNCHANGED","","GATE4-20261006-FIXED-ACCOUNTS-EUR2020#B",""
"Ni-Zn-store","investment","2050","267837.874","2050:Ni-Zn-store:investment","EUR/MWh","2020","ALREADY_EUR2020_UNCHANGED","","GATE4-20261006-FIXED-ACCOUNTS-EUR2020#B",""
"OCGT","FOM","2050","3.75","2050:OCGT:FOM","%/year","","NONMONETARY_PERCENT_UNCHANGED","","GATE4-20261006-FIXED-ACCOUNTS-EUR2020#B",""
"OCGT","VOM","2050","3.1580230772615585","2050:OCGT:VOM","EUR/MWh","2020","ALREADY_EUR2020_UNCHANGED","","GATE4-20261006-FIXED-ACCOUNTS-EUR2020#B",""
"OCGT","investment","2050","540372.8376647556","2050:OCGT:investment","EUR/MW","2020","ALREADY_EUR2020_UNCHANGED","","GATE4-20261006-FIXED-ACCOUNTS-EUR2020#B",""
"PEM electrolyzer small size","FOM","2050","3","2050:PEM electrolyzer small size:FOM","%/year","","NONMONETARY_PERCENT_UNCHANGED","","GATE4-20261006-FIXED-ACCOUNTS-EUR2020#B",""
"PEM electrolyzer small size","investment","2050","1080538.4","2050:PEM electrolyzer small size:investment","EUR/MW","2020","ALREADY_EUR2020_UNCHANGED","","GATE4-20261006-FIXED-ACCOUNTS-EUR2020#B",""
"PHS","FOM","2050","1","2050:PHS:FOM","%/year","","NONMONETARY_PERCENT_UNCHANGED","","GATE4-20261006-FIXED-ACCOUNTS-EUR2020#B",""
"PHS","investment","2050","2274817.7","2050:PHS:investment","EUR/MWel","2020","ALREADY_EUR2020_UNCHANGED","","GATE4-20261006-FIXED-ACCOUNTS-EUR2020#B",""
"Pumped-Heat-charger","FOM","2050","0.366","2050:Pumped-Heat-charger:FOM","%/year","","NONMONETARY_PERCENT_UNCHANGED","","GATE4-20261006-FIXED-ACCOUNTS-EUR2020#B",""
"Pumped-Heat-charger","investment","2050","761782.6727","2050:Pumped-Heat-charger:investment","EUR/MW","2020","ALREADY_EUR2020_UNCHANGED","","GATE4-20261006-FIXED-ACCOUNTS-EUR2020#B",""
"Pumped-Heat-discharger","FOM","2050","0.5212","2050:Pumped-Heat-discharger:FOM","%/year","","NONMONETARY_PERCENT_UNCHANGED","","GATE4-20261006-FIXED-ACCOUNTS-EUR2020#B",""
"Pumped-Heat-discharger","investment","2050","534868.6851","2050:Pumped-Heat-discharger:investment","EUR/MW","2020","ALREADY_EUR2020_UNCHANGED","","GATE4-20261006-FIXED-ACCOUNTS-EUR2020#B",""
"Pumped-Heat-store","FOM","2050","0.1528","2050:Pumped-Heat-store:FOM","%/year","","NONMONETARY_PERCENT_UNCHANGED","","GATE4-20261006-FIXED-ACCOUNTS-EUR2020#B",""
"Pumped-Heat-store","investment","2050","11546.7963","2050:Pumped-Heat-store:investment","EUR/MWh","2020","ALREADY_EUR2020_UNCHANGED","","GATE4-20261006-FIXED-ACCOUNTS-EUR2020#B",""
"Pumped-Storage-Hydro-bicharger","FOM","2050","5.139318885448915","2050:Pumped-Storage-Hydro-bicharger:FOM","%/year","","NONMONETARY_PERCENT_UNCHANGED","","GATE4-20261006-FIXED-ACCOUNTS-EUR2020#B",""
"Pumped-Storage-Hydro-bicharger","VOM","2050","0.0982496068481373","2050:Pumped-Storage-Hydro-bicharger:VOM","EUR/MWh","2020","ALREADY_EUR2020_UNCHANGED","","GATE4-20261006-FIXED-ACCOUNTS-EUR2020#B",""
"Pumped-Storage-Hydro-bicharger","investment","2050","141672.42416048385","2050:Pumped-Storage-Hydro-bicharger:investment","EUR/MW","2020","ALREADY_EUR2020_UNCHANGED","","GATE4-20261006-FIXED-ACCOUNTS-EUR2020#B",""
"Pumped-Storage-Hydro-store","FOM","2050","0.43","2050:Pumped-Storage-Hydro-store:FOM","%/year","","NONMONETARY_PERCENT_UNCHANGED","","GATE4-20261006-FIXED-ACCOUNTS-EUR2020#B",""
"Pumped-Storage-Hydro-store","investment","2050","57074.0625","2050:Pumped-Storage-Hydro-store:investment","EUR/MWh","2020","ALREADY_EUR2020_UNCHANGED","","GATE4-20261006-FIXED-ACCOUNTS-EUR2020#B",""
"SMR","FOM","2050","5","2050:SMR:FOM","%/year","","NONMONETARY_PERCENT_UNCHANGED","","GATE4-20261006-FIXED-ACCOUNTS-EUR2020#B",""
"SMR","investment","2050","522201.0492","2050:SMR:investment","EUR/MW_CH4","2020","ALREADY_EUR2020_UNCHANGED","","GATE4-20261006-FIXED-ACCOUNTS-EUR2020#B",""
"SMR CC","FOM","2050","5","2050:SMR CC:FOM","%/year","","NONMONETARY_PERCENT_UNCHANGED","","GATE4-20261006-FIXED-ACCOUNTS-EUR2020#B",""
"SMR CC","investment","2050","605753.2171","2050:SMR CC:investment","EUR/MW_CH4","2020","ALREADY_EUR2020_UNCHANGED","","GATE4-20261006-FIXED-ACCOUNTS-EUR2020#B",""
"SOEC","FOM","2050","4","2050:SOEC:FOM","%/year","","NONMONETARY_PERCENT_UNCHANGED","","GATE4-20261006-FIXED-ACCOUNTS-EUR2020#B",""
"SOEC","investment","2050","","2050:SOEC:investment","","","PENDING","","GATE4-20261006-FIXED-ACCOUNTS-EUR2020#B","Non-EUR requires explicit frozen FX reconciliation before real-price adjustment"
"Sand-charger","FOM","2050","1.075","2050:Sand-charger:FOM","%/year","","NONMONETARY_PERCENT_UNCHANGED","","GATE4-20261006-FIXED-ACCOUNTS-EUR2020#B",""
"Sand-charger","investment","2050","144192.2682","2050:Sand-charger:investment","EUR/MW","2020","ALREADY_EUR2020_UNCHANGED","","GATE4-20261006-FIXED-ACCOUNTS-EUR2020#B",""
"Sand-discharger","FOM","2050","0.2688","2050:Sand-discharger:FOM","%/year","","NONMONETARY_PERCENT_UNCHANGED","","GATE4-20261006-FIXED-ACCOUNTS-EUR2020#B",""
"Sand-discharger","investment","2050","576769.073","2050:Sand-discharger:investment","EUR/MW","2020","ALREADY_EUR2020_UNCHANGED","","GATE4-20261006-FIXED-ACCOUNTS-EUR2020#B",""
"Sand-store","FOM","2050","0.3308","2050:Sand-store:FOM","%/year","","NONMONETARY_PERCENT_UNCHANGED","","GATE4-20261006-FIXED-ACCOUNTS-EUR2020#B",""
"Sand-store","investment","2050","6700.8517","2050:Sand-store:investment","EUR/MWh","2020","ALREADY_EUR2020_UNCHANGED","","GATE4-20261006-FIXED-ACCOUNTS-EUR2020#B",""
"Steam methane reforming","FOM","2050","3","2050:Steam methane reforming:FOM","%/year","","NONMONETARY_PERCENT_UNCHANGED","","GATE4-20261006-FIXED-ACCOUNTS-EUR2020#B",""
"Steam methane reforming","investment","2050","497454.611","2050:Steam methane reforming:investment","EUR/MW_H2","2020","ALREADY_EUR2020_UNCHANGED","","GATE4-20261006-FIXED-ACCOUNTS-EUR2020#B",""
"Tank&bulk, diesel","investment","2050","35129312.4041","2050:Tank&bulk, diesel:investment","EUR","2020","ALREADY_EUR2020_UNCHANGED","","GATE4-20261006-FIXED-ACCOUNTS-EUR2020#B",""
"Tank&bulk, methanol","investment","2050","35129312.4041","2050:Tank&bulk, methanol:investment","EUR","2020","ALREADY_EUR2020_UNCHANGED","","GATE4-20261006-FIXED-ACCOUNTS-EUR2020#B",""
"Tankbulk, ammonia","investment","2050","35129312.4041","2050:Tankbulk, ammonia:investment","EUR","2020","ALREADY_EUR2020_UNCHANGED","","GATE4-20261006-FIXED-ACCOUNTS-EUR2020#B",""
"Vanadium-Redox-Flow-bicharger","FOM","2050","2.4395","2050:Vanadium-Redox-Flow-bicharger:FOM","%/year","","NONMONETARY_PERCENT_UNCHANGED","","GATE4-20261006-FIXED-ACCOUNTS-EUR2020#B",""
"Vanadium-Redox-Flow-bicharger","investment","2050","129023.0526","2050:Vanadium-Redox-Flow-bicharger:investment","EUR/MW","2020","ALREADY_EUR2020_UNCHANGED","","GATE4-20261006-FIXED-ACCOUNTS-EUR2020#B",""
"Vanadium-Redox-Flow-store","FOM","2050","0.2345","2050:Vanadium-Redox-Flow-store:FOM","%/year","","NONMONETARY_PERCENT_UNCHANGED","","GATE4-20261006-FIXED-ACCOUNTS-EUR2020#B",""
"Vanadium-Redox-Flow-store","investment","2050","258072.8586","2050:Vanadium-Redox-Flow-store:investment","EUR/MWh","2020","ALREADY_EUR2020_UNCHANGED","","GATE4-20261006-FIXED-ACCOUNTS-EUR2020#B",""
"Zn-Air-bicharger","FOM","2050","2.4395","2050:Zn-Air-bicharger:FOM","%/year","","NONMONETARY_PERCENT_UNCHANGED","","GATE4-20261006-FIXED-ACCOUNTS-EUR2020#B",""
"Zn-Air-bicharger","investment","2050","129023.0526","2050:Zn-Air-bicharger:investment","EUR/MW","2020","ALREADY_EUR2020_UNCHANGED","","GATE4-20261006-FIXED-ACCOUNTS-EUR2020#B",""
"Zn-Air-store","FOM","2050","0.1654","2050:Zn-Air-store:FOM","%/year","","NONMONETARY_PERCENT_UNCHANGED","","GATE4-20261006-FIXED-ACCOUNTS-EUR2020#B",""
"Zn-Air-store","investment","2050","174388.0144","2050:Zn-Air-store:investment","EUR/MWh","2020","ALREADY_EUR2020_UNCHANGED","","GATE4-20261006-FIXED-ACCOUNTS-EUR2020#B",""
"Zn-Br-Flow-bicharger","FOM","2050","2.1198","2050:Zn-Br-Flow-bicharger:FOM","%/year","","NONMONETARY_PERCENT_UNCHANGED","","GATE4-20261006-FIXED-ACCOUNTS-EUR2020#B",""
"Zn-Br-Flow-bicharger","investment","2050","81553.4846","2050:Zn-Br-Flow-bicharger:investment","EUR/MW","2020","ALREADY_EUR2020_UNCHANGED","","GATE4-20261006-FIXED-ACCOUNTS-EUR2020#B",""
"Zn-Br-Flow-store","FOM","2050","0.2576","2050:Zn-Br-Flow-store:FOM","%/year","","NONMONETARY_PERCENT_UNCHANGED","","GATE4-20261006-FIXED-ACCOUNTS-EUR2020#B",""
"Zn-Br-Flow-store","investment","2050","412306.5947","2050:Zn-Br-Flow-store:investment","EUR/MWh","2020","ALREADY_EUR2020_UNCHANGED","","GATE4-20261006-FIXED-ACCOUNTS-EUR2020#B",""
"Zn-Br-Nonflow-bicharger","FOM","2050","2.4395","2050:Zn-Br-Nonflow-bicharger:FOM","%/year","","NONMONETARY_PERCENT_UNCHANGED","","GATE4-20261006-FIXED-ACCOUNTS-EUR2020#B",""
"Zn-Br-Nonflow-bicharger","investment","2050","129023.0526","2050:Zn-Br-Nonflow-bicharger:investment","EUR/MW","2020","ALREADY_EUR2020_UNCHANGED","","GATE4-20261006-FIXED-ACCOUNTS-EUR2020#B",""
"Zn-Br-Nonflow-store","FOM","2050","0.2244","2050:Zn-Br-Nonflow-store:FOM","%/year","","NONMONETARY_PERCENT_UNCHANGED","","GATE4-20261006-FIXED-ACCOUNTS-EUR2020#B",""
"Zn-Br-Nonflow-store","investment","2050","239220.5823","2050:Zn-Br-Nonflow-store:investment","EUR/MWh","2020","ALREADY_EUR2020_UNCHANGED","","GATE4-20261006-FIXED-ACCOUNTS-EUR2020#B",""
"air separation unit","FOM","2050","3","2050:air separation unit:FOM","%/year","","NONMONETARY_PERCENT_UNCHANGED","","GATE4-20261006-FIXED-ACCOUNTS-EUR2020#B",""
"air separation unit","investment","2050","514601.1327","2050:air separation unit:investment","EUR/t_N2/h","2020","ALREADY_EUR2020_UNCHANGED","","GATE4-20261006-FIXED-ACCOUNTS-EUR2020#B",""
"allam","VOM","2050","2","2050:allam:VOM","EUR/MWh","2020","ALREADY_EUR2020_UNCHANGED","","GATE4-20261006-FIXED-ACCOUNTS-EUR2020#B",""
"allam","investment","2050","1500000","2050:allam:investment","EUR/MW","2020","ALREADY_EUR2020_UNCHANGED","","GATE4-20261006-FIXED-ACCOUNTS-EUR2020#B",""
"ammonia carbon capture retrofit","FOM","2050","5","2050:ammonia carbon capture retrofit:FOM","%/year","","NONMONETARY_PERCENT_UNCHANGED","","GATE4-20261006-FIXED-ACCOUNTS-EUR2020#B",""
"ammonia carbon capture retrofit","investment","2050","","2050:ammonia carbon capture retrofit:investment","","","PENDING","","GATE4-20261006-FIXED-ACCOUNTS-EUR2020#B","Non-EUR requires explicit frozen FX reconciliation before real-price adjustment"
"battery inverter","FOM","2050","17.13306681896059","2050:battery inverter:FOM","%/year","","NONMONETARY_PERCENT_UNCHANGED","","GATE4-20261006-FIXED-ACCOUNTS-EUR2020#B",""
"battery inverter","VOM","2050","0.1403565812116247","2050:battery inverter:VOM","EUR/MWh","2020","ALREADY_EUR2020_UNCHANGED","","GATE4-20261006-FIXED-ACCOUNTS-EUR2020#B",""
"battery inverter","investment","2050","76801.36678173598","2050:battery inverter:investment","EUR/MW","2020","ALREADY_EUR2020_UNCHANGED","","GATE4-20261006-FIXED-ACCOUNTS-EUR2020#B",""
"battery storage","investment","2050","79755","2050:battery storage:investment","EUR/MWh","2020","ALREADY_EUR2020_UNCHANGED","","GATE4-20261006-FIXED-ACCOUNTS-EUR2020#B",""
"biochar pyrolysis","FOM","2050","3.4","2050:biochar pyrolysis:FOM","%/year","","NONMONETARY_PERCENT_UNCHANGED","","GATE4-20261006-FIXED-ACCOUNTS-EUR2020#B",""
"biochar pyrolysis","VOM","2050","823.497","2050:biochar pyrolysis:VOM","EUR/MWh_biochar","2020","ALREADY_EUR2020_UNCHANGED","","GATE4-20261006-FIXED-ACCOUNTS-EUR2020#B",""
"biochar pyrolysis","investment","2050","128671400","2050:biochar pyrolysis:investment","EUR/MW_biochar","2020","ALREADY_EUR2020_UNCHANGED","","GATE4-20261006-FIXED-ACCOUNTS-EUR2020#B",""
"biodiesel crops","fuel","2050","131.8317","2050:biodiesel crops:fuel","EUR/MWhth","2020","ALREADY_EUR2020_UNCHANGED","","GATE4-20261006-FIXED-ACCOUNTS-EUR2020#B",""
"bioethanol crops","fuel","2050","89.8502","2050:bioethanol crops:fuel","EUR/MWhth","2020","ALREADY_EUR2020_UNCHANGED","","GATE4-20261006-FIXED-ACCOUNTS-EUR2020#B",""
"biogas","FOM","2050","7.651331719128327","2050:biogas:FOM","%/year","","NONMONETARY_PERCENT_UNCHANGED","","GATE4-20261006-FIXED-ACCOUNTS-EUR2020#B",""
"biogas","VOM","2050","0.0517564893217866","2050:biogas:VOM","EUR/MWh","2020","ALREADY_EUR2020_UNCHANGED","","GATE4-20261006-FIXED-ACCOUNTS-EUR2020#B",""
"biogas","fuel","2050","62.4351","2050:biogas:fuel","EUR/MWhth","2020","ALREADY_EUR2020_UNCHANGED","","GATE4-20261006-FIXED-ACCOUNTS-EUR2020#B",""
"biogas","investment","2050","1268033.9883837732","2050:biogas:investment","EUR/MW","2020","ALREADY_EUR2020_UNCHANGED","","GATE4-20261006-FIXED-ACCOUNTS-EUR2020#B",""
"biogas CC","FOM","2050","7.7769","2050:biogas CC:FOM","%/year","","NONMONETARY_PERCENT_UNCHANGED","","GATE4-20261006-FIXED-ACCOUNTS-EUR2020#B",""
"biogas CC","investment","2050","867353.2000000001","2050:biogas CC:investment","EUR/MW","2020","ALREADY_EUR2020_UNCHANGED","","GATE4-20261006-FIXED-ACCOUNTS-EUR2020#B",""
"biogas manure","fuel","2050","19.9506","2050:biogas manure:fuel","EUR/MWhth","2020","ALREADY_EUR2020_UNCHANGED","","GATE4-20261006-FIXED-ACCOUNTS-EUR2020#B",""
"biogas plus hydrogen","FOM","2050","4","2050:biogas plus hydrogen:FOM","%/year","","NONMONETARY_PERCENT_UNCHANGED","","GATE4-20261006-FIXED-ACCOUNTS-EUR2020#B",""
"biogas plus hydrogen","VOM","2050","2.2969","2050:biogas plus hydrogen:VOM","EUR/MWh_CH4","2020","ALREADY_EUR2020_UNCHANGED","","GATE4-20261006-FIXED-ACCOUNTS-EUR2020#B",""
"biogas plus hydrogen","investment","2050","482358.2","2050:biogas plus hydrogen:investment","EUR/MW_CH4","2020","ALREADY_EUR2020_UNCHANGED","","GATE4-20261006-FIXED-ACCOUNTS-EUR2020#B",""
"biogas upgrading","FOM","2050","17.0397","2050:biogas upgrading:FOM","%/year","","NONMONETARY_PERCENT_UNCHANGED","","GATE4-20261006-FIXED-ACCOUNTS-EUR2020#B",""
"biogas upgrading","VOM","2050","2.6993","2050:biogas upgrading:VOM","EUR/MWh output","2020","ALREADY_EUR2020_UNCHANGED","","GATE4-20261006-FIXED-ACCOUNTS-EUR2020#B",""
"biogas upgrading","investment","2050","125174.4","2050:biogas upgrading:investment","EUR/MW","2020","ALREADY_EUR2020_UNCHANGED","","GATE4-20261006-FIXED-ACCOUNTS-EUR2020#B",""
"biomass","FOM","2050","6.563144896647382","2050:biomass:FOM","%/year","","NONMONETARY_PERCENT_UNCHANGED","","GATE4-20261006-FIXED-ACCOUNTS-EUR2020#B",""
"biomass","VOM","2050","5.020379464213306","2050:biomass:VOM","EUR/MWh","2020","ALREADY_EUR2020_UNCHANGED","","GATE4-20261006-FIXED-ACCOUNTS-EUR2020#B",""
"biomass","fuel","2050","7.4076","2050:biomass:fuel","EUR/MWhth","2020","ALREADY_EUR2020_UNCHANGED","","GATE4-20261006-FIXED-ACCOUNTS-EUR2020#B",""
"biomass","investment","2050","1815100.0805150585","2050:biomass:investment","EUR/MW","2020","ALREADY_EUR2020_UNCHANGED","","GATE4-20261006-FIXED-ACCOUNTS-EUR2020#B",""
"biomass CHP","FOM","2050","3.5368","2050:biomass CHP:FOM","%/year","","NONMONETARY_PERCENT_UNCHANGED","","GATE4-20261006-FIXED-ACCOUNTS-EUR2020#B",""
"biomass CHP","VOM","2050","2.222","2050:biomass CHP:VOM","EUR/MWh_e","2020","ALREADY_EUR2020_UNCHANGED","","GATE4-20261006-FIXED-ACCOUNTS-EUR2020#B",""
"biomass CHP","investment","2050","3081797.8","2050:biomass CHP:investment","EUR/MW_e","2020","ALREADY_EUR2020_UNCHANGED","","GATE4-20261006-FIXED-ACCOUNTS-EUR2020#B",""
"biomass CHP capture","FOM","2050","3","2050:biomass CHP capture:FOM","%/year","","NONMONETARY_PERCENT_UNCHANGED","","GATE4-20261006-FIXED-ACCOUNTS-EUR2020#B",""
"biomass CHP capture","investment","2050","2000000","2050:biomass CHP capture:investment","EUR/(tCO2/h)","2020","ALREADY_EUR2020_UNCHANGED","","GATE4-20261006-FIXED-ACCOUNTS-EUR2020#B",""
"biomass EOP","FOM","2050","3.5368","2050:biomass EOP:FOM","%/year","","NONMONETARY_PERCENT_UNCHANGED","","GATE4-20261006-FIXED-ACCOUNTS-EUR2020#B",""
"biomass EOP","VOM","2050","2.222","2050:biomass EOP:VOM","EUR/MWh_e","2020","ALREADY_EUR2020_UNCHANGED","","GATE4-20261006-FIXED-ACCOUNTS-EUR2020#B",""
"biomass EOP","investment","2050","3081797.8","2050:biomass EOP:investment","EUR/MW_e","2020","ALREADY_EUR2020_UNCHANGED","","GATE4-20261006-FIXED-ACCOUNTS-EUR2020#B",""
"biomass HOP","FOM","2050","5.6957","2050:biomass HOP:FOM","%/year","","NONMONETARY_PERCENT_UNCHANGED","","GATE4-20261006-FIXED-ACCOUNTS-EUR2020#B",""
"biomass HOP","VOM","2050","3.3005","2050:biomass HOP:VOM","EUR/MWh","2020","ALREADY_EUR2020_UNCHANGED","","GATE4-20261006-FIXED-ACCOUNTS-EUR2020#B",""
"biomass HOP","investment","2050","797054.1","2050:biomass HOP:investment","EUR/MW_th - heat output","2020","ALREADY_EUR2020_UNCHANGED","","GATE4-20261006-FIXED-ACCOUNTS-EUR2020#B",""
"biomass boiler","FOM","2050","7.5412","2050:biomass boiler:FOM","%/year","","NONMONETARY_PERCENT_UNCHANGED","","GATE4-20261006-FIXED-ACCOUNTS-EUR2020#B",""
"biomass boiler","investment","2050","621559.2000000001","2050:biomass boiler:investment","EUR/MW_th","2020","ALREADY_EUR2020_UNCHANGED","","GATE4-20261006-FIXED-ACCOUNTS-EUR2020#B",""
"biomass boiler","pelletizing cost","2050","9.16301353923148","2050:biomass boiler:pelletizing cost","EUR/MWh_pellets","2020","REBASED_TO_EUR2020","","GATE4-20261006-FIXED-ACCOUNTS-EUR2020#B",""
"biomass-to-methanol","FOM","2050","2.6667","2050:biomass-to-methanol:FOM","%/year","","NONMONETARY_PERCENT_UNCHANGED","","GATE4-20261006-FIXED-ACCOUNTS-EUR2020#B",""
"biomass-to-methanol","VOM","2050","14.4653","2050:biomass-to-methanol:VOM","EUR/MWh_MeOH","2020","ALREADY_EUR2020_UNCHANGED","","GATE4-20261006-FIXED-ACCOUNTS-EUR2020#B",""
"biomass-to-methanol","investment","2050","1553164.6","2050:biomass-to-methanol:investment","EUR/MW_MeOH","2020","ALREADY_EUR2020_UNCHANGED","","GATE4-20261006-FIXED-ACCOUNTS-EUR2020#B",""
"blast furnace-basic oxygen furnace","FOM","2050","14.18","2050:blast furnace-basic oxygen furnace:FOM","%/year","","NONMONETARY_PERCENT_UNCHANGED","","GATE4-20261006-FIXED-ACCOUNTS-EUR2020#B",""
"blast furnace-basic oxygen furnace","investment","2050","7637406","2050:blast furnace-basic oxygen furnace:investment","EUR/t_steel/h","2020","ALREADY_EUR2020_UNCHANGED","","GATE4-20261006-FIXED-ACCOUNTS-EUR2020#B",""
"cement capture","FOM","2050","3","2050:cement capture:FOM","%/year","","NONMONETARY_PERCENT_UNCHANGED","","GATE4-20261006-FIXED-ACCOUNTS-EUR2020#B",""
"cement capture","investment","2050","1800000","2050:cement capture:investment","EUR/(tCO2/h)","2020","ALREADY_EUR2020_UNCHANGED","","GATE4-20261006-FIXED-ACCOUNTS-EUR2020#B",""
"cement carbon capture retrofit","FOM","2050","7","2050:cement carbon capture retrofit:FOM","%/year","","NONMONETARY_PERCENT_UNCHANGED","","GATE4-20261006-FIXED-ACCOUNTS-EUR2020#B",""
"cement carbon capture retrofit","investment","2050","","2050:cement carbon capture retrofit:investment","","","PENDING","","GATE4-20261006-FIXED-ACCOUNTS-EUR2020#B","Non-EUR requires explicit frozen FX reconciliation before real-price adjustment"
"cement dry clinker","FOM","2050","4","2050:cement dry clinker:FOM","%/year","","NONMONETARY_PERCENT_UNCHANGED","","GATE4-20261006-FIXED-ACCOUNTS-EUR2020#B",""
"cement dry clinker","VOM","2050","5.2911","2050:cement dry clinker:VOM","EUR/t_clinker","2020","ALREADY_EUR2020_UNCHANGED","","GATE4-20261006-FIXED-ACCOUNTS-EUR2020#B",""
"cement dry clinker","investment","2050","1158752.6816","2050:cement dry clinker:investment","EUR/t_clinker/h","2020","ALREADY_EUR2020_UNCHANGED","","GATE4-20261006-FIXED-ACCOUNTS-EUR2020#B",""
"cement finishing","FOM","2050","30","2050:cement finishing:FOM","%/year","","NONMONETARY_PERCENT_UNCHANGED","","GATE4-20261006-FIXED-ACCOUNTS-EUR2020#B",""
"cement finishing","VOM","2050","3.1747","2050:cement finishing:VOM","EUR/t_cement","2020","ALREADY_EUR2020_UNCHANGED","","GATE4-20261006-FIXED-ACCOUNTS-EUR2020#B",""
"cement finishing","investment","2050","92700.2145","2050:cement finishing:investment","EUR/t_cement/h","2020","ALREADY_EUR2020_UNCHANGED","","GATE4-20261006-FIXED-ACCOUNTS-EUR2020#B",""
"central air-sourced heat pump","FOM","2050","0.2336","2050:central air-sourced heat pump:FOM","%/year","","NONMONETARY_PERCENT_UNCHANGED","","GATE4-20261006-FIXED-ACCOUNTS-EUR2020#B",""
"central air-sourced heat pump","VOM","2050","2.8255","2050:central air-sourced heat pump:VOM","EUR/MWh_th","2020","ALREADY_EUR2020_UNCHANGED","","GATE4-20261006-FIXED-ACCOUNTS-EUR2020#B",""
"central air-sourced heat pump","investment","2050","906098.8","2050:central air-sourced heat pump:investment","EUR/MW_th","2020","ALREADY_EUR2020_UNCHANGED","","GATE4-20261006-FIXED-ACCOUNTS-EUR2020#B",""
"central coal CHP","FOM","2050","1.6316","2050:central coal CHP:FOM","%/year","","NONMONETARY_PERCENT_UNCHANGED","","GATE4-20261006-FIXED-ACCOUNTS-EUR2020#B",""
"central coal CHP","VOM","2050","2.8813","2050:central coal CHP:VOM","EUR/MWh","2020","ALREADY_EUR2020_UNCHANGED","","GATE4-20261006-FIXED-ACCOUNTS-EUR2020#B",""
"central coal CHP","investment","2050","1887734.5","2050:central coal CHP:investment","EUR/MW","2020","ALREADY_EUR2020_UNCHANGED","","GATE4-20261006-FIXED-ACCOUNTS-EUR2020#B",""
"central excess-heat-sourced heat pump","FOM","2050","0.3504","2050:central excess-heat-sourced heat pump:FOM","%/year","","NONMONETARY_PERCENT_UNCHANGED","","GATE4-20261006-FIXED-ACCOUNTS-EUR2020#B",""
"central excess-heat-sourced heat pump","VOM","2050","1.7884","2050:central excess-heat-sourced heat pump:VOM","EUR/MWh","2020","ALREADY_EUR2020_UNCHANGED","","GATE4-20261006-FIXED-ACCOUNTS-EUR2020#B",""
"central excess-heat-sourced heat pump","investment","2050","604065.9","2050:central excess-heat-sourced heat pump:investment","EUR/MW","2020","ALREADY_EUR2020_UNCHANGED","","GATE4-20261006-FIXED-ACCOUNTS-EUR2020#B",""
"central gas CHP","FOM","2050","3.4615","2050:central gas CHP:FOM","%/year","","NONMONETARY_PERCENT_UNCHANGED","","GATE4-20261006-FIXED-ACCOUNTS-EUR2020#B",""
"central gas CHP","VOM","2050","4.2329","2050:central gas CHP:VOM","EUR/MWh","2020","ALREADY_EUR2020_UNCHANGED","","GATE4-20261006-FIXED-ACCOUNTS-EUR2020#B",""
"central gas CHP","investment","2050","550275.2000000001","2050:central gas CHP:investment","EUR/MW","2020","ALREADY_EUR2020_UNCHANGED","","GATE4-20261006-FIXED-ACCOUNTS-EUR2020#B",""
"central gas CHP CC","FOM","2050","3.4615","2050:central gas CHP CC:FOM","%/year","","NONMONETARY_PERCENT_UNCHANGED","","GATE4-20261006-FIXED-ACCOUNTS-EUR2020#B",""
"central gas CHP CC","VOM","2050","4.2329","2050:central gas CHP CC:VOM","EUR/MWh","2020","ALREADY_EUR2020_UNCHANGED","","GATE4-20261006-FIXED-ACCOUNTS-EUR2020#B",""
"central gas CHP CC","investment","2050","550275.2000000001","2050:central gas CHP CC:investment","EUR/MW","2020","ALREADY_EUR2020_UNCHANGED","","GATE4-20261006-FIXED-ACCOUNTS-EUR2020#B",""
"central gas boiler","FOM","2050","3.4","2050:central gas boiler:FOM","%/year","","NONMONETARY_PERCENT_UNCHANGED","","GATE4-20261006-FIXED-ACCOUNTS-EUR2020#B",""
"central gas boiler","VOM","2050","1.0582","2050:central gas boiler:VOM","EUR/MWh_th","2020","ALREADY_EUR2020_UNCHANGED","","GATE4-20261006-FIXED-ACCOUNTS-EUR2020#B",""
"central gas boiler","investment","2050","52911.1","2050:central gas boiler:investment","EUR/MW_th","2020","ALREADY_EUR2020_UNCHANGED","","GATE4-20261006-FIXED-ACCOUNTS-EUR2020#B",""
"central geothermal heat source","FOM","2050","0.8477","2050:central geothermal heat source:FOM","%/year","","NONMONETARY_PERCENT_UNCHANGED","","GATE4-20261006-FIXED-ACCOUNTS-EUR2020#B",""
"central geothermal heat source","VOM","2050","4.5966","2050:central geothermal heat source:VOM","EUR/MWh","2020","ALREADY_EUR2020_UNCHANGED","","GATE4-20261006-FIXED-ACCOUNTS-EUR2020#B",""
"central geothermal heat source","investment","2050","2633941.2","2050:central geothermal heat source:investment","EUR/MW","2020","ALREADY_EUR2020_UNCHANGED","","GATE4-20261006-FIXED-ACCOUNTS-EUR2020#B",""
"central ground-sourced heat pump","FOM","2050","0.4378","2050:central ground-sourced heat pump:FOM","%/year","","NONMONETARY_PERCENT_UNCHANGED","","GATE4-20261006-FIXED-ACCOUNTS-EUR2020#B",""
"central ground-sourced heat pump","VOM","2050","1.5116","2050:central ground-sourced heat pump:VOM","EUR/MWh_th","2020","ALREADY_EUR2020_UNCHANGED","","GATE4-20261006-FIXED-ACCOUNTS-EUR2020#B",""
"central ground-sourced heat pump","investment","2050","483438","2050:central ground-sourced heat pump:investment","EUR/MW_th excluding drive energy","2020","ALREADY_EUR2020_UNCHANGED","","GATE4-20261006-FIXED-ACCOUNTS-EUR2020#B",""
"central hydrogen CHP","FOM","2050","5","2050:central hydrogen CHP:FOM","%/year","","NONMONETARY_PERCENT_UNCHANGED","","GATE4-20261006-FIXED-ACCOUNTS-EUR2020#B",""
"central hydrogen CHP","investment","2050","846577.3","2050:central hydrogen CHP:investment","EUR/MW","2020","ALREADY_EUR2020_UNCHANGED","","GATE4-20261006-FIXED-ACCOUNTS-EUR2020#B",""
"central resistive heater","FOM","2050","1.5333","2050:central resistive heater:FOM","%/year","","NONMONETARY_PERCENT_UNCHANGED","","GATE4-20261006-FIXED-ACCOUNTS-EUR2020#B",""
"central resistive heater","VOM","2050","1.0582","2050:central resistive heater:VOM","EUR/MWh_th","2020","ALREADY_EUR2020_UNCHANGED","","GATE4-20261006-FIXED-ACCOUNTS-EUR2020#B",""
"central resistive heater","investment","2050","63493.3","2050:central resistive heater:investment","EUR/MW_th","2020","ALREADY_EUR2020_UNCHANGED","","GATE4-20261006-FIXED-ACCOUNTS-EUR2020#B",""
"central solar thermal","FOM","2050","1.4","2050:central solar thermal:FOM","%/year","","NONMONETARY_PERCENT_UNCHANGED","","GATE4-20261006-FIXED-ACCOUNTS-EUR2020#B",""
"central solar thermal","investment","2050","148151.0278","2050:central solar thermal:investment","EUR/1000m2","2020","ALREADY_EUR2020_UNCHANGED","","GATE4-20261006-FIXED-ACCOUNTS-EUR2020#B",""
"central solid biomass CHP","FOM","2050","2.8518","2050:central solid biomass CHP:FOM","%/year","","NONMONETARY_PERCENT_UNCHANGED","","GATE4-20261006-FIXED-ACCOUNTS-EUR2020#B",""
"central solid biomass CHP","VOM","2050","4.9394","2050:central solid biomass CHP:VOM","EUR/MWh_e","2020","ALREADY_EUR2020_UNCHANGED","","GATE4-20261006-FIXED-ACCOUNTS-EUR2020#B",""
"central solid biomass CHP","investment","2050","3339695.1","2050:central solid biomass CHP:investment","EUR/MW_e","2020","ALREADY_EUR2020_UNCHANGED","","GATE4-20261006-FIXED-ACCOUNTS-EUR2020#B",""
"central solid biomass CHP CC","FOM","2050","2.8518","2050:central solid biomass CHP CC:FOM","%/year","","NONMONETARY_PERCENT_UNCHANGED","","GATE4-20261006-FIXED-ACCOUNTS-EUR2020#B",""
"central solid biomass CHP CC","VOM","2050","4.9394","2050:central solid biomass CHP CC:VOM","EUR/MWh_e","2020","ALREADY_EUR2020_UNCHANGED","","GATE4-20261006-FIXED-ACCOUNTS-EUR2020#B",""
"central solid biomass CHP CC","investment","2050","4755697","2050:central solid biomass CHP CC:investment","EUR/MW_e","2020","ALREADY_EUR2020_UNCHANGED","","GATE4-20261006-FIXED-ACCOUNTS-EUR2020#B",""
"central solid biomass CHP powerboost CC","FOM","2050","2.8518","2050:central solid biomass CHP powerboost CC:FOM","%/year","","NONMONETARY_PERCENT_UNCHANGED","","GATE4-20261006-FIXED-ACCOUNTS-EUR2020#B",""
"central solid biomass CHP powerboost CC","VOM","2050","4.9394","2050:central solid biomass CHP powerboost CC:VOM","EUR/MWh_e","2020","ALREADY_EUR2020_UNCHANGED","","GATE4-20261006-FIXED-ACCOUNTS-EUR2020#B",""
"central solid biomass CHP powerboost CC","investment","2050","3339695.1","2050:central solid biomass CHP powerboost CC:investment","EUR/MW_e","2020","ALREADY_EUR2020_UNCHANGED","","GATE4-20261006-FIXED-ACCOUNTS-EUR2020#B",""
"central water pit storage","FOM","2050","0.2544","2050:central water pit storage:FOM","%/year","","NONMONETARY_PERCENT_UNCHANGED","","GATE4-20261006-FIXED-ACCOUNTS-EUR2020#B",""
"central water pit storage","investment","2050","982.6","2050:central water pit storage:investment","EUR/MWh Capacity","2020","ALREADY_EUR2020_UNCHANGED","","GATE4-20261006-FIXED-ACCOUNTS-EUR2020#B",""
"central water tank storage","FOM","2050","1","2050:central water tank storage:FOM","%/year","","NONMONETARY_PERCENT_UNCHANGED","","GATE4-20261006-FIXED-ACCOUNTS-EUR2020#B",""
"central water tank storage","investment","2050","3036.1","2050:central water tank storage:investment","EUR/MWhCapacity","2020","ALREADY_EUR2020_UNCHANGED","","GATE4-20261006-FIXED-ACCOUNTS-EUR2020#B",""
"clean water tank storage","FOM","2050","2","2050:clean water tank storage:FOM","%/year","","NONMONETARY_PERCENT_UNCHANGED","","GATE4-20261006-FIXED-ACCOUNTS-EUR2020#B",""
"clean water tank storage","investment","2050","69.1286","2050:clean water tank storage:investment","EUR/m^3-H2O","2020","ALREADY_EUR2020_UNCHANGED","","GATE4-20261006-FIXED-ACCOUNTS-EUR2020#B",""
"coal","FOM","2050","2.2904648795385136","2050:coal:FOM","%/year","","NONMONETARY_PERCENT_UNCHANGED","","GATE4-20261006-FIXED-ACCOUNTS-EUR2020#B",""
"coal","VOM","2050","6.579214744294914","2050:coal:VOM","EUR/MWh","2020","ALREADY_EUR2020_UNCHANGED","","GATE4-20261006-FIXED-ACCOUNTS-EUR2020#B",""
"coal","fuel","2050","9.5542","2050:coal:fuel","EUR/MWh_th","2020","ALREADY_EUR2020_UNCHANGED","","GATE4-20261006-FIXED-ACCOUNTS-EUR2020#B",""
"coal","investment","2050","2585192.7801916148","2050:coal:investment","EUR/MW","2020","ALREADY_EUR2020_UNCHANGED","","GATE4-20261006-FIXED-ACCOUNTS-EUR2020#B",""
"csp-tower","FOM","2050","1.4","2050:csp-tower:FOM","%/year","","NONMONETARY_PERCENT_UNCHANGED","","GATE4-20261006-FIXED-ACCOUNTS-EUR2020#B",""
"csp-tower","investment","2050","99380","2050:csp-tower:investment","EUR/MW_th,dp","2020","ALREADY_EUR2020_UNCHANGED","","GATE4-20261006-FIXED-ACCOUNTS-EUR2020#B",""
"csp-tower TES","FOM","2050","1.4","2050:csp-tower TES:FOM","%/year","","NONMONETARY_PERCENT_UNCHANGED","","GATE4-20261006-FIXED-ACCOUNTS-EUR2020#B",""
"csp-tower TES","investment","2050","13320","2050:csp-tower TES:investment","EUR/MWh_th","2020","ALREADY_EUR2020_UNCHANGED","","GATE4-20261006-FIXED-ACCOUNTS-EUR2020#B",""
"csp-tower power block","FOM","2050","1.4","2050:csp-tower power block:FOM","%/year","","NONMONETARY_PERCENT_UNCHANGED","","GATE4-20261006-FIXED-ACCOUNTS-EUR2020#B",""
"csp-tower power block","investment","2050","696200","2050:csp-tower power block:investment","EUR/MW_e","2020","ALREADY_EUR2020_UNCHANGED","","GATE4-20261006-FIXED-ACCOUNTS-EUR2020#B",""
"decentral CHP","FOM","2050","3","2050:decentral CHP:FOM","%/year","","NONMONETARY_PERCENT_UNCHANGED","","GATE4-20261006-FIXED-ACCOUNTS-EUR2020#B",""
"decentral CHP","investment","2050","1481510.2999999998","2050:decentral CHP:investment","EUR/MWel","2020","ALREADY_EUR2020_UNCHANGED","","GATE4-20261006-FIXED-ACCOUNTS-EUR2020#B",""
"decentral air-sourced heat pump","FOM","2050","3.1413","2050:decentral air-sourced heat pump:FOM","%/year","","NONMONETARY_PERCENT_UNCHANGED","","GATE4-20261006-FIXED-ACCOUNTS-EUR2020#B",""
"decentral air-sourced heat pump","investment","2050","804248.3999999999","2050:decentral air-sourced heat pump:investment","EUR/MW_th","2020","ALREADY_EUR2020_UNCHANGED","","GATE4-20261006-FIXED-ACCOUNTS-EUR2020#B",""
"decentral gas boiler","FOM","2050","6.7293","2050:decentral gas boiler:FOM","%/year","","NONMONETARY_PERCENT_UNCHANGED","","GATE4-20261006-FIXED-ACCOUNTS-EUR2020#B",""
"decentral gas boiler","investment","2050","284141.3","2050:decentral gas boiler:investment","EUR/MW_th","2020","ALREADY_EUR2020_UNCHANGED","","GATE4-20261006-FIXED-ACCOUNTS-EUR2020#B",""
"decentral gas boiler connection","investment","2050","177588.30000000002","2050:decentral gas boiler connection:investment","EUR/MW_th","2020","ALREADY_EUR2020_UNCHANGED","","GATE4-20261006-FIXED-ACCOUNTS-EUR2020#B",""
"decentral ground-sourced heat pump","FOM","2050","1.9895","2050:decentral ground-sourced heat pump:FOM","%/year","","NONMONETARY_PERCENT_UNCHANGED","","GATE4-20261006-FIXED-ACCOUNTS-EUR2020#B",""
"decentral ground-sourced heat pump","investment","2050","1269866","2050:decentral ground-sourced heat pump:investment","EUR/MW_th","2020","ALREADY_EUR2020_UNCHANGED","","GATE4-20261006-FIXED-ACCOUNTS-EUR2020#B",""
"decentral oil boiler","FOM","2050","2","2050:decentral oil boiler:FOM","%/year","","NONMONETARY_PERCENT_UNCHANGED","","GATE4-20261006-FIXED-ACCOUNTS-EUR2020#B",""
"decentral oil boiler","investment","2050","165097.5","2050:decentral oil boiler:investment","EUR/MWth","2020","ALREADY_EUR2020_UNCHANGED","","GATE4-20261006-FIXED-ACCOUNTS-EUR2020#B",""
"decentral resistive heater","FOM","2050","2","2050:decentral resistive heater:FOM","%/year","","NONMONETARY_PERCENT_UNCHANGED","","GATE4-20261006-FIXED-ACCOUNTS-EUR2020#B",""
"decentral resistive heater","investment","2050","105822.2","2050:decentral resistive heater:investment","EUR/MWhth","2020","ALREADY_EUR2020_UNCHANGED","","GATE4-20261006-FIXED-ACCOUNTS-EUR2020#B",""
"decentral solar thermal","FOM","2050","1.3","2050:decentral solar thermal:FOM","%/year","","NONMONETARY_PERCENT_UNCHANGED","","GATE4-20261006-FIXED-ACCOUNTS-EUR2020#B",""
"decentral solar thermal","investment","2050","285719.8393","2050:decentral solar thermal:investment","EUR/1000m2","2020","ALREADY_EUR2020_UNCHANGED","","GATE4-20261006-FIXED-ACCOUNTS-EUR2020#B",""
"decentral water tank storage","FOM","2050","1","2050:decentral water tank storage:FOM","%/year","","NONMONETARY_PERCENT_UNCHANGED","","GATE4-20261006-FIXED-ACCOUNTS-EUR2020#B",""
"decentral water tank storage","VOM","2050","1.2289","2050:decentral water tank storage:VOM","EUR/MWh","2020","ALREADY_EUR2020_UNCHANGED","","GATE4-20261006-FIXED-ACCOUNTS-EUR2020#B",""
"decentral water tank storage","investment","2050","419862.2","2050:decentral water tank storage:investment","EUR/MWh","2020","ALREADY_EUR2020_UNCHANGED","","GATE4-20261006-FIXED-ACCOUNTS-EUR2020#B",""
"digestible biomass","fuel","2050","17.0611","2050:digestible biomass:fuel","EUR/MWh_th","2020","ALREADY_EUR2020_UNCHANGED","","GATE4-20261006-FIXED-ACCOUNTS-EUR2020#B",""
"digestible biomass to hydrogen","FOM","2050","4.25","2050:digestible biomass to hydrogen:FOM","%/year","","NONMONETARY_PERCENT_UNCHANGED","","GATE4-20261006-FIXED-ACCOUNTS-EUR2020#B",""
"digestible biomass to hydrogen","investment","2050","2648199.6","2050:digestible biomass to hydrogen:investment","EUR/MW_th","2020","ALREADY_EUR2020_UNCHANGED","","GATE4-20261006-FIXED-ACCOUNTS-EUR2020#B",""
"direct air capture","FOM","2050","4.95","2050:direct air capture:FOM","%/year","","NONMONETARY_PERCENT_UNCHANGED","","GATE4-20261006-FIXED-ACCOUNTS-EUR2020#B",""
"direct air capture","investment","2050","4000000","2050:direct air capture:investment","EUR/(tCO2/h)","2020","ALREADY_EUR2020_UNCHANGED","","GATE4-20261006-FIXED-ACCOUNTS-EUR2020#B",""
"direct firing gas","FOM","2050","1.0303","2050:direct firing gas:FOM","%/year","","NONMONETARY_PERCENT_UNCHANGED","","GATE4-20261006-FIXED-ACCOUNTS-EUR2020#B",""
"direct firing gas","VOM","2050","0.282","2050:direct firing gas:VOM","EUR/MWh","2020","ALREADY_EUR2020_UNCHANGED","","GATE4-20261006-FIXED-ACCOUNTS-EUR2020#B",""
"direct firing gas","investment","2050","15105","2050:direct firing gas:investment","EUR/MW","2020","ALREADY_EUR2020_UNCHANGED","","GATE4-20261006-FIXED-ACCOUNTS-EUR2020#B",""
"direct firing gas CC","FOM","2050","1.0303","2050:direct firing gas CC:FOM","%/year","","NONMONETARY_PERCENT_UNCHANGED","","GATE4-20261006-FIXED-ACCOUNTS-EUR2020#B",""
"direct firing gas CC","VOM","2050","0.282","2050:direct firing gas CC:VOM","EUR/MWh","2020","ALREADY_EUR2020_UNCHANGED","","GATE4-20261006-FIXED-ACCOUNTS-EUR2020#B",""
"direct firing gas CC","investment","2050","15105","2050:direct firing gas CC:investment","EUR/MW","2020","ALREADY_EUR2020_UNCHANGED","","GATE4-20261006-FIXED-ACCOUNTS-EUR2020#B",""
"direct firing solid fuels","FOM","2050","1.4091","2050:direct firing solid fuels:FOM","%/year","","NONMONETARY_PERCENT_UNCHANGED","","GATE4-20261006-FIXED-ACCOUNTS-EUR2020#B",""
"direct firing solid fuels","VOM","2050","0.3351","2050:direct firing solid fuels:VOM","EUR/MWh","2020","ALREADY_EUR2020_UNCHANGED","","GATE4-20261006-FIXED-ACCOUNTS-EUR2020#B",""
"direct firing solid fuels","investment","2050","221540","2050:direct firing solid fuels:investment","EUR/MW","2020","ALREADY_EUR2020_UNCHANGED","","GATE4-20261006-FIXED-ACCOUNTS-EUR2020#B",""
"direct firing solid fuels CC","FOM","2050","1.4091","2050:direct firing solid fuels CC:FOM","%/year","","NONMONETARY_PERCENT_UNCHANGED","","GATE4-20261006-FIXED-ACCOUNTS-EUR2020#B",""
"direct firing solid fuels CC","VOM","2050","0.3351","2050:direct firing solid fuels CC:VOM","EUR/MWh","2020","ALREADY_EUR2020_UNCHANGED","","GATE4-20261006-FIXED-ACCOUNTS-EUR2020#B",""
"direct firing solid fuels CC","investment","2050","221540","2050:direct firing solid fuels CC:investment","EUR/MW","2020","ALREADY_EUR2020_UNCHANGED","","GATE4-20261006-FIXED-ACCOUNTS-EUR2020#B",""
"dry bulk carrier Capesize","FOM","2050","4","2050:dry bulk carrier Capesize:FOM","%/year","","NONMONETARY_PERCENT_UNCHANGED","","GATE4-20261006-FIXED-ACCOUNTS-EUR2020#B",""
"dry bulk carrier Capesize","investment","2050","40000000","2050:dry bulk carrier Capesize:investment","EUR","2020","ALREADY_EUR2020_UNCHANGED","","GATE4-20261006-FIXED-ACCOUNTS-EUR2020#B",""
"electric arc furnace","FOM","2050","30","2050:electric arc furnace:FOM","%/year","","NONMONETARY_PERCENT_UNCHANGED","","GATE4-20261006-FIXED-ACCOUNTS-EUR2020#B",""
"electric arc furnace","investment","2050","1839600","2050:electric arc furnace:investment","EUR/t_steel/h","2020","ALREADY_EUR2020_UNCHANGED","","GATE4-20261006-FIXED-ACCOUNTS-EUR2020#B",""
"electric arc furnace with hbi and scrap","FOM","2050","30","2050:electric arc furnace with hbi and scrap:FOM","%/year","","NONMONETARY_PERCENT_UNCHANGED","","GATE4-20261006-FIXED-ACCOUNTS-EUR2020#B",""
"electric arc furnace with hbi and scrap","investment","2050","1839600","2050:electric arc furnace with hbi and scrap:investment","EUR/t_steel/h","2020","ALREADY_EUR2020_UNCHANGED","","GATE4-20261006-FIXED-ACCOUNTS-EUR2020#B",""
"electric boiler steam","FOM","2050","1.3143","2050:electric boiler steam:FOM","%/year","","NONMONETARY_PERCENT_UNCHANGED","","GATE4-20261006-FIXED-ACCOUNTS-EUR2020#B",""
"electric boiler steam","VOM","2050","0.7855","2050:electric boiler steam:VOM","EUR/MWh","2020","ALREADY_EUR2020_UNCHANGED","","GATE4-20261006-FIXED-ACCOUNTS-EUR2020#B",""
"electric boiler steam","investment","2050","70490","2050:electric boiler steam:investment","EUR/MW","2020","ALREADY_EUR2020_UNCHANGED","","GATE4-20261006-FIXED-ACCOUNTS-EUR2020#B",""
"electric steam cracker","FOM","2050","3","2050:electric steam cracker:FOM","%/year","","NONMONETARY_PERCENT_UNCHANGED","","GATE4-20261006-FIXED-ACCOUNTS-EUR2020#B",""
"electric steam cracker","VOM","2050","190.4799","2050:electric steam cracker:VOM","EUR/t_HVC","2020","ALREADY_EUR2020_UNCHANGED","","GATE4-20261006-FIXED-ACCOUNTS-EUR2020#B",""
"electric steam cracker","investment","2050","11124025.7434","2050:electric steam cracker:investment","EUR/(t_HVC/h)","2020","ALREADY_EUR2020_UNCHANGED","","GATE4-20261006-FIXED-ACCOUNTS-EUR2020#B",""
"electricity distribution grid","FOM","2050","2","2050:electricity distribution grid:FOM","%/year","","NONMONETARY_PERCENT_UNCHANGED","","GATE4-20261006-FIXED-ACCOUNTS-EUR2020#B",""
"electricity distribution grid","investment","2050","529110.8","2050:electricity distribution grid:investment","EUR/MW","2020","ALREADY_EUR2020_UNCHANGED","","GATE4-20261006-FIXED-ACCOUNTS-EUR2020#B",""
"electricity grid connection","FOM","2050","2","2050:electricity grid connection:FOM","%/year","","NONMONETARY_PERCENT_UNCHANGED","","GATE4-20261006-FIXED-ACCOUNTS-EUR2020#B",""
"electricity grid connection","investment","2050","148151","2050:electricity grid connection:investment","EUR/MW","2020","ALREADY_EUR2020_UNCHANGED","","GATE4-20261006-FIXED-ACCOUNTS-EUR2020#B",""
"electrobiofuels","FOM","2050","3","2050:electrobiofuels:FOM","%/year","","NONMONETARY_PERCENT_UNCHANGED","","GATE4-20261006-FIXED-ACCOUNTS-EUR2020#B",""
"electrobiofuels","VOM","2050","2.6044","2050:electrobiofuels:VOM","EUR/MWh_th","2020","ALREADY_EUR2020_UNCHANGED","","GATE4-20261006-FIXED-ACCOUNTS-EUR2020#B",""
"electrobiofuels","investment","2050","322224607.1","2050:electrobiofuels:investment","EUR/MW_th","2020","ALREADY_EUR2020_UNCHANGED","","GATE4-20261006-FIXED-ACCOUNTS-EUR2020#B",""
"electrolysis","FOM","2050","4","2050:electrolysis:FOM","%/year","","NONMONETARY_PERCENT_UNCHANGED","","GATE4-20261006-FIXED-ACCOUNTS-EUR2020#B",""
"electrolysis","investment","2050","1000000","2050:electrolysis:investment","EUR/MW_e","2020","ALREADY_EUR2020_UNCHANGED","","GATE4-20261006-FIXED-ACCOUNTS-EUR2020#B",""
"electrolysis small","FOM","2050","4","2050:electrolysis small:FOM","%/year","","NONMONETARY_PERCENT_UNCHANGED","","GATE4-20261006-FIXED-ACCOUNTS-EUR2020#B",""
"electrolysis small","investment","2050","475000","2050:electrolysis small:investment","EUR/MW_e","2020","ALREADY_EUR2020_UNCHANGED","","GATE4-20261006-FIXED-ACCOUNTS-EUR2020#B",""
"ethanol carbon capture retrofit","FOM","2050","7","2050:ethanol carbon capture retrofit:FOM","%/year","","NONMONETARY_PERCENT_UNCHANGED","","GATE4-20261006-FIXED-ACCOUNTS-EUR2020#B",""
"ethanol carbon capture retrofit","investment","2050","","2050:ethanol carbon capture retrofit:investment","","","PENDING","","GATE4-20261006-FIXED-ACCOUNTS-EUR2020#B","Non-EUR requires explicit frozen FX reconciliation before real-price adjustment"
"ethanol from starch crop","FOM","2050","16.4","2050:ethanol from starch crop:FOM","%/year","","NONMONETARY_PERCENT_UNCHANGED","","GATE4-20261006-FIXED-ACCOUNTS-EUR2020#B",""
"ethanol from starch crop","VOM","2050","26.3497","2050:ethanol from starch crop:VOM","EUR/MWh_eth","2020","ALREADY_EUR2020_UNCHANGED","","GATE4-20261006-FIXED-ACCOUNTS-EUR2020#B",""
"ethanol from starch crop","investment","2050","603376.8073","2050:ethanol from starch crop:investment","EUR/MW_eth","2020","ALREADY_EUR2020_UNCHANGED","","GATE4-20261006-FIXED-ACCOUNTS-EUR2020#B",""
"ethanol from sugar crops","FOM","2050","19.51","2050:ethanol from sugar crops:FOM","%/year","","NONMONETARY_PERCENT_UNCHANGED","","GATE4-20261006-FIXED-ACCOUNTS-EUR2020#B",""
"ethanol from sugar crops","VOM","2050","23.1751","2050:ethanol from sugar crops:VOM","EUR/MWh_eth","2020","ALREADY_EUR2020_UNCHANGED","","GATE4-20261006-FIXED-ACCOUNTS-EUR2020#B",""
"ethanol from sugar crops","investment","2050","446537.78","2050:ethanol from sugar crops:investment","EUR/MW_eth","2020","ALREADY_EUR2020_UNCHANGED","","GATE4-20261006-FIXED-ACCOUNTS-EUR2020#B",""
"fuel cell","FOM","2050","5","2050:fuel cell:FOM","%/year","","NONMONETARY_PERCENT_UNCHANGED","","GATE4-20261006-FIXED-ACCOUNTS-EUR2020#B",""
"fuel cell","investment","2050","846577.3","2050:fuel cell:investment","EUR/MW_e","2020","ALREADY_EUR2020_UNCHANGED","","GATE4-20261006-FIXED-ACCOUNTS-EUR2020#B",""
"fuelwood","fuel","2050","11.9967","2050:fuelwood:fuel","EUR/MWhth","2020","ALREADY_EUR2020_UNCHANGED","","GATE4-20261006-FIXED-ACCOUNTS-EUR2020#B",""
"gas","fuel","2050","24.568","2050:gas:fuel","EUR/MWh_th","2020","ALREADY_EUR2020_UNCHANGED","","GATE4-20261006-FIXED-ACCOUNTS-EUR2020#B",""
"gas boiler steam","FOM","2050","3.74","2050:gas boiler steam:FOM","%/year","","NONMONETARY_PERCENT_UNCHANGED","","GATE4-20261006-FIXED-ACCOUNTS-EUR2020#B",""
"gas boiler steam","VOM","2050","1.007","2050:gas boiler steam:VOM","EUR/MWh","2020","ALREADY_EUR2020_UNCHANGED","","GATE4-20261006-FIXED-ACCOUNTS-EUR2020#B",""
"gas boiler steam","investment","2050","45772.7","2050:gas boiler steam:investment","EUR/MW","2020","ALREADY_EUR2020_UNCHANGED","","GATE4-20261006-FIXED-ACCOUNTS-EUR2020#B",""
"gas storage","FOM","2050","0.5368","2050:gas storage:FOM","%/year","","NONMONETARY_PERCENT_UNCHANGED","","GATE4-20261006-FIXED-ACCOUNTS-EUR2020#B",""
"gas storage","investment","2050","236.6","2050:gas storage:investment","EUR/MWh","2020","ALREADY_EUR2020_UNCHANGED","","GATE4-20261006-FIXED-ACCOUNTS-EUR2020#B",""
"gas storage charger","investment","2050","15247.9","2050:gas storage charger:investment","EUR/MW","2020","ALREADY_EUR2020_UNCHANGED","","GATE4-20261006-FIXED-ACCOUNTS-EUR2020#B",""
"gas storage discharger","investment","2050","5082.6","2050:gas storage discharger:investment","EUR/MW","2020","ALREADY_EUR2020_UNCHANGED","","GATE4-20261006-FIXED-ACCOUNTS-EUR2020#B",""
"geothermal","FOM","2050","0.689289501590668","2050:geothermal:FOM","%/year","","NONMONETARY_PERCENT_UNCHANGED","","GATE4-20261006-FIXED-ACCOUNTS-EUR2020#B",""
"geothermal","VOM","2050","0.2631685897717965","2050:geothermal:VOM","EUR/MWh","2020","ALREADY_EUR2020_UNCHANGED","","GATE4-20261006-FIXED-ACCOUNTS-EUR2020#B",""
"geothermal","investment","2050","2481679.8015480414","2050:geothermal:investment","EUR/MW","2020","ALREADY_EUR2020_UNCHANGED","","GATE4-20261006-FIXED-ACCOUNTS-EUR2020#B",""
"helmeth","FOM","2050","3","2050:helmeth:FOM","%/year","","NONMONETARY_PERCENT_UNCHANGED","","GATE4-20261006-FIXED-ACCOUNTS-EUR2020#B",""
"helmeth","investment","2050","2116443.3","2050:helmeth:investment","EUR/MW","2020","ALREADY_EUR2020_UNCHANGED","","GATE4-20261006-FIXED-ACCOUNTS-EUR2020#B",""
"home battery inverter","FOM","2050","0.9","2050:home battery inverter:FOM","%/year","","NONMONETARY_PERCENT_UNCHANGED","","GATE4-20261006-FIXED-ACCOUNTS-EUR2020#B",""
"home battery inverter","investment","2050","92971.5","2050:home battery inverter:investment","EUR/MW","2020","ALREADY_EUR2020_UNCHANGED","","GATE4-20261006-FIXED-ACCOUNTS-EUR2020#B",""
"home battery storage","investment","2050","115478.9","2050:home battery storage:investment","EUR/MWh","2020","ALREADY_EUR2020_UNCHANGED","","GATE4-20261006-FIXED-ACCOUNTS-EUR2020#B",""
"hydro","FOM","2050","2.4866666666666664","2050:hydro:FOM","%/year","","NONMONETARY_PERCENT_UNCHANGED","","GATE4-20261006-FIXED-ACCOUNTS-EUR2020#B",""
"hydro","VOM","2050","0.526337179543593","2050:hydro:VOM","EUR/MWh","2020","ALREADY_EUR2020_UNCHANGED","","GATE4-20261006-FIXED-ACCOUNTS-EUR2020#B",""
"hydro","investment","2050","1315842.9488589829","2050:hydro:investment","EUR/MW","2020","ALREADY_EUR2020_UNCHANGED","","GATE4-20261006-FIXED-ACCOUNTS-EUR2020#B",""
"hydrogen direct iron reduction furnace","FOM","2050","11.3","2050:hydrogen direct iron reduction furnace:FOM","%/year","","NONMONETARY_PERCENT_UNCHANGED","","GATE4-20261006-FIXED-ACCOUNTS-EUR2020#B",""
"hydrogen direct iron reduction furnace","investment","2050","4277858","2050:hydrogen direct iron reduction furnace:investment","EUR/t_HBI/h","2020","ALREADY_EUR2020_UNCHANGED","","GATE4-20261006-FIXED-ACCOUNTS-EUR2020#B",""
"hydrogen storage compressor","FOM","2050","4","2050:hydrogen storage compressor:FOM","%/year","","NONMONETARY_PERCENT_UNCHANGED","","GATE4-20261006-FIXED-ACCOUNTS-EUR2020#B",""
"hydrogen storage compressor","investment","2050","87690","2050:hydrogen storage compressor:investment","EUR/MW_H2","2020","ALREADY_EUR2020_UNCHANGED","","GATE4-20261006-FIXED-ACCOUNTS-EUR2020#B",""
"hydrogen storage tank type 1","FOM","2050","2","2050:hydrogen storage tank type 1:FOM","%/year","","NONMONETARY_PERCENT_UNCHANGED","","GATE4-20261006-FIXED-ACCOUNTS-EUR2020#B",""
"hydrogen storage tank type 1","investment","2050","13500","2050:hydrogen storage tank type 1:investment","EUR/MWh_H2","2020","ALREADY_EUR2020_UNCHANGED","","GATE4-20261006-FIXED-ACCOUNTS-EUR2020#B",""
"hydrogen storage tank type 1 including compressor","FOM","2050","1.9048","2050:hydrogen storage tank type 1 including compressor:FOM","%/year","","NONMONETARY_PERCENT_UNCHANGED","","GATE4-20261006-FIXED-ACCOUNTS-EUR2020#B",""
"hydrogen storage tank type 1 including compressor","investment","2050","22331.4","2050:hydrogen storage tank type 1 including compressor:investment","EUR/MWh","2020","ALREADY_EUR2020_UNCHANGED","","GATE4-20261006-FIXED-ACCOUNTS-EUR2020#B",""
"hydrogen storage underground","FOM","2050","0","2050:hydrogen storage underground:FOM","%/year","","NONMONETARY_PERCENT_UNCHANGED","","GATE4-20261006-FIXED-ACCOUNTS-EUR2020#B",""
"hydrogen storage underground","VOM","2050","0","2050:hydrogen storage underground:VOM","EUR/MWh","2020","ALREADY_EUR2020_UNCHANGED","","GATE4-20261006-FIXED-ACCOUNTS-EUR2020#B",""
"hydrogen storage underground","investment","2050","1276.1","2050:hydrogen storage underground:investment","EUR/MWh","2020","ALREADY_EUR2020_UNCHANGED","","GATE4-20261006-FIXED-ACCOUNTS-EUR2020#B",""
"industrial heat pump high temperature","FOM","2050","0.0857","2050:industrial heat pump high temperature:FOM","%/year","","NONMONETARY_PERCENT_UNCHANGED","","GATE4-20261006-FIXED-ACCOUNTS-EUR2020#B",""
"industrial heat pump high temperature","VOM","2050","3.1418","2050:industrial heat pump high temperature:VOM","EUR/MWh","2020","ALREADY_EUR2020_UNCHANGED","","GATE4-20261006-FIXED-ACCOUNTS-EUR2020#B",""
"industrial heat pump high temperature","investment","2050","845880","2050:industrial heat pump high temperature:investment","EUR/MW","2020","ALREADY_EUR2020_UNCHANGED","","GATE4-20261006-FIXED-ACCOUNTS-EUR2020#B",""
"industrial heat pump medium temperature","FOM","2050","0.1029","2050:industrial heat pump medium temperature:FOM","%/year","","NONMONETARY_PERCENT_UNCHANGED","","GATE4-20261006-FIXED-ACCOUNTS-EUR2020#B",""
"industrial heat pump medium temperature","VOM","2050","3.1418","2050:industrial heat pump medium temperature:VOM","EUR/MWh","2020","ALREADY_EUR2020_UNCHANGED","","GATE4-20261006-FIXED-ACCOUNTS-EUR2020#B",""
"industrial heat pump medium temperature","investment","2050","704900","2050:industrial heat pump medium temperature:investment","EUR/MW","2020","ALREADY_EUR2020_UNCHANGED","","GATE4-20261006-FIXED-ACCOUNTS-EUR2020#B",""
"iron ore DRI-ready","commodity","2050","97.73","2050:iron ore DRI-ready:commodity","EUR/t","2020","ALREADY_EUR2020_UNCHANGED","","GATE4-20261006-FIXED-ACCOUNTS-EUR2020#B",""
"iron-air battery","FOM","2050","1.1808","2050:iron-air battery:FOM","%/year","","NONMONETARY_PERCENT_UNCHANGED","","GATE4-20261006-FIXED-ACCOUNTS-EUR2020#B",""
"iron-air battery","investment","2050","11149.4","2050:iron-air battery:investment","EUR/MWh","2020","ALREADY_EUR2020_UNCHANGED","","GATE4-20261006-FIXED-ACCOUNTS-EUR2020#B",""
"lignite","FOM","2050","1.31","2050:lignite:FOM","%/year","","NONMONETARY_PERCENT_UNCHANGED","","GATE4-20261006-FIXED-ACCOUNTS-EUR2020#B",""
"lignite","VOM","2050","3.2612","2050:lignite:VOM","EUR/MWh_e","2020","ALREADY_EUR2020_UNCHANGED","","GATE4-20261006-FIXED-ACCOUNTS-EUR2020#B",""
"lignite","fuel","2050","3.2985","2050:lignite:fuel","EUR/MWh_th","2020","ALREADY_EUR2020_UNCHANGED","","GATE4-20261006-FIXED-ACCOUNTS-EUR2020#B",""
"lignite","investment","2050","3827162.9","2050:lignite:investment","EUR/MW_e","2020","ALREADY_EUR2020_UNCHANGED","","GATE4-20261006-FIXED-ACCOUNTS-EUR2020#B",""
"methanation","FOM","2050","3","2050:methanation:FOM","%/year","","NONMONETARY_PERCENT_UNCHANGED","","GATE4-20261006-FIXED-ACCOUNTS-EUR2020#B",""
"methanation","investment","2050","519738.9","2050:methanation:investment","EUR/MW_CH4","2020","ALREADY_EUR2020_UNCHANGED","","GATE4-20261006-FIXED-ACCOUNTS-EUR2020#B",""
"methane storage tank incl. compressor","FOM","2050","1.9","2050:methane storage tank incl. compressor:FOM","%/year","","NONMONETARY_PERCENT_UNCHANGED","","GATE4-20261006-FIXED-ACCOUNTS-EUR2020#B",""
"methane storage tank incl. compressor","investment","2050","8961.5075","2050:methane storage tank incl. compressor:investment","EUR/m^3","2020","ALREADY_EUR2020_UNCHANGED","","GATE4-20261006-FIXED-ACCOUNTS-EUR2020#B",""
"methanol-to-kerosene","FOM","2050","4.5","2050:methanol-to-kerosene:FOM","%/year","","NONMONETARY_PERCENT_UNCHANGED","","GATE4-20261006-FIXED-ACCOUNTS-EUR2020#B",""
"methanol-to-kerosene","VOM","2050","1.35","2050:methanol-to-kerosene:VOM","EUR/MWh_kerosene","2020","ALREADY_EUR2020_UNCHANGED","","GATE4-20261006-FIXED-ACCOUNTS-EUR2020#B",""
"methanol-to-kerosene","investment","2050","200000","2050:methanol-to-kerosene:investment","EUR/MW_kerosene","2020","ALREADY_EUR2020_UNCHANGED","","GATE4-20261006-FIXED-ACCOUNTS-EUR2020#B",""
"methanol-to-olefins/aromatics","FOM","2050","3","2050:methanol-to-olefins/aromatics:FOM","%/year","","NONMONETARY_PERCENT_UNCHANGED","","GATE4-20261006-FIXED-ACCOUNTS-EUR2020#B",""
"methanol-to-olefins/aromatics","VOM","2050","31.7466","2050:methanol-to-olefins/aromatics:VOM","EUR/t_HVC","2020","ALREADY_EUR2020_UNCHANGED","","GATE4-20261006-FIXED-ACCOUNTS-EUR2020#B",""
"methanol-to-olefins/aromatics","investment","2050","2781006.4359","2050:methanol-to-olefins/aromatics:investment","EUR/(t_HVC/h)","2020","ALREADY_EUR2020_UNCHANGED","","GATE4-20261006-FIXED-ACCOUNTS-EUR2020#B",""
"methanolisation","FOM","2050","3","2050:methanolisation:FOM","%/year","","NONMONETARY_PERCENT_UNCHANGED","","GATE4-20261006-FIXED-ACCOUNTS-EUR2020#B",""
"methanolisation","investment","2050","519738.882","2050:methanolisation:investment","EUR/MW_MeOH","2020","ALREADY_EUR2020_UNCHANGED","","GATE4-20261006-FIXED-ACCOUNTS-EUR2020#B",""
"micro CHP","FOM","2050","6.4286","2050:micro CHP:FOM","%/year","","NONMONETARY_PERCENT_UNCHANGED","","GATE4-20261006-FIXED-ACCOUNTS-EUR2020#B",""
"micro CHP","investment","2050","6099109.9","2050:micro CHP:investment","EUR/MW_th","2020","ALREADY_EUR2020_UNCHANGED","","GATE4-20261006-FIXED-ACCOUNTS-EUR2020#B",""
"natural gas direct iron reduction furnace","FOM","2050","11.3","2050:natural gas direct iron reduction furnace:FOM","%/year","","NONMONETARY_PERCENT_UNCHANGED","","GATE4-20261006-FIXED-ACCOUNTS-EUR2020#B",""
"natural gas direct iron reduction furnace","investment","2050","4277858","2050:natural gas direct iron reduction furnace:investment","EUR/t_HBI/h","2020","ALREADY_EUR2020_UNCHANGED","","GATE4-20261006-FIXED-ACCOUNTS-EUR2020#B",""
"nuclear","FOM","2050","1.6177908113391986","2050:nuclear:FOM","%/year","","NONMONETARY_PERCENT_UNCHANGED","","GATE4-20261006-FIXED-ACCOUNTS-EUR2020#B",""
"nuclear","VOM","2050","2.105348718174372","2050:nuclear:VOM","EUR/MWh","2020","ALREADY_EUR2020_UNCHANGED","","GATE4-20261006-FIXED-ACCOUNTS-EUR2020#B",""
"nuclear","fuel","2050","3.4122","2050:nuclear:fuel","EUR/MWh_th","2020","ALREADY_EUR2020_UNCHANGED","","GATE4-20261006-FIXED-ACCOUNTS-EUR2020#B",""
"nuclear","investment","2050","7179239.12897461","2050:nuclear:investment","EUR/MW","2020","ALREADY_EUR2020_UNCHANGED","","GATE4-20261006-FIXED-ACCOUNTS-EUR2020#B",""
"offwind","FOM","2050","3.224352671255326","2050:offwind:FOM","%/year","","NONMONETARY_PERCENT_UNCHANGED","","GATE4-20261006-FIXED-ACCOUNTS-EUR2020#B",""
"offwind","VOM","2050","2.273776615628322","2050:offwind:VOM","EUR/MWh","2020","ALREADY_EUR2020_UNCHANGED","","GATE4-20261006-FIXED-ACCOUNTS-EUR2020#B",""
"offwind","investment","2050","2141139.6463833367","2050:offwind:investment","EUR/MW","2020","ALREADY_EUR2020_UNCHANGED","","GATE4-20261006-FIXED-ACCOUNTS-EUR2020#B",""
"offwind-ac-connection-submarine","investment","2050","2841.3251","2050:offwind-ac-connection-submarine:investment","EUR/MW/km","2020","ALREADY_EUR2020_UNCHANGED","","GATE4-20261006-FIXED-ACCOUNTS-EUR2020#B",""
"offwind-ac-connection-underground","investment","2050","1420.1334","2050:offwind-ac-connection-underground:investment","EUR/MW/km","2020","ALREADY_EUR2020_UNCHANGED","","GATE4-20261006-FIXED-ACCOUNTS-EUR2020#B",""
"offwind-ac-station","investment","2050","264555.4","2050:offwind-ac-station:investment","EUR/MWel","2020","ALREADY_EUR2020_UNCHANGED","","GATE4-20261006-FIXED-ACCOUNTS-EUR2020#B",""
"offwind-dc-connection-submarine","investment","2050","2116.4433","2050:offwind-dc-connection-submarine:investment","EUR/MW/km","2020","ALREADY_EUR2020_UNCHANGED","","GATE4-20261006-FIXED-ACCOUNTS-EUR2020#B",""
"offwind-dc-connection-underground","investment","2050","1058.2216","2050:offwind-dc-connection-underground:investment","EUR/MW/km","2020","ALREADY_EUR2020_UNCHANGED","","GATE4-20261006-FIXED-ACCOUNTS-EUR2020#B",""
"offwind-dc-station","investment","2050","423288.7","2050:offwind-dc-station:investment","EUR/MWel","2020","ALREADY_EUR2020_UNCHANGED","","GATE4-20261006-FIXED-ACCOUNTS-EUR2020#B",""
"offwind-float","FOM","2050","1.39","2050:offwind-float:FOM","%/year","","NONMONETARY_PERCENT_UNCHANGED","","GATE4-20261006-FIXED-ACCOUNTS-EUR2020#B",""
"offwind-float","investment","2050","1580000","2050:offwind-float:investment","EUR/MWel","2020","ALREADY_EUR2020_UNCHANGED","","GATE4-20261006-FIXED-ACCOUNTS-EUR2020#B",""
"offwind-float-connection-submarine","investment","2050","2118.5597","2050:offwind-float-connection-submarine:investment","EUR/MW/km","2020","ALREADY_EUR2020_UNCHANGED","","GATE4-20261006-FIXED-ACCOUNTS-EUR2020#B",""
"offwind-float-connection-underground","investment","2050","1039.4778","2050:offwind-float-connection-underground:investment","EUR/MW/km","2020","ALREADY_EUR2020_UNCHANGED","","GATE4-20261006-FIXED-ACCOUNTS-EUR2020#B",""
"offwind-float-station","investment","2050","415791.1","2050:offwind-float-station:investment","EUR/MWel","2020","ALREADY_EUR2020_UNCHANGED","","GATE4-20261006-FIXED-ACCOUNTS-EUR2020#B",""
"oil","FOM","2050","1","2050:oil:FOM","%/year","","NONMONETARY_PERCENT_UNCHANGED","","GATE4-20261006-FIXED-ACCOUNTS-EUR2020#B",""
"oil","VOM","2050","6.403769017780382","2050:oil:VOM","EUR/MWh","2020","ALREADY_EUR2020_UNCHANGED","","GATE4-20261006-FIXED-ACCOUNTS-EUR2020#B",""
"oil","fuel","2050","52.9111","2050:oil:fuel","EUR/MWhth","2020","ALREADY_EUR2020_UNCHANGED","","GATE4-20261006-FIXED-ACCOUNTS-EUR2020#B",""
"oil","investment","2050","798278.0556411162","2050:oil:investment","EUR/MW","2020","ALREADY_EUR2020_UNCHANGED","","GATE4-20261006-FIXED-ACCOUNTS-EUR2020#B",""
"onwind","FOM","2050","3.529723991507431","2050:onwind:FOM","%/year","","NONMONETARY_PERCENT_UNCHANGED","","GATE4-20261006-FIXED-ACCOUNTS-EUR2020#B",""
"onwind","VOM","2050","2.5895789233544777","2050:onwind:VOM","EUR/MWh","2020","ALREADY_EUR2020_UNCHANGED","","GATE4-20261006-FIXED-ACCOUNTS-EUR2020#B",""
"onwind","investment","2050","991619.2462601291","2050:onwind:investment","EUR/MW","2020","ALREADY_EUR2020_UNCHANGED","","GATE4-20261006-FIXED-ACCOUNTS-EUR2020#B",""
"organic rankine cycle","FOM","2050","2","2050:organic rankine cycle:FOM","%/year","","NONMONETARY_PERCENT_UNCHANGED","","GATE4-20261006-FIXED-ACCOUNTS-EUR2020#B",""
"organic rankine cycle","investment","2050","1376000","2050:organic rankine cycle:investment","EUR/MW_el","2020","ALREADY_EUR2020_UNCHANGED","","GATE4-20261006-FIXED-ACCOUNTS-EUR2020#B",""
"ror","FOM","2050","2.8148148148148158","2050:ror:FOM","%/year","","NONMONETARY_PERCENT_UNCHANGED","","GATE4-20261006-FIXED-ACCOUNTS-EUR2020#B",""
"ror","VOM","2050","0.4386143162863276","2050:ror:VOM","EUR/MWh","2020","ALREADY_EUR2020_UNCHANGED","","GATE4-20261006-FIXED-ACCOUNTS-EUR2020#B",""
"ror","investment","2050","1184258.6539730844","2050:ror:investment","EUR/MW","2020","ALREADY_EUR2020_UNCHANGED","","GATE4-20261006-FIXED-ACCOUNTS-EUR2020#B",""
"seawater desalination","FOM","2050","4","2050:seawater desalination:FOM","%/year","","NONMONETARY_PERCENT_UNCHANGED","","GATE4-20261006-FIXED-ACCOUNTS-EUR2020#B",""
"seawater desalination","investment","2050","22249.7881","2050:seawater desalination:investment","EUR/(m^3-H2O/h)","2020","ALREADY_EUR2020_UNCHANGED","","GATE4-20261006-FIXED-ACCOUNTS-EUR2020#B",""
"shipping fuel methanol","fuel","2050","72","2050:shipping fuel methanol:fuel","EUR/MWh_th","2020","ALREADY_EUR2020_UNCHANGED","","GATE4-20261006-FIXED-ACCOUNTS-EUR2020#B",""
"solar","FOM","2050","0.9011988424968996","2050:solar:FOM","%/year","","NONMONETARY_PERCENT_UNCHANGED","","GATE4-20261006-FIXED-ACCOUNTS-EUR2020#B",""
"solar","VOM","2050","0.7017829060581242","2050:solar:VOM","EUR/MWh","2020","ALREADY_EUR2020_UNCHANGED","","GATE4-20261006-FIXED-ACCOUNTS-EUR2020#B",""
"solar","investment","2050","2122016.0621932526","2050:solar:investment","EUR/MW","2020","ALREADY_EUR2020_UNCHANGED","","GATE4-20261006-FIXED-ACCOUNTS-EUR2020#B",""
"solar-rooftop","FOM","2050","0.4083333333333334","2050:solar-rooftop:FOM","%/year","","NONMONETARY_PERCENT_UNCHANGED","","GATE4-20261006-FIXED-ACCOUNTS-EUR2020#B",""
"solar-rooftop","VOM","2050","0","2050:solar-rooftop:VOM","EUR/MWh","2020","ALREADY_EUR2020_UNCHANGED","","GATE4-20261006-FIXED-ACCOUNTS-EUR2020#B",""
"solar-rooftop","investment","2050","1052674.3590871862","2050:solar-rooftop:investment","EUR/MW","2020","ALREADY_EUR2020_UNCHANGED","","GATE4-20261006-FIXED-ACCOUNTS-EUR2020#B",""
"solar-rooftop commercial","FOM","2050","1.812","2050:solar-rooftop commercial:FOM","%/year","","NONMONETARY_PERCENT_UNCHANGED","","GATE4-20261006-FIXED-ACCOUNTS-EUR2020#B",""
"solar-rooftop commercial","investment","2050","413901.8","2050:solar-rooftop commercial:investment","EUR/MW_e","2020","ALREADY_EUR2020_UNCHANGED","","GATE4-20261006-FIXED-ACCOUNTS-EUR2020#B",""
"solar-rooftop residential","FOM","2050","1.3998","2050:solar-rooftop residential:FOM","%/year","","NONMONETARY_PERCENT_UNCHANGED","","GATE4-20261006-FIXED-ACCOUNTS-EUR2020#B",""
"solar-rooftop residential","investment","2050","635814","2050:solar-rooftop residential:investment","EUR/MW_e","2020","ALREADY_EUR2020_UNCHANGED","","GATE4-20261006-FIXED-ACCOUNTS-EUR2020#B",""
"solar-utility","FOM","2050","0.9072164948453608","2050:solar-utility:FOM","%/year","","NONMONETARY_PERCENT_UNCHANGED","","GATE4-20261006-FIXED-ACCOUNTS-EUR2020#B",""
"solar-utility","VOM","2050","0","2050:solar-utility:VOM","EUR/MWh","2020","ALREADY_EUR2020_UNCHANGED","","GATE4-20261006-FIXED-ACCOUNTS-EUR2020#B",""
"solar-utility","investment","2050","850911.7735954756","2050:solar-utility:investment","EUR/MW","2020","ALREADY_EUR2020_UNCHANGED","","GATE4-20261006-FIXED-ACCOUNTS-EUR2020#B",""
"solar-utility single-axis tracking","FOM","2050","2.5531","2050:solar-utility single-axis tracking:FOM","%/year","","NONMONETARY_PERCENT_UNCHANGED","","GATE4-20261006-FIXED-ACCOUNTS-EUR2020#B",""
"solar-utility single-axis tracking","investment","2050","352512.7","2050:solar-utility single-axis tracking:investment","EUR/MW_e","2020","ALREADY_EUR2020_UNCHANGED","","GATE4-20261006-FIXED-ACCOUNTS-EUR2020#B",""
"solid biomass","fuel","2050","13.6489","2050:solid biomass:fuel","EUR/MWh_th","2020","ALREADY_EUR2020_UNCHANGED","","GATE4-20261006-FIXED-ACCOUNTS-EUR2020#B",""
"solid biomass boiler steam","FOM","2050","6.2831","2050:solid biomass boiler steam:FOM","%/year","","NONMONETARY_PERCENT_UNCHANGED","","GATE4-20261006-FIXED-ACCOUNTS-EUR2020#B",""
"solid biomass boiler steam","VOM","2050","2.8679","2050:solid biomass boiler steam:VOM","EUR/MWh","2020","ALREADY_EUR2020_UNCHANGED","","GATE4-20261006-FIXED-ACCOUNTS-EUR2020#B",""
"solid biomass boiler steam","investment","2050","540118.2","2050:solid biomass boiler steam:investment","EUR/MW","2020","ALREADY_EUR2020_UNCHANGED","","GATE4-20261006-FIXED-ACCOUNTS-EUR2020#B",""
"solid biomass boiler steam CC","FOM","2050","6.2831","2050:solid biomass boiler steam CC:FOM","%/year","","NONMONETARY_PERCENT_UNCHANGED","","GATE4-20261006-FIXED-ACCOUNTS-EUR2020#B",""
"solid biomass boiler steam CC","VOM","2050","2.8679","2050:solid biomass boiler steam CC:VOM","EUR/MWh","2020","ALREADY_EUR2020_UNCHANGED","","GATE4-20261006-FIXED-ACCOUNTS-EUR2020#B",""
"solid biomass boiler steam CC","investment","2050","540118.2","2050:solid biomass boiler steam CC:investment","EUR/MW","2020","ALREADY_EUR2020_UNCHANGED","","GATE4-20261006-FIXED-ACCOUNTS-EUR2020#B",""
"solid biomass to hydrogen","FOM","2050","4.25","2050:solid biomass to hydrogen:FOM","%/year","","NONMONETARY_PERCENT_UNCHANGED","","GATE4-20261006-FIXED-ACCOUNTS-EUR2020#B",""
"solid biomass to hydrogen","investment","2050","2648199.6","2050:solid biomass to hydrogen:investment","EUR/MW_th","2020","ALREADY_EUR2020_UNCHANGED","","GATE4-20261006-FIXED-ACCOUNTS-EUR2020#B",""
"steel carbon capture retrofit","FOM","2050","5","2050:steel carbon capture retrofit:FOM","%/year","","NONMONETARY_PERCENT_UNCHANGED","","GATE4-20261006-FIXED-ACCOUNTS-EUR2020#B",""
"steel carbon capture retrofit","investment","2050","","2050:steel carbon capture retrofit:investment","","","PENDING","","GATE4-20261006-FIXED-ACCOUNTS-EUR2020#B","Non-EUR requires explicit frozen FX reconciliation before real-price adjustment"
"uranium","fuel","2050","3.4122","2050:uranium:fuel","EUR/MWh_th","2020","ALREADY_EUR2020_UNCHANGED","","GATE4-20261006-FIXED-ACCOUNTS-EUR2020#B",""
"waste CHP","FOM","2050","2.2917","2050:waste CHP:FOM","%/year","","NONMONETARY_PERCENT_UNCHANGED","","GATE4-20261006-FIXED-ACCOUNTS-EUR2020#B",""
"waste CHP","VOM","2050","27.0247","2050:waste CHP:VOM","EUR/MWh_e","2020","ALREADY_EUR2020_UNCHANGED","","GATE4-20261006-FIXED-ACCOUNTS-EUR2020#B",""
"waste CHP","investment","2050","7480448.8","2050:waste CHP:investment","EUR/MW_e","2020","ALREADY_EUR2020_UNCHANGED","","GATE4-20261006-FIXED-ACCOUNTS-EUR2020#B",""
"waste CHP CC","FOM","2050","2.2917","2050:waste CHP CC:FOM","%/year","","NONMONETARY_PERCENT_UNCHANGED","","GATE4-20261006-FIXED-ACCOUNTS-EUR2020#B",""
"waste CHP CC","VOM","2050","27.0247","2050:waste CHP CC:VOM","EUR/MWh_e","2020","ALREADY_EUR2020_UNCHANGED","","GATE4-20261006-FIXED-ACCOUNTS-EUR2020#B",""
"waste CHP CC","investment","2050","7480448.8","2050:waste CHP CC:investment","EUR/MW_e","2020","ALREADY_EUR2020_UNCHANGED","","GATE4-20261006-FIXED-ACCOUNTS-EUR2020#B",""
"Alkaline electrolyzer large size","monetary_FOM","2050","12012.8568","2050:Alkaline electrolyzer large size:monetary_FOM","EUR/MW/year","2020","DERIVED_ONCE_FROM_EUR2020_INVESTMENT_AND_UNCHANGED_FOM_PERCENT","investment_EUR2020 * FOM_percent /100","GATE4-20261006-FIXED-ACCOUNTS-EUR2020#B",""
"Alkaline electrolyzer medium size","monetary_FOM","2050","11638.763599999998","2050:Alkaline electrolyzer medium size:monetary_FOM","EUR/MW/year","2020","DERIVED_ONCE_FROM_EUR2020_INVESTMENT_AND_UNCHANGED_FOM_PERCENT","investment_EUR2020 * FOM_percent /100","GATE4-20261006-FIXED-ACCOUNTS-EUR2020#B",""
"Alkaline electrolyzer small size","monetary_FOM","2050","13407.205999999998","2050:Alkaline electrolyzer small size:monetary_FOM","EUR/MW/year","2020","DERIVED_ONCE_FROM_EUR2020_INVESTMENT_AND_UNCHANGED_FOM_PERCENT","investment_EUR2020 * FOM_percent /100","GATE4-20261006-FIXED-ACCOUNTS-EUR2020#B",""
"Ammonia cracker","monetary_FOM","2050","24007.308392500003","2050:Ammonia cracker:monetary_FOM","EUR/MW_H2/year","2020","DERIVED_ONCE_FROM_EUR2020_INVESTMENT_AND_UNCHANGED_FOM_PERCENT","investment_EUR2020 * FOM_percent /100","GATE4-20261006-FIXED-ACCOUNTS-EUR2020#B",""
"BEV Bus city","monetary_FOM","2050","0.5717113889999998","2050:BEV Bus city:monetary_FOM","EUR/vehicle/year","2020","DERIVED_ONCE_FROM_EUR2020_INVESTMENT_AND_UNCHANGED_FOM_PERCENT","investment_EUR2020 * FOM_percent /100","GATE4-20261006-FIXED-ACCOUNTS-EUR2020#B",""
"BEV Coach","monetary_FOM","2050","0.5422205332","2050:BEV Coach:monetary_FOM","EUR/vehicle/year","2020","DERIVED_ONCE_FROM_EUR2020_INVESTMENT_AND_UNCHANGED_FOM_PERCENT","investment_EUR2020 * FOM_percent /100","GATE4-20261006-FIXED-ACCOUNTS-EUR2020#B",""
"BEV Truck Semi-Trailer max 50 tons","monetary_FOM","2050","0.6048555816000001","2050:BEV Truck Semi-Trailer max 50 tons:monetary_FOM","EUR/vehicle/year","2020","DERIVED_ONCE_FROM_EUR2020_INVESTMENT_AND_UNCHANGED_FOM_PERCENT","investment_EUR2020 * FOM_percent /100","GATE4-20261006-FIXED-ACCOUNTS-EUR2020#B",""
"BEV Truck Solo max 26 tons","monetary_FOM","2050","0.6300793472","2050:BEV Truck Solo max 26 tons:monetary_FOM","EUR/vehicle/year","2020","DERIVED_ONCE_FROM_EUR2020_INVESTMENT_AND_UNCHANGED_FOM_PERCENT","investment_EUR2020 * FOM_percent /100","GATE4-20261006-FIXED-ACCOUNTS-EUR2020#B",""
"BEV Truck Trailer max 56 tons","monetary_FOM","2050","0.5031684110999999","2050:BEV Truck Trailer max 56 tons:monetary_FOM","EUR/vehicle/year","2020","DERIVED_ONCE_FROM_EUR2020_INVESTMENT_AND_UNCHANGED_FOM_PERCENT","investment_EUR2020 * FOM_percent /100","GATE4-20261006-FIXED-ACCOUNTS-EUR2020#B",""
"Battery electric (passenger cars)","monetary_FOM","2050","212.049","2050:Battery electric (passenger cars):monetary_FOM","EUR/PKW/year","2020","DERIVED_ONCE_FROM_EUR2020_INVESTMENT_AND_UNCHANGED_FOM_PERCENT","investment_EUR2020 * FOM_percent /100","GATE4-20261006-FIXED-ACCOUNTS-EUR2020#B",""
"Battery electric (trucks)","monetary_FOM","2050","20704","2050:Battery electric (trucks):monetary_FOM","EUR/LKW/year","2020","DERIVED_ONCE_FROM_EUR2020_INVESTMENT_AND_UNCHANGED_FOM_PERCENT","investment_EUR2020 * FOM_percent /100","GATE4-20261006-FIXED-ACCOUNTS-EUR2020#B",""
"BioSNG","monetary_FOM","2050","25628.4717","2050:BioSNG:monetary_FOM","EUR/MW_th/year","2020","DERIVED_ONCE_FROM_EUR2020_INVESTMENT_AND_UNCHANGED_FOM_PERCENT","investment_EUR2020 * FOM_percent /100","GATE4-20261006-FIXED-ACCOUNTS-EUR2020#B",""
"BtL","monetary_FOM","2050","62368.665","2050:BtL:monetary_FOM","EUR/MW_th/year","2020","DERIVED_ONCE_FROM_EUR2020_INVESTMENT_AND_UNCHANGED_FOM_PERCENT","investment_EUR2020 * FOM_percent /100","GATE4-20261006-FIXED-ACCOUNTS-EUR2020#B",""
"CCGT","monetary_FOM","2050","25615.076071121533","2050:CCGT:monetary_FOM","EUR/MW/year","2020","DERIVED_ONCE_FROM_EUR2020_INVESTMENT_AND_UNCHANGED_FOM_PERCENT","investment_EUR2020 * FOM_percent /100","GATE4-20261006-FIXED-ACCOUNTS-EUR2020#B",""
"CH4 (g) fill compressor station","monetary_FOM","2050","28.13432","2050:CH4 (g) fill compressor station:monetary_FOM","EUR/MW_CH4/year","2020","DERIVED_ONCE_FROM_EUR2020_INVESTMENT_AND_UNCHANGED_FOM_PERCENT","investment_EUR2020 * FOM_percent /100","GATE4-20261006-FIXED-ACCOUNTS-EUR2020#B",""
"CH4 (g) pipeline","monetary_FOM","2050","1.3082999999999998","2050:CH4 (g) pipeline:monetary_FOM","EUR/MW/km/year","2020","DERIVED_ONCE_FROM_EUR2020_INVESTMENT_AND_UNCHANGED_FOM_PERCENT","investment_EUR2020 * FOM_percent /100","GATE4-20261006-FIXED-ACCOUNTS-EUR2020#B",""
"CH4 (g) submarine pipeline","monetary_FOM","2050","3.5795190000000003","2050:CH4 (g) submarine pipeline:monetary_FOM","EUR/MW/km/year","2020","DERIVED_ONCE_FROM_EUR2020_INVESTMENT_AND_UNCHANGED_FOM_PERCENT","investment_EUR2020 * FOM_percent /100","GATE4-20261006-FIXED-ACCOUNTS-EUR2020#B",""
"CH4 (l) transport ship","monetary_FOM","2050","5592701.298908499","2050:CH4 (l) transport ship:monetary_FOM","EUR/year","2020","DERIVED_ONCE_FROM_EUR2020_INVESTMENT_AND_UNCHANGED_FOM_PERCENT","investment_EUR2020 * FOM_percent /100","GATE4-20261006-FIXED-ACCOUNTS-EUR2020#B",""
"CH4 evaporation","monetary_FOM","2050","3188.8535","2050:CH4 evaporation:monetary_FOM","EUR/MW_CH4/year","2020","DERIVED_ONCE_FROM_EUR2020_INVESTMENT_AND_UNCHANGED_FOM_PERCENT","investment_EUR2020 * FOM_percent /100","GATE4-20261006-FIXED-ACCOUNTS-EUR2020#B",""
"CH4 liquefaction","monetary_FOM","2050","8450.505","2050:CH4 liquefaction:monetary_FOM","EUR/MW_CH4/year","2020","DERIVED_ONCE_FROM_EUR2020_INVESTMENT_AND_UNCHANGED_FOM_PERCENT","investment_EUR2020 * FOM_percent /100","GATE4-20261006-FIXED-ACCOUNTS-EUR2020#B",""
"CO2 liquefaction","monetary_FOM","2050","0.83613","2050:CO2 liquefaction:monetary_FOM","EUR/t_CO2/h/year","2020","DERIVED_ONCE_FROM_EUR2020_INVESTMENT_AND_UNCHANGED_FOM_PERCENT","investment_EUR2020 * FOM_percent /100","GATE4-20261006-FIXED-ACCOUNTS-EUR2020#B",""
"CO2 pipeline","monetary_FOM","2050","19.047989700000002","2050:CO2 pipeline:monetary_FOM","EUR/(tCO2/h)/km/year","2020","DERIVED_ONCE_FROM_EUR2020_INVESTMENT_AND_UNCHANGED_FOM_PERCENT","investment_EUR2020 * FOM_percent /100","GATE4-20261006-FIXED-ACCOUNTS-EUR2020#B",""
"CO2 storage tank","monetary_FOM","2050","25.843462","2050:CO2 storage tank:monetary_FOM","EUR/t_CO2/year","2020","DERIVED_ONCE_FROM_EUR2020_INVESTMENT_AND_UNCHANGED_FOM_PERCENT","investment_EUR2020 * FOM_percent /100","GATE4-20261006-FIXED-ACCOUNTS-EUR2020#B",""
"CO2 submarine pipeline","monetary_FOM","2050","21.164432499999997","2050:CO2 submarine pipeline:monetary_FOM","EUR/(tCO2/h)/km/year","2020","DERIVED_ONCE_FROM_EUR2020_INVESTMENT_AND_UNCHANGED_FOM_PERCENT","investment_EUR2020 * FOM_percent /100","GATE4-20261006-FIXED-ACCOUNTS-EUR2020#B",""
"Charging infrastructure fast (purely) battery electric vehicles passenger cars","monetary_FOM","2050","7182.304","2050:Charging infrastructure fast (purely) battery electric vehicles passenger cars:monetary_FOM","EUR/Ladesï¿½ule/year","2020","DERIVED_ONCE_FROM_EUR2020_INVESTMENT_AND_UNCHANGED_FOM_PERCENT","investment_EUR2020 * FOM_percent /100","GATE4-20261006-FIXED-ACCOUNTS-EUR2020#B",""
"Charging infrastructure fuel cell vehicles passenger cars","monetary_FOM","2050","39343.920000000006","2050:Charging infrastructure fuel cell vehicles passenger cars:monetary_FOM","EUR/Ladesï¿½ule/year","2020","DERIVED_ONCE_FROM_EUR2020_INVESTMENT_AND_UNCHANGED_FOM_PERCENT","investment_EUR2020 * FOM_percent /100","GATE4-20261006-FIXED-ACCOUNTS-EUR2020#B",""
"Charging infrastructure fuel cell vehicles trucks","monetary_FOM","2050","39333.668000000005","2050:Charging infrastructure fuel cell vehicles trucks:monetary_FOM","EUR/Ladesï¿½ule/year","2020","DERIVED_ONCE_FROM_EUR2020_INVESTMENT_AND_UNCHANGED_FOM_PERCENT","investment_EUR2020 * FOM_percent /100","GATE4-20261006-FIXED-ACCOUNTS-EUR2020#B",""
"Charging infrastructure slow (purely) battery electric vehicles passenger cars","monetary_FOM","2050","18.09","2050:Charging infrastructure slow (purely) battery electric vehicles passenger cars:monetary_FOM","EUR/Ladesï¿½ule/year","2020","DERIVED_ONCE_FROM_EUR2020_INVESTMENT_AND_UNCHANGED_FOM_PERCENT","investment_EUR2020 * FOM_percent /100","GATE4-20261006-FIXED-ACCOUNTS-EUR2020#B",""
"Compressed-Air-Adiabatic-bicharger","monetary_FOM","2050","8766.366433189","2050:Compressed-Air-Adiabatic-bicharger:monetary_FOM","EUR/MW/year","2020","DERIVED_ONCE_FROM_EUR2020_INVESTMENT_AND_UNCHANGED_FOM_PERCENT","investment_EUR2020 * FOM_percent /100","GATE4-20261006-FIXED-ACCOUNTS-EUR2020#B",""
"Compressed-Air-Adiabatic-store","monetary_FOM","2050","23.429794419999997","2050:Compressed-Air-Adiabatic-store:monetary_FOM","EUR/MWh/year","2020","DERIVED_ONCE_FROM_EUR2020_INVESTMENT_AND_UNCHANGED_FOM_PERCENT","investment_EUR2020 * FOM_percent /100","GATE4-20261006-FIXED-ACCOUNTS-EUR2020#B",""
"Concrete-charger","monetary_FOM","2050","1550.0668831499997","2050:Concrete-charger:monetary_FOM","EUR/MW/year","2020","DERIVED_ONCE_FROM_EUR2020_INVESTMENT_AND_UNCHANGED_FOM_PERCENT","investment_EUR2020 * FOM_percent /100","GATE4-20261006-FIXED-ACCOUNTS-EUR2020#B",""
"Concrete-discharger","monetary_FOM","2050","1550.355268224","2050:Concrete-discharger:monetary_FOM","EUR/MW/year","2020","DERIVED_ONCE_FROM_EUR2020_INVESTMENT_AND_UNCHANGED_FOM_PERCENT","investment_EUR2020 * FOM_percent /100","GATE4-20261006-FIXED-ACCOUNTS-EUR2020#B",""
"Concrete-store","monetary_FOM","2050","79.5383207792","2050:Concrete-store:monetary_FOM","EUR/MWh/year","2020","DERIVED_ONCE_FROM_EUR2020_INVESTMENT_AND_UNCHANGED_FOM_PERCENT","investment_EUR2020 * FOM_percent /100","GATE4-20261006-FIXED-ACCOUNTS-EUR2020#B",""
"Container feeder, ammonia","monetary_FOM","2050","0","2050:Container feeder, ammonia:monetary_FOM","EUR/year","2020","DERIVED_ONCE_FROM_EUR2020_INVESTMENT_AND_UNCHANGED_FOM_PERCENT","investment_EUR2020 * FOM_percent /100","GATE4-20261006-FIXED-ACCOUNTS-EUR2020#B",""
"Container feeder, diesel","monetary_FOM","2050","0","2050:Container feeder, diesel:monetary_FOM","EUR/year","2020","DERIVED_ONCE_FROM_EUR2020_INVESTMENT_AND_UNCHANGED_FOM_PERCENT","investment_EUR2020 * FOM_percent /100","GATE4-20261006-FIXED-ACCOUNTS-EUR2020#B",""
"Container feeder, methanol","monetary_FOM","2050","0","2050:Container feeder, methanol:monetary_FOM","EUR/year","2020","DERIVED_ONCE_FROM_EUR2020_INVESTMENT_AND_UNCHANGED_FOM_PERCENT","investment_EUR2020 * FOM_percent /100","GATE4-20261006-FIXED-ACCOUNTS-EUR2020#B",""
"Container, ammonia","monetary_FOM","2050","0","2050:Container, ammonia:monetary_FOM","EUR/year","2020","DERIVED_ONCE_FROM_EUR2020_INVESTMENT_AND_UNCHANGED_FOM_PERCENT","investment_EUR2020 * FOM_percent /100","GATE4-20261006-FIXED-ACCOUNTS-EUR2020#B",""
"Container, diesel","monetary_FOM","2050","0","2050:Container, diesel:monetary_FOM","EUR/year","2020","DERIVED_ONCE_FROM_EUR2020_INVESTMENT_AND_UNCHANGED_FOM_PERCENT","investment_EUR2020 * FOM_percent /100","GATE4-20261006-FIXED-ACCOUNTS-EUR2020#B",""
"Container, methanol","monetary_FOM","2050","0","2050:Container, methanol:monetary_FOM","EUR/year","2020","DERIVED_ONCE_FROM_EUR2020_INVESTMENT_AND_UNCHANGED_FOM_PERCENT","investment_EUR2020 * FOM_percent /100","GATE4-20261006-FIXED-ACCOUNTS-EUR2020#B",""
"Diesel Bus city","monetary_FOM","2050","0.6030250928","2050:Diesel Bus city:monetary_FOM","EUR/vehicle/year","2020","DERIVED_ONCE_FROM_EUR2020_INVESTMENT_AND_UNCHANGED_FOM_PERCENT","investment_EUR2020 * FOM_percent /100","GATE4-20261006-FIXED-ACCOUNTS-EUR2020#B",""
"Diesel Coach","monetary_FOM","2050","0.6938882303999999","2050:Diesel Coach:monetary_FOM","EUR/vehicle/year","2020","DERIVED_ONCE_FROM_EUR2020_INVESTMENT_AND_UNCHANGED_FOM_PERCENT","investment_EUR2020 * FOM_percent /100","GATE4-20261006-FIXED-ACCOUNTS-EUR2020#B",""
"Diesel Truck Semi-Trailer max 50 tons","monetary_FOM","2050","0.71006057","2050:Diesel Truck Semi-Trailer max 50 tons:monetary_FOM","EUR/vehicle/year","2020","DERIVED_ONCE_FROM_EUR2020_INVESTMENT_AND_UNCHANGED_FOM_PERCENT","investment_EUR2020 * FOM_percent /100","GATE4-20261006-FIXED-ACCOUNTS-EUR2020#B",""
"Diesel Truck Solo max 26 tons","monetary_FOM","2050","0.6217763724","2050:Diesel Truck Solo max 26 tons:monetary_FOM","EUR/vehicle/year","2020","DERIVED_ONCE_FROM_EUR2020_INVESTMENT_AND_UNCHANGED_FOM_PERCENT","investment_EUR2020 * FOM_percent /100","GATE4-20261006-FIXED-ACCOUNTS-EUR2020#B",""
"Diesel Truck Trailer max 56 tons","monetary_FOM","2050","0.71006057","2050:Diesel Truck Trailer max 56 tons:monetary_FOM","EUR/vehicle/year","2020","DERIVED_ONCE_FROM_EUR2020_INVESTMENT_AND_UNCHANGED_FOM_PERCENT","investment_EUR2020 * FOM_percent /100","GATE4-20261006-FIXED-ACCOUNTS-EUR2020#B",""
"FCV Bus city","monetary_FOM","2050","0.5717113889999998","2050:FCV Bus city:monetary_FOM","EUR/vehicle/year","2020","DERIVED_ONCE_FROM_EUR2020_INVESTMENT_AND_UNCHANGED_FOM_PERCENT","investment_EUR2020 * FOM_percent /100","GATE4-20261006-FIXED-ACCOUNTS-EUR2020#B",""
"FCV Coach","monetary_FOM","2050","0.7136803444","2050:FCV Coach:monetary_FOM","EUR/vehicle/year","2020","DERIVED_ONCE_FROM_EUR2020_INVESTMENT_AND_UNCHANGED_FOM_PERCENT","investment_EUR2020 * FOM_percent /100","GATE4-20261006-FIXED-ACCOUNTS-EUR2020#B",""
"FCV Truck Semi-Trailer max 50 tons","monetary_FOM","2050","0.559239918","2050:FCV Truck Semi-Trailer max 50 tons:monetary_FOM","EUR/vehicle/year","2020","DERIVED_ONCE_FROM_EUR2020_INVESTMENT_AND_UNCHANGED_FOM_PERCENT","investment_EUR2020 * FOM_percent /100","GATE4-20261006-FIXED-ACCOUNTS-EUR2020#B",""
"FCV Truck Solo max 26 tons","monetary_FOM","2050","0.5167238009999999","2050:FCV Truck Solo max 26 tons:monetary_FOM","EUR/vehicle/year","2020","DERIVED_ONCE_FROM_EUR2020_INVESTMENT_AND_UNCHANGED_FOM_PERCENT","investment_EUR2020 * FOM_percent /100","GATE4-20261006-FIXED-ACCOUNTS-EUR2020#B",""
"FCV Truck Trailer max 56 tons","monetary_FOM","2050","0.5829369492","2050:FCV Truck Trailer max 56 tons:monetary_FOM","EUR/vehicle/year","2020","DERIVED_ONCE_FROM_EUR2020_INVESTMENT_AND_UNCHANGED_FOM_PERCENT","investment_EUR2020 * FOM_percent /100","GATE4-20261006-FIXED-ACCOUNTS-EUR2020#B",""
"FT fuel transport ship","monetary_FOM","2050","1750000","2050:FT fuel transport ship:monetary_FOM","EUR/year","2020","DERIVED_ONCE_FROM_EUR2020_INVESTMENT_AND_UNCHANGED_FOM_PERCENT","investment_EUR2020 * FOM_percent /100","GATE4-20261006-FIXED-ACCOUNTS-EUR2020#B",""
"Fischer-Tropsch","monetary_FOM","2050","15592.16646","2050:Fischer-Tropsch:monetary_FOM","EUR/MW_FT/year","2020","DERIVED_ONCE_FROM_EUR2020_INVESTMENT_AND_UNCHANGED_FOM_PERCENT","investment_EUR2020 * FOM_percent /100","GATE4-20261006-FIXED-ACCOUNTS-EUR2020#B",""
"Gasnetz","monetary_FOM","2050","700","2050:Gasnetz:monetary_FOM","EUR/MWGas/year","2020","DERIVED_ONCE_FROM_EUR2020_INVESTMENT_AND_UNCHANGED_FOM_PERCENT","investment_EUR2020 * FOM_percent /100","GATE4-20261006-FIXED-ACCOUNTS-EUR2020#B",""
"General liquid hydrocarbon storage (crude)","monetary_FOM","2050","8.61874375","2050:General liquid hydrocarbon storage (crude):monetary_FOM","EUR/m^3/year","2020","DERIVED_ONCE_FROM_EUR2020_INVESTMENT_AND_UNCHANGED_FOM_PERCENT","investment_EUR2020 * FOM_percent /100","GATE4-20261006-FIXED-ACCOUNTS-EUR2020#B",""
"General liquid hydrocarbon storage (product)","monetary_FOM","2050","10.773425","2050:General liquid hydrocarbon storage (product):monetary_FOM","EUR/m^3/year","2020","DERIVED_ONCE_FROM_EUR2020_INVESTMENT_AND_UNCHANGED_FOM_PERCENT","investment_EUR2020 * FOM_percent /100","GATE4-20261006-FIXED-ACCOUNTS-EUR2020#B",""
"Gravity-Brick-bicharger","monetary_FOM","2050","6233.557765500001","2050:Gravity-Brick-bicharger:monetary_FOM","EUR/MW/year","2020","DERIVED_ONCE_FROM_EUR2020_INVESTMENT_AND_UNCHANGED_FOM_PERCENT","investment_EUR2020 * FOM_percent /100","GATE4-20261006-FIXED-ACCOUNTS-EUR2020#B",""
"Gravity-Brick-store","monetary_FOM","2050","0","2050:Gravity-Brick-store:monetary_FOM","EUR/MWh/year","2020","DERIVED_ONCE_FROM_EUR2020_INVESTMENT_AND_UNCHANGED_FOM_PERCENT","investment_EUR2020 * FOM_percent /100","GATE4-20261006-FIXED-ACCOUNTS-EUR2020#B",""
"Gravity-Water-Aboveground-bicharger","monetary_FOM","2050","5484.460695","2050:Gravity-Water-Aboveground-bicharger:monetary_FOM","EUR/MW/year","2020","DERIVED_ONCE_FROM_EUR2020_INVESTMENT_AND_UNCHANGED_FOM_PERCENT","investment_EUR2020 * FOM_percent /100","GATE4-20261006-FIXED-ACCOUNTS-EUR2020#B",""
"Gravity-Water-Aboveground-store","monetary_FOM","2050","0","2050:Gravity-Water-Aboveground-store:monetary_FOM","EUR/MWh/year","2020","DERIVED_ONCE_FROM_EUR2020_INVESTMENT_AND_UNCHANGED_FOM_PERCENT","investment_EUR2020 * FOM_percent /100","GATE4-20261006-FIXED-ACCOUNTS-EUR2020#B",""
"Gravity-Water-Underground-bicharger","monetary_FOM","2050","13577.384402999998","2050:Gravity-Water-Underground-bicharger:monetary_FOM","EUR/MW/year","2020","DERIVED_ONCE_FROM_EUR2020_INVESTMENT_AND_UNCHANGED_FOM_PERCENT","investment_EUR2020 * FOM_percent /100","GATE4-20261006-FIXED-ACCOUNTS-EUR2020#B",""
"Gravity-Water-Underground-store","monetary_FOM","2050","0","2050:Gravity-Water-Underground-store:monetary_FOM","EUR/MWh/year","2020","DERIVED_ONCE_FROM_EUR2020_INVESTMENT_AND_UNCHANGED_FOM_PERCENT","investment_EUR2020 * FOM_percent /100","GATE4-20261006-FIXED-ACCOUNTS-EUR2020#B",""
"H2 (g) fill compressor station","monetary_FOM","2050","80.55817880000001","2050:H2 (g) fill compressor station:monetary_FOM","EUR/MW_H2/year","2020","DERIVED_ONCE_FROM_EUR2020_INVESTMENT_AND_UNCHANGED_FOM_PERCENT","investment_EUR2020 * FOM_percent /100","GATE4-20261006-FIXED-ACCOUNTS-EUR2020#B",""
"H2 (g) pipeline","monetary_FOM","2050","4.5552675","2050:H2 (g) pipeline:monetary_FOM","EUR/MW/km/year","2020","DERIVED_ONCE_FROM_EUR2020_INVESTMENT_AND_UNCHANGED_FOM_PERCENT","investment_EUR2020 * FOM_percent /100","GATE4-20261006-FIXED-ACCOUNTS-EUR2020#B",""
"H2 (g) pipeline repurposed","monetary_FOM","2050","1.9420229999999998","2050:H2 (g) pipeline repurposed:monetary_FOM","EUR/MW/km/year","2020","DERIVED_ONCE_FROM_EUR2020_INVESTMENT_AND_UNCHANGED_FOM_PERCENT","investment_EUR2020 * FOM_percent /100","GATE4-20261006-FIXED-ACCOUNTS-EUR2020#B",""
"H2 (g) submarine pipeline","monetary_FOM","2050","13.683494999999999","2050:H2 (g) submarine pipeline:monetary_FOM","EUR/MW/km/year","2020","DERIVED_ONCE_FROM_EUR2020_INVESTMENT_AND_UNCHANGED_FOM_PERCENT","investment_EUR2020 * FOM_percent /100","GATE4-20261006-FIXED-ACCOUNTS-EUR2020#B",""
"H2 (g) submarine pipeline repurposed","monetary_FOM","2050","4.804686","2050:H2 (g) submarine pipeline repurposed:monetary_FOM","EUR/MW/km/year","2020","DERIVED_ONCE_FROM_EUR2020_INVESTMENT_AND_UNCHANGED_FOM_PERCENT","investment_EUR2020 * FOM_percent /100","GATE4-20261006-FIXED-ACCOUNTS-EUR2020#B",""
"H2 (l) storage tank","monetary_FOM","2050","15.874912","2050:H2 (l) storage tank:monetary_FOM","EUR/MWh_H2/year","2020","DERIVED_ONCE_FROM_EUR2020_INVESTMENT_AND_UNCHANGED_FOM_PERCENT","investment_EUR2020 * FOM_percent /100","GATE4-20261006-FIXED-ACCOUNTS-EUR2020#B",""
"H2 (l) transport ship","monetary_FOM","2050","15749480","2050:H2 (l) transport ship:monetary_FOM","EUR/year","2020","DERIVED_ONCE_FROM_EUR2020_INVESTMENT_AND_UNCHANGED_FOM_PERCENT","investment_EUR2020 * FOM_percent /100","GATE4-20261006-FIXED-ACCOUNTS-EUR2020#B",""
"H2 evaporation","monetary_FOM","2050","1446.1575","2050:H2 evaporation:monetary_FOM","EUR/MW_H2/year","2020","DERIVED_ONCE_FROM_EUR2020_INVESTMENT_AND_UNCHANGED_FOM_PERCENT","investment_EUR2020 * FOM_percent /100","GATE4-20261006-FIXED-ACCOUNTS-EUR2020#B",""
"H2 liquefaction","monetary_FOM","2050","13349.1375","2050:H2 liquefaction:monetary_FOM","EUR/MW_H2/year","2020","DERIVED_ONCE_FROM_EUR2020_INVESTMENT_AND_UNCHANGED_FOM_PERCENT","investment_EUR2020 * FOM_percent /100","GATE4-20261006-FIXED-ACCOUNTS-EUR2020#B",""
"H2 pipeline","monetary_FOM","2050","8.476356000000001","2050:H2 pipeline:monetary_FOM","EUR/MW/km/year","2020","DERIVED_ONCE_FROM_EUR2020_INVESTMENT_AND_UNCHANGED_FOM_PERCENT","investment_EUR2020 * FOM_percent /100","GATE4-20261006-FIXED-ACCOUNTS-EUR2020#B",""
"H2 production biomass gasification","monetary_FOM","2050","73396.995","2050:H2 production biomass gasification:monetary_FOM","EUR/MW/year","2020","DERIVED_ONCE_FROM_EUR2020_INVESTMENT_AND_UNCHANGED_FOM_PERCENT","investment_EUR2020 * FOM_percent /100","GATE4-20261006-FIXED-ACCOUNTS-EUR2020#B",""
"H2 production biomass gasification CC","monetary_FOM","2050","74454.785","2050:H2 production biomass gasification CC:monetary_FOM","EUR/MW/year","2020","DERIVED_ONCE_FROM_EUR2020_INVESTMENT_AND_UNCHANGED_FOM_PERCENT","investment_EUR2020 * FOM_percent /100","GATE4-20261006-FIXED-ACCOUNTS-EUR2020#B",""
"H2 production coal gasification","monetary_FOM","2050","25543.4752","2050:H2 production coal gasification:monetary_FOM","EUR/MW/year","2020","DERIVED_ONCE_FROM_EUR2020_INVESTMENT_AND_UNCHANGED_FOM_PERCENT","investment_EUR2020 * FOM_percent /100","GATE4-20261006-FIXED-ACCOUNTS-EUR2020#B",""
"H2 production coal gasification CC","monetary_FOM","2050","25633.782199999998","2050:H2 production coal gasification CC:monetary_FOM","EUR/MW/year","2020","DERIVED_ONCE_FROM_EUR2020_INVESTMENT_AND_UNCHANGED_FOM_PERCENT","investment_EUR2020 * FOM_percent /100","GATE4-20261006-FIXED-ACCOUNTS-EUR2020#B",""
"H2 production heavy oil partial oxidation","monetary_FOM","2050","24556.655","2050:H2 production heavy oil partial oxidation:monetary_FOM","EUR/MW/year","2020","DERIVED_ONCE_FROM_EUR2020_INVESTMENT_AND_UNCHANGED_FOM_PERCENT","investment_EUR2020 * FOM_percent /100","GATE4-20261006-FIXED-ACCOUNTS-EUR2020#B",""
"H2 production natural gas steam reforming","monetary_FOM","2050","8822.538199999999","2050:H2 production natural gas steam reforming:monetary_FOM","EUR/MW/year","2020","DERIVED_ONCE_FROM_EUR2020_INVESTMENT_AND_UNCHANGED_FOM_PERCENT","investment_EUR2020 * FOM_percent /100","GATE4-20261006-FIXED-ACCOUNTS-EUR2020#B",""
"H2 production natural gas steam reforming CC","monetary_FOM","2050","13055.177999999998","2050:H2 production natural gas steam reforming CC:monetary_FOM","EUR/MW/year","2020","DERIVED_ONCE_FROM_EUR2020_INVESTMENT_AND_UNCHANGED_FOM_PERCENT","investment_EUR2020 * FOM_percent /100","GATE4-20261006-FIXED-ACCOUNTS-EUR2020#B",""
"H2 production solid biomass steam reforming","monetary_FOM","2050","23626.255999999998","2050:H2 production solid biomass steam reforming:monetary_FOM","EUR/MW/year","2020","DERIVED_ONCE_FROM_EUR2020_INVESTMENT_AND_UNCHANGED_FOM_PERCENT","investment_EUR2020 * FOM_percent /100","GATE4-20261006-FIXED-ACCOUNTS-EUR2020#B",""
"HVAC overhead","monetary_FOM","2050","8.842827999999999","2050:HVAC overhead:monetary_FOM","EUR/MW/km/year","2020","DERIVED_ONCE_FROM_EUR2020_INVESTMENT_AND_UNCHANGED_FOM_PERCENT","investment_EUR2020 * FOM_percent /100","GATE4-20261006-FIXED-ACCOUNTS-EUR2020#B",""
"HVDC inverter pair","monetary_FOM","2050","3316.0607959999998","2050:HVDC inverter pair:monetary_FOM","EUR/MW/year","2020","DERIVED_ONCE_FROM_EUR2020_INVESTMENT_AND_UNCHANGED_FOM_PERCENT","investment_EUR2020 * FOM_percent /100","GATE4-20261006-FIXED-ACCOUNTS-EUR2020#B",""
"HVDC overhead","monetary_FOM","2050","8.842827999999999","2050:HVDC overhead:monetary_FOM","EUR/MW/km/year","2020","DERIVED_ONCE_FROM_EUR2020_INVESTMENT_AND_UNCHANGED_FOM_PERCENT","investment_EUR2020 * FOM_percent /100","GATE4-20261006-FIXED-ACCOUNTS-EUR2020#B",""
"HVDC submarine","monetary_FOM","2050","3.5290269","2050:HVDC submarine:monetary_FOM","EUR/MW/km/year","2020","DERIVED_ONCE_FROM_EUR2020_INVESTMENT_AND_UNCHANGED_FOM_PERCENT","investment_EUR2020 * FOM_percent /100","GATE4-20261006-FIXED-ACCOUNTS-EUR2020#B",""
"HVDC underground","monetary_FOM","2050","3.5290269","2050:HVDC underground:monetary_FOM","EUR/MW/km/year","2020","DERIVED_ONCE_FROM_EUR2020_INVESTMENT_AND_UNCHANGED_FOM_PERCENT","investment_EUR2020 * FOM_percent /100","GATE4-20261006-FIXED-ACCOUNTS-EUR2020#B",""
"Haber-Bosch","monetary_FOM","2050","27464.822999999997","2050:Haber-Bosch:monetary_FOM","EUR/MW_NH3/year","2020","DERIVED_ONCE_FROM_EUR2020_INVESTMENT_AND_UNCHANGED_FOM_PERCENT","investment_EUR2020 * FOM_percent /100","GATE4-20261006-FIXED-ACCOUNTS-EUR2020#B",""
"HighT-Molten-Salt-charger","monetary_FOM","2050","1550.0668831499997","2050:HighT-Molten-Salt-charger:monetary_FOM","EUR/MW/year","2020","DERIVED_ONCE_FROM_EUR2020_INVESTMENT_AND_UNCHANGED_FOM_PERCENT","investment_EUR2020 * FOM_percent /100","GATE4-20261006-FIXED-ACCOUNTS-EUR2020#B",""
"HighT-Molten-Salt-discharger","monetary_FOM","2050","1550.355268224","2050:HighT-Molten-Salt-discharger:monetary_FOM","EUR/MW/year","2020","DERIVED_ONCE_FROM_EUR2020_INVESTMENT_AND_UNCHANGED_FOM_PERCENT","investment_EUR2020 * FOM_percent /100","GATE4-20261006-FIXED-ACCOUNTS-EUR2020#B",""
"HighT-Molten-Salt-store","monetary_FOM","2050","311.3077717612","2050:HighT-Molten-Salt-store:monetary_FOM","EUR/MWh/year","2020","DERIVED_ONCE_FROM_EUR2020_INVESTMENT_AND_UNCHANGED_FOM_PERCENT","investment_EUR2020 * FOM_percent /100","GATE4-20261006-FIXED-ACCOUNTS-EUR2020#B",""
"Hydrogen fuel cell (passenger cars)","monetary_FOM","2050","322.56","2050:Hydrogen fuel cell (passenger cars):monetary_FOM","EUR/PKW/year","2020","DERIVED_ONCE_FROM_EUR2020_INVESTMENT_AND_UNCHANGED_FOM_PERCENT","investment_EUR2020 * FOM_percent /100","GATE4-20261006-FIXED-ACCOUNTS-EUR2020#B",""
"Hydrogen fuel cell (trucks)","monetary_FOM","2050","15336.62","2050:Hydrogen fuel cell (trucks):monetary_FOM","EUR/LKW/year","2020","DERIVED_ONCE_FROM_EUR2020_INVESTMENT_AND_UNCHANGED_FOM_PERCENT","investment_EUR2020 * FOM_percent /100","GATE4-20261006-FIXED-ACCOUNTS-EUR2020#B",""
"Hydrogen-charger","monetary_FOM","2050","2202.7988586105","2050:Hydrogen-charger:monetary_FOM","EUR/MW/year","2020","DERIVED_ONCE_FROM_EUR2020_INVESTMENT_AND_UNCHANGED_FOM_PERCENT","investment_EUR2020 * FOM_percent /100","GATE4-20261006-FIXED-ACCOUNTS-EUR2020#B",""
"Hydrogen-discharger","monetary_FOM","2050","2202.7912784768005","2050:Hydrogen-discharger:monetary_FOM","EUR/MW/year","2020","DERIVED_ONCE_FROM_EUR2020_INVESTMENT_AND_UNCHANGED_FOM_PERCENT","investment_EUR2020 * FOM_percent /100","GATE4-20261006-FIXED-ACCOUNTS-EUR2020#B",""
"Hydrogen-store","monetary_FOM","2050","20.55379661","2050:Hydrogen-store:monetary_FOM","EUR/MWh/year","2020","DERIVED_ONCE_FROM_EUR2020_INVESTMENT_AND_UNCHANGED_FOM_PERCENT","investment_EUR2020 * FOM_percent /100","GATE4-20261006-FIXED-ACCOUNTS-EUR2020#B",""
"LNG storage tank","monetary_FOM","2050","13.33268","2050:LNG storage tank:monetary_FOM","EUR/m^3/year","2020","DERIVED_ONCE_FROM_EUR2020_INVESTMENT_AND_UNCHANGED_FOM_PERCENT","investment_EUR2020 * FOM_percent /100","GATE4-20261006-FIXED-ACCOUNTS-EUR2020#B",""
"LOHC chemical","monetary_FOM","2050","0","2050:LOHC chemical:monetary_FOM","EUR/t/year","2020","DERIVED_ONCE_FROM_EUR2020_INVESTMENT_AND_UNCHANGED_FOM_PERCENT","investment_EUR2020 * FOM_percent /100","GATE4-20261006-FIXED-ACCOUNTS-EUR2020#B",""
"LOHC dehydrogenation","monetary_FOM","2050","1610.444964","2050:LOHC dehydrogenation:monetary_FOM","EUR/MW_H2/year","2020","DERIVED_ONCE_FROM_EUR2020_INVESTMENT_AND_UNCHANGED_FOM_PERCENT","investment_EUR2020 * FOM_percent /100","GATE4-20261006-FIXED-ACCOUNTS-EUR2020#B",""
"LOHC dehydrogenation (small scale)","monetary_FOM","2050","25170","2050:LOHC dehydrogenation (small scale):monetary_FOM","EUR/MW_H2/year","2020","DERIVED_ONCE_FROM_EUR2020_INVESTMENT_AND_UNCHANGED_FOM_PERCENT","investment_EUR2020 * FOM_percent /100","GATE4-20261006-FIXED-ACCOUNTS-EUR2020#B",""
"LOHC hydrogenation","monetary_FOM","2050","1627.3187400000002","2050:LOHC hydrogenation:monetary_FOM","EUR/MW_H2/year","2020","DERIVED_ONCE_FROM_EUR2020_INVESTMENT_AND_UNCHANGED_FOM_PERCENT","investment_EUR2020 * FOM_percent /100","GATE4-20261006-FIXED-ACCOUNTS-EUR2020#B",""
"LOHC loaded DBT storage","monetary_FOM","2050","9.47114375","2050:LOHC loaded DBT storage:monetary_FOM","EUR/t/year","2020","DERIVED_ONCE_FROM_EUR2020_INVESTMENT_AND_UNCHANGED_FOM_PERCENT","investment_EUR2020 * FOM_percent /100","GATE4-20261006-FIXED-ACCOUNTS-EUR2020#B",""
"LOHC transport ship","monetary_FOM","2050","1750000","2050:LOHC transport ship:monetary_FOM","EUR/year","2020","DERIVED_ONCE_FROM_EUR2020_INVESTMENT_AND_UNCHANGED_FOM_PERCENT","investment_EUR2020 * FOM_percent /100","GATE4-20261006-FIXED-ACCOUNTS-EUR2020#B",""
"LOHC unloaded DBT storage","monetary_FOM","2050","8.39215625","2050:LOHC unloaded DBT storage:monetary_FOM","EUR/t/year","2020","DERIVED_ONCE_FROM_EUR2020_INVESTMENT_AND_UNCHANGED_FOM_PERCENT","investment_EUR2020 * FOM_percent /100","GATE4-20261006-FIXED-ACCOUNTS-EUR2020#B",""
"Lead-Acid-bicharger","monetary_FOM","2050","3147.5072267353","2050:Lead-Acid-bicharger:monetary_FOM","EUR/MW/year","2020","DERIVED_ONCE_FROM_EUR2020_INVESTMENT_AND_UNCHANGED_FOM_PERCENT","investment_EUR2020 * FOM_percent /100","GATE4-20261006-FIXED-ACCOUNTS-EUR2020#B",""
"Lead-Acid-store","monetary_FOM","2050","815.0449725355998","2050:Lead-Acid-store:monetary_FOM","EUR/MWh/year","2020","DERIVED_ONCE_FROM_EUR2020_INVESTMENT_AND_UNCHANGED_FOM_PERCENT","investment_EUR2020 * FOM_percent /100","GATE4-20261006-FIXED-ACCOUNTS-EUR2020#B",""
"Liquid fuels ICE (passenger cars)","monetary_FOM","2050","430.08","2050:Liquid fuels ICE (passenger cars):monetary_FOM","EUR/PKW/year","2020","DERIVED_ONCE_FROM_EUR2020_INVESTMENT_AND_UNCHANGED_FOM_PERCENT","investment_EUR2020 * FOM_percent /100","GATE4-20261006-FIXED-ACCOUNTS-EUR2020#B",""
"Liquid fuels ICE (trucks)","monetary_FOM","2050","18042.155","2050:Liquid fuels ICE (trucks):monetary_FOM","EUR/LKW/year","2020","DERIVED_ONCE_FROM_EUR2020_INVESTMENT_AND_UNCHANGED_FOM_PERCENT","investment_EUR2020 * FOM_percent /100","GATE4-20261006-FIXED-ACCOUNTS-EUR2020#B",""
"Liquid-Air-charger","monetary_FOM","2050","1741.1396977739998","2050:Liquid-Air-charger:monetary_FOM","EUR/MW/year","2020","DERIVED_ONCE_FROM_EUR2020_INVESTMENT_AND_UNCHANGED_FOM_PERCENT","investment_EUR2020 * FOM_percent /100","GATE4-20261006-FIXED-ACCOUNTS-EUR2020#B",""
"Liquid-Air-discharger","monetary_FOM","2050","1740.8967759959999","2050:Liquid-Air-discharger:monetary_FOM","EUR/MW/year","2020","DERIVED_ONCE_FROM_EUR2020_INVESTMENT_AND_UNCHANGED_FOM_PERCENT","investment_EUR2020 * FOM_percent /100","GATE4-20261006-FIXED-ACCOUNTS-EUR2020#B",""
"Liquid-Air-store","monetary_FOM","2050","510.087305368","2050:Liquid-Air-store:monetary_FOM","EUR/MWh/year","2020","DERIVED_ONCE_FROM_EUR2020_INVESTMENT_AND_UNCHANGED_FOM_PERCENT","investment_EUR2020 * FOM_percent /100","GATE4-20261006-FIXED-ACCOUNTS-EUR2020#B",""
"Lithium-Ion-LFP-bicharger","monetary_FOM","2050","1728.7707665507999","2050:Lithium-Ion-LFP-bicharger:monetary_FOM","EUR/MW/year","2020","DERIVED_ONCE_FROM_EUR2020_INVESTMENT_AND_UNCHANGED_FOM_PERCENT","investment_EUR2020 * FOM_percent /100","GATE4-20261006-FIXED-ACCOUNTS-EUR2020#B",""
"Lithium-Ion-LFP-store","monetary_FOM","2050","105.7078164723","2050:Lithium-Ion-LFP-store:monetary_FOM","EUR/MWh/year","2020","DERIVED_ONCE_FROM_EUR2020_INVESTMENT_AND_UNCHANGED_FOM_PERCENT","investment_EUR2020 * FOM_percent /100","GATE4-20261006-FIXED-ACCOUNTS-EUR2020#B",""
"Lithium-Ion-NMC-bicharger","monetary_FOM","2050","1728.7707665507999","2050:Lithium-Ion-NMC-bicharger:monetary_FOM","EUR/MW/year","2020","DERIVED_ONCE_FROM_EUR2020_INVESTMENT_AND_UNCHANGED_FOM_PERCENT","investment_EUR2020 * FOM_percent /100","GATE4-20261006-FIXED-ACCOUNTS-EUR2020#B",""
"Lithium-Ion-NMC-store","monetary_FOM","2050","102.43920273399999","2050:Lithium-Ion-NMC-store:monetary_FOM","EUR/MWh/year","2020","DERIVED_ONCE_FROM_EUR2020_INVESTMENT_AND_UNCHANGED_FOM_PERCENT","investment_EUR2020 * FOM_percent /100","GATE4-20261006-FIXED-ACCOUNTS-EUR2020#B",""
"LowT-Molten-Salt-charger","monetary_FOM","2050","1550.0668831499997","2050:LowT-Molten-Salt-charger:monetary_FOM","EUR/MW/year","2020","DERIVED_ONCE_FROM_EUR2020_INVESTMENT_AND_UNCHANGED_FOM_PERCENT","investment_EUR2020 * FOM_percent /100","GATE4-20261006-FIXED-ACCOUNTS-EUR2020#B",""
"LowT-Molten-Salt-discharger","monetary_FOM","2050","1550.355268224","2050:LowT-Molten-Salt-discharger:monetary_FOM","EUR/MW/year","2020","DERIVED_ONCE_FROM_EUR2020_INVESTMENT_AND_UNCHANGED_FOM_PERCENT","investment_EUR2020 * FOM_percent /100","GATE4-20261006-FIXED-ACCOUNTS-EUR2020#B",""
"LowT-Molten-Salt-store","monetary_FOM","2050","192.00029059239998","2050:LowT-Molten-Salt-store:monetary_FOM","EUR/MWh/year","2020","DERIVED_ONCE_FROM_EUR2020_INVESTMENT_AND_UNCHANGED_FOM_PERCENT","investment_EUR2020 * FOM_percent /100","GATE4-20261006-FIXED-ACCOUNTS-EUR2020#B",""
"MeOH transport ship","monetary_FOM","2050","1750000","2050:MeOH transport ship:monetary_FOM","EUR/year","2020","DERIVED_ONCE_FROM_EUR2020_INVESTMENT_AND_UNCHANGED_FOM_PERCENT","investment_EUR2020 * FOM_percent /100","GATE4-20261006-FIXED-ACCOUNTS-EUR2020#B",""
"Methanol steam reforming","monetary_FOM","2050","720.67466","2050:Methanol steam reforming:monetary_FOM","EUR/MW_H2/year","2020","DERIVED_ONCE_FROM_EUR2020_INVESTMENT_AND_UNCHANGED_FOM_PERCENT","investment_EUR2020 * FOM_percent /100","GATE4-20261006-FIXED-ACCOUNTS-EUR2020#B",""
"NH3 (l) storage tank incl. liquefaction","monetary_FOM","2050","3.336402","2050:NH3 (l) storage tank incl. liquefaction:monetary_FOM","EUR/MWh_NH3/year","2020","DERIVED_ONCE_FROM_EUR2020_INVESTMENT_AND_UNCHANGED_FOM_PERCENT","investment_EUR2020 * FOM_percent /100","GATE4-20261006-FIXED-ACCOUNTS-EUR2020#B",""
"NH3 (l) transport ship","monetary_FOM","2050","3246568","2050:NH3 (l) transport ship:monetary_FOM","EUR/year","2020","DERIVED_ONCE_FROM_EUR2020_INVESTMENT_AND_UNCHANGED_FOM_PERCENT","investment_EUR2020 * FOM_percent /100","GATE4-20261006-FIXED-ACCOUNTS-EUR2020#B",""
"Ni-Zn-bicharger","monetary_FOM","2050","1728.7707665507999","2050:Ni-Zn-bicharger:monetary_FOM","EUR/MW/year","2020","DERIVED_ONCE_FROM_EUR2020_INVESTMENT_AND_UNCHANGED_FOM_PERCENT","investment_EUR2020 * FOM_percent /100","GATE4-20261006-FIXED-ACCOUNTS-EUR2020#B",""
"Ni-Zn-store","monetary_FOM","2050","605.8492709880001","2050:Ni-Zn-store:monetary_FOM","EUR/MWh/year","2020","DERIVED_ONCE_FROM_EUR2020_INVESTMENT_AND_UNCHANGED_FOM_PERCENT","investment_EUR2020 * FOM_percent /100","GATE4-20261006-FIXED-ACCOUNTS-EUR2020#B",""
"OCGT","monetary_FOM","2050","20263.981412428337","2050:OCGT:monetary_FOM","EUR/MW/year","2020","DERIVED_ONCE_FROM_EUR2020_INVESTMENT_AND_UNCHANGED_FOM_PERCENT","investment_EUR2020 * FOM_percent /100","GATE4-20261006-FIXED-ACCOUNTS-EUR2020#B",""
"PEM electrolyzer small size","monetary_FOM","2050","32416.152","2050:PEM electrolyzer small size:monetary_FOM","EUR/MW/year","2020","DERIVED_ONCE_FROM_EUR2020_INVESTMENT_AND_UNCHANGED_FOM_PERCENT","investment_EUR2020 * FOM_percent /100","GATE4-20261006-FIXED-ACCOUNTS-EUR2020#B",""
"PHS","monetary_FOM","2050","22748.177000000003","2050:PHS:monetary_FOM","EUR/MWel/year","2020","DERIVED_ONCE_FROM_EUR2020_INVESTMENT_AND_UNCHANGED_FOM_PERCENT","investment_EUR2020 * FOM_percent /100","GATE4-20261006-FIXED-ACCOUNTS-EUR2020#B",""
"Pumped-Heat-charger","monetary_FOM","2050","2788.124582082","2050:Pumped-Heat-charger:monetary_FOM","EUR/MW/year","2020","DERIVED_ONCE_FROM_EUR2020_INVESTMENT_AND_UNCHANGED_FOM_PERCENT","investment_EUR2020 * FOM_percent /100","GATE4-20261006-FIXED-ACCOUNTS-EUR2020#B",""
"Pumped-Heat-discharger","monetary_FOM","2050","2787.7355867411998","2050:Pumped-Heat-discharger:monetary_FOM","EUR/MW/year","2020","DERIVED_ONCE_FROM_EUR2020_INVESTMENT_AND_UNCHANGED_FOM_PERCENT","investment_EUR2020 * FOM_percent /100","GATE4-20261006-FIXED-ACCOUNTS-EUR2020#B",""
"Pumped-Heat-store","monetary_FOM","2050","17.643504746399998","2050:Pumped-Heat-store:monetary_FOM","EUR/MWh/year","2020","DERIVED_ONCE_FROM_EUR2020_INVESTMENT_AND_UNCHANGED_FOM_PERCENT","investment_EUR2020 * FOM_percent /100","GATE4-20261006-FIXED-ACCOUNTS-EUR2020#B",""
"Pumped-Storage-Hydro-bicharger","monetary_FOM","2050","7280.997650353038","2050:Pumped-Storage-Hydro-bicharger:monetary_FOM","EUR/MW/year","2020","DERIVED_ONCE_FROM_EUR2020_INVESTMENT_AND_UNCHANGED_FOM_PERCENT","investment_EUR2020 * FOM_percent /100","GATE4-20261006-FIXED-ACCOUNTS-EUR2020#B",""
"Pumped-Storage-Hydro-store","monetary_FOM","2050","245.41846875","2050:Pumped-Storage-Hydro-store:monetary_FOM","EUR/MWh/year","2020","DERIVED_ONCE_FROM_EUR2020_INVESTMENT_AND_UNCHANGED_FOM_PERCENT","investment_EUR2020 * FOM_percent /100","GATE4-20261006-FIXED-ACCOUNTS-EUR2020#B",""
"SMR","monetary_FOM","2050","26110.052460000003","2050:SMR:monetary_FOM","EUR/MW_CH4/year","2020","DERIVED_ONCE_FROM_EUR2020_INVESTMENT_AND_UNCHANGED_FOM_PERCENT","investment_EUR2020 * FOM_percent /100","GATE4-20261006-FIXED-ACCOUNTS-EUR2020#B",""
"SMR CC","monetary_FOM","2050","30287.660855000002","2050:SMR CC:monetary_FOM","EUR/MW_CH4/year","2020","DERIVED_ONCE_FROM_EUR2020_INVESTMENT_AND_UNCHANGED_FOM_PERCENT","investment_EUR2020 * FOM_percent /100","GATE4-20261006-FIXED-ACCOUNTS-EUR2020#B",""
"Sand-charger","monetary_FOM","2050","1550.0668831499997","2050:Sand-charger:monetary_FOM","EUR/MW/year","2020","DERIVED_ONCE_FROM_EUR2020_INVESTMENT_AND_UNCHANGED_FOM_PERCENT","investment_EUR2020 * FOM_percent /100","GATE4-20261006-FIXED-ACCOUNTS-EUR2020#B",""
"Sand-discharger","monetary_FOM","2050","1550.355268224","2050:Sand-discharger:monetary_FOM","EUR/MW/year","2020","DERIVED_ONCE_FROM_EUR2020_INVESTMENT_AND_UNCHANGED_FOM_PERCENT","investment_EUR2020 * FOM_percent /100","GATE4-20261006-FIXED-ACCOUNTS-EUR2020#B",""
"Sand-store","monetary_FOM","2050","22.166417423600002","2050:Sand-store:monetary_FOM","EUR/MWh/year","2020","DERIVED_ONCE_FROM_EUR2020_INVESTMENT_AND_UNCHANGED_FOM_PERCENT","investment_EUR2020 * FOM_percent /100","GATE4-20261006-FIXED-ACCOUNTS-EUR2020#B",""
"Steam methane reforming","monetary_FOM","2050","14923.638329999998","2050:Steam methane reforming:monetary_FOM","EUR/MW_H2/year","2020","DERIVED_ONCE_FROM_EUR2020_INVESTMENT_AND_UNCHANGED_FOM_PERCENT","investment_EUR2020 * FOM_percent /100","GATE4-20261006-FIXED-ACCOUNTS-EUR2020#B",""
"Tank&bulk, diesel","monetary_FOM","2050","0","2050:Tank&bulk, diesel:monetary_FOM","EUR/year","2020","DERIVED_ONCE_FROM_EUR2020_INVESTMENT_AND_UNCHANGED_FOM_PERCENT","investment_EUR2020 * FOM_percent /100","GATE4-20261006-FIXED-ACCOUNTS-EUR2020#B",""
"Tank&bulk, methanol","monetary_FOM","2050","0","2050:Tank&bulk, methanol:monetary_FOM","EUR/year","2020","DERIVED_ONCE_FROM_EUR2020_INVESTMENT_AND_UNCHANGED_FOM_PERCENT","investment_EUR2020 * FOM_percent /100","GATE4-20261006-FIXED-ACCOUNTS-EUR2020#B",""
"Tankbulk, ammonia","monetary_FOM","2050","0","2050:Tankbulk, ammonia:monetary_FOM","EUR/year","2020","DERIVED_ONCE_FROM_EUR2020_INVESTMENT_AND_UNCHANGED_FOM_PERCENT","investment_EUR2020 * FOM_percent /100","GATE4-20261006-FIXED-ACCOUNTS-EUR2020#B",""
"Vanadium-Redox-Flow-bicharger","monetary_FOM","2050","3147.5173681769998","2050:Vanadium-Redox-Flow-bicharger:monetary_FOM","EUR/MW/year","2020","DERIVED_ONCE_FROM_EUR2020_INVESTMENT_AND_UNCHANGED_FOM_PERCENT","investment_EUR2020 * FOM_percent /100","GATE4-20261006-FIXED-ACCOUNTS-EUR2020#B",""
"Vanadium-Redox-Flow-store","monetary_FOM","2050","605.180853417","2050:Vanadium-Redox-Flow-store:monetary_FOM","EUR/MWh/year","2020","DERIVED_ONCE_FROM_EUR2020_INVESTMENT_AND_UNCHANGED_FOM_PERCENT","investment_EUR2020 * FOM_percent /100","GATE4-20261006-FIXED-ACCOUNTS-EUR2020#B",""
"Zn-Air-bicharger","monetary_FOM","2050","3147.5173681769998","2050:Zn-Air-bicharger:monetary_FOM","EUR/MW/year","2020","DERIVED_ONCE_FROM_EUR2020_INVESTMENT_AND_UNCHANGED_FOM_PERCENT","investment_EUR2020 * FOM_percent /100","GATE4-20261006-FIXED-ACCOUNTS-EUR2020#B",""
"Zn-Air-store","monetary_FOM","2050","288.43777581759997","2050:Zn-Air-store:monetary_FOM","EUR/MWh/year","2020","DERIVED_ONCE_FROM_EUR2020_INVESTMENT_AND_UNCHANGED_FOM_PERCENT","investment_EUR2020 * FOM_percent /100","GATE4-20261006-FIXED-ACCOUNTS-EUR2020#B",""
"Zn-Br-Flow-bicharger","monetary_FOM","2050","1728.7707665507999","2050:Zn-Br-Flow-bicharger:monetary_FOM","EUR/MW/year","2020","DERIVED_ONCE_FROM_EUR2020_INVESTMENT_AND_UNCHANGED_FOM_PERCENT","investment_EUR2020 * FOM_percent /100","GATE4-20261006-FIXED-ACCOUNTS-EUR2020#B",""
"Zn-Br-Flow-store","monetary_FOM","2050","1062.1017879472001","2050:Zn-Br-Flow-store:monetary_FOM","EUR/MWh/year","2020","DERIVED_ONCE_FROM_EUR2020_INVESTMENT_AND_UNCHANGED_FOM_PERCENT","investment_EUR2020 * FOM_percent /100","GATE4-20261006-FIXED-ACCOUNTS-EUR2020#B",""
"Zn-Br-Nonflow-bicharger","monetary_FOM","2050","3147.5173681769998","2050:Zn-Br-Nonflow-bicharger:monetary_FOM","EUR/MW/year","2020","DERIVED_ONCE_FROM_EUR2020_INVESTMENT_AND_UNCHANGED_FOM_PERCENT","investment_EUR2020 * FOM_percent /100","GATE4-20261006-FIXED-ACCOUNTS-EUR2020#B",""
"Zn-Br-Nonflow-store","monetary_FOM","2050","536.8109866812","2050:Zn-Br-Nonflow-store:monetary_FOM","EUR/MWh/year","2020","DERIVED_ONCE_FROM_EUR2020_INVESTMENT_AND_UNCHANGED_FOM_PERCENT","investment_EUR2020 * FOM_percent /100","GATE4-20261006-FIXED-ACCOUNTS-EUR2020#B",""
"air separation unit","monetary_FOM","2050","15438.033981","2050:air separation unit:monetary_FOM","EUR/t_N2/h/year","2020","DERIVED_ONCE_FROM_EUR2020_INVESTMENT_AND_UNCHANGED_FOM_PERCENT","investment_EUR2020 * FOM_percent /100","GATE4-20261006-FIXED-ACCOUNTS-EUR2020#B",""
"allam","monetary_FOM","2050","0","2050:allam:monetary_FOM","EUR/MW/year","2020","DERIVED_ONCE_FROM_EUR2020_INVESTMENT_AND_UNCHANGED_FOM_PERCENT","investment_EUR2020 * FOM_percent /100","GATE4-20261006-FIXED-ACCOUNTS-EUR2020#B",""
"battery inverter","monetary_FOM","2050","13158.429488589829","2050:battery inverter:monetary_FOM","EUR/MW/year","2020","DERIVED_ONCE_FROM_EUR2020_INVESTMENT_AND_UNCHANGED_FOM_PERCENT","investment_EUR2020 * FOM_percent /100","GATE4-20261006-FIXED-ACCOUNTS-EUR2020#B",""
"battery storage","monetary_FOM","2050","0","2050:battery storage:monetary_FOM","EUR/MWh/year","2020","DERIVED_ONCE_FROM_EUR2020_INVESTMENT_AND_UNCHANGED_FOM_PERCENT","investment_EUR2020 * FOM_percent /100","GATE4-20261006-FIXED-ACCOUNTS-EUR2020#B",""
"biochar pyrolysis","monetary_FOM","2050","4374827.6","2050:biochar pyrolysis:monetary_FOM","EUR/MW_biochar/year","2020","DERIVED_ONCE_FROM_EUR2020_INVESTMENT_AND_UNCHANGED_FOM_PERCENT","investment_EUR2020 * FOM_percent /100","GATE4-20261006-FIXED-ACCOUNTS-EUR2020#B",""
"biogas","monetary_FOM","2050","97021.48676253564","2050:biogas:monetary_FOM","EUR/MW/year","2020","DERIVED_ONCE_FROM_EUR2020_INVESTMENT_AND_UNCHANGED_FOM_PERCENT","investment_EUR2020 * FOM_percent /100","GATE4-20261006-FIXED-ACCOUNTS-EUR2020#B",""
"biogas CC","monetary_FOM","2050","67453.1910108","2050:biogas CC:monetary_FOM","EUR/MW/year","2020","DERIVED_ONCE_FROM_EUR2020_INVESTMENT_AND_UNCHANGED_FOM_PERCENT","investment_EUR2020 * FOM_percent /100","GATE4-20261006-FIXED-ACCOUNTS-EUR2020#B",""
"biogas plus hydrogen","monetary_FOM","2050","19294.328","2050:biogas plus hydrogen:monetary_FOM","EUR/MW_CH4/year","2020","DERIVED_ONCE_FROM_EUR2020_INVESTMENT_AND_UNCHANGED_FOM_PERCENT","investment_EUR2020 * FOM_percent /100","GATE4-20261006-FIXED-ACCOUNTS-EUR2020#B",""
"biogas upgrading","monetary_FOM","2050","21329.3422368","2050:biogas upgrading:monetary_FOM","EUR/MW/year","2020","DERIVED_ONCE_FROM_EUR2020_INVESTMENT_AND_UNCHANGED_FOM_PERCENT","investment_EUR2020 * FOM_percent /100","GATE4-20261006-FIXED-ACCOUNTS-EUR2020#B",""
"biomass","monetary_FOM","2050","119127.64830336659","2050:biomass:monetary_FOM","EUR/MW/year","2020","DERIVED_ONCE_FROM_EUR2020_INVESTMENT_AND_UNCHANGED_FOM_PERCENT","investment_EUR2020 * FOM_percent /100","GATE4-20261006-FIXED-ACCOUNTS-EUR2020#B",""
"biomass CHP","monetary_FOM","2050","108997.02459039999","2050:biomass CHP:monetary_FOM","EUR/MW_e/year","2020","DERIVED_ONCE_FROM_EUR2020_INVESTMENT_AND_UNCHANGED_FOM_PERCENT","investment_EUR2020 * FOM_percent /100","GATE4-20261006-FIXED-ACCOUNTS-EUR2020#B",""
"biomass CHP capture","monetary_FOM","2050","60000","2050:biomass CHP capture:monetary_FOM","EUR/(tCO2/h)/year","2020","DERIVED_ONCE_FROM_EUR2020_INVESTMENT_AND_UNCHANGED_FOM_PERCENT","investment_EUR2020 * FOM_percent /100","GATE4-20261006-FIXED-ACCOUNTS-EUR2020#B",""
"biomass EOP","monetary_FOM","2050","108997.02459039999","2050:biomass EOP:monetary_FOM","EUR/MW_e/year","2020","DERIVED_ONCE_FROM_EUR2020_INVESTMENT_AND_UNCHANGED_FOM_PERCENT","investment_EUR2020 * FOM_percent /100","GATE4-20261006-FIXED-ACCOUNTS-EUR2020#B",""
"biomass HOP","monetary_FOM","2050","45397.8103737","2050:biomass HOP:monetary_FOM","EUR/MW_th - heat output/year","2020","DERIVED_ONCE_FROM_EUR2020_INVESTMENT_AND_UNCHANGED_FOM_PERCENT","investment_EUR2020 * FOM_percent /100","GATE4-20261006-FIXED-ACCOUNTS-EUR2020#B",""
"biomass boiler","monetary_FOM","2050","46873.0223904","2050:biomass boiler:monetary_FOM","EUR/MW_th/year","2020","DERIVED_ONCE_FROM_EUR2020_INVESTMENT_AND_UNCHANGED_FOM_PERCENT","investment_EUR2020 * FOM_percent /100","GATE4-20261006-FIXED-ACCOUNTS-EUR2020#B",""
"biomass-to-methanol","monetary_FOM","2050","41418.24038820001","2050:biomass-to-methanol:monetary_FOM","EUR/MW_MeOH/year","2020","DERIVED_ONCE_FROM_EUR2020_INVESTMENT_AND_UNCHANGED_FOM_PERCENT","investment_EUR2020 * FOM_percent /100","GATE4-20261006-FIXED-ACCOUNTS-EUR2020#B",""
"blast furnace-basic oxygen furnace","monetary_FOM","2050","1082984.1708","2050:blast furnace-basic oxygen furnace:monetary_FOM","EUR/t_steel/h/year","2020","DERIVED_ONCE_FROM_EUR2020_INVESTMENT_AND_UNCHANGED_FOM_PERCENT","investment_EUR2020 * FOM_percent /100","GATE4-20261006-FIXED-ACCOUNTS-EUR2020#B",""
"cement capture","monetary_FOM","2050","54000","2050:cement capture:monetary_FOM","EUR/(tCO2/h)/year","2020","DERIVED_ONCE_FROM_EUR2020_INVESTMENT_AND_UNCHANGED_FOM_PERCENT","investment_EUR2020 * FOM_percent /100","GATE4-20261006-FIXED-ACCOUNTS-EUR2020#B",""
"cement dry clinker","monetary_FOM","2050","46350.107264","2050:cement dry clinker:monetary_FOM","EUR/t_clinker/h/year","2020","DERIVED_ONCE_FROM_EUR2020_INVESTMENT_AND_UNCHANGED_FOM_PERCENT","investment_EUR2020 * FOM_percent /100","GATE4-20261006-FIXED-ACCOUNTS-EUR2020#B",""
"cement finishing","monetary_FOM","2050","27810.06435","2050:cement finishing:monetary_FOM","EUR/t_cement/h/year","2020","DERIVED_ONCE_FROM_EUR2020_INVESTMENT_AND_UNCHANGED_FOM_PERCENT","investment_EUR2020 * FOM_percent /100","GATE4-20261006-FIXED-ACCOUNTS-EUR2020#B",""
"central air-sourced heat pump","monetary_FOM","2050","2116.6467968","2050:central air-sourced heat pump:monetary_FOM","EUR/MW_th/year","2020","DERIVED_ONCE_FROM_EUR2020_INVESTMENT_AND_UNCHANGED_FOM_PERCENT","investment_EUR2020 * FOM_percent /100","GATE4-20261006-FIXED-ACCOUNTS-EUR2020#B",""
"central coal CHP","monetary_FOM","2050","30800.276102","2050:central coal CHP:monetary_FOM","EUR/MW/year","2020","DERIVED_ONCE_FROM_EUR2020_INVESTMENT_AND_UNCHANGED_FOM_PERCENT","investment_EUR2020 * FOM_percent /100","GATE4-20261006-FIXED-ACCOUNTS-EUR2020#B",""
"central excess-heat-sourced heat pump","monetary_FOM","2050","2116.6469136","2050:central excess-heat-sourced heat pump:monetary_FOM","EUR/MW/year","2020","DERIVED_ONCE_FROM_EUR2020_INVESTMENT_AND_UNCHANGED_FOM_PERCENT","investment_EUR2020 * FOM_percent /100","GATE4-20261006-FIXED-ACCOUNTS-EUR2020#B",""
"central gas CHP","monetary_FOM","2050","19047.776048000003","2050:central gas CHP:monetary_FOM","EUR/MW/year","2020","DERIVED_ONCE_FROM_EUR2020_INVESTMENT_AND_UNCHANGED_FOM_PERCENT","investment_EUR2020 * FOM_percent /100","GATE4-20261006-FIXED-ACCOUNTS-EUR2020#B",""
"central gas CHP CC","monetary_FOM","2050","19047.776048000003","2050:central gas CHP CC:monetary_FOM","EUR/MW/year","2020","DERIVED_ONCE_FROM_EUR2020_INVESTMENT_AND_UNCHANGED_FOM_PERCENT","investment_EUR2020 * FOM_percent /100","GATE4-20261006-FIXED-ACCOUNTS-EUR2020#B",""
"central gas boiler","monetary_FOM","2050","1798.9774","2050:central gas boiler:monetary_FOM","EUR/MW_th/year","2020","DERIVED_ONCE_FROM_EUR2020_INVESTMENT_AND_UNCHANGED_FOM_PERCENT","investment_EUR2020 * FOM_percent /100","GATE4-20261006-FIXED-ACCOUNTS-EUR2020#B",""
"central geothermal heat source","monetary_FOM","2050","22327.9195524","2050:central geothermal heat source:monetary_FOM","EUR/MW/year","2020","DERIVED_ONCE_FROM_EUR2020_INVESTMENT_AND_UNCHANGED_FOM_PERCENT","investment_EUR2020 * FOM_percent /100","GATE4-20261006-FIXED-ACCOUNTS-EUR2020#B",""
"central ground-sourced heat pump","monetary_FOM","2050","2116.491564","2050:central ground-sourced heat pump:monetary_FOM","EUR/MW_th excluding drive energy/year","2020","DERIVED_ONCE_FROM_EUR2020_INVESTMENT_AND_UNCHANGED_FOM_PERCENT","investment_EUR2020 * FOM_percent /100","GATE4-20261006-FIXED-ACCOUNTS-EUR2020#B",""
"central hydrogen CHP","monetary_FOM","2050","42328.865","2050:central hydrogen CHP:monetary_FOM","EUR/MW/year","2020","DERIVED_ONCE_FROM_EUR2020_INVESTMENT_AND_UNCHANGED_FOM_PERCENT","investment_EUR2020 * FOM_percent /100","GATE4-20261006-FIXED-ACCOUNTS-EUR2020#B",""
"central resistive heater","monetary_FOM","2050","973.5427689","2050:central resistive heater:monetary_FOM","EUR/MW_th/year","2020","DERIVED_ONCE_FROM_EUR2020_INVESTMENT_AND_UNCHANGED_FOM_PERCENT","investment_EUR2020 * FOM_percent /100","GATE4-20261006-FIXED-ACCOUNTS-EUR2020#B",""
"central solar thermal","monetary_FOM","2050","2074.1143892","2050:central solar thermal:monetary_FOM","EUR/1000m2/year","2020","DERIVED_ONCE_FROM_EUR2020_INVESTMENT_AND_UNCHANGED_FOM_PERCENT","investment_EUR2020 * FOM_percent /100","GATE4-20261006-FIXED-ACCOUNTS-EUR2020#B",""
"central solid biomass CHP","monetary_FOM","2050","95241.4248618","2050:central solid biomass CHP:monetary_FOM","EUR/MW_e/year","2020","DERIVED_ONCE_FROM_EUR2020_INVESTMENT_AND_UNCHANGED_FOM_PERCENT","investment_EUR2020 * FOM_percent /100","GATE4-20261006-FIXED-ACCOUNTS-EUR2020#B",""
"central solid biomass CHP CC","monetary_FOM","2050","135622.96704599998","2050:central solid biomass CHP CC:monetary_FOM","EUR/MW_e/year","2020","DERIVED_ONCE_FROM_EUR2020_INVESTMENT_AND_UNCHANGED_FOM_PERCENT","investment_EUR2020 * FOM_percent /100","GATE4-20261006-FIXED-ACCOUNTS-EUR2020#B",""
"central solid biomass CHP powerboost CC","monetary_FOM","2050","95241.4248618","2050:central solid biomass CHP powerboost CC:monetary_FOM","EUR/MW_e/year","2020","DERIVED_ONCE_FROM_EUR2020_INVESTMENT_AND_UNCHANGED_FOM_PERCENT","investment_EUR2020 * FOM_percent /100","GATE4-20261006-FIXED-ACCOUNTS-EUR2020#B",""
"central water pit storage","monetary_FOM","2050","2.4997344","2050:central water pit storage:monetary_FOM","EUR/MWh Capacity/year","2020","DERIVED_ONCE_FROM_EUR2020_INVESTMENT_AND_UNCHANGED_FOM_PERCENT","investment_EUR2020 * FOM_percent /100","GATE4-20261006-FIXED-ACCOUNTS-EUR2020#B",""
"central water tank storage","monetary_FOM","2050","30.361","2050:central water tank storage:monetary_FOM","EUR/MWhCapacity/year","2020","DERIVED_ONCE_FROM_EUR2020_INVESTMENT_AND_UNCHANGED_FOM_PERCENT","investment_EUR2020 * FOM_percent /100","GATE4-20261006-FIXED-ACCOUNTS-EUR2020#B",""
"clean water tank storage","monetary_FOM","2050","1.3825720000000001","2050:clean water tank storage:monetary_FOM","EUR/m^3-H2O/year","2020","DERIVED_ONCE_FROM_EUR2020_INVESTMENT_AND_UNCHANGED_FOM_PERCENT","investment_EUR2020 * FOM_percent /100","GATE4-20261006-FIXED-ACCOUNTS-EUR2020#B",""
"coal","monetary_FOM","2050","59212.93269865422","2050:coal:monetary_FOM","EUR/MW/year","2020","DERIVED_ONCE_FROM_EUR2020_INVESTMENT_AND_UNCHANGED_FOM_PERCENT","investment_EUR2020 * FOM_percent /100","GATE4-20261006-FIXED-ACCOUNTS-EUR2020#B",""
"csp-tower","monetary_FOM","2050","1391.32","2050:csp-tower:monetary_FOM","EUR/MW_th,dp/year","2020","DERIVED_ONCE_FROM_EUR2020_INVESTMENT_AND_UNCHANGED_FOM_PERCENT","investment_EUR2020 * FOM_percent /100","GATE4-20261006-FIXED-ACCOUNTS-EUR2020#B",""
"csp-tower TES","monetary_FOM","2050","186.48","2050:csp-tower TES:monetary_FOM","EUR/MWh_th/year","2020","DERIVED_ONCE_FROM_EUR2020_INVESTMENT_AND_UNCHANGED_FOM_PERCENT","investment_EUR2020 * FOM_percent /100","GATE4-20261006-FIXED-ACCOUNTS-EUR2020#B",""
"csp-tower power block","monetary_FOM","2050","9746.8","2050:csp-tower power block:monetary_FOM","EUR/MW_e/year","2020","DERIVED_ONCE_FROM_EUR2020_INVESTMENT_AND_UNCHANGED_FOM_PERCENT","investment_EUR2020 * FOM_percent /100","GATE4-20261006-FIXED-ACCOUNTS-EUR2020#B",""
"decentral CHP","monetary_FOM","2050","44445.308999999994","2050:decentral CHP:monetary_FOM","EUR/MWel/year","2020","DERIVED_ONCE_FROM_EUR2020_INVESTMENT_AND_UNCHANGED_FOM_PERCENT","investment_EUR2020 * FOM_percent /100","GATE4-20261006-FIXED-ACCOUNTS-EUR2020#B",""
"decentral air-sourced heat pump","monetary_FOM","2050","25263.854989199997","2050:decentral air-sourced heat pump:monetary_FOM","EUR/MW_th/year","2020","DERIVED_ONCE_FROM_EUR2020_INVESTMENT_AND_UNCHANGED_FOM_PERCENT","investment_EUR2020 * FOM_percent /100","GATE4-20261006-FIXED-ACCOUNTS-EUR2020#B",""
"decentral gas boiler","monetary_FOM","2050","19120.7205009","2050:decentral gas boiler:monetary_FOM","EUR/MW_th/year","2020","DERIVED_ONCE_FROM_EUR2020_INVESTMENT_AND_UNCHANGED_FOM_PERCENT","investment_EUR2020 * FOM_percent /100","GATE4-20261006-FIXED-ACCOUNTS-EUR2020#B",""
"decentral gas boiler connection","monetary_FOM","2050","0","2050:decentral gas boiler connection:monetary_FOM","EUR/MW_th/year","2020","DERIVED_ONCE_FROM_EUR2020_INVESTMENT_AND_UNCHANGED_FOM_PERCENT","investment_EUR2020 * FOM_percent /100","GATE4-20261006-FIXED-ACCOUNTS-EUR2020#B",""
"decentral ground-sourced heat pump","monetary_FOM","2050","25263.984070000002","2050:decentral ground-sourced heat pump:monetary_FOM","EUR/MW_th/year","2020","DERIVED_ONCE_FROM_EUR2020_INVESTMENT_AND_UNCHANGED_FOM_PERCENT","investment_EUR2020 * FOM_percent /100","GATE4-20261006-FIXED-ACCOUNTS-EUR2020#B",""
"decentral oil boiler","monetary_FOM","2050","3301.95","2050:decentral oil boiler:monetary_FOM","EUR/MWth/year","2020","DERIVED_ONCE_FROM_EUR2020_INVESTMENT_AND_UNCHANGED_FOM_PERCENT","investment_EUR2020 * FOM_percent /100","GATE4-20261006-FIXED-ACCOUNTS-EUR2020#B",""
"decentral resistive heater","monetary_FOM","2050","2116.444","2050:decentral resistive heater:monetary_FOM","EUR/MWhth/year","2020","DERIVED_ONCE_FROM_EUR2020_INVESTMENT_AND_UNCHANGED_FOM_PERCENT","investment_EUR2020 * FOM_percent /100","GATE4-20261006-FIXED-ACCOUNTS-EUR2020#B",""
"decentral solar thermal","monetary_FOM","2050","3714.3579109","2050:decentral solar thermal:monetary_FOM","EUR/1000m2/year","2020","DERIVED_ONCE_FROM_EUR2020_INVESTMENT_AND_UNCHANGED_FOM_PERCENT","investment_EUR2020 * FOM_percent /100","GATE4-20261006-FIXED-ACCOUNTS-EUR2020#B",""
"decentral water tank storage","monetary_FOM","2050","4198.622","2050:decentral water tank storage:monetary_FOM","EUR/MWh/year","2020","DERIVED_ONCE_FROM_EUR2020_INVESTMENT_AND_UNCHANGED_FOM_PERCENT","investment_EUR2020 * FOM_percent /100","GATE4-20261006-FIXED-ACCOUNTS-EUR2020#B",""
"digestible biomass to hydrogen","monetary_FOM","2050","112548.48300000001","2050:digestible biomass to hydrogen:monetary_FOM","EUR/MW_th/year","2020","DERIVED_ONCE_FROM_EUR2020_INVESTMENT_AND_UNCHANGED_FOM_PERCENT","investment_EUR2020 * FOM_percent /100","GATE4-20261006-FIXED-ACCOUNTS-EUR2020#B",""
"direct air capture","monetary_FOM","2050","198000","2050:direct air capture:monetary_FOM","EUR/(tCO2/h)/year","2020","DERIVED_ONCE_FROM_EUR2020_INVESTMENT_AND_UNCHANGED_FOM_PERCENT","investment_EUR2020 * FOM_percent /100","GATE4-20261006-FIXED-ACCOUNTS-EUR2020#B",""
"direct firing gas","monetary_FOM","2050","155.626815","2050:direct firing gas:monetary_FOM","EUR/MW/year","2020","DERIVED_ONCE_FROM_EUR2020_INVESTMENT_AND_UNCHANGED_FOM_PERCENT","investment_EUR2020 * FOM_percent /100","GATE4-20261006-FIXED-ACCOUNTS-EUR2020#B",""
"direct firing gas CC","monetary_FOM","2050","155.626815","2050:direct firing gas CC:monetary_FOM","EUR/MW/year","2020","DERIVED_ONCE_FROM_EUR2020_INVESTMENT_AND_UNCHANGED_FOM_PERCENT","investment_EUR2020 * FOM_percent /100","GATE4-20261006-FIXED-ACCOUNTS-EUR2020#B",""
"direct firing solid fuels","monetary_FOM","2050","3121.7201400000004","2050:direct firing solid fuels:monetary_FOM","EUR/MW/year","2020","DERIVED_ONCE_FROM_EUR2020_INVESTMENT_AND_UNCHANGED_FOM_PERCENT","investment_EUR2020 * FOM_percent /100","GATE4-20261006-FIXED-ACCOUNTS-EUR2020#B",""
"direct firing solid fuels CC","monetary_FOM","2050","3121.7201400000004","2050:direct firing solid fuels CC:monetary_FOM","EUR/MW/year","2020","DERIVED_ONCE_FROM_EUR2020_INVESTMENT_AND_UNCHANGED_FOM_PERCENT","investment_EUR2020 * FOM_percent /100","GATE4-20261006-FIXED-ACCOUNTS-EUR2020#B",""
"dry bulk carrier Capesize","monetary_FOM","2050","1600000","2050:dry bulk carrier Capesize:monetary_FOM","EUR/year","2020","DERIVED_ONCE_FROM_EUR2020_INVESTMENT_AND_UNCHANGED_FOM_PERCENT","investment_EUR2020 * FOM_percent /100","GATE4-20261006-FIXED-ACCOUNTS-EUR2020#B",""
"electric arc furnace","monetary_FOM","2050","551880","2050:electric arc furnace:monetary_FOM","EUR/t_steel/h/year","2020","DERIVED_ONCE_FROM_EUR2020_INVESTMENT_AND_UNCHANGED_FOM_PERCENT","investment_EUR2020 * FOM_percent /100","GATE4-20261006-FIXED-ACCOUNTS-EUR2020#B",""
"electric arc furnace with hbi and scrap","monetary_FOM","2050","551880","2050:electric arc furnace with hbi and scrap:monetary_FOM","EUR/t_steel/h/year","2020","DERIVED_ONCE_FROM_EUR2020_INVESTMENT_AND_UNCHANGED_FOM_PERCENT","investment_EUR2020 * FOM_percent /100","GATE4-20261006-FIXED-ACCOUNTS-EUR2020#B",""
"electric boiler steam","monetary_FOM","2050","926.45007","2050:electric boiler steam:monetary_FOM","EUR/MW/year","2020","DERIVED_ONCE_FROM_EUR2020_INVESTMENT_AND_UNCHANGED_FOM_PERCENT","investment_EUR2020 * FOM_percent /100","GATE4-20261006-FIXED-ACCOUNTS-EUR2020#B",""
"electric steam cracker","monetary_FOM","2050","333720.772302","2050:electric steam cracker:monetary_FOM","EUR/(t_HVC/h)/year","2020","DERIVED_ONCE_FROM_EUR2020_INVESTMENT_AND_UNCHANGED_FOM_PERCENT","investment_EUR2020 * FOM_percent /100","GATE4-20261006-FIXED-ACCOUNTS-EUR2020#B",""
"electricity distribution grid","monetary_FOM","2050","10582.216","2050:electricity distribution grid:monetary_FOM","EUR/MW/year","2020","DERIVED_ONCE_FROM_EUR2020_INVESTMENT_AND_UNCHANGED_FOM_PERCENT","investment_EUR2020 * FOM_percent /100","GATE4-20261006-FIXED-ACCOUNTS-EUR2020#B",""
"electricity grid connection","monetary_FOM","2050","2963.02","2050:electricity grid connection:monetary_FOM","EUR/MW/year","2020","DERIVED_ONCE_FROM_EUR2020_INVESTMENT_AND_UNCHANGED_FOM_PERCENT","investment_EUR2020 * FOM_percent /100","GATE4-20261006-FIXED-ACCOUNTS-EUR2020#B",""
"electrobiofuels","monetary_FOM","2050","9666738.213000001","2050:electrobiofuels:monetary_FOM","EUR/MW_th/year","2020","DERIVED_ONCE_FROM_EUR2020_INVESTMENT_AND_UNCHANGED_FOM_PERCENT","investment_EUR2020 * FOM_percent /100","GATE4-20261006-FIXED-ACCOUNTS-EUR2020#B",""
"electrolysis","monetary_FOM","2050","40000","2050:electrolysis:monetary_FOM","EUR/MW_e/year","2020","DERIVED_ONCE_FROM_EUR2020_INVESTMENT_AND_UNCHANGED_FOM_PERCENT","investment_EUR2020 * FOM_percent /100","GATE4-20261006-FIXED-ACCOUNTS-EUR2020#B",""
"electrolysis small","monetary_FOM","2050","19000","2050:electrolysis small:monetary_FOM","EUR/MW_e/year","2020","DERIVED_ONCE_FROM_EUR2020_INVESTMENT_AND_UNCHANGED_FOM_PERCENT","investment_EUR2020 * FOM_percent /100","GATE4-20261006-FIXED-ACCOUNTS-EUR2020#B",""
"ethanol from starch crop","monetary_FOM","2050","98953.79639719999","2050:ethanol from starch crop:monetary_FOM","EUR/MW_eth/year","2020","DERIVED_ONCE_FROM_EUR2020_INVESTMENT_AND_UNCHANGED_FOM_PERCENT","investment_EUR2020 * FOM_percent /100","GATE4-20261006-FIXED-ACCOUNTS-EUR2020#B",""
"ethanol from sugar crops","monetary_FOM","2050","87119.52087800001","2050:ethanol from sugar crops:monetary_FOM","EUR/MW_eth/year","2020","DERIVED_ONCE_FROM_EUR2020_INVESTMENT_AND_UNCHANGED_FOM_PERCENT","investment_EUR2020 * FOM_percent /100","GATE4-20261006-FIXED-ACCOUNTS-EUR2020#B",""
"fuel cell","monetary_FOM","2050","42328.865","2050:fuel cell:monetary_FOM","EUR/MW_e/year","2020","DERIVED_ONCE_FROM_EUR2020_INVESTMENT_AND_UNCHANGED_FOM_PERCENT","investment_EUR2020 * FOM_percent /100","GATE4-20261006-FIXED-ACCOUNTS-EUR2020#B",""
"gas boiler steam","monetary_FOM","2050","1711.89898","2050:gas boiler steam:monetary_FOM","EUR/MW/year","2020","DERIVED_ONCE_FROM_EUR2020_INVESTMENT_AND_UNCHANGED_FOM_PERCENT","investment_EUR2020 * FOM_percent /100","GATE4-20261006-FIXED-ACCOUNTS-EUR2020#B",""
"gas storage","monetary_FOM","2050","1.2700688","2050:gas storage:monetary_FOM","EUR/MWh/year","2020","DERIVED_ONCE_FROM_EUR2020_INVESTMENT_AND_UNCHANGED_FOM_PERCENT","investment_EUR2020 * FOM_percent /100","GATE4-20261006-FIXED-ACCOUNTS-EUR2020#B",""
"gas storage charger","monetary_FOM","2050","0","2050:gas storage charger:monetary_FOM","EUR/MW/year","2020","DERIVED_ONCE_FROM_EUR2020_INVESTMENT_AND_UNCHANGED_FOM_PERCENT","investment_EUR2020 * FOM_percent /100","GATE4-20261006-FIXED-ACCOUNTS-EUR2020#B",""
"gas storage discharger","monetary_FOM","2050","0","2050:gas storage discharger:monetary_FOM","EUR/MW/year","2020","DERIVED_ONCE_FROM_EUR2020_INVESTMENT_AND_UNCHANGED_FOM_PERCENT","investment_EUR2020 * FOM_percent /100","GATE4-20261006-FIXED-ACCOUNTS-EUR2020#B",""
"geothermal","monetary_FOM","2050","17105.958335166775","2050:geothermal:monetary_FOM","EUR/MW/year","2020","DERIVED_ONCE_FROM_EUR2020_INVESTMENT_AND_UNCHANGED_FOM_PERCENT","investment_EUR2020 * FOM_percent /100","GATE4-20261006-FIXED-ACCOUNTS-EUR2020#B",""
"helmeth","monetary_FOM","2050","63493.29899999999","2050:helmeth:monetary_FOM","EUR/MW/year","2020","DERIVED_ONCE_FROM_EUR2020_INVESTMENT_AND_UNCHANGED_FOM_PERCENT","investment_EUR2020 * FOM_percent /100","GATE4-20261006-FIXED-ACCOUNTS-EUR2020#B",""
"home battery inverter","monetary_FOM","2050","836.7435","2050:home battery inverter:monetary_FOM","EUR/MW/year","2020","DERIVED_ONCE_FROM_EUR2020_INVESTMENT_AND_UNCHANGED_FOM_PERCENT","investment_EUR2020 * FOM_percent /100","GATE4-20261006-FIXED-ACCOUNTS-EUR2020#B",""
"home battery storage","monetary_FOM","2050","0","2050:home battery storage:monetary_FOM","EUR/MWh/year","2020","DERIVED_ONCE_FROM_EUR2020_INVESTMENT_AND_UNCHANGED_FOM_PERCENT","investment_EUR2020 * FOM_percent /100","GATE4-20261006-FIXED-ACCOUNTS-EUR2020#B",""
"hydro","monetary_FOM","2050","32720.62799496004","2050:hydro:monetary_FOM","EUR/MW/year","2020","DERIVED_ONCE_FROM_EUR2020_INVESTMENT_AND_UNCHANGED_FOM_PERCENT","investment_EUR2020 * FOM_percent /100","GATE4-20261006-FIXED-ACCOUNTS-EUR2020#B",""
"hydrogen direct iron reduction furnace","monetary_FOM","2050","483397.9540000001","2050:hydrogen direct iron reduction furnace:monetary_FOM","EUR/t_HBI/h/year","2020","DERIVED_ONCE_FROM_EUR2020_INVESTMENT_AND_UNCHANGED_FOM_PERCENT","investment_EUR2020 * FOM_percent /100","GATE4-20261006-FIXED-ACCOUNTS-EUR2020#B",""
"hydrogen storage compressor","monetary_FOM","2050","3507.6","2050:hydrogen storage compressor:monetary_FOM","EUR/MW_H2/year","2020","DERIVED_ONCE_FROM_EUR2020_INVESTMENT_AND_UNCHANGED_FOM_PERCENT","investment_EUR2020 * FOM_percent /100","GATE4-20261006-FIXED-ACCOUNTS-EUR2020#B",""
"hydrogen storage tank type 1","monetary_FOM","2050","270","2050:hydrogen storage tank type 1:monetary_FOM","EUR/MWh_H2/year","2020","DERIVED_ONCE_FROM_EUR2020_INVESTMENT_AND_UNCHANGED_FOM_PERCENT","investment_EUR2020 * FOM_percent /100","GATE4-20261006-FIXED-ACCOUNTS-EUR2020#B",""
"hydrogen storage tank type 1 including compressor","monetary_FOM","2050","425.3685072","2050:hydrogen storage tank type 1 including compressor:monetary_FOM","EUR/MWh/year","2020","DERIVED_ONCE_FROM_EUR2020_INVESTMENT_AND_UNCHANGED_FOM_PERCENT","investment_EUR2020 * FOM_percent /100","GATE4-20261006-FIXED-ACCOUNTS-EUR2020#B",""
"hydrogen storage underground","monetary_FOM","2050","0","2050:hydrogen storage underground:monetary_FOM","EUR/MWh/year","2020","DERIVED_ONCE_FROM_EUR2020_INVESTMENT_AND_UNCHANGED_FOM_PERCENT","investment_EUR2020 * FOM_percent /100","GATE4-20261006-FIXED-ACCOUNTS-EUR2020#B",""
"industrial heat pump high temperature","monetary_FOM","2050","724.9191599999999","2050:industrial heat pump high temperature:monetary_FOM","EUR/MW/year","2020","DERIVED_ONCE_FROM_EUR2020_INVESTMENT_AND_UNCHANGED_FOM_PERCENT","investment_EUR2020 * FOM_percent /100","GATE4-20261006-FIXED-ACCOUNTS-EUR2020#B",""
"industrial heat pump medium temperature","monetary_FOM","2050","725.3421000000001","2050:industrial heat pump medium temperature:monetary_FOM","EUR/MW/year","2020","DERIVED_ONCE_FROM_EUR2020_INVESTMENT_AND_UNCHANGED_FOM_PERCENT","investment_EUR2020 * FOM_percent /100","GATE4-20261006-FIXED-ACCOUNTS-EUR2020#B",""
"iron-air battery","monetary_FOM","2050","131.6521152","2050:iron-air battery:monetary_FOM","EUR/MWh/year","2020","DERIVED_ONCE_FROM_EUR2020_INVESTMENT_AND_UNCHANGED_FOM_PERCENT","investment_EUR2020 * FOM_percent /100","GATE4-20261006-FIXED-ACCOUNTS-EUR2020#B",""
"lignite","monetary_FOM","2050","50135.83399","2050:lignite:monetary_FOM","EUR/MW_e/year","2020","DERIVED_ONCE_FROM_EUR2020_INVESTMENT_AND_UNCHANGED_FOM_PERCENT","investment_EUR2020 * FOM_percent /100","GATE4-20261006-FIXED-ACCOUNTS-EUR2020#B",""
"methanation","monetary_FOM","2050","15592.167000000001","2050:methanation:monetary_FOM","EUR/MW_CH4/year","2020","DERIVED_ONCE_FROM_EUR2020_INVESTMENT_AND_UNCHANGED_FOM_PERCENT","investment_EUR2020 * FOM_percent /100","GATE4-20261006-FIXED-ACCOUNTS-EUR2020#B",""
"methane storage tank incl. compressor","monetary_FOM","2050","170.2686425","2050:methane storage tank incl. compressor:monetary_FOM","EUR/m^3/year","2020","DERIVED_ONCE_FROM_EUR2020_INVESTMENT_AND_UNCHANGED_FOM_PERCENT","investment_EUR2020 * FOM_percent /100","GATE4-20261006-FIXED-ACCOUNTS-EUR2020#B",""
"methanol-to-kerosene","monetary_FOM","2050","9000","2050:methanol-to-kerosene:monetary_FOM","EUR/MW_kerosene/year","2020","DERIVED_ONCE_FROM_EUR2020_INVESTMENT_AND_UNCHANGED_FOM_PERCENT","investment_EUR2020 * FOM_percent /100","GATE4-20261006-FIXED-ACCOUNTS-EUR2020#B",""
"methanol-to-olefins/aromatics","monetary_FOM","2050","83430.193077","2050:methanol-to-olefins/aromatics:monetary_FOM","EUR/(t_HVC/h)/year","2020","DERIVED_ONCE_FROM_EUR2020_INVESTMENT_AND_UNCHANGED_FOM_PERCENT","investment_EUR2020 * FOM_percent /100","GATE4-20261006-FIXED-ACCOUNTS-EUR2020#B",""
"methanolisation","monetary_FOM","2050","15592.16646","2050:methanolisation:monetary_FOM","EUR/MW_MeOH/year","2020","DERIVED_ONCE_FROM_EUR2020_INVESTMENT_AND_UNCHANGED_FOM_PERCENT","investment_EUR2020 * FOM_percent /100","GATE4-20261006-FIXED-ACCOUNTS-EUR2020#B",""
"micro CHP","monetary_FOM","2050","392087.3790314","2050:micro CHP:monetary_FOM","EUR/MW_th/year","2020","DERIVED_ONCE_FROM_EUR2020_INVESTMENT_AND_UNCHANGED_FOM_PERCENT","investment_EUR2020 * FOM_percent /100","GATE4-20261006-FIXED-ACCOUNTS-EUR2020#B",""
"natural gas direct iron reduction furnace","monetary_FOM","2050","483397.9540000001","2050:natural gas direct iron reduction furnace:monetary_FOM","EUR/t_HBI/h/year","2020","DERIVED_ONCE_FROM_EUR2020_INVESTMENT_AND_UNCHANGED_FOM_PERCENT","investment_EUR2020 * FOM_percent /100","GATE4-20261006-FIXED-ACCOUNTS-EUR2020#B",""
"nuclear","monetary_FOM","2050","116145.07095261956","2050:nuclear:monetary_FOM","EUR/MW/year","2020","DERIVED_ONCE_FROM_EUR2020_INVESTMENT_AND_UNCHANGED_FOM_PERCENT","investment_EUR2020 * FOM_percent /100","GATE4-20261006-FIXED-ACCOUNTS-EUR2020#B",""
"offwind","monetary_FOM","2050","69037.89338346796","2050:offwind:monetary_FOM","EUR/MW/year","2020","DERIVED_ONCE_FROM_EUR2020_INVESTMENT_AND_UNCHANGED_FOM_PERCENT","investment_EUR2020 * FOM_percent /100","GATE4-20261006-FIXED-ACCOUNTS-EUR2020#B",""
"offwind-ac-connection-submarine","monetary_FOM","2050","0","2050:offwind-ac-connection-submarine:monetary_FOM","EUR/MW/km/year","2020","DERIVED_ONCE_FROM_EUR2020_INVESTMENT_AND_UNCHANGED_FOM_PERCENT","investment_EUR2020 * FOM_percent /100","GATE4-20261006-FIXED-ACCOUNTS-EUR2020#B",""
"offwind-ac-connection-underground","monetary_FOM","2050","0","2050:offwind-ac-connection-underground:monetary_FOM","EUR/MW/km/year","2020","DERIVED_ONCE_FROM_EUR2020_INVESTMENT_AND_UNCHANGED_FOM_PERCENT","investment_EUR2020 * FOM_percent /100","GATE4-20261006-FIXED-ACCOUNTS-EUR2020#B",""
"offwind-ac-station","monetary_FOM","2050","0","2050:offwind-ac-station:monetary_FOM","EUR/MWel/year","2020","DERIVED_ONCE_FROM_EUR2020_INVESTMENT_AND_UNCHANGED_FOM_PERCENT","investment_EUR2020 * FOM_percent /100","GATE4-20261006-FIXED-ACCOUNTS-EUR2020#B",""
"offwind-dc-connection-submarine","monetary_FOM","2050","0","2050:offwind-dc-connection-submarine:monetary_FOM","EUR/MW/km/year","2020","DERIVED_ONCE_FROM_EUR2020_INVESTMENT_AND_UNCHANGED_FOM_PERCENT","investment_EUR2020 * FOM_percent /100","GATE4-20261006-FIXED-ACCOUNTS-EUR2020#B",""
"offwind-dc-connection-underground","monetary_FOM","2050","0","2050:offwind-dc-connection-underground:monetary_FOM","EUR/MW/km/year","2020","DERIVED_ONCE_FROM_EUR2020_INVESTMENT_AND_UNCHANGED_FOM_PERCENT","investment_EUR2020 * FOM_percent /100","GATE4-20261006-FIXED-ACCOUNTS-EUR2020#B",""
"offwind-dc-station","monetary_FOM","2050","0","2050:offwind-dc-station:monetary_FOM","EUR/MWel/year","2020","DERIVED_ONCE_FROM_EUR2020_INVESTMENT_AND_UNCHANGED_FOM_PERCENT","investment_EUR2020 * FOM_percent /100","GATE4-20261006-FIXED-ACCOUNTS-EUR2020#B",""
"offwind-float","monetary_FOM","2050","21962","2050:offwind-float:monetary_FOM","EUR/MWel/year","2020","DERIVED_ONCE_FROM_EUR2020_INVESTMENT_AND_UNCHANGED_FOM_PERCENT","investment_EUR2020 * FOM_percent /100","GATE4-20261006-FIXED-ACCOUNTS-EUR2020#B",""
"offwind-float-connection-submarine","monetary_FOM","2050","0","2050:offwind-float-connection-submarine:monetary_FOM","EUR/MW/km/year","2020","DERIVED_ONCE_FROM_EUR2020_INVESTMENT_AND_UNCHANGED_FOM_PERCENT","investment_EUR2020 * FOM_percent /100","GATE4-20261006-FIXED-ACCOUNTS-EUR2020#B",""
"offwind-float-connection-underground","monetary_FOM","2050","0","2050:offwind-float-connection-underground:monetary_FOM","EUR/MW/km/year","2020","DERIVED_ONCE_FROM_EUR2020_INVESTMENT_AND_UNCHANGED_FOM_PERCENT","investment_EUR2020 * FOM_percent /100","GATE4-20261006-FIXED-ACCOUNTS-EUR2020#B",""
"offwind-float-station","monetary_FOM","2050","0","2050:offwind-float-station:monetary_FOM","EUR/MWel/year","2020","DERIVED_ONCE_FROM_EUR2020_INVESTMENT_AND_UNCHANGED_FOM_PERCENT","investment_EUR2020 * FOM_percent /100","GATE4-20261006-FIXED-ACCOUNTS-EUR2020#B",""
"oil","monetary_FOM","2050","7982.780556411162","2050:oil:monetary_FOM","EUR/MW/year","2020","DERIVED_ONCE_FROM_EUR2020_INVESTMENT_AND_UNCHANGED_FOM_PERCENT","investment_EUR2020 * FOM_percent /100","GATE4-20261006-FIXED-ACCOUNTS-EUR2020#B",""
"onwind","monetary_FOM","2050","35001.42243964893","2050:onwind:monetary_FOM","EUR/MW/year","2020","DERIVED_ONCE_FROM_EUR2020_INVESTMENT_AND_UNCHANGED_FOM_PERCENT","investment_EUR2020 * FOM_percent /100","GATE4-20261006-FIXED-ACCOUNTS-EUR2020#B",""
"organic rankine cycle","monetary_FOM","2050","27520","2050:organic rankine cycle:monetary_FOM","EUR/MW_el/year","2020","DERIVED_ONCE_FROM_EUR2020_INVESTMENT_AND_UNCHANGED_FOM_PERCENT","investment_EUR2020 * FOM_percent /100","GATE4-20261006-FIXED-ACCOUNTS-EUR2020#B",""
"ror","monetary_FOM","2050","33334.68803776091","2050:ror:monetary_FOM","EUR/MW/year","2020","DERIVED_ONCE_FROM_EUR2020_INVESTMENT_AND_UNCHANGED_FOM_PERCENT","investment_EUR2020 * FOM_percent /100","GATE4-20261006-FIXED-ACCOUNTS-EUR2020#B",""
"seawater desalination","monetary_FOM","2050","889.991524","2050:seawater desalination:monetary_FOM","EUR/(m^3-H2O/h)/year","2020","DERIVED_ONCE_FROM_EUR2020_INVESTMENT_AND_UNCHANGED_FOM_PERCENT","investment_EUR2020 * FOM_percent /100","GATE4-20261006-FIXED-ACCOUNTS-EUR2020#B",""
"solar","monetary_FOM","2050","19123.584190083882","2050:solar:monetary_FOM","EUR/MW/year","2020","DERIVED_ONCE_FROM_EUR2020_INVESTMENT_AND_UNCHANGED_FOM_PERCENT","investment_EUR2020 * FOM_percent /100","GATE4-20261006-FIXED-ACCOUNTS-EUR2020#B",""
"solar-rooftop","monetary_FOM","2050","4298.42029960601","2050:solar-rooftop:monetary_FOM","EUR/MW/year","2020","DERIVED_ONCE_FROM_EUR2020_INVESTMENT_AND_UNCHANGED_FOM_PERCENT","investment_EUR2020 * FOM_percent /100","GATE4-20261006-FIXED-ACCOUNTS-EUR2020#B",""
"solar-rooftop commercial","monetary_FOM","2050","7499.900616","2050:solar-rooftop commercial:monetary_FOM","EUR/MW_e/year","2020","DERIVED_ONCE_FROM_EUR2020_INVESTMENT_AND_UNCHANGED_FOM_PERCENT","investment_EUR2020 * FOM_percent /100","GATE4-20261006-FIXED-ACCOUNTS-EUR2020#B",""
"solar-rooftop residential","monetary_FOM","2050","8900.124371999998","2050:solar-rooftop residential:monetary_FOM","EUR/MW_e/year","2020","DERIVED_ONCE_FROM_EUR2020_INVESTMENT_AND_UNCHANGED_FOM_PERCENT","investment_EUR2020 * FOM_percent /100","GATE4-20261006-FIXED-ACCOUNTS-EUR2020#B",""
"solar-utility","monetary_FOM","2050","7719.611966639366","2050:solar-utility:monetary_FOM","EUR/MW/year","2020","DERIVED_ONCE_FROM_EUR2020_INVESTMENT_AND_UNCHANGED_FOM_PERCENT","investment_EUR2020 * FOM_percent /100","GATE4-20261006-FIXED-ACCOUNTS-EUR2020#B",""
"solar-utility single-axis tracking","monetary_FOM","2050","9000.0017437","2050:solar-utility single-axis tracking:monetary_FOM","EUR/MW_e/year","2020","DERIVED_ONCE_FROM_EUR2020_INVESTMENT_AND_UNCHANGED_FOM_PERCENT","investment_EUR2020 * FOM_percent /100","GATE4-20261006-FIXED-ACCOUNTS-EUR2020#B",""
"solid biomass boiler steam","monetary_FOM","2050","33936.1666242","2050:solid biomass boiler steam:monetary_FOM","EUR/MW/year","2020","DERIVED_ONCE_FROM_EUR2020_INVESTMENT_AND_UNCHANGED_FOM_PERCENT","investment_EUR2020 * FOM_percent /100","GATE4-20261006-FIXED-ACCOUNTS-EUR2020#B",""
"solid biomass boiler steam CC","monetary_FOM","2050","33936.1666242","2050:solid biomass boiler steam CC:monetary_FOM","EUR/MW/year","2020","DERIVED_ONCE_FROM_EUR2020_INVESTMENT_AND_UNCHANGED_FOM_PERCENT","investment_EUR2020 * FOM_percent /100","GATE4-20261006-FIXED-ACCOUNTS-EUR2020#B",""
"solid biomass to hydrogen","monetary_FOM","2050","112548.48300000001","2050:solid biomass to hydrogen:monetary_FOM","EUR/MW_th/year","2020","DERIVED_ONCE_FROM_EUR2020_INVESTMENT_AND_UNCHANGED_FOM_PERCENT","investment_EUR2020 * FOM_percent /100","GATE4-20261006-FIXED-ACCOUNTS-EUR2020#B",""
"waste CHP","monetary_FOM","2050","171429.44514959998","2050:waste CHP:monetary_FOM","EUR/MW_e/year","2020","DERIVED_ONCE_FROM_EUR2020_INVESTMENT_AND_UNCHANGED_FOM_PERCENT","investment_EUR2020 * FOM_percent /100","GATE4-20261006-FIXED-ACCOUNTS-EUR2020#B",""
"waste CHP CC","monetary_FOM","2050","171429.44514959998","2050:waste CHP CC:monetary_FOM","EUR/MW_e/year","2020","DERIVED_ONCE_FROM_EUR2020_INVESTMENT_AND_UNCHANGED_FOM_PERCENT","investment_EUR2020 * FOM_percent /100","GATE4-20261006-FIXED-ACCOUNTS-EUR2020#B",""
