"Country","Account","Commodity","Status","CoverageID","Carrier","Year","RawUnit","Scope","ParentRawValue","ExclusiveUsesRawValue","Difference","ParentMWh","ParentRow","ParentSourceFile","SourceSHA256","ExclusiveUseRows","UseTransactions","NECRows","NECRawQuantity","TargetAccounts","Posting","ApprovalStatus","NewPhysicalEnergyAdded","Formula"
"BN","TransportEmbeddedFuelParent","Charcoal","SOURCE_TOTAL_CLOSED","BN:2019:TransportEmbeddedFuelParent:unclassified_fuel","unclassified_fuel","2019","Metric tons,  thousand","DOMESTIC_FINAL_CONSUMPTION","0.618","0.618","0.000","5061.42","da54b258ffb4927f30834c01f4e9aff7c267dd70c5ef5760292dd21ef5802345:5465","/home/jin/research/SGP_ESE5004_Stage2/pypsa-asean/data/demand/unsd/data/UNdata_Export_20250502_110403305.txt","da54b258ffb4927f30834c01f4e9aff7c267dd70c5ef5760292dd21ef5802345","[""da54b258ffb4927f30834c01f4e9aff7c267dd70c5ef5760292dd21ef5802345:5531""]","[""Consumption by households""]","[]","","[""BN:2050:Transport:TransportEmbeddedFuelParent:unclassified_fuel""]","false","PENDING","0","FEC parent versus named mutually exclusive end uses + TransportNEC + OtherNEC; no transport/industry subtotal children, no bunkers"
"BN","TransportEmbeddedFuelParent","Fuelwood","SOURCE_TOTAL_CLOSED","BN:2019:TransportEmbeddedFuelParent:unclassified_fuel","unclassified_fuel","2019","Cubic metres, thousand","DOMESTIC_FINAL_CONSUMPTION","9.65","9.65","0.00","24511","26a364db4d763d9d5a69eff04aa717af5db5d2736c5c1f4e47223a12eae7db66:9755","/home/jin/research/SGP_ESE5004_Stage2/pypsa-asean/data/demand/unsd/data/UNdata_Export_20250502_110532316.txt","26a364db4d763d9d5a69eff04aa717af5db5d2736c5c1f4e47223a12eae7db66","[""26a364db4d763d9d5a69eff04aa717af5db5d2736c5c1f4e47223a12eae7db66:9821""]","[""Consumption by households""]","[]","","[""BN:2050:Transport:TransportEmbeddedFuelParent:unclassified_fuel""]","false","PENDING","0","FEC parent versus named mutually exclusive end uses + TransportNEC + OtherNEC; no transport/industry subtotal children, no bunkers"
"BN","TransportEmbeddedFuelParent","Gas Oil/ Diesel Oil","SOURCE_TOTAL_CLOSED","BN:2019:TransportEmbeddedFuelParent:unclassified_fuel","unclassified_fuel","2019","Metric tons,  thousand","DOMESTIC_FINAL_CONSUMPTION","273.44","273.440","0.000","3264873.6","1c2952a5f87bfcdb0eef1af6b6c774e741a99e5b72c5ced91a585d6efe9be50a:13104","/home/jin/research/SGP_ESE5004_Stage2/pypsa-asean/data/demand/unsd/data/UNdata_Export_20250502_110559984.txt","1c2952a5f87bfcdb0eef1af6b6c774e741a99e5b72c5ced91a585d6efe9be50a","[""1c2952a5f87bfcdb0eef1af6b6c774e741a99e5b72c5ced91a585d6efe9be50a:13127"", ""1c2952a5f87bfcdb0eef1af6b6c774e741a99e5b72c5ced91a585d6efe9be50a:13219"", ""1c2952a5f87bfcdb0eef1af6b6c774e741a99e5b72c5ced91a585d6efe9be50a:13254"", ""1c2952a5f87bfcdb0eef1af6b6c774e741a99e5b72c5ced91a585d6efe9be50a:13258""]","[""Consumption by manufacturing, construction and non-fuel mining industry"", ""Consumption in road"", ""Consumption by households"", ""Consumption not elsewhere specified (other)""]","[""1c2952a5f87bfcdb0eef1af6b6c774e741a99e5b72c5ced91a585d6efe9be50a:13258""]","22.309","[""BN:2050:Transport:TransportEmbeddedFuelParent:unclassified_fuel""]","false","PENDING","0","FEC parent versus named mutually exclusive end uses + TransportNEC + OtherNEC; no transport/industry subtotal children, no bunkers"
"BN","TransportEmbeddedFuelParent","Liquefied petroleum gas (LPG)","PARENT_NOT_REPORTED","BN:2019:TransportEmbeddedFuelParent:unclassified_fuel","unclassified_fuel","2019","Metric tons,  thousand","DOMESTIC_FINAL_CONSUMPTION","","","","","","","","[""b02371f39dec320e227fd3223fcf8ad545595b5b53b48d2834bf9a838191076e:12289""]","[""Consumption by households""]","[]","","[""BN:2050:Transport:TransportEmbeddedFuelParent:unclassified_fuel""]","false","PENDING","0","FEC parent versus named mutually exclusive end uses + TransportNEC + OtherNEC; no transport/industry subtotal children, no bunkers"
"BN","TransportEmbeddedFuelParent","Liquified Petroleum Gas (LPG)","SOURCE_TOTAL_NOT_CLOSED","BN:2019:TransportEmbeddedFuelParent:unclassified_fuel","unclassified_fuel","2019","Metric tons,  thousand","DOMESTIC_FINAL_CONSUMPTION","17.062","0","17.062","224024.06","b02371f39dec320e227fd3223fcf8ad545595b5b53b48d2834bf9a838191076e:12223","/home/jin/research/SGP_ESE5004_Stage2/pypsa-asean/data/demand/unsd/data/UNdata_Export_20250502_110656973.txt","b02371f39dec320e227fd3223fcf8ad545595b5b53b48d2834bf9a838191076e","[]","[]","[]","","[""BN:2050:Transport:TransportEmbeddedFuelParent:unclassified_fuel""]","false","PENDING","0","FEC parent versus named mutually exclusive end uses + TransportNEC + OtherNEC; no transport/industry subtotal children, no bunkers"
"BN","TransportEmbeddedFuelParent","Motor Gasoline","SOURCE_TOTAL_CLOSED","BN:2019:TransportEmbeddedFuelParent:unclassified_fuel","unclassified_fuel","2019","Metric tons,  thousand","DOMESTIC_FINAL_CONSUMPTION","285.741","285.741","0.000","3514614.3","fe8fc603bb47c3ced818a86a96a4ad4e97b3b8ceb0d6b28a66d123d5e2c4d5ba:9914","/home/jin/research/SGP_ESE5004_Stage2/pypsa-asean/data/demand/unsd/data/UNdata_Export_20250502_110709784.txt","fe8fc603bb47c3ced818a86a96a4ad4e97b3b8ceb0d6b28a66d123d5e2c4d5ba","[""fe8fc603bb47c3ced818a86a96a4ad4e97b3b8ceb0d6b28a66d123d5e2c4d5ba:9980""]","[""Consumption in road""]","[]","","[""BN:2050:Transport:TransportEmbeddedFuelParent:unclassified_fuel""]","false","PENDING","0","FEC parent versus named mutually exclusive end uses + TransportNEC + OtherNEC; no transport/industry subtotal children, no bunkers"
"BN","TransportEmbeddedFuelParent","Natural Gas (including LNG)","SOURCE_TOTAL_NOT_CLOSED","BN:2019:TransportEmbeddedFuelParent:unclassified_fuel","unclassified_fuel","2019","Terajoules","DOMESTIC_FINAL_CONSUMPTION","839.802","0","839.802","209950.5","fa8613ee3560bfc2f73f60f4c0995c995b0bec8fd75a59190fe4ad6c63a9e988:15657","/home/jin/research/SGP_ESE5004_Stage2/pypsa-asean/data/demand/unsd/data/UNdata_Export_20250502_110721508.txt","fa8613ee3560bfc2f73f60f4c0995c995b0bec8fd75a59190fe4ad6c63a9e988","[]","[]","[]","","[""BN:2050:Transport:TransportEmbeddedFuelParent:unclassified_fuel""]","false","PENDING","0","FEC parent versus named mutually exclusive end uses + TransportNEC + OtherNEC; no transport/industry subtotal children, no bunkers"
"BN","TransportEmbeddedFuelParent","Natural gas (including LNG)","PARENT_NOT_REPORTED","BN:2019:TransportEmbeddedFuelParent:unclassified_fuel","unclassified_fuel","2019","Terajoules","DOMESTIC_FINAL_CONSUMPTION","","","","","","","","[""fa8613ee3560bfc2f73f60f4c0995c995b0bec8fd75a59190fe4ad6c63a9e988:15729""]","[""consumption by households""]","[]","","[""BN:2050:Transport:TransportEmbeddedFuelParent:unclassified_fuel""]","false","PENDING","0","FEC parent versus named mutually exclusive end uses + TransportNEC + OtherNEC; no transport/industry subtotal children, no bunkers"
"BN","TransportEmbeddedFuelParent","Refinery Gas","SOURCE_TOTAL_NOT_CLOSED","BN:2019:TransportEmbeddedFuelParent:unclassified_fuel","unclassified_fuel","2019","Metric tons,  thousand","DOMESTIC_FINAL_CONSUMPTION","8.85","0","8.85","121687.5","98b98fccf6df4eae08a68fe143c48d13a8dd743ef689f46af494a66411304ece:3083","/home/jin/research/SGP_ESE5004_Stage2/pypsa-asean/data/demand/unsd/data/UNdata_Export_20250502_110807801.txt","98b98fccf6df4eae08a68fe143c48d13a8dd743ef689f46af494a66411304ece","[]","[]","[]","","[""BN:2050:Transport:TransportEmbeddedFuelParent:unclassified_fuel""]","false","PENDING","0","FEC parent versus named mutually exclusive end uses + TransportNEC + OtherNEC; no transport/industry subtotal children, no bunkers"
"BN","TransportEmbeddedFuelParent","Refinery gas","PARENT_NOT_REPORTED","BN:2019:TransportEmbeddedFuelParent:unclassified_fuel","unclassified_fuel","2019","Metric tons,  thousand","DOMESTIC_FINAL_CONSUMPTION","","","","","","","","[""98b98fccf6df4eae08a68fe143c48d13a8dd743ef689f46af494a66411304ece:3097""]","[""consumption by manufacturing, construction and non-fuel mining industry""]","[]","","[""BN:2050:Transport:TransportEmbeddedFuelParent:unclassified_fuel""]","false","PENDING","0","FEC parent versus named mutually exclusive end uses + TransportNEC + OtherNEC; no transport/industry subtotal children, no bunkers"
"BN","InternationalShippingBunker","Gas Oil/ Diesel Oil","SOURCE_TOTAL_CLOSED","BN:2019:InternationalShippingBunker:oil","oil","2019","Metric tons,  thousand","INTERNATIONAL_BUNKER_OUTSIDE_DOMESTIC_FEC","273.44","273.440","0.000","3264873.6","1c2952a5f87bfcdb0eef1af6b6c774e741a99e5b72c5ced91a585d6efe9be50a:13104","/home/jin/research/SGP_ESE5004_Stage2/pypsa-asean/data/demand/unsd/data/UNdata_Export_20250502_110559984.txt","1c2952a5f87bfcdb0eef1af6b6c774e741a99e5b72c5ced91a585d6efe9be50a","[""1c2952a5f87bfcdb0eef1af6b6c774e741a99e5b72c5ced91a585d6efe9be50a:13127"", ""1c2952a5f87bfcdb0eef1af6b6c774e741a99e5b72c5ced91a585d6efe9be50a:13219"", ""1c2952a5f87bfcdb0eef1af6b6c774e741a99e5b72c5ced91a585d6efe9be50a:13254"", ""1c2952a5f87bfcdb0eef1af6b6c774e741a99e5b72c5ced91a585d6efe9be50a:13258""]","[""Consumption by manufacturing, construction and non-fuel mining industry"", ""Consumption in road"", ""Consumption by households"", ""Consumption not elsewhere specified (other)""]","[""1c2952a5f87bfcdb0eef1af6b6c774e741a99e5b72c5ced91a585d6efe9be50a:13258""]","22.309","[""BN:2050:Bunker:InternationalShippingBunker:oil""]","false","PENDING","0","FEC parent versus named mutually exclusive end uses + TransportNEC + OtherNEC; no transport/industry subtotal children, no bunkers"
"BN","InternationalShippingBunker","Liquefied petroleum gas (LPG)","PARENT_NOT_REPORTED","BN:2019:InternationalShippingBunker:oil","oil","2019","Metric tons,  thousand","INTERNATIONAL_BUNKER_OUTSIDE_DOMESTIC_FEC","","","","","","","","[""b02371f39dec320e227fd3223fcf8ad545595b5b53b48d2834bf9a838191076e:12289""]","[""Consumption by households""]","[]","","[""BN:2050:Bunker:InternationalShippingBunker:oil""]","false","PENDING","0","FEC parent versus named mutually exclusive end uses + TransportNEC + OtherNEC; no transport/industry subtotal children, no bunkers"
"BN","InternationalShippingBunker","Liquified Petroleum Gas (LPG)","SOURCE_TOTAL_NOT_CLOSED","BN:2019:InternationalShippingBunker:oil","oil","2019","Metric tons,  thousand","INTERNATIONAL_BUNKER_OUTSIDE_DOMESTIC_FEC","17.062","0","17.062","224024.06","b02371f39dec320e227fd3223fcf8ad545595b5b53b48d2834bf9a838191076e:12223","/home/jin/research/SGP_ESE5004_Stage2/pypsa-asean/data/demand/unsd/data/UNdata_Export_20250502_110656973.txt","b02371f39dec320e227fd3223fcf8ad545595b5b53b48d2834bf9a838191076e","[]","[]","[]","","[""BN:2050:Bunker:InternationalShippingBunker:oil""]","false","PENDING","0","FEC parent versus named mutually exclusive end uses + TransportNEC + OtherNEC; no transport/industry subtotal children, no bunkers"
"BN","InternationalShippingBunker","Motor Gasoline","SOURCE_TOTAL_CLOSED","BN:2019:InternationalShippingBunker:oil","oil","2019","Metric tons,  thousand","INTERNATIONAL_BUNKER_OUTSIDE_DOMESTIC_FEC","285.741","285.741","0.000","3514614.3","fe8fc603bb47c3ced818a86a96a4ad4e97b3b8ceb0d6b28a66d123d5e2c4d5ba:9914","/home/jin/research/SGP_ESE5004_Stage2/pypsa-asean/data/demand/unsd/data/UNdata_Export_20250502_110709784.txt","fe8fc603bb47c3ced818a86a96a4ad4e97b3b8ceb0d6b28a66d123d5e2c4d5ba","[""fe8fc603bb47c3ced818a86a96a4ad4e97b3b8ceb0d6b28a66d123d5e2c4d5ba:9980""]","[""Consumption in road""]","[]","","[""BN:2050:Bunker:InternationalShippingBunker:oil""]","false","PENDING","0","FEC parent versus named mutually exclusive end uses + TransportNEC + OtherNEC; no transport/industry subtotal children, no bunkers"
"BN","InternationalShippingBunker","Refinery Gas","SOURCE_TOTAL_NOT_CLOSED","BN:2019:InternationalShippingBunker:oil","oil","2019","Metric tons,  thousand","INTERNATIONAL_BUNKER_OUTSIDE_DOMESTIC_FEC","8.85","0","8.85","121687.5","98b98fccf6df4eae08a68fe143c48d13a8dd743ef689f46af494a66411304ece:3083","/home/jin/research/SGP_ESE5004_Stage2/pypsa-asean/data/demand/unsd/data/UNdata_Export_20250502_110807801.txt","98b98fccf6df4eae08a68fe143c48d13a8dd743ef689f46af494a66411304ece","[]","[]","[]","","[""BN:2050:Bunker:InternationalShippingBunker:oil""]","false","PENDING","0","FEC parent versus named mutually exclusive end uses + TransportNEC + OtherNEC; no transport/industry subtotal children, no bunkers"
"BN","InternationalShippingBunker","Refinery gas","PARENT_NOT_REPORTED","BN:2019:InternationalShippingBunker:oil","oil","2019","Metric tons,  thousand","INTERNATIONAL_BUNKER_OUTSIDE_DOMESTIC_FEC","","","","","","","","[""98b98fccf6df4eae08a68fe143c48d13a8dd743ef689f46af494a66411304ece:3097""]","[""consumption by manufacturing, construction and non-fuel mining industry""]","[]","","[""BN:2050:Bunker:InternationalShippingBunker:oil""]","false","PENDING","0","FEC parent versus named mutually exclusive end uses + TransportNEC + OtherNEC; no transport/industry subtotal children, no bunkers"
"KH","InternationalShippingBunker","Fuel oil","SOURCE_TOTAL_CLOSED","KH:2019:InternationalShippingBunker:oil","oil","2019","Metric tons,  thousand","INTERNATIONAL_BUNKER_OUTSIDE_DOMESTIC_FEC","98.2","98.2","0.0","1101804","b5ec374fcb60a4567468b3279fe6fa584ed0506d32f42a80e0760becce6c5cdb:13940","/home/jin/research/SGP_ESE5004_Stage2/pypsa-asean/data/demand/unsd/data/UNdata_Export_20250502_110515832.txt","b5ec374fcb60a4567468b3279fe6fa584ed0506d32f42a80e0760becce6c5cdb","[""b5ec374fcb60a4567468b3279fe6fa584ed0506d32f42a80e0760becce6c5cdb:13971"", ""b5ec374fcb60a4567468b3279fe6fa584ed0506d32f42a80e0760becce6c5cdb:14082""]","[""Consumption by manufacturing, construction and non-fuel industry"", ""Consumption not elsewhere specified (other)""]","[""b5ec374fcb60a4567468b3279fe6fa584ed0506d32f42a80e0760becce6c5cdb:14082""]","11.6","[""KH:2050:Bunker:InternationalShippingBunker:oil""]","false","PENDING","0","FEC parent versus named mutually exclusive end uses + TransportNEC + OtherNEC; no transport/industry subtotal children, no bunkers"
"KH","InternationalShippingBunker","Gas Oil/ Diesel Oil","SOURCE_TOTAL_CLOSED","KH:2019:InternationalShippingBunker:oil","oil","2019","Metric tons,  thousand","INTERNATIONAL_BUNKER_OUTSIDE_DOMESTIC_FEC","1539.2","1539.200","0.000","18378048","1c2952a5f87bfcdb0eef1af6b6c774e741a99e5b72c5ced91a585d6efe9be50a:14963","/home/jin/research/SGP_ESE5004_Stage2/pypsa-asean/data/demand/unsd/data/UNdata_Export_20250502_110559984.txt","1c2952a5f87bfcdb0eef1af6b6c774e741a99e5b72c5ced91a585d6efe9be50a","[""1c2952a5f87bfcdb0eef1af6b6c774e741a99e5b72c5ced91a585d6efe9be50a:14986"", ""1c2952a5f87bfcdb0eef1af6b6c774e741a99e5b72c5ced91a585d6efe9be50a:15078"", ""1c2952a5f87bfcdb0eef1af6b6c774e741a99e5b72c5ced91a585d6efe9be50a:15101"", ""1c2952a5f87bfcdb0eef1af6b6c774e741a99e5b72c5ced91a585d6efe9be50a:15124"", ""1c2952a5f87bfcdb0eef1af6b6c774e741a99e5b72c5ced91a585d6efe9be50a:15169"", ""1c2952a5f87bfcdb0eef1af6b6c774e741a99e5b72c5ced91a585d6efe9be50a:15191""]","[""Consumption by manufacturing, construction and non-fuel mining industry"", ""Consumption in road"", ""Consumption in rail"", ""Consumption in domestic navigation"", ""Consumption in agriculture, forestry and fishing"", ""Consumption not elsewhere specified (other)""]","[""1c2952a5f87bfcdb0eef1af6b6c774e741a99e5b72c5ced91a585d6efe9be50a:15191""]","259","[""KH:2050:Bunker:InternationalShippingBunker:oil""]","false","PENDING","0","FEC parent versus named mutually exclusive end uses + TransportNEC + OtherNEC; no transport/industry subtotal children, no bunkers"
"KH","InternationalShippingBunker","Kerosene-type Jet Fuel","SOURCE_TOTAL_CLOSED","KH:2019:InternationalShippingBunker:oil","oil","2019","Metric tons,  thousand","INTERNATIONAL_BUNKER_OUTSIDE_DOMESTIC_FEC","69.1","69.1","0.0","846475","a45d82a3cffd1fcbca3d6702b88e511d913e833c1f4e9e3fa75dd5c1750eea9a:7194","/home/jin/research/SGP_ESE5004_Stage2/pypsa-asean/data/demand/unsd/data/UNdata_Export_20250502_110648146.txt","a45d82a3cffd1fcbca3d6702b88e511d913e833c1f4e9e3fa75dd5c1750eea9a","[""a45d82a3cffd1fcbca3d6702b88e511d913e833c1f4e9e3fa75dd5c1750eea9a:7240""]","[""Consumption by domestic aviation""]","[]","","[""KH:2050:Bunker:InternationalShippingBunker:oil""]","false","PENDING","0","FEC parent versus named mutually exclusive end uses + TransportNEC + OtherNEC; no transport/industry subtotal children, no bunkers"
"KH","InternationalShippingBunker","Liquefied petroleum gas (LPG)","PARENT_NOT_REPORTED","KH:2019:InternationalShippingBunker:oil","oil","2019","Metric tons,  thousand","INTERNATIONAL_BUNKER_OUTSIDE_DOMESTIC_FEC","","","","","","","","[""b02371f39dec320e227fd3223fcf8ad545595b5b53b48d2834bf9a838191076e:13918"", ""b02371f39dec320e227fd3223fcf8ad545595b5b53b48d2834bf9a838191076e:13968""]","[""Consumption in road"", ""Consumption by households""]","[]","","[""KH:2050:Bunker:InternationalShippingBunker:oil""]","false","PENDING","0","FEC parent versus named mutually exclusive end uses + TransportNEC + OtherNEC; no transport/industry subtotal children, no bunkers"
"KH","InternationalShippingBunker","Liquified Petroleum Gas (LPG)","SOURCE_TOTAL_NOT_CLOSED","KH:2019:InternationalShippingBunker:oil","oil","2019","Metric tons,  thousand","INTERNATIONAL_BUNKER_OUTSIDE_DOMESTIC_FEC","340.9","204.2","136.7","4476017","b02371f39dec320e227fd3223fcf8ad545595b5b53b48d2834bf9a838191076e:13868","/home/jin/research/SGP_ESE5004_Stage2/pypsa-asean/data/demand/unsd/data/UNdata_Export_20250502_110656973.txt","b02371f39dec320e227fd3223fcf8ad545595b5b53b48d2834bf9a838191076e","[""b02371f39dec320e227fd3223fcf8ad545595b5b53b48d2834bf9a838191076e:14001""]","[""Consumption by commerce and public services""]","[]","","[""KH:2050:Bunker:InternationalShippingBunker:oil""]","false","PENDING","0","FEC parent versus named mutually exclusive end uses + TransportNEC + OtherNEC; no transport/industry subtotal children, no bunkers"
"KH","InternationalShippingBunker","Motor Gasoline","SOURCE_TOTAL_CLOSED","KH:2019:InternationalShippingBunker:oil","oil","2019","Metric tons,  thousand","INTERNATIONAL_BUNKER_OUTSIDE_DOMESTIC_FEC","725.65","725.65","0.00","8925495","fe8fc603bb47c3ced818a86a96a4ad4e97b3b8ceb0d6b28a66d123d5e2c4d5ba:11191","/home/jin/research/SGP_ESE5004_Stage2/pypsa-asean/data/demand/unsd/data/UNdata_Export_20250502_110709784.txt","fe8fc603bb47c3ced818a86a96a4ad4e97b3b8ceb0d6b28a66d123d5e2c4d5ba","[""fe8fc603bb47c3ced818a86a96a4ad4e97b3b8ceb0d6b28a66d123d5e2c4d5ba:11257""]","[""Consumption in road""]","[]","","[""KH:2050:Bunker:InternationalShippingBunker:oil""]","false","PENDING","0","FEC parent versus named mutually exclusive end uses + TransportNEC + OtherNEC; no transport/industry subtotal children, no bunkers"
"LA","TransportEmbeddedFuelParent","Anthracite","SOURCE_TOTAL_CLOSED","LA:2019:TransportEmbeddedFuelParent:unclassified_fuel","unclassified_fuel","2019","Metric tons,  thousand","DOMESTIC_FINAL_CONSUMPTION","147.576","147.576","0.000","737880","a0b88be91fc6c8253bc1dce071a8a1b1ee196bd100385a102f4835ee50f35a22:5450","/home/jin/research/SGP_ESE5004_Stage2/pypsa-asean/data/demand/unsd/data/UNdata_Export_20250502_110247853.txt","a0b88be91fc6c8253bc1dce071a8a1b1ee196bd100385a102f4835ee50f35a22","[""a0b88be91fc6c8253bc1dce071a8a1b1ee196bd100385a102f4835ee50f35a22:5474""]","[""consumption by manufacturing, construction and non-fuel industry""]","[]","","[""LA:2050:Transport:TransportEmbeddedFuelParent:unclassified_fuel""]","false","PENDING","0","FEC parent versus named mutually exclusive end uses + TransportNEC + OtherNEC; no transport/industry subtotal children, no bunkers"
"LA","TransportEmbeddedFuelParent","Aviation gasoline","SOURCE_TOTAL_CLOSED","LA:2019:TransportEmbeddedFuelParent:unclassified_fuel","unclassified_fuel","2019","Metric tons,  thousand","DOMESTIC_FINAL_CONSUMPTION","7.4","7.4","0.0","91020","d58d6b4f18fcb2cd5c2b6a9f680592924b9cf78066659d7ed2cf757d233cfec9:12927","/home/jin/research/SGP_ESE5004_Stage2/pypsa-asean/data/demand/unsd/data/UNdata_Export_20250502_110251099.txt","d58d6b4f18fcb2cd5c2b6a9f680592924b9cf78066659d7ed2cf757d233cfec9","[""d58d6b4f18fcb2cd5c2b6a9f680592924b9cf78066659d7ed2cf757d233cfec9:12995""]","[""Consumption in domestic aviation""]","[]","","[""LA:2050:Transport:TransportEmbeddedFuelParent:unclassified_fuel""]","false","PENDING","0","FEC parent versus named mutually exclusive end uses + TransportNEC + OtherNEC; no transport/industry subtotal children, no bunkers"
"LA","TransportEmbeddedFuelParent","Bagasse","SOURCE_TOTAL_CLOSED","LA:2019:TransportEmbeddedFuelParent:unclassified_fuel","unclassified_fuel","2019","Metric tons,  thousand","DOMESTIC_FINAL_CONSUMPTION","426","426","0","913344","9c32689fcf967b5d25086511b32fcfbfb4894f2b860deff953d781f92d749211:10691","/home/jin/research/SGP_ESE5004_Stage2/pypsa-asean/data/demand/unsd/data/UNdata_Export_20250502_110257851.txt","9c32689fcf967b5d25086511b32fcfbfb4894f2b860deff953d781f92d749211","[""9c32689fcf967b5d25086511b32fcfbfb4894f2b860deff953d781f92d749211:10706""]","[""Consumption by manufacturing, construction and non-fuel industry""]","[]","","[""LA:2050:Transport:TransportEmbeddedFuelParent:unclassified_fuel""]","false","PENDING","0","FEC parent versus named mutually exclusive end uses + TransportNEC + OtherNEC; no transport/industry subtotal children, no bunkers"
"LA","TransportEmbeddedFuelParent","Brown coal","SOURCE_TOTAL_CLOSED","LA:2019:TransportEmbeddedFuelParent:unclassified_fuel","unclassified_fuel","2019","Metric tons,  thousand","DOMESTIC_FINAL_CONSUMPTION","410","410","0","1594490","903a91d8e915854454532b0e917539b325fa6691a335aa08a37c8ebef0bd9088:12923","/home/jin/research/SGP_ESE5004_Stage2/pypsa-asean/data/demand/unsd/data/UNdata_Export_20250502_110351798.txt","903a91d8e915854454532b0e917539b325fa6691a335aa08a37c8ebef0bd9088","[""903a91d8e915854454532b0e917539b325fa6691a335aa08a37c8ebef0bd9088:12951"", ""903a91d8e915854454532b0e917539b325fa6691a335aa08a37c8ebef0bd9088:13030""]","[""consumption by manufacturing, construction and non-fuel mining industry"", ""consumption not elsewhere specified (other)""]","[""903a91d8e915854454532b0e917539b325fa6691a335aa08a37c8ebef0bd9088:13030""]","250","[""LA:2050:Transport:TransportEmbeddedFuelParent:unclassified_fuel""]","false","PENDING","0","FEC parent versus named mutually exclusive end uses + TransportNEC + OtherNEC; no transport/industry subtotal children, no bunkers"
"LA","TransportEmbeddedFuelParent","Charcoal","SOURCE_TOTAL_CLOSED","LA:2019:TransportEmbeddedFuelParent:unclassified_fuel","unclassified_fuel","2019","Metric tons,  thousand","DOMESTIC_FINAL_CONSUMPTION","210","210","0","1719900","da54b258ffb4927f30834c01f4e9aff7c267dd70c5ef5760292dd21ef5802345:20104","/home/jin/research/SGP_ESE5004_Stage2/pypsa-asean/data/demand/unsd/data/UNdata_Export_20250502_110403305.txt","da54b258ffb4927f30834c01f4e9aff7c267dd70c5ef5760292dd21ef5802345","[""da54b258ffb4927f30834c01f4e9aff7c267dd70c5ef5760292dd21ef5802345:20172"", ""da54b258ffb4927f30834c01f4e9aff7c267dd70c5ef5760292dd21ef5802345:20206""]","[""Consumption by households"", ""Consumption by commerce and public services""]","[]","","[""LA:2050:Transport:TransportEmbeddedFuelParent:unclassified_fuel""]","false","PENDING","0","FEC parent versus named mutually exclusive end uses + TransportNEC + OtherNEC; no transport/industry subtotal children, no bunkers"
"LA","TransportEmbeddedFuelParent","Fuel oil","SOURCE_TOTAL_CLOSED","LA:2019:TransportEmbeddedFuelParent:unclassified_fuel","unclassified_fuel","2019","Metric tons,  thousand","DOMESTIC_FINAL_CONSUMPTION","11.2","11.2","0.0","125664","b5ec374fcb60a4567468b3279fe6fa584ed0506d32f42a80e0760becce6c5cdb:53980","/home/jin/research/SGP_ESE5004_Stage2/pypsa-asean/data/demand/unsd/data/UNdata_Export_20250502_110515832.txt","b5ec374fcb60a4567468b3279fe6fa584ed0506d32f42a80e0760becce6c5cdb","[""b5ec374fcb60a4567468b3279fe6fa584ed0506d32f42a80e0760becce6c5cdb:54011""]","[""Consumption by manufacturing, construction and non-fuel industry""]","[]","","[""LA:2050:Transport:TransportEmbeddedFuelParent:unclassified_fuel""]","false","PENDING","0","FEC parent versus named mutually exclusive end uses + TransportNEC + OtherNEC; no transport/industry subtotal children, no bunkers"
"LA","TransportEmbeddedFuelParent","Fuelwood","SOURCE_TOTAL_CLOSED","LA:2019:TransportEmbeddedFuelParent:unclassified_fuel","unclassified_fuel","2019","Cubic metres, thousand","DOMESTIC_FINAL_CONSUMPTION","4556.171","4556.171","0.000","11572674.34","26a364db4d763d9d5a69eff04aa717af5db5d2736c5c1f4e47223a12eae7db66:39476","/home/jin/research/SGP_ESE5004_Stage2/pypsa-asean/data/demand/unsd/data/UNdata_Export_20250502_110532316.txt","26a364db4d763d9d5a69eff04aa717af5db5d2736c5c1f4e47223a12eae7db66","[""26a364db4d763d9d5a69eff04aa717af5db5d2736c5c1f4e47223a12eae7db66:39510"", ""26a364db4d763d9d5a69eff04aa717af5db5d2736c5c1f4e47223a12eae7db66:39616"", ""26a364db4d763d9d5a69eff04aa717af5db5d2736c5c1f4e47223a12eae7db66:39650""]","[""Consumption by manufacturing, construction and non-fuel industry"", ""Consumption by households"", ""Consumption by commerce and public services""]","[]","","[""LA:2050:Transport:TransportEmbeddedFuelParent:unclassified_fuel""]","false","PENDING","0","FEC parent versus named mutually exclusive end uses + TransportNEC + OtherNEC; no transport/industry subtotal children, no bunkers"
"LA","TransportEmbeddedFuelParent","Gas Oil/ Diesel Oil","SOURCE_TOTAL_CLOSED","LA:2019:TransportEmbeddedFuelParent:unclassified_fuel","unclassified_fuel","2019","Metric tons,  thousand","DOMESTIC_FINAL_CONSUMPTION","645","645","0","7701300","1c2952a5f87bfcdb0eef1af6b6c774e741a99e5b72c5ced91a585d6efe9be50a:53148","/home/jin/research/SGP_ESE5004_Stage2/pypsa-asean/data/demand/unsd/data/UNdata_Export_20250502_110559984.txt","1c2952a5f87bfcdb0eef1af6b6c774e741a99e5b72c5ced91a585d6efe9be50a","[""1c2952a5f87bfcdb0eef1af6b6c774e741a99e5b72c5ced91a585d6efe9be50a:53194"", ""1c2952a5f87bfcdb0eef1af6b6c774e741a99e5b72c5ced91a585d6efe9be50a:53240""]","[""Consumption in road"", ""Consumption in agriculture, forestry and fishing""]","[]","","[""LA:2050:Transport:TransportEmbeddedFuelParent:unclassified_fuel""]","false","PENDING","0","FEC parent versus named mutually exclusive end uses + TransportNEC + OtherNEC; no transport/industry subtotal children, no bunkers"
"LA","TransportEmbeddedFuelParent","Hard coal","SOURCE_TOTAL_CLOSED","LA:2019:TransportEmbeddedFuelParent:unclassified_fuel","unclassified_fuel","2019","Metric tons,  thousand","DOMESTIC_FINAL_CONSUMPTION","147.576","147.576","0.000","1057677.192","322eaabc99e9098d5834c09f3d174f6acba91332dd84956e7cd11e7913c6aeb4:30675","/home/jin/research/SGP_ESE5004_Stage2/pypsa-asean/data/demand/unsd/data/UNdata_Export_20250502_110638157.txt","322eaabc99e9098d5834c09f3d174f6acba91332dd84956e7cd11e7913c6aeb4","[""322eaabc99e9098d5834c09f3d174f6acba91332dd84956e7cd11e7913c6aeb4:30699""]","[""consumption by manufacturing, construction and non-fuel mining industry""]","[]","","[""LA:2050:Transport:TransportEmbeddedFuelParent:unclassified_fuel""]","false","PENDING","0","FEC parent versus named mutually exclusive end uses + TransportNEC + OtherNEC; no transport/industry subtotal children, no bunkers"
"LA","TransportEmbeddedFuelParent","Kerosene-type Jet Fuel","SOURCE_TOTAL_CLOSED","LA:2019:TransportEmbeddedFuelParent:unclassified_fuel","unclassified_fuel","2019","Metric tons,  thousand","DOMESTIC_FINAL_CONSUMPTION","5.3","5.3","0.0","64925","a45d82a3cffd1fcbca3d6702b88e511d913e833c1f4e9e3fa75dd5c1750eea9a:25625","/home/jin/research/SGP_ESE5004_Stage2/pypsa-asean/data/demand/unsd/data/UNdata_Export_20250502_110648146.txt","a45d82a3cffd1fcbca3d6702b88e511d913e833c1f4e9e3fa75dd5c1750eea9a","[""a45d82a3cffd1fcbca3d6702b88e511d913e833c1f4e9e3fa75dd5c1750eea9a:25693""]","[""Consumption by domestic aviation""]","[]","","[""LA:2050:Transport:TransportEmbeddedFuelParent:unclassified_fuel""]","false","PENDING","0","FEC parent versus named mutually exclusive end uses + TransportNEC + OtherNEC; no transport/industry subtotal children, no bunkers"
"LA","TransportEmbeddedFuelParent","Lignite","SOURCE_TOTAL_CLOSED","LA:2019:TransportEmbeddedFuelParent:unclassified_fuel","unclassified_fuel","2019","Metric tons,  thousand","DOMESTIC_FINAL_CONSUMPTION","410","410","0","1594490","b738c27518f722de4e0d905391b9691a5da2cdacc6378986f6998dcba63d64e6:9286","/home/jin/research/SGP_ESE5004_Stage2/pypsa-asean/data/demand/unsd/data/UNdata_Export_20250502_110653410.txt","b738c27518f722de4e0d905391b9691a5da2cdacc6378986f6998dcba63d64e6","[""b738c27518f722de4e0d905391b9691a5da2cdacc6378986f6998dcba63d64e6:9314"", ""b738c27518f722de4e0d905391b9691a5da2cdacc6378986f6998dcba63d64e6:9393""]","[""Consumption by manufacturing, construction and non-fuel industry"", ""Consumption not elsewhere specified (other)""]","[""b738c27518f722de4e0d905391b9691a5da2cdacc6378986f6998dcba63d64e6:9393""]","250","[""LA:2050:Transport:TransportEmbeddedFuelParent:unclassified_fuel""]","false","PENDING","0","FEC parent versus named mutually exclusive end uses + TransportNEC + OtherNEC; no transport/industry subtotal children, no bunkers"
"LA","TransportEmbeddedFuelParent","Liquefied petroleum gas (LPG)","PARENT_NOT_REPORTED","LA:2019:TransportEmbeddedFuelParent:unclassified_fuel","unclassified_fuel","2019","Metric tons,  thousand","DOMESTIC_FINAL_CONSUMPTION","","","","","","","","[""b02371f39dec320e227fd3223fcf8ad545595b5b53b48d2834bf9a838191076e:48875""]","[""Consumption by households""]","[]","","[""LA:2050:Transport:TransportEmbeddedFuelParent:unclassified_fuel""]","false","PENDING","0","FEC parent versus named mutually exclusive end uses + TransportNEC + OtherNEC; no transport/industry subtotal children, no bunkers"
"LA","TransportEmbeddedFuelParent","Liquified Petroleum Gas (LPG)","SOURCE_TOTAL_NOT_CLOSED","LA:2019:TransportEmbeddedFuelParent:unclassified_fuel","unclassified_fuel","2019","Metric tons,  thousand","DOMESTIC_FINAL_CONSUMPTION","17","10","7","223210","b02371f39dec320e227fd3223fcf8ad545595b5b53b48d2834bf9a838191076e:48807","/home/jin/research/SGP_ESE5004_Stage2/pypsa-asean/data/demand/unsd/data/UNdata_Export_20250502_110656973.txt","b02371f39dec320e227fd3223fcf8ad545595b5b53b48d2834bf9a838191076e","[""b02371f39dec320e227fd3223fcf8ad545595b5b53b48d2834bf9a838191076e:48925""]","[""Consumption by commerce and public services""]","[]","","[""LA:2050:Transport:TransportEmbeddedFuelParent:unclassified_fuel""]","false","PENDING","0","FEC parent versus named mutually exclusive end uses + TransportNEC + OtherNEC; no transport/industry subtotal children, no bunkers"
"LA","TransportEmbeddedFuelParent","Motor Gasoline","SOURCE_TOTAL_CLOSED","LA:2019:TransportEmbeddedFuelParent:unclassified_fuel","unclassified_fuel","2019","Metric tons,  thousand","DOMESTIC_FINAL_CONSUMPTION","185","185","0","2275500","fe8fc603bb47c3ced818a86a96a4ad4e97b3b8ceb0d6b28a66d123d5e2c4d5ba:38876","/home/jin/research/SGP_ESE5004_Stage2/pypsa-asean/data/demand/unsd/data/UNdata_Export_20250502_110709784.txt","fe8fc603bb47c3ced818a86a96a4ad4e97b3b8ceb0d6b28a66d123d5e2c4d5ba","[""fe8fc603bb47c3ced818a86a96a4ad4e97b3b8ceb0d6b28a66d123d5e2c4d5ba:38944""]","[""Consumption in road""]","[]","","[""LA:2050:Transport:TransportEmbeddedFuelParent:unclassified_fuel""]","false","PENDING","0","FEC parent versus named mutually exclusive end uses + TransportNEC + OtherNEC; no transport/industry subtotal children, no bunkers"
"LA","InternationalShippingBunker","Aviation gasoline","SOURCE_TOTAL_CLOSED","LA:2019:InternationalShippingBunker:oil","oil","2019","Metric tons,  thousand","INTERNATIONAL_BUNKER_OUTSIDE_DOMESTIC_FEC","7.4","7.4","0.0","91020","d58d6b4f18fcb2cd5c2b6a9f680592924b9cf78066659d7ed2cf757d233cfec9:12927","/home/jin/research/SGP_ESE5004_Stage2/pypsa-asean/data/demand/unsd/data/UNdata_Export_20250502_110251099.txt","d58d6b4f18fcb2cd5c2b6a9f680592924b9cf78066659d7ed2cf757d233cfec9","[""d58d6b4f18fcb2cd5c2b6a9f680592924b9cf78066659d7ed2cf757d233cfec9:12995""]","[""Consumption in domestic aviation""]","[]","","[""LA:2050:Bunker:InternationalShippingBunker:oil""]","false","PENDING","0","FEC parent versus named mutually exclusive end uses + TransportNEC + OtherNEC; no transport/industry subtotal children, no bunkers"
"LA","InternationalShippingBunker","Fuel oil","SOURCE_TOTAL_CLOSED","LA:2019:InternationalShippingBunker:oil","oil","2019","Metric tons,  thousand","INTERNATIONAL_BUNKER_OUTSIDE_DOMESTIC_FEC","11.2","11.2","0.0","125664","b5ec374fcb60a4567468b3279fe6fa584ed0506d32f42a80e0760becce6c5cdb:53980","/home/jin/research/SGP_ESE5004_Stage2/pypsa-asean/data/demand/unsd/data/UNdata_Export_20250502_110515832.txt","b5ec374fcb60a4567468b3279fe6fa584ed0506d32f42a80e0760becce6c5cdb","[""b5ec374fcb60a4567468b3279fe6fa584ed0506d32f42a80e0760becce6c5cdb:54011""]","[""Consumption by manufacturing, construction and non-fuel industry""]","[]","","[""LA:2050:Bunker:InternationalShippingBunker:oil""]","false","PENDING","0","FEC parent versus named mutually exclusive end uses + TransportNEC + OtherNEC; no transport/industry subtotal children, no bunkers"
"LA","InternationalShippingBunker","Gas Oil/ Diesel Oil","SOURCE_TOTAL_CLOSED","LA:2019:InternationalShippingBunker:oil","oil","2019","Metric tons,  thousand","INTERNATIONAL_BUNKER_OUTSIDE_DOMESTIC_FEC","645","645","0","7701300","1c2952a5f87bfcdb0eef1af6b6c774e741a99e5b72c5ced91a585d6efe9be50a:53148","/home/jin/research/SGP_ESE5004_Stage2/pypsa-asean/data/demand/unsd/data/UNdata_Export_20250502_110559984.txt","1c2952a5f87bfcdb0eef1af6b6c774e741a99e5b72c5ced91a585d6efe9be50a","[""1c2952a5f87bfcdb0eef1af6b6c774e741a99e5b72c5ced91a585d6efe9be50a:53194"", ""1c2952a5f87bfcdb0eef1af6b6c774e741a99e5b72c5ced91a585d6efe9be50a:53240""]","[""Consumption in road"", ""Consumption in agriculture, forestry and fishing""]","[]","","[""LA:2050:Bunker:InternationalShippingBunker:oil""]","false","PENDING","0","FEC parent versus named mutually exclusive end uses + TransportNEC + OtherNEC; no transport/industry subtotal children, no bunkers"
"LA","InternationalShippingBunker","Kerosene-type Jet Fuel","SOURCE_TOTAL_CLOSED","LA:2019:InternationalShippingBunker:oil","oil","2019","Metric tons,  thousand","INTERNATIONAL_BUNKER_OUTSIDE_DOMESTIC_FEC","5.3","5.3","0.0","64925","a45d82a3cffd1fcbca3d6702b88e511d913e833c1f4e9e3fa75dd5c1750eea9a:25625","/home/jin/research/SGP_ESE5004_Stage2/pypsa-asean/data/demand/unsd/data/UNdata_Export_20250502_110648146.txt","a45d82a3cffd1fcbca3d6702b88e511d913e833c1f4e9e3fa75dd5c1750eea9a","[""a45d82a3cffd1fcbca3d6702b88e511d913e833c1f4e9e3fa75dd5c1750eea9a:25693""]","[""Consumption by domestic aviation""]","[]","","[""LA:2050:Bunker:InternationalShippingBunker:oil""]","false","PENDING","0","FEC parent versus named mutually exclusive end uses + TransportNEC + OtherNEC; no transport/industry subtotal children, no bunkers"
"LA","InternationalShippingBunker","Liquefied petroleum gas (LPG)","PARENT_NOT_REPORTED","LA:2019:InternationalShippingBunker:oil","oil","2019","Metric tons,  thousand","INTERNATIONAL_BUNKER_OUTSIDE_DOMESTIC_FEC","","","","","","","","[""b02371f39dec320e227fd3223fcf8ad545595b5b53b48d2834bf9a838191076e:48875""]","[""Consumption by households""]","[]","","[""LA:2050:Bunker:InternationalShippingBunker:oil""]","false","PENDING","0","FEC parent versus named mutually exclusive end uses + TransportNEC + OtherNEC; no transport/industry subtotal children, no bunkers"
"LA","InternationalShippingBunker","Liquified Petroleum Gas (LPG)","SOURCE_TOTAL_NOT_CLOSED","LA:2019:InternationalShippingBunker:oil","oil","2019","Metric tons,  thousand","INTERNATIONAL_BUNKER_OUTSIDE_DOMESTIC_FEC","17","10","7","223210","b02371f39dec320e227fd3223fcf8ad545595b5b53b48d2834bf9a838191076e:48807","/home/jin/research/SGP_ESE5004_Stage2/pypsa-asean/data/demand/unsd/data/UNdata_Export_20250502_110656973.txt","b02371f39dec320e227fd3223fcf8ad545595b5b53b48d2834bf9a838191076e","[""b02371f39dec320e227fd3223fcf8ad545595b5b53b48d2834bf9a838191076e:48925""]","[""Consumption by commerce and public services""]","[]","","[""LA:2050:Bunker:InternationalShippingBunker:oil""]","false","PENDING","0","FEC parent versus named mutually exclusive end uses + TransportNEC + OtherNEC; no transport/industry subtotal children, no bunkers"
"LA","InternationalShippingBunker","Motor Gasoline","SOURCE_TOTAL_CLOSED","LA:2019:InternationalShippingBunker:oil","oil","2019","Metric tons,  thousand","INTERNATIONAL_BUNKER_OUTSIDE_DOMESTIC_FEC","185","185","0","2275500","fe8fc603bb47c3ced818a86a96a4ad4e97b3b8ceb0d6b28a66d123d5e2c4d5ba:38876","/home/jin/research/SGP_ESE5004_Stage2/pypsa-asean/data/demand/unsd/data/UNdata_Export_20250502_110709784.txt","fe8fc603bb47c3ced818a86a96a4ad4e97b3b8ceb0d6b28a66d123d5e2c4d5ba","[""fe8fc603bb47c3ced818a86a96a4ad4e97b3b8ceb0d6b28a66d123d5e2c4d5ba:38944""]","[""Consumption in road""]","[]","","[""LA:2050:Bunker:InternationalShippingBunker:oil""]","false","PENDING","0","FEC parent versus named mutually exclusive end uses + TransportNEC + OtherNEC; no transport/industry subtotal children, no bunkers"
"MM","DomesticShippingFuel","Aviation gasoline","SOURCE_TOTAL_CLOSED","MM:2019:DomesticShippingFuel:oil","oil","2019","Metric tons,  thousand","DOMESTIC_FINAL_CONSUMPTION","0","0","0","0","d58d6b4f18fcb2cd5c2b6a9f680592924b9cf78066659d7ed2cf757d233cfec9:15369","/home/jin/research/SGP_ESE5004_Stage2/pypsa-asean/data/demand/unsd/data/UNdata_Export_20250502_110251099.txt","d58d6b4f18fcb2cd5c2b6a9f680592924b9cf78066659d7ed2cf757d233cfec9","[""d58d6b4f18fcb2cd5c2b6a9f680592924b9cf78066659d7ed2cf757d233cfec9:15407""]","[""Consumption in domestic aviation""]","[]","","[""MM:2050:Transport:DomesticShippingFuel:oil""]","false","PENDING","0","FEC parent versus named mutually exclusive end uses + TransportNEC + OtherNEC; no transport/industry subtotal children, no bunkers"
"MM","DomesticShippingFuel","Fuel oil","SOURCE_TOTAL_CLOSED","MM:2019:DomesticShippingFuel:oil","oil","2019","Metric tons,  thousand","DOMESTIC_FINAL_CONSUMPTION","22","22","0","246840","b5ec374fcb60a4567468b3279fe6fa584ed0506d32f42a80e0760becce6c5cdb:62195","/home/jin/research/SGP_ESE5004_Stage2/pypsa-asean/data/demand/unsd/data/UNdata_Export_20250502_110515832.txt","b5ec374fcb60a4567468b3279fe6fa584ed0506d32f42a80e0760becce6c5cdb","[""b5ec374fcb60a4567468b3279fe6fa584ed0506d32f42a80e0760becce6c5cdb:62226"", ""b5ec374fcb60a4567468b3279fe6fa584ed0506d32f42a80e0760becce6c5cdb:62450""]","[""Consumption by manufacturing, construction and non-fuel industry"", ""Consumption by commerce and public services""]","[]","","[""MM:2050:Transport:DomesticShippingFuel:oil""]","false","PENDING","0","FEC parent versus named mutually exclusive end uses + TransportNEC + OtherNEC; no transport/industry subtotal children, no bunkers"
"MM","DomesticShippingFuel","Gas Oil/ Diesel Oil","SOURCE_TOTAL_CLOSED","MM:2019:DomesticShippingFuel:oil","oil","2019","Metric tons,  thousand","DOMESTIC_FINAL_CONSUMPTION","4251","4251","0","50756940","1c2952a5f87bfcdb0eef1af6b6c774e741a99e5b72c5ced91a585d6efe9be50a:63063","/home/jin/research/SGP_ESE5004_Stage2/pypsa-asean/data/demand/unsd/data/UNdata_Export_20250502_110559984.txt","1c2952a5f87bfcdb0eef1af6b6c774e741a99e5b72c5ced91a585d6efe9be50a","[""1c2952a5f87bfcdb0eef1af6b6c774e741a99e5b72c5ced91a585d6efe9be50a:63086"", ""1c2952a5f87bfcdb0eef1af6b6c774e741a99e5b72c5ced91a585d6efe9be50a:63187"", ""1c2952a5f87bfcdb0eef1af6b6c774e741a99e5b72c5ced91a585d6efe9be50a:63210"", ""1c2952a5f87bfcdb0eef1af6b6c774e741a99e5b72c5ced91a585d6efe9be50a:63238"", ""1c2952a5f87bfcdb0eef1af6b6c774e741a99e5b72c5ced91a585d6efe9be50a:63247"", ""1c2952a5f87bfcdb0eef1af6b6c774e741a99e5b72c5ced91a585d6efe9be50a:63264""]","[""Consumption by manufacturing, construction and non-fuel mining industry"", ""Consumption in road"", ""Consumption in rail"", ""Consumption by households"", ""Consumption in agriculture, forestry and fishing"", ""Consumption not elsewhere specified (other)""]","[""1c2952a5f87bfcdb0eef1af6b6c774e741a99e5b72c5ced91a585d6efe9be50a:63264""]","431","[""MM:2050:Transport:DomesticShippingFuel:oil""]","false","PENDING","0","FEC parent versus named mutually exclusive end uses + TransportNEC + OtherNEC; no transport/industry subtotal children, no bunkers"
"MM","DomesticShippingFuel","Kerosene-type Jet Fuel","SOURCE_TOTAL_CLOSED","MM:2019:DomesticShippingFuel:oil","oil","2019","Metric tons,  thousand","DOMESTIC_FINAL_CONSUMPTION","140","140","0","1715000","a45d82a3cffd1fcbca3d6702b88e511d913e833c1f4e9e3fa75dd5c1750eea9a:30837","/home/jin/research/SGP_ESE5004_Stage2/pypsa-asean/data/demand/unsd/data/UNdata_Export_20250502_110648146.txt","a45d82a3cffd1fcbca3d6702b88e511d913e833c1f4e9e3fa75dd5c1750eea9a","[""a45d82a3cffd1fcbca3d6702b88e511d913e833c1f4e9e3fa75dd5c1750eea9a:30899""]","[""Consumption by domestic aviation""]","[]","","[""MM:2050:Transport:DomesticShippingFuel:oil""]","false","PENDING","0","FEC parent versus named mutually exclusive end uses + TransportNEC + OtherNEC; no transport/industry subtotal children, no bunkers"
"MM","DomesticShippingFuel","Liquefied petroleum gas (LPG)","PARENT_NOT_REPORTED","MM:2019:DomesticShippingFuel:oil","oil","2019","Metric tons,  thousand","DOMESTIC_FINAL_CONSUMPTION","","","","","","","","[""b02371f39dec320e227fd3223fcf8ad545595b5b53b48d2834bf9a838191076e:57218""]","[""Consumption by households""]","[]","","[""MM:2050:Transport:DomesticShippingFuel:oil""]","false","PENDING","0","FEC parent versus named mutually exclusive end uses + TransportNEC + OtherNEC; no transport/industry subtotal children, no bunkers"
"MM","DomesticShippingFuel","Liquified Petroleum Gas (LPG)","SOURCE_TOTAL_NOT_CLOSED","MM:2019:DomesticShippingFuel:oil","oil","2019","Metric tons,  thousand","DOMESTIC_FINAL_CONSUMPTION","30","0","30","393900","b02371f39dec320e227fd3223fcf8ad545595b5b53b48d2834bf9a838191076e:57062","/home/jin/research/SGP_ESE5004_Stage2/pypsa-asean/data/demand/unsd/data/UNdata_Export_20250502_110656973.txt","b02371f39dec320e227fd3223fcf8ad545595b5b53b48d2834bf9a838191076e","[]","[]","[]","","[""MM:2050:Transport:DomesticShippingFuel:oil""]","false","PENDING","0","FEC parent versus named mutually exclusive end uses + TransportNEC + OtherNEC; no transport/industry subtotal children, no bunkers"
"MM","DomesticShippingFuel","Motor Gasoline","SOURCE_TOTAL_CLOSED","MM:2019:DomesticShippingFuel:oil","oil","2019","Metric tons,  thousand","DOMESTIC_FINAL_CONSUMPTION","1910","1910","0","23493000","fe8fc603bb47c3ced818a86a96a4ad4e97b3b8ceb0d6b28a66d123d5e2c4d5ba:46245","/home/jin/research/SGP_ESE5004_Stage2/pypsa-asean/data/demand/unsd/data/UNdata_Export_20250502_110709784.txt","fe8fc603bb47c3ced818a86a96a4ad4e97b3b8ceb0d6b28a66d123d5e2c4d5ba","[""fe8fc603bb47c3ced818a86a96a4ad4e97b3b8ceb0d6b28a66d123d5e2c4d5ba:46278"", ""fe8fc603bb47c3ced818a86a96a4ad4e97b3b8ceb0d6b28a66d123d5e2c4d5ba:46365"", ""fe8fc603bb47c3ced818a86a96a4ad4e97b3b8ceb0d6b28a66d123d5e2c4d5ba:46413"", ""fe8fc603bb47c3ced818a86a96a4ad4e97b3b8ceb0d6b28a66d123d5e2c4d5ba:46430""]","[""Consumption by manufacturing, construction and non-fuel mining industry"", ""Consumption in road"", ""Consumption by households"", ""Consumption in agriculture, forestry and fishing""]","[]","","[""MM:2050:Transport:DomesticShippingFuel:oil""]","false","PENDING","0","FEC parent versus named mutually exclusive end uses + TransportNEC + OtherNEC; no transport/industry subtotal children, no bunkers"
"MM","DomesticShippingFuel","Petroleum Coke","SOURCE_TOTAL_NOT_CLOSED","MM:2019:DomesticShippingFuel:oil","oil","2019","Metric tons,  thousand","DOMESTIC_FINAL_CONSUMPTION","11","0","11","99308","b635acfa2728521abb05c3175cba6e1834327b8a909d346e14a399df673f946d:16262","/home/jin/research/SGP_ESE5004_Stage2/pypsa-asean/data/demand/unsd/data/UNdata_Export_20250502_110803822.txt","b635acfa2728521abb05c3175cba6e1834327b8a909d346e14a399df673f946d","[]","[]","[]","","[""MM:2050:Transport:DomesticShippingFuel:oil""]","false","PENDING","0","FEC parent versus named mutually exclusive end uses + TransportNEC + OtherNEC; no transport/industry subtotal children, no bunkers"
"MM","DomesticShippingFuel","Petroleum coke","PARENT_NOT_REPORTED","MM:2019:DomesticShippingFuel:oil","oil","2019","Metric tons,  thousand","DOMESTIC_FINAL_CONSUMPTION","","","","","","","","[""b635acfa2728521abb05c3175cba6e1834327b8a909d346e14a399df673f946d:16295""]","[""Consumption by manufacturing, construction and non-fuel mining industry""]","[]","","[""MM:2050:Transport:DomesticShippingFuel:oil""]","false","PENDING","0","FEC parent versus named mutually exclusive end uses + TransportNEC + OtherNEC; no transport/industry subtotal children, no bunkers"
"MY","TransportEmbeddedFuelParent","Bagasse","SOURCE_TOTAL_CLOSED","MY:2019:TransportEmbeddedFuelParent:unclassified_fuel","unclassified_fuel","2019","Metric tons,  thousand","DOMESTIC_FINAL_CONSUMPTION","5.8","5.8","0.0","12435.2","9c32689fcf967b5d25086511b32fcfbfb4894f2b860deff953d781f92d749211:11547","/home/jin/research/SGP_ESE5004_Stage2/pypsa-asean/data/demand/unsd/data/UNdata_Export_20250502_110257851.txt","9c32689fcf967b5d25086511b32fcfbfb4894f2b860deff953d781f92d749211","[""9c32689fcf967b5d25086511b32fcfbfb4894f2b860deff953d781f92d749211:11580""]","[""Consumption by manufacturing, construction and non-fuel industry""]","[]","","[""MY:2050:Transport:TransportEmbeddedFuelParent:unclassified_fuel""]","false","PENDING","0","FEC parent versus named mutually exclusive end uses + TransportNEC + OtherNEC; no transport/industry subtotal children, no bunkers"
"MY","TransportEmbeddedFuelParent","Biodiesel","SOURCE_TOTAL_CLOSED","MY:2019:TransportEmbeddedFuelParent:unclassified_fuel","unclassified_fuel","2019","Metric tons,  thousand","DOMESTIC_FINAL_CONSUMPTION","737.69","737.69","0.00","7539191.8","5c72caaa64762e177e5e53c55b7f9fd07ee57f6a91681d600bdd6c6be174b8c2:6255","/home/jin/research/SGP_ESE5004_Stage2/pypsa-asean/data/demand/unsd/data/UNdata_Export_20250502_110306307.txt","5c72caaa64762e177e5e53c55b7f9fd07ee57f6a91681d600bdd6c6be174b8c2","[""5c72caaa64762e177e5e53c55b7f9fd07ee57f6a91681d600bdd6c6be174b8c2:6279""]","[""Consumption by road""]","[]","","[""MY:2050:Transport:TransportEmbeddedFuelParent:unclassified_fuel""]","false","PENDING","0","FEC parent versus named mutually exclusive end uses + TransportNEC + OtherNEC; no transport/industry subtotal children, no bunkers"
"MY","TransportEmbeddedFuelParent","Blast Furnace Gas","SOURCE_TOTAL_CLOSED","MY:2019:TransportEmbeddedFuelParent:unclassified_fuel","unclassified_fuel","2019","Terajoules","DOMESTIC_FINAL_CONSUMPTION","15799.179","15799.179","0.000","4388660.833333333","77d8261ada2f8a5104381fae2e794bcaa31d62a12d27ff7e3a0dd0cde756d194:8011","/home/jin/research/SGP_ESE5004_Stage2/pypsa-asean/data/demand/unsd/data/UNdata_Export_20250502_110347177.txt","77d8261ada2f8a5104381fae2e794bcaa31d62a12d27ff7e3a0dd0cde756d194","[""77d8261ada2f8a5104381fae2e794bcaa31d62a12d27ff7e3a0dd0cde756d194:8019""]","[""Consumption by manufacturing, construction and non-fuel industry""]","[]","","[""MY:2050:Transport:TransportEmbeddedFuelParent:unclassified_fuel""]","false","PENDING","0","FEC parent versus named mutually exclusive end uses + TransportNEC + OtherNEC; no transport/industry subtotal children, no bunkers"
"MY","TransportEmbeddedFuelParent","Charcoal","SOURCE_TOTAL_CLOSED","MY:2019:TransportEmbeddedFuelParent:unclassified_fuel","unclassified_fuel","2019","Metric tons,  thousand","DOMESTIC_FINAL_CONSUMPTION","5.882","5.882","0.000","48173.58","da54b258ffb4927f30834c01f4e9aff7c267dd70c5ef5760292dd21ef5802345:22199","/home/jin/research/SGP_ESE5004_Stage2/pypsa-asean/data/demand/unsd/data/UNdata_Export_20250502_110403305.txt","da54b258ffb4927f30834c01f4e9aff7c267dd70c5ef5760292dd21ef5802345","[""da54b258ffb4927f30834c01f4e9aff7c267dd70c5ef5760292dd21ef5802345:22265"", ""da54b258ffb4927f30834c01f4e9aff7c267dd70c5ef5760292dd21ef5802345:22266""]","[""Consumption by households"", ""Consumption not elsewhere specified (other)""]","[""da54b258ffb4927f30834c01f4e9aff7c267dd70c5ef5760292dd21ef5802345:22266""]","5","[""MY:2050:Transport:TransportEmbeddedFuelParent:unclassified_fuel""]","false","PENDING","0","FEC parent versus named mutually exclusive end uses + TransportNEC + OtherNEC; no transport/industry subtotal children, no bunkers"
"MY","TransportEmbeddedFuelParent","Fuel oil","SOURCE_TOTAL_CLOSED","MY:2019:TransportEmbeddedFuelParent:unclassified_fuel","unclassified_fuel","2019","Metric tons,  thousand","DOMESTIC_FINAL_CONSUMPTION","449.841","449.841","0.000","5047216.02","b5ec374fcb60a4567468b3279fe6fa584ed0506d32f42a80e0760becce6c5cdb:57949","/home/jin/research/SGP_ESE5004_Stage2/pypsa-asean/data/demand/unsd/data/UNdata_Export_20250502_110515832.txt","b5ec374fcb60a4567468b3279fe6fa584ed0506d32f42a80e0760becce6c5cdb","[""b5ec374fcb60a4567468b3279fe6fa584ed0506d32f42a80e0760becce6c5cdb:57980"", ""b5ec374fcb60a4567468b3279fe6fa584ed0506d32f42a80e0760becce6c5cdb:58158"", ""b5ec374fcb60a4567468b3279fe6fa584ed0506d32f42a80e0760becce6c5cdb:58187""]","[""Consumption by manufacturing, construction and non-fuel industry"", ""Consumption in agriculture, forestry and fishing"", ""Consumption by commerce and public services""]","[]","","[""MY:2050:Transport:TransportEmbeddedFuelParent:unclassified_fuel""]","false","PENDING","0","FEC parent versus named mutually exclusive end uses + TransportNEC + OtherNEC; no transport/industry subtotal children, no bunkers"
"MY","TransportEmbeddedFuelParent","Fuelwood","SOURCE_TOTAL_CLOSED","MY:2019:TransportEmbeddedFuelParent:unclassified_fuel","unclassified_fuel","2019","Cubic metres, thousand","DOMESTIC_FINAL_CONSUMPTION","2275.332","2275.332","0.000","5779343.28","26a364db4d763d9d5a69eff04aa717af5db5d2736c5c1f4e47223a12eae7db66:44535","/home/jin/research/SGP_ESE5004_Stage2/pypsa-asean/data/demand/unsd/data/UNdata_Export_20250502_110532316.txt","26a364db4d763d9d5a69eff04aa717af5db5d2736c5c1f4e47223a12eae7db66","[""26a364db4d763d9d5a69eff04aa717af5db5d2736c5c1f4e47223a12eae7db66:44601""]","[""Consumption by households""]","[]","","[""MY:2050:Transport:TransportEmbeddedFuelParent:unclassified_fuel""]","false","PENDING","0","FEC parent versus named mutually exclusive end uses + TransportNEC + OtherNEC; no transport/industry subtotal children, no bunkers"
"MY","TransportEmbeddedFuelParent","Gas Oil/ Diesel Oil","SOURCE_TOTAL_CLOSED","MY:2019:TransportEmbeddedFuelParent:unclassified_fuel","unclassified_fuel","2019","Metric tons,  thousand","DOMESTIC_FINAL_CONSUMPTION","11164.457","11164.457","0.000","133303616.58","1c2952a5f87bfcdb0eef1af6b6c774e741a99e5b72c5ced91a585d6efe9be50a:57513","/home/jin/research/SGP_ESE5004_Stage2/pypsa-asean/data/demand/unsd/data/UNdata_Export_20250502_110559984.txt","1c2952a5f87bfcdb0eef1af6b6c774e741a99e5b72c5ced91a585d6efe9be50a","[""1c2952a5f87bfcdb0eef1af6b6c774e741a99e5b72c5ced91a585d6efe9be50a:57536"", ""1c2952a5f87bfcdb0eef1af6b6c774e741a99e5b72c5ced91a585d6efe9be50a:57628"", ""1c2952a5f87bfcdb0eef1af6b6c774e741a99e5b72c5ced91a585d6efe9be50a:57673"", ""1c2952a5f87bfcdb0eef1af6b6c774e741a99e5b72c5ced91a585d6efe9be50a:57698""]","[""Consumption by manufacturing, construction and non-fuel mining industry"", ""Consumption in road"", ""Consumption in agriculture, forestry and fishing"", ""Consumption by commerce and public services""]","[]","","[""MY:2050:Transport:TransportEmbeddedFuelParent:unclassified_fuel""]","false","PENDING","0","FEC parent versus named mutually exclusive end uses + TransportNEC + OtherNEC; no transport/industry subtotal children, no bunkers"
"MY","TransportEmbeddedFuelParent","Hard coal","SOURCE_TOTAL_CLOSED","MY:2019:TransportEmbeddedFuelParent:unclassified_fuel","unclassified_fuel","2019","Metric tons,  thousand","DOMESTIC_FINAL_CONSUMPTION","1232.691","1232.691","0.000","8834696.397","322eaabc99e9098d5834c09f3d174f6acba91332dd84956e7cd11e7913c6aeb4:33851","/home/jin/research/SGP_ESE5004_Stage2/pypsa-asean/data/demand/unsd/data/UNdata_Export_20250502_110638157.txt","322eaabc99e9098d5834c09f3d174f6acba91332dd84956e7cd11e7913c6aeb4","[""322eaabc99e9098d5834c09f3d174f6acba91332dd84956e7cd11e7913c6aeb4:33884""]","[""consumption by manufacturing, construction and non-fuel mining industry""]","[]","","[""MY:2050:Transport:TransportEmbeddedFuelParent:unclassified_fuel""]","false","PENDING","0","FEC parent versus named mutually exclusive end uses + TransportNEC + OtherNEC; no transport/industry subtotal children, no bunkers"
"MY","TransportEmbeddedFuelParent","Kerosene-type Jet Fuel","SOURCE_TOTAL_CLOSED","MY:2019:TransportEmbeddedFuelParent:unclassified_fuel","unclassified_fuel","2019","Metric tons,  thousand","DOMESTIC_FINAL_CONSUMPTION","739.995","739.995","0.000","9064938.75","a45d82a3cffd1fcbca3d6702b88e511d913e833c1f4e9e3fa75dd5c1750eea9a:28023","/home/jin/research/SGP_ESE5004_Stage2/pypsa-asean/data/demand/unsd/data/UNdata_Export_20250502_110648146.txt","a45d82a3cffd1fcbca3d6702b88e511d913e833c1f4e9e3fa75dd5c1750eea9a","[""a45d82a3cffd1fcbca3d6702b88e511d913e833c1f4e9e3fa75dd5c1750eea9a:28071""]","[""Consumption by domestic aviation""]","[]","","[""MY:2050:Transport:TransportEmbeddedFuelParent:unclassified_fuel""]","false","PENDING","0","FEC parent versus named mutually exclusive end uses + TransportNEC + OtherNEC; no transport/industry subtotal children, no bunkers"
"MY","TransportEmbeddedFuelParent","Liquefied petroleum gas (LPG)","PARENT_NOT_REPORTED","MY:2019:TransportEmbeddedFuelParent:unclassified_fuel","unclassified_fuel","2019","Metric tons,  thousand","DOMESTIC_FINAL_CONSUMPTION","","","","","","","","[""b02371f39dec320e227fd3223fcf8ad545595b5b53b48d2834bf9a838191076e:52577"", ""b02371f39dec320e227fd3223fcf8ad545595b5b53b48d2834bf9a838191076e:52713""]","[""consumption by manufacturing, construction and non-fuel mining industry"", ""Consumption by households""]","[]","","[""MY:2050:Transport:TransportEmbeddedFuelParent:unclassified_fuel""]","false","PENDING","0","FEC parent versus named mutually exclusive end uses + TransportNEC + OtherNEC; no transport/industry subtotal children, no bunkers"
"MY","TransportEmbeddedFuelParent","Liquified Petroleum Gas (LPG)","SOURCE_TOTAL_NOT_CLOSED","MY:2019:TransportEmbeddedFuelParent:unclassified_fuel","unclassified_fuel","2019","Metric tons,  thousand","DOMESTIC_FINAL_CONSUMPTION","1212.702","329.071","883.631","15922777.26","b02371f39dec320e227fd3223fcf8ad545595b5b53b48d2834bf9a838191076e:52544","/home/jin/research/SGP_ESE5004_Stage2/pypsa-asean/data/demand/unsd/data/UNdata_Export_20250502_110656973.txt","b02371f39dec320e227fd3223fcf8ad545595b5b53b48d2834bf9a838191076e","[""b02371f39dec320e227fd3223fcf8ad545595b5b53b48d2834bf9a838191076e:52757""]","[""Consumption by commerce and public services""]","[]","","[""MY:2050:Transport:TransportEmbeddedFuelParent:unclassified_fuel""]","false","PENDING","0","FEC parent versus named mutually exclusive end uses + TransportNEC + OtherNEC; no transport/industry subtotal children, no bunkers"
"MY","TransportEmbeddedFuelParent","Motor Gasoline","SOURCE_TOTAL_CLOSED","MY:2019:TransportEmbeddedFuelParent:unclassified_fuel","unclassified_fuel","2019","Metric tons,  thousand","DOMESTIC_FINAL_CONSUMPTION","13153.568","13153.568","0.000","161788886.4","fe8fc603bb47c3ced818a86a96a4ad4e97b3b8ceb0d6b28a66d123d5e2c4d5ba:42069","/home/jin/research/SGP_ESE5004_Stage2/pypsa-asean/data/demand/unsd/data/UNdata_Export_20250502_110709784.txt","fe8fc603bb47c3ced818a86a96a4ad4e97b3b8ceb0d6b28a66d123d5e2c4d5ba","[""fe8fc603bb47c3ced818a86a96a4ad4e97b3b8ceb0d6b28a66d123d5e2c4d5ba:42102"", ""fe8fc603bb47c3ced818a86a96a4ad4e97b3b8ceb0d6b28a66d123d5e2c4d5ba:42228"", ""fe8fc603bb47c3ced818a86a96a4ad4e97b3b8ceb0d6b28a66d123d5e2c4d5ba:42294""]","[""Consumption by manufacturing, construction and non-fuel mining industry"", ""Consumption in road"", ""Consumption in agriculture, forestry and fishing""]","[]","","[""MY:2050:Transport:TransportEmbeddedFuelParent:unclassified_fuel""]","false","PENDING","0","FEC parent versus named mutually exclusive end uses + TransportNEC + OtherNEC; no transport/industry subtotal children, no bunkers"
"MY","TransportEmbeddedFuelParent","Natural Gas (including LNG)","SOURCE_TOTAL_NOT_CLOSED","MY:2019:TransportEmbeddedFuelParent:unclassified_fuel","unclassified_fuel","2019","Terajoules","DOMESTIC_FINAL_CONSUMPTION","364167.199","1081.691","363085.508","91041799.75","fa8613ee3560bfc2f73f60f4c0995c995b0bec8fd75a59190fe4ad6c63a9e988:54632","/home/jin/research/SGP_ESE5004_Stage2/pypsa-asean/data/demand/unsd/data/UNdata_Export_20250502_110721508.txt","fa8613ee3560bfc2f73f60f4c0995c995b0bec8fd75a59190fe4ad6c63a9e988","[""fa8613ee3560bfc2f73f60f4c0995c995b0bec8fd75a59190fe4ad6c63a9e988:54916""]","[""consumption by commerce and public services""]","[]","","[""MY:2050:Transport:TransportEmbeddedFuelParent:unclassified_fuel""]","false","PENDING","0","FEC parent versus named mutually exclusive end uses + TransportNEC + OtherNEC; no transport/industry subtotal children, no bunkers"
"MY","TransportEmbeddedFuelParent","Natural gas (including LNG)","PARENT_NOT_REPORTED","MY:2019:TransportEmbeddedFuelParent:unclassified_fuel","unclassified_fuel","2019","Terajoules","DOMESTIC_FINAL_CONSUMPTION","","","","","","","","[""fa8613ee3560bfc2f73f60f4c0995c995b0bec8fd75a59190fe4ad6c63a9e988:54665"", ""fa8613ee3560bfc2f73f60f4c0995c995b0bec8fd75a59190fe4ad6c63a9e988:54804"", ""fa8613ee3560bfc2f73f60f4c0995c995b0bec8fd75a59190fe4ad6c63a9e988:54866""]","[""consumption by manufacturing, construction and non-fuel industry"", ""consumption in road"", ""consumption by households""]","[]","","[""MY:2050:Transport:TransportEmbeddedFuelParent:unclassified_fuel""]","false","PENDING","0","FEC parent versus named mutually exclusive end uses + TransportNEC + OtherNEC; no transport/industry subtotal children, no bunkers"
"SG","TransportEmbeddedFuelParent","Charcoal","SOURCE_TOTAL_CLOSED","SG:2019:TransportEmbeddedFuelParent:unclassified_fuel","unclassified_fuel","2019","Metric tons,  thousand","DOMESTIC_FINAL_CONSUMPTION","13.02","13.02","0.00","106633.8","da54b258ffb4927f30834c01f4e9aff7c267dd70c5ef5760292dd21ef5802345:31977","/home/jin/research/SGP_ESE5004_Stage2/pypsa-asean/data/demand/unsd/data/UNdata_Export_20250502_110403305.txt","da54b258ffb4927f30834c01f4e9aff7c267dd70c5ef5760292dd21ef5802345","[""da54b258ffb4927f30834c01f4e9aff7c267dd70c5ef5760292dd21ef5802345:32043""]","[""Consumption not elsewhere specified (other)""]","[""da54b258ffb4927f30834c01f4e9aff7c267dd70c5ef5760292dd21ef5802345:32043""]","13.02","[""SG:2050:Transport:TransportEmbeddedFuelParent:unclassified_fuel""]","false","PENDING","0","FEC parent versus named mutually exclusive end uses + TransportNEC + OtherNEC; no transport/industry subtotal children, no bunkers"
"SG","TransportEmbeddedFuelParent","Fuel oil","SOURCE_TOTAL_CLOSED","SG:2019:TransportEmbeddedFuelParent:unclassified_fuel","unclassified_fuel","2019","Metric tons,  thousand","DOMESTIC_FINAL_CONSUMPTION","312.021","312.021","0.000","3500875.62","b5ec374fcb60a4567468b3279fe6fa584ed0506d32f42a80e0760becce6c5cdb:81787","/home/jin/research/SGP_ESE5004_Stage2/pypsa-asean/data/demand/unsd/data/UNdata_Export_20250502_110515832.txt","b5ec374fcb60a4567468b3279fe6fa584ed0506d32f42a80e0760becce6c5cdb","[""b5ec374fcb60a4567468b3279fe6fa584ed0506d32f42a80e0760becce6c5cdb:81815""]","[""Consumption by manufacturing, construction and non-fuel industry""]","[]","","[""SG:2050:Transport:TransportEmbeddedFuelParent:unclassified_fuel""]","false","PENDING","0","FEC parent versus named mutually exclusive end uses + TransportNEC + OtherNEC; no transport/industry subtotal children, no bunkers"
"SG","TransportEmbeddedFuelParent","Gas Oil/ Diesel Oil","SOURCE_TOTAL_CLOSED","SG:2019:TransportEmbeddedFuelParent:unclassified_fuel","unclassified_fuel","2019","Metric tons,  thousand","DOMESTIC_FINAL_CONSUMPTION","1329.325","1329.325","0.000","15872140.5","1c2952a5f87bfcdb0eef1af6b6c774e741a99e5b72c5ced91a585d6efe9be50a:82650","/home/jin/research/SGP_ESE5004_Stage2/pypsa-asean/data/demand/unsd/data/UNdata_Export_20250502_110559984.txt","1c2952a5f87bfcdb0eef1af6b6c774e741a99e5b72c5ced91a585d6efe9be50a","[""1c2952a5f87bfcdb0eef1af6b6c774e741a99e5b72c5ced91a585d6efe9be50a:82673"", ""1c2952a5f87bfcdb0eef1af6b6c774e741a99e5b72c5ced91a585d6efe9be50a:82756"", ""1c2952a5f87bfcdb0eef1af6b6c774e741a99e5b72c5ced91a585d6efe9be50a:82779""]","[""Consumption by manufacturing, construction and non-fuel mining industry"", ""Consumption in road"", ""Consumption in domestic navigation""]","[]","","[""SG:2050:Transport:TransportEmbeddedFuelParent:unclassified_fuel""]","false","PENDING","0","FEC parent versus named mutually exclusive end uses + TransportNEC + OtherNEC; no transport/industry subtotal children, no bunkers"
"SG","TransportEmbeddedFuelParent","Hard coal","SOURCE_TOTAL_CLOSED","SG:2019:TransportEmbeddedFuelParent:unclassified_fuel","unclassified_fuel","2019","Metric tons,  thousand","DOMESTIC_FINAL_CONSUMPTION","293.562791","293.562791","0.000000","2103964.523097","322eaabc99e9098d5834c09f3d174f6acba91332dd84956e7cd11e7913c6aeb4:47844","/home/jin/research/SGP_ESE5004_Stage2/pypsa-asean/data/demand/unsd/data/UNdata_Export_20250502_110638157.txt","322eaabc99e9098d5834c09f3d174f6acba91332dd84956e7cd11e7913c6aeb4","[""322eaabc99e9098d5834c09f3d174f6acba91332dd84956e7cd11e7913c6aeb4:47858""]","[""consumption by manufacturing, construction and non-fuel mining industry""]","[]","","[""SG:2050:Transport:TransportEmbeddedFuelParent:unclassified_fuel""]","false","PENDING","0","FEC parent versus named mutually exclusive end uses + TransportNEC + OtherNEC; no transport/industry subtotal children, no bunkers"
"SG","TransportEmbeddedFuelParent","Liquefied petroleum gas (LPG)","PARENT_NOT_REPORTED","SG:2019:TransportEmbeddedFuelParent:unclassified_fuel","unclassified_fuel","2019","Metric tons,  thousand","DOMESTIC_FINAL_CONSUMPTION","","","","","","","","[""b02371f39dec320e227fd3223fcf8ad545595b5b53b48d2834bf9a838191076e:75417"", ""b02371f39dec320e227fd3223fcf8ad545595b5b53b48d2834bf9a838191076e:75504""]","[""consumption by manufacturing, construction and non-fuel mining industry"", ""Consumption by households""]","[]","","[""SG:2050:Transport:TransportEmbeddedFuelParent:unclassified_fuel""]","false","PENDING","0","FEC parent versus named mutually exclusive end uses + TransportNEC + OtherNEC; no transport/industry subtotal children, no bunkers"
"SG","TransportEmbeddedFuelParent","Liquified Petroleum Gas (LPG)","SOURCE_TOTAL_NOT_CLOSED","SG:2019:TransportEmbeddedFuelParent:unclassified_fuel","unclassified_fuel","2019","Metric tons,  thousand","DOMESTIC_FINAL_CONSUMPTION","121","64","57","1588730","b02371f39dec320e227fd3223fcf8ad545595b5b53b48d2834bf9a838191076e:75387","/home/jin/research/SGP_ESE5004_Stage2/pypsa-asean/data/demand/unsd/data/UNdata_Export_20250502_110656973.txt","b02371f39dec320e227fd3223fcf8ad545595b5b53b48d2834bf9a838191076e","[""b02371f39dec320e227fd3223fcf8ad545595b5b53b48d2834bf9a838191076e:75525""]","[""Consumption by commerce and public services""]","[]","","[""SG:2050:Transport:TransportEmbeddedFuelParent:unclassified_fuel""]","false","PENDING","0","FEC parent versus named mutually exclusive end uses + TransportNEC + OtherNEC; no transport/industry subtotal children, no bunkers"
"SG","TransportEmbeddedFuelParent","Motor Gasoline","SOURCE_TOTAL_CLOSED","SG:2019:TransportEmbeddedFuelParent:unclassified_fuel","unclassified_fuel","2019","Metric tons,  thousand","DOMESTIC_FINAL_CONSUMPTION","733","733","0","9015900","fe8fc603bb47c3ced818a86a96a4ad4e97b3b8ceb0d6b28a66d123d5e2c4d5ba:61315","/home/jin/research/SGP_ESE5004_Stage2/pypsa-asean/data/demand/unsd/data/UNdata_Export_20250502_110709784.txt","fe8fc603bb47c3ced818a86a96a4ad4e97b3b8ceb0d6b28a66d123d5e2c4d5ba","[""fe8fc603bb47c3ced818a86a96a4ad4e97b3b8ceb0d6b28a66d123d5e2c4d5ba:61381""]","[""Consumption in road""]","[]","","[""SG:2050:Transport:TransportEmbeddedFuelParent:unclassified_fuel""]","false","PENDING","0","FEC parent versus named mutually exclusive end uses + TransportNEC + OtherNEC; no transport/industry subtotal children, no bunkers"
"SG","TransportEmbeddedFuelParent","Natural Gas (including LNG)","SOURCE_TOTAL_NOT_CLOSED","SG:2019:TransportEmbeddedFuelParent:unclassified_fuel","unclassified_fuel","2019","Terajoules","DOMESTIC_FINAL_CONSUMPTION","62064","3674.3","58389.7","15516000","fa8613ee3560bfc2f73f60f4c0995c995b0bec8fd75a59190fe4ad6c63a9e988:76755","/home/jin/research/SGP_ESE5004_Stage2/pypsa-asean/data/demand/unsd/data/UNdata_Export_20250502_110721508.txt","fa8613ee3560bfc2f73f60f4c0995c995b0bec8fd75a59190fe4ad6c63a9e988","[""fa8613ee3560bfc2f73f60f4c0995c995b0bec8fd75a59190fe4ad6c63a9e988:76908""]","[""consumption by commerce and public services""]","[]","","[""SG:2050:Transport:TransportEmbeddedFuelParent:unclassified_fuel""]","false","PENDING","0","FEC parent versus named mutually exclusive end uses + TransportNEC + OtherNEC; no transport/industry subtotal children, no bunkers"
"SG","TransportEmbeddedFuelParent","Natural gas (including LNG)","PARENT_NOT_REPORTED","SG:2019:TransportEmbeddedFuelParent:unclassified_fuel","unclassified_fuel","2019","Terajoules","DOMESTIC_FINAL_CONSUMPTION","","","","","","","","[""fa8613ee3560bfc2f73f60f4c0995c995b0bec8fd75a59190fe4ad6c63a9e988:76772"", ""fa8613ee3560bfc2f73f60f4c0995c995b0bec8fd75a59190fe4ad6c63a9e988:76840"", ""fa8613ee3560bfc2f73f60f4c0995c995b0bec8fd75a59190fe4ad6c63a9e988:76874"", ""fa8613ee3560bfc2f73f60f4c0995c995b0bec8fd75a59190fe4ad6c63a9e988:76891""]","[""consumption by manufacturing, construction and non-fuel industry"", ""consumption not elsewhere specified (transport)"", ""consumption by households"", ""consumption not elsewhere specified (other)""]","[""fa8613ee3560bfc2f73f60f4c0995c995b0bec8fd75a59190fe4ad6c63a9e988:76840"", ""fa8613ee3560bfc2f73f60f4c0995c995b0bec8fd75a59190fe4ad6c63a9e988:76891""]","263.5","[""SG:2050:Transport:TransportEmbeddedFuelParent:unclassified_fuel""]","false","PENDING","0","FEC parent versus named mutually exclusive end uses + TransportNEC + OtherNEC; no transport/industry subtotal children, no bunkers"
"SG","TransportEmbeddedFuelParent","Other bituminous coal","SOURCE_TOTAL_CLOSED","SG:2019:TransportEmbeddedFuelParent:unclassified_fuel","unclassified_fuel","2019","Metric tons,  thousand","DOMESTIC_FINAL_CONSUMPTION","293.562791","293.562791","0.000000","1631034.866796","e125dbd0b29b2f8e9a27b32fb272f8b78bbc88a048f888af43237fb15a05fe68:28834","/home/jin/research/SGP_ESE5004_Stage2/pypsa-asean/data/demand/unsd/data/UNdata_Export_20250502_110749530.txt","e125dbd0b29b2f8e9a27b32fb272f8b78bbc88a048f888af43237fb15a05fe68","[""e125dbd0b29b2f8e9a27b32fb272f8b78bbc88a048f888af43237fb15a05fe68:28848""]","[""consumption by manufacturing, construction and non-fuel industry""]","[]","","[""SG:2050:Transport:TransportEmbeddedFuelParent:unclassified_fuel""]","false","PENDING","0","FEC parent versus named mutually exclusive end uses + TransportNEC + OtherNEC; no transport/industry subtotal children, no bunkers"
"SG","TransportEmbeddedFuelParent","Petroleum Coke","SOURCE_TOTAL_NOT_CLOSED","SG:2019:TransportEmbeddedFuelParent:unclassified_fuel","unclassified_fuel","2019","Metric tons,  thousand","DOMESTIC_FINAL_CONSUMPTION","181.994","0","181.994","1643041.832","b635acfa2728521abb05c3175cba6e1834327b8a909d346e14a399df673f946d:20534","/home/jin/research/SGP_ESE5004_Stage2/pypsa-asean/data/demand/unsd/data/UNdata_Export_20250502_110803822.txt","b635acfa2728521abb05c3175cba6e1834327b8a909d346e14a399df673f946d","[]","[]","[]","","[""SG:2050:Transport:TransportEmbeddedFuelParent:unclassified_fuel""]","false","PENDING","0","FEC parent versus named mutually exclusive end uses + TransportNEC + OtherNEC; no transport/industry subtotal children, no bunkers"
"SG","TransportEmbeddedFuelParent","Petroleum coke","PARENT_NOT_REPORTED","SG:2019:TransportEmbeddedFuelParent:unclassified_fuel","unclassified_fuel","2019","Metric tons,  thousand","DOMESTIC_FINAL_CONSUMPTION","","","","","","","","[""b635acfa2728521abb05c3175cba6e1834327b8a909d346e14a399df673f946d:20548""]","[""Consumption by manufacturing, construction and non-fuel mining industry""]","[]","","[""SG:2050:Transport:TransportEmbeddedFuelParent:unclassified_fuel""]","false","PENDING","0","FEC parent versus named mutually exclusive end uses + TransportNEC + OtherNEC; no transport/industry subtotal children, no bunkers"
"SG","TransportEmbeddedFuelParent","Refinery Gas","SOURCE_TOTAL_NOT_CLOSED","SG:2019:TransportEmbeddedFuelParent:unclassified_fuel","unclassified_fuel","2019","Metric tons,  thousand","DOMESTIC_FINAL_CONSUMPTION","2423.633","0","2423.633","33324953.75","98b98fccf6df4eae08a68fe143c48d13a8dd743ef689f46af494a66411304ece:17122","/home/jin/research/SGP_ESE5004_Stage2/pypsa-asean/data/demand/unsd/data/UNdata_Export_20250502_110807801.txt","98b98fccf6df4eae08a68fe143c48d13a8dd743ef689f46af494a66411304ece","[]","[]","[]","","[""SG:2050:Transport:TransportEmbeddedFuelParent:unclassified_fuel""]","false","PENDING","0","FEC parent versus named mutually exclusive end uses + TransportNEC + OtherNEC; no transport/industry subtotal children, no bunkers"
"SG","TransportEmbeddedFuelParent","Refinery gas","PARENT_NOT_REPORTED","SG:2019:TransportEmbeddedFuelParent:unclassified_fuel","unclassified_fuel","2019","Metric tons,  thousand","DOMESTIC_FINAL_CONSUMPTION","","","","","","","","[""98b98fccf6df4eae08a68fe143c48d13a8dd743ef689f46af494a66411304ece:17138""]","[""consumption by manufacturing, construction and non-fuel mining industry""]","[]","","[""SG:2050:Transport:TransportEmbeddedFuelParent:unclassified_fuel""]","false","PENDING","0","FEC parent versus named mutually exclusive end uses + TransportNEC + OtherNEC; no transport/industry subtotal children, no bunkers"
"TL","ResidentialFuel","Aviation gasoline","SOURCE_TOTAL_CLOSED","TL:2019:ResidentialFuel:oil","oil","2019","Metric tons,  thousand","DOMESTIC_FINAL_CONSUMPTION","0.0145985401459854","0.0145985401459854","0E-16","179.5620437956204","d58d6b4f18fcb2cd5c2b6a9f680592924b9cf78066659d7ed2cf757d233cfec9:22462","/home/jin/research/SGP_ESE5004_Stage2/pypsa-asean/data/demand/unsd/data/UNdata_Export_20250502_110251099.txt","d58d6b4f18fcb2cd5c2b6a9f680592924b9cf78066659d7ed2cf757d233cfec9","[""d58d6b4f18fcb2cd5c2b6a9f680592924b9cf78066659d7ed2cf757d233cfec9:22474""]","[""Consumption in domestic aviation""]","[]","","[""TL:2050:Buildings:ResidentialFuel:oil""]","false","PENDING","0","FEC parent versus named mutually exclusive end uses + TransportNEC + OtherNEC; no transport/industry subtotal children, no bunkers"
"TL","ResidentialFuel","Gas Oil/ Diesel Oil","SOURCE_TOTAL_CLOSED","TL:2019:ResidentialFuel:oil","oil","2019","Metric tons,  thousand","DOMESTIC_FINAL_CONSUMPTION","62.98","62.98","0.00","751981.2","1c2952a5f87bfcdb0eef1af6b6c774e741a99e5b72c5ced91a585d6efe9be50a:93217","/home/jin/research/SGP_ESE5004_Stage2/pypsa-asean/data/demand/unsd/data/UNdata_Export_20250502_110559984.txt","1c2952a5f87bfcdb0eef1af6b6c774e741a99e5b72c5ced91a585d6efe9be50a","[""1c2952a5f87bfcdb0eef1af6b6c774e741a99e5b72c5ced91a585d6efe9be50a:93257""]","[""Consumption not elsewhere specified (transport)""]","[""1c2952a5f87bfcdb0eef1af6b6c774e741a99e5b72c5ced91a585d6efe9be50a:93257""]","62.98","[""TL:2050:Buildings:ResidentialFuel:oil""]","false","PENDING","0","FEC parent versus named mutually exclusive end uses + TransportNEC + OtherNEC; no transport/industry subtotal children, no bunkers"
"TL","ResidentialFuel","Liquified Petroleum Gas (LPG)","SOURCE_TOTAL_NOT_CLOSED","TL:2019:ResidentialFuel:oil","oil","2019","Metric tons,  thousand","DOMESTIC_FINAL_CONSUMPTION","0.92","0","0.92","12079.6","b02371f39dec320e227fd3223fcf8ad545595b5b53b48d2834bf9a838191076e:84322","/home/jin/research/SGP_ESE5004_Stage2/pypsa-asean/data/demand/unsd/data/UNdata_Export_20250502_110656973.txt","b02371f39dec320e227fd3223fcf8ad545595b5b53b48d2834bf9a838191076e","[]","[]","[]","","[""TL:2050:Buildings:ResidentialFuel:oil""]","false","PENDING","0","FEC parent versus named mutually exclusive end uses + TransportNEC + OtherNEC; no transport/industry subtotal children, no bunkers"
"TL","ResidentialFuel","Motor Gasoline","SOURCE_TOTAL_CLOSED","TL:2019:ResidentialFuel:oil","oil","2019","Metric tons,  thousand","DOMESTIC_FINAL_CONSUMPTION","34.53","34.53","0.00","424719","fe8fc603bb47c3ced818a86a96a4ad4e97b3b8ceb0d6b28a66d123d5e2c4d5ba:69102","/home/jin/research/SGP_ESE5004_Stage2/pypsa-asean/data/demand/unsd/data/UNdata_Export_20250502_110709784.txt","fe8fc603bb47c3ced818a86a96a4ad4e97b3b8ceb0d6b28a66d123d5e2c4d5ba","[""fe8fc603bb47c3ced818a86a96a4ad4e97b3b8ceb0d6b28a66d123d5e2c4d5ba:69146""]","[""Consumption in road""]","[]","","[""TL:2050:Buildings:ResidentialFuel:oil""]","false","PENDING","0","FEC parent versus named mutually exclusive end uses + TransportNEC + OtherNEC; no transport/industry subtotal children, no bunkers"
"TL","ServicesFuel","Aviation gasoline","SOURCE_TOTAL_CLOSED","TL:2019:ServicesFuel:oil","oil","2019","Metric tons,  thousand","DOMESTIC_FINAL_CONSUMPTION","0.0145985401459854","0.0145985401459854","0E-16","179.5620437956204","d58d6b4f18fcb2cd5c2b6a9f680592924b9cf78066659d7ed2cf757d233cfec9:22462","/home/jin/research/SGP_ESE5004_Stage2/pypsa-asean/data/demand/unsd/data/UNdata_Export_20250502_110251099.txt","d58d6b4f18fcb2cd5c2b6a9f680592924b9cf78066659d7ed2cf757d233cfec9","[""d58d6b4f18fcb2cd5c2b6a9f680592924b9cf78066659d7ed2cf757d233cfec9:22474""]","[""Consumption in domestic aviation""]","[]","","[""TL:2050:Buildings:ServicesFuel:oil""]","false","PENDING","0","FEC parent versus named mutually exclusive end uses + TransportNEC + OtherNEC; no transport/industry subtotal children, no bunkers"
"TL","ServicesFuel","Gas Oil/ Diesel Oil","SOURCE_TOTAL_CLOSED","TL:2019:ServicesFuel:oil","oil","2019","Metric tons,  thousand","DOMESTIC_FINAL_CONSUMPTION","62.98","62.98","0.00","751981.2","1c2952a5f87bfcdb0eef1af6b6c774e741a99e5b72c5ced91a585d6efe9be50a:93217","/home/jin/research/SGP_ESE5004_Stage2/pypsa-asean/data/demand/unsd/data/UNdata_Export_20250502_110559984.txt","1c2952a5f87bfcdb0eef1af6b6c774e741a99e5b72c5ced91a585d6efe9be50a","[""1c2952a5f87bfcdb0eef1af6b6c774e741a99e5b72c5ced91a585d6efe9be50a:93257""]","[""Consumption not elsewhere specified (transport)""]","[""1c2952a5f87bfcdb0eef1af6b6c774e741a99e5b72c5ced91a585d6efe9be50a:93257""]","62.98","[""TL:2050:Buildings:ServicesFuel:oil""]","false","PENDING","0","FEC parent versus named mutually exclusive end uses + TransportNEC + OtherNEC; no transport/industry subtotal children, no bunkers"
"TL","ServicesFuel","Liquified Petroleum Gas (LPG)","SOURCE_TOTAL_NOT_CLOSED","TL:2019:ServicesFuel:oil","oil","2019","Metric tons,  thousand","DOMESTIC_FINAL_CONSUMPTION","0.92","0","0.92","12079.6","b02371f39dec320e227fd3223fcf8ad545595b5b53b48d2834bf9a838191076e:84322","/home/jin/research/SGP_ESE5004_Stage2/pypsa-asean/data/demand/unsd/data/UNdata_Export_20250502_110656973.txt","b02371f39dec320e227fd3223fcf8ad545595b5b53b48d2834bf9a838191076e","[]","[]","[]","","[""TL:2050:Buildings:ServicesFuel:oil""]","false","PENDING","0","FEC parent versus named mutually exclusive end uses + TransportNEC + OtherNEC; no transport/industry subtotal children, no bunkers"
"TL","ServicesFuel","Motor Gasoline","SOURCE_TOTAL_CLOSED","TL:2019:ServicesFuel:oil","oil","2019","Metric tons,  thousand","DOMESTIC_FINAL_CONSUMPTION","34.53","34.53","0.00","424719","fe8fc603bb47c3ced818a86a96a4ad4e97b3b8ceb0d6b28a66d123d5e2c4d5ba:69102","/home/jin/research/SGP_ESE5004_Stage2/pypsa-asean/data/demand/unsd/data/UNdata_Export_20250502_110709784.txt","fe8fc603bb47c3ced818a86a96a4ad4e97b3b8ceb0d6b28a66d123d5e2c4d5ba","[""fe8fc603bb47c3ced818a86a96a4ad4e97b3b8ceb0d6b28a66d123d5e2c4d5ba:69146""]","[""Consumption in road""]","[]","","[""TL:2050:Buildings:ServicesFuel:oil""]","false","PENDING","0","FEC parent versus named mutually exclusive end uses + TransportNEC + OtherNEC; no transport/industry subtotal children, no bunkers"
"TL","AgricultureFinalEnergy","Aviation gasoline","SOURCE_TOTAL_CLOSED","TL:2019:AgricultureFinalEnergy:oil","oil","2019","Metric tons,  thousand","DOMESTIC_FINAL_CONSUMPTION","0.0145985401459854","0.0145985401459854","0E-16","179.5620437956204","d58d6b4f18fcb2cd5c2b6a9f680592924b9cf78066659d7ed2cf757d233cfec9:22462","/home/jin/research/SGP_ESE5004_Stage2/pypsa-asean/data/demand/unsd/data/UNdata_Export_20250502_110251099.txt","d58d6b4f18fcb2cd5c2b6a9f680592924b9cf78066659d7ed2cf757d233cfec9","[""d58d6b4f18fcb2cd5c2b6a9f680592924b9cf78066659d7ed2cf757d233cfec9:22474""]","[""Consumption in domestic aviation""]","[]","","[""TL:2050:Agriculture:AgricultureFinalEnergy:oil""]","false","PENDING","0","FEC parent versus named mutually exclusive end uses + TransportNEC + OtherNEC; no transport/industry subtotal children, no bunkers"
"TL","AgricultureFinalEnergy","Gas Oil/ Diesel Oil","SOURCE_TOTAL_CLOSED","TL:2019:AgricultureFinalEnergy:oil","oil","2019","Metric tons,  thousand","DOMESTIC_FINAL_CONSUMPTION","62.98","62.98","0.00","751981.2","1c2952a5f87bfcdb0eef1af6b6c774e741a99e5b72c5ced91a585d6efe9be50a:93217","/home/jin/research/SGP_ESE5004_Stage2/pypsa-asean/data/demand/unsd/data/UNdata_Export_20250502_110559984.txt","1c2952a5f87bfcdb0eef1af6b6c774e741a99e5b72c5ced91a585d6efe9be50a","[""1c2952a5f87bfcdb0eef1af6b6c774e741a99e5b72c5ced91a585d6efe9be50a:93257""]","[""Consumption not elsewhere specified (transport)""]","[""1c2952a5f87bfcdb0eef1af6b6c774e741a99e5b72c5ced91a585d6efe9be50a:93257""]","62.98","[""TL:2050:Agriculture:AgricultureFinalEnergy:oil""]","false","PENDING","0","FEC parent versus named mutually exclusive end uses + TransportNEC + OtherNEC; no transport/industry subtotal children, no bunkers"
"TL","AgricultureFinalEnergy","Liquified Petroleum Gas (LPG)","SOURCE_TOTAL_NOT_CLOSED","TL:2019:AgricultureFinalEnergy:oil","oil","2019","Metric tons,  thousand","DOMESTIC_FINAL_CONSUMPTION","0.92","0","0.92","12079.6","b02371f39dec320e227fd3223fcf8ad545595b5b53b48d2834bf9a838191076e:84322","/home/jin/research/SGP_ESE5004_Stage2/pypsa-asean/data/demand/unsd/data/UNdata_Export_20250502_110656973.txt","b02371f39dec320e227fd3223fcf8ad545595b5b53b48d2834bf9a838191076e","[]","[]","[]","","[""TL:2050:Agriculture:AgricultureFinalEnergy:oil""]","false","PENDING","0","FEC parent versus named mutually exclusive end uses + TransportNEC + OtherNEC; no transport/industry subtotal children, no bunkers"
"TL","AgricultureFinalEnergy","Motor Gasoline","SOURCE_TOTAL_CLOSED","TL:2019:AgricultureFinalEnergy:oil","oil","2019","Metric tons,  thousand","DOMESTIC_FINAL_CONSUMPTION","34.53","34.53","0.00","424719","fe8fc603bb47c3ced818a86a96a4ad4e97b3b8ceb0d6b28a66d123d5e2c4d5ba:69102","/home/jin/research/SGP_ESE5004_Stage2/pypsa-asean/data/demand/unsd/data/UNdata_Export_20250502_110709784.txt","fe8fc603bb47c3ced818a86a96a4ad4e97b3b8ceb0d6b28a66d123d5e2c4d5ba","[""fe8fc603bb47c3ced818a86a96a4ad4e97b3b8ceb0d6b28a66d123d5e2c4d5ba:69146""]","[""Consumption in road""]","[]","","[""TL:2050:Agriculture:AgricultureFinalEnergy:oil""]","false","PENDING","0","FEC parent versus named mutually exclusive end uses + TransportNEC + OtherNEC; no transport/industry subtotal children, no bunkers"
"TL","TransportEmbeddedFuelParent","Aviation gasoline","SOURCE_TOTAL_CLOSED","TL:2019:TransportEmbeddedFuelParent:unclassified_fuel","unclassified_fuel","2019","Metric tons,  thousand","DOMESTIC_FINAL_CONSUMPTION","0.0145985401459854","0.0145985401459854","0E-16","179.5620437956204","d58d6b4f18fcb2cd5c2b6a9f680592924b9cf78066659d7ed2cf757d233cfec9:22462","/home/jin/research/SGP_ESE5004_Stage2/pypsa-asean/data/demand/unsd/data/UNdata_Export_20250502_110251099.txt","d58d6b4f18fcb2cd5c2b6a9f680592924b9cf78066659d7ed2cf757d233cfec9","[""d58d6b4f18fcb2cd5c2b6a9f680592924b9cf78066659d7ed2cf757d233cfec9:22474""]","[""Consumption in domestic aviation""]","[]","","[""TL:2050:Transport:TransportEmbeddedFuelParent:unclassified_fuel""]","false","PENDING","0","FEC parent versus named mutually exclusive end uses + TransportNEC + OtherNEC; no transport/industry subtotal children, no bunkers"
"TL","TransportEmbeddedFuelParent","Fuelwood","SOURCE_TOTAL_CLOSED","TL:2019:TransportEmbeddedFuelParent:unclassified_fuel","unclassified_fuel","2019","Cubic metres, thousand","DOMESTIC_FINAL_CONSUMPTION","81.234","81.234","0.000","206334.36","26a364db4d763d9d5a69eff04aa717af5db5d2736c5c1f4e47223a12eae7db66:71812","/home/jin/research/SGP_ESE5004_Stage2/pypsa-asean/data/demand/unsd/data/UNdata_Export_20250502_110532316.txt","26a364db4d763d9d5a69eff04aa717af5db5d2736c5c1f4e47223a12eae7db66","[""26a364db4d763d9d5a69eff04aa717af5db5d2736c5c1f4e47223a12eae7db66:71856""]","[""Consumption by households""]","[]","","[""TL:2050:Transport:TransportEmbeddedFuelParent:unclassified_fuel""]","false","PENDING","0","FEC parent versus named mutually exclusive end uses + TransportNEC + OtherNEC; no transport/industry subtotal children, no bunkers"
"TL","TransportEmbeddedFuelParent","Gas Oil/ Diesel Oil","SOURCE_TOTAL_CLOSED","TL:2019:TransportEmbeddedFuelParent:unclassified_fuel","unclassified_fuel","2019","Metric tons,  thousand","DOMESTIC_FINAL_CONSUMPTION","62.98","62.98","0.00","751981.2","1c2952a5f87bfcdb0eef1af6b6c774e741a99e5b72c5ced91a585d6efe9be50a:93217","/home/jin/research/SGP_ESE5004_Stage2/pypsa-asean/data/demand/unsd/data/UNdata_Export_20250502_110559984.txt","1c2952a5f87bfcdb0eef1af6b6c774e741a99e5b72c5ced91a585d6efe9be50a","[""1c2952a5f87bfcdb0eef1af6b6c774e741a99e5b72c5ced91a585d6efe9be50a:93257""]","[""Consumption not elsewhere specified (transport)""]","[""1c2952a5f87bfcdb0eef1af6b6c774e741a99e5b72c5ced91a585d6efe9be50a:93257""]","62.98","[""TL:2050:Transport:TransportEmbeddedFuelParent:unclassified_fuel""]","false","PENDING","0","FEC parent versus named mutually exclusive end uses + TransportNEC + OtherNEC; no transport/industry subtotal children, no bunkers"
"TL","TransportEmbeddedFuelParent","Liquified Petroleum Gas (LPG)","SOURCE_TOTAL_NOT_CLOSED","TL:2019:TransportEmbeddedFuelParent:unclassified_fuel","unclassified_fuel","2019","Metric tons,  thousand","DOMESTIC_FINAL_CONSUMPTION","0.92","0","0.92","12079.6","b02371f39dec320e227fd3223fcf8ad545595b5b53b48d2834bf9a838191076e:84322","/home/jin/research/SGP_ESE5004_Stage2/pypsa-asean/data/demand/unsd/data/UNdata_Export_20250502_110656973.txt","b02371f39dec320e227fd3223fcf8ad545595b5b53b48d2834bf9a838191076e","[]","[]","[]","","[""TL:2050:Transport:TransportEmbeddedFuelParent:unclassified_fuel""]","false","PENDING","0","FEC parent versus named mutually exclusive end uses + TransportNEC + OtherNEC; no transport/industry subtotal children, no bunkers"
"TL","TransportEmbeddedFuelParent","Motor Gasoline","SOURCE_TOTAL_CLOSED","TL:2019:TransportEmbeddedFuelParent:unclassified_fuel","unclassified_fuel","2019","Metric tons,  thousand","DOMESTIC_FINAL_CONSUMPTION","34.53","34.53","0.00","424719","fe8fc603bb47c3ced818a86a96a4ad4e97b3b8ceb0d6b28a66d123d5e2c4d5ba:69102","/home/jin/research/SGP_ESE5004_Stage2/pypsa-asean/data/demand/unsd/data/UNdata_Export_20250502_110709784.txt","fe8fc603bb47c3ced818a86a96a4ad4e97b3b8ceb0d6b28a66d123d5e2c4d5ba","[""fe8fc603bb47c3ced818a86a96a4ad4e97b3b8ceb0d6b28a66d123d5e2c4d5ba:69146""]","[""Consumption in road""]","[]","","[""TL:2050:Transport:TransportEmbeddedFuelParent:unclassified_fuel""]","false","PENDING","0","FEC parent versus named mutually exclusive end uses + TransportNEC + OtherNEC; no transport/industry subtotal children, no bunkers"
"TL","DomesticShippingFuel","Aviation gasoline","SOURCE_TOTAL_CLOSED","TL:2019:DomesticShippingFuel:oil","oil","2019","Metric tons,  thousand","DOMESTIC_FINAL_CONSUMPTION","0.0145985401459854","0.0145985401459854","0E-16","179.5620437956204","d58d6b4f18fcb2cd5c2b6a9f680592924b9cf78066659d7ed2cf757d233cfec9:22462","/home/jin/research/SGP_ESE5004_Stage2/pypsa-asean/data/demand/unsd/data/UNdata_Export_20250502_110251099.txt","d58d6b4f18fcb2cd5c2b6a9f680592924b9cf78066659d7ed2cf757d233cfec9","[""d58d6b4f18fcb2cd5c2b6a9f680592924b9cf78066659d7ed2cf757d233cfec9:22474""]","[""Consumption in domestic aviation""]","[]","","[""TL:2050:Transport:DomesticShippingFuel:oil""]","false","PENDING","0","FEC parent versus named mutually exclusive end uses + TransportNEC + OtherNEC; no transport/industry subtotal children, no bunkers"
"TL","DomesticShippingFuel","Gas Oil/ Diesel Oil","SOURCE_TOTAL_CLOSED","TL:2019:DomesticShippingFuel:oil","oil","2019","Metric tons,  thousand","DOMESTIC_FINAL_CONSUMPTION","62.98","62.98","0.00","751981.2","1c2952a5f87bfcdb0eef1af6b6c774e741a99e5b72c5ced91a585d6efe9be50a:93217","/home/jin/research/SGP_ESE5004_Stage2/pypsa-asean/data/demand/unsd/data/UNdata_Export_20250502_110559984.txt","1c2952a5f87bfcdb0eef1af6b6c774e741a99e5b72c5ced91a585d6efe9be50a","[""1c2952a5f87bfcdb0eef1af6b6c774e741a99e5b72c5ced91a585d6efe9be50a:93257""]","[""Consumption not elsewhere specified (transport)""]","[""1c2952a5f87bfcdb0eef1af6b6c774e741a99e5b72c5ced91a585d6efe9be50a:93257""]","62.98","[""TL:2050:Transport:DomesticShippingFuel:oil""]","false","PENDING","0","FEC parent versus named mutually exclusive end uses + TransportNEC + OtherNEC; no transport/industry subtotal children, no bunkers"
"TL","DomesticShippingFuel","Liquified Petroleum Gas (LPG)","SOURCE_TOTAL_NOT_CLOSED","TL:2019:DomesticShippingFuel:oil","oil","2019","Metric tons,  thousand","DOMESTIC_FINAL_CONSUMPTION","0.92","0","0.92","12079.6","b02371f39dec320e227fd3223fcf8ad545595b5b53b48d2834bf9a838191076e:84322","/home/jin/research/SGP_ESE5004_Stage2/pypsa-asean/data/demand/unsd/data/UNdata_Export_20250502_110656973.txt","b02371f39dec320e227fd3223fcf8ad545595b5b53b48d2834bf9a838191076e","[]","[]","[]","","[""TL:2050:Transport:DomesticShippingFuel:oil""]","false","PENDING","0","FEC parent versus named mutually exclusive end uses + TransportNEC + OtherNEC; no transport/industry subtotal children, no bunkers"
"TL","DomesticShippingFuel","Motor Gasoline","SOURCE_TOTAL_CLOSED","TL:2019:DomesticShippingFuel:oil","oil","2019","Metric tons,  thousand","DOMESTIC_FINAL_CONSUMPTION","34.53","34.53","0.00","424719","fe8fc603bb47c3ced818a86a96a4ad4e97b3b8ceb0d6b28a66d123d5e2c4d5ba:69102","/home/jin/research/SGP_ESE5004_Stage2/pypsa-asean/data/demand/unsd/data/UNdata_Export_20250502_110709784.txt","fe8fc603bb47c3ced818a86a96a4ad4e97b3b8ceb0d6b28a66d123d5e2c4d5ba","[""fe8fc603bb47c3ced818a86a96a4ad4e97b3b8ceb0d6b28a66d123d5e2c4d5ba:69146""]","[""Consumption in road""]","[]","","[""TL:2050:Transport:DomesticShippingFuel:oil""]","false","PENDING","0","FEC parent versus named mutually exclusive end uses + TransportNEC + OtherNEC; no transport/industry subtotal children, no bunkers"
"TL","InternationalShippingBunker","Aviation gasoline","SOURCE_TOTAL_CLOSED","TL:2019:InternationalShippingBunker:oil","oil","2019","Metric tons,  thousand","INTERNATIONAL_BUNKER_OUTSIDE_DOMESTIC_FEC","0.0145985401459854","0.0145985401459854","0E-16","179.5620437956204","d58d6b4f18fcb2cd5c2b6a9f680592924b9cf78066659d7ed2cf757d233cfec9:22462","/home/jin/research/SGP_ESE5004_Stage2/pypsa-asean/data/demand/unsd/data/UNdata_Export_20250502_110251099.txt","d58d6b4f18fcb2cd5c2b6a9f680592924b9cf78066659d7ed2cf757d233cfec9","[""d58d6b4f18fcb2cd5c2b6a9f680592924b9cf78066659d7ed2cf757d233cfec9:22474""]","[""Consumption in domestic aviation""]","[]","","[""TL:2050:Bunker:InternationalShippingBunker:oil""]","false","PENDING","0","FEC parent versus named mutually exclusive end uses + TransportNEC + OtherNEC; no transport/industry subtotal children, no bunkers"
"TL","InternationalShippingBunker","Gas Oil/ Diesel Oil","SOURCE_TOTAL_CLOSED","TL:2019:InternationalShippingBunker:oil","oil","2019","Metric tons,  thousand","INTERNATIONAL_BUNKER_OUTSIDE_DOMESTIC_FEC","62.98","62.98","0.00","751981.2","1c2952a5f87bfcdb0eef1af6b6c774e741a99e5b72c5ced91a585d6efe9be50a:93217","/home/jin/research/SGP_ESE5004_Stage2/pypsa-asean/data/demand/unsd/data/UNdata_Export_20250502_110559984.txt","1c2952a5f87bfcdb0eef1af6b6c774e741a99e5b72c5ced91a585d6efe9be50a","[""1c2952a5f87bfcdb0eef1af6b6c774e741a99e5b72c5ced91a585d6efe9be50a:93257""]","[""Consumption not elsewhere specified (transport)""]","[""1c2952a5f87bfcdb0eef1af6b6c774e741a99e5b72c5ced91a585d6efe9be50a:93257""]","62.98","[""TL:2050:Bunker:InternationalShippingBunker:oil""]","false","PENDING","0","FEC parent versus named mutually exclusive end uses + TransportNEC + OtherNEC; no transport/industry subtotal children, no bunkers"
"TL","InternationalShippingBunker","Liquified Petroleum Gas (LPG)","SOURCE_TOTAL_NOT_CLOSED","TL:2019:InternationalShippingBunker:oil","oil","2019","Metric tons,  thousand","INTERNATIONAL_BUNKER_OUTSIDE_DOMESTIC_FEC","0.92","0","0.92","12079.6","b02371f39dec320e227fd3223fcf8ad545595b5b53b48d2834bf9a838191076e:84322","/home/jin/research/SGP_ESE5004_Stage2/pypsa-asean/data/demand/unsd/data/UNdata_Export_20250502_110656973.txt","b02371f39dec320e227fd3223fcf8ad545595b5b53b48d2834bf9a838191076e","[]","[]","[]","","[""TL:2050:Bunker:InternationalShippingBunker:oil""]","false","PENDING","0","FEC parent versus named mutually exclusive end uses + TransportNEC + OtherNEC; no transport/industry subtotal children, no bunkers"
"TL","InternationalShippingBunker","Motor Gasoline","SOURCE_TOTAL_CLOSED","TL:2019:InternationalShippingBunker:oil","oil","2019","Metric tons,  thousand","INTERNATIONAL_BUNKER_OUTSIDE_DOMESTIC_FEC","34.53","34.53","0.00","424719","fe8fc603bb47c3ced818a86a96a4ad4e97b3b8ceb0d6b28a66d123d5e2c4d5ba:69102","/home/jin/research/SGP_ESE5004_Stage2/pypsa-asean/data/demand/unsd/data/UNdata_Export_20250502_110709784.txt","fe8fc603bb47c3ced818a86a96a4ad4e97b3b8ceb0d6b28a66d123d5e2c4d5ba","[""fe8fc603bb47c3ced818a86a96a4ad4e97b3b8ceb0d6b28a66d123d5e2c4d5ba:69146""]","[""Consumption in road""]","[]","","[""TL:2050:Bunker:InternationalShippingBunker:oil""]","false","PENDING","0","FEC parent versus named mutually exclusive end uses + TransportNEC + OtherNEC; no transport/industry subtotal children, no bunkers"
"VN","TransportEmbeddedFuelParent","Bagasse","SOURCE_TOTAL_CLOSED","VN:2019:TransportEmbeddedFuelParent:unclassified_fuel","unclassified_fuel","2019","Metric tons,  thousand","DOMESTIC_FINAL_CONSUMPTION","4814.594994","4814.594994","0.000000","10322491.667136","9c32689fcf967b5d25086511b32fcfbfb4894f2b860deff953d781f92d749211:19599","/home/jin/research/SGP_ESE5004_Stage2/pypsa-asean/data/demand/unsd/data/UNdata_Export_20250502_110257851.txt","9c32689fcf967b5d25086511b32fcfbfb4894f2b860deff953d781f92d749211","[""9c32689fcf967b5d25086511b32fcfbfb4894f2b860deff953d781f92d749211:19632""]","[""Consumption by manufacturing, construction and non-fuel industry""]","[]","","[""VN:2050:Transport:TransportEmbeddedFuelParent:unclassified_fuel""]","false","PENDING","0","FEC parent versus named mutually exclusive end uses + TransportNEC + OtherNEC; no transport/industry subtotal children, no bunkers"
"VN","TransportEmbeddedFuelParent","Biogasoline","SOURCE_TOTAL_CLOSED","VN:2019:TransportEmbeddedFuelParent:unclassified_fuel","unclassified_fuel","2019","Metric tons,  thousand","DOMESTIC_FINAL_CONSUMPTION","122","122","0","908168","4030e2d946965aae430c9de2da1b51ae2c19b96dc5a585dc8838dc47384e16af:8085","/home/jin/research/SGP_ESE5004_Stage2/pypsa-asean/data/demand/unsd/data/UNdata_Export_20250502_110331798.txt","4030e2d946965aae430c9de2da1b51ae2c19b96dc5a585dc8838dc47384e16af","[""4030e2d946965aae430c9de2da1b51ae2c19b96dc5a585dc8838dc47384e16af:8099""]","[""Consumption by road""]","[]","","[""VN:2050:Transport:TransportEmbeddedFuelParent:unclassified_fuel""]","false","PENDING","0","FEC parent versus named mutually exclusive end uses + TransportNEC + OtherNEC; no transport/industry subtotal children, no bunkers"
"VN","TransportEmbeddedFuelParent","Charcoal","SOURCE_TOTAL_CLOSED","VN:2019:TransportEmbeddedFuelParent:unclassified_fuel","unclassified_fuel","2019","Metric tons,  thousand","DOMESTIC_FINAL_CONSUMPTION","341","341","0","2792790","da54b258ffb4927f30834c01f4e9aff7c267dd70c5ef5760292dd21ef5802345:38416","/home/jin/research/SGP_ESE5004_Stage2/pypsa-asean/data/demand/unsd/data/UNdata_Export_20250502_110403305.txt","da54b258ffb4927f30834c01f4e9aff7c267dd70c5ef5760292dd21ef5802345","[""da54b258ffb4927f30834c01f4e9aff7c267dd70c5ef5760292dd21ef5802345:38482""]","[""Consumption by households""]","[]","","[""VN:2050:Transport:TransportEmbeddedFuelParent:unclassified_fuel""]","false","PENDING","0","FEC parent versus named mutually exclusive end uses + TransportNEC + OtherNEC; no transport/industry subtotal children, no bunkers"
"VN","TransportEmbeddedFuelParent","Coke Oven Coke","SOURCE_TOTAL_NOT_CLOSED","VN:2019:TransportEmbeddedFuelParent:unclassified_fuel","unclassified_fuel","2019","Metric tons,  thousand","DOMESTIC_FINAL_CONSUMPTION","5326","0","5326","41720688.4","f36eaf2556be5fbe75713fe7bee8a5d1f6b718eb4ed7881a9a2e697784bd8898:29310","/home/jin/research/SGP_ESE5004_Stage2/pypsa-asean/data/demand/unsd/data/UNdata_Export_20250502_110412802.txt","f36eaf2556be5fbe75713fe7bee8a5d1f6b718eb4ed7881a9a2e697784bd8898","[]","[]","[]","","[""VN:2050:Transport:TransportEmbeddedFuelParent:unclassified_fuel""]","false","PENDING","0","FEC parent versus named mutually exclusive end uses + TransportNEC + OtherNEC; no transport/industry subtotal children, no bunkers"
"VN","TransportEmbeddedFuelParent","Coke-oven coke","PARENT_NOT_REPORTED","VN:2019:TransportEmbeddedFuelParent:unclassified_fuel","unclassified_fuel","2019","Metric tons,  thousand","DOMESTIC_FINAL_CONSUMPTION","","","","","","","","[""f36eaf2556be5fbe75713fe7bee8a5d1f6b718eb4ed7881a9a2e697784bd8898:29334""]","[""Consumption by manufacturing, construction and non-fuel industry""]","[]","","[""VN:2050:Transport:TransportEmbeddedFuelParent:unclassified_fuel""]","false","PENDING","0","FEC parent versus named mutually exclusive end uses + TransportNEC + OtherNEC; no transport/industry subtotal children, no bunkers"
"VN","TransportEmbeddedFuelParent","Fuel oil","SOURCE_TOTAL_CLOSED","VN:2019:TransportEmbeddedFuelParent:unclassified_fuel","unclassified_fuel","2019","Metric tons,  thousand","DOMESTIC_FINAL_CONSUMPTION","165","165","0","1851300","b5ec374fcb60a4567468b3279fe6fa584ed0506d32f42a80e0760becce6c5cdb:99144","/home/jin/research/SGP_ESE5004_Stage2/pypsa-asean/data/demand/unsd/data/UNdata_Export_20250502_110515832.txt","b5ec374fcb60a4567468b3279fe6fa584ed0506d32f42a80e0760becce6c5cdb","[""b5ec374fcb60a4567468b3279fe6fa584ed0506d32f42a80e0760becce6c5cdb:99175"", ""b5ec374fcb60a4567468b3279fe6fa584ed0506d32f42a80e0760becce6c5cdb:99323"", ""b5ec374fcb60a4567468b3279fe6fa584ed0506d32f42a80e0760becce6c5cdb:99432""]","[""Consumption by manufacturing, construction and non-fuel industry"", ""Consumption by domestic navigation"", ""Consumption by commerce and public services""]","[]","","[""VN:2050:Transport:TransportEmbeddedFuelParent:unclassified_fuel""]","false","PENDING","0","FEC parent versus named mutually exclusive end uses + TransportNEC + OtherNEC; no transport/industry subtotal children, no bunkers"
"VN","TransportEmbeddedFuelParent","Fuelwood","SOURCE_TOTAL_CLOSED","VN:2019:TransportEmbeddedFuelParent:unclassified_fuel","unclassified_fuel","2019","Cubic metres, thousand","DOMESTIC_FINAL_CONSUMPTION","16457.764642","16457.764642","0.000000","41802722.19068","26a364db4d763d9d5a69eff04aa717af5db5d2736c5c1f4e47223a12eae7db66:78098","/home/jin/research/SGP_ESE5004_Stage2/pypsa-asean/data/demand/unsd/data/UNdata_Export_20250502_110532316.txt","26a364db4d763d9d5a69eff04aa717af5db5d2736c5c1f4e47223a12eae7db66","[""26a364db4d763d9d5a69eff04aa717af5db5d2736c5c1f4e47223a12eae7db66:78131"", ""26a364db4d763d9d5a69eff04aa717af5db5d2736c5c1f4e47223a12eae7db66:78291""]","[""Consumption by manufacturing, construction and non-fuel industry"", ""Consumption in agriculture, forestry and fishing""]","[]","","[""VN:2050:Transport:TransportEmbeddedFuelParent:unclassified_fuel""]","false","PENDING","0","FEC parent versus named mutually exclusive end uses + TransportNEC + OtherNEC; no transport/industry subtotal children, no bunkers"
"VN","TransportEmbeddedFuelParent","Hard coal","SOURCE_TOTAL_NOT_CLOSED","VN:2019:TransportEmbeddedFuelParent:unclassified_fuel","unclassified_fuel","2019","Metric tons,  thousand","DOMESTIC_FINAL_CONSUMPTION","29637.0205426357","29637.0205426356535","4.65E-11","212408526.22907007","322eaabc99e9098d5834c09f3d174f6acba91332dd84956e7cd11e7913c6aeb4:59438","/home/jin/research/SGP_ESE5004_Stage2/pypsa-asean/data/demand/unsd/data/UNdata_Export_20250502_110638157.txt","322eaabc99e9098d5834c09f3d174f6acba91332dd84956e7cd11e7913c6aeb4","[""322eaabc99e9098d5834c09f3d174f6acba91332dd84956e7cd11e7913c6aeb4:59471"", ""322eaabc99e9098d5834c09f3d174f6acba91332dd84956e7cd11e7913c6aeb4:59631"", ""322eaabc99e9098d5834c09f3d174f6acba91332dd84956e7cd11e7913c6aeb4:59663"", ""322eaabc99e9098d5834c09f3d174f6acba91332dd84956e7cd11e7913c6aeb4:59696""]","[""consumption by manufacturing, construction and non-fuel mining industry"", ""consumption by households"", ""consumption in agriculture, forestry and fishing"", ""consumption by commerce and public services""]","[]","","[""VN:2050:Transport:TransportEmbeddedFuelParent:unclassified_fuel""]","false","PENDING","0","FEC parent versus named mutually exclusive end uses + TransportNEC + OtherNEC; no transport/industry subtotal children, no bunkers"
"VN","TransportEmbeddedFuelParent","Kerosene-type Jet Fuel","SOURCE_TOTAL_CLOSED","VN:2019:TransportEmbeddedFuelParent:unclassified_fuel","unclassified_fuel","2019","Metric tons,  thousand","DOMESTIC_FINAL_CONSUMPTION","841","841","0","10302250","a45d82a3cffd1fcbca3d6702b88e511d913e833c1f4e9e3fa75dd5c1750eea9a:49260","/home/jin/research/SGP_ESE5004_Stage2/pypsa-asean/data/demand/unsd/data/UNdata_Export_20250502_110648146.txt","a45d82a3cffd1fcbca3d6702b88e511d913e833c1f4e9e3fa75dd5c1750eea9a","[""a45d82a3cffd1fcbca3d6702b88e511d913e833c1f4e9e3fa75dd5c1750eea9a:49326""]","[""Consumption by domestic aviation""]","[]","","[""VN:2050:Transport:TransportEmbeddedFuelParent:unclassified_fuel""]","false","PENDING","0","FEC parent versus named mutually exclusive end uses + TransportNEC + OtherNEC; no transport/industry subtotal children, no bunkers"
"VN","TransportEmbeddedFuelParent","Liquefied petroleum gas (LPG)","PARENT_NOT_REPORTED","VN:2019:TransportEmbeddedFuelParent:unclassified_fuel","unclassified_fuel","2019","Metric tons,  thousand","DOMESTIC_FINAL_CONSUMPTION","","","","","","","","[""b02371f39dec320e227fd3223fcf8ad545595b5b53b48d2834bf9a838191076e:92094"", ""b02371f39dec320e227fd3223fcf8ad545595b5b53b48d2834bf9a838191076e:92314""]","[""consumption by manufacturing, construction and non-fuel mining industry"", ""Consumption by households""]","[]","","[""VN:2050:Transport:TransportEmbeddedFuelParent:unclassified_fuel""]","false","PENDING","0","FEC parent versus named mutually exclusive end uses + TransportNEC + OtherNEC; no transport/industry subtotal children, no bunkers"
"VN","TransportEmbeddedFuelParent","Liquified Petroleum Gas (LPG)","SOURCE_TOTAL_NOT_CLOSED","VN:2019:TransportEmbeddedFuelParent:unclassified_fuel","unclassified_fuel","2019","Metric tons,  thousand","DOMESTIC_FINAL_CONSUMPTION","1304","120","1184","17121520","b02371f39dec320e227fd3223fcf8ad545595b5b53b48d2834bf9a838191076e:92063","/home/jin/research/SGP_ESE5004_Stage2/pypsa-asean/data/demand/unsd/data/UNdata_Export_20250502_110656973.txt","b02371f39dec320e227fd3223fcf8ad545595b5b53b48d2834bf9a838191076e","[""b02371f39dec320e227fd3223fcf8ad545595b5b53b48d2834bf9a838191076e:92360""]","[""Consumption by commerce and public services""]","[]","","[""VN:2050:Transport:TransportEmbeddedFuelParent:unclassified_fuel""]","false","PENDING","0","FEC parent versus named mutually exclusive end uses + TransportNEC + OtherNEC; no transport/industry subtotal children, no bunkers"
"VN","TransportEmbeddedFuelParent","Motor Gasoline","SOURCE_TOTAL_CLOSED","VN:2019:TransportEmbeddedFuelParent:unclassified_fuel","unclassified_fuel","2019","Metric tons,  thousand","DOMESTIC_FINAL_CONSUMPTION","7233","7233","0","88965900","fe8fc603bb47c3ced818a86a96a4ad4e97b3b8ceb0d6b28a66d123d5e2c4d5ba:75963","/home/jin/research/SGP_ESE5004_Stage2/pypsa-asean/data/demand/unsd/data/UNdata_Export_20250502_110709784.txt","fe8fc603bb47c3ced818a86a96a4ad4e97b3b8ceb0d6b28a66d123d5e2c4d5ba","[""fe8fc603bb47c3ced818a86a96a4ad4e97b3b8ceb0d6b28a66d123d5e2c4d5ba:76048"", ""fe8fc603bb47c3ced818a86a96a4ad4e97b3b8ceb0d6b28a66d123d5e2c4d5ba:76119""]","[""Consumption in road"", ""Consumption in agriculture, forestry and fishing""]","[]","","[""VN:2050:Transport:TransportEmbeddedFuelParent:unclassified_fuel""]","false","PENDING","0","FEC parent versus named mutually exclusive end uses + TransportNEC + OtherNEC; no transport/industry subtotal children, no bunkers"
"VN","TransportEmbeddedFuelParent","Natural Gas (including LNG)","SOURCE_TOTAL_NOT_CLOSED","VN:2019:TransportEmbeddedFuelParent:unclassified_fuel","unclassified_fuel","2019","Terajoules","DOMESTIC_FINAL_CONSUMPTION","24396.6","0","24396.6","6099150","fa8613ee3560bfc2f73f60f4c0995c995b0bec8fd75a59190fe4ad6c63a9e988:96893","/home/jin/research/SGP_ESE5004_Stage2/pypsa-asean/data/demand/unsd/data/UNdata_Export_20250502_110721508.txt","fa8613ee3560bfc2f73f60f4c0995c995b0bec8fd75a59190fe4ad6c63a9e988","[]","[]","[]","","[""VN:2050:Transport:TransportEmbeddedFuelParent:unclassified_fuel""]","false","PENDING","0","FEC parent versus named mutually exclusive end uses + TransportNEC + OtherNEC; no transport/industry subtotal children, no bunkers"
"VN","TransportEmbeddedFuelParent","Natural gas (including LNG)","PARENT_NOT_REPORTED","VN:2019:TransportEmbeddedFuelParent:unclassified_fuel","unclassified_fuel","2019","Terajoules","DOMESTIC_FINAL_CONSUMPTION","","","","","","","","[""fa8613ee3560bfc2f73f60f4c0995c995b0bec8fd75a59190fe4ad6c63a9e988:96921"", ""fa8613ee3560bfc2f73f60f4c0995c995b0bec8fd75a59190fe4ad6c63a9e988:97067""]","[""consumption by manufacturing, construction and non-fuel industry"", ""consumption not elsewhere specified (transport)""]","[""fa8613ee3560bfc2f73f60f4c0995c995b0bec8fd75a59190fe4ad6c63a9e988:97067""]","2210.6","[""VN:2050:Transport:TransportEmbeddedFuelParent:unclassified_fuel""]","false","PENDING","0","FEC parent versus named mutually exclusive end uses + TransportNEC + OtherNEC; no transport/industry subtotal children, no bunkers"
