"AssetID","Country","Technology","CapacityMW","CommissioningYear","OperatingByYear","Lifetime","Source","SourceVersion","SourceRow","EvidenceMeaning","Status","RetirementUpperBound"
"GEM:G100001029386","VN","Solar","2.9","","2025","25","Global-Solar-Power-Tracker-February-2025.xlsx","6b0e85e55da7a0db36175a87263140f08c9088fcb4d6c7280b111fb642ffbf25","1-20 MW:50475","Published dated tracker snapshot, original unit status operating; not file download date","RETIREMENT_PROVEN_BY_COMMISSIONING_UPPER_BOUND","2050"
"GEM:G100001029144","TH","Solar","3.4","","2025","25","Global-Solar-Power-Tracker-February-2025.xlsx","6b0e85e55da7a0db36175a87263140f08c9088fcb4d6c7280b111fb642ffbf25","1-20 MW:41702","Published dated tracker snapshot, original unit status operating; not file download date","RETIREMENT_PROVEN_BY_COMMISSIONING_UPPER_BOUND","2050"
"GEM:G100001055400","MY","Solid Biomass","13.5","","","20","Global-Bioenergy-Power-Tracker-GBPT-V3.xlsx","4799a4dae94addf2f5b96e8eb4beb5f2ca7683659fd262020c5f3a1f9ad45590","Data:3507","GBPT-V3 filename does not establish an observation year","UNRESOLVED_COMMISSIONING",""
"GEM:G100001028958","MY","Solar","2.5","","2025","25","Global-Solar-Power-Tracker-February-2025.xlsx","6b0e85e55da7a0db36175a87263140f08c9088fcb4d6c7280b111fb642ffbf25","1-20 MW:35213","Published dated tracker snapshot, original unit status operating; not file download date","RETIREMENT_PROVEN_BY_COMMISSIONING_UPPER_BOUND","2050"
"GEM:G100000801302","PH","Solar","30","","2025","25","Global-Solar-Power-Tracker-February-2025.xlsx","6b0e85e55da7a0db36175a87263140f08c9088fcb4d6c7280b111fb642ffbf25","20 MW+:19058","Published dated tracker snapshot, original unit status operating; not file download date","RETIREMENT_PROVEN_BY_COMMISSIONING_UPPER_BOUND","2050"
"GEM:G100001020723","PH","Solid Biomass","25","","","20","Global-Bioenergy-Power-Tracker-GBPT-V3.xlsx","4799a4dae94addf2f5b96e8eb4beb5f2ca7683659fd262020c5f3a1f9ad45590","Data:2624","GBPT-V3 filename does not establish an observation year","UNRESOLVED_COMMISSIONING",""
"GEM:G100000834700","PH","Solar","10","","2025","25","Global-Solar-Power-Tracker-February-2025.xlsx","6b0e85e55da7a0db36175a87263140f08c9088fcb4d6c7280b111fb642ffbf25","1-20 MW:35995","Published dated tracker snapshot, original unit status operating; not file download date","RETIREMENT_PROVEN_BY_COMMISSIONING_UPPER_BOUND","2050"
"GEM:G100000834683","PH","Solar","5.9","","2025","25","Global-Solar-Power-Tracker-February-2025.xlsx","6b0e85e55da7a0db36175a87263140f08c9088fcb4d6c7280b111fb642ffbf25","1-20 MW:35986","Published dated tracker snapshot, original unit status operating; not file download date","RETIREMENT_PROVEN_BY_COMMISSIONING_UPPER_BOUND","2050"
"GEM:G100000834675","PH","Solar","5","","2025","25","Global-Solar-Power-Tracker-February-2025.xlsx","6b0e85e55da7a0db36175a87263140f08c9088fcb4d6c7280b111fb642ffbf25","1-20 MW:35983","Published dated tracker snapshot, original unit status operating; not file download date","RETIREMENT_PROVEN_BY_COMMISSIONING_UPPER_BOUND","2050"
"GEM:G100000834668","PH","Solar","9.1","","2025","25","Global-Solar-Power-Tracker-February-2025.xlsx","6b0e85e55da7a0db36175a87263140f08c9088fcb4d6c7280b111fb642ffbf25","1-20 MW:35981","Published dated tracker snapshot, original unit status operating; not file download date","RETIREMENT_PROVEN_BY_COMMISSIONING_UPPER_BOUND","2050"
"GEM:G100000834664","PH","Solar","3.7","","2025","25","Global-Solar-Power-Tracker-February-2025.xlsx","6b0e85e55da7a0db36175a87263140f08c9088fcb4d6c7280b111fb642ffbf25","1-20 MW:35976","Published dated tracker snapshot, original unit status operating; not file download date","RETIREMENT_PROVEN_BY_COMMISSIONING_UPPER_BOUND","2050"
"GEM:G100000834665","PH","Solar","2.3","","2025","25","Global-Solar-Power-Tracker-February-2025.xlsx","6b0e85e55da7a0db36175a87263140f08c9088fcb4d6c7280b111fb642ffbf25","1-20 MW:35977","Published dated tracker snapshot, original unit status operating; not file download date","RETIREMENT_PROVEN_BY_COMMISSIONING_UPPER_BOUND","2050"
"GEM:G100000834779","PH","Solar","6.7","","2025","25","Global-Solar-Power-Tracker-February-2025.xlsx","6b0e85e55da7a0db36175a87263140f08c9088fcb4d6c7280b111fb642ffbf25","1-20 MW:36019","Published dated tracker snapshot, original unit status operating; not file download date","RETIREMENT_PROVEN_BY_COMMISSIONING_UPPER_BOUND","2050"
"GEM:G100000834723","PH","Solar","4","","2025","25","Global-Solar-Power-Tracker-February-2025.xlsx","6b0e85e55da7a0db36175a87263140f08c9088fcb4d6c7280b111fb642ffbf25","1-20 MW:36003","Published dated tracker snapshot, original unit status operating; not file download date","RETIREMENT_PROVEN_BY_COMMISSIONING_UPPER_BOUND","2050"
"GEM:G100001029141","TH","Solar","1.7","","2025","25","Global-Solar-Power-Tracker-February-2025.xlsx","6b0e85e55da7a0db36175a87263140f08c9088fcb4d6c7280b111fb642ffbf25","1-20 MW:41584","Published dated tracker snapshot, original unit status operating; not file download date","RETIREMENT_PROVEN_BY_COMMISSIONING_UPPER_BOUND","2050"
"GEM:G100000700375","ID","Geothermal","2","","2025","15","Geothermal-Power-Tracker-March-2025-Final.xlsx","d688f77d522eff263f54e615bbfcfe2f0a9c232e75b5d0ca94b3eeb34fd1ce92","Data:732","Published dated tracker snapshot, original unit status operating; not file download date","RETIREMENT_PROVEN_BY_COMMISSIONING_UPPER_BOUND","2040"
"GEM:G100000700376","ID","Geothermal","2","","2025","15","Geothermal-Power-Tracker-March-2025-Final.xlsx","d688f77d522eff263f54e615bbfcfe2f0a9c232e75b5d0ca94b3eeb34fd1ce92","Data:733","Published dated tracker snapshot, original unit status operating; not file download date","RETIREMENT_PROVEN_BY_COMMISSIONING_UPPER_BOUND","2040"
"GEM:G100000700377","ID","Geothermal","2","","2025","15","Geothermal-Power-Tracker-March-2025-Final.xlsx","d688f77d522eff263f54e615bbfcfe2f0a9c232e75b5d0ca94b3eeb34fd1ce92","Data:734","Published dated tracker snapshot, original unit status operating; not file download date","RETIREMENT_PROVEN_BY_COMMISSIONING_UPPER_BOUND","2040"
"GEM:G100000700378","ID","Geothermal","2","","2025","15","Geothermal-Power-Tracker-March-2025-Final.xlsx","d688f77d522eff263f54e615bbfcfe2f0a9c232e75b5d0ca94b3eeb34fd1ce92","Data:735","Published dated tracker snapshot, original unit status operating; not file download date","RETIREMENT_PROVEN_BY_COMMISSIONING_UPPER_BOUND","2040"
"GEM:G100000412581","ID","Oil","200","","2025","40","Global-Oil-and-Gas-Plant-Tracker-GOGPT-August-2025.xlsx","0a903cae9037bcc8f6223bd0642efaf8f28169fd0fef0d84e4ca0ecfb17da659","Gas & Oil Units:3868","Published dated tracker snapshot, original unit status operating; not file download date","UNRESOLVED_COMMISSIONING",""
"GEM:G100000412582","ID","Oil","50","","2025","40","Global-Oil-and-Gas-Plant-Tracker-GOGPT-August-2025.xlsx","0a903cae9037bcc8f6223bd0642efaf8f28169fd0fef0d84e4ca0ecfb17da659","Gas & Oil Units:3867","Published dated tracker snapshot, original unit status operating; not file download date","UNRESOLVED_COMMISSIONING",""
"GEM:G100000412583","ID","Oil","50","","2025","40","Global-Oil-and-Gas-Plant-Tracker-GOGPT-August-2025.xlsx","0a903cae9037bcc8f6223bd0642efaf8f28169fd0fef0d84e4ca0ecfb17da659","Gas & Oil Units:3866","Published dated tracker snapshot, original unit status operating; not file download date","UNRESOLVED_COMMISSIONING",""
"GEM:G100001054782","TH","Solid Biomass","38","","","20","Global-Bioenergy-Power-Tracker-GBPT-V3.xlsx","4799a4dae94addf2f5b96e8eb4beb5f2ca7683659fd262020c5f3a1f9ad45590","Data:2562","GBPT-V3 filename does not establish an observation year","UNRESOLVED_COMMISSIONING",""
"GEM:G100001055402","MY","Solid Biomass","13","","","20","Global-Bioenergy-Power-Tracker-GBPT-V3.xlsx","4799a4dae94addf2f5b96e8eb4beb5f2ca7683659fd262020c5f3a1f9ad45590","Data:37","GBPT-V3 filename does not establish an observation year","UNRESOLVED_COMMISSIONING",""
"GEM:G100001054716","TH","Solid Biomass","9.5","","","20","Global-Bioenergy-Power-Tracker-GBPT-V3.xlsx","4799a4dae94addf2f5b96e8eb4beb5f2ca7683659fd262020c5f3a1f9ad45590","Data:105","GBPT-V3 filename does not establish an observation year","UNRESOLVED_COMMISSIONING",""
"GEM:G100000811075","VN","Solar","50","","2025","25","Global-Solar-Power-Tracker-February-2025.xlsx","6b0e85e55da7a0db36175a87263140f08c9088fcb4d6c7280b111fb642ffbf25","20 MW+:24570","Published dated tracker snapshot, original unit status operating; not file download date","RETIREMENT_PROVEN_BY_COMMISSIONING_UPPER_BOUND","2050"
"GEM:G100001054257","VN","Solid Biomass","95","","","20","Global-Bioenergy-Power-Tracker-GBPT-V3.xlsx","4799a4dae94addf2f5b96e8eb4beb5f2ca7683659fd262020c5f3a1f9ad45590","Data:235","GBPT-V3 filename does not establish an observation year","UNRESOLVED_COMMISSIONING",""
"GEM:G100001054719","TH","Solid Biomass","30","","","20","Global-Bioenergy-Power-Tracker-GBPT-V3.xlsx","4799a4dae94addf2f5b96e8eb4beb5f2ca7683659fd262020c5f3a1f9ad45590","Data:113","GBPT-V3 filename does not establish an observation year","UNRESOLVED_COMMISSIONING",""
"GEM:G100001029374","VN","Solar","1.2","","2025","25","Global-Solar-Power-Tracker-February-2025.xlsx","6b0e85e55da7a0db36175a87263140f08c9088fcb4d6c7280b111fb642ffbf25","1-20 MW:50294","Published dated tracker snapshot, original unit status operating; not file download date","RETIREMENT_PROVEN_BY_COMMISSIONING_UPPER_BOUND","2050"
"GEM:G100001054454","PH","Solid Biomass","12","","","20","Global-Bioenergy-Power-Tracker-GBPT-V3.xlsx","4799a4dae94addf2f5b96e8eb4beb5f2ca7683659fd262020c5f3a1f9ad45590","Data:316","GBPT-V3 filename does not establish an observation year","UNRESOLVED_COMMISSIONING",""
"GEM:G100000834651","PH","Solar","14.4","","2025","25","Global-Solar-Power-Tracker-February-2025.xlsx","6b0e85e55da7a0db36175a87263140f08c9088fcb4d6c7280b111fb642ffbf25","1-20 MW:35972","Published dated tracker snapshot, original unit status operating; not file download date","RETIREMENT_PROVEN_BY_COMMISSIONING_UPPER_BOUND","2050"
"GEM:G100001054480","PH","Solid Biomass","25","","","20","Global-Bioenergy-Power-Tracker-GBPT-V3.xlsx","4799a4dae94addf2f5b96e8eb4beb5f2ca7683659fd262020c5f3a1f9ad45590","Data:324","GBPT-V3 filename does not establish an observation year","UNRESOLVED_COMMISSIONING",""
"GEM:G100000834980","TH","Solar","16","","2025","25","Global-Solar-Power-Tracker-February-2025.xlsx","6b0e85e55da7a0db36175a87263140f08c9088fcb4d6c7280b111fb642ffbf25","1-20 MW:41320","Published dated tracker snapshot, original unit status operating; not file download date","RETIREMENT_PROVEN_BY_COMMISSIONING_UPPER_BOUND","2050"
"GEM:G100001054722","TH","Solid Biomass","10","","","20","Global-Bioenergy-Power-Tracker-GBPT-V3.xlsx","4799a4dae94addf2f5b96e8eb4beb5f2ca7683659fd262020c5f3a1f9ad45590","Data:334","GBPT-V3 filename does not establish an observation year","UNRESOLVED_COMMISSIONING",""
"GEM:G100001055313","MY","Solid Biomass","13","","","20","Global-Bioenergy-Power-Tracker-GBPT-V3.xlsx","4799a4dae94addf2f5b96e8eb4beb5f2ca7683659fd262020c5f3a1f9ad45590","Data:335","GBPT-V3 filename does not establish an observation year","UNRESOLVED_COMMISSIONING",""
"GEM:G100000411328","ID","CCGT","144","","2025","40","Global-Oil-and-Gas-Plant-Tracker-GOGPT-August-2025.xlsx","0a903cae9037bcc8f6223bd0642efaf8f28169fd0fef0d84e4ca0ecfb17da659","Gas & Oil Units:3741","Published dated tracker snapshot, original unit status operating; not file download date","UNRESOLVED_COMMISSIONING",""
"GEM:G100001055377","MY","Solid Biomass","11","","","20","Global-Bioenergy-Power-Tracker-GBPT-V3.xlsx","4799a4dae94addf2f5b96e8eb4beb5f2ca7683659fd262020c5f3a1f9ad45590","Data:404","GBPT-V3 filename does not establish an observation year","UNRESOLVED_COMMISSIONING",""
"GEM:G100001054727","TH","Solid Biomass","22","","","20","Global-Bioenergy-Power-Tracker-GBPT-V3.xlsx","4799a4dae94addf2f5b96e8eb4beb5f2ca7683659fd262020c5f3a1f9ad45590","Data:278","GBPT-V3 filename does not establish an observation year","UNRESOLVED_COMMISSIONING",""
"GEM:G100001054482","PH","Biogas","12.39","","","20","Global-Bioenergy-Power-Tracker-GBPT-V3.xlsx","4799a4dae94addf2f5b96e8eb4beb5f2ca7683659fd262020c5f3a1f9ad45590","Data:454","GBPT-V3 filename does not establish an observation year","UNRESOLVED_COMMISSIONING",""
"GEM:G100001054736","TH","Solid Biomass","10","","","20","Global-Bioenergy-Power-Tracker-GBPT-V3.xlsx","4799a4dae94addf2f5b96e8eb4beb5f2ca7683659fd262020c5f3a1f9ad45590","Data:485","GBPT-V3 filename does not establish an observation year","UNRESOLVED_COMMISSIONING",""
"GEM:G100000404302","ID","CCGT","100","","2025","40","Global-Oil-and-Gas-Plant-Tracker-GOGPT-August-2025.xlsx","0a903cae9037bcc8f6223bd0642efaf8f28169fd0fef0d84e4ca0ecfb17da659","Gas & Oil Units:3764","Published dated tracker snapshot, original unit status operating; not file download date","UNRESOLVED_COMMISSIONING",""
"GEM:G100000921054","VN","Wind","30","","2025","25","Global-Wind-Power-Tracker-February-2025.xlsx","6cdaa148a2b8d668bf9f9a4cd87f955656318ddc21aef91eb62ea37dae322289","Data:29421","Published dated tracker snapshot, original unit status operating; not file download date","RETIREMENT_PROVEN_BY_COMMISSIONING_UPPER_BOUND","2050"
"GEM:G100001054737","TH","Solid Biomass","10","","","20","Global-Bioenergy-Power-Tracker-GBPT-V3.xlsx","4799a4dae94addf2f5b96e8eb4beb5f2ca7683659fd262020c5f3a1f9ad45590","Data:520","GBPT-V3 filename does not establish an observation year","UNRESOLVED_COMMISSIONING",""
"GEM:G100001054739","TH","Solid Biomass","10","","","20","Global-Bioenergy-Power-Tracker-GBPT-V3.xlsx","4799a4dae94addf2f5b96e8eb4beb5f2ca7683659fd262020c5f3a1f9ad45590","Data:521","GBPT-V3 filename does not establish an observation year","UNRESOLVED_COMMISSIONING",""
"GEM:G100001054740","TH","Solid Biomass","10","","","20","Global-Bioenergy-Power-Tracker-GBPT-V3.xlsx","4799a4dae94addf2f5b96e8eb4beb5f2ca7683659fd262020c5f3a1f9ad45590","Data:522","GBPT-V3 filename does not establish an observation year","UNRESOLVED_COMMISSIONING",""
"GEM:G100000411290","PH","Oil","54.5","","2025","40","Global-Oil-and-Gas-Plant-Tracker-GOGPT-August-2025.xlsx","0a903cae9037bcc8f6223bd0642efaf8f28169fd0fef0d84e4ca0ecfb17da659","Gas & Oil Units:6579","Published dated tracker snapshot, original unit status operating; not file download date","UNRESOLVED_COMMISSIONING",""
"GEM:G100001055387","MY","Solid Biomass","11.5","","","20","Global-Bioenergy-Power-Tracker-GBPT-V3.xlsx","4799a4dae94addf2f5b96e8eb4beb5f2ca7683659fd262020c5f3a1f9ad45590","Data:526","GBPT-V3 filename does not establish an observation year","UNRESOLVED_COMMISSIONING",""
"GEM:G100001029340","VN","Solar","3.2","","2025","25","Global-Solar-Power-Tracker-February-2025.xlsx","6b0e85e55da7a0db36175a87263140f08c9088fcb4d6c7280b111fb642ffbf25","1-20 MW:50263","Published dated tracker snapshot, original unit status operating; not file download date","RETIREMENT_PROVEN_BY_COMMISSIONING_UPPER_BOUND","2050"
"GEM:G100001029459","VN","Solar","1.4","","2025","25","Global-Solar-Power-Tracker-February-2025.xlsx","6b0e85e55da7a0db36175a87263140f08c9088fcb4d6c7280b111fb642ffbf25","1-20 MW:50266","Published dated tracker snapshot, original unit status operating; not file download date","RETIREMENT_PROVEN_BY_COMMISSIONING_UPPER_BOUND","2050"
"GEM:G100001029333","VN","Solar","2.1","","2025","25","Global-Solar-Power-Tracker-February-2025.xlsx","6b0e85e55da7a0db36175a87263140f08c9088fcb4d6c7280b111fb642ffbf25","1-20 MW:50262","Published dated tracker snapshot, original unit status operating; not file download date","RETIREMENT_PROVEN_BY_COMMISSIONING_UPPER_BOUND","2050"
"GEM:G100001054261","VN","Solid Biomass","60","","","20","Global-Bioenergy-Power-Tracker-GBPT-V3.xlsx","4799a4dae94addf2f5b96e8eb4beb5f2ca7683659fd262020c5f3a1f9ad45590","Data:564","GBPT-V3 filename does not establish an observation year","UNRESOLVED_COMMISSIONING",""
"GEM:G100001055390","MY","Solid Biomass","12","","","20","Global-Bioenergy-Power-Tracker-GBPT-V3.xlsx","4799a4dae94addf2f5b96e8eb4beb5f2ca7683659fd262020c5f3a1f9ad45590","Data:585","GBPT-V3 filename does not establish an observation year","UNRESOLVED_COMMISSIONING",""
"GEM:G100001054744","TH","Solid Biomass","9.5","","","20","Global-Bioenergy-Power-Tracker-GBPT-V3.xlsx","4799a4dae94addf2f5b96e8eb4beb5f2ca7683659fd262020c5f3a1f9ad45590","Data:626","GBPT-V3 filename does not establish an observation year","UNRESOLVED_COMMISSIONING",""
"GEM:G100001054747","TH","Solid Biomass","10","","","20","Global-Bioenergy-Power-Tracker-GBPT-V3.xlsx","4799a4dae94addf2f5b96e8eb4beb5f2ca7683659fd262020c5f3a1f9ad45590","Data:648","GBPT-V3 filename does not establish an observation year","UNRESOLVED_COMMISSIONING",""
"GEM:G100001029466","VN","Solar","1.1","","2025","25","Global-Solar-Power-Tracker-February-2025.xlsx","6b0e85e55da7a0db36175a87263140f08c9088fcb4d6c7280b111fb642ffbf25","1-20 MW:50329","Published dated tracker snapshot, original unit status operating; not file download date","RETIREMENT_PROVEN_BY_COMMISSIONING_UPPER_BOUND","2050"
"GEM:G100001029465","VN","Solar","1.6","","2025","25","Global-Solar-Power-Tracker-February-2025.xlsx","6b0e85e55da7a0db36175a87263140f08c9088fcb4d6c7280b111fb642ffbf25","1-20 MW:50328","Published dated tracker snapshot, original unit status operating; not file download date","RETIREMENT_PROVEN_BY_COMMISSIONING_UPPER_BOUND","2050"
"GEM:G100001029360","VN","Solar","1.7","","2025","25","Global-Solar-Power-Tracker-February-2025.xlsx","6b0e85e55da7a0db36175a87263140f08c9088fcb4d6c7280b111fb642ffbf25","1-20 MW:50322","Published dated tracker snapshot, original unit status operating; not file download date","RETIREMENT_PROVEN_BY_COMMISSIONING_UPPER_BOUND","2050"
"GEM:G100001029353","VN","Solar","1.9","","2025","25","Global-Solar-Power-Tracker-February-2025.xlsx","6b0e85e55da7a0db36175a87263140f08c9088fcb4d6c7280b111fb642ffbf25","1-20 MW:50321","Published dated tracker snapshot, original unit status operating; not file download date","RETIREMENT_PROVEN_BY_COMMISSIONING_UPPER_BOUND","2050"
"GEM:G100000901504","VN","Wind","200","","2025","25","Global-Wind-Power-Tracker-February-2025.xlsx","6cdaa148a2b8d668bf9f9a4cd87f955656318ddc21aef91eb62ea37dae322289","Data:29458","Published dated tracker snapshot, original unit status operating; not file download date","RETIREMENT_PROVEN_BY_COMMISSIONING_UPPER_BOUND","2050"
"GEM:G100000901647","VN","Wind","700","","2025","25","Global-Wind-Power-Tracker-February-2025.xlsx","6cdaa148a2b8d668bf9f9a4cd87f955656318ddc21aef91eb62ea37dae322289","Data:29459","Published dated tracker snapshot, original unit status operating; not file download date","RETIREMENT_PROVEN_BY_COMMISSIONING_UPPER_BOUND","2050"
"GEM:G100000404308","ID","CCGT","82","","2025","40","Global-Oil-and-Gas-Plant-Tracker-GOGPT-August-2025.xlsx","0a903cae9037bcc8f6223bd0642efaf8f28169fd0fef0d84e4ca0ecfb17da659","Gas & Oil Units:3772","Published dated tracker snapshot, original unit status operating; not file download date","UNRESOLVED_COMMISSIONING",""
"GEM:G100001054750","TH","Solid Biomass","9.4","","","20","Global-Bioenergy-Power-Tracker-GBPT-V3.xlsx","4799a4dae94addf2f5b96e8eb4beb5f2ca7683659fd262020c5f3a1f9ad45590","Data:706","GBPT-V3 filename does not establish an observation year","UNRESOLVED_COMMISSIONING",""
"GEM:G100000901648","VN","Wind","200","","2025","25","Global-Wind-Power-Tracker-February-2025.xlsx","6cdaa148a2b8d668bf9f9a4cd87f955656318ddc21aef91eb62ea37dae322289","Data:29464","Published dated tracker snapshot, original unit status operating; not file download date","RETIREMENT_PROVEN_BY_COMMISSIONING_UPPER_BOUND","2050"
"GEM:G100001029454","VN","Solar","1.4","","2025","25","Global-Solar-Power-Tracker-February-2025.xlsx","6b0e85e55da7a0db36175a87263140f08c9088fcb4d6c7280b111fb642ffbf25","1-20 MW:50340","Published dated tracker snapshot, original unit status operating; not file download date","RETIREMENT_PROVEN_BY_COMMISSIONING_UPPER_BOUND","2050"
"GEM:G100001029444","VN","Solar","1.3","","2025","25","Global-Solar-Power-Tracker-February-2025.xlsx","6b0e85e55da7a0db36175a87263140f08c9088fcb4d6c7280b111fb642ffbf25","1-20 MW:50339","Published dated tracker snapshot, original unit status operating; not file download date","RETIREMENT_PROVEN_BY_COMMISSIONING_UPPER_BOUND","2050"
"GEM:G100001029455","VN","Solar","1.2","","2025","25","Global-Solar-Power-Tracker-February-2025.xlsx","6b0e85e55da7a0db36175a87263140f08c9088fcb4d6c7280b111fb642ffbf25","1-20 MW:50341","Published dated tracker snapshot, original unit status operating; not file download date","RETIREMENT_PROVEN_BY_COMMISSIONING_UPPER_BOUND","2050"
"GEM:G100001029345","VN","Solar","2","","2025","25","Global-Solar-Power-Tracker-February-2025.xlsx","6b0e85e55da7a0db36175a87263140f08c9088fcb4d6c7280b111fb642ffbf25","1-20 MW:50627","Published dated tracker snapshot, original unit status operating; not file download date","RETIREMENT_PROVEN_BY_COMMISSIONING_UPPER_BOUND","2050"
"GEM:G100001029347","VN","Solar","1.7","","2025","25","Global-Solar-Power-Tracker-February-2025.xlsx","6b0e85e55da7a0db36175a87263140f08c9088fcb4d6c7280b111fb642ffbf25","1-20 MW:50640","Published dated tracker snapshot, original unit status operating; not file download date","RETIREMENT_PROVEN_BY_COMMISSIONING_UPPER_BOUND","2050"
"GEM:G100001029474","VN","Solar","1.8","","2025","25","Global-Solar-Power-Tracker-February-2025.xlsx","6b0e85e55da7a0db36175a87263140f08c9088fcb4d6c7280b111fb642ffbf25","1-20 MW:50617","Published dated tracker snapshot, original unit status operating; not file download date","RETIREMENT_PROVEN_BY_COMMISSIONING_UPPER_BOUND","2050"
"GEM:G100001029573","VN","Solar","4","","2025","25","Global-Solar-Power-Tracker-February-2025.xlsx","6b0e85e55da7a0db36175a87263140f08c9088fcb4d6c7280b111fb642ffbf25","1-20 MW:50372","Published dated tracker snapshot, original unit status operating; not file download date","RETIREMENT_PROVEN_BY_COMMISSIONING_UPPER_BOUND","2050"
"GEM:G100001029678","VN","Solar","1.8","","2025","25","Global-Solar-Power-Tracker-February-2025.xlsx","6b0e85e55da7a0db36175a87263140f08c9088fcb4d6c7280b111fb642ffbf25","1-20 MW:50373","Published dated tracker snapshot, original unit status operating; not file download date","RETIREMENT_PROVEN_BY_COMMISSIONING_UPPER_BOUND","2050"
"GEM:G100001029357","VN","Solar","2.2","","2025","25","Global-Solar-Power-Tracker-February-2025.xlsx","6b0e85e55da7a0db36175a87263140f08c9088fcb4d6c7280b111fb642ffbf25","1-20 MW:50370","Published dated tracker snapshot, original unit status operating; not file download date","RETIREMENT_PROVEN_BY_COMMISSIONING_UPPER_BOUND","2050"
"GEM:G100001029568","VN","Solar","4.3","","2025","25","Global-Solar-Power-Tracker-February-2025.xlsx","6b0e85e55da7a0db36175a87263140f08c9088fcb4d6c7280b111fb642ffbf25","1-20 MW:50371","Published dated tracker snapshot, original unit status operating; not file download date","RETIREMENT_PROVEN_BY_COMMISSIONING_UPPER_BOUND","2050"
"GEM:G100001055404","MY","Solid Biomass","10","","","20","Global-Bioenergy-Power-Tracker-GBPT-V3.xlsx","4799a4dae94addf2f5b96e8eb4beb5f2ca7683659fd262020c5f3a1f9ad45590","Data:873","GBPT-V3 filename does not establish an observation year","UNRESOLVED_COMMISSIONING",""
"GEM:G100001029359","VN","Solar","2.4","","2025","25","Global-Solar-Power-Tracker-February-2025.xlsx","6b0e85e55da7a0db36175a87263140f08c9088fcb4d6c7280b111fb642ffbf25","1-20 MW:50360","Published dated tracker snapshot, original unit status operating; not file download date","RETIREMENT_PROVEN_BY_COMMISSIONING_UPPER_BOUND","2050"
"GEM:G100001029442","VN","Solar","1.5","","2025","25","Global-Solar-Power-Tracker-February-2025.xlsx","6b0e85e55da7a0db36175a87263140f08c9088fcb4d6c7280b111fb642ffbf25","1-20 MW:50651","Published dated tracker snapshot, original unit status operating; not file download date","RETIREMENT_PROVEN_BY_COMMISSIONING_UPPER_BOUND","2050"
"GEM:G100001029571","VN","Solar","1.7","","2025","25","Global-Solar-Power-Tracker-February-2025.xlsx","6b0e85e55da7a0db36175a87263140f08c9088fcb4d6c7280b111fb642ffbf25","1-20 MW:50665","Published dated tracker snapshot, original unit status operating; not file download date","RETIREMENT_PROVEN_BY_COMMISSIONING_UPPER_BOUND","2050"
"GEM:G100001029351","VN","Solar","1.9","","2025","25","Global-Solar-Power-Tracker-February-2025.xlsx","6b0e85e55da7a0db36175a87263140f08c9088fcb4d6c7280b111fb642ffbf25","1-20 MW:50655","Published dated tracker snapshot, original unit status operating; not file download date","RETIREMENT_PROVEN_BY_COMMISSIONING_UPPER_BOUND","2050"
"GEM:G100001029481","VN","Solar","1.2","","2025","25","Global-Solar-Power-Tracker-February-2025.xlsx","6b0e85e55da7a0db36175a87263140f08c9088fcb4d6c7280b111fb642ffbf25","1-20 MW:50672","Published dated tracker snapshot, original unit status operating; not file download date","RETIREMENT_PROVEN_BY_COMMISSIONING_UPPER_BOUND","2050"
"GEM:G100001030269","MY","CCGT","55","","2025","40","Global-Oil-and-Gas-Plant-Tracker-GOGPT-August-2025.xlsx","0a903cae9037bcc8f6223bd0642efaf8f28169fd0fef0d84e4ca0ecfb17da659","Gas & Oil Units:5716","Published dated tracker snapshot, original unit status operating; not file download date","UNRESOLVED_COMMISSIONING",""
"GEM:G100001030270","MY","CCGT","50","","2025","40","Global-Oil-and-Gas-Plant-Tracker-GOGPT-August-2025.xlsx","0a903cae9037bcc8f6223bd0642efaf8f28169fd0fef0d84e4ca0ecfb17da659","Gas & Oil Units:5717","Published dated tracker snapshot, original unit status operating; not file download date","UNRESOLVED_COMMISSIONING",""
"GEM:G100001030271","MY","CCGT","50","","2025","40","Global-Oil-and-Gas-Plant-Tracker-GOGPT-August-2025.xlsx","0a903cae9037bcc8f6223bd0642efaf8f28169fd0fef0d84e4ca0ecfb17da659","Gas & Oil Units:5718","Published dated tracker snapshot, original unit status operating; not file download date","UNRESOLVED_COMMISSIONING",""
"GEM:G100000834686","PH","Solar","4","","2025","25","Global-Solar-Power-Tracker-February-2025.xlsx","6b0e85e55da7a0db36175a87263140f08c9088fcb4d6c7280b111fb642ffbf25","1-20 MW:35988","Published dated tracker snapshot, original unit status operating; not file download date","RETIREMENT_PROVEN_BY_COMMISSIONING_UPPER_BOUND","2050"
"GEM:G100000834687","PH","Solar","14.7","","2025","25","Global-Solar-Power-Tracker-February-2025.xlsx","6b0e85e55da7a0db36175a87263140f08c9088fcb4d6c7280b111fb642ffbf25","1-20 MW:35989","Published dated tracker snapshot, original unit status operating; not file download date","RETIREMENT_PROVEN_BY_COMMISSIONING_UPPER_BOUND","2050"
"GEM:G100000834693","PH","Solar","13","","2025","25","Global-Solar-Power-Tracker-February-2025.xlsx","6b0e85e55da7a0db36175a87263140f08c9088fcb4d6c7280b111fb642ffbf25","1-20 MW:35992","Published dated tracker snapshot, original unit status operating; not file download date","RETIREMENT_PROVEN_BY_COMMISSIONING_UPPER_BOUND","2050"
"GEM:G100000801503","TH","Solar","36","","2025","25","Global-Solar-Power-Tracker-February-2025.xlsx","6b0e85e55da7a0db36175a87263140f08c9088fcb4d6c7280b111fb642ffbf25","20 MW+:21531","Published dated tracker snapshot, original unit status operating; not file download date","RETIREMENT_PROVEN_BY_COMMISSIONING_UPPER_BOUND","2050"
"GEM:G100000834688","PH","Solar","2.3","","2025","25","Global-Solar-Power-Tracker-February-2025.xlsx","6b0e85e55da7a0db36175a87263140f08c9088fcb4d6c7280b111fb642ffbf25","1-20 MW:35990","Published dated tracker snapshot, original unit status operating; not file download date","RETIREMENT_PROVEN_BY_COMMISSIONING_UPPER_BOUND","2050"
"GEM:G100001055388","MY","Solid Biomass","10","","","20","Global-Bioenergy-Power-Tracker-GBPT-V3.xlsx","4799a4dae94addf2f5b96e8eb4beb5f2ca7683659fd262020c5f3a1f9ad45590","Data:1038","GBPT-V3 filename does not establish an observation year","UNRESOLVED_COMMISSIONING",""
"GEM:G100001055398","MY","Solid Biomass","12.5","","","20","Global-Bioenergy-Power-Tracker-GBPT-V3.xlsx","4799a4dae94addf2f5b96e8eb4beb5f2ca7683659fd262020c5f3a1f9ad45590","Data:1053","GBPT-V3 filename does not establish an observation year","UNRESOLVED_COMMISSIONING",""
"GEM:G100001029510","VN","Solar","1.5","","2025","25","Global-Solar-Power-Tracker-February-2025.xlsx","6b0e85e55da7a0db36175a87263140f08c9088fcb4d6c7280b111fb642ffbf25","1-20 MW:50379","Published dated tracker snapshot, original unit status operating; not file download date","RETIREMENT_PROVEN_BY_COMMISSIONING_UPPER_BOUND","2050"
"GEM:G100000410594","TH","CCGT","140","","2025","40","Global-Oil-and-Gas-Plant-Tracker-GOGPT-August-2025.xlsx","0a903cae9037bcc8f6223bd0642efaf8f28169fd0fef0d84e4ca0ecfb17da659","Gas & Oil Units:8978","Published dated tracker snapshot, original unit status operating; not file download date","UNRESOLVED_COMMISSIONING",""
"GEM:G100001028915","ID","Solar","16.3","","2025","25","Global-Solar-Power-Tracker-February-2025.xlsx","6b0e85e55da7a0db36175a87263140f08c9088fcb4d6c7280b111fb642ffbf25","1-20 MW:24523","Published dated tracker snapshot, original unit status operating; not file download date","RETIREMENT_PROVEN_BY_COMMISSIONING_UPPER_BOUND","2050"
"GEM:G100001054754","TH","Solid Biomass","9.6","","","20","Global-Bioenergy-Power-Tracker-GBPT-V3.xlsx","4799a4dae94addf2f5b96e8eb4beb5f2ca7683659fd262020c5f3a1f9ad45590","Data:1212","GBPT-V3 filename does not establish an observation year","UNRESOLVED_COMMISSIONING",""
"GEM:G100001055389","MY","Solid Biomass","10.3","","","20","Global-Bioenergy-Power-Tracker-GBPT-V3.xlsx","4799a4dae94addf2f5b96e8eb4beb5f2ca7683659fd262020c5f3a1f9ad45590","Data:1516","GBPT-V3 filename does not establish an observation year","UNRESOLVED_COMMISSIONING",""
"GEM:G100001029450","VN","Solar","1.4","","2025","25","Global-Solar-Power-Tracker-February-2025.xlsx","6b0e85e55da7a0db36175a87263140f08c9088fcb4d6c7280b111fb642ffbf25","1-20 MW:50390","Published dated tracker snapshot, original unit status operating; not file download date","RETIREMENT_PROVEN_BY_COMMISSIONING_UPPER_BOUND","2050"
"GEM:G100000901667","VN","Wind","27","","2025","25","Global-Wind-Power-Tracker-February-2025.xlsx","6cdaa148a2b8d668bf9f9a4cd87f955656318ddc21aef91eb62ea37dae322289","Data:29652","Published dated tracker snapshot, original unit status operating; not file download date","RETIREMENT_PROVEN_BY_COMMISSIONING_UPPER_BOUND","2050"
"GEM:G100001020730","PH","Solid Biomass","20","","","20","Global-Bioenergy-Power-Tracker-GBPT-V3.xlsx","4799a4dae94addf2f5b96e8eb4beb5f2ca7683659fd262020c5f3a1f9ad45590","Data:1571","GBPT-V3 filename does not establish an observation year","UNRESOLVED_COMMISSIONING",""
"GEM:G100001029280","VN","Solar","4.9","","2025","25","Global-Solar-Power-Tracker-February-2025.xlsx","6b0e85e55da7a0db36175a87263140f08c9088fcb4d6c7280b111fb642ffbf25","1-20 MW:50382","Published dated tracker snapshot, original unit status operating; not file download date","RETIREMENT_PROVEN_BY_COMMISSIONING_UPPER_BOUND","2050"
"GEM:G100001029403","VN","Solar","4.1","","2025","25","Global-Solar-Power-Tracker-February-2025.xlsx","6b0e85e55da7a0db36175a87263140f08c9088fcb4d6c7280b111fb642ffbf25","1-20 MW:50404","Published dated tracker snapshot, original unit status operating; not file download date","RETIREMENT_PROVEN_BY_COMMISSIONING_UPPER_BOUND","2050"
"GEM:G100001029368","VN","Solar","3.9","","2025","25","Global-Solar-Power-Tracker-February-2025.xlsx","6b0e85e55da7a0db36175a87263140f08c9088fcb4d6c7280b111fb642ffbf25","1-20 MW:50418","Published dated tracker snapshot, original unit status operating; not file download date","RETIREMENT_PROVEN_BY_COMMISSIONING_UPPER_BOUND","2050"
"GEM:G100001029346","VN","Solar","2.1","","2025","25","Global-Solar-Power-Tracker-February-2025.xlsx","6b0e85e55da7a0db36175a87263140f08c9088fcb4d6c7280b111fb642ffbf25","1-20 MW:50417","Published dated tracker snapshot, original unit status operating; not file download date","RETIREMENT_PROVEN_BY_COMMISSIONING_UPPER_BOUND","2050"
"GEM:G100001029473","VN","Solar","5.3","","2025","25","Global-Solar-Power-Tracker-February-2025.xlsx","6b0e85e55da7a0db36175a87263140f08c9088fcb4d6c7280b111fb642ffbf25","1-20 MW:50419","Published dated tracker snapshot, original unit status operating; not file download date","RETIREMENT_PROVEN_BY_COMMISSIONING_UPPER_BOUND","2050"
"GEM:G100001054696","TH","Solid Biomass","398","","","20","Global-Bioenergy-Power-Tracker-GBPT-V3.xlsx","4799a4dae94addf2f5b96e8eb4beb5f2ca7683659fd262020c5f3a1f9ad45590","Data:2","GBPT-V3 filename does not establish an observation year","UNRESOLVED_COMMISSIONING",""
"GEM:G100001055315","MY","Solid Biomass","15","","","20","Global-Bioenergy-Power-Tracker-GBPT-V3.xlsx","4799a4dae94addf2f5b96e8eb4beb5f2ca7683659fd262020c5f3a1f9ad45590","Data:2153","GBPT-V3 filename does not establish an observation year","UNRESOLVED_COMMISSIONING",""
"GEM:G100001020728","PH","Solid Biomass","20","","","20","Global-Bioenergy-Power-Tracker-GBPT-V3.xlsx","4799a4dae94addf2f5b96e8eb4beb5f2ca7683659fd262020c5f3a1f9ad45590","Data:2163","GBPT-V3 filename does not establish an observation year","UNRESOLVED_COMMISSIONING",""
"GEM:G100000834699","PH","Solar","8.2","","2025","25","Global-Solar-Power-Tracker-February-2025.xlsx","6b0e85e55da7a0db36175a87263140f08c9088fcb4d6c7280b111fb642ffbf25","1-20 MW:35994","Published dated tracker snapshot, original unit status operating; not file download date","RETIREMENT_PROVEN_BY_COMMISSIONING_UPPER_BOUND","2050"
"GEM:G100000834720","PH","Solar","4.5","","2025","25","Global-Solar-Power-Tracker-February-2025.xlsx","6b0e85e55da7a0db36175a87263140f08c9088fcb4d6c7280b111fb642ffbf25","1-20 MW:36001","Published dated tracker snapshot, original unit status operating; not file download date","RETIREMENT_PROVEN_BY_COMMISSIONING_UPPER_BOUND","2050"
"GEM:G100000834762","PH","Solar","2.4","","2025","25","Global-Solar-Power-Tracker-February-2025.xlsx","6b0e85e55da7a0db36175a87263140f08c9088fcb4d6c7280b111fb642ffbf25","1-20 MW:36012","Published dated tracker snapshot, original unit status operating; not file download date","RETIREMENT_PROVEN_BY_COMMISSIONING_UPPER_BOUND","2050"
"GEM:G100001055321","MY","Solid Biomass","12.5","","","20","Global-Bioenergy-Power-Tracker-GBPT-V3.xlsx","4799a4dae94addf2f5b96e8eb4beb5f2ca7683659fd262020c5f3a1f9ad45590","Data:2218","GBPT-V3 filename does not establish an observation year","UNRESOLVED_COMMISSIONING",""
"GEM:G100000413181","SG","Oil","90","","2025","40","Global-Oil-and-Gas-Plant-Tracker-GOGPT-August-2025.xlsx","0a903cae9037bcc8f6223bd0642efaf8f28169fd0fef0d84e4ca0ecfb17da659","Gas & Oil Units:8260","Published dated tracker snapshot, original unit status operating; not file download date","UNRESOLVED_COMMISSIONING",""
"GEM:G100000413182","SG","Oil","90","","2025","40","Global-Oil-and-Gas-Plant-Tracker-GOGPT-August-2025.xlsx","0a903cae9037bcc8f6223bd0642efaf8f28169fd0fef0d84e4ca0ecfb17da659","Gas & Oil Units:8259","Published dated tracker snapshot, original unit status operating; not file download date","UNRESOLVED_COMMISSIONING",""
"GEM:G100001054755","TH","Solid Biomass","10","","","20","Global-Bioenergy-Power-Tracker-GBPT-V3.xlsx","4799a4dae94addf2f5b96e8eb4beb5f2ca7683659fd262020c5f3a1f9ad45590","Data:2503","GBPT-V3 filename does not establish an observation year","UNRESOLVED_COMMISSIONING",""
"GEM:G100001054758","TH","Biogas","8","","","20","Global-Bioenergy-Power-Tracker-GBPT-V3.xlsx","4799a4dae94addf2f5b96e8eb4beb5f2ca7683659fd262020c5f3a1f9ad45590","Data:2511","GBPT-V3 filename does not establish an observation year","UNRESOLVED_COMMISSIONING",""
"GEM:G100001035714","KH","Solar","2.7","","2025","25","Global-Solar-Power-Tracker-February-2025.xlsx","6b0e85e55da7a0db36175a87263140f08c9088fcb4d6c7280b111fb642ffbf25","1-20 MW:3252","Published dated tracker snapshot, original unit status operating; not file download date","RETIREMENT_PROVEN_BY_COMMISSIONING_UPPER_BOUND","2050"
"GEM:G100001054229","VN","Solid Biomass","30","","","20","Global-Bioenergy-Power-Tracker-GBPT-V3.xlsx","4799a4dae94addf2f5b96e8eb4beb5f2ca7683659fd262020c5f3a1f9ad45590","Data:2537","GBPT-V3 filename does not establish an observation year","UNRESOLVED_COMMISSIONING",""
"GEM:G100001054700","TH","Solid Biomass","10","","","20","Global-Bioenergy-Power-Tracker-GBPT-V3.xlsx","4799a4dae94addf2f5b96e8eb4beb5f2ca7683659fd262020c5f3a1f9ad45590","Data:2563","GBPT-V3 filename does not establish an observation year","UNRESOLVED_COMMISSIONING",""
"GEM:G100001029417","VN","Solar","1.4","","2025","25","Global-Solar-Power-Tracker-February-2025.xlsx","6b0e85e55da7a0db36175a87263140f08c9088fcb4d6c7280b111fb642ffbf25","1-20 MW:50427","Published dated tracker snapshot, original unit status operating; not file download date","RETIREMENT_PROVEN_BY_COMMISSIONING_UPPER_BOUND","2050"
"GEM:G100001054717","TH","Solid Biomass","10","","","20","Global-Bioenergy-Power-Tracker-GBPT-V3.xlsx","4799a4dae94addf2f5b96e8eb4beb5f2ca7683659fd262020c5f3a1f9ad45590","Data:2590","GBPT-V3 filename does not establish an observation year","UNRESOLVED_COMMISSIONING",""
"GEM:G100001054830","TH","Solid Biomass","10","","","20","Global-Bioenergy-Power-Tracker-GBPT-V3.xlsx","4799a4dae94addf2f5b96e8eb4beb5f2ca7683659fd262020c5f3a1f9ad45590","Data:2602","GBPT-V3 filename does not establish an observation year","UNRESOLVED_COMMISSIONING",""
"GEM:G100001029362","VN","Solar","2.1","","2025","25","Global-Solar-Power-Tracker-February-2025.xlsx","6b0e85e55da7a0db36175a87263140f08c9088fcb4d6c7280b111fb642ffbf25","1-20 MW:50445","Published dated tracker snapshot, original unit status operating; not file download date","RETIREMENT_PROVEN_BY_COMMISSIONING_UPPER_BOUND","2050"
"GEM:G100001029354","VN","Solar","2.3","","2025","25","Global-Solar-Power-Tracker-February-2025.xlsx","6b0e85e55da7a0db36175a87263140f08c9088fcb4d6c7280b111fb642ffbf25","1-20 MW:50444","Published dated tracker snapshot, original unit status operating; not file download date","RETIREMENT_PROVEN_BY_COMMISSIONING_UPPER_BOUND","2050"
"GEM:G100001054835","TH","Solid Biomass","20","","","20","Global-Bioenergy-Power-Tracker-GBPT-V3.xlsx","4799a4dae94addf2f5b96e8eb4beb5f2ca7683659fd262020c5f3a1f9ad45590","Data:2610","GBPT-V3 filename does not establish an observation year","UNRESOLVED_COMMISSIONING",""
"GEM:G100001055322","MY","Solid Biomass","14","","","20","Global-Bioenergy-Power-Tracker-GBPT-V3.xlsx","4799a4dae94addf2f5b96e8eb4beb5f2ca7683659fd262020c5f3a1f9ad45590","Data:2611","GBPT-V3 filename does not establish an observation year","UNRESOLVED_COMMISSIONING",""
"GEM:G100001028994","MM","Solar","1.1","","2025","25","Global-Solar-Power-Tracker-February-2025.xlsx","6b0e85e55da7a0db36175a87263140f08c9088fcb4d6c7280b111fb642ffbf25","1-20 MW:35369","Published dated tracker snapshot, original unit status operating; not file download date","RETIREMENT_PROVEN_BY_COMMISSIONING_UPPER_BOUND","2050"
"GEM:G100000834701","PH","Solar","32","","2025","25","Global-Solar-Power-Tracker-February-2025.xlsx","6b0e85e55da7a0db36175a87263140f08c9088fcb4d6c7280b111fb642ffbf25","20 MW+:19027","Published dated tracker snapshot, original unit status operating; not file download date","RETIREMENT_PROVEN_BY_COMMISSIONING_UPPER_BOUND","2050"
"GEM:G100001055333","MY","Solid Biomass","19.73","","","20","Global-Bioenergy-Power-Tracker-GBPT-V3.xlsx","4799a4dae94addf2f5b96e8eb4beb5f2ca7683659fd262020c5f3a1f9ad45590","Data:2625","GBPT-V3 filename does not establish an observation year","UNRESOLVED_COMMISSIONING",""
"GEM:G100001028938","MY","Solar","3.8","","2025","25","Global-Solar-Power-Tracker-February-2025.xlsx","6b0e85e55da7a0db36175a87263140f08c9088fcb4d6c7280b111fb642ffbf25","1-20 MW:35184","Published dated tracker snapshot, original unit status operating; not file download date","RETIREMENT_PROVEN_BY_COMMISSIONING_UPPER_BOUND","2050"
"GEM:G100001055399","MY","Solid Biomass","12.5","","","20","Global-Bioenergy-Power-Tracker-GBPT-V3.xlsx","4799a4dae94addf2f5b96e8eb4beb5f2ca7683659fd262020c5f3a1f9ad45590","Data:2801","GBPT-V3 filename does not establish an observation year","UNRESOLVED_COMMISSIONING",""
"GEM:G100001055403","MY","Solid Biomass","10","","","20","Global-Bioenergy-Power-Tracker-GBPT-V3.xlsx","4799a4dae94addf2f5b96e8eb4beb5f2ca7683659fd262020c5f3a1f9ad45590","Data:2802","GBPT-V3 filename does not establish an observation year","UNRESOLVED_COMMISSIONING",""
"GEM:G100001028992","MM","Solar","17.6","","2025","25","Global-Solar-Power-Tracker-February-2025.xlsx","6b0e85e55da7a0db36175a87263140f08c9088fcb4d6c7280b111fb642ffbf25","1-20 MW:35371","Published dated tracker snapshot, original unit status operating; not file download date","RETIREMENT_PROVEN_BY_COMMISSIONING_UPPER_BOUND","2050"
"GEM:G100000700358","ID","Geothermal","2","","2025","15","Geothermal-Power-Tracker-March-2025-Final.xlsx","d688f77d522eff263f54e615bbfcfe2f0a9c232e75b5d0ca94b3eeb34fd1ce92","Data:384","Published dated tracker snapshot, original unit status operating; not file download date","RETIREMENT_PROVEN_BY_COMMISSIONING_UPPER_BOUND","2040"
"GEM:G100000200086","TH","Solid Biomass","68","","","20","Global-Bioenergy-Power-Tracker-GBPT-V3.xlsx","4799a4dae94addf2f5b96e8eb4beb5f2ca7683659fd262020c5f3a1f9ad45590","Data:2902","GBPT-V3 filename does not establish an observation year","UNRESOLVED_COMMISSIONING",""
"GEM:G100001054836","TH","Solid Biomass","42","","","20","Global-Bioenergy-Power-Tracker-GBPT-V3.xlsx","4799a4dae94addf2f5b96e8eb4beb5f2ca7683659fd262020c5f3a1f9ad45590","Data:2904","GBPT-V3 filename does not establish an observation year","UNRESOLVED_COMMISSIONING",""
"GEM:G100000411278","PH","Oil","57.2","","2025","40","Global-Oil-and-Gas-Plant-Tracker-GOGPT-August-2025.xlsx","0a903cae9037bcc8f6223bd0642efaf8f28169fd0fef0d84e4ca0ecfb17da659","Gas & Oil Units:6598","Published dated tracker snapshot, original unit status operating; not file download date","UNRESOLVED_COMMISSIONING",""
"GEM:G100000411279","PH","Oil","36","","2025","40","Global-Oil-and-Gas-Plant-Tracker-GOGPT-August-2025.xlsx","0a903cae9037bcc8f6223bd0642efaf8f28169fd0fef0d84e4ca0ecfb17da659","sub-threshold units:935","Published dated tracker snapshot, original unit status operating; not file download date","UNRESOLVED_COMMISSIONING",""
"GEM:G100000411280","PH","Oil","24","","2025","40","Global-Oil-and-Gas-Plant-Tracker-GOGPT-August-2025.xlsx","0a903cae9037bcc8f6223bd0642efaf8f28169fd0fef0d84e4ca0ecfb17da659","sub-threshold units:934","Published dated tracker snapshot, original unit status operating; not file download date","UNRESOLVED_COMMISSIONING",""
"GEM:G100000411281","PH","Oil","56","","2025","40","Global-Oil-and-Gas-Plant-Tracker-GOGPT-August-2025.xlsx","0a903cae9037bcc8f6223bd0642efaf8f28169fd0fef0d84e4ca0ecfb17da659","Gas & Oil Units:6597","Published dated tracker snapshot, original unit status operating; not file download date","UNRESOLVED_COMMISSIONING",""
"GEM:G100000801361","PH","Solar","25","","2025","25","Global-Solar-Power-Tracker-February-2025.xlsx","6b0e85e55da7a0db36175a87263140f08c9088fcb4d6c7280b111fb642ffbf25","20 MW+:19079","Published dated tracker snapshot, original unit status operating; not file download date","RETIREMENT_PROVEN_BY_COMMISSIONING_UPPER_BOUND","2050"
"GEM:G100001054848","TH","Solid Biomass","10","","","20","Global-Bioenergy-Power-Tracker-GBPT-V3.xlsx","4799a4dae94addf2f5b96e8eb4beb5f2ca7683659fd262020c5f3a1f9ad45590","Data:2988","GBPT-V3 filename does not establish an observation year","UNRESOLVED_COMMISSIONING",""
"GEM:G100001054708","TH","Solid Biomass","10","","","20","Global-Bioenergy-Power-Tracker-GBPT-V3.xlsx","4799a4dae94addf2f5b96e8eb4beb5f2ca7683659fd262020c5f3a1f9ad45590","Data:2989","GBPT-V3 filename does not establish an observation year","UNRESOLVED_COMMISSIONING",""
"GEM:G100001054856","TH","Solid Biomass","10","","","20","Global-Bioenergy-Power-Tracker-GBPT-V3.xlsx","4799a4dae94addf2f5b96e8eb4beb5f2ca7683659fd262020c5f3a1f9ad45590","Data:2992","GBPT-V3 filename does not establish an observation year","UNRESOLVED_COMMISSIONING",""
"GEM:G100001054486","PH","Solid Biomass","15","","","20","Global-Bioenergy-Power-Tracker-GBPT-V3.xlsx","4799a4dae94addf2f5b96e8eb4beb5f2ca7683659fd262020c5f3a1f9ad45590","Data:3005","GBPT-V3 filename does not establish an observation year","UNRESOLVED_COMMISSIONING",""
"GEM:G100001055231","TH","Solid Biomass","33","","","20","Global-Bioenergy-Power-Tracker-GBPT-V3.xlsx","4799a4dae94addf2f5b96e8eb4beb5f2ca7683659fd262020c5f3a1f9ad45590","Data:3008","GBPT-V3 filename does not establish an observation year","UNRESOLVED_COMMISSIONING",""
"GEM:G100000200823","TH","Solid Biomass","37","","","20","Global-Bioenergy-Power-Tracker-GBPT-V3.xlsx","4799a4dae94addf2f5b96e8eb4beb5f2ca7683659fd262020c5f3a1f9ad45590","Data:3012","GBPT-V3 filename does not establish an observation year","UNRESOLVED_COMMISSIONING",""
"GEM:G100000200825","TH","Solid Biomass","37","","","20","Global-Bioenergy-Power-Tracker-GBPT-V3.xlsx","4799a4dae94addf2f5b96e8eb4beb5f2ca7683659fd262020c5f3a1f9ad45590","Data:3013","GBPT-V3 filename does not establish an observation year","UNRESOLVED_COMMISSIONING",""
"GEM:G100001028996","MM","Solar","2.1","","2025","25","Global-Solar-Power-Tracker-February-2025.xlsx","6b0e85e55da7a0db36175a87263140f08c9088fcb4d6c7280b111fb642ffbf25","1-20 MW:35373","Published dated tracker snapshot, original unit status operating; not file download date","RETIREMENT_PROVEN_BY_COMMISSIONING_UPPER_BOUND","2050"
"GEM:G100001029001","MM","Solar","3.6","","2025","25","Global-Solar-Power-Tracker-February-2025.xlsx","6b0e85e55da7a0db36175a87263140f08c9088fcb4d6c7280b111fb642ffbf25","1-20 MW:35374","Published dated tracker snapshot, original unit status operating; not file download date","RETIREMENT_PROVEN_BY_COMMISSIONING_UPPER_BOUND","2050"
"GEM:G100001029446","VN","Solar","1.3","","2025","25","Global-Solar-Power-Tracker-February-2025.xlsx","6b0e85e55da7a0db36175a87263140f08c9088fcb4d6c7280b111fb642ffbf25","1-20 MW:50490","Published dated tracker snapshot, original unit status operating; not file download date","RETIREMENT_PROVEN_BY_COMMISSIONING_UPPER_BOUND","2050"
"GEM:G100001029447","VN","Solar","1.3","","2025","25","Global-Solar-Power-Tracker-February-2025.xlsx","6b0e85e55da7a0db36175a87263140f08c9088fcb4d6c7280b111fb642ffbf25","1-20 MW:50491","Published dated tracker snapshot, original unit status operating; not file download date","RETIREMENT_PROVEN_BY_COMMISSIONING_UPPER_BOUND","2050"
"GEM:G100001054857","TH","Waste","10","","","25","Global-Bioenergy-Power-Tracker-GBPT-V3.xlsx","4799a4dae94addf2f5b96e8eb4beb5f2ca7683659fd262020c5f3a1f9ad45590","Data:3053","GBPT-V3 filename does not establish an observation year","UNRESOLVED_COMMISSIONING",""
"GEM:G100000801403","MM","Solar","30","","2025","25","Global-Solar-Power-Tracker-February-2025.xlsx","6b0e85e55da7a0db36175a87263140f08c9088fcb4d6c7280b111fb642ffbf25","20 MW+:18427","Published dated tracker snapshot, original unit status operating; not file download date","RETIREMENT_PROVEN_BY_COMMISSIONING_UPPER_BOUND","2050"
"GEM:G100001028953","MY","Solar","6.2","","2025","25","Global-Solar-Power-Tracker-February-2025.xlsx","6b0e85e55da7a0db36175a87263140f08c9088fcb4d6c7280b111fb642ffbf25","1-20 MW:35191","Published dated tracker snapshot, original unit status operating; not file download date","RETIREMENT_PROVEN_BY_COMMISSIONING_UPPER_BOUND","2050"
"GEM:G100001028973","MY","Solar","1.9","","2025","25","Global-Solar-Power-Tracker-February-2025.xlsx","6b0e85e55da7a0db36175a87263140f08c9088fcb4d6c7280b111fb642ffbf25","1-20 MW:35194","Published dated tracker snapshot, original unit status operating; not file download date","RETIREMENT_PROVEN_BY_COMMISSIONING_UPPER_BOUND","2050"
"GEM:G100001028936","MY","Solar","4.5","","2025","25","Global-Solar-Power-Tracker-February-2025.xlsx","6b0e85e55da7a0db36175a87263140f08c9088fcb4d6c7280b111fb642ffbf25","1-20 MW:35198","Published dated tracker snapshot, original unit status operating; not file download date","RETIREMENT_PROVEN_BY_COMMISSIONING_UPPER_BOUND","2050"
"GEM:G100001028956","MY","Solar","3.6","","2025","25","Global-Solar-Power-Tracker-February-2025.xlsx","6b0e85e55da7a0db36175a87263140f08c9088fcb4d6c7280b111fb642ffbf25","1-20 MW:35202","Published dated tracker snapshot, original unit status operating; not file download date","RETIREMENT_PROVEN_BY_COMMISSIONING_UPPER_BOUND","2050"
"GEM:G100001028954","MY","Solar","2.2","","2025","25","Global-Solar-Power-Tracker-February-2025.xlsx","6b0e85e55da7a0db36175a87263140f08c9088fcb4d6c7280b111fb642ffbf25","1-20 MW:35201","Published dated tracker snapshot, original unit status operating; not file download date","RETIREMENT_PROVEN_BY_COMMISSIONING_UPPER_BOUND","2050"
"GEM:G100001054868","TH","Solid Biomass","10","","","20","Global-Bioenergy-Power-Tracker-GBPT-V3.xlsx","4799a4dae94addf2f5b96e8eb4beb5f2ca7683659fd262020c5f3a1f9ad45590","Data:3179","GBPT-V3 filename does not establish an observation year","UNRESOLVED_COMMISSIONING",""
"GEM:G100001054889","TH","Solid Biomass","24","","","20","Global-Bioenergy-Power-Tracker-GBPT-V3.xlsx","4799a4dae94addf2f5b96e8eb4beb5f2ca7683659fd262020c5f3a1f9ad45590","Data:3241","GBPT-V3 filename does not establish an observation year","UNRESOLVED_COMMISSIONING",""
"GEM:G100001035711","KH","Solar","1.2","","2025","25","Global-Solar-Power-Tracker-February-2025.xlsx","6b0e85e55da7a0db36175a87263140f08c9088fcb4d6c7280b111fb642ffbf25","1-20 MW:3256","Published dated tracker snapshot, original unit status operating; not file download date","RETIREMENT_PROVEN_BY_COMMISSIONING_UPPER_BOUND","2050"
"GEM:G100001054713","TH","Solid Biomass","10","","","20","Global-Bioenergy-Power-Tracker-GBPT-V3.xlsx","4799a4dae94addf2f5b96e8eb4beb5f2ca7683659fd262020c5f3a1f9ad45590","Data:3346","GBPT-V3 filename does not establish an observation year","UNRESOLVED_COMMISSIONING",""
"GEM:G100000801501","TH","Solar","24","","2025","25","Global-Solar-Power-Tracker-February-2025.xlsx","6b0e85e55da7a0db36175a87263140f08c9088fcb4d6c7280b111fb642ffbf25","20 MW+:21530","Published dated tracker snapshot, original unit status operating; not file download date","RETIREMENT_PROVEN_BY_COMMISSIONING_UPPER_BOUND","2050"
"GEM:G100000411307","ID","CCGT","300","","2025","40","Global-Oil-and-Gas-Plant-Tracker-GOGPT-August-2025.xlsx","0a903cae9037bcc8f6223bd0642efaf8f28169fd0fef0d84e4ca0ecfb17da659","Gas & Oil Units:3848","Published dated tracker snapshot, original unit status operating; not file download date","UNRESOLVED_COMMISSIONING",""
"GEM:G100001054460","PH","Solid Biomass","20","","","20","Global-Bioenergy-Power-Tracker-GBPT-V3.xlsx","4799a4dae94addf2f5b96e8eb4beb5f2ca7683659fd262020c5f3a1f9ad45590","Data:3399","GBPT-V3 filename does not establish an observation year","UNRESOLVED_COMMISSIONING",""
"GEM:G100001055337","MY","Solid Biomass","15","","","20","Global-Bioenergy-Power-Tracker-GBPT-V3.xlsx","4799a4dae94addf2f5b96e8eb4beb5f2ca7683659fd262020c5f3a1f9ad45590","Data:3402","GBPT-V3 filename does not establish an observation year","UNRESOLVED_COMMISSIONING",""
"GEM:G100001055338","MY","Solid Biomass","11.4","","","20","Global-Bioenergy-Power-Tracker-GBPT-V3.xlsx","4799a4dae94addf2f5b96e8eb4beb5f2ca7683659fd262020c5f3a1f9ad45590","Data:3403","GBPT-V3 filename does not establish an observation year","UNRESOLVED_COMMISSIONING",""
"GEM:G100001028921","LA","Solar","3.8","","2025","25","Global-Solar-Power-Tracker-February-2025.xlsx","6b0e85e55da7a0db36175a87263140f08c9088fcb4d6c7280b111fb642ffbf25","1-20 MW:35057","Published dated tracker snapshot, original unit status operating; not file download date","RETIREMENT_PROVEN_BY_COMMISSIONING_UPPER_BOUND","2050"
"GEM:G100001054116","ID","Solid Biomass","6","","","20","Global-Bioenergy-Power-Tracker-GBPT-V3.xlsx","4799a4dae94addf2f5b96e8eb4beb5f2ca7683659fd262020c5f3a1f9ad45590","Data:3499","GBPT-V3 filename does not establish an observation year","UNRESOLVED_COMMISSIONING",""
"GEM:G100000413179","SG","CCGT","250","","2025","40","Global-Oil-and-Gas-Plant-Tracker-GOGPT-August-2025.xlsx","0a903cae9037bcc8f6223bd0642efaf8f28169fd0fef0d84e4ca0ecfb17da659","Gas & Oil Units:8294","Published dated tracker snapshot, original unit status operating; not file download date","UNRESOLVED_COMMISSIONING",""
"GEM:G100000413180","SG","CCGT","250","","2025","40","Global-Oil-and-Gas-Plant-Tracker-GOGPT-August-2025.xlsx","0a903cae9037bcc8f6223bd0642efaf8f28169fd0fef0d84e4ca0ecfb17da659","Gas & Oil Units:8293","Published dated tracker snapshot, original unit status operating; not file download date","UNRESOLVED_COMMISSIONING",""
"GEM:G100001054930","TH","Solid Biomass","10","","","20","Global-Bioenergy-Power-Tracker-GBPT-V3.xlsx","4799a4dae94addf2f5b96e8eb4beb5f2ca7683659fd262020c5f3a1f9ad45590","Data:3806","GBPT-V3 filename does not establish an observation year","UNRESOLVED_COMMISSIONING",""
"GEM:G100000700367","ID","Geothermal","10","","2025","15","Geothermal-Power-Tracker-March-2025-Final.xlsx","d688f77d522eff263f54e615bbfcfe2f0a9c232e75b5d0ca94b3eeb34fd1ce92","Data:614","Published dated tracker snapshot, original unit status operating; not file download date","RETIREMENT_PROVEN_BY_COMMISSIONING_UPPER_BOUND","2040"
"GEM:G100001055342","MY","Solid Biomass","12","","","20","Global-Bioenergy-Power-Tracker-GBPT-V3.xlsx","4799a4dae94addf2f5b96e8eb4beb5f2ca7683659fd262020c5f3a1f9ad45590","Data:3805","GBPT-V3 filename does not establish an observation year","UNRESOLVED_COMMISSIONING",""
"GEM:G100000834763","PH","Solar","1.2","","2025","25","Global-Solar-Power-Tracker-February-2025.xlsx","6b0e85e55da7a0db36175a87263140f08c9088fcb4d6c7280b111fb642ffbf25","1-20 MW:36013","Published dated tracker snapshot, original unit status operating; not file download date","RETIREMENT_PROVEN_BY_COMMISSIONING_UPPER_BOUND","2050"
"GEM:G100000200058","VN","Waste","30","","","25","Global-Bioenergy-Power-Tracker-GBPT-V3.xlsx","4799a4dae94addf2f5b96e8eb4beb5f2ca7683659fd262020c5f3a1f9ad45590","Data:3912","GBPT-V3 filename does not establish an observation year","UNRESOLVED_COMMISSIONING",""
"GEM:G100000700368","ID","Geothermal","3","","2025","15","Geothermal-Power-Tracker-March-2025-Final.xlsx","d688f77d522eff263f54e615bbfcfe2f0a9c232e75b5d0ca94b3eeb34fd1ce92","Data:621","Published dated tracker snapshot, original unit status operating; not file download date","RETIREMENT_PROVEN_BY_COMMISSIONING_UPPER_BOUND","2040"
"GEM:G100000700369","ID","Geothermal","3","","2025","15","Geothermal-Power-Tracker-March-2025-Final.xlsx","d688f77d522eff263f54e615bbfcfe2f0a9c232e75b5d0ca94b3eeb34fd1ce92","Data:622","Published dated tracker snapshot, original unit status operating; not file download date","RETIREMENT_PROVEN_BY_COMMISSIONING_UPPER_BOUND","2040"
"GEM:G100000901372","VN","Wind","46.2","","2025","25","Global-Wind-Power-Tracker-February-2025.xlsx","6cdaa148a2b8d668bf9f9a4cd87f955656318ddc21aef91eb62ea37dae322289","Data:29673","Published dated tracker snapshot, original unit status operating; not file download date","RETIREMENT_PROVEN_BY_COMMISSIONING_UPPER_BOUND","2050"
"GEM:G100001054944","TH","Solid Biomass","10","","","20","Global-Bioenergy-Power-Tracker-GBPT-V3.xlsx","4799a4dae94addf2f5b96e8eb4beb5f2ca7683659fd262020c5f3a1f9ad45590","Data:3928","GBPT-V3 filename does not establish an observation year","UNRESOLVED_COMMISSIONING",""
"GEM:G100001054952","TH","Solid Biomass","10","","","20","Global-Bioenergy-Power-Tracker-GBPT-V3.xlsx","4799a4dae94addf2f5b96e8eb4beb5f2ca7683659fd262020c5f3a1f9ad45590","Data:3951","GBPT-V3 filename does not establish an observation year","UNRESOLVED_COMMISSIONING",""
"GEM:G100001054954","TH","Solid Biomass","10","","","20","Global-Bioenergy-Power-Tracker-GBPT-V3.xlsx","4799a4dae94addf2f5b96e8eb4beb5f2ca7683659fd262020c5f3a1f9ad45590","Data:3952","GBPT-V3 filename does not establish an observation year","UNRESOLVED_COMMISSIONING",""
"GEM:G100001054963","TH","Solid Biomass","10","","","20","Global-Bioenergy-Power-Tracker-GBPT-V3.xlsx","4799a4dae94addf2f5b96e8eb4beb5f2ca7683659fd262020c5f3a1f9ad45590","Data:3953","GBPT-V3 filename does not establish an observation year","UNRESOLVED_COMMISSIONING",""
"GEM:G100000413195","ID","CCGT","50","","2025","40","Global-Oil-and-Gas-Plant-Tracker-GOGPT-August-2025.xlsx","0a903cae9037bcc8f6223bd0642efaf8f28169fd0fef0d84e4ca0ecfb17da659","Gas & Oil Units:3861","Published dated tracker snapshot, original unit status operating; not file download date","UNRESOLVED_COMMISSIONING",""
"GEM:G100000411306","ID","CCGT","110","","2025","40","Global-Oil-and-Gas-Plant-Tracker-GOGPT-August-2025.xlsx","0a903cae9037bcc8f6223bd0642efaf8f28169fd0fef0d84e4ca0ecfb17da659","Gas & Oil Units:3862","Published dated tracker snapshot, original unit status operating; not file download date","UNRESOLVED_COMMISSIONING",""
"GEM:G100001055034","TH","Solid Biomass","10","","","20","Global-Bioenergy-Power-Tracker-GBPT-V3.xlsx","4799a4dae94addf2f5b96e8eb4beb5f2ca7683659fd262020c5f3a1f9ad45590","Data:3973","GBPT-V3 filename does not establish an observation year","UNRESOLVED_COMMISSIONING",""
"GEM:G100001054702","TH","Solid Biomass","10","","","20","Global-Bioenergy-Power-Tracker-GBPT-V3.xlsx","4799a4dae94addf2f5b96e8eb4beb5f2ca7683659fd262020c5f3a1f9ad45590","Data:3975","GBPT-V3 filename does not establish an observation year","UNRESOLVED_COMMISSIONING",""
"GEM:G100001055038","TH","Solid Biomass","10","","","20","Global-Bioenergy-Power-Tracker-GBPT-V3.xlsx","4799a4dae94addf2f5b96e8eb4beb5f2ca7683659fd262020c5f3a1f9ad45590","Data:4013","GBPT-V3 filename does not establish an observation year","UNRESOLVED_COMMISSIONING",""
"GEM:G100001054457","PH","Solid Biomass","18","","","20","Global-Bioenergy-Power-Tracker-GBPT-V3.xlsx","4799a4dae94addf2f5b96e8eb4beb5f2ca7683659fd262020c5f3a1f9ad45590","Data:4008","GBPT-V3 filename does not establish an observation year","UNRESOLVED_COMMISSIONING",""
"GEM:G100001054233","VN","Solid Biomass","12","","","20","Global-Bioenergy-Power-Tracker-GBPT-V3.xlsx","4799a4dae94addf2f5b96e8eb4beb5f2ca7683659fd262020c5f3a1f9ad45590","Data:4025","GBPT-V3 filename does not establish an observation year","UNRESOLVED_COMMISSIONING",""
"GEM:G100001054234","VN","Solid Biomass","12","","","20","Global-Bioenergy-Power-Tracker-GBPT-V3.xlsx","4799a4dae94addf2f5b96e8eb4beb5f2ca7683659fd262020c5f3a1f9ad45590","Data:4026","GBPT-V3 filename does not establish an observation year","UNRESOLVED_COMMISSIONING",""
"GEM:G100001054685","TH","Solid Biomass","10","","","20","Global-Bioenergy-Power-Tracker-GBPT-V3.xlsx","4799a4dae94addf2f5b96e8eb4beb5f2ca7683659fd262020c5f3a1f9ad45590","Data:4028","GBPT-V3 filename does not establish an observation year","UNRESOLVED_COMMISSIONING",""
"GEM:G100001055230","TH","Waste","5","","","25","Global-Bioenergy-Power-Tracker-GBPT-V3.xlsx","4799a4dae94addf2f5b96e8eb4beb5f2ca7683659fd262020c5f3a1f9ad45590","Data:4050","GBPT-V3 filename does not establish an observation year","UNRESOLVED_COMMISSIONING",""
"GEM:G100001055229","TH","Waste","7","","","25","Global-Bioenergy-Power-Tracker-GBPT-V3.xlsx","4799a4dae94addf2f5b96e8eb4beb5f2ca7683659fd262020c5f3a1f9ad45590","Data:4051","GBPT-V3 filename does not establish an observation year","UNRESOLVED_COMMISSIONING",""
"GEM:G100001055228","TH","Waste","7","","","25","Global-Bioenergy-Power-Tracker-GBPT-V3.xlsx","4799a4dae94addf2f5b96e8eb4beb5f2ca7683659fd262020c5f3a1f9ad45590","Data:4052","GBPT-V3 filename does not establish an observation year","UNRESOLVED_COMMISSIONING",""
"GEM:G100001054687","TH","Solid Biomass","10","","","20","Global-Bioenergy-Power-Tracker-GBPT-V3.xlsx","4799a4dae94addf2f5b96e8eb4beb5f2ca7683659fd262020c5f3a1f9ad45590","Data:4053","GBPT-V3 filename does not establish an observation year","UNRESOLVED_COMMISSIONING",""
"GEM:G100001054686","TH","Waste","10","","","25","Global-Bioenergy-Power-Tracker-GBPT-V3.xlsx","4799a4dae94addf2f5b96e8eb4beb5f2ca7683659fd262020c5f3a1f9ad45590","Data:4054","GBPT-V3 filename does not establish an observation year","UNRESOLVED_COMMISSIONING",""
"GEM:G100001054683","TH","Solid Biomass","10","","","20","Global-Bioenergy-Power-Tracker-GBPT-V3.xlsx","4799a4dae94addf2f5b96e8eb4beb5f2ca7683659fd262020c5f3a1f9ad45590","Data:4059","GBPT-V3 filename does not establish an observation year","UNRESOLVED_COMMISSIONING",""
"GEM:G100000901103","TH","Wind","20","","2025","25","Global-Wind-Power-Tracker-February-2025.xlsx","6cdaa148a2b8d668bf9f9a4cd87f955656318ddc21aef91eb62ea37dae322289","Data:25605","Published dated tracker snapshot, original unit status operating; not file download date","RETIREMENT_PROVEN_BY_COMMISSIONING_UPPER_BOUND","2050"
"GEM:G100001029012","TH","Solar","6.3","","2025","25","Global-Solar-Power-Tracker-February-2025.xlsx","6b0e85e55da7a0db36175a87263140f08c9088fcb4d6c7280b111fb642ffbf25","1-20 MW:41651","Published dated tracker snapshot, original unit status operating; not file download date","RETIREMENT_PROVEN_BY_COMMISSIONING_UPPER_BOUND","2050"
"GEM:G100001029117","TH","Solar","6","","2025","25","Global-Solar-Power-Tracker-February-2025.xlsx","6b0e85e55da7a0db36175a87263140f08c9088fcb4d6c7280b111fb642ffbf25","1-20 MW:41503","Published dated tracker snapshot, original unit status operating; not file download date","RETIREMENT_PROVEN_BY_COMMISSIONING_UPPER_BOUND","2050"
"GEM:G100001029181","TH","Solar","2.4","","2025","25","Global-Solar-Power-Tracker-February-2025.xlsx","6b0e85e55da7a0db36175a87263140f08c9088fcb4d6c7280b111fb642ffbf25","1-20 MW:41510","Published dated tracker snapshot, original unit status operating; not file download date","RETIREMENT_PROVEN_BY_COMMISSIONING_UPPER_BOUND","2050"
"GEM:G100001029134","TH","Solar","1","","2025","25","Global-Solar-Power-Tracker-February-2025.xlsx","6b0e85e55da7a0db36175a87263140f08c9088fcb4d6c7280b111fb642ffbf25","1-20 MW:41578","Published dated tracker snapshot, original unit status operating; not file download date","RETIREMENT_PROVEN_BY_COMMISSIONING_UPPER_BOUND","2050"
"GEM:G100001029212","TH","Solar","1.2","","2025","25","Global-Solar-Power-Tracker-February-2025.xlsx","6b0e85e55da7a0db36175a87263140f08c9088fcb4d6c7280b111fb642ffbf25","1-20 MW:41532","Published dated tracker snapshot, original unit status operating; not file download date","RETIREMENT_PROVEN_BY_COMMISSIONING_UPPER_BOUND","2050"
"GEM:G100001029213","TH","Solar","1.1","","2025","25","Global-Solar-Power-Tracker-February-2025.xlsx","6b0e85e55da7a0db36175a87263140f08c9088fcb4d6c7280b111fb642ffbf25","1-20 MW:41534","Published dated tracker snapshot, original unit status operating; not file download date","RETIREMENT_PROVEN_BY_COMMISSIONING_UPPER_BOUND","2050"
"GEM:G100001029216","TH","Solar","1.3","","2025","25","Global-Solar-Power-Tracker-February-2025.xlsx","6b0e85e55da7a0db36175a87263140f08c9088fcb4d6c7280b111fb642ffbf25","1-20 MW:41537","Published dated tracker snapshot, original unit status operating; not file download date","RETIREMENT_PROVEN_BY_COMMISSIONING_UPPER_BOUND","2050"
"GEM:G100001029223","TH","Solar","2","","2025","25","Global-Solar-Power-Tracker-February-2025.xlsx","6b0e85e55da7a0db36175a87263140f08c9088fcb4d6c7280b111fb642ffbf25","1-20 MW:41541","Published dated tracker snapshot, original unit status operating; not file download date","RETIREMENT_PROVEN_BY_COMMISSIONING_UPPER_BOUND","2050"
"GEM:G100001029227","TH","Solar","1.2","","2025","25","Global-Solar-Power-Tracker-February-2025.xlsx","6b0e85e55da7a0db36175a87263140f08c9088fcb4d6c7280b111fb642ffbf25","1-20 MW:41546","Published dated tracker snapshot, original unit status operating; not file download date","RETIREMENT_PROVEN_BY_COMMISSIONING_UPPER_BOUND","2050"
"GEM:G100001029233","TH","Solar","1.2","","2025","25","Global-Solar-Power-Tracker-February-2025.xlsx","6b0e85e55da7a0db36175a87263140f08c9088fcb4d6c7280b111fb642ffbf25","1-20 MW:41555","Published dated tracker snapshot, original unit status operating; not file download date","RETIREMENT_PROVEN_BY_COMMISSIONING_UPPER_BOUND","2050"
"GEM:G100001029235","TH","Solar","2.1","","2025","25","Global-Solar-Power-Tracker-February-2025.xlsx","6b0e85e55da7a0db36175a87263140f08c9088fcb4d6c7280b111fb642ffbf25","1-20 MW:41557","Published dated tracker snapshot, original unit status operating; not file download date","RETIREMENT_PROVEN_BY_COMMISSIONING_UPPER_BOUND","2050"
"GEM:G100001029238","TH","Solar","2","","2025","25","Global-Solar-Power-Tracker-February-2025.xlsx","6b0e85e55da7a0db36175a87263140f08c9088fcb4d6c7280b111fb642ffbf25","1-20 MW:41561","Published dated tracker snapshot, original unit status operating; not file download date","RETIREMENT_PROVEN_BY_COMMISSIONING_UPPER_BOUND","2050"
"GEM:G100001029239","TH","Solar","1.2","","2025","25","Global-Solar-Power-Tracker-February-2025.xlsx","6b0e85e55da7a0db36175a87263140f08c9088fcb4d6c7280b111fb642ffbf25","1-20 MW:41562","Published dated tracker snapshot, original unit status operating; not file download date","RETIREMENT_PROVEN_BY_COMMISSIONING_UPPER_BOUND","2050"
"GEM:G100001029132","TH","Solar","1.1","","2025","25","Global-Solar-Power-Tracker-February-2025.xlsx","6b0e85e55da7a0db36175a87263140f08c9088fcb4d6c7280b111fb642ffbf25","1-20 MW:41565","Published dated tracker snapshot, original unit status operating; not file download date","RETIREMENT_PROVEN_BY_COMMISSIONING_UPPER_BOUND","2050"
"GEM:G100001029168","TH","Solar","1.7","","2025","25","Global-Solar-Power-Tracker-February-2025.xlsx","6b0e85e55da7a0db36175a87263140f08c9088fcb4d6c7280b111fb642ffbf25","1-20 MW:41570","Published dated tracker snapshot, original unit status operating; not file download date","RETIREMENT_PROVEN_BY_COMMISSIONING_UPPER_BOUND","2050"
"GEM:G100001029170","TH","Solar","2.4","","2025","25","Global-Solar-Power-Tracker-February-2025.xlsx","6b0e85e55da7a0db36175a87263140f08c9088fcb4d6c7280b111fb642ffbf25","1-20 MW:41572","Published dated tracker snapshot, original unit status operating; not file download date","RETIREMENT_PROVEN_BY_COMMISSIONING_UPPER_BOUND","2050"
"GEM:G100001029171","TH","Solar","3.3","","2025","25","Global-Solar-Power-Tracker-February-2025.xlsx","6b0e85e55da7a0db36175a87263140f08c9088fcb4d6c7280b111fb642ffbf25","1-20 MW:41574","Published dated tracker snapshot, original unit status operating; not file download date","RETIREMENT_PROVEN_BY_COMMISSIONING_UPPER_BOUND","2050"
"GEM:G100001029153","TH","Solar","1.1","","2025","25","Global-Solar-Power-Tracker-February-2025.xlsx","6b0e85e55da7a0db36175a87263140f08c9088fcb4d6c7280b111fb642ffbf25","1-20 MW:41594","Published dated tracker snapshot, original unit status operating; not file download date","RETIREMENT_PROVEN_BY_COMMISSIONING_UPPER_BOUND","2050"
"GEM:G100001029158","TH","Solar","3.5","","2025","25","Global-Solar-Power-Tracker-February-2025.xlsx","6b0e85e55da7a0db36175a87263140f08c9088fcb4d6c7280b111fb642ffbf25","1-20 MW:41599","Published dated tracker snapshot, original unit status operating; not file download date","RETIREMENT_PROVEN_BY_COMMISSIONING_UPPER_BOUND","2050"
"GEM:G100001029097","TH","Solar","1.4","","2025","25","Global-Solar-Power-Tracker-February-2025.xlsx","6b0e85e55da7a0db36175a87263140f08c9088fcb4d6c7280b111fb642ffbf25","1-20 MW:41641","Published dated tracker snapshot, original unit status operating; not file download date","RETIREMENT_PROVEN_BY_COMMISSIONING_UPPER_BOUND","2050"
"GEM:G100001029065","TH","Solar","4.7","","2025","25","Global-Solar-Power-Tracker-February-2025.xlsx","6b0e85e55da7a0db36175a87263140f08c9088fcb4d6c7280b111fb642ffbf25","1-20 MW:41611","Published dated tracker snapshot, original unit status operating; not file download date","RETIREMENT_PROVEN_BY_COMMISSIONING_UPPER_BOUND","2050"
"GEM:G100001029068","TH","Solar","5.4","","2025","25","Global-Solar-Power-Tracker-February-2025.xlsx","6b0e85e55da7a0db36175a87263140f08c9088fcb4d6c7280b111fb642ffbf25","1-20 MW:41615","Published dated tracker snapshot, original unit status operating; not file download date","RETIREMENT_PROVEN_BY_COMMISSIONING_UPPER_BOUND","2050"
"GEM:G100001029075","TH","Solar","2.1","","2025","25","Global-Solar-Power-Tracker-February-2025.xlsx","6b0e85e55da7a0db36175a87263140f08c9088fcb4d6c7280b111fb642ffbf25","1-20 MW:41620","Published dated tracker snapshot, original unit status operating; not file download date","RETIREMENT_PROVEN_BY_COMMISSIONING_UPPER_BOUND","2050"
"GEM:G100001029087","TH","Solar","3.9","","2025","25","Global-Solar-Power-Tracker-February-2025.xlsx","6b0e85e55da7a0db36175a87263140f08c9088fcb4d6c7280b111fb642ffbf25","1-20 MW:41633","Published dated tracker snapshot, original unit status operating; not file download date","RETIREMENT_PROVEN_BY_COMMISSIONING_UPPER_BOUND","2050"
"GEM:G100001029101","TH","Solar","5.8","","2025","25","Global-Solar-Power-Tracker-February-2025.xlsx","6b0e85e55da7a0db36175a87263140f08c9088fcb4d6c7280b111fb642ffbf25","1-20 MW:41646","Published dated tracker snapshot, original unit status operating; not file download date","RETIREMENT_PROVEN_BY_COMMISSIONING_UPPER_BOUND","2050"
"GEM:G100001029052","TH","Solar","7.6","","2025","25","Global-Solar-Power-Tracker-February-2025.xlsx","6b0e85e55da7a0db36175a87263140f08c9088fcb4d6c7280b111fb642ffbf25","1-20 MW:41670","Published dated tracker snapshot, original unit status operating; not file download date","RETIREMENT_PROVEN_BY_COMMISSIONING_UPPER_BOUND","2050"
"GEM:G100001029056","TH","Solar","5.2","","2025","25","Global-Solar-Power-Tracker-February-2025.xlsx","6b0e85e55da7a0db36175a87263140f08c9088fcb4d6c7280b111fb642ffbf25","1-20 MW:41675","Published dated tracker snapshot, original unit status operating; not file download date","RETIREMENT_PROVEN_BY_COMMISSIONING_UPPER_BOUND","2050"
"GEM:G100001029048","TH","Solar","4.3","","2025","25","Global-Solar-Power-Tracker-February-2025.xlsx","6b0e85e55da7a0db36175a87263140f08c9088fcb4d6c7280b111fb642ffbf25","1-20 MW:41696","Published dated tracker snapshot, original unit status operating; not file download date","RETIREMENT_PROVEN_BY_COMMISSIONING_UPPER_BOUND","2050"
"GEM:G100001055156","TH","Solid Biomass","26","","","20","Global-Bioenergy-Power-Tracker-GBPT-V3.xlsx","4799a4dae94addf2f5b96e8eb4beb5f2ca7683659fd262020c5f3a1f9ad45590","Data:4216","GBPT-V3 filename does not establish an observation year","UNRESOLVED_COMMISSIONING",""
"GEM:G100001029399","VN","Solar","2","","2025","25","Global-Solar-Power-Tracker-February-2025.xlsx","6b0e85e55da7a0db36175a87263140f08c9088fcb4d6c7280b111fb642ffbf25","1-20 MW:50548","Published dated tracker snapshot, original unit status operating; not file download date","RETIREMENT_PROVEN_BY_COMMISSIONING_UPPER_BOUND","2050"
"GEM:G100001029476","VN","Solar","1.7","","2025","25","Global-Solar-Power-Tracker-February-2025.xlsx","6b0e85e55da7a0db36175a87263140f08c9088fcb4d6c7280b111fb642ffbf25","1-20 MW:50558","Published dated tracker snapshot, original unit status operating; not file download date","RETIREMENT_PROVEN_BY_COMMISSIONING_UPPER_BOUND","2050"
"GEM:G100001029469","VN","Solar","1.3","","2025","25","Global-Solar-Power-Tracker-February-2025.xlsx","6b0e85e55da7a0db36175a87263140f08c9088fcb4d6c7280b111fb642ffbf25","1-20 MW:50557","Published dated tracker snapshot, original unit status operating; not file download date","RETIREMENT_PROVEN_BY_COMMISSIONING_UPPER_BOUND","2050"
"GEM:G100001054684","TH","Solid Biomass","10","","","20","Global-Bioenergy-Power-Tracker-GBPT-V3.xlsx","4799a4dae94addf2f5b96e8eb4beb5f2ca7683659fd262020c5f3a1f9ad45590","Data:4121","GBPT-V3 filename does not establish an observation year","UNRESOLVED_COMMISSIONING",""
"GEM:G100000834776","PH","Solar","5.9","","2025","25","Global-Solar-Power-Tracker-February-2025.xlsx","6b0e85e55da7a0db36175a87263140f08c9088fcb4d6c7280b111fb642ffbf25","1-20 MW:36018","Published dated tracker snapshot, original unit status operating; not file download date","RETIREMENT_PROVEN_BY_COMMISSIONING_UPPER_BOUND","2050"
"GEM:G100001029161","TH","Solar","2.7","","2025","25","Global-Solar-Power-Tracker-February-2025.xlsx","6b0e85e55da7a0db36175a87263140f08c9088fcb4d6c7280b111fb642ffbf25","1-20 MW:41707","Published dated tracker snapshot, original unit status operating; not file download date","RETIREMENT_PROVEN_BY_COMMISSIONING_UPPER_BOUND","2050"
"GEM:G100001055401","MY","Solid Biomass","12.5","","","20","Global-Bioenergy-Power-Tracker-GBPT-V3.xlsx","4799a4dae94addf2f5b96e8eb4beb5f2ca7683659fd262020c5f3a1f9ad45590","Data:4262","GBPT-V3 filename does not establish an observation year","UNRESOLVED_COMMISSIONING",""
"GEM:G100001029502","VN","Solar","2.7","","2025","25","Global-Solar-Power-Tracker-February-2025.xlsx","6b0e85e55da7a0db36175a87263140f08c9088fcb4d6c7280b111fb642ffbf25","1-20 MW:50590","Published dated tracker snapshot, original unit status operating; not file download date","RETIREMENT_PROVEN_BY_COMMISSIONING_UPPER_BOUND","2050"
"GEM:G100001055213","TH","Solid Biomass","10","","","20","Global-Bioenergy-Power-Tracker-GBPT-V3.xlsx","4799a4dae94addf2f5b96e8eb4beb5f2ca7683659fd262020c5f3a1f9ad45590","Data:4299","GBPT-V3 filename does not establish an observation year","UNRESOLVED_COMMISSIONING",""
"GEM:G100001029440","VN","Solar","1.8","","2025","25","Global-Solar-Power-Tracker-February-2025.xlsx","6b0e85e55da7a0db36175a87263140f08c9088fcb4d6c7280b111fb642ffbf25","1-20 MW:50600","Published dated tracker snapshot, original unit status operating; not file download date","RETIREMENT_PROVEN_BY_COMMISSIONING_UPPER_BOUND","2050"
"GPD:WRI1001957","PH","Hydro","80","","","100","/home/jin/.local/share/powerplantmatching/data/in/globalpowerplantdatabase_v_1_3_0.zip","59f3e57312a85eec3c281608e5f3c8f993d8fdad5dde179430dca42f2ac6ce99","WRI1001957","year_of_capacity_data absent; publication/download date is not an operating observation","OBSERVATION_YEAR_NOT_QUALIFIED",""
"GPD:WRI1026239","TH","Solar","1","","","25","/home/jin/.local/share/powerplantmatching/data/in/globalpowerplantdatabase_v_1_3_0.zip","59f3e57312a85eec3c281608e5f3c8f993d8fdad5dde179430dca42f2ac6ce99","WRI1026239","year_of_capacity_data absent; publication/download date is not an operating observation","OBSERVATION_YEAR_NOT_QUALIFIED",""
"GPD:WRI1030748","VN","Oil","13","","","40","/home/jin/.local/share/powerplantmatching/data/in/globalpowerplantdatabase_v_1_3_0.zip","59f3e57312a85eec3c281608e5f3c8f993d8fdad5dde179430dca42f2ac6ce99","WRI1030748","year_of_capacity_data absent; publication/download date is not an operating observation","OBSERVATION_YEAR_NOT_QUALIFIED",""
"GPD:WRI1000736","ID","Oil","56.284","","","40","/home/jin/.local/share/powerplantmatching/data/in/globalpowerplantdatabase_v_1_3_0.zip","59f3e57312a85eec3c281608e5f3c8f993d8fdad5dde179430dca42f2ac6ce99","WRI1000736","year_of_capacity_data absent; publication/download date is not an operating observation","OBSERVATION_YEAR_NOT_QUALIFIED",""
"GPD:WRI1030822","VN","Hydro","3","","","100","/home/jin/.local/share/powerplantmatching/data/in/globalpowerplantdatabase_v_1_3_0.zip","59f3e57312a85eec3c281608e5f3c8f993d8fdad5dde179430dca42f2ac6ce99","WRI1030822","year_of_capacity_data absent; publication/download date is not an operating observation","OBSERVATION_YEAR_NOT_QUALIFIED",""
"GPD:WRI1001966","PH","Oil","58.7","","","40","/home/jin/.local/share/powerplantmatching/data/in/globalpowerplantdatabase_v_1_3_0.zip","59f3e57312a85eec3c281608e5f3c8f993d8fdad5dde179430dca42f2ac6ce99","WRI1001966","year_of_capacity_data absent; publication/download date is not an operating observation","OBSERVATION_YEAR_NOT_QUALIFIED",""
"GPD:WRI1026228","TH","Solar","1.7","","","25","/home/jin/.local/share/powerplantmatching/data/in/globalpowerplantdatabase_v_1_3_0.zip","59f3e57312a85eec3c281608e5f3c8f993d8fdad5dde179430dca42f2ac6ce99","WRI1026228","year_of_capacity_data absent; publication/download date is not an operating observation","OBSERVATION_YEAR_NOT_QUALIFIED",""
"GPD:WKS0068564","KH","Solar","10","","","25","/home/jin/.local/share/powerplantmatching/data/in/globalpowerplantdatabase_v_1_3_0.zip","59f3e57312a85eec3c281608e5f3c8f993d8fdad5dde179430dca42f2ac6ce99","WKS0068564","year_of_capacity_data absent; publication/download date is not an operating observation","OBSERVATION_YEAR_NOT_QUALIFIED",""
"GPD:WRI1000743","ID","Hydro","3.85","","","100","/home/jin/.local/share/powerplantmatching/data/in/globalpowerplantdatabase_v_1_3_0.zip","59f3e57312a85eec3c281608e5f3c8f993d8fdad5dde179430dca42f2ac6ce99","WRI1000743","year_of_capacity_data absent; publication/download date is not an operating observation","OBSERVATION_YEAR_NOT_QUALIFIED",""
"GPD:WRI1000745","ID","Hydro","20.1","","","100","/home/jin/.local/share/powerplantmatching/data/in/globalpowerplantdatabase_v_1_3_0.zip","59f3e57312a85eec3c281608e5f3c8f993d8fdad5dde179430dca42f2ac6ce99","WRI1000745","year_of_capacity_data absent; publication/download date is not an operating observation","OBSERVATION_YEAR_NOT_QUALIFIED",""
"GPD:WRI1000746","ID","Oil","56.62","","","40","/home/jin/.local/share/powerplantmatching/data/in/globalpowerplantdatabase_v_1_3_0.zip","59f3e57312a85eec3c281608e5f3c8f993d8fdad5dde179430dca42f2ac6ce99","WRI1000746","year_of_capacity_data absent; publication/download date is not an operating observation","OBSERVATION_YEAR_NOT_QUALIFIED",""
"GPD:WRI1001899","PH","Hydro","22.8","","","100","/home/jin/.local/share/powerplantmatching/data/in/globalpowerplantdatabase_v_1_3_0.zip","59f3e57312a85eec3c281608e5f3c8f993d8fdad5dde179430dca42f2ac6ce99","WRI1001899","year_of_capacity_data absent; publication/download date is not an operating observation","OBSERVATION_YEAR_NOT_QUALIFIED",""
"GPD:WRI1030743","VN","Oil","24","","","40","/home/jin/.local/share/powerplantmatching/data/in/globalpowerplantdatabase_v_1_3_0.zip","59f3e57312a85eec3c281608e5f3c8f993d8fdad5dde179430dca42f2ac6ce99","WRI1030743","year_of_capacity_data absent; publication/download date is not an operating observation","OBSERVATION_YEAR_NOT_QUALIFIED",""
"GPD:WRI1030763","VN","Oil","39","","","40","/home/jin/.local/share/powerplantmatching/data/in/globalpowerplantdatabase_v_1_3_0.zip","59f3e57312a85eec3c281608e5f3c8f993d8fdad5dde179430dca42f2ac6ce99","WRI1030763","year_of_capacity_data absent; publication/download date is not an operating observation","OBSERVATION_YEAR_NOT_QUALIFIED",""
"GPD:WRI1001912","PH","Oil","30","","","40","/home/jin/.local/share/powerplantmatching/data/in/globalpowerplantdatabase_v_1_3_0.zip","59f3e57312a85eec3c281608e5f3c8f993d8fdad5dde179430dca42f2ac6ce99","WRI1001912","year_of_capacity_data absent; publication/download date is not an operating observation","OBSERVATION_YEAR_NOT_QUALIFIED",""
"GPD:WRI1001898","PH","Hydro","35","","","100","/home/jin/.local/share/powerplantmatching/data/in/globalpowerplantdatabase_v_1_3_0.zip","59f3e57312a85eec3c281608e5f3c8f993d8fdad5dde179430dca42f2ac6ce99","WRI1001898","year_of_capacity_data absent; publication/download date is not an operating observation","OBSERVATION_YEAR_NOT_QUALIFIED",""
"GPD:WRI1030733","VN","Oil","185","","","40","/home/jin/.local/share/powerplantmatching/data/in/globalpowerplantdatabase_v_1_3_0.zip","59f3e57312a85eec3c281608e5f3c8f993d8fdad5dde179430dca42f2ac6ce99","WRI1030733","year_of_capacity_data absent; publication/download date is not an operating observation","OBSERVATION_YEAR_NOT_QUALIFIED",""
"GPD:WRI1001947","PH","Solid Biomass","15","","","20","/home/jin/.local/share/powerplantmatching/data/in/globalpowerplantdatabase_v_1_3_0.zip","59f3e57312a85eec3c281608e5f3c8f993d8fdad5dde179430dca42f2ac6ce99","WRI1001947","year_of_capacity_data absent; publication/download date is not an operating observation","OBSERVATION_YEAR_NOT_QUALIFIED",""
"GPD:WRI1001938","PH","Oil","43.4","","","40","/home/jin/.local/share/powerplantmatching/data/in/globalpowerplantdatabase_v_1_3_0.zip","59f3e57312a85eec3c281608e5f3c8f993d8fdad5dde179430dca42f2ac6ce99","WRI1001938","year_of_capacity_data absent; publication/download date is not an operating observation","OBSERVATION_YEAR_NOT_QUALIFIED",""
"GPD:WRI1001921","PH","Hard Coal","106.8","","","45","/home/jin/.local/share/powerplantmatching/data/in/globalpowerplantdatabase_v_1_3_0.zip","59f3e57312a85eec3c281608e5f3c8f993d8fdad5dde179430dca42f2ac6ce99","WRI1001921","year_of_capacity_data absent; publication/download date is not an operating observation","OBSERVATION_YEAR_NOT_QUALIFIED",""
"GPD:WRI1030894","VN","Hydro","8","","","100","/home/jin/.local/share/powerplantmatching/data/in/globalpowerplantdatabase_v_1_3_0.zip","59f3e57312a85eec3c281608e5f3c8f993d8fdad5dde179430dca42f2ac6ce99","WRI1030894","year_of_capacity_data absent; publication/download date is not an operating observation","OBSERVATION_YEAR_NOT_QUALIFIED",""
"GPD:WRI1030896","VN","Hydro","4","","","100","/home/jin/.local/share/powerplantmatching/data/in/globalpowerplantdatabase_v_1_3_0.zip","59f3e57312a85eec3c281608e5f3c8f993d8fdad5dde179430dca42f2ac6ce99","WRI1030896","year_of_capacity_data absent; publication/download date is not an operating observation","OBSERVATION_YEAR_NOT_QUALIFIED",""
"GPD:WRI1026240","TH","Solar","1","","","25","/home/jin/.local/share/powerplantmatching/data/in/globalpowerplantdatabase_v_1_3_0.zip","59f3e57312a85eec3c281608e5f3c8f993d8fdad5dde179430dca42f2ac6ce99","WRI1026240","year_of_capacity_data absent; publication/download date is not an operating observation","OBSERVATION_YEAR_NOT_QUALIFIED",""
"GPD:WRI1000747","ID","Hydro","19.2","","","100","/home/jin/.local/share/powerplantmatching/data/in/globalpowerplantdatabase_v_1_3_0.zip","59f3e57312a85eec3c281608e5f3c8f993d8fdad5dde179430dca42f2ac6ce99","WRI1000747","year_of_capacity_data absent; publication/download date is not an operating observation","OBSERVATION_YEAR_NOT_QUALIFIED",""
"GPD:WRI1000806","ID","Hydro","6.87","","","100","/home/jin/.local/share/powerplantmatching/data/in/globalpowerplantdatabase_v_1_3_0.zip","59f3e57312a85eec3c281608e5f3c8f993d8fdad5dde179430dca42f2ac6ce99","WRI1000806","year_of_capacity_data absent; publication/download date is not an operating observation","OBSERVATION_YEAR_NOT_QUALIFIED",""
"GPD:WRI1001965","PH","Oil","10","","","40","/home/jin/.local/share/powerplantmatching/data/in/globalpowerplantdatabase_v_1_3_0.zip","59f3e57312a85eec3c281608e5f3c8f993d8fdad5dde179430dca42f2ac6ce99","WRI1001965","year_of_capacity_data absent; publication/download date is not an operating observation","OBSERVATION_YEAR_NOT_QUALIFIED",""
"GPD:WRI1030802","VN","Hydro","6","","","100","/home/jin/.local/share/powerplantmatching/data/in/globalpowerplantdatabase_v_1_3_0.zip","59f3e57312a85eec3c281608e5f3c8f993d8fdad5dde179430dca42f2ac6ce99","WRI1030802","year_of_capacity_data absent; publication/download date is not an operating observation","OBSERVATION_YEAR_NOT_QUALIFIED",""
"GPD:WRI1030746","VN","Hard Coal","310","","","45","/home/jin/.local/share/powerplantmatching/data/in/globalpowerplantdatabase_v_1_3_0.zip","59f3e57312a85eec3c281608e5f3c8f993d8fdad5dde179430dca42f2ac6ce99","WRI1030746","year_of_capacity_data absent; publication/download date is not an operating observation","OBSERVATION_YEAR_NOT_QUALIFIED",""
"GPD:WRI1000244","MY","CCGT","640","","","40","/home/jin/.local/share/powerplantmatching/data/in/globalpowerplantdatabase_v_1_3_0.zip","59f3e57312a85eec3c281608e5f3c8f993d8fdad5dde179430dca42f2ac6ce99","WRI1000244","year_of_capacity_data absent; publication/download date is not an operating observation","OBSERVATION_YEAR_NOT_QUALIFIED",""
"GPD:WRI1000248","MY","CCGT","762","","","40","/home/jin/.local/share/powerplantmatching/data/in/globalpowerplantdatabase_v_1_3_0.zip","59f3e57312a85eec3c281608e5f3c8f993d8fdad5dde179430dca42f2ac6ce99","WRI1000248","year_of_capacity_data absent; publication/download date is not an operating observation","OBSERVATION_YEAR_NOT_QUALIFIED",""
"GPD:WRI1030753","VN","Solid Biomass","12","","","20","/home/jin/.local/share/powerplantmatching/data/in/globalpowerplantdatabase_v_1_3_0.zip","59f3e57312a85eec3c281608e5f3c8f993d8fdad5dde179430dca42f2ac6ce99","WRI1030753","year_of_capacity_data absent; publication/download date is not an operating observation","OBSERVATION_YEAR_NOT_QUALIFIED",""
"GPD:WRI1000755","ID","Hydro","3.2","","","100","/home/jin/.local/share/powerplantmatching/data/in/globalpowerplantdatabase_v_1_3_0.zip","59f3e57312a85eec3c281608e5f3c8f993d8fdad5dde179430dca42f2ac6ce99","WRI1000755","year_of_capacity_data absent; publication/download date is not an operating observation","OBSERVATION_YEAR_NOT_QUALIFIED",""
"GPD:WRI1000756","ID","Hydro","2.7","","","100","/home/jin/.local/share/powerplantmatching/data/in/globalpowerplantdatabase_v_1_3_0.zip","59f3e57312a85eec3c281608e5f3c8f993d8fdad5dde179430dca42f2ac6ce99","WRI1000756","year_of_capacity_data absent; publication/download date is not an operating observation","OBSERVATION_YEAR_NOT_QUALIFIED",""
"GPD:WRI1001936","PH","Oil","3.4","","","40","/home/jin/.local/share/powerplantmatching/data/in/globalpowerplantdatabase_v_1_3_0.zip","59f3e57312a85eec3c281608e5f3c8f993d8fdad5dde179430dca42f2ac6ce99","WRI1001936","year_of_capacity_data absent; publication/download date is not an operating observation","OBSERVATION_YEAR_NOT_QUALIFIED",""
"GPD:WRI1000758","ID","Oil","25.536","","","40","/home/jin/.local/share/powerplantmatching/data/in/globalpowerplantdatabase_v_1_3_0.zip","59f3e57312a85eec3c281608e5f3c8f993d8fdad5dde179430dca42f2ac6ce99","WRI1000758","year_of_capacity_data absent; publication/download date is not an operating observation","OBSERVATION_YEAR_NOT_QUALIFIED",""
"GPD:WRI1026241","TH","Solar","1","","","25","/home/jin/.local/share/powerplantmatching/data/in/globalpowerplantdatabase_v_1_3_0.zip","59f3e57312a85eec3c281608e5f3c8f993d8fdad5dde179430dca42f2ac6ce99","WRI1026241","year_of_capacity_data absent; publication/download date is not an operating observation","OBSERVATION_YEAR_NOT_QUALIFIED",""
"GPD:WRI1030824","VN","Hydro","1.2","","","100","/home/jin/.local/share/powerplantmatching/data/in/globalpowerplantdatabase_v_1_3_0.zip","59f3e57312a85eec3c281608e5f3c8f993d8fdad5dde179430dca42f2ac6ce99","WRI1030824","year_of_capacity_data absent; publication/download date is not an operating observation","OBSERVATION_YEAR_NOT_QUALIFIED",""
"GPD:WRI1000245","MY","CCGT","2420","","","40","/home/jin/.local/share/powerplantmatching/data/in/globalpowerplantdatabase_v_1_3_0.zip","59f3e57312a85eec3c281608e5f3c8f993d8fdad5dde179430dca42f2ac6ce99","WRI1000245","year_of_capacity_data absent; publication/download date is not an operating observation","OBSERVATION_YEAR_NOT_QUALIFIED",""
"GPD:WRI1000769","ID","Oil","21.084","","","40","/home/jin/.local/share/powerplantmatching/data/in/globalpowerplantdatabase_v_1_3_0.zip","59f3e57312a85eec3c281608e5f3c8f993d8fdad5dde179430dca42f2ac6ce99","WRI1000769","year_of_capacity_data absent; publication/download date is not an operating observation","OBSERVATION_YEAR_NOT_QUALIFIED",""
"GPD:WRI1000771","ID","Oil","36.3","","","40","/home/jin/.local/share/powerplantmatching/data/in/globalpowerplantdatabase_v_1_3_0.zip","59f3e57312a85eec3c281608e5f3c8f993d8fdad5dde179430dca42f2ac6ce99","WRI1000771","year_of_capacity_data absent; publication/download date is not an operating observation","OBSERVATION_YEAR_NOT_QUALIFIED",""
"GPD:WRI1000772","ID","Hydro","8.04","","","100","/home/jin/.local/share/powerplantmatching/data/in/globalpowerplantdatabase_v_1_3_0.zip","59f3e57312a85eec3c281608e5f3c8f993d8fdad5dde179430dca42f2ac6ce99","WRI1000772","year_of_capacity_data absent; publication/download date is not an operating observation","OBSERVATION_YEAR_NOT_QUALIFIED",""
"GPD:WRI1026242","TH","Solar","1","","","25","/home/jin/.local/share/powerplantmatching/data/in/globalpowerplantdatabase_v_1_3_0.zip","59f3e57312a85eec3c281608e5f3c8f993d8fdad5dde179430dca42f2ac6ce99","WRI1026242","year_of_capacity_data absent; publication/download date is not an operating observation","OBSERVATION_YEAR_NOT_QUALIFIED",""
"GPD:WRI1000773","ID","Hydro","1.117","","","100","/home/jin/.local/share/powerplantmatching/data/in/globalpowerplantdatabase_v_1_3_0.zip","59f3e57312a85eec3c281608e5f3c8f993d8fdad5dde179430dca42f2ac6ce99","WRI1000773","year_of_capacity_data absent; publication/download date is not an operating observation","OBSERVATION_YEAR_NOT_QUALIFIED",""
"GPD:WRI1000776","ID","Hydro","18.9","","","100","/home/jin/.local/share/powerplantmatching/data/in/globalpowerplantdatabase_v_1_3_0.zip","59f3e57312a85eec3c281608e5f3c8f993d8fdad5dde179430dca42f2ac6ce99","WRI1000776","year_of_capacity_data absent; publication/download date is not an operating observation","OBSERVATION_YEAR_NOT_QUALIFIED",""
"GPD:WKS0069823","MY","Solar","50","","","25","/home/jin/.local/share/powerplantmatching/data/in/globalpowerplantdatabase_v_1_3_0.zip","59f3e57312a85eec3c281608e5f3c8f993d8fdad5dde179430dca42f2ac6ce99","WKS0069823","year_of_capacity_data absent; publication/download date is not an operating observation","OBSERVATION_YEAR_NOT_QUALIFIED",""
"GPD:WRI1000777","ID","Geothermal","20","","","15","/home/jin/.local/share/powerplantmatching/data/in/globalpowerplantdatabase_v_1_3_0.zip","59f3e57312a85eec3c281608e5f3c8f993d8fdad5dde179430dca42f2ac6ce99","WRI1000777","year_of_capacity_data absent; publication/download date is not an operating observation","OBSERVATION_YEAR_NOT_QUALIFIED",""
"GPD:WRI1000779","ID","Hydro","19.56","","","100","/home/jin/.local/share/powerplantmatching/data/in/globalpowerplantdatabase_v_1_3_0.zip","59f3e57312a85eec3c281608e5f3c8f993d8fdad5dde179430dca42f2ac6ce99","WRI1000779","year_of_capacity_data absent; publication/download date is not an operating observation","OBSERVATION_YEAR_NOT_QUALIFIED",""
"GPD:WRI1030735","VN","Solid Biomass","10","","","20","/home/jin/.local/share/powerplantmatching/data/in/globalpowerplantdatabase_v_1_3_0.zip","59f3e57312a85eec3c281608e5f3c8f993d8fdad5dde179430dca42f2ac6ce99","WRI1030735","year_of_capacity_data absent; publication/download date is not an operating observation","OBSERVATION_YEAR_NOT_QUALIFIED",""
"GPD:WKS0061762","PH","Solar","30.4","","","25","/home/jin/.local/share/powerplantmatching/data/in/globalpowerplantdatabase_v_1_3_0.zip","59f3e57312a85eec3c281608e5f3c8f993d8fdad5dde179430dca42f2ac6ce99","WKS0061762","year_of_capacity_data absent; publication/download date is not an operating observation","OBSERVATION_YEAR_NOT_QUALIFIED",""
"GPD:WRI1001884","PH","Oil","620","","","40","/home/jin/.local/share/powerplantmatching/data/in/globalpowerplantdatabase_v_1_3_0.zip","59f3e57312a85eec3c281608e5f3c8f993d8fdad5dde179430dca42f2ac6ce99","WRI1001884","year_of_capacity_data absent; publication/download date is not an operating observation","OBSERVATION_YEAR_NOT_QUALIFIED",""
"GPD:WRI1000783","ID","Hydro","4.5","","","100","/home/jin/.local/share/powerplantmatching/data/in/globalpowerplantdatabase_v_1_3_0.zip","59f3e57312a85eec3c281608e5f3c8f993d8fdad5dde179430dca42f2ac6ce99","WRI1000783","year_of_capacity_data absent; publication/download date is not an operating observation","OBSERVATION_YEAR_NOT_QUALIFIED",""
"GPD:WKS0073965","VN","Solar","49","","","25","/home/jin/.local/share/powerplantmatching/data/in/globalpowerplantdatabase_v_1_3_0.zip","59f3e57312a85eec3c281608e5f3c8f993d8fdad5dde179430dca42f2ac6ce99","WKS0073965","year_of_capacity_data absent; publication/download date is not an operating observation","OBSERVATION_YEAR_NOT_QUALIFIED",""
"GPD:WRI1026278","TH","Solar","3.7","","","25","/home/jin/.local/share/powerplantmatching/data/in/globalpowerplantdatabase_v_1_3_0.zip","59f3e57312a85eec3c281608e5f3c8f993d8fdad5dde179430dca42f2ac6ce99","WRI1026278","year_of_capacity_data absent; publication/download date is not an operating observation","OBSERVATION_YEAR_NOT_QUALIFIED",""
"GPD:WRI1026280","TH","Solar","2","","","25","/home/jin/.local/share/powerplantmatching/data/in/globalpowerplantdatabase_v_1_3_0.zip","59f3e57312a85eec3c281608e5f3c8f993d8fdad5dde179430dca42f2ac6ce99","WRI1026280","year_of_capacity_data absent; publication/download date is not an operating observation","OBSERVATION_YEAR_NOT_QUALIFIED",""
"GPD:WRI1026281","TH","Solar","2","","","25","/home/jin/.local/share/powerplantmatching/data/in/globalpowerplantdatabase_v_1_3_0.zip","59f3e57312a85eec3c281608e5f3c8f993d8fdad5dde179430dca42f2ac6ce99","WRI1026281","year_of_capacity_data absent; publication/download date is not an operating observation","OBSERVATION_YEAR_NOT_QUALIFIED",""
"GPD:WRI1026282","TH","Solar","4","","","25","/home/jin/.local/share/powerplantmatching/data/in/globalpowerplantdatabase_v_1_3_0.zip","59f3e57312a85eec3c281608e5f3c8f993d8fdad5dde179430dca42f2ac6ce99","WRI1026282","year_of_capacity_data absent; publication/download date is not an operating observation","OBSERVATION_YEAR_NOT_QUALIFIED",""
"GPD:WRI1026279","TH","Solar","2","","","25","/home/jin/.local/share/powerplantmatching/data/in/globalpowerplantdatabase_v_1_3_0.zip","59f3e57312a85eec3c281608e5f3c8f993d8fdad5dde179430dca42f2ac6ce99","WRI1026279","year_of_capacity_data absent; publication/download date is not an operating observation","OBSERVATION_YEAR_NOT_QUALIFIED",""
"GPD:WRI1026243","TH","Solar","1","","","25","/home/jin/.local/share/powerplantmatching/data/in/globalpowerplantdatabase_v_1_3_0.zip","59f3e57312a85eec3c281608e5f3c8f993d8fdad5dde179430dca42f2ac6ce99","WRI1026243","year_of_capacity_data absent; publication/download date is not an operating observation","OBSERVATION_YEAR_NOT_QUALIFIED",""
"GPD:WKS0063763","TH","Solar","40","","","25","/home/jin/.local/share/powerplantmatching/data/in/globalpowerplantdatabase_v_1_3_0.zip","59f3e57312a85eec3c281608e5f3c8f993d8fdad5dde179430dca42f2ac6ce99","WKS0063763","year_of_capacity_data absent; publication/download date is not an operating observation","OBSERVATION_YEAR_NOT_QUALIFIED",""
"GPD:WKS0062076","TH","Solar","9.5","","","25","/home/jin/.local/share/powerplantmatching/data/in/globalpowerplantdatabase_v_1_3_0.zip","59f3e57312a85eec3c281608e5f3c8f993d8fdad5dde179430dca42f2ac6ce99","WKS0062076","year_of_capacity_data absent; publication/download date is not an operating observation","OBSERVATION_YEAR_NOT_QUALIFIED",""
"GPD:WKS0070660","PH","Solar","20","","","25","/home/jin/.local/share/powerplantmatching/data/in/globalpowerplantdatabase_v_1_3_0.zip","59f3e57312a85eec3c281608e5f3c8f993d8fdad5dde179430dca42f2ac6ce99","WKS0070660","year_of_capacity_data absent; publication/download date is not an operating observation","OBSERVATION_YEAR_NOT_QUALIFIED",""
"GPD:WRI1000260","MY","Oil","44","","","40","/home/jin/.local/share/powerplantmatching/data/in/globalpowerplantdatabase_v_1_3_0.zip","59f3e57312a85eec3c281608e5f3c8f993d8fdad5dde179430dca42f2ac6ce99","WRI1000260","year_of_capacity_data absent; publication/download date is not an operating observation","OBSERVATION_YEAR_NOT_QUALIFIED",""
"GPD:WRI1000788","ID","Hydro","23","","","100","/home/jin/.local/share/powerplantmatching/data/in/globalpowerplantdatabase_v_1_3_0.zip","59f3e57312a85eec3c281608e5f3c8f993d8fdad5dde179430dca42f2ac6ce99","WRI1000788","year_of_capacity_data absent; publication/download date is not an operating observation","OBSERVATION_YEAR_NOT_QUALIFIED",""
"GPD:WRI1000791","ID","Oil","35","","","40","/home/jin/.local/share/powerplantmatching/data/in/globalpowerplantdatabase_v_1_3_0.zip","59f3e57312a85eec3c281608e5f3c8f993d8fdad5dde179430dca42f2ac6ce99","WRI1000791","year_of_capacity_data absent; publication/download date is not an operating observation","OBSERVATION_YEAR_NOT_QUALIFIED",""
"GPD:WRI1019445","TH","Solid Biomass","27","","","20","/home/jin/.local/share/powerplantmatching/data/in/globalpowerplantdatabase_v_1_3_0.zip","59f3e57312a85eec3c281608e5f3c8f993d8fdad5dde179430dca42f2ac6ce99","WRI1019445","year_of_capacity_data absent; publication/download date is not an operating observation","OBSERVATION_YEAR_NOT_QUALIFIED",""
"GPD:WRI1019453","TH","Solid Biomass","10.8","","","20","/home/jin/.local/share/powerplantmatching/data/in/globalpowerplantdatabase_v_1_3_0.zip","59f3e57312a85eec3c281608e5f3c8f993d8fdad5dde179430dca42f2ac6ce99","WRI1019453","year_of_capacity_data absent; publication/download date is not an operating observation","OBSERVATION_YEAR_NOT_QUALIFIED",""
"GPD:WRI1061362","MM","CCGT","34.7","","","40","/home/jin/.local/share/powerplantmatching/data/in/globalpowerplantdatabase_v_1_3_0.zip","59f3e57312a85eec3c281608e5f3c8f993d8fdad5dde179430dca42f2ac6ce99","WRI1061362","year_of_capacity_data absent; publication/download date is not an operating observation","OBSERVATION_YEAR_NOT_QUALIFIED",""
"GPD:WRI1026244","TH","Solar","1","","","25","/home/jin/.local/share/powerplantmatching/data/in/globalpowerplantdatabase_v_1_3_0.zip","59f3e57312a85eec3c281608e5f3c8f993d8fdad5dde179430dca42f2ac6ce99","WRI1026244","year_of_capacity_data absent; publication/download date is not an operating observation","OBSERVATION_YEAR_NOT_QUALIFIED",""
"GPD:WRI1026245","TH","Solar","1","","","25","/home/jin/.local/share/powerplantmatching/data/in/globalpowerplantdatabase_v_1_3_0.zip","59f3e57312a85eec3c281608e5f3c8f993d8fdad5dde179430dca42f2ac6ce99","WRI1026245","year_of_capacity_data absent; publication/download date is not an operating observation","OBSERVATION_YEAR_NOT_QUALIFIED",""
"GPD:WRI1030914","VN","Hydro","5","","","100","/home/jin/.local/share/powerplantmatching/data/in/globalpowerplantdatabase_v_1_3_0.zip","59f3e57312a85eec3c281608e5f3c8f993d8fdad5dde179430dca42f2ac6ce99","WRI1030914","year_of_capacity_data absent; publication/download date is not an operating observation","OBSERVATION_YEAR_NOT_QUALIFIED",""
"GPD:WRI1030994","VN","Hydro","7.5","","","100","/home/jin/.local/share/powerplantmatching/data/in/globalpowerplantdatabase_v_1_3_0.zip","59f3e57312a85eec3c281608e5f3c8f993d8fdad5dde179430dca42f2ac6ce99","WRI1030994","year_of_capacity_data absent; publication/download date is not an operating observation","OBSERVATION_YEAR_NOT_QUALIFIED",""
"GPD:WRI1026797","LA","Hydro","5","","","100","/home/jin/.local/share/powerplantmatching/data/in/globalpowerplantdatabase_v_1_3_0.zip","59f3e57312a85eec3c281608e5f3c8f993d8fdad5dde179430dca42f2ac6ce99","WRI1026797","year_of_capacity_data absent; publication/download date is not an operating observation","OBSERVATION_YEAR_NOT_QUALIFIED",""
"GPD:WRI1030887","VN","Hydro","24","","","100","/home/jin/.local/share/powerplantmatching/data/in/globalpowerplantdatabase_v_1_3_0.zip","59f3e57312a85eec3c281608e5f3c8f993d8fdad5dde179430dca42f2ac6ce99","WRI1030887","year_of_capacity_data absent; publication/download date is not an operating observation","OBSERVATION_YEAR_NOT_QUALIFIED",""
"GPD:WRI1026798","LA","Hydro","14.5","","","100","/home/jin/.local/share/powerplantmatching/data/in/globalpowerplantdatabase_v_1_3_0.zip","59f3e57312a85eec3c281608e5f3c8f993d8fdad5dde179430dca42f2ac6ce99","WRI1026798","year_of_capacity_data absent; publication/download date is not an operating observation","OBSERVATION_YEAR_NOT_QUALIFIED",""
"GPD:WRI1026799","LA","Hydro","44","","","100","/home/jin/.local/share/powerplantmatching/data/in/globalpowerplantdatabase_v_1_3_0.zip","59f3e57312a85eec3c281608e5f3c8f993d8fdad5dde179430dca42f2ac6ce99","WRI1026799","year_of_capacity_data absent; publication/download date is not an operating observation","OBSERVATION_YEAR_NOT_QUALIFIED",""
"GPD:WRI1026800","LA","Hydro","19.2","","","100","/home/jin/.local/share/powerplantmatching/data/in/globalpowerplantdatabase_v_1_3_0.zip","59f3e57312a85eec3c281608e5f3c8f993d8fdad5dde179430dca42f2ac6ce99","WRI1026800","year_of_capacity_data absent; publication/download date is not an operating observation","OBSERVATION_YEAR_NOT_QUALIFIED",""
"GPD:WRI1026801","LA","Hydro","5","","","100","/home/jin/.local/share/powerplantmatching/data/in/globalpowerplantdatabase_v_1_3_0.zip","59f3e57312a85eec3c281608e5f3c8f993d8fdad5dde179430dca42f2ac6ce99","WRI1026801","year_of_capacity_data absent; publication/download date is not an operating observation","OBSERVATION_YEAR_NOT_QUALIFIED",""
"GPD:WRI1026802","LA","Hydro","14","","","100","/home/jin/.local/share/powerplantmatching/data/in/globalpowerplantdatabase_v_1_3_0.zip","59f3e57312a85eec3c281608e5f3c8f993d8fdad5dde179430dca42f2ac6ce99","WRI1026802","year_of_capacity_data absent; publication/download date is not an operating observation","OBSERVATION_YEAR_NOT_QUALIFIED",""
"GPD:WRI1026803","LA","Hydro","9.36","","","100","/home/jin/.local/share/powerplantmatching/data/in/globalpowerplantdatabase_v_1_3_0.zip","59f3e57312a85eec3c281608e5f3c8f993d8fdad5dde179430dca42f2ac6ce99","WRI1026803","year_of_capacity_data absent; publication/download date is not an operating observation","OBSERVATION_YEAR_NOT_QUALIFIED",""
"GPD:WRI1000793","ID","Hydro","2.2","","","100","/home/jin/.local/share/powerplantmatching/data/in/globalpowerplantdatabase_v_1_3_0.zip","59f3e57312a85eec3c281608e5f3c8f993d8fdad5dde179430dca42f2ac6ce99","WRI1000793","year_of_capacity_data absent; publication/download date is not an operating observation","OBSERVATION_YEAR_NOT_QUALIFIED",""
"GPD:WRI1030760","VN","Hard Coal","100","","","45","/home/jin/.local/share/powerplantmatching/data/in/globalpowerplantdatabase_v_1_3_0.zip","59f3e57312a85eec3c281608e5f3c8f993d8fdad5dde179430dca42f2ac6ce99","WRI1030760","year_of_capacity_data absent; publication/download date is not an operating observation","OBSERVATION_YEAR_NOT_QUALIFIED",""
"GPD:WKS0067920","VN","Solar","168","","","25","/home/jin/.local/share/powerplantmatching/data/in/globalpowerplantdatabase_v_1_3_0.zip","59f3e57312a85eec3c281608e5f3c8f993d8fdad5dde179430dca42f2ac6ce99","WKS0067920","year_of_capacity_data absent; publication/download date is not an operating observation","OBSERVATION_YEAR_NOT_QUALIFIED",""
"GPD:WRI1000257","MY","CCGT","780","","","40","/home/jin/.local/share/powerplantmatching/data/in/globalpowerplantdatabase_v_1_3_0.zip","59f3e57312a85eec3c281608e5f3c8f993d8fdad5dde179430dca42f2ac6ce99","WRI1000257","year_of_capacity_data absent; publication/download date is not an operating observation","OBSERVATION_YEAR_NOT_QUALIFIED",""
"GPD:WRI1000258","MY","CCGT","1136","","","40","/home/jin/.local/share/powerplantmatching/data/in/globalpowerplantdatabase_v_1_3_0.zip","59f3e57312a85eec3c281608e5f3c8f993d8fdad5dde179430dca42f2ac6ce99","WRI1000258","year_of_capacity_data absent; publication/download date is not an operating observation","OBSERVATION_YEAR_NOT_QUALIFIED",""
"GPD:WRI1001951","PH","Oil","32","","","40","/home/jin/.local/share/powerplantmatching/data/in/globalpowerplantdatabase_v_1_3_0.zip","59f3e57312a85eec3c281608e5f3c8f993d8fdad5dde179430dca42f2ac6ce99","WRI1001951","year_of_capacity_data absent; publication/download date is not an operating observation","OBSERVATION_YEAR_NOT_QUALIFIED",""
"GPD:WRI1001931","PH","Oil","32","","","40","/home/jin/.local/share/powerplantmatching/data/in/globalpowerplantdatabase_v_1_3_0.zip","59f3e57312a85eec3c281608e5f3c8f993d8fdad5dde179430dca42f2ac6ce99","WRI1001931","year_of_capacity_data absent; publication/download date is not an operating observation","OBSERVATION_YEAR_NOT_QUALIFIED",""
"GPD:WRI1000801","ID","Hydro","1.4","","","100","/home/jin/.local/share/powerplantmatching/data/in/globalpowerplantdatabase_v_1_3_0.zip","59f3e57312a85eec3c281608e5f3c8f993d8fdad5dde179430dca42f2ac6ce99","WRI1000801","year_of_capacity_data absent; publication/download date is not an operating observation","OBSERVATION_YEAR_NOT_QUALIFIED",""
"GPD:WRI1000802","ID","Oil","45","","","40","/home/jin/.local/share/powerplantmatching/data/in/globalpowerplantdatabase_v_1_3_0.zip","59f3e57312a85eec3c281608e5f3c8f993d8fdad5dde179430dca42f2ac6ce99","WRI1000802","year_of_capacity_data absent; publication/download date is not an operating observation","OBSERVATION_YEAR_NOT_QUALIFIED",""
"GPD:WRI1001913","PH","Oil","9","","","40","/home/jin/.local/share/powerplantmatching/data/in/globalpowerplantdatabase_v_1_3_0.zip","59f3e57312a85eec3c281608e5f3c8f993d8fdad5dde179430dca42f2ac6ce99","WRI1001913","year_of_capacity_data absent; publication/download date is not an operating observation","OBSERVATION_YEAR_NOT_QUALIFIED",""
"GPD:WRI1026246","TH","Solar","1","","","25","/home/jin/.local/share/powerplantmatching/data/in/globalpowerplantdatabase_v_1_3_0.zip","59f3e57312a85eec3c281608e5f3c8f993d8fdad5dde179430dca42f2ac6ce99","WRI1026246","year_of_capacity_data absent; publication/download date is not an operating observation","OBSERVATION_YEAR_NOT_QUALIFIED",""
"GPD:WRI1030737","VN","Wind","6","","","25","/home/jin/.local/share/powerplantmatching/data/in/globalpowerplantdatabase_v_1_3_0.zip","59f3e57312a85eec3c281608e5f3c8f993d8fdad5dde179430dca42f2ac6ce99","WRI1030737","year_of_capacity_data absent; publication/download date is not an operating observation","OBSERVATION_YEAR_NOT_QUALIFIED",""
"GPD:WRI1000817","ID","CCGT","260","","","40","/home/jin/.local/share/powerplantmatching/data/in/globalpowerplantdatabase_v_1_3_0.zip","59f3e57312a85eec3c281608e5f3c8f993d8fdad5dde179430dca42f2ac6ce99","WRI1000817","year_of_capacity_data absent; publication/download date is not an operating observation","OBSERVATION_YEAR_NOT_QUALIFIED",""
"GPD:WRI1000818","ID","CCGT","105","","","40","/home/jin/.local/share/powerplantmatching/data/in/globalpowerplantdatabase_v_1_3_0.zip","59f3e57312a85eec3c281608e5f3c8f993d8fdad5dde179430dca42f2ac6ce99","WRI1000818","year_of_capacity_data absent; publication/download date is not an operating observation","OBSERVATION_YEAR_NOT_QUALIFIED",""
"GPD:WRI1000821","ID","CCGT","150","","","40","/home/jin/.local/share/powerplantmatching/data/in/globalpowerplantdatabase_v_1_3_0.zip","59f3e57312a85eec3c281608e5f3c8f993d8fdad5dde179430dca42f2ac6ce99","WRI1000821","year_of_capacity_data absent; publication/download date is not an operating observation","OBSERVATION_YEAR_NOT_QUALIFIED",""
"GPD:WRI1000822","ID","CCGT","55","","","40","/home/jin/.local/share/powerplantmatching/data/in/globalpowerplantdatabase_v_1_3_0.zip","59f3e57312a85eec3c281608e5f3c8f993d8fdad5dde179430dca42f2ac6ce99","WRI1000822","year_of_capacity_data absent; publication/download date is not an operating observation","OBSERVATION_YEAR_NOT_QUALIFIED",""
"GPD:WRI1000833","ID","CCGT","145","","","40","/home/jin/.local/share/powerplantmatching/data/in/globalpowerplantdatabase_v_1_3_0.zip","59f3e57312a85eec3c281608e5f3c8f993d8fdad5dde179430dca42f2ac6ce99","WRI1000833","year_of_capacity_data absent; publication/download date is not an operating observation","OBSERVATION_YEAR_NOT_QUALIFIED",""
"GPD:WRI1000834","ID","CCGT","65","","","40","/home/jin/.local/share/powerplantmatching/data/in/globalpowerplantdatabase_v_1_3_0.zip","59f3e57312a85eec3c281608e5f3c8f993d8fdad5dde179430dca42f2ac6ce99","WRI1000834","year_of_capacity_data absent; publication/download date is not an operating observation","OBSERVATION_YEAR_NOT_QUALIFIED",""
"GPD:WRI1000844","ID","CCGT","97","","","40","/home/jin/.local/share/powerplantmatching/data/in/globalpowerplantdatabase_v_1_3_0.zip","59f3e57312a85eec3c281608e5f3c8f993d8fdad5dde179430dca42f2ac6ce99","WRI1000844","year_of_capacity_data absent; publication/download date is not an operating observation","OBSERVATION_YEAR_NOT_QUALIFIED",""
"GPD:WRI1000845","ID","CCGT","122","","","40","/home/jin/.local/share/powerplantmatching/data/in/globalpowerplantdatabase_v_1_3_0.zip","59f3e57312a85eec3c281608e5f3c8f993d8fdad5dde179430dca42f2ac6ce99","WRI1000845","year_of_capacity_data absent; publication/download date is not an operating observation","OBSERVATION_YEAR_NOT_QUALIFIED",""
"GPD:WRI1000846","ID","CCGT","52","","","40","/home/jin/.local/share/powerplantmatching/data/in/globalpowerplantdatabase_v_1_3_0.zip","59f3e57312a85eec3c281608e5f3c8f993d8fdad5dde179430dca42f2ac6ce99","WRI1000846","year_of_capacity_data absent; publication/download date is not an operating observation","OBSERVATION_YEAR_NOT_QUALIFIED",""
"GPD:WRI1000885","ID","CCGT","1180","","","40","/home/jin/.local/share/powerplantmatching/data/in/globalpowerplantdatabase_v_1_3_0.zip","59f3e57312a85eec3c281608e5f3c8f993d8fdad5dde179430dca42f2ac6ce99","WRI1000885","year_of_capacity_data absent; publication/download date is not an operating observation","OBSERVATION_YEAR_NOT_QUALIFIED",""
"GPD:WRI1000858","ID","CCGT","23","","","40","/home/jin/.local/share/powerplantmatching/data/in/globalpowerplantdatabase_v_1_3_0.zip","59f3e57312a85eec3c281608e5f3c8f993d8fdad5dde179430dca42f2ac6ce99","WRI1000858","year_of_capacity_data absent; publication/download date is not an operating observation","OBSERVATION_YEAR_NOT_QUALIFIED",""
"GPD:WRI1000859","ID","CCGT","123","","","40","/home/jin/.local/share/powerplantmatching/data/in/globalpowerplantdatabase_v_1_3_0.zip","59f3e57312a85eec3c281608e5f3c8f993d8fdad5dde179430dca42f2ac6ce99","WRI1000859","year_of_capacity_data absent; publication/download date is not an operating observation","OBSERVATION_YEAR_NOT_QUALIFIED",""
"GPD:WRI1000867","ID","CCGT","9","","","40","/home/jin/.local/share/powerplantmatching/data/in/globalpowerplantdatabase_v_1_3_0.zip","59f3e57312a85eec3c281608e5f3c8f993d8fdad5dde179430dca42f2ac6ce99","WRI1000867","year_of_capacity_data absent; publication/download date is not an operating observation","OBSERVATION_YEAR_NOT_QUALIFIED",""
"GPD:WRI1000868","ID","CCGT","2","","","40","/home/jin/.local/share/powerplantmatching/data/in/globalpowerplantdatabase_v_1_3_0.zip","59f3e57312a85eec3c281608e5f3c8f993d8fdad5dde179430dca42f2ac6ce99","WRI1000868","year_of_capacity_data absent; publication/download date is not an operating observation","OBSERVATION_YEAR_NOT_QUALIFIED",""
"GPD:WRI1000894","ID","CCGT","24","","","40","/home/jin/.local/share/powerplantmatching/data/in/globalpowerplantdatabase_v_1_3_0.zip","59f3e57312a85eec3c281608e5f3c8f993d8fdad5dde179430dca42f2ac6ce99","WRI1000894","year_of_capacity_data absent; publication/download date is not an operating observation","OBSERVATION_YEAR_NOT_QUALIFIED",""
"GPD:WRI1000898","ID","CCGT","2","","","40","/home/jin/.local/share/powerplantmatching/data/in/globalpowerplantdatabase_v_1_3_0.zip","59f3e57312a85eec3c281608e5f3c8f993d8fdad5dde179430dca42f2ac6ce99","WRI1000898","year_of_capacity_data absent; publication/download date is not an operating observation","OBSERVATION_YEAR_NOT_QUALIFIED",""
"GPD:WRI1000904","ID","CCGT","8","","","40","/home/jin/.local/share/powerplantmatching/data/in/globalpowerplantdatabase_v_1_3_0.zip","59f3e57312a85eec3c281608e5f3c8f993d8fdad5dde179430dca42f2ac6ce99","WRI1000904","year_of_capacity_data absent; publication/download date is not an operating observation","OBSERVATION_YEAR_NOT_QUALIFIED",""
"GPD:WRI1000918","ID","Hard Coal","2","","","45","/home/jin/.local/share/powerplantmatching/data/in/globalpowerplantdatabase_v_1_3_0.zip","59f3e57312a85eec3c281608e5f3c8f993d8fdad5dde179430dca42f2ac6ce99","WRI1000918","year_of_capacity_data absent; publication/download date is not an operating observation","OBSERVATION_YEAR_NOT_QUALIFIED",""
"GPD:WRI1000920","ID","Hard Coal","600","","","45","/home/jin/.local/share/powerplantmatching/data/in/globalpowerplantdatabase_v_1_3_0.zip","59f3e57312a85eec3c281608e5f3c8f993d8fdad5dde179430dca42f2ac6ce99","WRI1000920","year_of_capacity_data absent; publication/download date is not an operating observation","OBSERVATION_YEAR_NOT_QUALIFIED",""
"GPD:WRI1000929","ID","Hard Coal","600","","","45","/home/jin/.local/share/powerplantmatching/data/in/globalpowerplantdatabase_v_1_3_0.zip","59f3e57312a85eec3c281608e5f3c8f993d8fdad5dde179430dca42f2ac6ce99","WRI1000929","year_of_capacity_data absent; publication/download date is not an operating observation","OBSERVATION_YEAR_NOT_QUALIFIED",""
"GPD:WRI1000932","ID","Hard Coal","5","","","45","/home/jin/.local/share/powerplantmatching/data/in/globalpowerplantdatabase_v_1_3_0.zip","59f3e57312a85eec3c281608e5f3c8f993d8fdad5dde179430dca42f2ac6ce99","WRI1000932","year_of_capacity_data absent; publication/download date is not an operating observation","OBSERVATION_YEAR_NOT_QUALIFIED",""
"GPD:WRI1000907","ID","Hard Coal","250","","","45","/home/jin/.local/share/powerplantmatching/data/in/globalpowerplantdatabase_v_1_3_0.zip","59f3e57312a85eec3c281608e5f3c8f993d8fdad5dde179430dca42f2ac6ce99","WRI1000907","year_of_capacity_data absent; publication/download date is not an operating observation","OBSERVATION_YEAR_NOT_QUALIFIED",""
"GPD:WRI1000943","ID","Hard Coal","200","","","45","/home/jin/.local/share/powerplantmatching/data/in/globalpowerplantdatabase_v_1_3_0.zip","59f3e57312a85eec3c281608e5f3c8f993d8fdad5dde179430dca42f2ac6ce99","WRI1000943","year_of_capacity_data absent; publication/download date is not an operating observation","OBSERVATION_YEAR_NOT_QUALIFIED",""
"GPD:WRI1000965","ID","Hard Coal","34","","","45","/home/jin/.local/share/powerplantmatching/data/in/globalpowerplantdatabase_v_1_3_0.zip","59f3e57312a85eec3c281608e5f3c8f993d8fdad5dde179430dca42f2ac6ce99","WRI1000965","year_of_capacity_data absent; publication/download date is not an operating observation","OBSERVATION_YEAR_NOT_QUALIFIED",""
"GPD:WRI1000945","ID","Hard Coal","25","","","45","/home/jin/.local/share/powerplantmatching/data/in/globalpowerplantdatabase_v_1_3_0.zip","59f3e57312a85eec3c281608e5f3c8f993d8fdad5dde179430dca42f2ac6ce99","WRI1000945","year_of_capacity_data absent; publication/download date is not an operating observation","OBSERVATION_YEAR_NOT_QUALIFIED",""
"GPD:WRI1000947","ID","Hard Coal","30","","","45","/home/jin/.local/share/powerplantmatching/data/in/globalpowerplantdatabase_v_1_3_0.zip","59f3e57312a85eec3c281608e5f3c8f993d8fdad5dde179430dca42f2ac6ce99","WRI1000947","year_of_capacity_data absent; publication/download date is not an operating observation","OBSERVATION_YEAR_NOT_QUALIFIED",""
"GPD:WRI1000975","ID","Hard Coal","14","","","45","/home/jin/.local/share/powerplantmatching/data/in/globalpowerplantdatabase_v_1_3_0.zip","59f3e57312a85eec3c281608e5f3c8f993d8fdad5dde179430dca42f2ac6ce99","WRI1000975","year_of_capacity_data absent; publication/download date is not an operating observation","OBSERVATION_YEAR_NOT_QUALIFIED",""
"GPD:WRI1000981","ID","Hard Coal","27","","","45","/home/jin/.local/share/powerplantmatching/data/in/globalpowerplantdatabase_v_1_3_0.zip","59f3e57312a85eec3c281608e5f3c8f993d8fdad5dde179430dca42f2ac6ce99","WRI1000981","year_of_capacity_data absent; publication/download date is not an operating observation","OBSERVATION_YEAR_NOT_QUALIFIED",""
"GPD:WRI1000985","ID","Hard Coal","7.5","","","45","/home/jin/.local/share/powerplantmatching/data/in/globalpowerplantdatabase_v_1_3_0.zip","59f3e57312a85eec3c281608e5f3c8f993d8fdad5dde179430dca42f2ac6ce99","WRI1000985","year_of_capacity_data absent; publication/download date is not an operating observation","OBSERVATION_YEAR_NOT_QUALIFIED",""
"GPD:WRI1000949","ID","Hard Coal","14","","","45","/home/jin/.local/share/powerplantmatching/data/in/globalpowerplantdatabase_v_1_3_0.zip","59f3e57312a85eec3c281608e5f3c8f993d8fdad5dde179430dca42f2ac6ce99","WRI1000949","year_of_capacity_data absent; publication/download date is not an operating observation","OBSERVATION_YEAR_NOT_QUALIFIED",""
"GPD:WRI1000950","ID","Hard Coal","2.5","","","45","/home/jin/.local/share/powerplantmatching/data/in/globalpowerplantdatabase_v_1_3_0.zip","59f3e57312a85eec3c281608e5f3c8f993d8fdad5dde179430dca42f2ac6ce99","WRI1000950","year_of_capacity_data absent; publication/download date is not an operating observation","OBSERVATION_YEAR_NOT_QUALIFIED",""
"GPD:WRI1000954","ID","Hard Coal","400","","","45","/home/jin/.local/share/powerplantmatching/data/in/globalpowerplantdatabase_v_1_3_0.zip","59f3e57312a85eec3c281608e5f3c8f993d8fdad5dde179430dca42f2ac6ce99","WRI1000954","year_of_capacity_data absent; publication/download date is not an operating observation","OBSERVATION_YEAR_NOT_QUALIFIED",""
"GPD:WRI1000906","ID","Hard Coal","30","","","45","/home/jin/.local/share/powerplantmatching/data/in/globalpowerplantdatabase_v_1_3_0.zip","59f3e57312a85eec3c281608e5f3c8f993d8fdad5dde179430dca42f2ac6ce99","WRI1000906","year_of_capacity_data absent; publication/download date is not an operating observation","OBSERVATION_YEAR_NOT_QUALIFIED",""
"GPD:WRI1000966","ID","Hard Coal","14","","","45","/home/jin/.local/share/powerplantmatching/data/in/globalpowerplantdatabase_v_1_3_0.zip","59f3e57312a85eec3c281608e5f3c8f993d8fdad5dde179430dca42f2ac6ce99","WRI1000966","year_of_capacity_data absent; publication/download date is not an operating observation","OBSERVATION_YEAR_NOT_QUALIFIED",""
"GPD:WRI1000970","ID","Hard Coal","100","","","45","/home/jin/.local/share/powerplantmatching/data/in/globalpowerplantdatabase_v_1_3_0.zip","59f3e57312a85eec3c281608e5f3c8f993d8fdad5dde179430dca42f2ac6ce99","WRI1000970","year_of_capacity_data absent; publication/download date is not an operating observation","OBSERVATION_YEAR_NOT_QUALIFIED",""
"GPD:WRI1000972","ID","Hard Coal","100","","","45","/home/jin/.local/share/powerplantmatching/data/in/globalpowerplantdatabase_v_1_3_0.zip","59f3e57312a85eec3c281608e5f3c8f993d8fdad5dde179430dca42f2ac6ce99","WRI1000972","year_of_capacity_data absent; publication/download date is not an operating observation","OBSERVATION_YEAR_NOT_QUALIFIED",""
"GPD:WRI1000974","ID","Hard Coal","30","","","45","/home/jin/.local/share/powerplantmatching/data/in/globalpowerplantdatabase_v_1_3_0.zip","59f3e57312a85eec3c281608e5f3c8f993d8fdad5dde179430dca42f2ac6ce99","WRI1000974","year_of_capacity_data absent; publication/download date is not an operating observation","OBSERVATION_YEAR_NOT_QUALIFIED",""
"GPD:WRI1000978","ID","Hard Coal","227","","","45","/home/jin/.local/share/powerplantmatching/data/in/globalpowerplantdatabase_v_1_3_0.zip","59f3e57312a85eec3c281608e5f3c8f993d8fdad5dde179430dca42f2ac6ce99","WRI1000978","year_of_capacity_data absent; publication/download date is not an operating observation","OBSERVATION_YEAR_NOT_QUALIFIED",""
"GPD:WRI1000983","ID","Hard Coal","60","","","45","/home/jin/.local/share/powerplantmatching/data/in/globalpowerplantdatabase_v_1_3_0.zip","59f3e57312a85eec3c281608e5f3c8f993d8fdad5dde179430dca42f2ac6ce99","WRI1000983","year_of_capacity_data absent; publication/download date is not an operating observation","OBSERVATION_YEAR_NOT_QUALIFIED",""
"GPD:WRI1000997","ID","Hard Coal","25","","","45","/home/jin/.local/share/powerplantmatching/data/in/globalpowerplantdatabase_v_1_3_0.zip","59f3e57312a85eec3c281608e5f3c8f993d8fdad5dde179430dca42f2ac6ce99","WRI1000997","year_of_capacity_data absent; publication/download date is not an operating observation","OBSERVATION_YEAR_NOT_QUALIFIED",""
"GPD:WRI1000999","ID","Hard Coal","70","","","45","/home/jin/.local/share/powerplantmatching/data/in/globalpowerplantdatabase_v_1_3_0.zip","59f3e57312a85eec3c281608e5f3c8f993d8fdad5dde179430dca42f2ac6ce99","WRI1000999","year_of_capacity_data absent; publication/download date is not an operating observation","OBSERVATION_YEAR_NOT_QUALIFIED",""
"GPD:WKS0065025","TH","Solar","50","","","25","/home/jin/.local/share/powerplantmatching/data/in/globalpowerplantdatabase_v_1_3_0.zip","59f3e57312a85eec3c281608e5f3c8f993d8fdad5dde179430dca42f2ac6ce99","WKS0065025","year_of_capacity_data absent; publication/download date is not an operating observation","OBSERVATION_YEAR_NOT_QUALIFIED",""
"GPD:WRI1026247","TH","Solar","1","","","25","/home/jin/.local/share/powerplantmatching/data/in/globalpowerplantdatabase_v_1_3_0.zip","59f3e57312a85eec3c281608e5f3c8f993d8fdad5dde179430dca42f2ac6ce99","WRI1026247","year_of_capacity_data absent; publication/download date is not an operating observation","OBSERVATION_YEAR_NOT_QUALIFIED",""
"GPD:WRI1001004","ID","Hydro","30","","","100","/home/jin/.local/share/powerplantmatching/data/in/globalpowerplantdatabase_v_1_3_0.zip","59f3e57312a85eec3c281608e5f3c8f993d8fdad5dde179430dca42f2ac6ce99","WRI1001004","year_of_capacity_data absent; publication/download date is not an operating observation","OBSERVATION_YEAR_NOT_QUALIFIED",""
"GPD:WRI1030833","VN","Hydro","3.6","","","100","/home/jin/.local/share/powerplantmatching/data/in/globalpowerplantdatabase_v_1_3_0.zip","59f3e57312a85eec3c281608e5f3c8f993d8fdad5dde179430dca42f2ac6ce99","WRI1030833","year_of_capacity_data absent; publication/download date is not an operating observation","OBSERVATION_YEAR_NOT_QUALIFIED",""
"GPD:WRI1026305","TH","Solar","3","","","25","/home/jin/.local/share/powerplantmatching/data/in/globalpowerplantdatabase_v_1_3_0.zip","59f3e57312a85eec3c281608e5f3c8f993d8fdad5dde179430dca42f2ac6ce99","WRI1026305","year_of_capacity_data absent; publication/download date is not an operating observation","OBSERVATION_YEAR_NOT_QUALIFIED",""
"GPD:WRI1026310","TH","Solar","3","","","25","/home/jin/.local/share/powerplantmatching/data/in/globalpowerplantdatabase_v_1_3_0.zip","59f3e57312a85eec3c281608e5f3c8f993d8fdad5dde179430dca42f2ac6ce99","WRI1026310","year_of_capacity_data absent; publication/download date is not an operating observation","OBSERVATION_YEAR_NOT_QUALIFIED",""
"GPD:WRI1001945","PH","Solid Biomass","8.3","","","20","/home/jin/.local/share/powerplantmatching/data/in/globalpowerplantdatabase_v_1_3_0.zip","59f3e57312a85eec3c281608e5f3c8f993d8fdad5dde179430dca42f2ac6ce99","WRI1001945","year_of_capacity_data absent; publication/download date is not an operating observation","OBSERVATION_YEAR_NOT_QUALIFIED",""
"GPD:WKS0070648","PH","Solar","10","","","25","/home/jin/.local/share/powerplantmatching/data/in/globalpowerplantdatabase_v_1_3_0.zip","59f3e57312a85eec3c281608e5f3c8f993d8fdad5dde179430dca42f2ac6ce99","WKS0070648","year_of_capacity_data absent; publication/download date is not an operating observation","OBSERVATION_YEAR_NOT_QUALIFIED",""
"GPD:WRI1000265","MY","Oil","34","","","40","/home/jin/.local/share/powerplantmatching/data/in/globalpowerplantdatabase_v_1_3_0.zip","59f3e57312a85eec3c281608e5f3c8f993d8fdad5dde179430dca42f2ac6ce99","WRI1000265","year_of_capacity_data absent; publication/download date is not an operating observation","OBSERVATION_YEAR_NOT_QUALIFIED",""
"GPD:WRI1030883","VN","Hydro","21","","","100","/home/jin/.local/share/powerplantmatching/data/in/globalpowerplantdatabase_v_1_3_0.zip","59f3e57312a85eec3c281608e5f3c8f993d8fdad5dde179430dca42f2ac6ce99","WRI1030883","year_of_capacity_data absent; publication/download date is not an operating observation","OBSERVATION_YEAR_NOT_QUALIFIED",""
"GPD:WRI1026314","TH","Solar","8","","","25","/home/jin/.local/share/powerplantmatching/data/in/globalpowerplantdatabase_v_1_3_0.zip","59f3e57312a85eec3c281608e5f3c8f993d8fdad5dde179430dca42f2ac6ce99","WRI1026314","year_of_capacity_data absent; publication/download date is not an operating observation","OBSERVATION_YEAR_NOT_QUALIFIED",""
"GPD:WKS0070671","PH","Solar","10","","","25","/home/jin/.local/share/powerplantmatching/data/in/globalpowerplantdatabase_v_1_3_0.zip","59f3e57312a85eec3c281608e5f3c8f993d8fdad5dde179430dca42f2ac6ce99","WKS0070671","year_of_capacity_data absent; publication/download date is not an operating observation","OBSERVATION_YEAR_NOT_QUALIFIED",""
"GPD:WRI1001009","ID","Hydro","1","","","100","/home/jin/.local/share/powerplantmatching/data/in/globalpowerplantdatabase_v_1_3_0.zip","59f3e57312a85eec3c281608e5f3c8f993d8fdad5dde179430dca42f2ac6ce99","WRI1001009","year_of_capacity_data absent; publication/download date is not an operating observation","OBSERVATION_YEAR_NOT_QUALIFIED",""
"GPD:WRI1001010","ID","Hydro","29","","","100","/home/jin/.local/share/powerplantmatching/data/in/globalpowerplantdatabase_v_1_3_0.zip","59f3e57312a85eec3c281608e5f3c8f993d8fdad5dde179430dca42f2ac6ce99","WRI1001010","year_of_capacity_data absent; publication/download date is not an operating observation","OBSERVATION_YEAR_NOT_QUALIFIED",""
"GPD:WKS0062322","MY","Solar","5","","","25","/home/jin/.local/share/powerplantmatching/data/in/globalpowerplantdatabase_v_1_3_0.zip","59f3e57312a85eec3c281608e5f3c8f993d8fdad5dde179430dca42f2ac6ce99","WKS0062322","year_of_capacity_data absent; publication/download date is not an operating observation","OBSERVATION_YEAR_NOT_QUALIFIED",""
"GPD:WRI1000275","MY","Oil","36","","","40","/home/jin/.local/share/powerplantmatching/data/in/globalpowerplantdatabase_v_1_3_0.zip","59f3e57312a85eec3c281608e5f3c8f993d8fdad5dde179430dca42f2ac6ce99","WRI1000275","year_of_capacity_data absent; publication/download date is not an operating observation","OBSERVATION_YEAR_NOT_QUALIFIED",""
"GPD:WRI1001013","ID","Hydro","1.4","","","100","/home/jin/.local/share/powerplantmatching/data/in/globalpowerplantdatabase_v_1_3_0.zip","59f3e57312a85eec3c281608e5f3c8f993d8fdad5dde179430dca42f2ac6ce99","WRI1001013","year_of_capacity_data absent; publication/download date is not an operating observation","OBSERVATION_YEAR_NOT_QUALIFIED",""
"GPD:WRI1001015","ID","Oil","43.7","","","40","/home/jin/.local/share/powerplantmatching/data/in/globalpowerplantdatabase_v_1_3_0.zip","59f3e57312a85eec3c281608e5f3c8f993d8fdad5dde179430dca42f2ac6ce99","WRI1001015","year_of_capacity_data absent; publication/download date is not an operating observation","OBSERVATION_YEAR_NOT_QUALIFIED",""
"GPD:WRI1001950","PH","Oil","59","","","40","/home/jin/.local/share/powerplantmatching/data/in/globalpowerplantdatabase_v_1_3_0.zip","59f3e57312a85eec3c281608e5f3c8f993d8fdad5dde179430dca42f2ac6ce99","WRI1001950","year_of_capacity_data absent; publication/download date is not an operating observation","OBSERVATION_YEAR_NOT_QUALIFIED",""
"GPD:WRI1001877","PH","Oil","116","","","40","/home/jin/.local/share/powerplantmatching/data/in/globalpowerplantdatabase_v_1_3_0.zip","59f3e57312a85eec3c281608e5f3c8f993d8fdad5dde179430dca42f2ac6ce99","WRI1001877","year_of_capacity_data absent; publication/download date is not an operating observation","OBSERVATION_YEAR_NOT_QUALIFIED",""
"GPD:WRI1030924","VN","Hydro","18","","","100","/home/jin/.local/share/powerplantmatching/data/in/globalpowerplantdatabase_v_1_3_0.zip","59f3e57312a85eec3c281608e5f3c8f993d8fdad5dde179430dca42f2ac6ce99","WRI1030924","year_of_capacity_data absent; publication/download date is not an operating observation","OBSERVATION_YEAR_NOT_QUALIFIED",""
"GPD:WRI1001020","ID","Oil","60","","","40","/home/jin/.local/share/powerplantmatching/data/in/globalpowerplantdatabase_v_1_3_0.zip","59f3e57312a85eec3c281608e5f3c8f993d8fdad5dde179430dca42f2ac6ce99","WRI1001020","year_of_capacity_data absent; publication/download date is not an operating observation","OBSERVATION_YEAR_NOT_QUALIFIED",""
"GPD:WRI1026248","TH","Solar","1","","","25","/home/jin/.local/share/powerplantmatching/data/in/globalpowerplantdatabase_v_1_3_0.zip","59f3e57312a85eec3c281608e5f3c8f993d8fdad5dde179430dca42f2ac6ce99","WRI1026248","year_of_capacity_data absent; publication/download date is not an operating observation","OBSERVATION_YEAR_NOT_QUALIFIED",""
"GPD:WRI1001023","ID","Oil","12.5","","","40","/home/jin/.local/share/powerplantmatching/data/in/globalpowerplantdatabase_v_1_3_0.zip","59f3e57312a85eec3c281608e5f3c8f993d8fdad5dde179430dca42f2ac6ce99","WRI1001023","year_of_capacity_data absent; publication/download date is not an operating observation","OBSERVATION_YEAR_NOT_QUALIFIED",""
"GPD:WRI1000274","MY","Oil","64","","","40","/home/jin/.local/share/powerplantmatching/data/in/globalpowerplantdatabase_v_1_3_0.zip","59f3e57312a85eec3c281608e5f3c8f993d8fdad5dde179430dca42f2ac6ce99","WRI1000274","year_of_capacity_data absent; publication/download date is not an operating observation","OBSERVATION_YEAR_NOT_QUALIFIED",""
"GPD:WRI1001028","ID","Oil","28.2","","","40","/home/jin/.local/share/powerplantmatching/data/in/globalpowerplantdatabase_v_1_3_0.zip","59f3e57312a85eec3c281608e5f3c8f993d8fdad5dde179430dca42f2ac6ce99","WRI1001028","year_of_capacity_data absent; publication/download date is not an operating observation","OBSERVATION_YEAR_NOT_QUALIFIED",""
"GPD:WRI1001031","ID","Oil","50.092","","","40","/home/jin/.local/share/powerplantmatching/data/in/globalpowerplantdatabase_v_1_3_0.zip","59f3e57312a85eec3c281608e5f3c8f993d8fdad5dde179430dca42f2ac6ce99","WRI1001031","year_of_capacity_data absent; publication/download date is not an operating observation","OBSERVATION_YEAR_NOT_QUALIFIED",""
"GPD:WRI1001033","ID","Oil","34.73","","","40","/home/jin/.local/share/powerplantmatching/data/in/globalpowerplantdatabase_v_1_3_0.zip","59f3e57312a85eec3c281608e5f3c8f993d8fdad5dde179430dca42f2ac6ce99","WRI1001033","year_of_capacity_data absent; publication/download date is not an operating observation","OBSERVATION_YEAR_NOT_QUALIFIED",""
"GPD:WRI1000281","MY","CCGT","192","","","40","/home/jin/.local/share/powerplantmatching/data/in/globalpowerplantdatabase_v_1_3_0.zip","59f3e57312a85eec3c281608e5f3c8f993d8fdad5dde179430dca42f2ac6ce99","WRI1000281","year_of_capacity_data absent; publication/download date is not an operating observation","OBSERVATION_YEAR_NOT_QUALIFIED",""
"GPD:WRI1000180","TH","Hydro","36","","","100","/home/jin/.local/share/powerplantmatching/data/in/globalpowerplantdatabase_v_1_3_0.zip","59f3e57312a85eec3c281608e5f3c8f993d8fdad5dde179430dca42f2ac6ce99","WRI1000180","year_of_capacity_data absent; publication/download date is not an operating observation","OBSERVATION_YEAR_NOT_QUALIFIED",""
"GPD:WRI1026327","TH","Solar","1","","","25","/home/jin/.local/share/powerplantmatching/data/in/globalpowerplantdatabase_v_1_3_0.zip","59f3e57312a85eec3c281608e5f3c8f993d8fdad5dde179430dca42f2ac6ce99","WRI1026327","year_of_capacity_data absent; publication/download date is not an operating observation","OBSERVATION_YEAR_NOT_QUALIFIED",""
"GPD:WRI1026328","TH","Solar","1","","","25","/home/jin/.local/share/powerplantmatching/data/in/globalpowerplantdatabase_v_1_3_0.zip","59f3e57312a85eec3c281608e5f3c8f993d8fdad5dde179430dca42f2ac6ce99","WRI1026328","year_of_capacity_data absent; publication/download date is not an operating observation","OBSERVATION_YEAR_NOT_QUALIFIED",""
"GPD:WRI1026329","TH","Solar","1","","","25","/home/jin/.local/share/powerplantmatching/data/in/globalpowerplantdatabase_v_1_3_0.zip","59f3e57312a85eec3c281608e5f3c8f993d8fdad5dde179430dca42f2ac6ce99","WRI1026329","year_of_capacity_data absent; publication/download date is not an operating observation","OBSERVATION_YEAR_NOT_QUALIFIED",""
"GPD:WRI1030747","VN","Oil","279","","","40","/home/jin/.local/share/powerplantmatching/data/in/globalpowerplantdatabase_v_1_3_0.zip","59f3e57312a85eec3c281608e5f3c8f993d8fdad5dde179430dca42f2ac6ce99","WRI1030747","year_of_capacity_data absent; publication/download date is not an operating observation","OBSERVATION_YEAR_NOT_QUALIFIED",""
"GPD:WKS0073963","VN","Solar","48","","","25","/home/jin/.local/share/powerplantmatching/data/in/globalpowerplantdatabase_v_1_3_0.zip","59f3e57312a85eec3c281608e5f3c8f993d8fdad5dde179430dca42f2ac6ce99","WKS0073963","year_of_capacity_data absent; publication/download date is not an operating observation","OBSERVATION_YEAR_NOT_QUALIFIED",""
"GPD:WRI1001035","ID","Hydro","12","","","100","/home/jin/.local/share/powerplantmatching/data/in/globalpowerplantdatabase_v_1_3_0.zip","59f3e57312a85eec3c281608e5f3c8f993d8fdad5dde179430dca42f2ac6ce99","WRI1001035","year_of_capacity_data absent; publication/download date is not an operating observation","OBSERVATION_YEAR_NOT_QUALIFIED",""
"GPD:WRI1001920","PH","Hard Coal","88.8","","","45","/home/jin/.local/share/powerplantmatching/data/in/globalpowerplantdatabase_v_1_3_0.zip","59f3e57312a85eec3c281608e5f3c8f993d8fdad5dde179430dca42f2ac6ce99","WRI1001920","year_of_capacity_data absent; publication/download date is not an operating observation","OBSERVATION_YEAR_NOT_QUALIFIED",""
"GPD:WRI1001038","ID","Hydro","36","","","100","/home/jin/.local/share/powerplantmatching/data/in/globalpowerplantdatabase_v_1_3_0.zip","59f3e57312a85eec3c281608e5f3c8f993d8fdad5dde179430dca42f2ac6ce99","WRI1001038","year_of_capacity_data absent; publication/download date is not an operating observation","OBSERVATION_YEAR_NOT_QUALIFIED",""
"GPD:WRI1030750","VN","Wind","30","","","25","/home/jin/.local/share/powerplantmatching/data/in/globalpowerplantdatabase_v_1_3_0.zip","59f3e57312a85eec3c281608e5f3c8f993d8fdad5dde179430dca42f2ac6ce99","WRI1030750","year_of_capacity_data absent; publication/download date is not an operating observation","OBSERVATION_YEAR_NOT_QUALIFIED",""
"GPD:WRI1026249","TH","Solar","1","","","25","/home/jin/.local/share/powerplantmatching/data/in/globalpowerplantdatabase_v_1_3_0.zip","59f3e57312a85eec3c281608e5f3c8f993d8fdad5dde179430dca42f2ac6ce99","WRI1026249","year_of_capacity_data absent; publication/download date is not an operating observation","OBSERVATION_YEAR_NOT_QUALIFIED",""
"GPD:WRI1001039","ID","Hydro","18.36","","","100","/home/jin/.local/share/powerplantmatching/data/in/globalpowerplantdatabase_v_1_3_0.zip","59f3e57312a85eec3c281608e5f3c8f993d8fdad5dde179430dca42f2ac6ce99","WRI1001039","year_of_capacity_data absent; publication/download date is not an operating observation","OBSERVATION_YEAR_NOT_QUALIFIED",""
"GPD:WRI1026338","TH","Solar","8","","","25","/home/jin/.local/share/powerplantmatching/data/in/globalpowerplantdatabase_v_1_3_0.zip","59f3e57312a85eec3c281608e5f3c8f993d8fdad5dde179430dca42f2ac6ce99","WRI1026338","year_of_capacity_data absent; publication/download date is not an operating observation","OBSERVATION_YEAR_NOT_QUALIFIED",""
"GPD:WRI1001046","ID","Hydro","6.3","","","100","/home/jin/.local/share/powerplantmatching/data/in/globalpowerplantdatabase_v_1_3_0.zip","59f3e57312a85eec3c281608e5f3c8f993d8fdad5dde179430dca42f2ac6ce99","WRI1001046","year_of_capacity_data absent; publication/download date is not an operating observation","OBSERVATION_YEAR_NOT_QUALIFIED",""
"GPD:WRI1026804","LA","Hydro","15","","","100","/home/jin/.local/share/powerplantmatching/data/in/globalpowerplantdatabase_v_1_3_0.zip","59f3e57312a85eec3c281608e5f3c8f993d8fdad5dde179430dca42f2ac6ce99","WRI1026804","year_of_capacity_data absent; publication/download date is not an operating observation","OBSERVATION_YEAR_NOT_QUALIFIED",""
"GPD:WRI1026806","LA","Hydro","14.8","","","100","/home/jin/.local/share/powerplantmatching/data/in/globalpowerplantdatabase_v_1_3_0.zip","59f3e57312a85eec3c281608e5f3c8f993d8fdad5dde179430dca42f2ac6ce99","WRI1026806","year_of_capacity_data absent; publication/download date is not an operating observation","OBSERVATION_YEAR_NOT_QUALIFIED",""
"GPD:WRI1030888","VN","Hydro","6.6","","","100","/home/jin/.local/share/powerplantmatching/data/in/globalpowerplantdatabase_v_1_3_0.zip","59f3e57312a85eec3c281608e5f3c8f993d8fdad5dde179430dca42f2ac6ce99","WRI1030888","year_of_capacity_data absent; publication/download date is not an operating observation","OBSERVATION_YEAR_NOT_QUALIFIED",""
