"AccountID","Country","Account","Carrier","Category","Status","ValueMWh","CoverageDecision","PhysicalPosting","SourceEvidence","SourceFamilyRows","Reason","OriginalSourceStatus","ChangedThisRound","ClosedOriginalMissing56"
"BN:2019:ResidentialFuel:oil","BN","ResidentialFuel","oil","QUALIFIED_SOURCE_POSITIVE","NUMERIC_INPUT_READY","226113.56000000","REQUIRED_PHYSICAL","SUBJECT_TO_TARGET_AND_FULL_NETWORK_GATES","1c2952a5f87bfcdb0eef1af6b6c774e741a99e5b72c5ced91a585d6efe9be50a:13254;b02371f39dec320e227fd3223fcf8ad545595b5b53b48d2834bf9a838191076e:12289","90","Raw account sum; electricity remains in Astar","NUMERIC_INPUT_READY","false","false"
"BN:2019:ResidentialFuel:gas","BN","ResidentialFuel","gas","QUALIFIED_SOURCE_POSITIVE","NUMERIC_INPUT_READY","209950.5","REQUIRED_PHYSICAL","SUBJECT_TO_TARGET_AND_FULL_NETWORK_GATES","fa8613ee3560bfc2f73f60f4c0995c995b0bec8fd75a59190fe4ad6c63a9e988:15729","21","Raw account sum; electricity remains in Astar","NUMERIC_INPUT_READY","false","false"
"BN:2019:ResidentialFuel:coal","BN","ResidentialFuel","coal","SOURCE_TRANSACTION_NOT_REPORTED_IN_CACHED_EXPORT","UNRESOLVED","","PENDING_NO_AUTOMATIC_EXCLUSION","NO_PENDING_SOURCE_OR_TARGET","","10","No source-qualified2019 row or zero proof","UNRESOLVED","false","false"
"BN:2019:ResidentialFuel:biomass","BN","ResidentialFuel","biomass","QUALIFIED_SOURCE_POSITIVE","NUMERIC_INPUT_READY","29572.42000000","REQUIRED_PHYSICAL","SUBJECT_TO_TARGET_AND_FULL_NETWORK_GATES","da54b258ffb4927f30834c01f4e9aff7c267dd70c5ef5760292dd21ef5802345:5531;26a364db4d763d9d5a69eff04aa717af5db5d2736c5c1f4e47223a12eae7db66:9821","16","Raw account sum; electricity remains in Astar","NUMERIC_INPUT_READY","false","false"
"BN:2019:ServicesFuel:oil","BN","ServicesFuel","oil","BOUNDED_SOURCE_ZERO","SOURCE_BOUNDED_ZERO","0","SOURCE_SUPPORTED_NOT_APPLICABLE","NO_PENDING_SOURCE_OR_TARGET","1c2952a5f87bfcdb0eef1af6b6c774e741a99e5b72c5ced91a585d6efe9be50a:13104;1c2952a5f87bfcdb0eef1af6b6c774e741a99e5b72c5ced91a585d6efe9be50a:13127;1c2952a5f87bfcdb0eef1af6b6c774e741a99e5b72c5ced91a585d6efe9be50a:13219;1c2952a5f87bfcdb0eef1af6b6c774e741a99e5b72c5ced91a585d6efe9be50a:13254;1c2952a5f87bfcdb0eef1af6b6c774e741a99e5b72c5ced91a585d6efe9be50a:13258;b02371f39dec320e227fd3223fcf8ad545595b5b53b48d2834bf9a838191076e:12223;b02371f39dec320e227fd3223fcf8ad545595b5b53b48d2834bf9a838191076e:12289;fe8fc603bb47c3ced818a86a96a4ad4e97b3b8ceb0d6b28a66d123d5e2c4d5ba:9914;fe8fc603bb47c3ced818a86a96a4ad4e97b3b8ceb0d6b28a66d123d5e2c4d5ba:9980;98b98fccf6df4eae08a68fe143c48d13a8dd743ef689f46af494a66411304ece:3083;98b98fccf6df4eae08a68fe143c48d13a8dd743ef689f46af494a66411304ece:3097","90","Reported final-energy commodity inventory exhausted by disjoint source accounts; bounded exclusion, not absence guessed from empty selection","UNRESOLVED","true","true"
"BN:2019:ServicesFuel:gas","BN","ServicesFuel","gas","BOUNDED_SOURCE_ZERO","SOURCE_BOUNDED_ZERO","0","SOURCE_SUPPORTED_NOT_APPLICABLE","NO_PENDING_SOURCE_OR_TARGET","fa8613ee3560bfc2f73f60f4c0995c995b0bec8fd75a59190fe4ad6c63a9e988:15657;fa8613ee3560bfc2f73f60f4c0995c995b0bec8fd75a59190fe4ad6c63a9e988:15729","21","Reported final-energy commodity inventory exhausted by disjoint source accounts; bounded exclusion, not absence guessed from empty selection","SOURCE_BOUNDED_ZERO","false","false"
"BN:2019:ServicesFuel:coal","BN","ServicesFuel","coal","SOURCE_TRANSACTION_NOT_REPORTED_IN_CACHED_EXPORT","UNRESOLVED","","PENDING_NO_AUTOMATIC_EXCLUSION","NO_PENDING_SOURCE_OR_TARGET","","10","No source-qualified2019 row or zero proof","UNRESOLVED","false","false"
"BN:2019:ServicesFuel:biomass","BN","ServicesFuel","biomass","BOUNDED_SOURCE_ZERO","SOURCE_BOUNDED_ZERO","0","SOURCE_SUPPORTED_NOT_APPLICABLE","NO_PENDING_SOURCE_OR_TARGET","da54b258ffb4927f30834c01f4e9aff7c267dd70c5ef5760292dd21ef5802345:5465;da54b258ffb4927f30834c01f4e9aff7c267dd70c5ef5760292dd21ef5802345:5531;26a364db4d763d9d5a69eff04aa717af5db5d2736c5c1f4e47223a12eae7db66:9755;26a364db4d763d9d5a69eff04aa717af5db5d2736c5c1f4e47223a12eae7db66:9821","16","Reported final-energy commodity inventory exhausted by disjoint source accounts; bounded exclusion, not absence guessed from empty selection","SOURCE_BOUNDED_ZERO","false","false"
"BN:2019:IndustryFinalEnergy:oil","BN","IndustryFinalEnergy","oil","QUALIFIED_SOURCE_POSITIVE","NUMERIC_INPUT_READY","1498691.88000000","REQUIRED_PHYSICAL","SUBJECT_TO_TARGET_AND_FULL_NETWORK_GATES","1c2952a5f87bfcdb0eef1af6b6c774e741a99e5b72c5ced91a585d6efe9be50a:13127;98b98fccf6df4eae08a68fe143c48d13a8dd743ef689f46af494a66411304ece:3097","90","Raw account sum; electricity remains in Astar","NUMERIC_INPUT_READY","false","false"
"BN:2019:IndustryFinalEnergy:gas","BN","IndustryFinalEnergy","gas","BOUNDED_SOURCE_ZERO","SOURCE_BOUNDED_ZERO","0","SOURCE_SUPPORTED_NOT_APPLICABLE","NO_PENDING_SOURCE_OR_TARGET","fa8613ee3560bfc2f73f60f4c0995c995b0bec8fd75a59190fe4ad6c63a9e988:15657;fa8613ee3560bfc2f73f60f4c0995c995b0bec8fd75a59190fe4ad6c63a9e988:15729","21","Reported final-energy commodity inventory exhausted by disjoint source accounts; bounded exclusion, not absence guessed from empty selection","SOURCE_BOUNDED_ZERO","false","false"
"BN:2019:IndustryFinalEnergy:coal","BN","IndustryFinalEnergy","coal","SOURCE_TRANSACTION_NOT_REPORTED_IN_CACHED_EXPORT","UNRESOLVED","","PENDING_NO_AUTOMATIC_EXCLUSION","NO_PENDING_SOURCE_OR_TARGET","","10","No source-qualified2019 row or zero proof","UNRESOLVED","false","false"
"BN:2019:IndustryFinalEnergy:biomass","BN","IndustryFinalEnergy","biomass","BOUNDED_SOURCE_ZERO","SOURCE_BOUNDED_ZERO","0","SOURCE_SUPPORTED_NOT_APPLICABLE","NO_PENDING_SOURCE_OR_TARGET","da54b258ffb4927f30834c01f4e9aff7c267dd70c5ef5760292dd21ef5802345:5465;da54b258ffb4927f30834c01f4e9aff7c267dd70c5ef5760292dd21ef5802345:5531;26a364db4d763d9d5a69eff04aa717af5db5d2736c5c1f4e47223a12eae7db66:9755;26a364db4d763d9d5a69eff04aa717af5db5d2736c5c1f4e47223a12eae7db66:9821","16","Reported final-energy commodity inventory exhausted by disjoint source accounts; bounded exclusion, not absence guessed from empty selection","SOURCE_BOUNDED_ZERO","false","false"
"BN:2019:AgricultureFinalEnergy:oil","BN","AgricultureFinalEnergy","oil","BOUNDED_SOURCE_ZERO","SOURCE_BOUNDED_ZERO","0","SOURCE_SUPPORTED_NOT_APPLICABLE","NO_PENDING_SOURCE_OR_TARGET","1c2952a5f87bfcdb0eef1af6b6c774e741a99e5b72c5ced91a585d6efe9be50a:13104;1c2952a5f87bfcdb0eef1af6b6c774e741a99e5b72c5ced91a585d6efe9be50a:13127;1c2952a5f87bfcdb0eef1af6b6c774e741a99e5b72c5ced91a585d6efe9be50a:13219;1c2952a5f87bfcdb0eef1af6b6c774e741a99e5b72c5ced91a585d6efe9be50a:13254;1c2952a5f87bfcdb0eef1af6b6c774e741a99e5b72c5ced91a585d6efe9be50a:13258;b02371f39dec320e227fd3223fcf8ad545595b5b53b48d2834bf9a838191076e:12223;b02371f39dec320e227fd3223fcf8ad545595b5b53b48d2834bf9a838191076e:12289;fe8fc603bb47c3ced818a86a96a4ad4e97b3b8ceb0d6b28a66d123d5e2c4d5ba:9914;fe8fc603bb47c3ced818a86a96a4ad4e97b3b8ceb0d6b28a66d123d5e2c4d5ba:9980;98b98fccf6df4eae08a68fe143c48d13a8dd743ef689f46af494a66411304ece:3083;98b98fccf6df4eae08a68fe143c48d13a8dd743ef689f46af494a66411304ece:3097","90","Reported final-energy commodity inventory exhausted by disjoint source accounts; bounded exclusion, not absence guessed from empty selection","UNRESOLVED","true","true"
"BN:2019:AgricultureFinalEnergy:coal","BN","AgricultureFinalEnergy","coal","SOURCE_TRANSACTION_NOT_REPORTED_IN_CACHED_EXPORT","UNRESOLVED","","PENDING_NO_AUTOMATIC_EXCLUSION","NO_PENDING_SOURCE_OR_TARGET","","10","No source-qualified2019 row or zero proof","UNRESOLVED","false","false"
"BN:2019:AgricultureFinalEnergy:biomass","BN","AgricultureFinalEnergy","biomass","BOUNDED_SOURCE_ZERO","SOURCE_BOUNDED_ZERO","0","SOURCE_SUPPORTED_NOT_APPLICABLE","NO_PENDING_SOURCE_OR_TARGET","da54b258ffb4927f30834c01f4e9aff7c267dd70c5ef5760292dd21ef5802345:5465;da54b258ffb4927f30834c01f4e9aff7c267dd70c5ef5760292dd21ef5802345:5531;26a364db4d763d9d5a69eff04aa717af5db5d2736c5c1f4e47223a12eae7db66:9755;26a364db4d763d9d5a69eff04aa717af5db5d2736c5c1f4e47223a12eae7db66:9821","16","Reported final-energy commodity inventory exhausted by disjoint source accounts; bounded exclusion, not absence guessed from empty selection","SOURCE_BOUNDED_ZERO","false","false"
"BN:2019:RoadResidualFuel:oil","BN","RoadResidualFuel","oil","QUALIFIED_SOURCE_POSITIVE","NUMERIC_INPUT_READY","5134024.56000000","REQUIRED_PHYSICAL","SUBJECT_TO_TARGET_AND_FULL_NETWORK_GATES","1c2952a5f87bfcdb0eef1af6b6c774e741a99e5b72c5ced91a585d6efe9be50a:13219;fe8fc603bb47c3ced818a86a96a4ad4e97b3b8ceb0d6b28a66d123d5e2c4d5ba:9980","90","Raw account sum; electricity remains in Astar","NUMERIC_INPUT_READY","false","false"
"BN:2019:RoadResidualFuel:gas","BN","RoadResidualFuel","gas","BOUNDED_SOURCE_ZERO","SOURCE_BOUNDED_ZERO","0","SOURCE_SUPPORTED_NOT_APPLICABLE","NO_PENDING_SOURCE_OR_TARGET","fa8613ee3560bfc2f73f60f4c0995c995b0bec8fd75a59190fe4ad6c63a9e988:15657;fa8613ee3560bfc2f73f60f4c0995c995b0bec8fd75a59190fe4ad6c63a9e988:15729","21","Reported final-energy commodity inventory exhausted by disjoint source accounts; bounded exclusion, not absence guessed from empty selection","SOURCE_BOUNDED_ZERO","false","false"
"BN:2019:RoadResidualFuel:biomass","BN","RoadResidualFuel","biomass","BOUNDED_SOURCE_ZERO","SOURCE_BOUNDED_ZERO","0","SOURCE_SUPPORTED_NOT_APPLICABLE","NO_PENDING_SOURCE_OR_TARGET","da54b258ffb4927f30834c01f4e9aff7c267dd70c5ef5760292dd21ef5802345:5465;da54b258ffb4927f30834c01f4e9aff7c267dd70c5ef5760292dd21ef5802345:5531;26a364db4d763d9d5a69eff04aa717af5db5d2736c5c1f4e47223a12eae7db66:9755;26a364db4d763d9d5a69eff04aa717af5db5d2736c5c1f4e47223a12eae7db66:9821","16","Reported final-energy commodity inventory exhausted by disjoint source accounts; bounded exclusion, not absence guessed from empty selection","SOURCE_BOUNDED_ZERO","false","false"
"BN:2019:TransportEmbeddedFuelParent:unclassified_fuel","BN","TransportEmbeddedFuelParent","unclassified_fuel","KNOWN_NEC_ENERGY_RETAINED_SECTOR_SPLIT_UNRESOLVED","UNRESOLVED","","PENDING_NO_AUTOMATIC_EXCLUSION","NO_PENDING_SOURCE_OR_TARGET","","163","No source-qualified2019 row or zero proof","UNRESOLVED","false","false"
"BN:2019:DomesticShippingFuel:oil","BN","DomesticShippingFuel","oil","BOUNDED_SOURCE_ZERO","SOURCE_BOUNDED_ZERO","0","SOURCE_SUPPORTED_NOT_APPLICABLE","NO_PENDING_SOURCE_OR_TARGET","1c2952a5f87bfcdb0eef1af6b6c774e741a99e5b72c5ced91a585d6efe9be50a:13104;1c2952a5f87bfcdb0eef1af6b6c774e741a99e5b72c5ced91a585d6efe9be50a:13127;1c2952a5f87bfcdb0eef1af6b6c774e741a99e5b72c5ced91a585d6efe9be50a:13219;1c2952a5f87bfcdb0eef1af6b6c774e741a99e5b72c5ced91a585d6efe9be50a:13254;1c2952a5f87bfcdb0eef1af6b6c774e741a99e5b72c5ced91a585d6efe9be50a:13258;b02371f39dec320e227fd3223fcf8ad545595b5b53b48d2834bf9a838191076e:12223;b02371f39dec320e227fd3223fcf8ad545595b5b53b48d2834bf9a838191076e:12289;fe8fc603bb47c3ced818a86a96a4ad4e97b3b8ceb0d6b28a66d123d5e2c4d5ba:9914;fe8fc603bb47c3ced818a86a96a4ad4e97b3b8ceb0d6b28a66d123d5e2c4d5ba:9980;98b98fccf6df4eae08a68fe143c48d13a8dd743ef689f46af494a66411304ece:3083;98b98fccf6df4eae08a68fe143c48d13a8dd743ef689f46af494a66411304ece:3097","90","Reported final-energy commodity inventory exhausted by disjoint source accounts; bounded exclusion, not absence guessed from empty selection","UNRESOLVED","true","true"
"BN:2019:DomesticAviationFuel:oil","BN","DomesticAviationFuel","oil","BOUNDED_SOURCE_ZERO","SOURCE_BOUNDED_ZERO","0","SOURCE_SUPPORTED_NOT_APPLICABLE","NO_PENDING_SOURCE_OR_TARGET","1c2952a5f87bfcdb0eef1af6b6c774e741a99e5b72c5ced91a585d6efe9be50a:13104;1c2952a5f87bfcdb0eef1af6b6c774e741a99e5b72c5ced91a585d6efe9be50a:13127;1c2952a5f87bfcdb0eef1af6b6c774e741a99e5b72c5ced91a585d6efe9be50a:13219;1c2952a5f87bfcdb0eef1af6b6c774e741a99e5b72c5ced91a585d6efe9be50a:13254;1c2952a5f87bfcdb0eef1af6b6c774e741a99e5b72c5ced91a585d6efe9be50a:13258;b02371f39dec320e227fd3223fcf8ad545595b5b53b48d2834bf9a838191076e:12223;b02371f39dec320e227fd3223fcf8ad545595b5b53b48d2834bf9a838191076e:12289;fe8fc603bb47c3ced818a86a96a4ad4e97b3b8ceb0d6b28a66d123d5e2c4d5ba:9914;fe8fc603bb47c3ced818a86a96a4ad4e97b3b8ceb0d6b28a66d123d5e2c4d5ba:9980;98b98fccf6df4eae08a68fe143c48d13a8dd743ef689f46af494a66411304ece:3083;98b98fccf6df4eae08a68fe143c48d13a8dd743ef689f46af494a66411304ece:3097","90","Reported final-energy commodity inventory exhausted by disjoint source accounts; bounded exclusion, not absence guessed from empty selection","UNRESOLVED","true","true"
"BN:2019:InternationalShippingBunker:oil","BN","InternationalShippingBunker","oil","KNOWN_NEC_ENERGY_RETAINED_SECTOR_SPLIT_UNRESOLVED","UNRESOLVED","","PENDING_NO_AUTOMATIC_EXCLUSION","NO_PENDING_SOURCE_OR_TARGET","","90","No source-qualified2019 row or zero proof","UNRESOLVED","false","false"
"BN:2019:InternationalAviationBunker:oil","BN","InternationalAviationBunker","oil","QUALIFIED_SOURCE_POSITIVE","NUMERIC_INPUT_READY","1324653.75000000","REQUIRED_PHYSICAL","SUBJECT_TO_TARGET_AND_FULL_NETWORK_GATES","a45d82a3cffd1fcbca3d6702b88e511d913e833c1f4e9e3fa75dd5c1750eea9a:6147","90","Raw account sum; electricity remains in Astar","NUMERIC_INPUT_READY","false","false"
"ID:2019:ResidentialFuel:oil","ID","ResidentialFuel","oil","QUALIFIED_SOURCE_POSITIVE","NUMERIC_INPUT_READY","290034465.12000000","REQUIRED_PHYSICAL","SUBJECT_TO_TARGET_AND_FULL_NETWORK_GATES","1c2952a5f87bfcdb0eef1af6b6c774e741a99e5b72c5ced91a585d6efe9be50a:43755;b02371f39dec320e227fd3223fcf8ad545595b5b53b48d2834bf9a838191076e:39474;fe8fc603bb47c3ced818a86a96a4ad4e97b3b8ceb0d6b28a66d123d5e2c4d5ba:32415","185","Raw account sum; electricity remains in Astar","NUMERIC_INPUT_READY","false","false"
"ID:2019:ResidentialFuel:gas","ID","ResidentialFuel","gas","QUALIFIED_SOURCE_POSITIVE","NUMERIC_INPUT_READY","217500","REQUIRED_PHYSICAL","SUBJECT_TO_TARGET_AND_FULL_NETWORK_GATES","fa8613ee3560bfc2f73f60f4c0995c995b0bec8fd75a59190fe4ad6c63a9e988:40559","28","Raw account sum; electricity remains in Astar","NUMERIC_INPUT_READY","false","false"
"ID:2019:ResidentialFuel:coal","ID","ResidentialFuel","coal","BOUNDED_SOURCE_ZERO","SOURCE_BOUNDED_ZERO","0","SOURCE_SUPPORTED_NOT_APPLICABLE","NO_PENDING_SOURCE_OR_TARGET","c12e9ae1a3eac4bbe6fe04df4238905185db886709371f6ae3ec1899b9f3be90:4848;c12e9ae1a3eac4bbe6fe04df4238905185db886709371f6ae3ec1899b9f3be90:4868;f36eaf2556be5fbe75713fe7bee8a5d1f6b718eb4ed7881a9a2e697784bd8898:12591;f36eaf2556be5fbe75713fe7bee8a5d1f6b718eb4ed7881a9a2e697784bd8898:12622;322eaabc99e9098d5834c09f3d174f6acba91332dd84956e7cd11e7913c6aeb4:23627;322eaabc99e9098d5834c09f3d174f6acba91332dd84956e7cd11e7913c6aeb4:23660","46","Reported final-energy commodity inventory exhausted by disjoint source accounts; bounded exclusion, not absence guessed from empty selection","UNRESOLVED","true","true"
"ID:2019:ResidentialFuel:biomass","ID","ResidentialFuel","biomass","QUALIFIED_SOURCE_POSITIVE","NUMERIC_INPUT_READY","85695157.74333333333333333333","REQUIRED_PHYSICAL","SUBJECT_TO_TARGET_AND_FULL_NETWORK_GATES","b004f7bd486dbb8576935c5d17c2e49964e7687ea16b5d67ae57602981b5462c:8229;da54b258ffb4927f30834c01f4e9aff7c267dd70c5ef5760292dd21ef5802345:17124;26a364db4d763d9d5a69eff04aa717af5db5d2736c5c1f4e47223a12eae7db66:33606","58","Raw account sum; electricity remains in Astar","NUMERIC_INPUT_READY","false","false"
"ID:2019:ServicesFuel:oil","ID","ServicesFuel","oil","BLEND_RECONCILIATION_PENDING","UNRESOLVED_BIOFUEL_OVERLAP","11839204.89000000","UNRESOLVED","NO_PENDING_SOURCE_OR_TARGET","1c2952a5f87bfcdb0eef1af6b6c774e741a99e5b72c5ced91a585d6efe9be50a:43800;b02371f39dec320e227fd3223fcf8ad545595b5b53b48d2834bf9a838191076e:39539;fe8fc603bb47c3ced818a86a96a4ad4e97b3b8ceb0d6b28a66d123d5e2c4d5ba:32446","185","Petroleum/biofuel commodity-series overlap not resolved; memo blended rows missing; raw sum is a candidate, not a qualified disjoint obligation","UNRESOLVED_BIOFUEL_OVERLAP","false","false"
"ID:2019:ServicesFuel:gas","ID","ServicesFuel","gas","QUALIFIED_SOURCE_POSITIVE","NUMERIC_INPUT_READY","2763000","REQUIRED_PHYSICAL","SUBJECT_TO_TARGET_AND_FULL_NETWORK_GATES","fa8613ee3560bfc2f73f60f4c0995c995b0bec8fd75a59190fe4ad6c63a9e988:40592","28","Raw account sum; electricity remains in Astar","NUMERIC_INPUT_READY","false","false"
"ID:2019:ServicesFuel:coal","ID","ServicesFuel","coal","BOUNDED_SOURCE_ZERO","SOURCE_BOUNDED_ZERO","0","SOURCE_SUPPORTED_NOT_APPLICABLE","NO_PENDING_SOURCE_OR_TARGET","c12e9ae1a3eac4bbe6fe04df4238905185db886709371f6ae3ec1899b9f3be90:4848;c12e9ae1a3eac4bbe6fe04df4238905185db886709371f6ae3ec1899b9f3be90:4868;f36eaf2556be5fbe75713fe7bee8a5d1f6b718eb4ed7881a9a2e697784bd8898:12591;f36eaf2556be5fbe75713fe7bee8a5d1f6b718eb4ed7881a9a2e697784bd8898:12622;322eaabc99e9098d5834c09f3d174f6acba91332dd84956e7cd11e7913c6aeb4:23627;322eaabc99e9098d5834c09f3d174f6acba91332dd84956e7cd11e7913c6aeb4:23660","46","Reported final-energy commodity inventory exhausted by disjoint source accounts; bounded exclusion, not absence guessed from empty selection","UNRESOLVED","true","true"
"ID:2019:ServicesFuel:biomass","ID","ServicesFuel","biomass","BLEND_RECONCILIATION_PENDING","UNRESOLVED_BIOFUEL_OVERLAP","12022010.00000","UNRESOLVED","NO_PENDING_SOURCE_OR_TARGET","5c72caaa64762e177e5e53c55b7f9fd07ee57f6a91681d600bdd6c6be174b8c2:4936;da54b258ffb4927f30834c01f4e9aff7c267dd70c5ef5760292dd21ef5802345:17157","58","Petroleum/biofuel commodity-series overlap not resolved; memo blended rows missing; raw sum is a candidate, not a qualified disjoint obligation","UNRESOLVED_BIOFUEL_OVERLAP","false","false"
"ID:2019:IndustryFinalEnergy:oil","ID","IndustryFinalEnergy","oil","BLEND_RECONCILIATION_PENDING","UNRESOLVED_BIOFUEL_OVERLAP","95211452.338000000","UNRESOLVED","NO_PENDING_SOURCE_OR_TARGET","b5ec374fcb60a4567468b3279fe6fa584ed0506d32f42a80e0760becce6c5cdb:43136;1c2952a5f87bfcdb0eef1af6b6c774e741a99e5b72c5ced91a585d6efe9be50a:43435;a45d82a3cffd1fcbca3d6702b88e511d913e833c1f4e9e3fa75dd5c1750eea9a:21309;b02371f39dec320e227fd3223fcf8ad545595b5b53b48d2834bf9a838191076e:39310;fe8fc603bb47c3ced818a86a96a4ad4e97b3b8ceb0d6b28a66d123d5e2c4d5ba:32205;b635acfa2728521abb05c3175cba6e1834327b8a909d346e14a399df673f946d:11216","185","Petroleum/biofuel commodity-series overlap not resolved; memo blended rows missing; raw sum is a candidate, not a qualified disjoint obligation","UNRESOLVED_BIOFUEL_OVERLAP","false","false"
"ID:2019:IndustryFinalEnergy:gas","ID","IndustryFinalEnergy","gas","QUALIFIED_SOURCE_POSITIVE","NUMERIC_INPUT_READY","120169750","REQUIRED_PHYSICAL","SUBJECT_TO_TARGET_AND_FULL_NETWORK_GATES","fa8613ee3560bfc2f73f60f4c0995c995b0bec8fd75a59190fe4ad6c63a9e988:40298","28","Raw account sum; electricity remains in Astar","NUMERIC_INPUT_READY","false","false"
"ID:2019:IndustryFinalEnergy:coal","ID","IndustryFinalEnergy","coal","QUALIFIED_SOURCE_POSITIVE","NUMERIC_INPUT_READY","289560071.373000000","REQUIRED_PHYSICAL","SUBJECT_TO_TARGET_AND_FULL_NETWORK_GATES","f36eaf2556be5fbe75713fe7bee8a5d1f6b718eb4ed7881a9a2e697784bd8898:12622;322eaabc99e9098d5834c09f3d174f6acba91332dd84956e7cd11e7913c6aeb4:23660","46","Raw account sum; electricity remains in Astar","NUMERIC_INPUT_READY","false","false"
"ID:2019:IndustryFinalEnergy:biomass","ID","IndustryFinalEnergy","biomass","BLEND_RECONCILIATION_PENDING","UNRESOLVED_BIOFUEL_OVERLAP","185502047.63000000","UNRESOLVED","NO_PENDING_SOURCE_OR_TARGET","9c32689fcf967b5d25086511b32fcfbfb4894f2b860deff953d781f92d749211:9847;5c72caaa64762e177e5e53c55b7f9fd07ee57f6a91681d600bdd6c6be174b8c2:4888;da54b258ffb4927f30834c01f4e9aff7c267dd70c5ef5760292dd21ef5802345:17044;26a364db4d763d9d5a69eff04aa717af5db5d2736c5c1f4e47223a12eae7db66:33471","58","Petroleum/biofuel commodity-series overlap not resolved; memo blended rows missing; raw sum is a candidate, not a qualified disjoint obligation","UNRESOLVED_BIOFUEL_OVERLAP","false","false"
"ID:2019:AgricultureFinalEnergy:oil","ID","AgricultureFinalEnergy","oil","QUALIFIED_SOURCE_POSITIVE","NUMERIC_INPUT_READY","4314500.48000000","REQUIRED_PHYSICAL","SUBJECT_TO_TARGET_AND_FULL_NETWORK_GATES","1c2952a5f87bfcdb0eef1af6b6c774e741a99e5b72c5ced91a585d6efe9be50a:43769;b02371f39dec320e227fd3223fcf8ad545595b5b53b48d2834bf9a838191076e:39507;fe8fc603bb47c3ced818a86a96a4ad4e97b3b8ceb0d6b28a66d123d5e2c4d5ba:32423","185","Raw account sum; electricity remains in Astar","NUMERIC_INPUT_READY","false","false"
"ID:2019:AgricultureFinalEnergy:coal","ID","AgricultureFinalEnergy","coal","BOUNDED_SOURCE_ZERO","SOURCE_BOUNDED_ZERO","0","SOURCE_SUPPORTED_NOT_APPLICABLE","NO_PENDING_SOURCE_OR_TARGET","c12e9ae1a3eac4bbe6fe04df4238905185db886709371f6ae3ec1899b9f3be90:4848;c12e9ae1a3eac4bbe6fe04df4238905185db886709371f6ae3ec1899b9f3be90:4868;f36eaf2556be5fbe75713fe7bee8a5d1f6b718eb4ed7881a9a2e697784bd8898:12591;f36eaf2556be5fbe75713fe7bee8a5d1f6b718eb4ed7881a9a2e697784bd8898:12622;322eaabc99e9098d5834c09f3d174f6acba91332dd84956e7cd11e7913c6aeb4:23627;322eaabc99e9098d5834c09f3d174f6acba91332dd84956e7cd11e7913c6aeb4:23660","46","Reported final-energy commodity inventory exhausted by disjoint source accounts; bounded exclusion, not absence guessed from empty selection","UNRESOLVED","true","true"
"ID:2019:AgricultureFinalEnergy:biomass","ID","AgricultureFinalEnergy","biomass","BOUNDED_SOURCE_ZERO","SOURCE_BOUNDED_ZERO","0","SOURCE_SUPPORTED_NOT_APPLICABLE","NO_PENDING_SOURCE_OR_TARGET","9c32689fcf967b5d25086511b32fcfbfb4894f2b860deff953d781f92d749211:9814;9c32689fcf967b5d25086511b32fcfbfb4894f2b860deff953d781f92d749211:9847;5c72caaa64762e177e5e53c55b7f9fd07ee57f6a91681d600bdd6c6be174b8c2:4874;5c72caaa64762e177e5e53c55b7f9fd07ee57f6a91681d600bdd6c6be174b8c2:4888;5c72caaa64762e177e5e53c55b7f9fd07ee57f6a91681d600bdd6c6be174b8c2:4914;5c72caaa64762e177e5e53c55b7f9fd07ee57f6a91681d600bdd6c6be174b8c2:4936;5c72caaa64762e177e5e53c55b7f9fd07ee57f6a91681d600bdd6c6be174b8c2:4932;b004f7bd486dbb8576935c5d17c2e49964e7687ea16b5d67ae57602981b5462c:8213;b004f7bd486dbb8576935c5d17c2e49964e7687ea16b5d67ae57602981b5462c:8229;da54b258ffb4927f30834c01f4e9aff7c267dd70c5ef5760292dd21ef5802345:17011;da54b258ffb4927f30834c01f4e9aff7c267dd70c5ef5760292dd21ef5802345:17044;da54b258ffb4927f30834c01f4e9aff7c267dd70c5ef5760292dd21ef5802345:17124;da54b258ffb4927f30834c01f4e9aff7c267dd70c5ef5760292dd21ef5802345:17157;26a364db4d763d9d5a69eff04aa717af5db5d2736c5c1f4e47223a12eae7db66:33438;26a364db4d763d9d5a69eff04aa717af5db5d2736c5c1f4e47223a12eae7db66:33471;26a364db4d763d9d5a69eff04aa717af5db5d2736c5c1f4e47223a12eae7db66:33606;26a364db4d763d9d5a69eff04aa717af5db5d2736c5c1f4e47223a12eae7db66:33639","58","Reported final-energy commodity inventory exhausted by disjoint source accounts; bounded exclusion, not absence guessed from empty selection","UNRESOLVED","true","true"
"ID:2019:RoadResidualFuel:oil","ID","RoadResidualFuel","oil","BLEND_RECONCILIATION_PENDING","UNRESOLVED_BIOFUEL_OVERLAP","207730176.54000000","UNRESOLVED","NO_PENDING_SOURCE_OR_TARGET","1c2952a5f87bfcdb0eef1af6b6c774e741a99e5b72c5ced91a585d6efe9be50a:43666;fe8fc603bb47c3ced818a86a96a4ad4e97b3b8ceb0d6b28a66d123d5e2c4d5ba:32359","185","Petroleum/biofuel commodity-series overlap not resolved; memo blended rows missing; raw sum is a candidate, not a qualified disjoint obligation","UNRESOLVED_BIOFUEL_OVERLAP","false","false"
"ID:2019:RoadResidualFuel:gas","ID","RoadResidualFuel","gas","QUALIFIED_SOURCE_POSITIVE","NUMERIC_INPUT_READY","712250","REQUIRED_PHYSICAL","SUBJECT_TO_TARGET_AND_FULL_NETWORK_GATES","fa8613ee3560bfc2f73f60f4c0995c995b0bec8fd75a59190fe4ad6c63a9e988:40495","28","Raw account sum; electricity remains in Astar","NUMERIC_INPUT_READY","false","false"
"ID:2019:RoadResidualFuel:biomass","ID","RoadResidualFuel","biomass","BLEND_RECONCILIATION_PENDING","UNRESOLVED_BIOFUEL_OVERLAP","47144860.00000","UNRESOLVED","NO_PENDING_SOURCE_OR_TARGET","5c72caaa64762e177e5e53c55b7f9fd07ee57f6a91681d600bdd6c6be174b8c2:4914","58","Petroleum/biofuel commodity-series overlap not resolved; memo blended rows missing; raw sum is a candidate, not a qualified disjoint obligation","UNRESOLVED_BIOFUEL_OVERLAP","false","false"
"ID:2019:TransportEmbeddedFuelParent:unclassified_fuel","ID","TransportEmbeddedFuelParent","unclassified_fuel","QUALIFIED_SOURCE_POSITIVE","NUMERIC_INPUT_READY","2483734.92000000","REQUIRED_PHYSICAL","NO_PENDING_SOURCE_OR_TARGET","1c2952a5f87bfcdb0eef1af6b6c774e741a99e5b72c5ced91a585d6efe9be50a:43689","362","Raw account sum; electricity remains in Astar","NUMERIC_INPUT_READY","false","false"
"ID:2019:DomesticShippingFuel:oil","ID","DomesticShippingFuel","oil","QUALIFIED_SOURCE_POSITIVE","NUMERIC_INPUT_READY","11391330.00000000","REQUIRED_PHYSICAL","SUBJECT_TO_TARGET_AND_FULL_NETWORK_GATES","b5ec374fcb60a4567468b3279fe6fa584ed0506d32f42a80e0760becce6c5cdb:43426;1c2952a5f87bfcdb0eef1af6b6c774e741a99e5b72c5ced91a585d6efe9be50a:43709","185","Raw account sum; electricity remains in Astar","NUMERIC_INPUT_READY","false","false"
"ID:2019:DomesticAviationFuel:oil","ID","DomesticAviationFuel","oil","QUALIFIED_SOURCE_POSITIVE","NUMERIC_INPUT_READY","33861574.4000000","REQUIRED_PHYSICAL","SUBJECT_TO_TARGET_AND_FULL_NETWORK_GATES","d58d6b4f18fcb2cd5c2b6a9f680592924b9cf78066659d7ed2cf757d233cfec9:10654;a45d82a3cffd1fcbca3d6702b88e511d913e833c1f4e9e3fa75dd5c1750eea9a:21350","185","Raw account sum; electricity remains in Astar","NUMERIC_INPUT_READY","false","false"
"ID:2019:InternationalShippingBunker:oil","ID","InternationalShippingBunker","oil","QUALIFIED_SOURCE_POSITIVE","NUMERIC_INPUT_READY","2606974.20000000","REQUIRED_PHYSICAL","SUBJECT_TO_TARGET_AND_FULL_NETWORK_GATES","b5ec374fcb60a4567468b3279fe6fa584ed0506d32f42a80e0760becce6c5cdb:42925;1c2952a5f87bfcdb0eef1af6b6c774e741a99e5b72c5ced91a585d6efe9be50a:43229","185","Raw account sum; electricity remains in Astar","NUMERIC_INPUT_READY","false","false"
"ID:2019:InternationalAviationBunker:oil","ID","InternationalAviationBunker","oil","QUALIFIED_SOURCE_POSITIVE","NUMERIC_INPUT_READY","11222127.00000000","REQUIRED_PHYSICAL","SUBJECT_TO_TARGET_AND_FULL_NETWORK_GATES","a45d82a3cffd1fcbca3d6702b88e511d913e833c1f4e9e3fa75dd5c1750eea9a:21223","185","Raw account sum; electricity remains in Astar","NUMERIC_INPUT_READY","false","false"
"KH:2019:ResidentialFuel:oil","KH","ResidentialFuel","oil","QUALIFIED_SOURCE_POSITIVE","NUMERIC_INPUT_READY","350571.000000","REQUIRED_PHYSICAL","SUBJECT_TO_TARGET_AND_FULL_NETWORK_GATES","b02371f39dec320e227fd3223fcf8ad545595b5b53b48d2834bf9a838191076e:13968","58","Raw account sum; electricity remains in Astar","NUMERIC_INPUT_READY","false","false"
"KH:2019:ResidentialFuel:gas","KH","ResidentialFuel","gas","SOURCE_FAMILY_NOT_PRESENT_IN_CACHED_EXPORT","UNRESOLVED","","PENDING_NO_AUTOMATIC_EXCLUSION","NO_PENDING_SOURCE_OR_TARGET","","0","No source-qualified2019 row or zero proof","UNRESOLVED","false","false"
"KH:2019:ResidentialFuel:coal","KH","ResidentialFuel","coal","BOUNDED_SOURCE_ZERO","SOURCE_BOUNDED_ZERO","0","SOURCE_SUPPORTED_NOT_APPLICABLE","NO_PENDING_SOURCE_OR_TARGET","903a91d8e915854454532b0e917539b325fa6691a335aa08a37c8ebef0bd9088:3517;903a91d8e915854454532b0e917539b325fa6691a335aa08a37c8ebef0bd9088:3532","29","Reported final-energy commodity inventory exhausted by disjoint source accounts; bounded exclusion, not absence guessed from empty selection","SOURCE_BOUNDED_ZERO","false","false"
"KH:2019:ResidentialFuel:biomass","KH","ResidentialFuel","biomass","QUALIFIED_SOURCE_POSITIVE","NUMERIC_INPUT_READY","7961212.000000","REQUIRED_PHYSICAL","SUBJECT_TO_TARGET_AND_FULL_NETWORK_GATES","da54b258ffb4927f30834c01f4e9aff7c267dd70c5ef5760292dd21ef5802345:6633;26a364db4d763d9d5a69eff04aa717af5db5d2736c5c1f4e47223a12eae7db66:11925","17","Raw account sum; electricity remains in Astar","NUMERIC_INPUT_READY","false","false"
"KH:2019:ServicesFuel:oil","KH","ServicesFuel","oil","QUALIFIED_SOURCE_POSITIVE","NUMERIC_INPUT_READY","2681146.000000","REQUIRED_PHYSICAL","SUBJECT_TO_TARGET_AND_FULL_NETWORK_GATES","b02371f39dec320e227fd3223fcf8ad545595b5b53b48d2834bf9a838191076e:14001","58","Raw account sum; electricity remains in Astar","NUMERIC_INPUT_READY","false","false"
"KH:2019:ServicesFuel:gas","KH","ServicesFuel","gas","SOURCE_FAMILY_NOT_PRESENT_IN_CACHED_EXPORT","UNRESOLVED","","PENDING_NO_AUTOMATIC_EXCLUSION","NO_PENDING_SOURCE_OR_TARGET","","0","No source-qualified2019 row or zero proof","UNRESOLVED","false","false"
"KH:2019:ServicesFuel:coal","KH","ServicesFuel","coal","BOUNDED_SOURCE_ZERO","SOURCE_BOUNDED_ZERO","0","SOURCE_SUPPORTED_NOT_APPLICABLE","NO_PENDING_SOURCE_OR_TARGET","903a91d8e915854454532b0e917539b325fa6691a335aa08a37c8ebef0bd9088:3517;903a91d8e915854454532b0e917539b325fa6691a335aa08a37c8ebef0bd9088:3532","29","Reported final-energy commodity inventory exhausted by disjoint source accounts; bounded exclusion, not absence guessed from empty selection","SOURCE_BOUNDED_ZERO","false","false"
"KH:2019:ServicesFuel:biomass","KH","ServicesFuel","biomass","BOUNDED_SOURCE_ZERO","SOURCE_BOUNDED_ZERO","0","SOURCE_SUPPORTED_NOT_APPLICABLE","NO_PENDING_SOURCE_OR_TARGET","da54b258ffb4927f30834c01f4e9aff7c267dd70c5ef5760292dd21ef5802345:6567;da54b258ffb4927f30834c01f4e9aff7c267dd70c5ef5760292dd21ef5802345:6633;26a364db4d763d9d5a69eff04aa717af5db5d2736c5c1f4e47223a12eae7db66:11760;26a364db4d763d9d5a69eff04aa717af5db5d2736c5c1f4e47223a12eae7db66:11793;26a364db4d763d9d5a69eff04aa717af5db5d2736c5c1f4e47223a12eae7db66:11925","17","Reported final-energy commodity inventory exhausted by disjoint source accounts; bounded exclusion, not absence guessed from empty selection","SOURCE_BOUNDED_ZERO","false","false"
"KH:2019:IndustryFinalEnergy:oil","KH","IndustryFinalEnergy","oil","QUALIFIED_SOURCE_POSITIVE","NUMERIC_INPUT_READY","2882052.000000","REQUIRED_PHYSICAL","SUBJECT_TO_TARGET_AND_FULL_NETWORK_GATES","b5ec374fcb60a4567468b3279fe6fa584ed0506d32f42a80e0760becce6c5cdb:13971;1c2952a5f87bfcdb0eef1af6b6c774e741a99e5b72c5ced91a585d6efe9be50a:14986","58","Raw account sum; electricity remains in Astar","NUMERIC_INPUT_READY","false","false"
"KH:2019:IndustryFinalEnergy:gas","KH","IndustryFinalEnergy","gas","SOURCE_FAMILY_NOT_PRESENT_IN_CACHED_EXPORT","UNRESOLVED","","PENDING_NO_AUTOMATIC_EXCLUSION","NO_PENDING_SOURCE_OR_TARGET","","0","No source-qualified2019 row or zero proof","UNRESOLVED","false","false"
"KH:2019:IndustryFinalEnergy:coal","KH","IndustryFinalEnergy","coal","QUALIFIED_SOURCE_POSITIVE","NUMERIC_INPUT_READY","1282592.2000000","REQUIRED_PHYSICAL","SUBJECT_TO_TARGET_AND_FULL_NETWORK_GATES","903a91d8e915854454532b0e917539b325fa6691a335aa08a37c8ebef0bd9088:3532","29","Raw account sum; electricity remains in Astar","NUMERIC_INPUT_READY","false","false"
"KH:2019:IndustryFinalEnergy:biomass","KH","IndustryFinalEnergy","biomass","QUALIFIED_SOURCE_POSITIVE","NUMERIC_INPUT_READY","2487422.000000","REQUIRED_PHYSICAL","SUBJECT_TO_TARGET_AND_FULL_NETWORK_GATES","26a364db4d763d9d5a69eff04aa717af5db5d2736c5c1f4e47223a12eae7db66:11793","17","Raw account sum; electricity remains in Astar","NUMERIC_INPUT_READY","false","false"
"KH:2019:AgricultureFinalEnergy:oil","KH","AgricultureFinalEnergy","oil","QUALIFIED_SOURCE_POSITIVE","NUMERIC_INPUT_READY","3582.000000","REQUIRED_PHYSICAL","SUBJECT_TO_TARGET_AND_FULL_NETWORK_GATES","1c2952a5f87bfcdb0eef1af6b6c774e741a99e5b72c5ced91a585d6efe9be50a:15169","58","Raw account sum; electricity remains in Astar","NUMERIC_INPUT_READY","false","false"
"KH:2019:AgricultureFinalEnergy:coal","KH","AgricultureFinalEnergy","coal","BOUNDED_SOURCE_ZERO","SOURCE_BOUNDED_ZERO","0","SOURCE_SUPPORTED_NOT_APPLICABLE","NO_PENDING_SOURCE_OR_TARGET","903a91d8e915854454532b0e917539b325fa6691a335aa08a37c8ebef0bd9088:3517;903a91d8e915854454532b0e917539b325fa6691a335aa08a37c8ebef0bd9088:3532","29","Reported final-energy commodity inventory exhausted by disjoint source accounts; bounded exclusion, not absence guessed from empty selection","SOURCE_BOUNDED_ZERO","false","false"
"KH:2019:AgricultureFinalEnergy:biomass","KH","AgricultureFinalEnergy","biomass","BOUNDED_SOURCE_ZERO","SOURCE_BOUNDED_ZERO","0","SOURCE_SUPPORTED_NOT_APPLICABLE","NO_PENDING_SOURCE_OR_TARGET","da54b258ffb4927f30834c01f4e9aff7c267dd70c5ef5760292dd21ef5802345:6567;da54b258ffb4927f30834c01f4e9aff7c267dd70c5ef5760292dd21ef5802345:6633;26a364db4d763d9d5a69eff04aa717af5db5d2736c5c1f4e47223a12eae7db66:11760;26a364db4d763d9d5a69eff04aa717af5db5d2736c5c1f4e47223a12eae7db66:11793;26a364db4d763d9d5a69eff04aa717af5db5d2736c5c1f4e47223a12eae7db66:11925","17","Reported final-energy commodity inventory exhausted by disjoint source accounts; bounded exclusion, not absence guessed from empty selection","SOURCE_BOUNDED_ZERO","false","false"
"KH:2019:RoadResidualFuel:oil","KH","RoadResidualFuel","oil","QUALIFIED_SOURCE_POSITIVE","NUMERIC_INPUT_READY","20345163.52000000","REQUIRED_PHYSICAL","SUBJECT_TO_TARGET_AND_FULL_NETWORK_GATES","1c2952a5f87bfcdb0eef1af6b6c774e741a99e5b72c5ced91a585d6efe9be50a:15078;b02371f39dec320e227fd3223fcf8ad545595b5b53b48d2834bf9a838191076e:13918;fe8fc603bb47c3ced818a86a96a4ad4e97b3b8ceb0d6b28a66d123d5e2c4d5ba:11257","58","Raw account sum; electricity remains in Astar","NUMERIC_INPUT_READY","false","false"
"KH:2019:RoadResidualFuel:gas","KH","RoadResidualFuel","gas","SOURCE_FAMILY_NOT_PRESENT_IN_CACHED_EXPORT","UNRESOLVED","","PENDING_NO_AUTOMATIC_EXCLUSION","NO_PENDING_SOURCE_OR_TARGET","","0","No source-qualified2019 row or zero proof","UNRESOLVED","false","false"
"KH:2019:RoadResidualFuel:biomass","KH","RoadResidualFuel","biomass","BOUNDED_SOURCE_ZERO","SOURCE_BOUNDED_ZERO","0","SOURCE_SUPPORTED_NOT_APPLICABLE","NO_PENDING_SOURCE_OR_TARGET","da54b258ffb4927f30834c01f4e9aff7c267dd70c5ef5760292dd21ef5802345:6567;da54b258ffb4927f30834c01f4e9aff7c267dd70c5ef5760292dd21ef5802345:6633;26a364db4d763d9d5a69eff04aa717af5db5d2736c5c1f4e47223a12eae7db66:11760;26a364db4d763d9d5a69eff04aa717af5db5d2736c5c1f4e47223a12eae7db66:11793;26a364db4d763d9d5a69eff04aa717af5db5d2736c5c1f4e47223a12eae7db66:11925","17","Reported final-energy commodity inventory exhausted by disjoint source accounts; bounded exclusion, not absence guessed from empty selection","SOURCE_BOUNDED_ZERO","false","false"
"KH:2019:TransportEmbeddedFuelParent:unclassified_fuel","KH","TransportEmbeddedFuelParent","unclassified_fuel","QUALIFIED_SOURCE_POSITIVE","NUMERIC_INPUT_READY","2698440.00000","REQUIRED_PHYSICAL","NO_PENDING_SOURCE_OR_TARGET","1c2952a5f87bfcdb0eef1af6b6c774e741a99e5b72c5ced91a585d6efe9be50a:15101","127","Raw account sum; electricity remains in Astar","NUMERIC_INPUT_READY","false","false"
"KH:2019:DomesticShippingFuel:oil","KH","DomesticShippingFuel","oil","QUALIFIED_SOURCE_POSITIVE","NUMERIC_INPUT_READY","697797.48000000","REQUIRED_PHYSICAL","SUBJECT_TO_TARGET_AND_FULL_NETWORK_GATES","1c2952a5f87bfcdb0eef1af6b6c774e741a99e5b72c5ced91a585d6efe9be50a:15124","58","Raw account sum; electricity remains in Astar","NUMERIC_INPUT_READY","false","false"
"KH:2019:DomesticAviationFuel:oil","KH","DomesticAviationFuel","oil","QUALIFIED_SOURCE_POSITIVE","NUMERIC_INPUT_READY","846475.000000","REQUIRED_PHYSICAL","SUBJECT_TO_TARGET_AND_FULL_NETWORK_GATES","a45d82a3cffd1fcbca3d6702b88e511d913e833c1f4e9e3fa75dd5c1750eea9a:7240","58","Raw account sum; electricity remains in Astar","NUMERIC_INPUT_READY","false","false"
"KH:2019:InternationalShippingBunker:oil","KH","InternationalShippingBunker","oil","KNOWN_NEC_ENERGY_RETAINED_SECTOR_SPLIT_UNRESOLVED","UNRESOLVED","","PENDING_NO_AUTOMATIC_EXCLUSION","NO_PENDING_SOURCE_OR_TARGET","","58","No source-qualified2019 row or zero proof","UNRESOLVED","false","false"
"KH:2019:InternationalAviationBunker:oil","KH","InternationalAviationBunker","oil","QUALIFIED_SOURCE_POSITIVE","NUMERIC_INPUT_READY","1907325.000000","REQUIRED_PHYSICAL","SUBJECT_TO_TARGET_AND_FULL_NETWORK_GATES","a45d82a3cffd1fcbca3d6702b88e511d913e833c1f4e9e3fa75dd5c1750eea9a:7161","58","Raw account sum; electricity remains in Astar","NUMERIC_INPUT_READY","false","false"
"LA:2019:ResidentialFuel:oil","LA","ResidentialFuel","oil","QUALIFIED_SOURCE_POSITIVE","NUMERIC_INPUT_READY","91910.00000","REQUIRED_PHYSICAL","SUBJECT_TO_TARGET_AND_FULL_NETWORK_GATES","b02371f39dec320e227fd3223fcf8ad545595b5b53b48d2834bf9a838191076e:48875","45","Raw account sum; electricity remains in Astar","NUMERIC_INPUT_READY","false","false"
"LA:2019:ResidentialFuel:gas","LA","ResidentialFuel","gas","SOURCE_FAMILY_NOT_PRESENT_IN_CACHED_EXPORT","UNRESOLVED","","PENDING_NO_AUTOMATIC_EXCLUSION","NO_PENDING_SOURCE_OR_TARGET","","0","No source-qualified2019 row or zero proof","UNRESOLVED","false","false"
"LA:2019:ResidentialFuel:coal","LA","ResidentialFuel","coal","BOUNDED_SOURCE_ZERO","SOURCE_BOUNDED_ZERO","0","SOURCE_SUPPORTED_NOT_APPLICABLE","NO_PENDING_SOURCE_OR_TARGET","903a91d8e915854454532b0e917539b325fa6691a335aa08a37c8ebef0bd9088:12923;903a91d8e915854454532b0e917539b325fa6691a335aa08a37c8ebef0bd9088:12951;903a91d8e915854454532b0e917539b325fa6691a335aa08a37c8ebef0bd9088:13030;322eaabc99e9098d5834c09f3d174f6acba91332dd84956e7cd11e7913c6aeb4:30675;322eaabc99e9098d5834c09f3d174f6acba91332dd84956e7cd11e7913c6aeb4:30699","42","Reported final-energy commodity inventory exhausted by disjoint source accounts; bounded exclusion, not absence guessed from empty selection","UNRESOLVED","true","true"
"LA:2019:ResidentialFuel:biomass","LA","ResidentialFuel","biomass","QUALIFIED_SOURCE_POSITIVE","NUMERIC_INPUT_READY","9866034.34000000","REQUIRED_PHYSICAL","SUBJECT_TO_TARGET_AND_FULL_NETWORK_GATES","da54b258ffb4927f30834c01f4e9aff7c267dd70c5ef5760292dd21ef5802345:20172;26a364db4d763d9d5a69eff04aa717af5db5d2736c5c1f4e47223a12eae7db66:39616","29","Raw account sum; electricity remains in Astar","NUMERIC_INPUT_READY","false","false"
"LA:2019:ServicesFuel:oil","LA","ServicesFuel","oil","QUALIFIED_SOURCE_POSITIVE","NUMERIC_INPUT_READY","131300.00000","REQUIRED_PHYSICAL","SUBJECT_TO_TARGET_AND_FULL_NETWORK_GATES","b02371f39dec320e227fd3223fcf8ad545595b5b53b48d2834bf9a838191076e:48925","45","Raw account sum; electricity remains in Astar","NUMERIC_INPUT_READY","false","false"
"LA:2019:ServicesFuel:gas","LA","ServicesFuel","gas","SOURCE_FAMILY_NOT_PRESENT_IN_CACHED_EXPORT","UNRESOLVED","","PENDING_NO_AUTOMATIC_EXCLUSION","NO_PENDING_SOURCE_OR_TARGET","","0","No source-qualified2019 row or zero proof","UNRESOLVED","false","false"
"LA:2019:ServicesFuel:coal","LA","ServicesFuel","coal","BOUNDED_SOURCE_ZERO","SOURCE_BOUNDED_ZERO","0","SOURCE_SUPPORTED_NOT_APPLICABLE","NO_PENDING_SOURCE_OR_TARGET","903a91d8e915854454532b0e917539b325fa6691a335aa08a37c8ebef0bd9088:12923;903a91d8e915854454532b0e917539b325fa6691a335aa08a37c8ebef0bd9088:12951;903a91d8e915854454532b0e917539b325fa6691a335aa08a37c8ebef0bd9088:13030;322eaabc99e9098d5834c09f3d174f6acba91332dd84956e7cd11e7913c6aeb4:30675;322eaabc99e9098d5834c09f3d174f6acba91332dd84956e7cd11e7913c6aeb4:30699","42","Reported final-energy commodity inventory exhausted by disjoint source accounts; bounded exclusion, not absence guessed from empty selection","UNRESOLVED","true","true"
"LA:2019:ServicesFuel:biomass","LA","ServicesFuel","biomass","QUALIFIED_SOURCE_POSITIVE","NUMERIC_INPUT_READY","2855040.00000","REQUIRED_PHYSICAL","SUBJECT_TO_TARGET_AND_FULL_NETWORK_GATES","da54b258ffb4927f30834c01f4e9aff7c267dd70c5ef5760292dd21ef5802345:20206;26a364db4d763d9d5a69eff04aa717af5db5d2736c5c1f4e47223a12eae7db66:39650","29","Raw account sum; electricity remains in Astar","NUMERIC_INPUT_READY","false","false"
"LA:2019:IndustryFinalEnergy:oil","LA","IndustryFinalEnergy","oil","QUALIFIED_SOURCE_POSITIVE","NUMERIC_INPUT_READY","125664.000000","REQUIRED_PHYSICAL","SUBJECT_TO_TARGET_AND_FULL_NETWORK_GATES","b5ec374fcb60a4567468b3279fe6fa584ed0506d32f42a80e0760becce6c5cdb:54011","45","Raw account sum; electricity remains in Astar","NUMERIC_INPUT_READY","false","false"
"LA:2019:IndustryFinalEnergy:gas","LA","IndustryFinalEnergy","gas","SOURCE_FAMILY_NOT_PRESENT_IN_CACHED_EXPORT","UNRESOLVED","","PENDING_NO_AUTOMATIC_EXCLUSION","NO_PENDING_SOURCE_OR_TARGET","","0","No source-qualified2019 row or zero proof","UNRESOLVED","false","false"
"LA:2019:IndustryFinalEnergy:coal","LA","IndustryFinalEnergy","coal","QUALIFIED_SOURCE_POSITIVE","NUMERIC_INPUT_READY","1679917.192000000","REQUIRED_PHYSICAL","SUBJECT_TO_TARGET_AND_FULL_NETWORK_GATES","903a91d8e915854454532b0e917539b325fa6691a335aa08a37c8ebef0bd9088:12951;322eaabc99e9098d5834c09f3d174f6acba91332dd84956e7cd11e7913c6aeb4:30699","42","Raw account sum; electricity remains in Astar","NUMERIC_INPUT_READY","false","false"
"LA:2019:IndustryFinalEnergy:biomass","LA","IndustryFinalEnergy","biomass","QUALIFIED_SOURCE_POSITIVE","NUMERIC_INPUT_READY","1484844.000000","REQUIRED_PHYSICAL","SUBJECT_TO_TARGET_AND_FULL_NETWORK_GATES","9c32689fcf967b5d25086511b32fcfbfb4894f2b860deff953d781f92d749211:10706;26a364db4d763d9d5a69eff04aa717af5db5d2736c5c1f4e47223a12eae7db66:39510","29","Raw account sum; electricity remains in Astar","NUMERIC_INPUT_READY","false","false"
"LA:2019:AgricultureFinalEnergy:oil","LA","AgricultureFinalEnergy","oil","QUALIFIED_SOURCE_POSITIVE","NUMERIC_INPUT_READY","382080.00000","REQUIRED_PHYSICAL","SUBJECT_TO_TARGET_AND_FULL_NETWORK_GATES","1c2952a5f87bfcdb0eef1af6b6c774e741a99e5b72c5ced91a585d6efe9be50a:53240","45","Raw account sum; electricity remains in Astar","NUMERIC_INPUT_READY","false","false"
"LA:2019:AgricultureFinalEnergy:coal","LA","AgricultureFinalEnergy","coal","BOUNDED_SOURCE_ZERO","SOURCE_BOUNDED_ZERO","0","SOURCE_SUPPORTED_NOT_APPLICABLE","NO_PENDING_SOURCE_OR_TARGET","903a91d8e915854454532b0e917539b325fa6691a335aa08a37c8ebef0bd9088:12923;903a91d8e915854454532b0e917539b325fa6691a335aa08a37c8ebef0bd9088:12951;903a91d8e915854454532b0e917539b325fa6691a335aa08a37c8ebef0bd9088:13030;322eaabc99e9098d5834c09f3d174f6acba91332dd84956e7cd11e7913c6aeb4:30675;322eaabc99e9098d5834c09f3d174f6acba91332dd84956e7cd11e7913c6aeb4:30699","42","Reported final-energy commodity inventory exhausted by disjoint source accounts; bounded exclusion, not absence guessed from empty selection","UNRESOLVED","true","true"
"LA:2019:AgricultureFinalEnergy:biomass","LA","AgricultureFinalEnergy","biomass","BOUNDED_SOURCE_ZERO","SOURCE_BOUNDED_ZERO","0","SOURCE_SUPPORTED_NOT_APPLICABLE","NO_PENDING_SOURCE_OR_TARGET","9c32689fcf967b5d25086511b32fcfbfb4894f2b860deff953d781f92d749211:10691;9c32689fcf967b5d25086511b32fcfbfb4894f2b860deff953d781f92d749211:10706;da54b258ffb4927f30834c01f4e9aff7c267dd70c5ef5760292dd21ef5802345:20104;da54b258ffb4927f30834c01f4e9aff7c267dd70c5ef5760292dd21ef5802345:20172;da54b258ffb4927f30834c01f4e9aff7c267dd70c5ef5760292dd21ef5802345:20206;26a364db4d763d9d5a69eff04aa717af5db5d2736c5c1f4e47223a12eae7db66:39476;26a364db4d763d9d5a69eff04aa717af5db5d2736c5c1f4e47223a12eae7db66:39510;26a364db4d763d9d5a69eff04aa717af5db5d2736c5c1f4e47223a12eae7db66:39616;26a364db4d763d9d5a69eff04aa717af5db5d2736c5c1f4e47223a12eae7db66:39650","29","Reported final-energy commodity inventory exhausted by disjoint source accounts; bounded exclusion, not absence guessed from empty selection","SOURCE_BOUNDED_ZERO","false","false"
"LA:2019:RoadResidualFuel:oil","LA","RoadResidualFuel","oil","QUALIFIED_SOURCE_POSITIVE","NUMERIC_INPUT_READY","9594720.00000","REQUIRED_PHYSICAL","SUBJECT_TO_TARGET_AND_FULL_NETWORK_GATES","1c2952a5f87bfcdb0eef1af6b6c774e741a99e5b72c5ced91a585d6efe9be50a:53194;fe8fc603bb47c3ced818a86a96a4ad4e97b3b8ceb0d6b28a66d123d5e2c4d5ba:38944","45","Raw account sum; electricity remains in Astar","NUMERIC_INPUT_READY","false","false"
"LA:2019:RoadResidualFuel:gas","LA","RoadResidualFuel","gas","SOURCE_FAMILY_NOT_PRESENT_IN_CACHED_EXPORT","UNRESOLVED","","PENDING_NO_AUTOMATIC_EXCLUSION","NO_PENDING_SOURCE_OR_TARGET","","0","No source-qualified2019 row or zero proof","UNRESOLVED","false","false"
"LA:2019:RoadResidualFuel:biomass","LA","RoadResidualFuel","biomass","BOUNDED_SOURCE_ZERO","SOURCE_BOUNDED_ZERO","0","SOURCE_SUPPORTED_NOT_APPLICABLE","NO_PENDING_SOURCE_OR_TARGET","9c32689fcf967b5d25086511b32fcfbfb4894f2b860deff953d781f92d749211:10691;9c32689fcf967b5d25086511b32fcfbfb4894f2b860deff953d781f92d749211:10706;da54b258ffb4927f30834c01f4e9aff7c267dd70c5ef5760292dd21ef5802345:20104;da54b258ffb4927f30834c01f4e9aff7c267dd70c5ef5760292dd21ef5802345:20172;da54b258ffb4927f30834c01f4e9aff7c267dd70c5ef5760292dd21ef5802345:20206;26a364db4d763d9d5a69eff04aa717af5db5d2736c5c1f4e47223a12eae7db66:39476;26a364db4d763d9d5a69eff04aa717af5db5d2736c5c1f4e47223a12eae7db66:39510;26a364db4d763d9d5a69eff04aa717af5db5d2736c5c1f4e47223a12eae7db66:39616;26a364db4d763d9d5a69eff04aa717af5db5d2736c5c1f4e47223a12eae7db66:39650","29","Reported final-energy commodity inventory exhausted by disjoint source accounts; bounded exclusion, not absence guessed from empty selection","SOURCE_BOUNDED_ZERO","false","false"
"LA:2019:TransportEmbeddedFuelParent:unclassified_fuel","LA","TransportEmbeddedFuelParent","unclassified_fuel","KNOWN_NEC_ENERGY_RETAINED_SECTOR_SPLIT_UNRESOLVED","UNRESOLVED","","PENDING_NO_AUTOMATIC_EXCLUSION","NO_PENDING_SOURCE_OR_TARGET","","142","No source-qualified2019 row or zero proof","UNRESOLVED","false","false"
"LA:2019:DomesticShippingFuel:oil","LA","DomesticShippingFuel","oil","BOUNDED_SOURCE_ZERO","SOURCE_BOUNDED_ZERO","0","SOURCE_SUPPORTED_NOT_APPLICABLE","NO_PENDING_SOURCE_OR_TARGET","d58d6b4f18fcb2cd5c2b6a9f680592924b9cf78066659d7ed2cf757d233cfec9:12927;d58d6b4f18fcb2cd5c2b6a9f680592924b9cf78066659d7ed2cf757d233cfec9:12995;b5ec374fcb60a4567468b3279fe6fa584ed0506d32f42a80e0760becce6c5cdb:53980;b5ec374fcb60a4567468b3279fe6fa584ed0506d32f42a80e0760becce6c5cdb:54011;1c2952a5f87bfcdb0eef1af6b6c774e741a99e5b72c5ced91a585d6efe9be50a:53148;1c2952a5f87bfcdb0eef1af6b6c774e741a99e5b72c5ced91a585d6efe9be50a:53194;1c2952a5f87bfcdb0eef1af6b6c774e741a99e5b72c5ced91a585d6efe9be50a:53240;a45d82a3cffd1fcbca3d6702b88e511d913e833c1f4e9e3fa75dd5c1750eea9a:25625;a45d82a3cffd1fcbca3d6702b88e511d913e833c1f4e9e3fa75dd5c1750eea9a:25693;b02371f39dec320e227fd3223fcf8ad545595b5b53b48d2834bf9a838191076e:48807;b02371f39dec320e227fd3223fcf8ad545595b5b53b48d2834bf9a838191076e:48875;b02371f39dec320e227fd3223fcf8ad545595b5b53b48d2834bf9a838191076e:48925;fe8fc603bb47c3ced818a86a96a4ad4e97b3b8ceb0d6b28a66d123d5e2c4d5ba:38876;fe8fc603bb47c3ced818a86a96a4ad4e97b3b8ceb0d6b28a66d123d5e2c4d5ba:38944","45","Reported final-energy commodity inventory exhausted by disjoint source accounts; bounded exclusion, not absence guessed from empty selection","SOURCE_BOUNDED_ZERO","false","false"
"LA:2019:DomesticAviationFuel:oil","LA","DomesticAviationFuel","oil","QUALIFIED_SOURCE_POSITIVE","NUMERIC_INPUT_READY","155945.000000","REQUIRED_PHYSICAL","SUBJECT_TO_TARGET_AND_FULL_NETWORK_GATES","d58d6b4f18fcb2cd5c2b6a9f680592924b9cf78066659d7ed2cf757d233cfec9:12995;a45d82a3cffd1fcbca3d6702b88e511d913e833c1f4e9e3fa75dd5c1750eea9a:25693","45","Raw account sum; electricity remains in Astar","NUMERIC_INPUT_READY","false","false"
"LA:2019:InternationalShippingBunker:oil","LA","InternationalShippingBunker","oil","KNOWN_NEC_ENERGY_RETAINED_SECTOR_SPLIT_UNRESOLVED","UNRESOLVED","","PENDING_NO_AUTOMATIC_EXCLUSION","NO_PENDING_SOURCE_OR_TARGET","","45","No source-qualified2019 row or zero proof","UNRESOLVED","false","false"
"LA:2019:InternationalAviationBunker:oil","LA","InternationalAviationBunker","oil","QUALIFIED_SOURCE_POSITIVE","NUMERIC_INPUT_READY","443450.000000","REQUIRED_PHYSICAL","SUBJECT_TO_TARGET_AND_FULL_NETWORK_GATES","a45d82a3cffd1fcbca3d6702b88e511d913e833c1f4e9e3fa75dd5c1750eea9a:25591","45","Raw account sum; electricity remains in Astar","NUMERIC_INPUT_READY","false","false"
"MM:2019:ResidentialFuel:oil","MM","ResidentialFuel","oil","QUALIFIED_SOURCE_POSITIVE","NUMERIC_INPUT_READY","6048110.00000","REQUIRED_PHYSICAL","SUBJECT_TO_TARGET_AND_FULL_NETWORK_GATES","1c2952a5f87bfcdb0eef1af6b6c774e741a99e5b72c5ced91a585d6efe9be50a:63238;b02371f39dec320e227fd3223fcf8ad545595b5b53b48d2834bf9a838191076e:57218;fe8fc603bb47c3ced818a86a96a4ad4e97b3b8ceb0d6b28a66d123d5e2c4d5ba:46413","114","Raw account sum; electricity remains in Astar","NUMERIC_INPUT_READY","false","false"
"MM:2019:ResidentialFuel:gas","MM","ResidentialFuel","gas","BOUNDED_SOURCE_ZERO","SOURCE_BOUNDED_ZERO","0","SOURCE_SUPPORTED_NOT_APPLICABLE","NO_PENDING_SOURCE_OR_TARGET","fa8613ee3560bfc2f73f60f4c0995c995b0bec8fd75a59190fe4ad6c63a9e988:57595;fa8613ee3560bfc2f73f60f4c0995c995b0bec8fd75a59190fe4ad6c63a9e988:57628;fa8613ee3560bfc2f73f60f4c0995c995b0bec8fd75a59190fe4ad6c63a9e988:57828;fa8613ee3560bfc2f73f60f4c0995c995b0bec8fd75a59190fe4ad6c63a9e988:57926","31","Reported final-energy commodity inventory exhausted by disjoint source accounts; bounded exclusion, not absence guessed from empty selection","SOURCE_BOUNDED_ZERO","false","false"
"MM:2019:ResidentialFuel:coal","MM","ResidentialFuel","coal","BOUNDED_SOURCE_ZERO","SOURCE_BOUNDED_ZERO","0","SOURCE_SUPPORTED_NOT_APPLICABLE","NO_PENDING_SOURCE_OR_TARGET","322eaabc99e9098d5834c09f3d174f6acba91332dd84956e7cd11e7913c6aeb4:36485;322eaabc99e9098d5834c09f3d174f6acba91332dd84956e7cd11e7913c6aeb4:36519","11","Reported final-energy commodity inventory exhausted by disjoint source accounts; bounded exclusion, not absence guessed from empty selection","SOURCE_BOUNDED_ZERO","false","false"
"MM:2019:ResidentialFuel:biomass","MM","ResidentialFuel","biomass","QUALIFIED_SOURCE_POSITIVE","NUMERIC_INPUT_READY","55950039.36417777777777777778","REQUIRED_PHYSICAL","SUBJECT_TO_TARGET_AND_FULL_NETWORK_GATES","b004f7bd486dbb8576935c5d17c2e49964e7687ea16b5d67ae57602981b5462c:11666;da54b258ffb4927f30834c01f4e9aff7c267dd70c5ef5760292dd21ef5802345:24690;26a364db4d763d9d5a69eff04aa717af5db5d2736c5c1f4e47223a12eae7db66:48299","31","Raw account sum; electricity remains in Astar","NUMERIC_INPUT_READY","false","false"
"MM:2019:ServicesFuel:oil","MM","ServicesFuel","oil","QUALIFIED_SOURCE_POSITIVE","NUMERIC_INPUT_READY","190740.00000","REQUIRED_PHYSICAL","SUBJECT_TO_TARGET_AND_FULL_NETWORK_GATES","b5ec374fcb60a4567468b3279fe6fa584ed0506d32f42a80e0760becce6c5cdb:62450","114","Raw account sum; electricity remains in Astar","NUMERIC_INPUT_READY","false","false"
"MM:2019:ServicesFuel:gas","MM","ServicesFuel","gas","QUALIFIED_SOURCE_POSITIVE","NUMERIC_INPUT_READY","4500","REQUIRED_PHYSICAL","SUBJECT_TO_TARGET_AND_FULL_NETWORK_GATES","fa8613ee3560bfc2f73f60f4c0995c995b0bec8fd75a59190fe4ad6c63a9e988:57926","31","Raw account sum; electricity remains in Astar","NUMERIC_INPUT_READY","false","false"
"MM:2019:ServicesFuel:coal","MM","ServicesFuel","coal","BOUNDED_SOURCE_ZERO","SOURCE_BOUNDED_ZERO","0","SOURCE_SUPPORTED_NOT_APPLICABLE","NO_PENDING_SOURCE_OR_TARGET","322eaabc99e9098d5834c09f3d174f6acba91332dd84956e7cd11e7913c6aeb4:36485;322eaabc99e9098d5834c09f3d174f6acba91332dd84956e7cd11e7913c6aeb4:36519","11","Reported final-energy commodity inventory exhausted by disjoint source accounts; bounded exclusion, not absence guessed from empty selection","SOURCE_BOUNDED_ZERO","false","false"
"MM:2019:ServicesFuel:biomass","MM","ServicesFuel","biomass","QUALIFIED_SOURCE_POSITIVE","NUMERIC_INPUT_READY","18415860.8568000000","REQUIRED_PHYSICAL","SUBJECT_TO_TARGET_AND_FULL_NETWORK_GATES","26a364db4d763d9d5a69eff04aa717af5db5d2736c5c1f4e47223a12eae7db66:48332","31","Raw account sum; electricity remains in Astar","NUMERIC_INPUT_READY","false","false"
"MM:2019:IndustryFinalEnergy:oil","MM","IndustryFinalEnergy","oil","QUALIFIED_SOURCE_POSITIVE","NUMERIC_INPUT_READY","25997228.000000","REQUIRED_PHYSICAL","SUBJECT_TO_TARGET_AND_FULL_NETWORK_GATES","b5ec374fcb60a4567468b3279fe6fa584ed0506d32f42a80e0760becce6c5cdb:62226;1c2952a5f87bfcdb0eef1af6b6c774e741a99e5b72c5ced91a585d6efe9be50a:63086;fe8fc603bb47c3ced818a86a96a4ad4e97b3b8ceb0d6b28a66d123d5e2c4d5ba:46278;b635acfa2728521abb05c3175cba6e1834327b8a909d346e14a399df673f946d:16295","114","Raw account sum; electricity remains in Astar","NUMERIC_INPUT_READY","false","false"
"MM:2019:IndustryFinalEnergy:gas","MM","IndustryFinalEnergy","gas","QUALIFIED_SOURCE_POSITIVE","NUMERIC_INPUT_READY","3144250","REQUIRED_PHYSICAL","SUBJECT_TO_TARGET_AND_FULL_NETWORK_GATES","fa8613ee3560bfc2f73f60f4c0995c995b0bec8fd75a59190fe4ad6c63a9e988:57628","31","Raw account sum; electricity remains in Astar","NUMERIC_INPUT_READY","false","false"
"MM:2019:IndustryFinalEnergy:coal","MM","IndustryFinalEnergy","coal","QUALIFIED_SOURCE_POSITIVE","NUMERIC_INPUT_READY","3640836.000000","REQUIRED_PHYSICAL","SUBJECT_TO_TARGET_AND_FULL_NETWORK_GATES","322eaabc99e9098d5834c09f3d174f6acba91332dd84956e7cd11e7913c6aeb4:36519","11","Raw account sum; electricity remains in Astar","NUMERIC_INPUT_READY","false","false"
"MM:2019:IndustryFinalEnergy:biomass","MM","IndustryFinalEnergy","biomass","QUALIFIED_SOURCE_POSITIVE","NUMERIC_INPUT_READY","20870740.8568000000","REQUIRED_PHYSICAL","SUBJECT_TO_TARGET_AND_FULL_NETWORK_GATES","9c32689fcf967b5d25086511b32fcfbfb4894f2b860deff953d781f92d749211:13071;26a364db4d763d9d5a69eff04aa717af5db5d2736c5c1f4e47223a12eae7db66:48167","31","Raw account sum; electricity remains in Astar","NUMERIC_INPUT_READY","false","false"
"MM:2019:AgricultureFinalEnergy:oil","MM","AgricultureFinalEnergy","oil","QUALIFIED_SOURCE_POSITIVE","NUMERIC_INPUT_READY","16016460.00000","REQUIRED_PHYSICAL","SUBJECT_TO_TARGET_AND_FULL_NETWORK_GATES","1c2952a5f87bfcdb0eef1af6b6c774e741a99e5b72c5ced91a585d6efe9be50a:63247;fe8fc603bb47c3ced818a86a96a4ad4e97b3b8ceb0d6b28a66d123d5e2c4d5ba:46430","114","Raw account sum; electricity remains in Astar","NUMERIC_INPUT_READY","false","false"
"MM:2019:AgricultureFinalEnergy:coal","MM","AgricultureFinalEnergy","coal","BOUNDED_SOURCE_ZERO","SOURCE_BOUNDED_ZERO","0","SOURCE_SUPPORTED_NOT_APPLICABLE","NO_PENDING_SOURCE_OR_TARGET","322eaabc99e9098d5834c09f3d174f6acba91332dd84956e7cd11e7913c6aeb4:36485;322eaabc99e9098d5834c09f3d174f6acba91332dd84956e7cd11e7913c6aeb4:36519","11","Reported final-energy commodity inventory exhausted by disjoint source accounts; bounded exclusion, not absence guessed from empty selection","SOURCE_BOUNDED_ZERO","false","false"
"MM:2019:AgricultureFinalEnergy:biomass","MM","AgricultureFinalEnergy","biomass","BOUNDED_SOURCE_ZERO","SOURCE_BOUNDED_ZERO","0","SOURCE_SUPPORTED_NOT_APPLICABLE","NO_PENDING_SOURCE_OR_TARGET","9c32689fcf967b5d25086511b32fcfbfb4894f2b860deff953d781f92d749211:13038;9c32689fcf967b5d25086511b32fcfbfb4894f2b860deff953d781f92d749211:13071;b004f7bd486dbb8576935c5d17c2e49964e7687ea16b5d67ae57602981b5462c:11652;b004f7bd486dbb8576935c5d17c2e49964e7687ea16b5d67ae57602981b5462c:11666;da54b258ffb4927f30834c01f4e9aff7c267dd70c5ef5760292dd21ef5802345:24624;da54b258ffb4927f30834c01f4e9aff7c267dd70c5ef5760292dd21ef5802345:24690;26a364db4d763d9d5a69eff04aa717af5db5d2736c5c1f4e47223a12eae7db66:48134;26a364db4d763d9d5a69eff04aa717af5db5d2736c5c1f4e47223a12eae7db66:48167;26a364db4d763d9d5a69eff04aa717af5db5d2736c5c1f4e47223a12eae7db66:48299;26a364db4d763d9d5a69eff04aa717af5db5d2736c5c1f4e47223a12eae7db66:48332","31","Reported final-energy commodity inventory exhausted by disjoint source accounts; bounded exclusion, not absence guessed from empty selection","SOURCE_BOUNDED_ZERO","false","false"
"MM:2019:RoadResidualFuel:oil","MM","RoadResidualFuel","oil","QUALIFIED_SOURCE_POSITIVE","NUMERIC_INPUT_READY","20243400.00000","REQUIRED_PHYSICAL","SUBJECT_TO_TARGET_AND_FULL_NETWORK_GATES","1c2952a5f87bfcdb0eef1af6b6c774e741a99e5b72c5ced91a585d6efe9be50a:63187;fe8fc603bb47c3ced818a86a96a4ad4e97b3b8ceb0d6b28a66d123d5e2c4d5ba:46365","114","Raw account sum; electricity remains in Astar","NUMERIC_INPUT_READY","false","false"
"MM:2019:RoadResidualFuel:gas","MM","RoadResidualFuel","gas","QUALIFIED_SOURCE_POSITIVE","NUMERIC_INPUT_READY","2030000","REQUIRED_PHYSICAL","SUBJECT_TO_TARGET_AND_FULL_NETWORK_GATES","fa8613ee3560bfc2f73f60f4c0995c995b0bec8fd75a59190fe4ad6c63a9e988:57828","31","Raw account sum; electricity remains in Astar","NUMERIC_INPUT_READY","false","false"
"MM:2019:RoadResidualFuel:biomass","MM","RoadResidualFuel","biomass","BOUNDED_SOURCE_ZERO","SOURCE_BOUNDED_ZERO","0","SOURCE_SUPPORTED_NOT_APPLICABLE","NO_PENDING_SOURCE_OR_TARGET","9c32689fcf967b5d25086511b32fcfbfb4894f2b860deff953d781f92d749211:13038;9c32689fcf967b5d25086511b32fcfbfb4894f2b860deff953d781f92d749211:13071;b004f7bd486dbb8576935c5d17c2e49964e7687ea16b5d67ae57602981b5462c:11652;b004f7bd486dbb8576935c5d17c2e49964e7687ea16b5d67ae57602981b5462c:11666;da54b258ffb4927f30834c01f4e9aff7c267dd70c5ef5760292dd21ef5802345:24624;da54b258ffb4927f30834c01f4e9aff7c267dd70c5ef5760292dd21ef5802345:24690;26a364db4d763d9d5a69eff04aa717af5db5d2736c5c1f4e47223a12eae7db66:48134;26a364db4d763d9d5a69eff04aa717af5db5d2736c5c1f4e47223a12eae7db66:48167;26a364db4d763d9d5a69eff04aa717af5db5d2736c5c1f4e47223a12eae7db66:48299;26a364db4d763d9d5a69eff04aa717af5db5d2736c5c1f4e47223a12eae7db66:48332","31","Reported final-energy commodity inventory exhausted by disjoint source accounts; bounded exclusion, not absence guessed from empty selection","SOURCE_BOUNDED_ZERO","false","false"
"MM:2019:TransportEmbeddedFuelParent:unclassified_fuel","MM","TransportEmbeddedFuelParent","unclassified_fuel","QUALIFIED_SOURCE_POSITIVE","NUMERIC_INPUT_READY","967140.00000","REQUIRED_PHYSICAL","NO_PENDING_SOURCE_OR_TARGET","1c2952a5f87bfcdb0eef1af6b6c774e741a99e5b72c5ced91a585d6efe9be50a:63210","220","Raw account sum; electricity remains in Astar","NUMERIC_INPUT_READY","false","false"
"MM:2019:DomesticShippingFuel:oil","MM","DomesticShippingFuel","oil","KNOWN_NEC_ENERGY_RETAINED_SECTOR_SPLIT_UNRESOLVED","UNRESOLVED","","PENDING_NO_AUTOMATIC_EXCLUSION","NO_PENDING_SOURCE_OR_TARGET","","114","No source-qualified2019 row or zero proof","UNRESOLVED","false","false"
"MM:2019:DomesticAviationFuel:oil","MM","DomesticAviationFuel","oil","QUALIFIED_SOURCE_POSITIVE","NUMERIC_INPUT_READY","1715000.00000","REQUIRED_PHYSICAL","SUBJECT_TO_TARGET_AND_FULL_NETWORK_GATES","d58d6b4f18fcb2cd5c2b6a9f680592924b9cf78066659d7ed2cf757d233cfec9:15407;a45d82a3cffd1fcbca3d6702b88e511d913e833c1f4e9e3fa75dd5c1750eea9a:30899","114","Raw account sum; electricity remains in Astar","NUMERIC_INPUT_READY","false","false"
"MM:2019:InternationalShippingBunker:oil","MM","InternationalShippingBunker","oil","QUALIFIED_SOURCE_POSITIVE","NUMERIC_INPUT_READY","11940.00000","REQUIRED_PHYSICAL","SUBJECT_TO_TARGET_AND_FULL_NETWORK_GATES","1c2952a5f87bfcdb0eef1af6b6c774e741a99e5b72c5ced91a585d6efe9be50a:62913","114","Raw account sum; electricity remains in Astar","NUMERIC_INPUT_READY","false","false"
"MM:2019:InternationalAviationBunker:oil","MM","InternationalAviationBunker","oil","QUALIFIED_SOURCE_POSITIVE","NUMERIC_INPUT_READY","882000.00000","REQUIRED_PHYSICAL","SUBJECT_TO_TARGET_AND_FULL_NETWORK_GATES","a45d82a3cffd1fcbca3d6702b88e511d913e833c1f4e9e3fa75dd5c1750eea9a:30767","114","Raw account sum; electricity remains in Astar","NUMERIC_INPUT_READY","false","false"
"MY:2019:ResidentialFuel:oil","MY","ResidentialFuel","oil","QUALIFIED_SOURCE_POSITIVE","NUMERIC_INPUT_READY","9605212.11000000","REQUIRED_PHYSICAL","SUBJECT_TO_TARGET_AND_FULL_NETWORK_GATES","b02371f39dec320e227fd3223fcf8ad545595b5b53b48d2834bf9a838191076e:52713","142","Raw account sum; electricity remains in Astar","NUMERIC_INPUT_READY","false","false"
"MY:2019:ResidentialFuel:gas","MY","ResidentialFuel","gas","QUALIFIED_SOURCE_POSITIVE","NUMERIC_INPUT_READY","6990","REQUIRED_PHYSICAL","SUBJECT_TO_TARGET_AND_FULL_NETWORK_GATES","fa8613ee3560bfc2f73f60f4c0995c995b0bec8fd75a59190fe4ad6c63a9e988:54866","28","Raw account sum; electricity remains in Astar","NUMERIC_INPUT_READY","false","false"
"MY:2019:ResidentialFuel:coal","MY","ResidentialFuel","coal","BOUNDED_SOURCE_ZERO","SOURCE_BOUNDED_ZERO","0","SOURCE_SUPPORTED_NOT_APPLICABLE","NO_PENDING_SOURCE_OR_TARGET","77d8261ada2f8a5104381fae2e794bcaa31d62a12d27ff7e3a0dd0cde756d194:8011;77d8261ada2f8a5104381fae2e794bcaa31d62a12d27ff7e3a0dd0cde756d194:8019;322eaabc99e9098d5834c09f3d174f6acba91332dd84956e7cd11e7913c6aeb4:33851;322eaabc99e9098d5834c09f3d174f6acba91332dd84956e7cd11e7913c6aeb4:33884","23","Reported final-energy commodity inventory exhausted by disjoint source accounts; bounded exclusion, not absence guessed from empty selection","SOURCE_BOUNDED_ZERO","false","false"
"MY:2019:ResidentialFuel:biomass","MY","ResidentialFuel","biomass","QUALIFIED_SOURCE_POSITIVE","NUMERIC_INPUT_READY","5786566.86000000","REQUIRED_PHYSICAL","SUBJECT_TO_TARGET_AND_FULL_NETWORK_GATES","da54b258ffb4927f30834c01f4e9aff7c267dd70c5ef5760292dd21ef5802345:22265;26a364db4d763d9d5a69eff04aa717af5db5d2736c5c1f4e47223a12eae7db66:44601","40","Raw account sum; electricity remains in Astar","NUMERIC_INPUT_READY","false","false"
"MY:2019:ServicesFuel:oil","MY","ServicesFuel","oil","QUALIFIED_SOURCE_POSITIVE","NUMERIC_INPUT_READY","8880879.77000000","REQUIRED_PHYSICAL","SUBJECT_TO_TARGET_AND_FULL_NETWORK_GATES","b5ec374fcb60a4567468b3279fe6fa584ed0506d32f42a80e0760becce6c5cdb:58187;1c2952a5f87bfcdb0eef1af6b6c774e741a99e5b72c5ced91a585d6efe9be50a:57698;b02371f39dec320e227fd3223fcf8ad545595b5b53b48d2834bf9a838191076e:52757","142","Raw account sum; electricity remains in Astar","NUMERIC_INPUT_READY","false","false"
"MY:2019:ServicesFuel:gas","MY","ServicesFuel","gas","QUALIFIED_SOURCE_POSITIVE","NUMERIC_INPUT_READY","270422.75","REQUIRED_PHYSICAL","SUBJECT_TO_TARGET_AND_FULL_NETWORK_GATES","fa8613ee3560bfc2f73f60f4c0995c995b0bec8fd75a59190fe4ad6c63a9e988:54916","28","Raw account sum; electricity remains in Astar","NUMERIC_INPUT_READY","false","false"
"MY:2019:ServicesFuel:coal","MY","ServicesFuel","coal","BOUNDED_SOURCE_ZERO","SOURCE_BOUNDED_ZERO","0","SOURCE_SUPPORTED_NOT_APPLICABLE","NO_PENDING_SOURCE_OR_TARGET","77d8261ada2f8a5104381fae2e794bcaa31d62a12d27ff7e3a0dd0cde756d194:8011;77d8261ada2f8a5104381fae2e794bcaa31d62a12d27ff7e3a0dd0cde756d194:8019;322eaabc99e9098d5834c09f3d174f6acba91332dd84956e7cd11e7913c6aeb4:33851;322eaabc99e9098d5834c09f3d174f6acba91332dd84956e7cd11e7913c6aeb4:33884","23","Reported final-energy commodity inventory exhausted by disjoint source accounts; bounded exclusion, not absence guessed from empty selection","SOURCE_BOUNDED_ZERO","false","false"
"MY:2019:ServicesFuel:biomass","MY","ServicesFuel","biomass","BOUNDED_SOURCE_ZERO","SOURCE_BOUNDED_ZERO","0","SOURCE_SUPPORTED_NOT_APPLICABLE","NO_PENDING_SOURCE_OR_TARGET","9c32689fcf967b5d25086511b32fcfbfb4894f2b860deff953d781f92d749211:11547;9c32689fcf967b5d25086511b32fcfbfb4894f2b860deff953d781f92d749211:11580;5c72caaa64762e177e5e53c55b7f9fd07ee57f6a91681d600bdd6c6be174b8c2:6255;5c72caaa64762e177e5e53c55b7f9fd07ee57f6a91681d600bdd6c6be174b8c2:6279;da54b258ffb4927f30834c01f4e9aff7c267dd70c5ef5760292dd21ef5802345:22199;da54b258ffb4927f30834c01f4e9aff7c267dd70c5ef5760292dd21ef5802345:22265;da54b258ffb4927f30834c01f4e9aff7c267dd70c5ef5760292dd21ef5802345:22266;26a364db4d763d9d5a69eff04aa717af5db5d2736c5c1f4e47223a12eae7db66:44535;26a364db4d763d9d5a69eff04aa717af5db5d2736c5c1f4e47223a12eae7db66:44601","40","Reported final-energy commodity inventory exhausted by disjoint source accounts; bounded exclusion, not absence guessed from empty selection","UNRESOLVED","true","true"
"MY:2019:IndustryFinalEnergy:oil","MY","IndustryFinalEnergy","oil","QUALIFIED_SOURCE_POSITIVE","NUMERIC_INPUT_READY","32712935.62000000","REQUIRED_PHYSICAL","SUBJECT_TO_TARGET_AND_FULL_NETWORK_GATES","b5ec374fcb60a4567468b3279fe6fa584ed0506d32f42a80e0760becce6c5cdb:57980;1c2952a5f87bfcdb0eef1af6b6c774e741a99e5b72c5ced91a585d6efe9be50a:57536;b02371f39dec320e227fd3223fcf8ad545595b5b53b48d2834bf9a838191076e:52577;fe8fc603bb47c3ced818a86a96a4ad4e97b3b8ceb0d6b28a66d123d5e2c4d5ba:42102","142","Raw account sum; electricity remains in Astar","NUMERIC_INPUT_READY","false","false"
"MY:2019:IndustryFinalEnergy:gas","MY","IndustryFinalEnergy","gas","QUALIFIED_SOURCE_POSITIVE","NUMERIC_INPUT_READY","89619084.5","REQUIRED_PHYSICAL","SUBJECT_TO_TARGET_AND_FULL_NETWORK_GATES","fa8613ee3560bfc2f73f60f4c0995c995b0bec8fd75a59190fe4ad6c63a9e988:54665","28","Raw account sum; electricity remains in Astar","NUMERIC_INPUT_READY","false","false"
"MY:2019:IndustryFinalEnergy:coal","MY","IndustryFinalEnergy","coal","QUALIFIED_SOURCE_POSITIVE","NUMERIC_INPUT_READY","13223357.23033333333333333333","REQUIRED_PHYSICAL","SUBJECT_TO_TARGET_AND_FULL_NETWORK_GATES","77d8261ada2f8a5104381fae2e794bcaa31d62a12d27ff7e3a0dd0cde756d194:8019;322eaabc99e9098d5834c09f3d174f6acba91332dd84956e7cd11e7913c6aeb4:33884","23","Raw account sum; electricity remains in Astar","NUMERIC_INPUT_READY","false","false"
"MY:2019:IndustryFinalEnergy:biomass","MY","IndustryFinalEnergy","biomass","QUALIFIED_SOURCE_POSITIVE","NUMERIC_INPUT_READY","12435.2000000","REQUIRED_PHYSICAL","SUBJECT_TO_TARGET_AND_FULL_NETWORK_GATES","9c32689fcf967b5d25086511b32fcfbfb4894f2b860deff953d781f92d749211:11580","40","Raw account sum; electricity remains in Astar","NUMERIC_INPUT_READY","false","false"
"MY:2019:AgricultureFinalEnergy:oil","MY","AgricultureFinalEnergy","oil","QUALIFIED_SOURCE_POSITIVE","NUMERIC_INPUT_READY","10229836.98000000","REQUIRED_PHYSICAL","SUBJECT_TO_TARGET_AND_FULL_NETWORK_GATES","b5ec374fcb60a4567468b3279fe6fa584ed0506d32f42a80e0760becce6c5cdb:58158;1c2952a5f87bfcdb0eef1af6b6c774e741a99e5b72c5ced91a585d6efe9be50a:57673;fe8fc603bb47c3ced818a86a96a4ad4e97b3b8ceb0d6b28a66d123d5e2c4d5ba:42294","142","Raw account sum; electricity remains in Astar","NUMERIC_INPUT_READY","false","false"
"MY:2019:AgricultureFinalEnergy:coal","MY","AgricultureFinalEnergy","coal","BOUNDED_SOURCE_ZERO","SOURCE_BOUNDED_ZERO","0","SOURCE_SUPPORTED_NOT_APPLICABLE","NO_PENDING_SOURCE_OR_TARGET","77d8261ada2f8a5104381fae2e794bcaa31d62a12d27ff7e3a0dd0cde756d194:8011;77d8261ada2f8a5104381fae2e794bcaa31d62a12d27ff7e3a0dd0cde756d194:8019;322eaabc99e9098d5834c09f3d174f6acba91332dd84956e7cd11e7913c6aeb4:33851;322eaabc99e9098d5834c09f3d174f6acba91332dd84956e7cd11e7913c6aeb4:33884","23","Reported final-energy commodity inventory exhausted by disjoint source accounts; bounded exclusion, not absence guessed from empty selection","SOURCE_BOUNDED_ZERO","false","false"
"MY:2019:AgricultureFinalEnergy:biomass","MY","AgricultureFinalEnergy","biomass","BOUNDED_SOURCE_ZERO","SOURCE_BOUNDED_ZERO","0","SOURCE_SUPPORTED_NOT_APPLICABLE","NO_PENDING_SOURCE_OR_TARGET","9c32689fcf967b5d25086511b32fcfbfb4894f2b860deff953d781f92d749211:11547;9c32689fcf967b5d25086511b32fcfbfb4894f2b860deff953d781f92d749211:11580;5c72caaa64762e177e5e53c55b7f9fd07ee57f6a91681d600bdd6c6be174b8c2:6255;5c72caaa64762e177e5e53c55b7f9fd07ee57f6a91681d600bdd6c6be174b8c2:6279;da54b258ffb4927f30834c01f4e9aff7c267dd70c5ef5760292dd21ef5802345:22199;da54b258ffb4927f30834c01f4e9aff7c267dd70c5ef5760292dd21ef5802345:22265;da54b258ffb4927f30834c01f4e9aff7c267dd70c5ef5760292dd21ef5802345:22266;26a364db4d763d9d5a69eff04aa717af5db5d2736c5c1f4e47223a12eae7db66:44535;26a364db4d763d9d5a69eff04aa717af5db5d2736c5c1f4e47223a12eae7db66:44601","40","Reported final-energy commodity inventory exhausted by disjoint source accounts; bounded exclusion, not absence guessed from empty selection","UNRESOLVED","true","true"
"MY:2019:RoadResidualFuel:oil","MY","RoadResidualFuel","oil","QUALIFIED_SOURCE_POSITIVE","NUMERIC_INPUT_READY","245825613.18000000","REQUIRED_PHYSICAL","SUBJECT_TO_TARGET_AND_FULL_NETWORK_GATES","1c2952a5f87bfcdb0eef1af6b6c774e741a99e5b72c5ced91a585d6efe9be50a:57628;fe8fc603bb47c3ced818a86a96a4ad4e97b3b8ceb0d6b28a66d123d5e2c4d5ba:42228","142","Raw account sum; electricity remains in Astar","UNRESOLVED_BIOFUEL_OVERLAP","true","false"
"MY:2019:RoadResidualFuel:gas","MY","RoadResidualFuel","gas","QUALIFIED_SOURCE_POSITIVE","NUMERIC_INPUT_READY","1145302.5","REQUIRED_PHYSICAL","SUBJECT_TO_TARGET_AND_FULL_NETWORK_GATES","fa8613ee3560bfc2f73f60f4c0995c995b0bec8fd75a59190fe4ad6c63a9e988:54804","28","Raw account sum; electricity remains in Astar","NUMERIC_INPUT_READY","false","false"
"MY:2019:RoadResidualFuel:biomass","MY","RoadResidualFuel","biomass","QUALIFIED_SOURCE_POSITIVE","NUMERIC_INPUT_READY","7539191.8000000","REQUIRED_PHYSICAL","SUBJECT_TO_TARGET_AND_FULL_NETWORK_GATES","5c72caaa64762e177e5e53c55b7f9fd07ee57f6a91681d600bdd6c6be174b8c2:6279","40","Raw account sum; electricity remains in Astar","UNRESOLVED_BIOFUEL_OVERLAP","true","false"
"MY:2019:TransportEmbeddedFuelParent:unclassified_fuel","MY","TransportEmbeddedFuelParent","unclassified_fuel","KNOWN_NEC_ENERGY_RETAINED_SECTOR_SPLIT_UNRESOLVED","UNRESOLVED","","PENDING_NO_AUTOMATIC_EXCLUSION","NO_PENDING_SOURCE_OR_TARGET","","268","No source-qualified2019 row or zero proof","UNRESOLVED","false","false"
"MY:2019:DomesticShippingFuel:oil","MY","DomesticShippingFuel","oil","BOUNDED_SOURCE_ZERO","SOURCE_BOUNDED_ZERO","0","SOURCE_SUPPORTED_NOT_APPLICABLE","NO_PENDING_SOURCE_OR_TARGET","b5ec374fcb60a4567468b3279fe6fa584ed0506d32f42a80e0760becce6c5cdb:57949;b5ec374fcb60a4567468b3279fe6fa584ed0506d32f42a80e0760becce6c5cdb:57980;b5ec374fcb60a4567468b3279fe6fa584ed0506d32f42a80e0760becce6c5cdb:58158;b5ec374fcb60a4567468b3279fe6fa584ed0506d32f42a80e0760becce6c5cdb:58187;1c2952a5f87bfcdb0eef1af6b6c774e741a99e5b72c5ced91a585d6efe9be50a:57513;1c2952a5f87bfcdb0eef1af6b6c774e741a99e5b72c5ced91a585d6efe9be50a:57536;1c2952a5f87bfcdb0eef1af6b6c774e741a99e5b72c5ced91a585d6efe9be50a:57628;1c2952a5f87bfcdb0eef1af6b6c774e741a99e5b72c5ced91a585d6efe9be50a:57673;1c2952a5f87bfcdb0eef1af6b6c774e741a99e5b72c5ced91a585d6efe9be50a:57698;a45d82a3cffd1fcbca3d6702b88e511d913e833c1f4e9e3fa75dd5c1750eea9a:28023;a45d82a3cffd1fcbca3d6702b88e511d913e833c1f4e9e3fa75dd5c1750eea9a:28071;b02371f39dec320e227fd3223fcf8ad545595b5b53b48d2834bf9a838191076e:52544;b02371f39dec320e227fd3223fcf8ad545595b5b53b48d2834bf9a838191076e:52577;b02371f39dec320e227fd3223fcf8ad545595b5b53b48d2834bf9a838191076e:52713;b02371f39dec320e227fd3223fcf8ad545595b5b53b48d2834bf9a838191076e:52757;fe8fc603bb47c3ced818a86a96a4ad4e97b3b8ceb0d6b28a66d123d5e2c4d5ba:42069;fe8fc603bb47c3ced818a86a96a4ad4e97b3b8ceb0d6b28a66d123d5e2c4d5ba:42102;fe8fc603bb47c3ced818a86a96a4ad4e97b3b8ceb0d6b28a66d123d5e2c4d5ba:42228;fe8fc603bb47c3ced818a86a96a4ad4e97b3b8ceb0d6b28a66d123d5e2c4d5ba:42294","142","Reported final-energy commodity inventory exhausted by disjoint source accounts; bounded exclusion, not absence guessed from empty selection","SOURCE_BOUNDED_ZERO","false","false"
"MY:2019:DomesticAviationFuel:oil","MY","DomesticAviationFuel","oil","QUALIFIED_SOURCE_POSITIVE","NUMERIC_INPUT_READY","9064938.75000000","REQUIRED_PHYSICAL","SUBJECT_TO_TARGET_AND_FULL_NETWORK_GATES","a45d82a3cffd1fcbca3d6702b88e511d913e833c1f4e9e3fa75dd5c1750eea9a:28071","142","Raw account sum; electricity remains in Astar","NUMERIC_INPUT_READY","false","false"
"MY:2019:InternationalShippingBunker:oil","MY","InternationalShippingBunker","oil","QUALIFIED_SOURCE_POSITIVE","NUMERIC_INPUT_READY","4636087.44000000","REQUIRED_PHYSICAL","SUBJECT_TO_TARGET_AND_FULL_NETWORK_GATES","b5ec374fcb60a4567468b3279fe6fa584ed0506d32f42a80e0760becce6c5cdb:57762;1c2952a5f87bfcdb0eef1af6b6c774e741a99e5b72c5ced91a585d6efe9be50a:57361","142","Raw account sum; electricity remains in Astar","NUMERIC_INPUT_READY","false","false"
"MY:2019:InternationalAviationBunker:oil","MY","InternationalAviationBunker","oil","QUALIFIED_SOURCE_POSITIVE","NUMERIC_INPUT_READY","29654297.75000000","REQUIRED_PHYSICAL","SUBJECT_TO_TARGET_AND_FULL_NETWORK_GATES","a45d82a3cffd1fcbca3d6702b88e511d913e833c1f4e9e3fa75dd5c1750eea9a:27966","142","Raw account sum; electricity remains in Astar","NUMERIC_INPUT_READY","false","false"
"PH:2019:ResidentialFuel:oil","PH","ResidentialFuel","oil","QUALIFIED_SOURCE_POSITIVE","NUMERIC_INPUT_READY","15153333.000000","REQUIRED_PHYSICAL","SUBJECT_TO_TARGET_AND_FULL_NETWORK_GATES","b02371f39dec320e227fd3223fcf8ad545595b5b53b48d2834bf9a838191076e:67531","147","Raw account sum; electricity remains in Astar","NUMERIC_INPUT_READY","false","false"
"PH:2019:ResidentialFuel:gas","PH","ResidentialFuel","gas","BOUNDED_SOURCE_ZERO","SOURCE_BOUNDED_ZERO","0","SOURCE_SUPPORTED_NOT_APPLICABLE","NO_PENDING_SOURCE_OR_TARGET","fa8613ee3560bfc2f73f60f4c0995c995b0bec8fd75a59190fe4ad6c63a9e988:67240;fa8613ee3560bfc2f73f60f4c0995c995b0bec8fd75a59190fe4ad6c63a9e988:67258","13","Reported final-energy commodity inventory exhausted by disjoint source accounts; bounded exclusion, not absence guessed from empty selection","SOURCE_BOUNDED_ZERO","false","false"
"PH:2019:ResidentialFuel:coal","PH","ResidentialFuel","coal","BOUNDED_SOURCE_ZERO","SOURCE_BOUNDED_ZERO","0","SOURCE_SUPPORTED_NOT_APPLICABLE","NO_PENDING_SOURCE_OR_TARGET","903a91d8e915854454532b0e917539b325fa6691a335aa08a37c8ebef0bd9088:17731;903a91d8e915854454532b0e917539b325fa6691a335aa08a37c8ebef0bd9088:17764","20","Reported final-energy commodity inventory exhausted by disjoint source accounts; bounded exclusion, not absence guessed from empty selection","SOURCE_BOUNDED_ZERO","false","false"
"PH:2019:ResidentialFuel:biomass","PH","ResidentialFuel","biomass","QUALIFIED_SOURCE_POSITIVE","NUMERIC_INPUT_READY","59453599.657931052000000","REQUIRED_PHYSICAL","SUBJECT_TO_TARGET_AND_FULL_NETWORK_GATES","da54b258ffb4927f30834c01f4e9aff7c267dd70c5ef5760292dd21ef5802345:29017;26a364db4d763d9d5a69eff04aa717af5db5d2736c5c1f4e47223a12eae7db66:56367","73","Raw account sum; electricity remains in Astar","NUMERIC_INPUT_READY","false","false"
"PH:2019:ServicesFuel:oil","PH","ServicesFuel","oil","BLEND_RECONCILIATION_PENDING","UNRESOLVED_BIOFUEL_OVERLAP","28828673.000000","UNRESOLVED","NO_PENDING_SOURCE_OR_TARGET","b5ec374fcb60a4567468b3279fe6fa584ed0506d32f42a80e0760becce6c5cdb:73207;1c2952a5f87bfcdb0eef1af6b6c774e741a99e5b72c5ced91a585d6efe9be50a:74262;b02371f39dec320e227fd3223fcf8ad545595b5b53b48d2834bf9a838191076e:67587","147","Petroleum/biofuel commodity-series overlap not resolved; memo blended rows missing; raw sum is a candidate, not a qualified disjoint obligation","UNRESOLVED_BIOFUEL_OVERLAP","false","false"
"PH:2019:ServicesFuel:gas","PH","ServicesFuel","gas","BOUNDED_SOURCE_ZERO","SOURCE_BOUNDED_ZERO","0","SOURCE_SUPPORTED_NOT_APPLICABLE","NO_PENDING_SOURCE_OR_TARGET","fa8613ee3560bfc2f73f60f4c0995c995b0bec8fd75a59190fe4ad6c63a9e988:67240;fa8613ee3560bfc2f73f60f4c0995c995b0bec8fd75a59190fe4ad6c63a9e988:67258","13","Reported final-energy commodity inventory exhausted by disjoint source accounts; bounded exclusion, not absence guessed from empty selection","SOURCE_BOUNDED_ZERO","false","false"
"PH:2019:ServicesFuel:coal","PH","ServicesFuel","coal","BOUNDED_SOURCE_ZERO","SOURCE_BOUNDED_ZERO","0","SOURCE_SUPPORTED_NOT_APPLICABLE","NO_PENDING_SOURCE_OR_TARGET","903a91d8e915854454532b0e917539b325fa6691a335aa08a37c8ebef0bd9088:17731;903a91d8e915854454532b0e917539b325fa6691a335aa08a37c8ebef0bd9088:17764","20","Reported final-energy commodity inventory exhausted by disjoint source accounts; bounded exclusion, not absence guessed from empty selection","SOURCE_BOUNDED_ZERO","false","false"
"PH:2019:ServicesFuel:biomass","PH","ServicesFuel","biomass","BLEND_RECONCILIATION_PENDING","UNRESOLVED_BIOFUEL_OVERLAP","4562301.1531034474000000","UNRESOLVED","NO_PENDING_SOURCE_OR_TARGET","5c72caaa64762e177e5e53c55b7f9fd07ee57f6a91681d600bdd6c6be174b8c2:7768;da54b258ffb4927f30834c01f4e9aff7c267dd70c5ef5760292dd21ef5802345:29067;26a364db4d763d9d5a69eff04aa717af5db5d2736c5c1f4e47223a12eae7db66:56417","73","Petroleum/biofuel commodity-series overlap not resolved; memo blended rows missing; raw sum is a candidate, not a qualified disjoint obligation","UNRESOLVED_BIOFUEL_OVERLAP","false","false"
"PH:2019:IndustryFinalEnergy:oil","PH","IndustryFinalEnergy","oil","BLEND_RECONCILIATION_PENDING","UNRESOLVED_BIOFUEL_OVERLAP","16672554.000000","UNRESOLVED","NO_PENDING_SOURCE_OR_TARGET","b5ec374fcb60a4567468b3279fe6fa584ed0506d32f42a80e0760becce6c5cdb:72784;1c2952a5f87bfcdb0eef1af6b6c774e741a99e5b72c5ced91a585d6efe9be50a:73879;b02371f39dec320e227fd3223fcf8ad545595b5b53b48d2834bf9a838191076e:67172","147","Petroleum/biofuel commodity-series overlap not resolved; memo blended rows missing; raw sum is a candidate, not a qualified disjoint obligation","UNRESOLVED_BIOFUEL_OVERLAP","false","false"
"PH:2019:IndustryFinalEnergy:gas","PH","IndustryFinalEnergy","gas","QUALIFIED_SOURCE_POSITIVE","NUMERIC_INPUT_READY","729692.7","REQUIRED_PHYSICAL","SUBJECT_TO_TARGET_AND_FULL_NETWORK_GATES","fa8613ee3560bfc2f73f60f4c0995c995b0bec8fd75a59190fe4ad6c63a9e988:67258","13","Raw account sum; electricity remains in Astar","NUMERIC_INPUT_READY","false","false"
"PH:2019:IndustryFinalEnergy:coal","PH","IndustryFinalEnergy","coal","QUALIFIED_SOURCE_POSITIVE","NUMERIC_INPUT_READY","16336133.4000000","REQUIRED_PHYSICAL","SUBJECT_TO_TARGET_AND_FULL_NETWORK_GATES","903a91d8e915854454532b0e917539b325fa6691a335aa08a37c8ebef0bd9088:17764","20","Raw account sum; electricity remains in Astar","NUMERIC_INPUT_READY","false","false"
"PH:2019:IndustryFinalEnergy:biomass","PH","IndustryFinalEnergy","biomass","BLEND_RECONCILIATION_PENDING","UNRESOLVED_BIOFUEL_OVERLAP","7403607.991877393322222222222","UNRESOLVED","NO_PENDING_SOURCE_OR_TARGET","ea1088c05f10f5f3aa33fbc56b846401c1959ca6fdd8df2fa0b3f56f3335e72c:2412;9c32689fcf967b5d25086511b32fcfbfb4894f2b860deff953d781f92d749211:15060;5c72caaa64762e177e5e53c55b7f9fd07ee57f6a91681d600bdd6c6be174b8c2:7460;26a364db4d763d9d5a69eff04aa717af5db5d2736c5c1f4e47223a12eae7db66:56235","73","Petroleum/biofuel commodity-series overlap not resolved; memo blended rows missing; raw sum is a candidate, not a qualified disjoint obligation","UNRESOLVED_BIOFUEL_OVERLAP","false","false"
"PH:2019:AgricultureFinalEnergy:oil","PH","AgricultureFinalEnergy","oil","BLEND_RECONCILIATION_PENDING","UNRESOLVED_BIOFUEL_OVERLAP","2801226.000000","UNRESOLVED","NO_PENDING_SOURCE_OR_TARGET","b5ec374fcb60a4567468b3279fe6fa584ed0506d32f42a80e0760becce6c5cdb:73162;1c2952a5f87bfcdb0eef1af6b6c774e741a99e5b72c5ced91a585d6efe9be50a:74231;fe8fc603bb47c3ced818a86a96a4ad4e97b3b8ceb0d6b28a66d123d5e2c4d5ba:54960","147","Petroleum/biofuel commodity-series overlap not resolved; memo blended rows missing; raw sum is a candidate, not a qualified disjoint obligation","UNRESOLVED_BIOFUEL_OVERLAP","false","false"
"PH:2019:AgricultureFinalEnergy:coal","PH","AgricultureFinalEnergy","coal","BOUNDED_SOURCE_ZERO","SOURCE_BOUNDED_ZERO","0","SOURCE_SUPPORTED_NOT_APPLICABLE","NO_PENDING_SOURCE_OR_TARGET","903a91d8e915854454532b0e917539b325fa6691a335aa08a37c8ebef0bd9088:17731;903a91d8e915854454532b0e917539b325fa6691a335aa08a37c8ebef0bd9088:17764","20","Reported final-energy commodity inventory exhausted by disjoint source accounts; bounded exclusion, not absence guessed from empty selection","SOURCE_BOUNDED_ZERO","false","false"
"PH:2019:AgricultureFinalEnergy:biomass","PH","AgricultureFinalEnergy","biomass","BLEND_RECONCILIATION_PENDING","UNRESOLVED_BIOFUEL_OVERLAP","46092.2000000","UNRESOLVED","NO_PENDING_SOURCE_OR_TARGET","5c72caaa64762e177e5e53c55b7f9fd07ee57f6a91681d600bdd6c6be174b8c2:7749","73","Petroleum/biofuel commodity-series overlap not resolved; memo blended rows missing; raw sum is a candidate, not a qualified disjoint obligation","UNRESOLVED_BIOFUEL_OVERLAP","false","false"
"PH:2019:RoadResidualFuel:oil","PH","RoadResidualFuel","oil","BLEND_RECONCILIATION_PENDING","UNRESOLVED_BIOFUEL_OVERLAP","127458362.000000","UNRESOLVED","NO_PENDING_SOURCE_OR_TARGET","1c2952a5f87bfcdb0eef1af6b6c774e741a99e5b72c5ced91a585d6efe9be50a:74137;b02371f39dec320e227fd3223fcf8ad545595b5b53b48d2834bf9a838191076e:67476;fe8fc603bb47c3ced818a86a96a4ad4e97b3b8ceb0d6b28a66d123d5e2c4d5ba:54858","147","Petroleum/biofuel commodity-series overlap not resolved; memo blended rows missing; raw sum is a candidate, not a qualified disjoint obligation","UNRESOLVED_BIOFUEL_OVERLAP","false","false"
"PH:2019:RoadResidualFuel:gas","PH","RoadResidualFuel","gas","BOUNDED_SOURCE_ZERO","SOURCE_BOUNDED_ZERO","0","SOURCE_SUPPORTED_NOT_APPLICABLE","NO_PENDING_SOURCE_OR_TARGET","fa8613ee3560bfc2f73f60f4c0995c995b0bec8fd75a59190fe4ad6c63a9e988:67240;fa8613ee3560bfc2f73f60f4c0995c995b0bec8fd75a59190fe4ad6c63a9e988:67258","13","Reported final-energy commodity inventory exhausted by disjoint source accounts; bounded exclusion, not absence guessed from empty selection","SOURCE_BOUNDED_ZERO","false","false"
"PH:2019:RoadResidualFuel:biomass","PH","RoadResidualFuel","biomass","BLEND_RECONCILIATION_PENDING","UNRESOLVED_BIOFUEL_OVERLAP","8243914.4000000","UNRESOLVED","NO_PENDING_SOURCE_OR_TARGET","5c72caaa64762e177e5e53c55b7f9fd07ee57f6a91681d600bdd6c6be174b8c2:7686;4030e2d946965aae430c9de2da1b51ae2c19b96dc5a585dc8838dc47384e16af:5789","73","Petroleum/biofuel commodity-series overlap not resolved; memo blended rows missing; raw sum is a candidate, not a qualified disjoint obligation","UNRESOLVED_BIOFUEL_OVERLAP","false","false"
"PH:2019:TransportEmbeddedFuelParent:unclassified_fuel","PH","TransportEmbeddedFuelParent","unclassified_fuel","BLEND_RECONCILIATION_PENDING","UNRESOLVED_BIOFUEL_OVERLAP","19410.6000000","UNRESOLVED","NO_PENDING_SOURCE_OR_TARGET","5c72caaa64762e177e5e53c55b7f9fd07ee57f6a91681d600bdd6c6be174b8c2:7705;1c2952a5f87bfcdb0eef1af6b6c774e741a99e5b72c5ced91a585d6efe9be50a:74160","301","Petroleum/biofuel commodity-series overlap not resolved; memo blended rows missing; raw sum is a candidate, not a qualified disjoint obligation","UNRESOLVED_BIOFUEL_OVERLAP","false","false"
"PH:2019:DomesticShippingFuel:oil","PH","DomesticShippingFuel","oil","QUALIFIED_SOURCE_POSITIVE","NUMERIC_INPUT_READY","10740228.000000","REQUIRED_PHYSICAL","SUBJECT_TO_TARGET_AND_FULL_NETWORK_GATES","b5ec374fcb60a4567468b3279fe6fa584ed0506d32f42a80e0760becce6c5cdb:73101;1c2952a5f87bfcdb0eef1af6b6c774e741a99e5b72c5ced91a585d6efe9be50a:74182;fe8fc603bb47c3ced818a86a96a4ad4e97b3b8ceb0d6b28a66d123d5e2c4d5ba:54891","147","Raw account sum; electricity remains in Astar","NUMERIC_INPUT_READY","false","false"
"PH:2019:DomesticAviationFuel:oil","PH","DomesticAviationFuel","oil","QUALIFIED_SOURCE_POSITIVE","NUMERIC_INPUT_READY","7771650.000000","REQUIRED_PHYSICAL","SUBJECT_TO_TARGET_AND_FULL_NETWORK_GATES","d58d6b4f18fcb2cd5c2b6a9f680592924b9cf78066659d7ed2cf757d233cfec9:18347;a45d82a3cffd1fcbca3d6702b88e511d913e833c1f4e9e3fa75dd5c1750eea9a:36742","147","Raw account sum; electricity remains in Astar","NUMERIC_INPUT_READY","false","false"
"PH:2019:InternationalShippingBunker:oil","PH","InternationalShippingBunker","oil","QUALIFIED_SOURCE_POSITIVE","NUMERIC_INPUT_READY","640788.000000","REQUIRED_PHYSICAL","SUBJECT_TO_TARGET_AND_FULL_NETWORK_GATES","b5ec374fcb60a4567468b3279fe6fa584ed0506d32f42a80e0760becce6c5cdb:72553;1c2952a5f87bfcdb0eef1af6b6c774e741a99e5b72c5ced91a585d6efe9be50a:73730","147","Raw account sum; electricity remains in Astar","NUMERIC_INPUT_READY","false","false"
"PH:2019:InternationalAviationBunker:oil","PH","InternationalAviationBunker","oil","QUALIFIED_SOURCE_POSITIVE","NUMERIC_INPUT_READY","20087550.000000","REQUIRED_PHYSICAL","SUBJECT_TO_TARGET_AND_FULL_NETWORK_GATES","a45d82a3cffd1fcbca3d6702b88e511d913e833c1f4e9e3fa75dd5c1750eea9a:36610","147","Raw account sum; electricity remains in Astar","NUMERIC_INPUT_READY","false","false"
"SG:2019:ResidentialFuel:oil","SG","ResidentialFuel","oil","QUALIFIED_SOURCE_POSITIVE","NUMERIC_INPUT_READY","275730.00000","REQUIRED_PHYSICAL","SUBJECT_TO_TARGET_AND_FULL_NETWORK_GATES","b02371f39dec320e227fd3223fcf8ad545595b5b53b48d2834bf9a838191076e:75504","129","Raw account sum; electricity remains in Astar","NUMERIC_INPUT_READY","false","false"
"SG:2019:ResidentialFuel:gas","SG","ResidentialFuel","gas","QUALIFIED_SOURCE_POSITIVE","NUMERIC_INPUT_READY","662325","REQUIRED_PHYSICAL","SUBJECT_TO_TARGET_AND_FULL_NETWORK_GATES","fa8613ee3560bfc2f73f60f4c0995c995b0bec8fd75a59190fe4ad6c63a9e988:76874","20","Raw account sum; electricity remains in Astar","NUMERIC_INPUT_READY","false","false"
"SG:2019:ResidentialFuel:coal","SG","ResidentialFuel","coal","BOUNDED_SOURCE_ZERO","SOURCE_BOUNDED_ZERO","0","SOURCE_SUPPORTED_NOT_APPLICABLE","NO_PENDING_SOURCE_OR_TARGET","322eaabc99e9098d5834c09f3d174f6acba91332dd84956e7cd11e7913c6aeb4:47844;322eaabc99e9098d5834c09f3d174f6acba91332dd84956e7cd11e7913c6aeb4:47858","22","Reported final-energy commodity inventory exhausted by disjoint source accounts; bounded exclusion, not absence guessed from empty selection","SOURCE_BOUNDED_ZERO","false","false"
"SG:2019:ResidentialFuel:biomass","SG","ResidentialFuel","biomass","BOUNDED_SOURCE_ZERO","SOURCE_BOUNDED_ZERO","0","SOURCE_SUPPORTED_NOT_APPLICABLE","NO_PENDING_SOURCE_OR_TARGET","da54b258ffb4927f30834c01f4e9aff7c267dd70c5ef5760292dd21ef5802345:31977;da54b258ffb4927f30834c01f4e9aff7c267dd70c5ef5760292dd21ef5802345:32043","19","Reported final-energy commodity inventory exhausted by disjoint source accounts; bounded exclusion, not absence guessed from empty selection","UNRESOLVED","true","true"
"SG:2019:ServicesFuel:oil","SG","ServicesFuel","oil","QUALIFIED_SOURCE_POSITIVE","NUMERIC_INPUT_READY","840320.00000","REQUIRED_PHYSICAL","SUBJECT_TO_TARGET_AND_FULL_NETWORK_GATES","b02371f39dec320e227fd3223fcf8ad545595b5b53b48d2834bf9a838191076e:75525","129","Raw account sum; electricity remains in Astar","NUMERIC_INPUT_READY","false","false"
"SG:2019:ServicesFuel:gas","SG","ServicesFuel","gas","QUALIFIED_SOURCE_POSITIVE","NUMERIC_INPUT_READY","918575","REQUIRED_PHYSICAL","SUBJECT_TO_TARGET_AND_FULL_NETWORK_GATES","fa8613ee3560bfc2f73f60f4c0995c995b0bec8fd75a59190fe4ad6c63a9e988:76908","20","Raw account sum; electricity remains in Astar","NUMERIC_INPUT_READY","false","false"
"SG:2019:ServicesFuel:coal","SG","ServicesFuel","coal","BOUNDED_SOURCE_ZERO","SOURCE_BOUNDED_ZERO","0","SOURCE_SUPPORTED_NOT_APPLICABLE","NO_PENDING_SOURCE_OR_TARGET","322eaabc99e9098d5834c09f3d174f6acba91332dd84956e7cd11e7913c6aeb4:47844;322eaabc99e9098d5834c09f3d174f6acba91332dd84956e7cd11e7913c6aeb4:47858","22","Reported final-energy commodity inventory exhausted by disjoint source accounts; bounded exclusion, not absence guessed from empty selection","SOURCE_BOUNDED_ZERO","false","false"
"SG:2019:ServicesFuel:biomass","SG","ServicesFuel","biomass","BOUNDED_SOURCE_ZERO","SOURCE_BOUNDED_ZERO","0","SOURCE_SUPPORTED_NOT_APPLICABLE","NO_PENDING_SOURCE_OR_TARGET","da54b258ffb4927f30834c01f4e9aff7c267dd70c5ef5760292dd21ef5802345:31977;da54b258ffb4927f30834c01f4e9aff7c267dd70c5ef5760292dd21ef5802345:32043","19","Reported final-energy commodity inventory exhausted by disjoint source accounts; bounded exclusion, not absence guessed from empty selection","UNRESOLVED","true","true"
"SG:2019:IndustryFinalEnergy:oil","SG","IndustryFinalEnergy","oil","QUALIFIED_SOURCE_POSITIVE","NUMERIC_INPUT_READY","40778818.702000000","REQUIRED_PHYSICAL","SUBJECT_TO_TARGET_AND_FULL_NETWORK_GATES","b5ec374fcb60a4567468b3279fe6fa584ed0506d32f42a80e0760becce6c5cdb:81815;1c2952a5f87bfcdb0eef1af6b6c774e741a99e5b72c5ced91a585d6efe9be50a:82673;b02371f39dec320e227fd3223fcf8ad545595b5b53b48d2834bf9a838191076e:75417;b635acfa2728521abb05c3175cba6e1834327b8a909d346e14a399df673f946d:20548;98b98fccf6df4eae08a68fe143c48d13a8dd743ef689f46af494a66411304ece:17138","129","Raw account sum; electricity remains in Astar","NUMERIC_INPUT_READY","false","false"
"SG:2019:IndustryFinalEnergy:gas","SG","IndustryFinalEnergy","gas","QUALIFIED_SOURCE_POSITIVE","NUMERIC_INPUT_READY","13869225","REQUIRED_PHYSICAL","SUBJECT_TO_TARGET_AND_FULL_NETWORK_GATES","fa8613ee3560bfc2f73f60f4c0995c995b0bec8fd75a59190fe4ad6c63a9e988:76772","20","Raw account sum; electricity remains in Astar","NUMERIC_INPUT_READY","false","false"
"SG:2019:IndustryFinalEnergy:coal","SG","IndustryFinalEnergy","coal","QUALIFIED_SOURCE_POSITIVE","NUMERIC_INPUT_READY","2103964.523097000000","REQUIRED_PHYSICAL","SUBJECT_TO_TARGET_AND_FULL_NETWORK_GATES","322eaabc99e9098d5834c09f3d174f6acba91332dd84956e7cd11e7913c6aeb4:47858","22","Raw account sum; electricity remains in Astar","NUMERIC_INPUT_READY","false","false"
"SG:2019:IndustryFinalEnergy:biomass","SG","IndustryFinalEnergy","biomass","BOUNDED_SOURCE_ZERO","SOURCE_BOUNDED_ZERO","0","SOURCE_SUPPORTED_NOT_APPLICABLE","NO_PENDING_SOURCE_OR_TARGET","da54b258ffb4927f30834c01f4e9aff7c267dd70c5ef5760292dd21ef5802345:31977;da54b258ffb4927f30834c01f4e9aff7c267dd70c5ef5760292dd21ef5802345:32043","19","Reported final-energy commodity inventory exhausted by disjoint source accounts; bounded exclusion, not absence guessed from empty selection","UNRESOLVED","true","true"
"SG:2019:AgricultureFinalEnergy:oil","SG","AgricultureFinalEnergy","oil","BOUNDED_SOURCE_ZERO","SOURCE_BOUNDED_ZERO","0","SOURCE_SUPPORTED_NOT_APPLICABLE","NO_PENDING_SOURCE_OR_TARGET","b5ec374fcb60a4567468b3279fe6fa584ed0506d32f42a80e0760becce6c5cdb:81787;b5ec374fcb60a4567468b3279fe6fa584ed0506d32f42a80e0760becce6c5cdb:81815;1c2952a5f87bfcdb0eef1af6b6c774e741a99e5b72c5ced91a585d6efe9be50a:82650;1c2952a5f87bfcdb0eef1af6b6c774e741a99e5b72c5ced91a585d6efe9be50a:82673;1c2952a5f87bfcdb0eef1af6b6c774e741a99e5b72c5ced91a585d6efe9be50a:82756;1c2952a5f87bfcdb0eef1af6b6c774e741a99e5b72c5ced91a585d6efe9be50a:82779;b02371f39dec320e227fd3223fcf8ad545595b5b53b48d2834bf9a838191076e:75387;b02371f39dec320e227fd3223fcf8ad545595b5b53b48d2834bf9a838191076e:75417;b02371f39dec320e227fd3223fcf8ad545595b5b53b48d2834bf9a838191076e:75504;b02371f39dec320e227fd3223fcf8ad545595b5b53b48d2834bf9a838191076e:75525;fe8fc603bb47c3ced818a86a96a4ad4e97b3b8ceb0d6b28a66d123d5e2c4d5ba:61315;fe8fc603bb47c3ced818a86a96a4ad4e97b3b8ceb0d6b28a66d123d5e2c4d5ba:61381;b635acfa2728521abb05c3175cba6e1834327b8a909d346e14a399df673f946d:20534;b635acfa2728521abb05c3175cba6e1834327b8a909d346e14a399df673f946d:20548;98b98fccf6df4eae08a68fe143c48d13a8dd743ef689f46af494a66411304ece:17122;98b98fccf6df4eae08a68fe143c48d13a8dd743ef689f46af494a66411304ece:17138","129","Reported final-energy commodity inventory exhausted by disjoint source accounts; bounded exclusion, not absence guessed from empty selection","SOURCE_BOUNDED_ZERO","false","false"
"SG:2019:AgricultureFinalEnergy:coal","SG","AgricultureFinalEnergy","coal","BOUNDED_SOURCE_ZERO","SOURCE_BOUNDED_ZERO","0","SOURCE_SUPPORTED_NOT_APPLICABLE","NO_PENDING_SOURCE_OR_TARGET","322eaabc99e9098d5834c09f3d174f6acba91332dd84956e7cd11e7913c6aeb4:47844;322eaabc99e9098d5834c09f3d174f6acba91332dd84956e7cd11e7913c6aeb4:47858","22","Reported final-energy commodity inventory exhausted by disjoint source accounts; bounded exclusion, not absence guessed from empty selection","SOURCE_BOUNDED_ZERO","false","false"
"SG:2019:AgricultureFinalEnergy:biomass","SG","AgricultureFinalEnergy","biomass","BOUNDED_SOURCE_ZERO","SOURCE_BOUNDED_ZERO","0","SOURCE_SUPPORTED_NOT_APPLICABLE","NO_PENDING_SOURCE_OR_TARGET","da54b258ffb4927f30834c01f4e9aff7c267dd70c5ef5760292dd21ef5802345:31977;da54b258ffb4927f30834c01f4e9aff7c267dd70c5ef5760292dd21ef5802345:32043","19","Reported final-energy commodity inventory exhausted by disjoint source accounts; bounded exclusion, not absence guessed from empty selection","UNRESOLVED","true","true"
"SG:2019:RoadResidualFuel:oil","SG","RoadResidualFuel","oil","QUALIFIED_SOURCE_POSITIVE","NUMERIC_INPUT_READY","22143333.0000000","REQUIRED_PHYSICAL","SUBJECT_TO_TARGET_AND_FULL_NETWORK_GATES","1c2952a5f87bfcdb0eef1af6b6c774e741a99e5b72c5ced91a585d6efe9be50a:82756;fe8fc603bb47c3ced818a86a96a4ad4e97b3b8ceb0d6b28a66d123d5e2c4d5ba:61381","129","Raw account sum; electricity remains in Astar","NUMERIC_INPUT_READY","false","false"
"SG:2019:RoadResidualFuel:gas","SG","RoadResidualFuel","gas","BOUNDED_SOURCE_ZERO","SOURCE_BOUNDED_ZERO","0","SOURCE_SUPPORTED_NOT_APPLICABLE","NO_PENDING_SOURCE_OR_TARGET","fa8613ee3560bfc2f73f60f4c0995c995b0bec8fd75a59190fe4ad6c63a9e988:76755;fa8613ee3560bfc2f73f60f4c0995c995b0bec8fd75a59190fe4ad6c63a9e988:76772;fa8613ee3560bfc2f73f60f4c0995c995b0bec8fd75a59190fe4ad6c63a9e988:76874;fa8613ee3560bfc2f73f60f4c0995c995b0bec8fd75a59190fe4ad6c63a9e988:76908;fa8613ee3560bfc2f73f60f4c0995c995b0bec8fd75a59190fe4ad6c63a9e988:76840;fa8613ee3560bfc2f73f60f4c0995c995b0bec8fd75a59190fe4ad6c63a9e988:76891","20","Reported final-energy commodity inventory exhausted by disjoint source accounts; bounded exclusion, not absence guessed from empty selection","UNRESOLVED","true","true"
"SG:2019:RoadResidualFuel:biomass","SG","RoadResidualFuel","biomass","BOUNDED_SOURCE_ZERO","SOURCE_BOUNDED_ZERO","0","SOURCE_SUPPORTED_NOT_APPLICABLE","NO_PENDING_SOURCE_OR_TARGET","da54b258ffb4927f30834c01f4e9aff7c267dd70c5ef5760292dd21ef5802345:31977;da54b258ffb4927f30834c01f4e9aff7c267dd70c5ef5760292dd21ef5802345:32043","19","Reported final-energy commodity inventory exhausted by disjoint source accounts; bounded exclusion, not absence guessed from empty selection","UNRESOLVED","true","true"
"SG:2019:TransportEmbeddedFuelParent:unclassified_fuel","SG","TransportEmbeddedFuelParent","unclassified_fuel","KNOWN_NEC_ENERGY_RETAINED_SECTOR_SPLIT_UNRESOLVED","UNRESOLVED","","PENDING_NO_AUTOMATIC_EXCLUSION","NO_PENDING_SOURCE_OR_TARGET","","216","No source-qualified2019 row or zero proof","UNRESOLVED","false","false"
"SG:2019:DomesticShippingFuel:oil","SG","DomesticShippingFuel","oil","QUALIFIED_SOURCE_POSITIVE","NUMERIC_INPUT_READY","907440.00000","REQUIRED_PHYSICAL","SUBJECT_TO_TARGET_AND_FULL_NETWORK_GATES","1c2952a5f87bfcdb0eef1af6b6c774e741a99e5b72c5ced91a585d6efe9be50a:82779","129","Raw account sum; electricity remains in Astar","NUMERIC_INPUT_READY","false","false"
"SG:2019:DomesticAviationFuel:oil","SG","DomesticAviationFuel","oil","BOUNDED_SOURCE_ZERO","SOURCE_BOUNDED_ZERO","0","SOURCE_SUPPORTED_NOT_APPLICABLE","NO_PENDING_SOURCE_OR_TARGET","b5ec374fcb60a4567468b3279fe6fa584ed0506d32f42a80e0760becce6c5cdb:81787;b5ec374fcb60a4567468b3279fe6fa584ed0506d32f42a80e0760becce6c5cdb:81815;1c2952a5f87bfcdb0eef1af6b6c774e741a99e5b72c5ced91a585d6efe9be50a:82650;1c2952a5f87bfcdb0eef1af6b6c774e741a99e5b72c5ced91a585d6efe9be50a:82673;1c2952a5f87bfcdb0eef1af6b6c774e741a99e5b72c5ced91a585d6efe9be50a:82756;1c2952a5f87bfcdb0eef1af6b6c774e741a99e5b72c5ced91a585d6efe9be50a:82779;b02371f39dec320e227fd3223fcf8ad545595b5b53b48d2834bf9a838191076e:75387;b02371f39dec320e227fd3223fcf8ad545595b5b53b48d2834bf9a838191076e:75417;b02371f39dec320e227fd3223fcf8ad545595b5b53b48d2834bf9a838191076e:75504;b02371f39dec320e227fd3223fcf8ad545595b5b53b48d2834bf9a838191076e:75525;fe8fc603bb47c3ced818a86a96a4ad4e97b3b8ceb0d6b28a66d123d5e2c4d5ba:61315;fe8fc603bb47c3ced818a86a96a4ad4e97b3b8ceb0d6b28a66d123d5e2c4d5ba:61381;b635acfa2728521abb05c3175cba6e1834327b8a909d346e14a399df673f946d:20534;b635acfa2728521abb05c3175cba6e1834327b8a909d346e14a399df673f946d:20548;98b98fccf6df4eae08a68fe143c48d13a8dd743ef689f46af494a66411304ece:17122;98b98fccf6df4eae08a68fe143c48d13a8dd743ef689f46af494a66411304ece:17138","129","Reported final-energy commodity inventory exhausted by disjoint source accounts; bounded exclusion, not absence guessed from empty selection","SOURCE_BOUNDED_ZERO","false","false"
"SG:2019:InternationalShippingBunker:oil","SG","InternationalShippingBunker","oil","QUALIFIED_SOURCE_POSITIVE","NUMERIC_INPUT_READY","535341840.00000","REQUIRED_PHYSICAL","SUBJECT_TO_TARGET_AND_FULL_NETWORK_GATES","b5ec374fcb60a4567468b3279fe6fa584ed0506d32f42a80e0760becce6c5cdb:81558;1c2952a5f87bfcdb0eef1af6b6c774e741a99e5b72c5ced91a585d6efe9be50a:82522","129","Raw account sum; electricity remains in Astar","NUMERIC_INPUT_READY","false","false"
"SG:2019:InternationalAviationBunker:oil","SG","InternationalAviationBunker","oil","QUALIFIED_SOURCE_POSITIVE","NUMERIC_INPUT_READY","103249495.10000000","REQUIRED_PHYSICAL","SUBJECT_TO_TARGET_AND_FULL_NETWORK_GATES","d58d6b4f18fcb2cd5c2b6a9f680592924b9cf78066659d7ed2cf757d233cfec9:20343;a45d82a3cffd1fcbca3d6702b88e511d913e833c1f4e9e3fa75dd5c1750eea9a:40626","129","Raw account sum; electricity remains in Astar","NUMERIC_INPUT_READY","false","false"
"TH:2019:ResidentialFuel:oil","TH","ResidentialFuel","oil","QUALIFIED_SOURCE_POSITIVE","NUMERIC_INPUT_READY","21428160.00000","REQUIRED_PHYSICAL","SUBJECT_TO_TARGET_AND_FULL_NETWORK_GATES","b02371f39dec320e227fd3223fcf8ad545595b5b53b48d2834bf9a838191076e:84163","144","Raw account sum; electricity remains in Astar","NUMERIC_INPUT_READY","false","false"
"TH:2019:ResidentialFuel:gas","TH","ResidentialFuel","gas","BOUNDED_SOURCE_ZERO","SOURCE_BOUNDED_ZERO","0","SOURCE_SUPPORTED_NOT_APPLICABLE","NO_PENDING_SOURCE_OR_TARGET","fa8613ee3560bfc2f73f60f4c0995c995b0bec8fd75a59190fe4ad6c63a9e988:85059;fa8613ee3560bfc2f73f60f4c0995c995b0bec8fd75a59190fe4ad6c63a9e988:85093;fa8613ee3560bfc2f73f60f4c0995c995b0bec8fd75a59190fe4ad6c63a9e988:85482","28","Reported final-energy commodity inventory exhausted by disjoint source accounts; bounded exclusion, not absence guessed from empty selection","SOURCE_BOUNDED_ZERO","false","false"
"TH:2019:ResidentialFuel:coal","TH","ResidentialFuel","coal","BOUNDED_SOURCE_ZERO","SOURCE_BOUNDED_ZERO","0","SOURCE_SUPPORTED_NOT_APPLICABLE","NO_PENDING_SOURCE_OR_TARGET","77d8261ada2f8a5104381fae2e794bcaa31d62a12d27ff7e3a0dd0cde756d194:13743;77d8261ada2f8a5104381fae2e794bcaa31d62a12d27ff7e3a0dd0cde756d194:13767;903a91d8e915854454532b0e917539b325fa6691a335aa08a37c8ebef0bd9088:24704;903a91d8e915854454532b0e917539b325fa6691a335aa08a37c8ebef0bd9088:24738;f36eaf2556be5fbe75713fe7bee8a5d1f6b718eb4ed7881a9a2e697784bd8898:26577;f36eaf2556be5fbe75713fe7bee8a5d1f6b718eb4ed7881a9a2e697784bd8898:26611;322eaabc99e9098d5834c09f3d174f6acba91332dd84956e7cd11e7913c6aeb4:52907;322eaabc99e9098d5834c09f3d174f6acba91332dd84956e7cd11e7913c6aeb4:52941","110","Reported final-energy commodity inventory exhausted by disjoint source accounts; bounded exclusion, not absence guessed from empty selection","SOURCE_BOUNDED_ZERO","false","false"
"TH:2019:ResidentialFuel:biomass","TH","ResidentialFuel","biomass","QUALIFIED_SOURCE_POSITIVE","NUMERIC_INPUT_READY","31489068.96578000000","REQUIRED_PHYSICAL","SUBJECT_TO_TARGET_AND_FULL_NETWORK_GATES","da54b258ffb4927f30834c01f4e9aff7c267dd70c5ef5760292dd21ef5802345:34881;26a364db4d763d9d5a69eff04aa717af5db5d2736c5c1f4e47223a12eae7db66:71688","66","Raw account sum; electricity remains in Astar","NUMERIC_INPUT_READY","false","false"
"TH:2019:ServicesFuel:oil","TH","ServicesFuel","oil","QUALIFIED_SOURCE_POSITIVE","NUMERIC_INPUT_READY","6473090.00000","REQUIRED_PHYSICAL","SUBJECT_TO_TARGET_AND_FULL_NETWORK_GATES","b02371f39dec320e227fd3223fcf8ad545595b5b53b48d2834bf9a838191076e:84230","144","Raw account sum; electricity remains in Astar","NUMERIC_INPUT_READY","false","false"
"TH:2019:ServicesFuel:gas","TH","ServicesFuel","gas","BOUNDED_SOURCE_ZERO","SOURCE_BOUNDED_ZERO","0","SOURCE_SUPPORTED_NOT_APPLICABLE","NO_PENDING_SOURCE_OR_TARGET","fa8613ee3560bfc2f73f60f4c0995c995b0bec8fd75a59190fe4ad6c63a9e988:85059;fa8613ee3560bfc2f73f60f4c0995c995b0bec8fd75a59190fe4ad6c63a9e988:85093;fa8613ee3560bfc2f73f60f4c0995c995b0bec8fd75a59190fe4ad6c63a9e988:85482","28","Reported final-energy commodity inventory exhausted by disjoint source accounts; bounded exclusion, not absence guessed from empty selection","SOURCE_BOUNDED_ZERO","false","false"
"TH:2019:ServicesFuel:coal","TH","ServicesFuel","coal","BOUNDED_SOURCE_ZERO","SOURCE_BOUNDED_ZERO","0","SOURCE_SUPPORTED_NOT_APPLICABLE","NO_PENDING_SOURCE_OR_TARGET","77d8261ada2f8a5104381fae2e794bcaa31d62a12d27ff7e3a0dd0cde756d194:13743;77d8261ada2f8a5104381fae2e794bcaa31d62a12d27ff7e3a0dd0cde756d194:13767;903a91d8e915854454532b0e917539b325fa6691a335aa08a37c8ebef0bd9088:24704;903a91d8e915854454532b0e917539b325fa6691a335aa08a37c8ebef0bd9088:24738;f36eaf2556be5fbe75713fe7bee8a5d1f6b718eb4ed7881a9a2e697784bd8898:26577;f36eaf2556be5fbe75713fe7bee8a5d1f6b718eb4ed7881a9a2e697784bd8898:26611;322eaabc99e9098d5834c09f3d174f6acba91332dd84956e7cd11e7913c6aeb4:52907;322eaabc99e9098d5834c09f3d174f6acba91332dd84956e7cd11e7913c6aeb4:52941","110","Reported final-energy commodity inventory exhausted by disjoint source accounts; bounded exclusion, not absence guessed from empty selection","SOURCE_BOUNDED_ZERO","false","false"
"TH:2019:ServicesFuel:biomass","TH","ServicesFuel","biomass","BOUNDED_SOURCE_ZERO","SOURCE_BOUNDED_ZERO","0","SOURCE_SUPPORTED_NOT_APPLICABLE","NO_PENDING_SOURCE_OR_TARGET","9c32689fcf967b5d25086511b32fcfbfb4894f2b860deff953d781f92d749211:17963;9c32689fcf967b5d25086511b32fcfbfb4894f2b860deff953d781f92d749211:17997;5c72caaa64762e177e5e53c55b7f9fd07ee57f6a91681d600bdd6c6be174b8c2:9816;5c72caaa64762e177e5e53c55b7f9fd07ee57f6a91681d600bdd6c6be174b8c2:9856;b004f7bd486dbb8576935c5d17c2e49964e7687ea16b5d67ae57602981b5462c:17562;b004f7bd486dbb8576935c5d17c2e49964e7687ea16b5d67ae57602981b5462c:17575;4030e2d946965aae430c9de2da1b51ae2c19b96dc5a585dc8838dc47384e16af:7248;4030e2d946965aae430c9de2da1b51ae2c19b96dc5a585dc8838dc47384e16af:7288;da54b258ffb4927f30834c01f4e9aff7c267dd70c5ef5760292dd21ef5802345:34813;da54b258ffb4927f30834c01f4e9aff7c267dd70c5ef5760292dd21ef5802345:34881;26a364db4d763d9d5a69eff04aa717af5db5d2736c5c1f4e47223a12eae7db66:71311;26a364db4d763d9d5a69eff04aa717af5db5d2736c5c1f4e47223a12eae7db66:71345;26a364db4d763d9d5a69eff04aa717af5db5d2736c5c1f4e47223a12eae7db66:71688","66","Reported final-energy commodity inventory exhausted by disjoint source accounts; bounded exclusion, not absence guessed from empty selection","SOURCE_BOUNDED_ZERO","false","false"
"TH:2019:IndustryFinalEnergy:oil","TH","IndustryFinalEnergy","oil","QUALIFIED_SOURCE_POSITIVE","NUMERIC_INPUT_READY","56577922.28000000","REQUIRED_PHYSICAL","SUBJECT_TO_TARGET_AND_FULL_NETWORK_GATES","b5ec374fcb60a4567468b3279fe6fa584ed0506d32f42a80e0760becce6c5cdb:90025;1c2952a5f87bfcdb0eef1af6b6c774e741a99e5b72c5ced91a585d6efe9be50a:92642;b02371f39dec320e227fd3223fcf8ad545595b5b53b48d2834bf9a838191076e:83693","144","Raw account sum; electricity remains in Astar","NUMERIC_INPUT_READY","false","false"
"TH:2019:IndustryFinalEnergy:gas","TH","IndustryFinalEnergy","gas","QUALIFIED_SOURCE_POSITIVE","NUMERIC_INPUT_READY","44074219.75","REQUIRED_PHYSICAL","SUBJECT_TO_TARGET_AND_FULL_NETWORK_GATES","fa8613ee3560bfc2f73f60f4c0995c995b0bec8fd75a59190fe4ad6c63a9e988:85093","28","Raw account sum; electricity remains in Astar","NUMERIC_INPUT_READY","false","false"
"TH:2019:IndustryFinalEnergy:coal","TH","IndustryFinalEnergy","coal","QUALIFIED_SOURCE_POSITIVE","NUMERIC_INPUT_READY","50228629.48888888888888888889","REQUIRED_PHYSICAL","SUBJECT_TO_TARGET_AND_FULL_NETWORK_GATES","77d8261ada2f8a5104381fae2e794bcaa31d62a12d27ff7e3a0dd0cde756d194:13767;903a91d8e915854454532b0e917539b325fa6691a335aa08a37c8ebef0bd9088:24738;f36eaf2556be5fbe75713fe7bee8a5d1f6b718eb4ed7881a9a2e697784bd8898:26611;322eaabc99e9098d5834c09f3d174f6acba91332dd84956e7cd11e7913c6aeb4:52941","110","Raw account sum; electricity remains in Astar","NUMERIC_INPUT_READY","false","false"
"TH:2019:IndustryFinalEnergy:biomass","TH","IndustryFinalEnergy","biomass","QUALIFIED_SOURCE_POSITIVE","NUMERIC_INPUT_READY","57904448.49007111111111111111","REQUIRED_PHYSICAL","SUBJECT_TO_TARGET_AND_FULL_NETWORK_GATES","9c32689fcf967b5d25086511b32fcfbfb4894f2b860deff953d781f92d749211:17997;b004f7bd486dbb8576935c5d17c2e49964e7687ea16b5d67ae57602981b5462c:17575;26a364db4d763d9d5a69eff04aa717af5db5d2736c5c1f4e47223a12eae7db66:71345","66","Raw account sum; electricity remains in Astar","NUMERIC_INPUT_READY","false","false"
"TH:2019:AgricultureFinalEnergy:oil","TH","AgricultureFinalEnergy","oil","QUALIFIED_SOURCE_POSITIVE","NUMERIC_INPUT_READY","34960320.00000","REQUIRED_PHYSICAL","SUBJECT_TO_TARGET_AND_FULL_NETWORK_GATES","1c2952a5f87bfcdb0eef1af6b6c774e741a99e5b72c5ced91a585d6efe9be50a:93056","144","Raw account sum; electricity remains in Astar","NUMERIC_INPUT_READY","false","false"
"TH:2019:AgricultureFinalEnergy:coal","TH","AgricultureFinalEnergy","coal","BOUNDED_SOURCE_ZERO","SOURCE_BOUNDED_ZERO","0","SOURCE_SUPPORTED_NOT_APPLICABLE","NO_PENDING_SOURCE_OR_TARGET","77d8261ada2f8a5104381fae2e794bcaa31d62a12d27ff7e3a0dd0cde756d194:13743;77d8261ada2f8a5104381fae2e794bcaa31d62a12d27ff7e3a0dd0cde756d194:13767;903a91d8e915854454532b0e917539b325fa6691a335aa08a37c8ebef0bd9088:24704;903a91d8e915854454532b0e917539b325fa6691a335aa08a37c8ebef0bd9088:24738;f36eaf2556be5fbe75713fe7bee8a5d1f6b718eb4ed7881a9a2e697784bd8898:26577;f36eaf2556be5fbe75713fe7bee8a5d1f6b718eb4ed7881a9a2e697784bd8898:26611;322eaabc99e9098d5834c09f3d174f6acba91332dd84956e7cd11e7913c6aeb4:52907;322eaabc99e9098d5834c09f3d174f6acba91332dd84956e7cd11e7913c6aeb4:52941","110","Reported final-energy commodity inventory exhausted by disjoint source accounts; bounded exclusion, not absence guessed from empty selection","SOURCE_BOUNDED_ZERO","false","false"
"TH:2019:AgricultureFinalEnergy:biomass","TH","AgricultureFinalEnergy","biomass","BOUNDED_SOURCE_ZERO","SOURCE_BOUNDED_ZERO","0","SOURCE_SUPPORTED_NOT_APPLICABLE","NO_PENDING_SOURCE_OR_TARGET","9c32689fcf967b5d25086511b32fcfbfb4894f2b860deff953d781f92d749211:17963;9c32689fcf967b5d25086511b32fcfbfb4894f2b860deff953d781f92d749211:17997;5c72caaa64762e177e5e53c55b7f9fd07ee57f6a91681d600bdd6c6be174b8c2:9816;5c72caaa64762e177e5e53c55b7f9fd07ee57f6a91681d600bdd6c6be174b8c2:9856;b004f7bd486dbb8576935c5d17c2e49964e7687ea16b5d67ae57602981b5462c:17562;b004f7bd486dbb8576935c5d17c2e49964e7687ea16b5d67ae57602981b5462c:17575;4030e2d946965aae430c9de2da1b51ae2c19b96dc5a585dc8838dc47384e16af:7248;4030e2d946965aae430c9de2da1b51ae2c19b96dc5a585dc8838dc47384e16af:7288;da54b258ffb4927f30834c01f4e9aff7c267dd70c5ef5760292dd21ef5802345:34813;da54b258ffb4927f30834c01f4e9aff7c267dd70c5ef5760292dd21ef5802345:34881;26a364db4d763d9d5a69eff04aa717af5db5d2736c5c1f4e47223a12eae7db66:71311;26a364db4d763d9d5a69eff04aa717af5db5d2736c5c1f4e47223a12eae7db66:71345;26a364db4d763d9d5a69eff04aa717af5db5d2736c5c1f4e47223a12eae7db66:71688","66","Reported final-energy commodity inventory exhausted by disjoint source accounts; bounded exclusion, not absence guessed from empty selection","SOURCE_BOUNDED_ZERO","false","false"
"TH:2019:RoadResidualFuel:oil","TH","RoadResidualFuel","oil","BLEND_RECONCILIATION_PENDING","UNRESOLVED_BIOFUEL_OVERLAP","297012570.00000","UNRESOLVED","NO_PENDING_SOURCE_OR_TARGET","1c2952a5f87bfcdb0eef1af6b6c774e741a99e5b72c5ced91a585d6efe9be50a:92964;b02371f39dec320e227fd3223fcf8ad545595b5b53b48d2834bf9a838191076e:84095;fe8fc603bb47c3ced818a86a96a4ad4e97b3b8ceb0d6b28a66d123d5e2c4d5ba:68902","144","Petroleum/biofuel commodity-series overlap not resolved; memo blended rows missing; raw sum is a candidate, not a qualified disjoint obligation","UNRESOLVED_BIOFUEL_OVERLAP","false","false"
"TH:2019:RoadResidualFuel:gas","TH","RoadResidualFuel","gas","QUALIFIED_SOURCE_POSITIVE","NUMERIC_INPUT_READY","19520255.25","REQUIRED_PHYSICAL","SUBJECT_TO_TARGET_AND_FULL_NETWORK_GATES","fa8613ee3560bfc2f73f60f4c0995c995b0bec8fd75a59190fe4ad6c63a9e988:85482","28","Raw account sum; electricity remains in Astar","NUMERIC_INPUT_READY","false","false"
"TH:2019:RoadResidualFuel:biomass","TH","RoadResidualFuel","biomass","BLEND_RECONCILIATION_PENDING","UNRESOLVED_BIOFUEL_OVERLAP","30233976.000000","UNRESOLVED","NO_PENDING_SOURCE_OR_TARGET","5c72caaa64762e177e5e53c55b7f9fd07ee57f6a91681d600bdd6c6be174b8c2:9856;4030e2d946965aae430c9de2da1b51ae2c19b96dc5a585dc8838dc47384e16af:7288","66","Petroleum/biofuel commodity-series overlap not resolved; memo blended rows missing; raw sum is a candidate, not a qualified disjoint obligation","UNRESOLVED_BIOFUEL_OVERLAP","false","false"
"TH:2019:TransportEmbeddedFuelParent:unclassified_fuel","TH","TransportEmbeddedFuelParent","unclassified_fuel","QUALIFIED_SOURCE_POSITIVE","NUMERIC_INPUT_READY","859680.00000","REQUIRED_PHYSICAL","NO_PENDING_SOURCE_OR_TARGET","1c2952a5f87bfcdb0eef1af6b6c774e741a99e5b72c5ced91a585d6efe9be50a:92987","402","Raw account sum; electricity remains in Astar","NUMERIC_INPUT_READY","false","false"
"TH:2019:DomesticShippingFuel:oil","TH","DomesticShippingFuel","oil","BOUNDED_SOURCE_ZERO","SOURCE_BOUNDED_ZERO","0","SOURCE_SUPPORTED_NOT_APPLICABLE","NO_PENDING_SOURCE_OR_TARGET","b5ec374fcb60a4567468b3279fe6fa584ed0506d32f42a80e0760becce6c5cdb:89994;b5ec374fcb60a4567468b3279fe6fa584ed0506d32f42a80e0760becce6c5cdb:90025;1c2952a5f87bfcdb0eef1af6b6c774e741a99e5b72c5ced91a585d6efe9be50a:92619;1c2952a5f87bfcdb0eef1af6b6c774e741a99e5b72c5ced91a585d6efe9be50a:92642;1c2952a5f87bfcdb0eef1af6b6c774e741a99e5b72c5ced91a585d6efe9be50a:92964;1c2952a5f87bfcdb0eef1af6b6c774e741a99e5b72c5ced91a585d6efe9be50a:92987;1c2952a5f87bfcdb0eef1af6b6c774e741a99e5b72c5ced91a585d6efe9be50a:93056;1c2952a5f87bfcdb0eef1af6b6c774e741a99e5b72c5ced91a585d6efe9be50a:93029;a45d82a3cffd1fcbca3d6702b88e511d913e833c1f4e9e3fa75dd5c1750eea9a:44624;a45d82a3cffd1fcbca3d6702b88e511d913e833c1f4e9e3fa75dd5c1750eea9a:44692;b02371f39dec320e227fd3223fcf8ad545595b5b53b48d2834bf9a838191076e:83659;b02371f39dec320e227fd3223fcf8ad545595b5b53b48d2834bf9a838191076e:83693;b02371f39dec320e227fd3223fcf8ad545595b5b53b48d2834bf9a838191076e:84095;b02371f39dec320e227fd3223fcf8ad545595b5b53b48d2834bf9a838191076e:84163;b02371f39dec320e227fd3223fcf8ad545595b5b53b48d2834bf9a838191076e:84230;fe8fc603bb47c3ced818a86a96a4ad4e97b3b8ceb0d6b28a66d123d5e2c4d5ba:68720;fe8fc603bb47c3ced818a86a96a4ad4e97b3b8ceb0d6b28a66d123d5e2c4d5ba:68902","144","Reported final-energy commodity inventory exhausted by disjoint source accounts; bounded exclusion, not absence guessed from empty selection","UNRESOLVED","true","true"
"TH:2019:DomesticAviationFuel:oil","TH","DomesticAviationFuel","oil","QUALIFIED_SOURCE_POSITIVE","NUMERIC_INPUT_READY","15850607.29350000000","REQUIRED_PHYSICAL","SUBJECT_TO_TARGET_AND_FULL_NETWORK_GATES","a45d82a3cffd1fcbca3d6702b88e511d913e833c1f4e9e3fa75dd5c1750eea9a:44692","144","Raw account sum; electricity remains in Astar","NUMERIC_INPUT_READY","false","false"
"TH:2019:InternationalShippingBunker:oil","TH","InternationalShippingBunker","oil","QUALIFIED_SOURCE_POSITIVE","NUMERIC_INPUT_READY","13132247.04000000","REQUIRED_PHYSICAL","SUBJECT_TO_TARGET_AND_FULL_NETWORK_GATES","b5ec374fcb60a4567468b3279fe6fa584ed0506d32f42a80e0760becce6c5cdb:89808","144","Raw account sum; electricity remains in Astar","NUMERIC_INPUT_READY","false","false"
"TH:2019:InternationalAviationBunker:oil","TH","InternationalAviationBunker","oil","QUALIFIED_SOURCE_POSITIVE","NUMERIC_INPUT_READY","55100500.00000","REQUIRED_PHYSICAL","SUBJECT_TO_TARGET_AND_FULL_NETWORK_GATES","a45d82a3cffd1fcbca3d6702b88e511d913e833c1f4e9e3fa75dd5c1750eea9a:44562","144","Raw account sum; electricity remains in Astar","NUMERIC_INPUT_READY","false","false"
"TL:2019:ResidentialFuel:oil","TL","ResidentialFuel","oil","KNOWN_NEC_ENERGY_RETAINED_SECTOR_SPLIT_UNRESOLVED","UNRESOLVED","","PENDING_NO_AUTOMATIC_EXCLUSION","NO_PENDING_SOURCE_OR_TARGET","","42","No source-qualified2019 row or zero proof","UNRESOLVED","false","false"
"TL:2019:ResidentialFuel:gas","TL","ResidentialFuel","gas","SOURCE_TRANSACTION_NOT_REPORTED_IN_CACHED_EXPORT","UNRESOLVED","","PENDING_NO_AUTOMATIC_EXCLUSION","NO_PENDING_SOURCE_OR_TARGET","","7","No source-qualified2019 row or zero proof","UNRESOLVED","false","false"
"TL:2019:ResidentialFuel:coal","TL","ResidentialFuel","coal","SOURCE_FAMILY_NOT_PRESENT_IN_CACHED_EXPORT","UNRESOLVED","","PENDING_NO_AUTOMATIC_EXCLUSION","NO_PENDING_SOURCE_OR_TARGET","","0","No source-qualified2019 row or zero proof","UNRESOLVED","false","false"
"TL:2019:ResidentialFuel:biomass","TL","ResidentialFuel","biomass","QUALIFIED_SOURCE_POSITIVE","NUMERIC_INPUT_READY","206334.36000000","REQUIRED_PHYSICAL","SUBJECT_TO_TARGET_AND_FULL_NETWORK_GATES","26a364db4d763d9d5a69eff04aa717af5db5d2736c5c1f4e47223a12eae7db66:71856","6","Raw account sum; electricity remains in Astar","NUMERIC_INPUT_READY","false","false"
"TL:2019:ServicesFuel:oil","TL","ServicesFuel","oil","KNOWN_NEC_ENERGY_RETAINED_SECTOR_SPLIT_UNRESOLVED","UNRESOLVED","","PENDING_NO_AUTOMATIC_EXCLUSION","NO_PENDING_SOURCE_OR_TARGET","","42","No source-qualified2019 row or zero proof","UNRESOLVED","false","false"
"TL:2019:ServicesFuel:gas","TL","ServicesFuel","gas","SOURCE_TRANSACTION_NOT_REPORTED_IN_CACHED_EXPORT","UNRESOLVED","","PENDING_NO_AUTOMATIC_EXCLUSION","NO_PENDING_SOURCE_OR_TARGET","","7","No source-qualified2019 row or zero proof","UNRESOLVED","false","false"
"TL:2019:ServicesFuel:coal","TL","ServicesFuel","coal","SOURCE_FAMILY_NOT_PRESENT_IN_CACHED_EXPORT","UNRESOLVED","","PENDING_NO_AUTOMATIC_EXCLUSION","NO_PENDING_SOURCE_OR_TARGET","","0","No source-qualified2019 row or zero proof","UNRESOLVED","false","false"
"TL:2019:ServicesFuel:biomass","TL","ServicesFuel","biomass","BOUNDED_SOURCE_ZERO","SOURCE_BOUNDED_ZERO","0","SOURCE_SUPPORTED_NOT_APPLICABLE","NO_PENDING_SOURCE_OR_TARGET","26a364db4d763d9d5a69eff04aa717af5db5d2736c5c1f4e47223a12eae7db66:71812;26a364db4d763d9d5a69eff04aa717af5db5d2736c5c1f4e47223a12eae7db66:71856","6","Reported final-energy commodity inventory exhausted by disjoint source accounts; bounded exclusion, not absence guessed from empty selection","SOURCE_BOUNDED_ZERO","false","false"
"TL:2019:IndustryFinalEnergy:oil","TL","IndustryFinalEnergy","oil","ACCEPTED_PHASE3_COVERAGE_DEFERRED","BOUNDARY_EXCLUSION","","SOURCE_SUPPORTED_NOT_APPLICABLE","NO_PENDING_SOURCE_OR_TARGET","","42","Phase3c TL independent industry deferred; unknown fuel is not zero","BOUNDARY_EXCLUSION","false","false"
"TL:2019:IndustryFinalEnergy:gas","TL","IndustryFinalEnergy","gas","ACCEPTED_PHASE3_COVERAGE_DEFERRED","BOUNDARY_EXCLUSION","","SOURCE_SUPPORTED_NOT_APPLICABLE","NO_PENDING_SOURCE_OR_TARGET","","7","Phase3c TL independent industry deferred; unknown fuel is not zero","BOUNDARY_EXCLUSION","false","false"
"TL:2019:IndustryFinalEnergy:coal","TL","IndustryFinalEnergy","coal","ACCEPTED_PHASE3_COVERAGE_DEFERRED","BOUNDARY_EXCLUSION","","SOURCE_SUPPORTED_NOT_APPLICABLE","NO_PENDING_SOURCE_OR_TARGET","","0","Phase3c TL independent industry deferred; unknown fuel is not zero","BOUNDARY_EXCLUSION","false","false"
"TL:2019:IndustryFinalEnergy:biomass","TL","IndustryFinalEnergy","biomass","ACCEPTED_PHASE3_COVERAGE_DEFERRED","BOUNDARY_EXCLUSION","","SOURCE_SUPPORTED_NOT_APPLICABLE","NO_PENDING_SOURCE_OR_TARGET","","6","Phase3c TL independent industry deferred; unknown fuel is not zero","BOUNDARY_EXCLUSION","false","false"
"TL:2019:AgricultureFinalEnergy:oil","TL","AgricultureFinalEnergy","oil","KNOWN_NEC_ENERGY_RETAINED_SECTOR_SPLIT_UNRESOLVED","UNRESOLVED","","PENDING_NO_AUTOMATIC_EXCLUSION","NO_PENDING_SOURCE_OR_TARGET","","42","No source-qualified2019 row or zero proof","UNRESOLVED","false","false"
"TL:2019:AgricultureFinalEnergy:coal","TL","AgricultureFinalEnergy","coal","SOURCE_FAMILY_NOT_PRESENT_IN_CACHED_EXPORT","UNRESOLVED","","PENDING_NO_AUTOMATIC_EXCLUSION","NO_PENDING_SOURCE_OR_TARGET","","0","No source-qualified2019 row or zero proof","UNRESOLVED","false","false"
"TL:2019:AgricultureFinalEnergy:biomass","TL","AgricultureFinalEnergy","biomass","BOUNDED_SOURCE_ZERO","SOURCE_BOUNDED_ZERO","0","SOURCE_SUPPORTED_NOT_APPLICABLE","NO_PENDING_SOURCE_OR_TARGET","26a364db4d763d9d5a69eff04aa717af5db5d2736c5c1f4e47223a12eae7db66:71812;26a364db4d763d9d5a69eff04aa717af5db5d2736c5c1f4e47223a12eae7db66:71856","6","Reported final-energy commodity inventory exhausted by disjoint source accounts; bounded exclusion, not absence guessed from empty selection","SOURCE_BOUNDED_ZERO","false","false"
"TL:2019:RoadResidualFuel:oil","TL","RoadResidualFuel","oil","QUALIFIED_SOURCE_POSITIVE","NUMERIC_INPUT_READY","424719.000000","REQUIRED_PHYSICAL","SUBJECT_TO_TARGET_AND_FULL_NETWORK_GATES","fe8fc603bb47c3ced818a86a96a4ad4e97b3b8ceb0d6b28a66d123d5e2c4d5ba:69146","42","Raw account sum; electricity remains in Astar","NUMERIC_INPUT_READY","false","false"
"TL:2019:RoadResidualFuel:gas","TL","RoadResidualFuel","gas","SOURCE_TRANSACTION_NOT_REPORTED_IN_CACHED_EXPORT","UNRESOLVED","","PENDING_NO_AUTOMATIC_EXCLUSION","NO_PENDING_SOURCE_OR_TARGET","","7","No source-qualified2019 row or zero proof","UNRESOLVED","false","false"
"TL:2019:RoadResidualFuel:biomass","TL","RoadResidualFuel","biomass","BOUNDED_SOURCE_ZERO","SOURCE_BOUNDED_ZERO","0","SOURCE_SUPPORTED_NOT_APPLICABLE","NO_PENDING_SOURCE_OR_TARGET","26a364db4d763d9d5a69eff04aa717af5db5d2736c5c1f4e47223a12eae7db66:71812;26a364db4d763d9d5a69eff04aa717af5db5d2736c5c1f4e47223a12eae7db66:71856","6","Reported final-energy commodity inventory exhausted by disjoint source accounts; bounded exclusion, not absence guessed from empty selection","SOURCE_BOUNDED_ZERO","false","false"
"TL:2019:TransportEmbeddedFuelParent:unclassified_fuel","TL","TransportEmbeddedFuelParent","unclassified_fuel","KNOWN_NEC_ENERGY_RETAINED_SECTOR_SPLIT_UNRESOLVED","UNRESOLVED","","PENDING_NO_AUTOMATIC_EXCLUSION","NO_PENDING_SOURCE_OR_TARGET","","74","No source-qualified2019 row or zero proof","UNRESOLVED","false","false"
"TL:2019:DomesticShippingFuel:oil","TL","DomesticShippingFuel","oil","KNOWN_NEC_ENERGY_RETAINED_SECTOR_SPLIT_UNRESOLVED","UNRESOLVED","","PENDING_NO_AUTOMATIC_EXCLUSION","NO_PENDING_SOURCE_OR_TARGET","","42","No source-qualified2019 row or zero proof","UNRESOLVED","false","false"
"TL:2019:DomesticAviationFuel:oil","TL","DomesticAviationFuel","oil","QUALIFIED_SOURCE_POSITIVE","NUMERIC_INPUT_READY","179.56204379562042000000","REQUIRED_PHYSICAL","SUBJECT_TO_TARGET_AND_FULL_NETWORK_GATES","d58d6b4f18fcb2cd5c2b6a9f680592924b9cf78066659d7ed2cf757d233cfec9:22474","42","Raw account sum; electricity remains in Astar","NUMERIC_INPUT_READY","false","false"
"TL:2019:InternationalShippingBunker:oil","TL","InternationalShippingBunker","oil","KNOWN_NEC_ENERGY_RETAINED_SECTOR_SPLIT_UNRESOLVED","UNRESOLVED","","PENDING_NO_AUTOMATIC_EXCLUSION","NO_PENDING_SOURCE_OR_TARGET","","42","No source-qualified2019 row or zero proof","UNRESOLVED","false","false"
"TL:2019:InternationalAviationBunker:oil","TL","InternationalAviationBunker","oil","QUALIFIED_SOURCE_POSITIVE","NUMERIC_INPUT_READY","35770.0000000","REQUIRED_PHYSICAL","SUBJECT_TO_TARGET_AND_FULL_NETWORK_GATES","a45d82a3cffd1fcbca3d6702b88e511d913e833c1f4e9e3fa75dd5c1750eea9a:44816","42","Raw account sum; electricity remains in Astar","NUMERIC_INPUT_READY","false","false"
"VN:2019:ResidentialFuel:oil","VN","ResidentialFuel","oil","QUALIFIED_SOURCE_POSITIVE","NUMERIC_INPUT_READY","12224030.00000","REQUIRED_PHYSICAL","SUBJECT_TO_TARGET_AND_FULL_NETWORK_GATES","b02371f39dec320e227fd3223fcf8ad545595b5b53b48d2834bf9a838191076e:92314","90","Raw account sum; electricity remains in Astar","NUMERIC_INPUT_READY","false","false"
"VN:2019:ResidentialFuel:gas","VN","ResidentialFuel","gas","BOUNDED_SOURCE_ZERO","SOURCE_BOUNDED_ZERO","0","SOURCE_SUPPORTED_NOT_APPLICABLE","NO_PENDING_SOURCE_OR_TARGET","fa8613ee3560bfc2f73f60f4c0995c995b0bec8fd75a59190fe4ad6c63a9e988:96893;fa8613ee3560bfc2f73f60f4c0995c995b0bec8fd75a59190fe4ad6c63a9e988:96921;fa8613ee3560bfc2f73f60f4c0995c995b0bec8fd75a59190fe4ad6c63a9e988:97067","19","Reported final-energy commodity inventory exhausted by disjoint source accounts; bounded exclusion, not absence guessed from empty selection","UNRESOLVED","true","true"
"VN:2019:ResidentialFuel:coal","VN","ResidentialFuel","coal","QUALIFIED_SOURCE_POSITIVE","NUMERIC_INPUT_READY","16738667.39534882832000000","REQUIRED_PHYSICAL","SUBJECT_TO_TARGET_AND_FULL_NETWORK_GATES","322eaabc99e9098d5834c09f3d174f6acba91332dd84956e7cd11e7913c6aeb4:59631","28","Raw account sum; electricity remains in Astar","NUMERIC_INPUT_READY","false","false"
"VN:2019:ResidentialFuel:biomass","VN","ResidentialFuel","biomass","QUALIFIED_SOURCE_POSITIVE","NUMERIC_INPUT_READY","2792790.00000","REQUIRED_PHYSICAL","SUBJECT_TO_TARGET_AND_FULL_NETWORK_GATES","da54b258ffb4927f30834c01f4e9aff7c267dd70c5ef5760292dd21ef5802345:38482","35","Raw account sum; electricity remains in Astar","NUMERIC_INPUT_READY","false","false"
"VN:2019:ServicesFuel:oil","VN","ServicesFuel","oil","QUALIFIED_SOURCE_POSITIVE","NUMERIC_INPUT_READY","1878540.00000","REQUIRED_PHYSICAL","SUBJECT_TO_TARGET_AND_FULL_NETWORK_GATES","b5ec374fcb60a4567468b3279fe6fa584ed0506d32f42a80e0760becce6c5cdb:99432;b02371f39dec320e227fd3223fcf8ad545595b5b53b48d2834bf9a838191076e:92360","90","Raw account sum; electricity remains in Astar","NUMERIC_INPUT_READY","false","false"
"VN:2019:ServicesFuel:gas","VN","ServicesFuel","gas","BOUNDED_SOURCE_ZERO","SOURCE_BOUNDED_ZERO","0","SOURCE_SUPPORTED_NOT_APPLICABLE","NO_PENDING_SOURCE_OR_TARGET","fa8613ee3560bfc2f73f60f4c0995c995b0bec8fd75a59190fe4ad6c63a9e988:96893;fa8613ee3560bfc2f73f60f4c0995c995b0bec8fd75a59190fe4ad6c63a9e988:96921;fa8613ee3560bfc2f73f60f4c0995c995b0bec8fd75a59190fe4ad6c63a9e988:97067","19","Reported final-energy commodity inventory exhausted by disjoint source accounts; bounded exclusion, not absence guessed from empty selection","UNRESOLVED","true","true"
"VN:2019:ServicesFuel:coal","VN","ServicesFuel","coal","QUALIFIED_SOURCE_POSITIVE","NUMERIC_INPUT_READY","10127887.70930229558000000","REQUIRED_PHYSICAL","SUBJECT_TO_TARGET_AND_FULL_NETWORK_GATES","322eaabc99e9098d5834c09f3d174f6acba91332dd84956e7cd11e7913c6aeb4:59696","28","Raw account sum; electricity remains in Astar","NUMERIC_INPUT_READY","false","false"
"VN:2019:ServicesFuel:biomass","VN","ServicesFuel","biomass","BOUNDED_SOURCE_ZERO","SOURCE_BOUNDED_ZERO","0","SOURCE_SUPPORTED_NOT_APPLICABLE","NO_PENDING_SOURCE_OR_TARGET","9c32689fcf967b5d25086511b32fcfbfb4894f2b860deff953d781f92d749211:19599;9c32689fcf967b5d25086511b32fcfbfb4894f2b860deff953d781f92d749211:19632;4030e2d946965aae430c9de2da1b51ae2c19b96dc5a585dc8838dc47384e16af:8085;4030e2d946965aae430c9de2da1b51ae2c19b96dc5a585dc8838dc47384e16af:8099;da54b258ffb4927f30834c01f4e9aff7c267dd70c5ef5760292dd21ef5802345:38416;da54b258ffb4927f30834c01f4e9aff7c267dd70c5ef5760292dd21ef5802345:38482;26a364db4d763d9d5a69eff04aa717af5db5d2736c5c1f4e47223a12eae7db66:78098;26a364db4d763d9d5a69eff04aa717af5db5d2736c5c1f4e47223a12eae7db66:78131;26a364db4d763d9d5a69eff04aa717af5db5d2736c5c1f4e47223a12eae7db66:78291","35","Reported final-energy commodity inventory exhausted by disjoint source accounts; bounded exclusion, not absence guessed from empty selection","SOURCE_BOUNDED_ZERO","false","false"
"VN:2019:IndustryFinalEnergy:oil","VN","IndustryFinalEnergy","oil","QUALIFIED_SOURCE_POSITIVE","NUMERIC_INPUT_READY","4354130.00000","REQUIRED_PHYSICAL","SUBJECT_TO_TARGET_AND_FULL_NETWORK_GATES","b5ec374fcb60a4567468b3279fe6fa584ed0506d32f42a80e0760becce6c5cdb:99175;b02371f39dec320e227fd3223fcf8ad545595b5b53b48d2834bf9a838191076e:92094","90","Raw account sum; electricity remains in Astar","NUMERIC_INPUT_READY","false","false"
"VN:2019:IndustryFinalEnergy:gas","VN","IndustryFinalEnergy","gas","QUALIFIED_SOURCE_POSITIVE","NUMERIC_INPUT_READY","5546500","REQUIRED_PHYSICAL","SUBJECT_TO_TARGET_AND_FULL_NETWORK_GATES","fa8613ee3560bfc2f73f60f4c0995c995b0bec8fd75a59190fe4ad6c63a9e988:96921","19","Raw account sum; electricity remains in Astar","NUMERIC_INPUT_READY","false","false"
"VN:2019:IndustryFinalEnergy:coal","VN","IndustryFinalEnergy","coal","QUALIFIED_SOURCE_POSITIVE","NUMERIC_INPUT_READY","227047482.85000000","REQUIRED_PHYSICAL","SUBJECT_TO_TARGET_AND_FULL_NETWORK_GATES","f36eaf2556be5fbe75713fe7bee8a5d1f6b718eb4ed7881a9a2e697784bd8898:29334;322eaabc99e9098d5834c09f3d174f6acba91332dd84956e7cd11e7913c6aeb4:59471","28","Raw account sum; electricity remains in Astar","NUMERIC_INPUT_READY","false","false"
"VN:2019:IndustryFinalEnergy:biomass","VN","IndustryFinalEnergy","biomass","QUALIFIED_SOURCE_POSITIVE","NUMERIC_INPUT_READY","47724742.684176000000","REQUIRED_PHYSICAL","SUBJECT_TO_TARGET_AND_FULL_NETWORK_GATES","9c32689fcf967b5d25086511b32fcfbfb4894f2b860deff953d781f92d749211:19632;26a364db4d763d9d5a69eff04aa717af5db5d2736c5c1f4e47223a12eae7db66:78131","35","Raw account sum; electricity remains in Astar","NUMERIC_INPUT_READY","false","false"
"VN:2019:AgricultureFinalEnergy:oil","VN","AgricultureFinalEnergy","oil","QUALIFIED_SOURCE_POSITIVE","NUMERIC_INPUT_READY","10971600.0000","REQUIRED_PHYSICAL","SUBJECT_TO_TARGET_AND_FULL_NETWORK_GATES","fe8fc603bb47c3ced818a86a96a4ad4e97b3b8ceb0d6b28a66d123d5e2c4d5ba:76119","90","Raw account sum; electricity remains in Astar","NUMERIC_INPUT_READY","false","false"
"VN:2019:AgricultureFinalEnergy:coal","VN","AgricultureFinalEnergy","coal","QUALIFIED_SOURCE_POSITIVE","NUMERIC_INPUT_READY","215176.6744186047345000000","REQUIRED_PHYSICAL","SUBJECT_TO_TARGET_AND_FULL_NETWORK_GATES","322eaabc99e9098d5834c09f3d174f6acba91332dd84956e7cd11e7913c6aeb4:59663","28","Raw account sum; electricity remains in Astar","NUMERIC_INPUT_READY","false","false"
"VN:2019:AgricultureFinalEnergy:biomass","VN","AgricultureFinalEnergy","biomass","QUALIFIED_SOURCE_POSITIVE","NUMERIC_INPUT_READY","4400471.17364000000","REQUIRED_PHYSICAL","SUBJECT_TO_TARGET_AND_FULL_NETWORK_GATES","26a364db4d763d9d5a69eff04aa717af5db5d2736c5c1f4e47223a12eae7db66:78291","35","Raw account sum; electricity remains in Astar","NUMERIC_INPUT_READY","false","false"
"VN:2019:RoadResidualFuel:oil","VN","RoadResidualFuel","oil","BLEND_RECONCILIATION_PENDING","UNRESOLVED_BIOFUEL_OVERLAP","77994300.0000","UNRESOLVED","NO_PENDING_SOURCE_OR_TARGET","fe8fc603bb47c3ced818a86a96a4ad4e97b3b8ceb0d6b28a66d123d5e2c4d5ba:76048","90","Petroleum/biofuel commodity-series overlap not resolved; memo blended rows missing; raw sum is a candidate, not a qualified disjoint obligation","UNRESOLVED_BIOFUEL_OVERLAP","false","false"
"VN:2019:RoadResidualFuel:gas","VN","RoadResidualFuel","gas","BOUNDED_SOURCE_ZERO","SOURCE_BOUNDED_ZERO","0","SOURCE_SUPPORTED_NOT_APPLICABLE","NO_PENDING_SOURCE_OR_TARGET","fa8613ee3560bfc2f73f60f4c0995c995b0bec8fd75a59190fe4ad6c63a9e988:96893;fa8613ee3560bfc2f73f60f4c0995c995b0bec8fd75a59190fe4ad6c63a9e988:96921;fa8613ee3560bfc2f73f60f4c0995c995b0bec8fd75a59190fe4ad6c63a9e988:97067","19","Reported final-energy commodity inventory exhausted by disjoint source accounts; bounded exclusion, not absence guessed from empty selection","UNRESOLVED","true","true"
"VN:2019:RoadResidualFuel:biomass","VN","RoadResidualFuel","biomass","BLEND_RECONCILIATION_PENDING","UNRESOLVED_BIOFUEL_OVERLAP","908168.000000","UNRESOLVED","NO_PENDING_SOURCE_OR_TARGET","4030e2d946965aae430c9de2da1b51ae2c19b96dc5a585dc8838dc47384e16af:8099","35","Petroleum/biofuel commodity-series overlap not resolved; memo blended rows missing; raw sum is a candidate, not a qualified disjoint obligation","UNRESOLVED_BIOFUEL_OVERLAP","false","false"
"VN:2019:TransportEmbeddedFuelParent:unclassified_fuel","VN","TransportEmbeddedFuelParent","unclassified_fuel","KNOWN_NEC_ENERGY_RETAINED_SECTOR_SPLIT_UNRESOLVED","UNRESOLVED","","PENDING_NO_AUTOMATIC_EXCLUSION","NO_PENDING_SOURCE_OR_TARGET","","204","No source-qualified2019 row or zero proof","UNRESOLVED","false","false"
"VN:2019:DomesticShippingFuel:oil","VN","DomesticShippingFuel","oil","QUALIFIED_SOURCE_POSITIVE","NUMERIC_INPUT_READY","516120.00000","REQUIRED_PHYSICAL","SUBJECT_TO_TARGET_AND_FULL_NETWORK_GATES","b5ec374fcb60a4567468b3279fe6fa584ed0506d32f42a80e0760becce6c5cdb:99323","90","Raw account sum; electricity remains in Astar","NUMERIC_INPUT_READY","false","false"
"VN:2019:DomesticAviationFuel:oil","VN","DomesticAviationFuel","oil","QUALIFIED_SOURCE_POSITIVE","NUMERIC_INPUT_READY","10302250.00000","REQUIRED_PHYSICAL","SUBJECT_TO_TARGET_AND_FULL_NETWORK_GATES","a45d82a3cffd1fcbca3d6702b88e511d913e833c1f4e9e3fa75dd5c1750eea9a:49326","90","Raw account sum; electricity remains in Astar","NUMERIC_INPUT_READY","false","false"
"VN:2019:InternationalShippingBunker:oil","VN","InternationalShippingBunker","oil","QUALIFIED_SOURCE_POSITIVE","NUMERIC_INPUT_READY","2053260.00000","REQUIRED_PHYSICAL","SUBJECT_TO_TARGET_AND_FULL_NETWORK_GATES","b5ec374fcb60a4567468b3279fe6fa584ed0506d32f42a80e0760becce6c5cdb:98984","90","Raw account sum; electricity remains in Astar","NUMERIC_INPUT_READY","false","false"
"VN:2019:InternationalAviationBunker:oil","VN","InternationalAviationBunker","oil","QUALIFIED_SOURCE_POSITIVE","NUMERIC_INPUT_READY","15643250.00000","REQUIRED_PHYSICAL","SUBJECT_TO_TARGET_AND_FULL_NETWORK_GATES","a45d82a3cffd1fcbca3d6702b88e511d913e833c1f4e9e3fa75dd5c1750eea9a:49216","90","Raw account sum; electricity remains in Astar","NUMERIC_INPUT_READY","false","false"
