"Country","Year","Sector","Subsector","Carrier","DemandType","RawValue","RawUnit","ConvertedMWh","ParentAccount","ChildAccount","Representation","Source","SourceYear","SourceSHA256","Transformation","SpatialRule","TemporalRule","IncludedInAstar","TransferredFromAstar","FixedOrEndogenous","Status","HumanAcceptance","Notes","RowID","OwnerAccount","Posting","Required","NumericAccepted","ZeroEvidence","LogicalDestination","ExistingEnergyLoad","EmissionsPresent","SourceLocator","Group","ParentBefore","TransferredChild","ParentAfter","IndependentReference"
"BN","2019","Buildings","ResidentialCooking","mixed","EMBEDDED","","","","ResidentialDirectEnergy","ResidentialCooking","EMBEDDED","","2019","","","PENDING_ACCEPTED_COUNTRY_NODE_WEIGHTS","PENDING_ACCEPTED_SHAPE_AND_PHYSICAL_WEIGHTS","false","false","FIXED","EMBEDDED","REPRESENTATION_ACCEPTED_VALUES_NOT_DEFINED","No additional service obligation. Existing final electricity/fuel keeps ownership. Cooking is not space/water heat.","BN:2019:Buildings:ResidentialCooking:mixed","Astar_and_original_fuels","false","false","false","MISSING","BN:mixed","false","false","","Buildings","","","",""
"BN","2019","Buildings","ResidentialCooling","electricity","EMBEDDED","","","","ResidentialDirectEnergy","ResidentialCooling","EMBEDDED","","2019","","","PENDING_ACCEPTED_COUNTRY_NODE_WEIGHTS","PENDING_ACCEPTED_SHAPE_AND_PHYSICAL_WEIGHTS","true","false","FIXED","EMBEDDED","REPRESENTATION_ACCEPTED_VALUES_NOT_DEFINED","No additional service obligation. Existing final electricity/fuel keeps ownership. Cooking is not space/water heat.","BN:2019:Buildings:ResidentialCooling:electricity","Astar_and_original_fuels","false","false","false","MISSING","BN:electricity","false","false","","Buildings","","","",""
"BN","2019","Buildings","ResidentialDirectElectricity","electricity","DIRECT_ELECTRICITY","1328.662","Kilowatt-hours, million","1328662.0","Astar","ResidentialDirectElectricity","EMBEDDED","/home/jin/research/SGP_ESE5004_Stage2/pypsa-asean/data/demand/unsd/data/UNdata_Export_20250502_110820872.txt","2019","12c99b3c40927449d9a4d0402f255a8b84b24917ff58e54efd4ec43b2125fe6b","Exact raw transaction; million kWh * 1000 = MWh; no losses or AEO scaling","PENDING_ACCEPTED_COUNTRY_NODE_WEIGHTS","PENDING_ACCEPTED_SHAPE_AND_PHYSICAL_WEIGHTS","true","false","FIXED","PENDING","REPRESENTATION_ACCEPTED_NUMERIC_PENDING","Separate R/S identity retained in Astar; no second electricity Load; numeric decomposition is unaccepted","BN:2019:Buildings:ResidentialDirectElectricity:electricity","Astar","false","false","false","REPORTED_VALUE","BN:electricity","false","false","Consumption by households; physical line end 13159","Buildings","","","",""
"BN","2019","Buildings","ResidentialFuel","biomass","DIRECT_FUEL","0.0296","TWh/year","29600.0","","ResidentialFuel","EXPLICIT","/home/jin/research/SGP_ESE5004_Stage2/pypsa-asean/resources/baseline-aims-3H-tutorial/energy_totals_base.csv","2019","af27beafc01cfb1920a23e632c05e858883a28efd9bbf94df3dfdba455fde261","Frozen derived cache; TWh/year -> MWh; raw/calorific provenance still pending","PENDING_ACCEPTED_COUNTRY_NODE_WEIGHTS","PENDING_ACCEPTED_SHAPE_AND_PHYSICAL_WEIGHTS","false","false","FIXED","FROZEN_UPSTREAM","REPRESENTATION_ACCEPTED_NUMERIC_PENDING","Fixed final fuel; no useful-heat inference; cooking remains within original fuel. Coal not recast as electricity.","BN:2019:Buildings:ResidentialFuel:biomass","ResidentialFuel","true","true","false","POSITIVE_CACHE_VALUE","BN:biomass","false","false","BN/residential biomass","Buildings","","","",""
"BN","2019","Buildings","ResidentialFuel","coal","DIRECT_FUEL","","TWh/year","","","ResidentialFuel","EXPLICIT","/home/jin/research/SGP_ESE5004_Stage2/pypsa-asean/resources/baseline-aims-3H-tutorial/energy_totals_base.csv","2019","af27beafc01cfb1920a23e632c05e858883a28efd9bbf94df3dfdba455fde261","Frozen derived cache; TWh/year -> MWh; raw/calorific provenance still pending","PENDING_ACCEPTED_COUNTRY_NODE_WEIGHTS","PENDING_ACCEPTED_SHAPE_AND_PHYSICAL_WEIGHTS","false","false","FIXED","MISSING","REPRESENTATION_ACCEPTED_NUMERIC_PENDING","Fixed final fuel; no useful-heat inference; cooking remains within original fuel. Coal not recast as electricity.; cache has no original R/S coal column; source recovery required","BN:2019:Buildings:ResidentialFuel:coal","ResidentialFuel","true","true","false","MISSING","BN:coal","false","false","BN/residential coal","Buildings","","","",""
"BN","2019","Buildings","ResidentialFuel","gas","DIRECT_FUEL","0.2333","TWh/year","233300.0","","ResidentialFuel","EXPLICIT","/home/jin/research/SGP_ESE5004_Stage2/pypsa-asean/resources/baseline-aims-3H-tutorial/energy_totals_base.csv","2019","af27beafc01cfb1920a23e632c05e858883a28efd9bbf94df3dfdba455fde261","Frozen derived cache; TWh/year -> MWh; raw/calorific provenance still pending","PENDING_ACCEPTED_COUNTRY_NODE_WEIGHTS","PENDING_ACCEPTED_SHAPE_AND_PHYSICAL_WEIGHTS","false","false","FIXED","FROZEN_UPSTREAM","REPRESENTATION_ACCEPTED_NUMERIC_PENDING","Fixed final fuel; no useful-heat inference; cooking remains within original fuel. Coal not recast as electricity.","BN:2019:Buildings:ResidentialFuel:gas","ResidentialFuel","true","true","false","POSITIVE_CACHE_VALUE","BN:gas","false","false","BN/residential gas","Buildings","","","",""
"BN","2019","Buildings","ResidentialFuel","oil","DIRECT_FUEL","0.2261","TWh/year","226100.0","","ResidentialFuel","EXPLICIT","/home/jin/research/SGP_ESE5004_Stage2/pypsa-asean/resources/baseline-aims-3H-tutorial/energy_totals_base.csv","2019","af27beafc01cfb1920a23e632c05e858883a28efd9bbf94df3dfdba455fde261","Frozen derived cache; TWh/year -> MWh; raw/calorific provenance still pending","PENDING_ACCEPTED_COUNTRY_NODE_WEIGHTS","PENDING_ACCEPTED_SHAPE_AND_PHYSICAL_WEIGHTS","false","false","FIXED","FROZEN_UPSTREAM","REPRESENTATION_ACCEPTED_NUMERIC_PENDING","Fixed final fuel; no useful-heat inference; cooking remains within original fuel. Coal not recast as electricity.","BN:2019:Buildings:ResidentialFuel:oil","ResidentialFuel","true","true","false","POSITIVE_CACHE_VALUE","BN:oil","false","false","BN/residential oil","Buildings","","","",""
"BN","2019","Buildings","ResidentialSpaceHeat","mixed","EMBEDDED","","","","ResidentialDirectEnergy","ResidentialSpaceHeat","EMBEDDED","","2019","","","PENDING_ACCEPTED_COUNTRY_NODE_WEIGHTS","PENDING_ACCEPTED_SHAPE_AND_PHYSICAL_WEIGHTS","false","false","FIXED","EMBEDDED","REPRESENTATION_ACCEPTED_VALUES_NOT_DEFINED","No additional service obligation. Existing final electricity/fuel keeps ownership. Cooking is not space/water heat.","BN:2019:Buildings:ResidentialSpaceHeat:mixed","Astar_and_original_fuels","false","false","false","MISSING","BN:mixed","false","false","","Buildings","","","",""
"BN","2019","Buildings","ResidentialWaterHeat","mixed","EMBEDDED","","","","ResidentialDirectEnergy","ResidentialWaterHeat","EMBEDDED","","2019","","","PENDING_ACCEPTED_COUNTRY_NODE_WEIGHTS","PENDING_ACCEPTED_SHAPE_AND_PHYSICAL_WEIGHTS","false","false","FIXED","EMBEDDED","REPRESENTATION_ACCEPTED_VALUES_NOT_DEFINED","No additional service obligation. Existing final electricity/fuel keeps ownership. Cooking is not space/water heat.","BN:2019:Buildings:ResidentialWaterHeat:mixed","Astar_and_original_fuels","false","false","false","MISSING","BN:mixed","false","false","","Buildings","","","",""
"BN","2019","Buildings","ServicesCooking","mixed","EMBEDDED","","","","ServicesDirectEnergy","ServicesCooking","EMBEDDED","","2019","","","PENDING_ACCEPTED_COUNTRY_NODE_WEIGHTS","PENDING_ACCEPTED_SHAPE_AND_PHYSICAL_WEIGHTS","false","false","FIXED","EMBEDDED","REPRESENTATION_ACCEPTED_VALUES_NOT_DEFINED","No additional service obligation. Existing final electricity/fuel keeps ownership. Cooking is not space/water heat.","BN:2019:Buildings:ServicesCooking:mixed","Astar_and_original_fuels","false","false","false","MISSING","BN:mixed","false","false","","Buildings","","","",""
"BN","2019","Buildings","ServicesCooling","electricity","EMBEDDED","","","","ServicesDirectEnergy","ServicesCooling","EMBEDDED","","2019","","","PENDING_ACCEPTED_COUNTRY_NODE_WEIGHTS","PENDING_ACCEPTED_SHAPE_AND_PHYSICAL_WEIGHTS","true","false","FIXED","EMBEDDED","REPRESENTATION_ACCEPTED_VALUES_NOT_DEFINED","No additional service obligation. Existing final electricity/fuel keeps ownership. Cooking is not space/water heat.","BN:2019:Buildings:ServicesCooling:electricity","Astar_and_original_fuels","false","false","false","MISSING","BN:electricity","false","false","","Buildings","","","",""
"BN","2019","Buildings","ServicesDirectElectricity","electricity","DIRECT_ELECTRICITY","1868.292","Kilowatt-hours, million","1868292.0","Astar","ServicesDirectElectricity","EMBEDDED","/home/jin/research/SGP_ESE5004_Stage2/pypsa-asean/data/demand/unsd/data/UNdata_Export_20250502_110820872.txt","2019","12c99b3c40927449d9a4d0402f255a8b84b24917ff58e54efd4ec43b2125fe6b","Exact raw transaction; million kWh * 1000 = MWh; no losses or AEO scaling","PENDING_ACCEPTED_COUNTRY_NODE_WEIGHTS","PENDING_ACCEPTED_SHAPE_AND_PHYSICAL_WEIGHTS","true","false","FIXED","PENDING","REPRESENTATION_ACCEPTED_NUMERIC_PENDING","Separate R/S identity retained in Astar; no second electricity Load; numeric decomposition is unaccepted","BN:2019:Buildings:ServicesDirectElectricity:electricity","Astar","false","false","false","REPORTED_VALUE","BN:electricity","false","false","Consumption by commercial and public services; physical line end 13176","Buildings","","","",""
"BN","2019","Buildings","ServicesFuel","biomass","DIRECT_FUEL","0","TWh/year","","","ServicesFuel","EXPLICIT","/home/jin/research/SGP_ESE5004_Stage2/pypsa-asean/resources/baseline-aims-3H-tutorial/energy_totals_base.csv","2019","af27beafc01cfb1920a23e632c05e858883a28efd9bbf94df3dfdba455fde261","Frozen derived cache; TWh/year -> MWh; raw/calorific provenance still pending","PENDING_ACCEPTED_COUNTRY_NODE_WEIGHTS","PENDING_ACCEPTED_SHAPE_AND_PHYSICAL_WEIGHTS","false","false","FIXED","MISSING","REPRESENTATION_ACCEPTED_NUMERIC_PENDING","Fixed final fuel; no useful-heat inference; cooking remains within original fuel. Coal not recast as electricity.; cache zero has no certified raw-zero evidence","BN:2019:Buildings:ServicesFuel:biomass","ServicesFuel","true","true","false","CACHE_ZERO_UNVERIFIED","BN:biomass","false","false","BN/services biomass","Buildings","","","",""
"BN","2019","Buildings","ServicesFuel","coal","DIRECT_FUEL","","TWh/year","","","ServicesFuel","EXPLICIT","/home/jin/research/SGP_ESE5004_Stage2/pypsa-asean/resources/baseline-aims-3H-tutorial/energy_totals_base.csv","2019","af27beafc01cfb1920a23e632c05e858883a28efd9bbf94df3dfdba455fde261","Frozen derived cache; TWh/year -> MWh; raw/calorific provenance still pending","PENDING_ACCEPTED_COUNTRY_NODE_WEIGHTS","PENDING_ACCEPTED_SHAPE_AND_PHYSICAL_WEIGHTS","false","false","FIXED","MISSING","REPRESENTATION_ACCEPTED_NUMERIC_PENDING","Fixed final fuel; no useful-heat inference; cooking remains within original fuel. Coal not recast as electricity.; cache has no original R/S coal column; source recovery required","BN:2019:Buildings:ServicesFuel:coal","ServicesFuel","true","true","false","MISSING","BN:coal","false","false","BN/services coal","Buildings","","","",""
"BN","2019","Buildings","ServicesFuel","gas","DIRECT_FUEL","0","TWh/year","","","ServicesFuel","EXPLICIT","/home/jin/research/SGP_ESE5004_Stage2/pypsa-asean/resources/baseline-aims-3H-tutorial/energy_totals_base.csv","2019","af27beafc01cfb1920a23e632c05e858883a28efd9bbf94df3dfdba455fde261","Frozen derived cache; TWh/year -> MWh; raw/calorific provenance still pending","PENDING_ACCEPTED_COUNTRY_NODE_WEIGHTS","PENDING_ACCEPTED_SHAPE_AND_PHYSICAL_WEIGHTS","false","false","FIXED","MISSING","REPRESENTATION_ACCEPTED_NUMERIC_PENDING","Fixed final fuel; no useful-heat inference; cooking remains within original fuel. Coal not recast as electricity.; cache zero has no certified raw-zero evidence","BN:2019:Buildings:ServicesFuel:gas","ServicesFuel","true","true","false","CACHE_ZERO_UNVERIFIED","BN:gas","false","false","BN/services gas","Buildings","","","",""
"BN","2019","Buildings","ServicesFuel","oil","DIRECT_FUEL","0","TWh/year","","","ServicesFuel","EXPLICIT","/home/jin/research/SGP_ESE5004_Stage2/pypsa-asean/resources/baseline-aims-3H-tutorial/energy_totals_base.csv","2019","af27beafc01cfb1920a23e632c05e858883a28efd9bbf94df3dfdba455fde261","Frozen derived cache; TWh/year -> MWh; raw/calorific provenance still pending","PENDING_ACCEPTED_COUNTRY_NODE_WEIGHTS","PENDING_ACCEPTED_SHAPE_AND_PHYSICAL_WEIGHTS","false","false","FIXED","MISSING","REPRESENTATION_ACCEPTED_NUMERIC_PENDING","Fixed final fuel; no useful-heat inference; cooking remains within original fuel. Coal not recast as electricity.; cache zero has no certified raw-zero evidence","BN:2019:Buildings:ServicesFuel:oil","ServicesFuel","true","true","false","CACHE_ZERO_UNVERIFIED","BN:oil","false","false","BN/services oil","Buildings","","","",""
"BN","2019","Buildings","ServicesSpaceHeat","mixed","EMBEDDED","","","","ServicesDirectEnergy","ServicesSpaceHeat","EMBEDDED","","2019","","","PENDING_ACCEPTED_COUNTRY_NODE_WEIGHTS","PENDING_ACCEPTED_SHAPE_AND_PHYSICAL_WEIGHTS","false","false","FIXED","EMBEDDED","REPRESENTATION_ACCEPTED_VALUES_NOT_DEFINED","No additional service obligation. Existing final electricity/fuel keeps ownership. Cooking is not space/water heat.","BN:2019:Buildings:ServicesSpaceHeat:mixed","Astar_and_original_fuels","false","false","false","MISSING","BN:mixed","false","false","","Buildings","","","",""
"BN","2019","Buildings","ServicesWaterHeat","mixed","EMBEDDED","","","","ServicesDirectEnergy","ServicesWaterHeat","EMBEDDED","","2019","","","PENDING_ACCEPTED_COUNTRY_NODE_WEIGHTS","PENDING_ACCEPTED_SHAPE_AND_PHYSICAL_WEIGHTS","false","false","FIXED","EMBEDDED","REPRESENTATION_ACCEPTED_VALUES_NOT_DEFINED","No additional service obligation. Existing final electricity/fuel keeps ownership. Cooking is not space/water heat.","BN:2019:Buildings:ServicesWaterHeat:mixed","Astar_and_original_fuels","false","false","false","MISSING","BN:mixed","false","false","","Buildings","","","",""
"BN","2030","Buildings","ResidentialDirectElectricity","electricity","DIRECT_ELECTRICITY","","","","Astar","ResidentialDirectElectricity","EMBEDDED","","2019","","","PENDING_ACCEPTED_COUNTRY_NODE_WEIGHTS","PENDING_ACCEPTED_SHAPE_AND_PHYSICAL_WEIGHTS","true","false","FIXED","PENDING","REPRESENTATION_ACCEPTED_NUMERIC_PENDING","PENDING_FUTURE_GROWTH; separate R/S decomposition remains optional inside Astar","BN:2030:Buildings:ResidentialDirectElectricity:electricity","Astar","false","false","false","MISSING","BN:electricity","false","false","","Buildings","","","",""
"BN","2030","Buildings","ResidentialFuel","biomass","DIRECT_FUEL","","","","","ResidentialFuel","EXPLICIT","","2019","","","PENDING_ACCEPTED_COUNTRY_NODE_WEIGHTS","PENDING_ACCEPTED_SHAPE_AND_PHYSICAL_WEIGHTS","false","false","FIXED","PENDING","REPRESENTATION_ACCEPTED_NUMERIC_PENDING","PENDING_FUTURE_GROWTH; no default growth or heat conversion","BN:2030:Buildings:ResidentialFuel:biomass","ResidentialFuel","true","true","false","MISSING","BN:biomass","false","false","","Buildings","","","",""
"BN","2030","Buildings","ResidentialFuel","coal","DIRECT_FUEL","","","","","ResidentialFuel","EXPLICIT","","2019","","","PENDING_ACCEPTED_COUNTRY_NODE_WEIGHTS","PENDING_ACCEPTED_SHAPE_AND_PHYSICAL_WEIGHTS","false","false","FIXED","PENDING","REPRESENTATION_ACCEPTED_NUMERIC_PENDING","PENDING_FUTURE_GROWTH; no default growth or heat conversion","BN:2030:Buildings:ResidentialFuel:coal","ResidentialFuel","true","true","false","MISSING","BN:coal","false","false","","Buildings","","","",""
"BN","2030","Buildings","ResidentialFuel","gas","DIRECT_FUEL","","","","","ResidentialFuel","EXPLICIT","","2019","","","PENDING_ACCEPTED_COUNTRY_NODE_WEIGHTS","PENDING_ACCEPTED_SHAPE_AND_PHYSICAL_WEIGHTS","false","false","FIXED","PENDING","REPRESENTATION_ACCEPTED_NUMERIC_PENDING","PENDING_FUTURE_GROWTH; no default growth or heat conversion","BN:2030:Buildings:ResidentialFuel:gas","ResidentialFuel","true","true","false","MISSING","BN:gas","false","false","","Buildings","","","",""
"BN","2030","Buildings","ResidentialFuel","oil","DIRECT_FUEL","","","","","ResidentialFuel","EXPLICIT","","2019","","","PENDING_ACCEPTED_COUNTRY_NODE_WEIGHTS","PENDING_ACCEPTED_SHAPE_AND_PHYSICAL_WEIGHTS","false","false","FIXED","PENDING","REPRESENTATION_ACCEPTED_NUMERIC_PENDING","PENDING_FUTURE_GROWTH; no default growth or heat conversion","BN:2030:Buildings:ResidentialFuel:oil","ResidentialFuel","true","true","false","MISSING","BN:oil","false","false","","Buildings","","","",""
"BN","2030","Buildings","ServicesDirectElectricity","electricity","DIRECT_ELECTRICITY","","","","Astar","ServicesDirectElectricity","EMBEDDED","","2019","","","PENDING_ACCEPTED_COUNTRY_NODE_WEIGHTS","PENDING_ACCEPTED_SHAPE_AND_PHYSICAL_WEIGHTS","true","false","FIXED","PENDING","REPRESENTATION_ACCEPTED_NUMERIC_PENDING","PENDING_FUTURE_GROWTH; separate R/S decomposition remains optional inside Astar","BN:2030:Buildings:ServicesDirectElectricity:electricity","Astar","false","false","false","MISSING","BN:electricity","false","false","","Buildings","","","",""
"BN","2030","Buildings","ServicesFuel","biomass","DIRECT_FUEL","","","","","ServicesFuel","EXPLICIT","","2019","","","PENDING_ACCEPTED_COUNTRY_NODE_WEIGHTS","PENDING_ACCEPTED_SHAPE_AND_PHYSICAL_WEIGHTS","false","false","FIXED","PENDING","REPRESENTATION_ACCEPTED_NUMERIC_PENDING","PENDING_FUTURE_GROWTH; no default growth or heat conversion","BN:2030:Buildings:ServicesFuel:biomass","ServicesFuel","true","true","false","MISSING","BN:biomass","false","false","","Buildings","","","",""
"BN","2030","Buildings","ServicesFuel","coal","DIRECT_FUEL","","","","","ServicesFuel","EXPLICIT","","2019","","","PENDING_ACCEPTED_COUNTRY_NODE_WEIGHTS","PENDING_ACCEPTED_SHAPE_AND_PHYSICAL_WEIGHTS","false","false","FIXED","PENDING","REPRESENTATION_ACCEPTED_NUMERIC_PENDING","PENDING_FUTURE_GROWTH; no default growth or heat conversion","BN:2030:Buildings:ServicesFuel:coal","ServicesFuel","true","true","false","MISSING","BN:coal","false","false","","Buildings","","","",""
"BN","2030","Buildings","ServicesFuel","gas","DIRECT_FUEL","","","","","ServicesFuel","EXPLICIT","","2019","","","PENDING_ACCEPTED_COUNTRY_NODE_WEIGHTS","PENDING_ACCEPTED_SHAPE_AND_PHYSICAL_WEIGHTS","false","false","FIXED","PENDING","REPRESENTATION_ACCEPTED_NUMERIC_PENDING","PENDING_FUTURE_GROWTH; no default growth or heat conversion","BN:2030:Buildings:ServicesFuel:gas","ServicesFuel","true","true","false","MISSING","BN:gas","false","false","","Buildings","","","",""
"BN","2030","Buildings","ServicesFuel","oil","DIRECT_FUEL","","","","","ServicesFuel","EXPLICIT","","2019","","","PENDING_ACCEPTED_COUNTRY_NODE_WEIGHTS","PENDING_ACCEPTED_SHAPE_AND_PHYSICAL_WEIGHTS","false","false","FIXED","PENDING","REPRESENTATION_ACCEPTED_NUMERIC_PENDING","PENDING_FUTURE_GROWTH; no default growth or heat conversion","BN:2030:Buildings:ServicesFuel:oil","ServicesFuel","true","true","false","MISSING","BN:oil","false","false","","Buildings","","","",""
"BN","2040","Buildings","ResidentialDirectElectricity","electricity","DIRECT_ELECTRICITY","","","","Astar","ResidentialDirectElectricity","EMBEDDED","","2019","","","PENDING_ACCEPTED_COUNTRY_NODE_WEIGHTS","PENDING_ACCEPTED_SHAPE_AND_PHYSICAL_WEIGHTS","true","false","FIXED","PENDING","REPRESENTATION_ACCEPTED_NUMERIC_PENDING","PENDING_FUTURE_GROWTH; separate R/S decomposition remains optional inside Astar","BN:2040:Buildings:ResidentialDirectElectricity:electricity","Astar","false","false","false","MISSING","BN:electricity","false","false","","Buildings","","","",""
"BN","2040","Buildings","ResidentialFuel","biomass","DIRECT_FUEL","","","","","ResidentialFuel","EXPLICIT","","2019","","","PENDING_ACCEPTED_COUNTRY_NODE_WEIGHTS","PENDING_ACCEPTED_SHAPE_AND_PHYSICAL_WEIGHTS","false","false","FIXED","PENDING","REPRESENTATION_ACCEPTED_NUMERIC_PENDING","PENDING_FUTURE_GROWTH; no default growth or heat conversion","BN:2040:Buildings:ResidentialFuel:biomass","ResidentialFuel","true","true","false","MISSING","BN:biomass","false","false","","Buildings","","","",""
"BN","2040","Buildings","ResidentialFuel","coal","DIRECT_FUEL","","","","","ResidentialFuel","EXPLICIT","","2019","","","PENDING_ACCEPTED_COUNTRY_NODE_WEIGHTS","PENDING_ACCEPTED_SHAPE_AND_PHYSICAL_WEIGHTS","false","false","FIXED","PENDING","REPRESENTATION_ACCEPTED_NUMERIC_PENDING","PENDING_FUTURE_GROWTH; no default growth or heat conversion","BN:2040:Buildings:ResidentialFuel:coal","ResidentialFuel","true","true","false","MISSING","BN:coal","false","false","","Buildings","","","",""
"BN","2040","Buildings","ResidentialFuel","gas","DIRECT_FUEL","","","","","ResidentialFuel","EXPLICIT","","2019","","","PENDING_ACCEPTED_COUNTRY_NODE_WEIGHTS","PENDING_ACCEPTED_SHAPE_AND_PHYSICAL_WEIGHTS","false","false","FIXED","PENDING","REPRESENTATION_ACCEPTED_NUMERIC_PENDING","PENDING_FUTURE_GROWTH; no default growth or heat conversion","BN:2040:Buildings:ResidentialFuel:gas","ResidentialFuel","true","true","false","MISSING","BN:gas","false","false","","Buildings","","","",""
"BN","2040","Buildings","ResidentialFuel","oil","DIRECT_FUEL","","","","","ResidentialFuel","EXPLICIT","","2019","","","PENDING_ACCEPTED_COUNTRY_NODE_WEIGHTS","PENDING_ACCEPTED_SHAPE_AND_PHYSICAL_WEIGHTS","false","false","FIXED","PENDING","REPRESENTATION_ACCEPTED_NUMERIC_PENDING","PENDING_FUTURE_GROWTH; no default growth or heat conversion","BN:2040:Buildings:ResidentialFuel:oil","ResidentialFuel","true","true","false","MISSING","BN:oil","false","false","","Buildings","","","",""
"BN","2040","Buildings","ServicesDirectElectricity","electricity","DIRECT_ELECTRICITY","","","","Astar","ServicesDirectElectricity","EMBEDDED","","2019","","","PENDING_ACCEPTED_COUNTRY_NODE_WEIGHTS","PENDING_ACCEPTED_SHAPE_AND_PHYSICAL_WEIGHTS","true","false","FIXED","PENDING","REPRESENTATION_ACCEPTED_NUMERIC_PENDING","PENDING_FUTURE_GROWTH; separate R/S decomposition remains optional inside Astar","BN:2040:Buildings:ServicesDirectElectricity:electricity","Astar","false","false","false","MISSING","BN:electricity","false","false","","Buildings","","","",""
"BN","2040","Buildings","ServicesFuel","biomass","DIRECT_FUEL","","","","","ServicesFuel","EXPLICIT","","2019","","","PENDING_ACCEPTED_COUNTRY_NODE_WEIGHTS","PENDING_ACCEPTED_SHAPE_AND_PHYSICAL_WEIGHTS","false","false","FIXED","PENDING","REPRESENTATION_ACCEPTED_NUMERIC_PENDING","PENDING_FUTURE_GROWTH; no default growth or heat conversion","BN:2040:Buildings:ServicesFuel:biomass","ServicesFuel","true","true","false","MISSING","BN:biomass","false","false","","Buildings","","","",""
"BN","2040","Buildings","ServicesFuel","coal","DIRECT_FUEL","","","","","ServicesFuel","EXPLICIT","","2019","","","PENDING_ACCEPTED_COUNTRY_NODE_WEIGHTS","PENDING_ACCEPTED_SHAPE_AND_PHYSICAL_WEIGHTS","false","false","FIXED","PENDING","REPRESENTATION_ACCEPTED_NUMERIC_PENDING","PENDING_FUTURE_GROWTH; no default growth or heat conversion","BN:2040:Buildings:ServicesFuel:coal","ServicesFuel","true","true","false","MISSING","BN:coal","false","false","","Buildings","","","",""
"BN","2040","Buildings","ServicesFuel","gas","DIRECT_FUEL","","","","","ServicesFuel","EXPLICIT","","2019","","","PENDING_ACCEPTED_COUNTRY_NODE_WEIGHTS","PENDING_ACCEPTED_SHAPE_AND_PHYSICAL_WEIGHTS","false","false","FIXED","PENDING","REPRESENTATION_ACCEPTED_NUMERIC_PENDING","PENDING_FUTURE_GROWTH; no default growth or heat conversion","BN:2040:Buildings:ServicesFuel:gas","ServicesFuel","true","true","false","MISSING","BN:gas","false","false","","Buildings","","","",""
"BN","2040","Buildings","ServicesFuel","oil","DIRECT_FUEL","","","","","ServicesFuel","EXPLICIT","","2019","","","PENDING_ACCEPTED_COUNTRY_NODE_WEIGHTS","PENDING_ACCEPTED_SHAPE_AND_PHYSICAL_WEIGHTS","false","false","FIXED","PENDING","REPRESENTATION_ACCEPTED_NUMERIC_PENDING","PENDING_FUTURE_GROWTH; no default growth or heat conversion","BN:2040:Buildings:ServicesFuel:oil","ServicesFuel","true","true","false","MISSING","BN:oil","false","false","","Buildings","","","",""
"BN","2050","Buildings","ResidentialDirectElectricity","electricity","DIRECT_ELECTRICITY","","","","Astar","ResidentialDirectElectricity","EMBEDDED","","2019","","","PENDING_ACCEPTED_COUNTRY_NODE_WEIGHTS","PENDING_ACCEPTED_SHAPE_AND_PHYSICAL_WEIGHTS","true","false","FIXED","PENDING","REPRESENTATION_ACCEPTED_NUMERIC_PENDING","PENDING_FUTURE_GROWTH; separate R/S decomposition remains optional inside Astar","BN:2050:Buildings:ResidentialDirectElectricity:electricity","Astar","false","false","false","MISSING","BN:electricity","false","false","","Buildings","","","",""
"BN","2050","Buildings","ResidentialFuel","biomass","DIRECT_FUEL","","","","","ResidentialFuel","EXPLICIT","","2019","","","PENDING_ACCEPTED_COUNTRY_NODE_WEIGHTS","PENDING_ACCEPTED_SHAPE_AND_PHYSICAL_WEIGHTS","false","false","FIXED","PENDING","REPRESENTATION_ACCEPTED_NUMERIC_PENDING","PENDING_FUTURE_GROWTH; no default growth or heat conversion","BN:2050:Buildings:ResidentialFuel:biomass","ResidentialFuel","true","true","false","MISSING","BN:biomass","false","false","","Buildings","","","",""
"BN","2050","Buildings","ResidentialFuel","coal","DIRECT_FUEL","","","","","ResidentialFuel","EXPLICIT","","2019","","","PENDING_ACCEPTED_COUNTRY_NODE_WEIGHTS","PENDING_ACCEPTED_SHAPE_AND_PHYSICAL_WEIGHTS","false","false","FIXED","PENDING","REPRESENTATION_ACCEPTED_NUMERIC_PENDING","PENDING_FUTURE_GROWTH; no default growth or heat conversion","BN:2050:Buildings:ResidentialFuel:coal","ResidentialFuel","true","true","false","MISSING","BN:coal","false","false","","Buildings","","","",""
"BN","2050","Buildings","ResidentialFuel","gas","DIRECT_FUEL","","","","","ResidentialFuel","EXPLICIT","","2019","","","PENDING_ACCEPTED_COUNTRY_NODE_WEIGHTS","PENDING_ACCEPTED_SHAPE_AND_PHYSICAL_WEIGHTS","false","false","FIXED","PENDING","REPRESENTATION_ACCEPTED_NUMERIC_PENDING","PENDING_FUTURE_GROWTH; no default growth or heat conversion","BN:2050:Buildings:ResidentialFuel:gas","ResidentialFuel","true","true","false","MISSING","BN:gas","false","false","","Buildings","","","",""
"BN","2050","Buildings","ResidentialFuel","oil","DIRECT_FUEL","","","","","ResidentialFuel","EXPLICIT","","2019","","","PENDING_ACCEPTED_COUNTRY_NODE_WEIGHTS","PENDING_ACCEPTED_SHAPE_AND_PHYSICAL_WEIGHTS","false","false","FIXED","PENDING","REPRESENTATION_ACCEPTED_NUMERIC_PENDING","PENDING_FUTURE_GROWTH; no default growth or heat conversion","BN:2050:Buildings:ResidentialFuel:oil","ResidentialFuel","true","true","false","MISSING","BN:oil","false","false","","Buildings","","","",""
"BN","2050","Buildings","ServicesDirectElectricity","electricity","DIRECT_ELECTRICITY","","","","Astar","ServicesDirectElectricity","EMBEDDED","","2019","","","PENDING_ACCEPTED_COUNTRY_NODE_WEIGHTS","PENDING_ACCEPTED_SHAPE_AND_PHYSICAL_WEIGHTS","true","false","FIXED","PENDING","REPRESENTATION_ACCEPTED_NUMERIC_PENDING","PENDING_FUTURE_GROWTH; separate R/S decomposition remains optional inside Astar","BN:2050:Buildings:ServicesDirectElectricity:electricity","Astar","false","false","false","MISSING","BN:electricity","false","false","","Buildings","","","",""
"BN","2050","Buildings","ServicesFuel","biomass","DIRECT_FUEL","","","","","ServicesFuel","EXPLICIT","","2019","","","PENDING_ACCEPTED_COUNTRY_NODE_WEIGHTS","PENDING_ACCEPTED_SHAPE_AND_PHYSICAL_WEIGHTS","false","false","FIXED","PENDING","REPRESENTATION_ACCEPTED_NUMERIC_PENDING","PENDING_FUTURE_GROWTH; no default growth or heat conversion","BN:2050:Buildings:ServicesFuel:biomass","ServicesFuel","true","true","false","MISSING","BN:biomass","false","false","","Buildings","","","",""
"BN","2050","Buildings","ServicesFuel","coal","DIRECT_FUEL","","","","","ServicesFuel","EXPLICIT","","2019","","","PENDING_ACCEPTED_COUNTRY_NODE_WEIGHTS","PENDING_ACCEPTED_SHAPE_AND_PHYSICAL_WEIGHTS","false","false","FIXED","PENDING","REPRESENTATION_ACCEPTED_NUMERIC_PENDING","PENDING_FUTURE_GROWTH; no default growth or heat conversion","BN:2050:Buildings:ServicesFuel:coal","ServicesFuel","true","true","false","MISSING","BN:coal","false","false","","Buildings","","","",""
"BN","2050","Buildings","ServicesFuel","gas","DIRECT_FUEL","","","","","ServicesFuel","EXPLICIT","","2019","","","PENDING_ACCEPTED_COUNTRY_NODE_WEIGHTS","PENDING_ACCEPTED_SHAPE_AND_PHYSICAL_WEIGHTS","false","false","FIXED","PENDING","REPRESENTATION_ACCEPTED_NUMERIC_PENDING","PENDING_FUTURE_GROWTH; no default growth or heat conversion","BN:2050:Buildings:ServicesFuel:gas","ServicesFuel","true","true","false","MISSING","BN:gas","false","false","","Buildings","","","",""
"BN","2050","Buildings","ServicesFuel","oil","DIRECT_FUEL","","","","","ServicesFuel","EXPLICIT","","2019","","","PENDING_ACCEPTED_COUNTRY_NODE_WEIGHTS","PENDING_ACCEPTED_SHAPE_AND_PHYSICAL_WEIGHTS","false","false","FIXED","PENDING","REPRESENTATION_ACCEPTED_NUMERIC_PENDING","PENDING_FUTURE_GROWTH; no default growth or heat conversion","BN:2050:Buildings:ServicesFuel:oil","ServicesFuel","true","true","false","MISSING","BN:oil","false","false","","Buildings","","","",""
"ID","2019","Buildings","ResidentialCooking","mixed","EMBEDDED","","","","ResidentialDirectEnergy","ResidentialCooking","EMBEDDED","","2019","","","PENDING_ACCEPTED_COUNTRY_NODE_WEIGHTS","PENDING_ACCEPTED_SHAPE_AND_PHYSICAL_WEIGHTS","false","false","FIXED","EMBEDDED","REPRESENTATION_ACCEPTED_VALUES_NOT_DEFINED","No additional service obligation. Existing final electricity/fuel keeps ownership. Cooking is not space/water heat.","ID:2019:Buildings:ResidentialCooking:mixed","Astar_and_original_fuels","false","false","false","MISSING","ID:mixed","false","false","","Buildings","","","",""
"ID","2019","Buildings","ResidentialCooling","electricity","EMBEDDED","","","","ResidentialDirectEnergy","ResidentialCooling","EMBEDDED","","2019","","","PENDING_ACCEPTED_COUNTRY_NODE_WEIGHTS","PENDING_ACCEPTED_SHAPE_AND_PHYSICAL_WEIGHTS","true","false","FIXED","EMBEDDED","REPRESENTATION_ACCEPTED_VALUES_NOT_DEFINED","No additional service obligation. Existing final electricity/fuel keeps ownership. Cooking is not space/water heat.","ID:2019:Buildings:ResidentialCooling:electricity","Astar_and_original_fuels","false","false","false","MISSING","ID:electricity","false","false","","Buildings","","","",""
"ID","2019","Buildings","ResidentialDirectElectricity","electricity","DIRECT_ELECTRICITY","104714","Kilowatt-hours, million","104714000.0","Astar","ResidentialDirectElectricity","EMBEDDED","/home/jin/research/SGP_ESE5004_Stage2/pypsa-asean/data/demand/unsd/data/UNdata_Export_20250502_110820872.txt","2019","12c99b3c40927449d9a4d0402f255a8b84b24917ff58e54efd4ec43b2125fe6b","Exact raw transaction; million kWh * 1000 = MWh; no losses or AEO scaling","PENDING_ACCEPTED_COUNTRY_NODE_WEIGHTS","PENDING_ACCEPTED_SHAPE_AND_PHYSICAL_WEIGHTS","true","false","FIXED","PENDING","REPRESENTATION_ACCEPTED_NUMERIC_PENDING","Separate R/S identity retained in Astar; no second electricity Load; numeric decomposition is unaccepted","ID:2019:Buildings:ResidentialDirectElectricity:electricity","Astar","false","false","false","REPORTED_VALUE","ID:electricity","false","false","Consumption by households; physical line end 41814","Buildings","","","",""
"ID","2019","Buildings","ResidentialFuel","biomass","DIRECT_FUEL","85.6952","TWh/year","85695200.0","","ResidentialFuel","EXPLICIT","/home/jin/research/SGP_ESE5004_Stage2/pypsa-asean/resources/baseline-aims-3H-tutorial/energy_totals_base.csv","2019","af27beafc01cfb1920a23e632c05e858883a28efd9bbf94df3dfdba455fde261","Frozen derived cache; TWh/year -> MWh; raw/calorific provenance still pending","PENDING_ACCEPTED_COUNTRY_NODE_WEIGHTS","PENDING_ACCEPTED_SHAPE_AND_PHYSICAL_WEIGHTS","false","false","FIXED","FROZEN_UPSTREAM","REPRESENTATION_ACCEPTED_NUMERIC_PENDING","Fixed final fuel; no useful-heat inference; cooking remains within original fuel. Coal not recast as electricity.","ID:2019:Buildings:ResidentialFuel:biomass","ResidentialFuel","true","true","false","POSITIVE_CACHE_VALUE","ID:biomass","false","false","ID/residential biomass","Buildings","","","",""
"ID","2019","Buildings","ResidentialFuel","coal","DIRECT_FUEL","","TWh/year","","","ResidentialFuel","EXPLICIT","/home/jin/research/SGP_ESE5004_Stage2/pypsa-asean/resources/baseline-aims-3H-tutorial/energy_totals_base.csv","2019","af27beafc01cfb1920a23e632c05e858883a28efd9bbf94df3dfdba455fde261","Frozen derived cache; TWh/year -> MWh; raw/calorific provenance still pending","PENDING_ACCEPTED_COUNTRY_NODE_WEIGHTS","PENDING_ACCEPTED_SHAPE_AND_PHYSICAL_WEIGHTS","false","false","FIXED","MISSING","REPRESENTATION_ACCEPTED_NUMERIC_PENDING","Fixed final fuel; no useful-heat inference; cooking remains within original fuel. Coal not recast as electricity.; cache has no original R/S coal column; source recovery required","ID:2019:Buildings:ResidentialFuel:coal","ResidentialFuel","true","true","false","MISSING","ID:coal","false","false","ID/residential coal","Buildings","","","",""
"ID","2019","Buildings","ResidentialFuel","gas","DIRECT_FUEL","0.2417","TWh/year","241700.0","","ResidentialFuel","EXPLICIT","/home/jin/research/SGP_ESE5004_Stage2/pypsa-asean/resources/baseline-aims-3H-tutorial/energy_totals_base.csv","2019","af27beafc01cfb1920a23e632c05e858883a28efd9bbf94df3dfdba455fde261","Frozen derived cache; TWh/year -> MWh; raw/calorific provenance still pending","PENDING_ACCEPTED_COUNTRY_NODE_WEIGHTS","PENDING_ACCEPTED_SHAPE_AND_PHYSICAL_WEIGHTS","false","false","FIXED","FROZEN_UPSTREAM","REPRESENTATION_ACCEPTED_NUMERIC_PENDING","Fixed final fuel; no useful-heat inference; cooking remains within original fuel. Coal not recast as electricity.","ID:2019:Buildings:ResidentialFuel:gas","ResidentialFuel","true","true","false","POSITIVE_CACHE_VALUE","ID:gas","false","false","ID/residential gas","Buildings","","","",""
"ID","2019","Buildings","ResidentialFuel","oil","DIRECT_FUEL","290.0345","TWh/year","290034500.0","","ResidentialFuel","EXPLICIT","/home/jin/research/SGP_ESE5004_Stage2/pypsa-asean/resources/baseline-aims-3H-tutorial/energy_totals_base.csv","2019","af27beafc01cfb1920a23e632c05e858883a28efd9bbf94df3dfdba455fde261","Frozen derived cache; TWh/year -> MWh; raw/calorific provenance still pending","PENDING_ACCEPTED_COUNTRY_NODE_WEIGHTS","PENDING_ACCEPTED_SHAPE_AND_PHYSICAL_WEIGHTS","false","false","FIXED","FROZEN_UPSTREAM","REPRESENTATION_ACCEPTED_NUMERIC_PENDING","Fixed final fuel; no useful-heat inference; cooking remains within original fuel. Coal not recast as electricity.","ID:2019:Buildings:ResidentialFuel:oil","ResidentialFuel","true","true","false","POSITIVE_CACHE_VALUE","ID:oil","false","false","ID/residential oil","Buildings","","","",""
"ID","2019","Buildings","ResidentialSpaceHeat","mixed","EMBEDDED","","","","ResidentialDirectEnergy","ResidentialSpaceHeat","EMBEDDED","","2019","","","PENDING_ACCEPTED_COUNTRY_NODE_WEIGHTS","PENDING_ACCEPTED_SHAPE_AND_PHYSICAL_WEIGHTS","false","false","FIXED","EMBEDDED","REPRESENTATION_ACCEPTED_VALUES_NOT_DEFINED","No additional service obligation. Existing final electricity/fuel keeps ownership. Cooking is not space/water heat.","ID:2019:Buildings:ResidentialSpaceHeat:mixed","Astar_and_original_fuels","false","false","false","MISSING","ID:mixed","false","false","","Buildings","","","",""
"ID","2019","Buildings","ResidentialWaterHeat","mixed","EMBEDDED","","","","ResidentialDirectEnergy","ResidentialWaterHeat","EMBEDDED","","2019","","","PENDING_ACCEPTED_COUNTRY_NODE_WEIGHTS","PENDING_ACCEPTED_SHAPE_AND_PHYSICAL_WEIGHTS","false","false","FIXED","EMBEDDED","REPRESENTATION_ACCEPTED_VALUES_NOT_DEFINED","No additional service obligation. Existing final electricity/fuel keeps ownership. Cooking is not space/water heat.","ID:2019:Buildings:ResidentialWaterHeat:mixed","Astar_and_original_fuels","false","false","false","MISSING","ID:mixed","false","false","","Buildings","","","",""
"ID","2019","Buildings","ServicesCooking","mixed","EMBEDDED","","","","ServicesDirectEnergy","ServicesCooking","EMBEDDED","","2019","","","PENDING_ACCEPTED_COUNTRY_NODE_WEIGHTS","PENDING_ACCEPTED_SHAPE_AND_PHYSICAL_WEIGHTS","false","false","FIXED","EMBEDDED","REPRESENTATION_ACCEPTED_VALUES_NOT_DEFINED","No additional service obligation. Existing final electricity/fuel keeps ownership. Cooking is not space/water heat.","ID:2019:Buildings:ServicesCooking:mixed","Astar_and_original_fuels","false","false","false","MISSING","ID:mixed","false","false","","Buildings","","","",""
"ID","2019","Buildings","ServicesCooling","electricity","EMBEDDED","","","","ServicesDirectEnergy","ServicesCooling","EMBEDDED","","2019","","","PENDING_ACCEPTED_COUNTRY_NODE_WEIGHTS","PENDING_ACCEPTED_SHAPE_AND_PHYSICAL_WEIGHTS","true","false","FIXED","EMBEDDED","REPRESENTATION_ACCEPTED_VALUES_NOT_DEFINED","No additional service obligation. Existing final electricity/fuel keeps ownership. Cooking is not space/water heat.","ID:2019:Buildings:ServicesCooling:electricity","Astar_and_original_fuels","false","false","false","MISSING","ID:electricity","false","false","","Buildings","","","",""
"ID","2019","Buildings","ServicesDirectElectricity","electricity","DIRECT_ELECTRICITY","64183","Kilowatt-hours, million","64183000.0","Astar","ServicesDirectElectricity","EMBEDDED","/home/jin/research/SGP_ESE5004_Stage2/pypsa-asean/data/demand/unsd/data/UNdata_Export_20250502_110820872.txt","2019","12c99b3c40927449d9a4d0402f255a8b84b24917ff58e54efd4ec43b2125fe6b","Exact raw transaction; million kWh * 1000 = MWh; no losses or AEO scaling","PENDING_ACCEPTED_COUNTRY_NODE_WEIGHTS","PENDING_ACCEPTED_SHAPE_AND_PHYSICAL_WEIGHTS","true","false","FIXED","PENDING","REPRESENTATION_ACCEPTED_NUMERIC_PENDING","Separate R/S identity retained in Astar; no second electricity Load; numeric decomposition is unaccepted","ID:2019:Buildings:ServicesDirectElectricity:electricity","Astar","false","false","false","REPORTED_VALUE","ID:electricity","false","false","Consumption by commercial and public services; physical line end 41843","Buildings","","","",""
"ID","2019","Buildings","ServicesFuel","biomass","DIRECT_FUEL","12.022","TWh/year","12022000.0","","ServicesFuel","EXPLICIT","/home/jin/research/SGP_ESE5004_Stage2/pypsa-asean/resources/baseline-aims-3H-tutorial/energy_totals_base.csv","2019","af27beafc01cfb1920a23e632c05e858883a28efd9bbf94df3dfdba455fde261","Frozen derived cache; TWh/year -> MWh; raw/calorific provenance still pending","PENDING_ACCEPTED_COUNTRY_NODE_WEIGHTS","PENDING_ACCEPTED_SHAPE_AND_PHYSICAL_WEIGHTS","false","false","FIXED","FROZEN_UPSTREAM","REPRESENTATION_ACCEPTED_NUMERIC_PENDING","Fixed final fuel; no useful-heat inference; cooking remains within original fuel. Coal not recast as electricity.","ID:2019:Buildings:ServicesFuel:biomass","ServicesFuel","true","true","false","POSITIVE_CACHE_VALUE","ID:biomass","false","false","ID/services biomass","Buildings","","","",""
"ID","2019","Buildings","ServicesFuel","coal","DIRECT_FUEL","","TWh/year","","","ServicesFuel","EXPLICIT","/home/jin/research/SGP_ESE5004_Stage2/pypsa-asean/resources/baseline-aims-3H-tutorial/energy_totals_base.csv","2019","af27beafc01cfb1920a23e632c05e858883a28efd9bbf94df3dfdba455fde261","Frozen derived cache; TWh/year -> MWh; raw/calorific provenance still pending","PENDING_ACCEPTED_COUNTRY_NODE_WEIGHTS","PENDING_ACCEPTED_SHAPE_AND_PHYSICAL_WEIGHTS","false","false","FIXED","MISSING","REPRESENTATION_ACCEPTED_NUMERIC_PENDING","Fixed final fuel; no useful-heat inference; cooking remains within original fuel. Coal not recast as electricity.; cache has no original R/S coal column; source recovery required","ID:2019:Buildings:ServicesFuel:coal","ServicesFuel","true","true","false","MISSING","ID:coal","false","false","ID/services coal","Buildings","","","",""
"ID","2019","Buildings","ServicesFuel","gas","DIRECT_FUEL","3.07","TWh/year","3070000.0","","ServicesFuel","EXPLICIT","/home/jin/research/SGP_ESE5004_Stage2/pypsa-asean/resources/baseline-aims-3H-tutorial/energy_totals_base.csv","2019","af27beafc01cfb1920a23e632c05e858883a28efd9bbf94df3dfdba455fde261","Frozen derived cache; TWh/year -> MWh; raw/calorific provenance still pending","PENDING_ACCEPTED_COUNTRY_NODE_WEIGHTS","PENDING_ACCEPTED_SHAPE_AND_PHYSICAL_WEIGHTS","false","false","FIXED","FROZEN_UPSTREAM","REPRESENTATION_ACCEPTED_NUMERIC_PENDING","Fixed final fuel; no useful-heat inference; cooking remains within original fuel. Coal not recast as electricity.","ID:2019:Buildings:ServicesFuel:gas","ServicesFuel","true","true","false","POSITIVE_CACHE_VALUE","ID:gas","false","false","ID/services gas","Buildings","","","",""
"ID","2019","Buildings","ServicesFuel","oil","DIRECT_FUEL","11.8392","TWh/year","11839200.0","","ServicesFuel","EXPLICIT","/home/jin/research/SGP_ESE5004_Stage2/pypsa-asean/resources/baseline-aims-3H-tutorial/energy_totals_base.csv","2019","af27beafc01cfb1920a23e632c05e858883a28efd9bbf94df3dfdba455fde261","Frozen derived cache; TWh/year -> MWh; raw/calorific provenance still pending","PENDING_ACCEPTED_COUNTRY_NODE_WEIGHTS","PENDING_ACCEPTED_SHAPE_AND_PHYSICAL_WEIGHTS","false","false","FIXED","FROZEN_UPSTREAM","REPRESENTATION_ACCEPTED_NUMERIC_PENDING","Fixed final fuel; no useful-heat inference; cooking remains within original fuel. Coal not recast as electricity.","ID:2019:Buildings:ServicesFuel:oil","ServicesFuel","true","true","false","POSITIVE_CACHE_VALUE","ID:oil","false","false","ID/services oil","Buildings","","","",""
"ID","2019","Buildings","ServicesSpaceHeat","mixed","EMBEDDED","","","","ServicesDirectEnergy","ServicesSpaceHeat","EMBEDDED","","2019","","","PENDING_ACCEPTED_COUNTRY_NODE_WEIGHTS","PENDING_ACCEPTED_SHAPE_AND_PHYSICAL_WEIGHTS","false","false","FIXED","EMBEDDED","REPRESENTATION_ACCEPTED_VALUES_NOT_DEFINED","No additional service obligation. Existing final electricity/fuel keeps ownership. Cooking is not space/water heat.","ID:2019:Buildings:ServicesSpaceHeat:mixed","Astar_and_original_fuels","false","false","false","MISSING","ID:mixed","false","false","","Buildings","","","",""
"ID","2019","Buildings","ServicesWaterHeat","mixed","EMBEDDED","","","","ServicesDirectEnergy","ServicesWaterHeat","EMBEDDED","","2019","","","PENDING_ACCEPTED_COUNTRY_NODE_WEIGHTS","PENDING_ACCEPTED_SHAPE_AND_PHYSICAL_WEIGHTS","false","false","FIXED","EMBEDDED","REPRESENTATION_ACCEPTED_VALUES_NOT_DEFINED","No additional service obligation. Existing final electricity/fuel keeps ownership. Cooking is not space/water heat.","ID:2019:Buildings:ServicesWaterHeat:mixed","Astar_and_original_fuels","false","false","false","MISSING","ID:mixed","false","false","","Buildings","","","",""
"ID","2030","Buildings","ResidentialDirectElectricity","electricity","DIRECT_ELECTRICITY","","","","Astar","ResidentialDirectElectricity","EMBEDDED","","2019","","","PENDING_ACCEPTED_COUNTRY_NODE_WEIGHTS","PENDING_ACCEPTED_SHAPE_AND_PHYSICAL_WEIGHTS","true","false","FIXED","PENDING","REPRESENTATION_ACCEPTED_NUMERIC_PENDING","PENDING_FUTURE_GROWTH; separate R/S decomposition remains optional inside Astar","ID:2030:Buildings:ResidentialDirectElectricity:electricity","Astar","false","false","false","MISSING","ID:electricity","false","false","","Buildings","","","",""
"ID","2030","Buildings","ResidentialFuel","biomass","DIRECT_FUEL","","","","","ResidentialFuel","EXPLICIT","","2019","","","PENDING_ACCEPTED_COUNTRY_NODE_WEIGHTS","PENDING_ACCEPTED_SHAPE_AND_PHYSICAL_WEIGHTS","false","false","FIXED","PENDING","REPRESENTATION_ACCEPTED_NUMERIC_PENDING","PENDING_FUTURE_GROWTH; no default growth or heat conversion","ID:2030:Buildings:ResidentialFuel:biomass","ResidentialFuel","true","true","false","MISSING","ID:biomass","false","false","","Buildings","","","",""
"ID","2030","Buildings","ResidentialFuel","coal","DIRECT_FUEL","","","","","ResidentialFuel","EXPLICIT","","2019","","","PENDING_ACCEPTED_COUNTRY_NODE_WEIGHTS","PENDING_ACCEPTED_SHAPE_AND_PHYSICAL_WEIGHTS","false","false","FIXED","PENDING","REPRESENTATION_ACCEPTED_NUMERIC_PENDING","PENDING_FUTURE_GROWTH; no default growth or heat conversion","ID:2030:Buildings:ResidentialFuel:coal","ResidentialFuel","true","true","false","MISSING","ID:coal","false","false","","Buildings","","","",""
"ID","2030","Buildings","ResidentialFuel","gas","DIRECT_FUEL","","","","","ResidentialFuel","EXPLICIT","","2019","","","PENDING_ACCEPTED_COUNTRY_NODE_WEIGHTS","PENDING_ACCEPTED_SHAPE_AND_PHYSICAL_WEIGHTS","false","false","FIXED","PENDING","REPRESENTATION_ACCEPTED_NUMERIC_PENDING","PENDING_FUTURE_GROWTH; no default growth or heat conversion","ID:2030:Buildings:ResidentialFuel:gas","ResidentialFuel","true","true","false","MISSING","ID:gas","false","false","","Buildings","","","",""
"ID","2030","Buildings","ResidentialFuel","oil","DIRECT_FUEL","","","","","ResidentialFuel","EXPLICIT","","2019","","","PENDING_ACCEPTED_COUNTRY_NODE_WEIGHTS","PENDING_ACCEPTED_SHAPE_AND_PHYSICAL_WEIGHTS","false","false","FIXED","PENDING","REPRESENTATION_ACCEPTED_NUMERIC_PENDING","PENDING_FUTURE_GROWTH; no default growth or heat conversion","ID:2030:Buildings:ResidentialFuel:oil","ResidentialFuel","true","true","false","MISSING","ID:oil","false","false","","Buildings","","","",""
"ID","2030","Buildings","ServicesDirectElectricity","electricity","DIRECT_ELECTRICITY","","","","Astar","ServicesDirectElectricity","EMBEDDED","","2019","","","PENDING_ACCEPTED_COUNTRY_NODE_WEIGHTS","PENDING_ACCEPTED_SHAPE_AND_PHYSICAL_WEIGHTS","true","false","FIXED","PENDING","REPRESENTATION_ACCEPTED_NUMERIC_PENDING","PENDING_FUTURE_GROWTH; separate R/S decomposition remains optional inside Astar","ID:2030:Buildings:ServicesDirectElectricity:electricity","Astar","false","false","false","MISSING","ID:electricity","false","false","","Buildings","","","",""
"ID","2030","Buildings","ServicesFuel","biomass","DIRECT_FUEL","","","","","ServicesFuel","EXPLICIT","","2019","","","PENDING_ACCEPTED_COUNTRY_NODE_WEIGHTS","PENDING_ACCEPTED_SHAPE_AND_PHYSICAL_WEIGHTS","false","false","FIXED","PENDING","REPRESENTATION_ACCEPTED_NUMERIC_PENDING","PENDING_FUTURE_GROWTH; no default growth or heat conversion","ID:2030:Buildings:ServicesFuel:biomass","ServicesFuel","true","true","false","MISSING","ID:biomass","false","false","","Buildings","","","",""
"ID","2030","Buildings","ServicesFuel","coal","DIRECT_FUEL","","","","","ServicesFuel","EXPLICIT","","2019","","","PENDING_ACCEPTED_COUNTRY_NODE_WEIGHTS","PENDING_ACCEPTED_SHAPE_AND_PHYSICAL_WEIGHTS","false","false","FIXED","PENDING","REPRESENTATION_ACCEPTED_NUMERIC_PENDING","PENDING_FUTURE_GROWTH; no default growth or heat conversion","ID:2030:Buildings:ServicesFuel:coal","ServicesFuel","true","true","false","MISSING","ID:coal","false","false","","Buildings","","","",""
"ID","2030","Buildings","ServicesFuel","gas","DIRECT_FUEL","","","","","ServicesFuel","EXPLICIT","","2019","","","PENDING_ACCEPTED_COUNTRY_NODE_WEIGHTS","PENDING_ACCEPTED_SHAPE_AND_PHYSICAL_WEIGHTS","false","false","FIXED","PENDING","REPRESENTATION_ACCEPTED_NUMERIC_PENDING","PENDING_FUTURE_GROWTH; no default growth or heat conversion","ID:2030:Buildings:ServicesFuel:gas","ServicesFuel","true","true","false","MISSING","ID:gas","false","false","","Buildings","","","",""
"ID","2030","Buildings","ServicesFuel","oil","DIRECT_FUEL","","","","","ServicesFuel","EXPLICIT","","2019","","","PENDING_ACCEPTED_COUNTRY_NODE_WEIGHTS","PENDING_ACCEPTED_SHAPE_AND_PHYSICAL_WEIGHTS","false","false","FIXED","PENDING","REPRESENTATION_ACCEPTED_NUMERIC_PENDING","PENDING_FUTURE_GROWTH; no default growth or heat conversion","ID:2030:Buildings:ServicesFuel:oil","ServicesFuel","true","true","false","MISSING","ID:oil","false","false","","Buildings","","","",""
"ID","2040","Buildings","ResidentialDirectElectricity","electricity","DIRECT_ELECTRICITY","","","","Astar","ResidentialDirectElectricity","EMBEDDED","","2019","","","PENDING_ACCEPTED_COUNTRY_NODE_WEIGHTS","PENDING_ACCEPTED_SHAPE_AND_PHYSICAL_WEIGHTS","true","false","FIXED","PENDING","REPRESENTATION_ACCEPTED_NUMERIC_PENDING","PENDING_FUTURE_GROWTH; separate R/S decomposition remains optional inside Astar","ID:2040:Buildings:ResidentialDirectElectricity:electricity","Astar","false","false","false","MISSING","ID:electricity","false","false","","Buildings","","","",""
"ID","2040","Buildings","ResidentialFuel","biomass","DIRECT_FUEL","","","","","ResidentialFuel","EXPLICIT","","2019","","","PENDING_ACCEPTED_COUNTRY_NODE_WEIGHTS","PENDING_ACCEPTED_SHAPE_AND_PHYSICAL_WEIGHTS","false","false","FIXED","PENDING","REPRESENTATION_ACCEPTED_NUMERIC_PENDING","PENDING_FUTURE_GROWTH; no default growth or heat conversion","ID:2040:Buildings:ResidentialFuel:biomass","ResidentialFuel","true","true","false","MISSING","ID:biomass","false","false","","Buildings","","","",""
"ID","2040","Buildings","ResidentialFuel","coal","DIRECT_FUEL","","","","","ResidentialFuel","EXPLICIT","","2019","","","PENDING_ACCEPTED_COUNTRY_NODE_WEIGHTS","PENDING_ACCEPTED_SHAPE_AND_PHYSICAL_WEIGHTS","false","false","FIXED","PENDING","REPRESENTATION_ACCEPTED_NUMERIC_PENDING","PENDING_FUTURE_GROWTH; no default growth or heat conversion","ID:2040:Buildings:ResidentialFuel:coal","ResidentialFuel","true","true","false","MISSING","ID:coal","false","false","","Buildings","","","",""
"ID","2040","Buildings","ResidentialFuel","gas","DIRECT_FUEL","","","","","ResidentialFuel","EXPLICIT","","2019","","","PENDING_ACCEPTED_COUNTRY_NODE_WEIGHTS","PENDING_ACCEPTED_SHAPE_AND_PHYSICAL_WEIGHTS","false","false","FIXED","PENDING","REPRESENTATION_ACCEPTED_NUMERIC_PENDING","PENDING_FUTURE_GROWTH; no default growth or heat conversion","ID:2040:Buildings:ResidentialFuel:gas","ResidentialFuel","true","true","false","MISSING","ID:gas","false","false","","Buildings","","","",""
"ID","2040","Buildings","ResidentialFuel","oil","DIRECT_FUEL","","","","","ResidentialFuel","EXPLICIT","","2019","","","PENDING_ACCEPTED_COUNTRY_NODE_WEIGHTS","PENDING_ACCEPTED_SHAPE_AND_PHYSICAL_WEIGHTS","false","false","FIXED","PENDING","REPRESENTATION_ACCEPTED_NUMERIC_PENDING","PENDING_FUTURE_GROWTH; no default growth or heat conversion","ID:2040:Buildings:ResidentialFuel:oil","ResidentialFuel","true","true","false","MISSING","ID:oil","false","false","","Buildings","","","",""
"ID","2040","Buildings","ServicesDirectElectricity","electricity","DIRECT_ELECTRICITY","","","","Astar","ServicesDirectElectricity","EMBEDDED","","2019","","","PENDING_ACCEPTED_COUNTRY_NODE_WEIGHTS","PENDING_ACCEPTED_SHAPE_AND_PHYSICAL_WEIGHTS","true","false","FIXED","PENDING","REPRESENTATION_ACCEPTED_NUMERIC_PENDING","PENDING_FUTURE_GROWTH; separate R/S decomposition remains optional inside Astar","ID:2040:Buildings:ServicesDirectElectricity:electricity","Astar","false","false","false","MISSING","ID:electricity","false","false","","Buildings","","","",""
"ID","2040","Buildings","ServicesFuel","biomass","DIRECT_FUEL","","","","","ServicesFuel","EXPLICIT","","2019","","","PENDING_ACCEPTED_COUNTRY_NODE_WEIGHTS","PENDING_ACCEPTED_SHAPE_AND_PHYSICAL_WEIGHTS","false","false","FIXED","PENDING","REPRESENTATION_ACCEPTED_NUMERIC_PENDING","PENDING_FUTURE_GROWTH; no default growth or heat conversion","ID:2040:Buildings:ServicesFuel:biomass","ServicesFuel","true","true","false","MISSING","ID:biomass","false","false","","Buildings","","","",""
"ID","2040","Buildings","ServicesFuel","coal","DIRECT_FUEL","","","","","ServicesFuel","EXPLICIT","","2019","","","PENDING_ACCEPTED_COUNTRY_NODE_WEIGHTS","PENDING_ACCEPTED_SHAPE_AND_PHYSICAL_WEIGHTS","false","false","FIXED","PENDING","REPRESENTATION_ACCEPTED_NUMERIC_PENDING","PENDING_FUTURE_GROWTH; no default growth or heat conversion","ID:2040:Buildings:ServicesFuel:coal","ServicesFuel","true","true","false","MISSING","ID:coal","false","false","","Buildings","","","",""
"ID","2040","Buildings","ServicesFuel","gas","DIRECT_FUEL","","","","","ServicesFuel","EXPLICIT","","2019","","","PENDING_ACCEPTED_COUNTRY_NODE_WEIGHTS","PENDING_ACCEPTED_SHAPE_AND_PHYSICAL_WEIGHTS","false","false","FIXED","PENDING","REPRESENTATION_ACCEPTED_NUMERIC_PENDING","PENDING_FUTURE_GROWTH; no default growth or heat conversion","ID:2040:Buildings:ServicesFuel:gas","ServicesFuel","true","true","false","MISSING","ID:gas","false","false","","Buildings","","","",""
"ID","2040","Buildings","ServicesFuel","oil","DIRECT_FUEL","","","","","ServicesFuel","EXPLICIT","","2019","","","PENDING_ACCEPTED_COUNTRY_NODE_WEIGHTS","PENDING_ACCEPTED_SHAPE_AND_PHYSICAL_WEIGHTS","false","false","FIXED","PENDING","REPRESENTATION_ACCEPTED_NUMERIC_PENDING","PENDING_FUTURE_GROWTH; no default growth or heat conversion","ID:2040:Buildings:ServicesFuel:oil","ServicesFuel","true","true","false","MISSING","ID:oil","false","false","","Buildings","","","",""
"ID","2050","Buildings","ResidentialDirectElectricity","electricity","DIRECT_ELECTRICITY","","","","Astar","ResidentialDirectElectricity","EMBEDDED","","2019","","","PENDING_ACCEPTED_COUNTRY_NODE_WEIGHTS","PENDING_ACCEPTED_SHAPE_AND_PHYSICAL_WEIGHTS","true","false","FIXED","PENDING","REPRESENTATION_ACCEPTED_NUMERIC_PENDING","PENDING_FUTURE_GROWTH; separate R/S decomposition remains optional inside Astar","ID:2050:Buildings:ResidentialDirectElectricity:electricity","Astar","false","false","false","MISSING","ID:electricity","false","false","","Buildings","","","",""
"ID","2050","Buildings","ResidentialFuel","biomass","DIRECT_FUEL","","","","","ResidentialFuel","EXPLICIT","","2019","","","PENDING_ACCEPTED_COUNTRY_NODE_WEIGHTS","PENDING_ACCEPTED_SHAPE_AND_PHYSICAL_WEIGHTS","false","false","FIXED","PENDING","REPRESENTATION_ACCEPTED_NUMERIC_PENDING","PENDING_FUTURE_GROWTH; no default growth or heat conversion","ID:2050:Buildings:ResidentialFuel:biomass","ResidentialFuel","true","true","false","MISSING","ID:biomass","false","false","","Buildings","","","",""
"ID","2050","Buildings","ResidentialFuel","coal","DIRECT_FUEL","","","","","ResidentialFuel","EXPLICIT","","2019","","","PENDING_ACCEPTED_COUNTRY_NODE_WEIGHTS","PENDING_ACCEPTED_SHAPE_AND_PHYSICAL_WEIGHTS","false","false","FIXED","PENDING","REPRESENTATION_ACCEPTED_NUMERIC_PENDING","PENDING_FUTURE_GROWTH; no default growth or heat conversion","ID:2050:Buildings:ResidentialFuel:coal","ResidentialFuel","true","true","false","MISSING","ID:coal","false","false","","Buildings","","","",""
"ID","2050","Buildings","ResidentialFuel","gas","DIRECT_FUEL","","","","","ResidentialFuel","EXPLICIT","","2019","","","PENDING_ACCEPTED_COUNTRY_NODE_WEIGHTS","PENDING_ACCEPTED_SHAPE_AND_PHYSICAL_WEIGHTS","false","false","FIXED","PENDING","REPRESENTATION_ACCEPTED_NUMERIC_PENDING","PENDING_FUTURE_GROWTH; no default growth or heat conversion","ID:2050:Buildings:ResidentialFuel:gas","ResidentialFuel","true","true","false","MISSING","ID:gas","false","false","","Buildings","","","",""
"ID","2050","Buildings","ResidentialFuel","oil","DIRECT_FUEL","","","","","ResidentialFuel","EXPLICIT","","2019","","","PENDING_ACCEPTED_COUNTRY_NODE_WEIGHTS","PENDING_ACCEPTED_SHAPE_AND_PHYSICAL_WEIGHTS","false","false","FIXED","PENDING","REPRESENTATION_ACCEPTED_NUMERIC_PENDING","PENDING_FUTURE_GROWTH; no default growth or heat conversion","ID:2050:Buildings:ResidentialFuel:oil","ResidentialFuel","true","true","false","MISSING","ID:oil","false","false","","Buildings","","","",""
"ID","2050","Buildings","ServicesDirectElectricity","electricity","DIRECT_ELECTRICITY","","","","Astar","ServicesDirectElectricity","EMBEDDED","","2019","","","PENDING_ACCEPTED_COUNTRY_NODE_WEIGHTS","PENDING_ACCEPTED_SHAPE_AND_PHYSICAL_WEIGHTS","true","false","FIXED","PENDING","REPRESENTATION_ACCEPTED_NUMERIC_PENDING","PENDING_FUTURE_GROWTH; separate R/S decomposition remains optional inside Astar","ID:2050:Buildings:ServicesDirectElectricity:electricity","Astar","false","false","false","MISSING","ID:electricity","false","false","","Buildings","","","",""
"ID","2050","Buildings","ServicesFuel","biomass","DIRECT_FUEL","","","","","ServicesFuel","EXPLICIT","","2019","","","PENDING_ACCEPTED_COUNTRY_NODE_WEIGHTS","PENDING_ACCEPTED_SHAPE_AND_PHYSICAL_WEIGHTS","false","false","FIXED","PENDING","REPRESENTATION_ACCEPTED_NUMERIC_PENDING","PENDING_FUTURE_GROWTH; no default growth or heat conversion","ID:2050:Buildings:ServicesFuel:biomass","ServicesFuel","true","true","false","MISSING","ID:biomass","false","false","","Buildings","","","",""
"ID","2050","Buildings","ServicesFuel","coal","DIRECT_FUEL","","","","","ServicesFuel","EXPLICIT","","2019","","","PENDING_ACCEPTED_COUNTRY_NODE_WEIGHTS","PENDING_ACCEPTED_SHAPE_AND_PHYSICAL_WEIGHTS","false","false","FIXED","PENDING","REPRESENTATION_ACCEPTED_NUMERIC_PENDING","PENDING_FUTURE_GROWTH; no default growth or heat conversion","ID:2050:Buildings:ServicesFuel:coal","ServicesFuel","true","true","false","MISSING","ID:coal","false","false","","Buildings","","","",""
"ID","2050","Buildings","ServicesFuel","gas","DIRECT_FUEL","","","","","ServicesFuel","EXPLICIT","","2019","","","PENDING_ACCEPTED_COUNTRY_NODE_WEIGHTS","PENDING_ACCEPTED_SHAPE_AND_PHYSICAL_WEIGHTS","false","false","FIXED","PENDING","REPRESENTATION_ACCEPTED_NUMERIC_PENDING","PENDING_FUTURE_GROWTH; no default growth or heat conversion","ID:2050:Buildings:ServicesFuel:gas","ServicesFuel","true","true","false","MISSING","ID:gas","false","false","","Buildings","","","",""
"ID","2050","Buildings","ServicesFuel","oil","DIRECT_FUEL","","","","","ServicesFuel","EXPLICIT","","2019","","","PENDING_ACCEPTED_COUNTRY_NODE_WEIGHTS","PENDING_ACCEPTED_SHAPE_AND_PHYSICAL_WEIGHTS","false","false","FIXED","PENDING","REPRESENTATION_ACCEPTED_NUMERIC_PENDING","PENDING_FUTURE_GROWTH; no default growth or heat conversion","ID:2050:Buildings:ServicesFuel:oil","ServicesFuel","true","true","false","MISSING","ID:oil","false","false","","Buildings","","","",""
"KH","2019","Buildings","ResidentialCooking","mixed","EMBEDDED","","","","ResidentialDirectEnergy","ResidentialCooking","EMBEDDED","","2019","","","PENDING_ACCEPTED_COUNTRY_NODE_WEIGHTS","PENDING_ACCEPTED_SHAPE_AND_PHYSICAL_WEIGHTS","false","false","FIXED","EMBEDDED","REPRESENTATION_ACCEPTED_VALUES_NOT_DEFINED","No additional service obligation. Existing final electricity/fuel keeps ownership. Cooking is not space/water heat.","KH:2019:Buildings:ResidentialCooking:mixed","Astar_and_original_fuels","false","false","false","MISSING","KH:mixed","false","false","","Buildings","","","",""
"KH","2019","Buildings","ResidentialCooling","electricity","EMBEDDED","","","","ResidentialDirectEnergy","ResidentialCooling","EMBEDDED","","2019","","","PENDING_ACCEPTED_COUNTRY_NODE_WEIGHTS","PENDING_ACCEPTED_SHAPE_AND_PHYSICAL_WEIGHTS","true","false","FIXED","EMBEDDED","REPRESENTATION_ACCEPTED_VALUES_NOT_DEFINED","No additional service obligation. Existing final electricity/fuel keeps ownership. Cooking is not space/water heat.","KH:2019:Buildings:ResidentialCooling:electricity","Astar_and_original_fuels","false","false","false","MISSING","KH:electricity","false","false","","Buildings","","","",""
"KH","2019","Buildings","ResidentialDirectElectricity","electricity","DIRECT_ELECTRICITY","3399.57","Kilowatt-hours, million","3399570.0","Astar","ResidentialDirectElectricity","EMBEDDED","/home/jin/research/SGP_ESE5004_Stage2/pypsa-asean/data/demand/unsd/data/UNdata_Export_20250502_110820872.txt","2019","12c99b3c40927449d9a4d0402f255a8b84b24917ff58e54efd4ec43b2125fe6b","Exact raw transaction; million kWh * 1000 = MWh; no losses or AEO scaling","PENDING_ACCEPTED_COUNTRY_NODE_WEIGHTS","PENDING_ACCEPTED_SHAPE_AND_PHYSICAL_WEIGHTS","true","false","FIXED","PENDING","REPRESENTATION_ACCEPTED_NUMERIC_PENDING","Separate R/S identity retained in Astar; no second electricity Load; numeric decomposition is unaccepted","KH:2019:Buildings:ResidentialDirectElectricity:electricity","Astar","false","false","false","REPORTED_VALUE","KH:electricity","false","false","Consumption by households; physical line end 15308","Buildings","","","",""
"KH","2019","Buildings","ResidentialFuel","biomass","DIRECT_FUEL","7.9612","TWh/year","7961200.0","","ResidentialFuel","EXPLICIT","/home/jin/research/SGP_ESE5004_Stage2/pypsa-asean/resources/baseline-aims-3H-tutorial/energy_totals_base.csv","2019","af27beafc01cfb1920a23e632c05e858883a28efd9bbf94df3dfdba455fde261","Frozen derived cache; TWh/year -> MWh; raw/calorific provenance still pending","PENDING_ACCEPTED_COUNTRY_NODE_WEIGHTS","PENDING_ACCEPTED_SHAPE_AND_PHYSICAL_WEIGHTS","false","false","FIXED","FROZEN_UPSTREAM","REPRESENTATION_ACCEPTED_NUMERIC_PENDING","Fixed final fuel; no useful-heat inference; cooking remains within original fuel. Coal not recast as electricity.","KH:2019:Buildings:ResidentialFuel:biomass","ResidentialFuel","true","true","false","POSITIVE_CACHE_VALUE","KH:biomass","false","false","KH/residential biomass","Buildings","","","",""
"KH","2019","Buildings","ResidentialFuel","coal","DIRECT_FUEL","","TWh/year","","","ResidentialFuel","EXPLICIT","/home/jin/research/SGP_ESE5004_Stage2/pypsa-asean/resources/baseline-aims-3H-tutorial/energy_totals_base.csv","2019","af27beafc01cfb1920a23e632c05e858883a28efd9bbf94df3dfdba455fde261","Frozen derived cache; TWh/year -> MWh; raw/calorific provenance still pending","PENDING_ACCEPTED_COUNTRY_NODE_WEIGHTS","PENDING_ACCEPTED_SHAPE_AND_PHYSICAL_WEIGHTS","false","false","FIXED","MISSING","REPRESENTATION_ACCEPTED_NUMERIC_PENDING","Fixed final fuel; no useful-heat inference; cooking remains within original fuel. Coal not recast as electricity.; cache has no original R/S coal column; source recovery required","KH:2019:Buildings:ResidentialFuel:coal","ResidentialFuel","true","true","false","MISSING","KH:coal","false","false","KH/residential coal","Buildings","","","",""
"KH","2019","Buildings","ResidentialFuel","gas","DIRECT_FUEL","0.0","TWh/year","","","ResidentialFuel","EXPLICIT","/home/jin/research/SGP_ESE5004_Stage2/pypsa-asean/resources/baseline-aims-3H-tutorial/energy_totals_base.csv","2019","af27beafc01cfb1920a23e632c05e858883a28efd9bbf94df3dfdba455fde261","Frozen derived cache; TWh/year -> MWh; raw/calorific provenance still pending","PENDING_ACCEPTED_COUNTRY_NODE_WEIGHTS","PENDING_ACCEPTED_SHAPE_AND_PHYSICAL_WEIGHTS","false","false","FIXED","MISSING","REPRESENTATION_ACCEPTED_NUMERIC_PENDING","Fixed final fuel; no useful-heat inference; cooking remains within original fuel. Coal not recast as electricity.; cache zero has no certified raw-zero evidence","KH:2019:Buildings:ResidentialFuel:gas","ResidentialFuel","true","true","false","CACHE_ZERO_UNVERIFIED","KH:gas","false","false","KH/residential gas","Buildings","","","",""
"KH","2019","Buildings","ResidentialFuel","oil","DIRECT_FUEL","0.3506","TWh/year","350600.0","","ResidentialFuel","EXPLICIT","/home/jin/research/SGP_ESE5004_Stage2/pypsa-asean/resources/baseline-aims-3H-tutorial/energy_totals_base.csv","2019","af27beafc01cfb1920a23e632c05e858883a28efd9bbf94df3dfdba455fde261","Frozen derived cache; TWh/year -> MWh; raw/calorific provenance still pending","PENDING_ACCEPTED_COUNTRY_NODE_WEIGHTS","PENDING_ACCEPTED_SHAPE_AND_PHYSICAL_WEIGHTS","false","false","FIXED","FROZEN_UPSTREAM","REPRESENTATION_ACCEPTED_NUMERIC_PENDING","Fixed final fuel; no useful-heat inference; cooking remains within original fuel. Coal not recast as electricity.","KH:2019:Buildings:ResidentialFuel:oil","ResidentialFuel","true","true","false","POSITIVE_CACHE_VALUE","KH:oil","false","false","KH/residential oil","Buildings","","","",""
"KH","2019","Buildings","ResidentialSpaceHeat","mixed","EMBEDDED","","","","ResidentialDirectEnergy","ResidentialSpaceHeat","EMBEDDED","","2019","","","PENDING_ACCEPTED_COUNTRY_NODE_WEIGHTS","PENDING_ACCEPTED_SHAPE_AND_PHYSICAL_WEIGHTS","false","false","FIXED","EMBEDDED","REPRESENTATION_ACCEPTED_VALUES_NOT_DEFINED","No additional service obligation. Existing final electricity/fuel keeps ownership. Cooking is not space/water heat.","KH:2019:Buildings:ResidentialSpaceHeat:mixed","Astar_and_original_fuels","false","false","false","MISSING","KH:mixed","false","false","","Buildings","","","",""
"KH","2019","Buildings","ResidentialWaterHeat","mixed","EMBEDDED","","","","ResidentialDirectEnergy","ResidentialWaterHeat","EMBEDDED","","2019","","","PENDING_ACCEPTED_COUNTRY_NODE_WEIGHTS","PENDING_ACCEPTED_SHAPE_AND_PHYSICAL_WEIGHTS","false","false","FIXED","EMBEDDED","REPRESENTATION_ACCEPTED_VALUES_NOT_DEFINED","No additional service obligation. Existing final electricity/fuel keeps ownership. Cooking is not space/water heat.","KH:2019:Buildings:ResidentialWaterHeat:mixed","Astar_and_original_fuels","false","false","false","MISSING","KH:mixed","false","false","","Buildings","","","",""
"KH","2019","Buildings","ServicesCooking","mixed","EMBEDDED","","","","ServicesDirectEnergy","ServicesCooking","EMBEDDED","","2019","","","PENDING_ACCEPTED_COUNTRY_NODE_WEIGHTS","PENDING_ACCEPTED_SHAPE_AND_PHYSICAL_WEIGHTS","false","false","FIXED","EMBEDDED","REPRESENTATION_ACCEPTED_VALUES_NOT_DEFINED","No additional service obligation. Existing final electricity/fuel keeps ownership. Cooking is not space/water heat.","KH:2019:Buildings:ServicesCooking:mixed","Astar_and_original_fuels","false","false","false","MISSING","KH:mixed","false","false","","Buildings","","","",""
"KH","2019","Buildings","ServicesCooling","electricity","EMBEDDED","","","","ServicesDirectEnergy","ServicesCooling","EMBEDDED","","2019","","","PENDING_ACCEPTED_COUNTRY_NODE_WEIGHTS","PENDING_ACCEPTED_SHAPE_AND_PHYSICAL_WEIGHTS","true","false","FIXED","EMBEDDED","REPRESENTATION_ACCEPTED_VALUES_NOT_DEFINED","No additional service obligation. Existing final electricity/fuel keeps ownership. Cooking is not space/water heat.","KH:2019:Buildings:ServicesCooling:electricity","Astar_and_original_fuels","false","false","false","MISSING","KH:electricity","false","false","","Buildings","","","",""
"KH","2019","Buildings","ServicesDirectElectricity","electricity","DIRECT_ELECTRICITY","3408.23","Kilowatt-hours, million","3408230.0","Astar","ServicesDirectElectricity","EMBEDDED","/home/jin/research/SGP_ESE5004_Stage2/pypsa-asean/data/demand/unsd/data/UNdata_Export_20250502_110820872.txt","2019","12c99b3c40927449d9a4d0402f255a8b84b24917ff58e54efd4ec43b2125fe6b","Exact raw transaction; million kWh * 1000 = MWh; no losses or AEO scaling","PENDING_ACCEPTED_COUNTRY_NODE_WEIGHTS","PENDING_ACCEPTED_SHAPE_AND_PHYSICAL_WEIGHTS","true","false","FIXED","PENDING","REPRESENTATION_ACCEPTED_NUMERIC_PENDING","Separate R/S identity retained in Astar; no second electricity Load; numeric decomposition is unaccepted","KH:2019:Buildings:ServicesDirectElectricity:electricity","Astar","false","false","false","REPORTED_VALUE","KH:electricity","false","false","Consumption by commercial and public services; physical line end 15324","Buildings","","","",""
"KH","2019","Buildings","ServicesFuel","biomass","DIRECT_FUEL","0.0","TWh/year","","","ServicesFuel","EXPLICIT","/home/jin/research/SGP_ESE5004_Stage2/pypsa-asean/resources/baseline-aims-3H-tutorial/energy_totals_base.csv","2019","af27beafc01cfb1920a23e632c05e858883a28efd9bbf94df3dfdba455fde261","Frozen derived cache; TWh/year -> MWh; raw/calorific provenance still pending","PENDING_ACCEPTED_COUNTRY_NODE_WEIGHTS","PENDING_ACCEPTED_SHAPE_AND_PHYSICAL_WEIGHTS","false","false","FIXED","MISSING","REPRESENTATION_ACCEPTED_NUMERIC_PENDING","Fixed final fuel; no useful-heat inference; cooking remains within original fuel. Coal not recast as electricity.; cache zero has no certified raw-zero evidence","KH:2019:Buildings:ServicesFuel:biomass","ServicesFuel","true","true","false","CACHE_ZERO_UNVERIFIED","KH:biomass","false","false","KH/services biomass","Buildings","","","",""
"KH","2019","Buildings","ServicesFuel","coal","DIRECT_FUEL","","TWh/year","","","ServicesFuel","EXPLICIT","/home/jin/research/SGP_ESE5004_Stage2/pypsa-asean/resources/baseline-aims-3H-tutorial/energy_totals_base.csv","2019","af27beafc01cfb1920a23e632c05e858883a28efd9bbf94df3dfdba455fde261","Frozen derived cache; TWh/year -> MWh; raw/calorific provenance still pending","PENDING_ACCEPTED_COUNTRY_NODE_WEIGHTS","PENDING_ACCEPTED_SHAPE_AND_PHYSICAL_WEIGHTS","false","false","FIXED","MISSING","REPRESENTATION_ACCEPTED_NUMERIC_PENDING","Fixed final fuel; no useful-heat inference; cooking remains within original fuel. Coal not recast as electricity.; cache has no original R/S coal column; source recovery required","KH:2019:Buildings:ServicesFuel:coal","ServicesFuel","true","true","false","MISSING","KH:coal","false","false","KH/services coal","Buildings","","","",""
"KH","2019","Buildings","ServicesFuel","gas","DIRECT_FUEL","0.0","TWh/year","","","ServicesFuel","EXPLICIT","/home/jin/research/SGP_ESE5004_Stage2/pypsa-asean/resources/baseline-aims-3H-tutorial/energy_totals_base.csv","2019","af27beafc01cfb1920a23e632c05e858883a28efd9bbf94df3dfdba455fde261","Frozen derived cache; TWh/year -> MWh; raw/calorific provenance still pending","PENDING_ACCEPTED_COUNTRY_NODE_WEIGHTS","PENDING_ACCEPTED_SHAPE_AND_PHYSICAL_WEIGHTS","false","false","FIXED","MISSING","REPRESENTATION_ACCEPTED_NUMERIC_PENDING","Fixed final fuel; no useful-heat inference; cooking remains within original fuel. Coal not recast as electricity.; cache zero has no certified raw-zero evidence","KH:2019:Buildings:ServicesFuel:gas","ServicesFuel","true","true","false","CACHE_ZERO_UNVERIFIED","KH:gas","false","false","KH/services gas","Buildings","","","",""
"KH","2019","Buildings","ServicesFuel","oil","DIRECT_FUEL","2.6811","TWh/year","2681100.0","","ServicesFuel","EXPLICIT","/home/jin/research/SGP_ESE5004_Stage2/pypsa-asean/resources/baseline-aims-3H-tutorial/energy_totals_base.csv","2019","af27beafc01cfb1920a23e632c05e858883a28efd9bbf94df3dfdba455fde261","Frozen derived cache; TWh/year -> MWh; raw/calorific provenance still pending","PENDING_ACCEPTED_COUNTRY_NODE_WEIGHTS","PENDING_ACCEPTED_SHAPE_AND_PHYSICAL_WEIGHTS","false","false","FIXED","FROZEN_UPSTREAM","REPRESENTATION_ACCEPTED_NUMERIC_PENDING","Fixed final fuel; no useful-heat inference; cooking remains within original fuel. Coal not recast as electricity.","KH:2019:Buildings:ServicesFuel:oil","ServicesFuel","true","true","false","POSITIVE_CACHE_VALUE","KH:oil","false","false","KH/services oil","Buildings","","","",""
"KH","2019","Buildings","ServicesSpaceHeat","mixed","EMBEDDED","","","","ServicesDirectEnergy","ServicesSpaceHeat","EMBEDDED","","2019","","","PENDING_ACCEPTED_COUNTRY_NODE_WEIGHTS","PENDING_ACCEPTED_SHAPE_AND_PHYSICAL_WEIGHTS","false","false","FIXED","EMBEDDED","REPRESENTATION_ACCEPTED_VALUES_NOT_DEFINED","No additional service obligation. Existing final electricity/fuel keeps ownership. Cooking is not space/water heat.","KH:2019:Buildings:ServicesSpaceHeat:mixed","Astar_and_original_fuels","false","false","false","MISSING","KH:mixed","false","false","","Buildings","","","",""
"KH","2019","Buildings","ServicesWaterHeat","mixed","EMBEDDED","","","","ServicesDirectEnergy","ServicesWaterHeat","EMBEDDED","","2019","","","PENDING_ACCEPTED_COUNTRY_NODE_WEIGHTS","PENDING_ACCEPTED_SHAPE_AND_PHYSICAL_WEIGHTS","false","false","FIXED","EMBEDDED","REPRESENTATION_ACCEPTED_VALUES_NOT_DEFINED","No additional service obligation. Existing final electricity/fuel keeps ownership. Cooking is not space/water heat.","KH:2019:Buildings:ServicesWaterHeat:mixed","Astar_and_original_fuels","false","false","false","MISSING","KH:mixed","false","false","","Buildings","","","",""
"KH","2030","Buildings","ResidentialDirectElectricity","electricity","DIRECT_ELECTRICITY","","","","Astar","ResidentialDirectElectricity","EMBEDDED","","2019","","","PENDING_ACCEPTED_COUNTRY_NODE_WEIGHTS","PENDING_ACCEPTED_SHAPE_AND_PHYSICAL_WEIGHTS","true","false","FIXED","PENDING","REPRESENTATION_ACCEPTED_NUMERIC_PENDING","PENDING_FUTURE_GROWTH; separate R/S decomposition remains optional inside Astar","KH:2030:Buildings:ResidentialDirectElectricity:electricity","Astar","false","false","false","MISSING","KH:electricity","false","false","","Buildings","","","",""
"KH","2030","Buildings","ResidentialFuel","biomass","DIRECT_FUEL","","","","","ResidentialFuel","EXPLICIT","","2019","","","PENDING_ACCEPTED_COUNTRY_NODE_WEIGHTS","PENDING_ACCEPTED_SHAPE_AND_PHYSICAL_WEIGHTS","false","false","FIXED","PENDING","REPRESENTATION_ACCEPTED_NUMERIC_PENDING","PENDING_FUTURE_GROWTH; no default growth or heat conversion","KH:2030:Buildings:ResidentialFuel:biomass","ResidentialFuel","true","true","false","MISSING","KH:biomass","false","false","","Buildings","","","",""
"KH","2030","Buildings","ResidentialFuel","coal","DIRECT_FUEL","","","","","ResidentialFuel","EXPLICIT","","2019","","","PENDING_ACCEPTED_COUNTRY_NODE_WEIGHTS","PENDING_ACCEPTED_SHAPE_AND_PHYSICAL_WEIGHTS","false","false","FIXED","PENDING","REPRESENTATION_ACCEPTED_NUMERIC_PENDING","PENDING_FUTURE_GROWTH; no default growth or heat conversion","KH:2030:Buildings:ResidentialFuel:coal","ResidentialFuel","true","true","false","MISSING","KH:coal","false","false","","Buildings","","","",""
"KH","2030","Buildings","ResidentialFuel","gas","DIRECT_FUEL","","","","","ResidentialFuel","EXPLICIT","","2019","","","PENDING_ACCEPTED_COUNTRY_NODE_WEIGHTS","PENDING_ACCEPTED_SHAPE_AND_PHYSICAL_WEIGHTS","false","false","FIXED","PENDING","REPRESENTATION_ACCEPTED_NUMERIC_PENDING","PENDING_FUTURE_GROWTH; no default growth or heat conversion","KH:2030:Buildings:ResidentialFuel:gas","ResidentialFuel","true","true","false","MISSING","KH:gas","false","false","","Buildings","","","",""
"KH","2030","Buildings","ResidentialFuel","oil","DIRECT_FUEL","","","","","ResidentialFuel","EXPLICIT","","2019","","","PENDING_ACCEPTED_COUNTRY_NODE_WEIGHTS","PENDING_ACCEPTED_SHAPE_AND_PHYSICAL_WEIGHTS","false","false","FIXED","PENDING","REPRESENTATION_ACCEPTED_NUMERIC_PENDING","PENDING_FUTURE_GROWTH; no default growth or heat conversion","KH:2030:Buildings:ResidentialFuel:oil","ResidentialFuel","true","true","false","MISSING","KH:oil","false","false","","Buildings","","","",""
"KH","2030","Buildings","ServicesDirectElectricity","electricity","DIRECT_ELECTRICITY","","","","Astar","ServicesDirectElectricity","EMBEDDED","","2019","","","PENDING_ACCEPTED_COUNTRY_NODE_WEIGHTS","PENDING_ACCEPTED_SHAPE_AND_PHYSICAL_WEIGHTS","true","false","FIXED","PENDING","REPRESENTATION_ACCEPTED_NUMERIC_PENDING","PENDING_FUTURE_GROWTH; separate R/S decomposition remains optional inside Astar","KH:2030:Buildings:ServicesDirectElectricity:electricity","Astar","false","false","false","MISSING","KH:electricity","false","false","","Buildings","","","",""
"KH","2030","Buildings","ServicesFuel","biomass","DIRECT_FUEL","","","","","ServicesFuel","EXPLICIT","","2019","","","PENDING_ACCEPTED_COUNTRY_NODE_WEIGHTS","PENDING_ACCEPTED_SHAPE_AND_PHYSICAL_WEIGHTS","false","false","FIXED","PENDING","REPRESENTATION_ACCEPTED_NUMERIC_PENDING","PENDING_FUTURE_GROWTH; no default growth or heat conversion","KH:2030:Buildings:ServicesFuel:biomass","ServicesFuel","true","true","false","MISSING","KH:biomass","false","false","","Buildings","","","",""
"KH","2030","Buildings","ServicesFuel","coal","DIRECT_FUEL","","","","","ServicesFuel","EXPLICIT","","2019","","","PENDING_ACCEPTED_COUNTRY_NODE_WEIGHTS","PENDING_ACCEPTED_SHAPE_AND_PHYSICAL_WEIGHTS","false","false","FIXED","PENDING","REPRESENTATION_ACCEPTED_NUMERIC_PENDING","PENDING_FUTURE_GROWTH; no default growth or heat conversion","KH:2030:Buildings:ServicesFuel:coal","ServicesFuel","true","true","false","MISSING","KH:coal","false","false","","Buildings","","","",""
"KH","2030","Buildings","ServicesFuel","gas","DIRECT_FUEL","","","","","ServicesFuel","EXPLICIT","","2019","","","PENDING_ACCEPTED_COUNTRY_NODE_WEIGHTS","PENDING_ACCEPTED_SHAPE_AND_PHYSICAL_WEIGHTS","false","false","FIXED","PENDING","REPRESENTATION_ACCEPTED_NUMERIC_PENDING","PENDING_FUTURE_GROWTH; no default growth or heat conversion","KH:2030:Buildings:ServicesFuel:gas","ServicesFuel","true","true","false","MISSING","KH:gas","false","false","","Buildings","","","",""
"KH","2030","Buildings","ServicesFuel","oil","DIRECT_FUEL","","","","","ServicesFuel","EXPLICIT","","2019","","","PENDING_ACCEPTED_COUNTRY_NODE_WEIGHTS","PENDING_ACCEPTED_SHAPE_AND_PHYSICAL_WEIGHTS","false","false","FIXED","PENDING","REPRESENTATION_ACCEPTED_NUMERIC_PENDING","PENDING_FUTURE_GROWTH; no default growth or heat conversion","KH:2030:Buildings:ServicesFuel:oil","ServicesFuel","true","true","false","MISSING","KH:oil","false","false","","Buildings","","","",""
"KH","2040","Buildings","ResidentialDirectElectricity","electricity","DIRECT_ELECTRICITY","","","","Astar","ResidentialDirectElectricity","EMBEDDED","","2019","","","PENDING_ACCEPTED_COUNTRY_NODE_WEIGHTS","PENDING_ACCEPTED_SHAPE_AND_PHYSICAL_WEIGHTS","true","false","FIXED","PENDING","REPRESENTATION_ACCEPTED_NUMERIC_PENDING","PENDING_FUTURE_GROWTH; separate R/S decomposition remains optional inside Astar","KH:2040:Buildings:ResidentialDirectElectricity:electricity","Astar","false","false","false","MISSING","KH:electricity","false","false","","Buildings","","","",""
"KH","2040","Buildings","ResidentialFuel","biomass","DIRECT_FUEL","","","","","ResidentialFuel","EXPLICIT","","2019","","","PENDING_ACCEPTED_COUNTRY_NODE_WEIGHTS","PENDING_ACCEPTED_SHAPE_AND_PHYSICAL_WEIGHTS","false","false","FIXED","PENDING","REPRESENTATION_ACCEPTED_NUMERIC_PENDING","PENDING_FUTURE_GROWTH; no default growth or heat conversion","KH:2040:Buildings:ResidentialFuel:biomass","ResidentialFuel","true","true","false","MISSING","KH:biomass","false","false","","Buildings","","","",""
"KH","2040","Buildings","ResidentialFuel","coal","DIRECT_FUEL","","","","","ResidentialFuel","EXPLICIT","","2019","","","PENDING_ACCEPTED_COUNTRY_NODE_WEIGHTS","PENDING_ACCEPTED_SHAPE_AND_PHYSICAL_WEIGHTS","false","false","FIXED","PENDING","REPRESENTATION_ACCEPTED_NUMERIC_PENDING","PENDING_FUTURE_GROWTH; no default growth or heat conversion","KH:2040:Buildings:ResidentialFuel:coal","ResidentialFuel","true","true","false","MISSING","KH:coal","false","false","","Buildings","","","",""
"KH","2040","Buildings","ResidentialFuel","gas","DIRECT_FUEL","","","","","ResidentialFuel","EXPLICIT","","2019","","","PENDING_ACCEPTED_COUNTRY_NODE_WEIGHTS","PENDING_ACCEPTED_SHAPE_AND_PHYSICAL_WEIGHTS","false","false","FIXED","PENDING","REPRESENTATION_ACCEPTED_NUMERIC_PENDING","PENDING_FUTURE_GROWTH; no default growth or heat conversion","KH:2040:Buildings:ResidentialFuel:gas","ResidentialFuel","true","true","false","MISSING","KH:gas","false","false","","Buildings","","","",""
"KH","2040","Buildings","ResidentialFuel","oil","DIRECT_FUEL","","","","","ResidentialFuel","EXPLICIT","","2019","","","PENDING_ACCEPTED_COUNTRY_NODE_WEIGHTS","PENDING_ACCEPTED_SHAPE_AND_PHYSICAL_WEIGHTS","false","false","FIXED","PENDING","REPRESENTATION_ACCEPTED_NUMERIC_PENDING","PENDING_FUTURE_GROWTH; no default growth or heat conversion","KH:2040:Buildings:ResidentialFuel:oil","ResidentialFuel","true","true","false","MISSING","KH:oil","false","false","","Buildings","","","",""
"KH","2040","Buildings","ServicesDirectElectricity","electricity","DIRECT_ELECTRICITY","","","","Astar","ServicesDirectElectricity","EMBEDDED","","2019","","","PENDING_ACCEPTED_COUNTRY_NODE_WEIGHTS","PENDING_ACCEPTED_SHAPE_AND_PHYSICAL_WEIGHTS","true","false","FIXED","PENDING","REPRESENTATION_ACCEPTED_NUMERIC_PENDING","PENDING_FUTURE_GROWTH; separate R/S decomposition remains optional inside Astar","KH:2040:Buildings:ServicesDirectElectricity:electricity","Astar","false","false","false","MISSING","KH:electricity","false","false","","Buildings","","","",""
"KH","2040","Buildings","ServicesFuel","biomass","DIRECT_FUEL","","","","","ServicesFuel","EXPLICIT","","2019","","","PENDING_ACCEPTED_COUNTRY_NODE_WEIGHTS","PENDING_ACCEPTED_SHAPE_AND_PHYSICAL_WEIGHTS","false","false","FIXED","PENDING","REPRESENTATION_ACCEPTED_NUMERIC_PENDING","PENDING_FUTURE_GROWTH; no default growth or heat conversion","KH:2040:Buildings:ServicesFuel:biomass","ServicesFuel","true","true","false","MISSING","KH:biomass","false","false","","Buildings","","","",""
"KH","2040","Buildings","ServicesFuel","coal","DIRECT_FUEL","","","","","ServicesFuel","EXPLICIT","","2019","","","PENDING_ACCEPTED_COUNTRY_NODE_WEIGHTS","PENDING_ACCEPTED_SHAPE_AND_PHYSICAL_WEIGHTS","false","false","FIXED","PENDING","REPRESENTATION_ACCEPTED_NUMERIC_PENDING","PENDING_FUTURE_GROWTH; no default growth or heat conversion","KH:2040:Buildings:ServicesFuel:coal","ServicesFuel","true","true","false","MISSING","KH:coal","false","false","","Buildings","","","",""
"KH","2040","Buildings","ServicesFuel","gas","DIRECT_FUEL","","","","","ServicesFuel","EXPLICIT","","2019","","","PENDING_ACCEPTED_COUNTRY_NODE_WEIGHTS","PENDING_ACCEPTED_SHAPE_AND_PHYSICAL_WEIGHTS","false","false","FIXED","PENDING","REPRESENTATION_ACCEPTED_NUMERIC_PENDING","PENDING_FUTURE_GROWTH; no default growth or heat conversion","KH:2040:Buildings:ServicesFuel:gas","ServicesFuel","true","true","false","MISSING","KH:gas","false","false","","Buildings","","","",""
"KH","2040","Buildings","ServicesFuel","oil","DIRECT_FUEL","","","","","ServicesFuel","EXPLICIT","","2019","","","PENDING_ACCEPTED_COUNTRY_NODE_WEIGHTS","PENDING_ACCEPTED_SHAPE_AND_PHYSICAL_WEIGHTS","false","false","FIXED","PENDING","REPRESENTATION_ACCEPTED_NUMERIC_PENDING","PENDING_FUTURE_GROWTH; no default growth or heat conversion","KH:2040:Buildings:ServicesFuel:oil","ServicesFuel","true","true","false","MISSING","KH:oil","false","false","","Buildings","","","",""
"KH","2050","Buildings","ResidentialDirectElectricity","electricity","DIRECT_ELECTRICITY","","","","Astar","ResidentialDirectElectricity","EMBEDDED","","2019","","","PENDING_ACCEPTED_COUNTRY_NODE_WEIGHTS","PENDING_ACCEPTED_SHAPE_AND_PHYSICAL_WEIGHTS","true","false","FIXED","PENDING","REPRESENTATION_ACCEPTED_NUMERIC_PENDING","PENDING_FUTURE_GROWTH; separate R/S decomposition remains optional inside Astar","KH:2050:Buildings:ResidentialDirectElectricity:electricity","Astar","false","false","false","MISSING","KH:electricity","false","false","","Buildings","","","",""
"KH","2050","Buildings","ResidentialFuel","biomass","DIRECT_FUEL","","","","","ResidentialFuel","EXPLICIT","","2019","","","PENDING_ACCEPTED_COUNTRY_NODE_WEIGHTS","PENDING_ACCEPTED_SHAPE_AND_PHYSICAL_WEIGHTS","false","false","FIXED","PENDING","REPRESENTATION_ACCEPTED_NUMERIC_PENDING","PENDING_FUTURE_GROWTH; no default growth or heat conversion","KH:2050:Buildings:ResidentialFuel:biomass","ResidentialFuel","true","true","false","MISSING","KH:biomass","false","false","","Buildings","","","",""
"KH","2050","Buildings","ResidentialFuel","coal","DIRECT_FUEL","","","","","ResidentialFuel","EXPLICIT","","2019","","","PENDING_ACCEPTED_COUNTRY_NODE_WEIGHTS","PENDING_ACCEPTED_SHAPE_AND_PHYSICAL_WEIGHTS","false","false","FIXED","PENDING","REPRESENTATION_ACCEPTED_NUMERIC_PENDING","PENDING_FUTURE_GROWTH; no default growth or heat conversion","KH:2050:Buildings:ResidentialFuel:coal","ResidentialFuel","true","true","false","MISSING","KH:coal","false","false","","Buildings","","","",""
"KH","2050","Buildings","ResidentialFuel","gas","DIRECT_FUEL","","","","","ResidentialFuel","EXPLICIT","","2019","","","PENDING_ACCEPTED_COUNTRY_NODE_WEIGHTS","PENDING_ACCEPTED_SHAPE_AND_PHYSICAL_WEIGHTS","false","false","FIXED","PENDING","REPRESENTATION_ACCEPTED_NUMERIC_PENDING","PENDING_FUTURE_GROWTH; no default growth or heat conversion","KH:2050:Buildings:ResidentialFuel:gas","ResidentialFuel","true","true","false","MISSING","KH:gas","false","false","","Buildings","","","",""
"KH","2050","Buildings","ResidentialFuel","oil","DIRECT_FUEL","","","","","ResidentialFuel","EXPLICIT","","2019","","","PENDING_ACCEPTED_COUNTRY_NODE_WEIGHTS","PENDING_ACCEPTED_SHAPE_AND_PHYSICAL_WEIGHTS","false","false","FIXED","PENDING","REPRESENTATION_ACCEPTED_NUMERIC_PENDING","PENDING_FUTURE_GROWTH; no default growth or heat conversion","KH:2050:Buildings:ResidentialFuel:oil","ResidentialFuel","true","true","false","MISSING","KH:oil","false","false","","Buildings","","","",""
"KH","2050","Buildings","ServicesDirectElectricity","electricity","DIRECT_ELECTRICITY","","","","Astar","ServicesDirectElectricity","EMBEDDED","","2019","","","PENDING_ACCEPTED_COUNTRY_NODE_WEIGHTS","PENDING_ACCEPTED_SHAPE_AND_PHYSICAL_WEIGHTS","true","false","FIXED","PENDING","REPRESENTATION_ACCEPTED_NUMERIC_PENDING","PENDING_FUTURE_GROWTH; separate R/S decomposition remains optional inside Astar","KH:2050:Buildings:ServicesDirectElectricity:electricity","Astar","false","false","false","MISSING","KH:electricity","false","false","","Buildings","","","",""
"KH","2050","Buildings","ServicesFuel","biomass","DIRECT_FUEL","","","","","ServicesFuel","EXPLICIT","","2019","","","PENDING_ACCEPTED_COUNTRY_NODE_WEIGHTS","PENDING_ACCEPTED_SHAPE_AND_PHYSICAL_WEIGHTS","false","false","FIXED","PENDING","REPRESENTATION_ACCEPTED_NUMERIC_PENDING","PENDING_FUTURE_GROWTH; no default growth or heat conversion","KH:2050:Buildings:ServicesFuel:biomass","ServicesFuel","true","true","false","MISSING","KH:biomass","false","false","","Buildings","","","",""
"KH","2050","Buildings","ServicesFuel","coal","DIRECT_FUEL","","","","","ServicesFuel","EXPLICIT","","2019","","","PENDING_ACCEPTED_COUNTRY_NODE_WEIGHTS","PENDING_ACCEPTED_SHAPE_AND_PHYSICAL_WEIGHTS","false","false","FIXED","PENDING","REPRESENTATION_ACCEPTED_NUMERIC_PENDING","PENDING_FUTURE_GROWTH; no default growth or heat conversion","KH:2050:Buildings:ServicesFuel:coal","ServicesFuel","true","true","false","MISSING","KH:coal","false","false","","Buildings","","","",""
"KH","2050","Buildings","ServicesFuel","gas","DIRECT_FUEL","","","","","ServicesFuel","EXPLICIT","","2019","","","PENDING_ACCEPTED_COUNTRY_NODE_WEIGHTS","PENDING_ACCEPTED_SHAPE_AND_PHYSICAL_WEIGHTS","false","false","FIXED","PENDING","REPRESENTATION_ACCEPTED_NUMERIC_PENDING","PENDING_FUTURE_GROWTH; no default growth or heat conversion","KH:2050:Buildings:ServicesFuel:gas","ServicesFuel","true","true","false","MISSING","KH:gas","false","false","","Buildings","","","",""
"KH","2050","Buildings","ServicesFuel","oil","DIRECT_FUEL","","","","","ServicesFuel","EXPLICIT","","2019","","","PENDING_ACCEPTED_COUNTRY_NODE_WEIGHTS","PENDING_ACCEPTED_SHAPE_AND_PHYSICAL_WEIGHTS","false","false","FIXED","PENDING","REPRESENTATION_ACCEPTED_NUMERIC_PENDING","PENDING_FUTURE_GROWTH; no default growth or heat conversion","KH:2050:Buildings:ServicesFuel:oil","ServicesFuel","true","true","false","MISSING","KH:oil","false","false","","Buildings","","","",""
"LA","2019","Buildings","ResidentialCooking","mixed","EMBEDDED","","","","ResidentialDirectEnergy","ResidentialCooking","EMBEDDED","","2019","","","PENDING_ACCEPTED_COUNTRY_NODE_WEIGHTS","PENDING_ACCEPTED_SHAPE_AND_PHYSICAL_WEIGHTS","false","false","FIXED","EMBEDDED","REPRESENTATION_ACCEPTED_VALUES_NOT_DEFINED","No additional service obligation. Existing final electricity/fuel keeps ownership. Cooking is not space/water heat.","LA:2019:Buildings:ResidentialCooking:mixed","Astar_and_original_fuels","false","false","false","MISSING","LA:mixed","false","false","","Buildings","","","",""
"LA","2019","Buildings","ResidentialCooling","electricity","EMBEDDED","","","","ResidentialDirectEnergy","ResidentialCooling","EMBEDDED","","2019","","","PENDING_ACCEPTED_COUNTRY_NODE_WEIGHTS","PENDING_ACCEPTED_SHAPE_AND_PHYSICAL_WEIGHTS","true","false","FIXED","EMBEDDED","REPRESENTATION_ACCEPTED_VALUES_NOT_DEFINED","No additional service obligation. Existing final electricity/fuel keeps ownership. Cooking is not space/water heat.","LA:2019:Buildings:ResidentialCooling:electricity","Astar_and_original_fuels","false","false","false","MISSING","LA:electricity","false","false","","Buildings","","","",""
"LA","2019","Buildings","ResidentialDirectElectricity","electricity","DIRECT_ELECTRICITY","2135.78","Kilowatt-hours, million","2135780.0","Astar","ResidentialDirectElectricity","EMBEDDED","/home/jin/research/SGP_ESE5004_Stage2/pypsa-asean/data/demand/unsd/data/UNdata_Export_20250502_110820872.txt","2019","12c99b3c40927449d9a4d0402f255a8b84b24917ff58e54efd4ec43b2125fe6b","Exact raw transaction; million kWh * 1000 = MWh; no losses or AEO scaling","PENDING_ACCEPTED_COUNTRY_NODE_WEIGHTS","PENDING_ACCEPTED_SHAPE_AND_PHYSICAL_WEIGHTS","true","false","FIXED","PENDING","REPRESENTATION_ACCEPTED_NUMERIC_PENDING","Separate R/S identity retained in Astar; no second electricity Load; numeric decomposition is unaccepted","LA:2019:Buildings:ResidentialDirectElectricity:electricity","Astar","false","false","false","REPORTED_VALUE","LA:electricity","false","false","Consumption by households; physical line end 50944","Buildings","","","",""
"LA","2019","Buildings","ResidentialFuel","biomass","DIRECT_FUEL","9.866","TWh/year","9866000.0","","ResidentialFuel","EXPLICIT","/home/jin/research/SGP_ESE5004_Stage2/pypsa-asean/resources/baseline-aims-3H-tutorial/energy_totals_base.csv","2019","af27beafc01cfb1920a23e632c05e858883a28efd9bbf94df3dfdba455fde261","Frozen derived cache; TWh/year -> MWh; raw/calorific provenance still pending","PENDING_ACCEPTED_COUNTRY_NODE_WEIGHTS","PENDING_ACCEPTED_SHAPE_AND_PHYSICAL_WEIGHTS","false","false","FIXED","FROZEN_UPSTREAM","REPRESENTATION_ACCEPTED_NUMERIC_PENDING","Fixed final fuel; no useful-heat inference; cooking remains within original fuel. Coal not recast as electricity.","LA:2019:Buildings:ResidentialFuel:biomass","ResidentialFuel","true","true","false","POSITIVE_CACHE_VALUE","LA:biomass","false","false","LA/residential biomass","Buildings","","","",""
"LA","2019","Buildings","ResidentialFuel","coal","DIRECT_FUEL","","TWh/year","","","ResidentialFuel","EXPLICIT","/home/jin/research/SGP_ESE5004_Stage2/pypsa-asean/resources/baseline-aims-3H-tutorial/energy_totals_base.csv","2019","af27beafc01cfb1920a23e632c05e858883a28efd9bbf94df3dfdba455fde261","Frozen derived cache; TWh/year -> MWh; raw/calorific provenance still pending","PENDING_ACCEPTED_COUNTRY_NODE_WEIGHTS","PENDING_ACCEPTED_SHAPE_AND_PHYSICAL_WEIGHTS","false","false","FIXED","MISSING","REPRESENTATION_ACCEPTED_NUMERIC_PENDING","Fixed final fuel; no useful-heat inference; cooking remains within original fuel. Coal not recast as electricity.; cache has no original R/S coal column; source recovery required","LA:2019:Buildings:ResidentialFuel:coal","ResidentialFuel","true","true","false","MISSING","LA:coal","false","false","LA/residential coal","Buildings","","","",""
"LA","2019","Buildings","ResidentialFuel","gas","DIRECT_FUEL","0.0","TWh/year","","","ResidentialFuel","EXPLICIT","/home/jin/research/SGP_ESE5004_Stage2/pypsa-asean/resources/baseline-aims-3H-tutorial/energy_totals_base.csv","2019","af27beafc01cfb1920a23e632c05e858883a28efd9bbf94df3dfdba455fde261","Frozen derived cache; TWh/year -> MWh; raw/calorific provenance still pending","PENDING_ACCEPTED_COUNTRY_NODE_WEIGHTS","PENDING_ACCEPTED_SHAPE_AND_PHYSICAL_WEIGHTS","false","false","FIXED","MISSING","REPRESENTATION_ACCEPTED_NUMERIC_PENDING","Fixed final fuel; no useful-heat inference; cooking remains within original fuel. Coal not recast as electricity.; cache zero has no certified raw-zero evidence","LA:2019:Buildings:ResidentialFuel:gas","ResidentialFuel","true","true","false","CACHE_ZERO_UNVERIFIED","LA:gas","false","false","LA/residential gas","Buildings","","","",""
"LA","2019","Buildings","ResidentialFuel","oil","DIRECT_FUEL","0.0919","TWh/year","91900.0","","ResidentialFuel","EXPLICIT","/home/jin/research/SGP_ESE5004_Stage2/pypsa-asean/resources/baseline-aims-3H-tutorial/energy_totals_base.csv","2019","af27beafc01cfb1920a23e632c05e858883a28efd9bbf94df3dfdba455fde261","Frozen derived cache; TWh/year -> MWh; raw/calorific provenance still pending","PENDING_ACCEPTED_COUNTRY_NODE_WEIGHTS","PENDING_ACCEPTED_SHAPE_AND_PHYSICAL_WEIGHTS","false","false","FIXED","FROZEN_UPSTREAM","REPRESENTATION_ACCEPTED_NUMERIC_PENDING","Fixed final fuel; no useful-heat inference; cooking remains within original fuel. Coal not recast as electricity.","LA:2019:Buildings:ResidentialFuel:oil","ResidentialFuel","true","true","false","POSITIVE_CACHE_VALUE","LA:oil","false","false","LA/residential oil","Buildings","","","",""
"LA","2019","Buildings","ResidentialSpaceHeat","mixed","EMBEDDED","","","","ResidentialDirectEnergy","ResidentialSpaceHeat","EMBEDDED","","2019","","","PENDING_ACCEPTED_COUNTRY_NODE_WEIGHTS","PENDING_ACCEPTED_SHAPE_AND_PHYSICAL_WEIGHTS","false","false","FIXED","EMBEDDED","REPRESENTATION_ACCEPTED_VALUES_NOT_DEFINED","No additional service obligation. Existing final electricity/fuel keeps ownership. Cooking is not space/water heat.","LA:2019:Buildings:ResidentialSpaceHeat:mixed","Astar_and_original_fuels","false","false","false","MISSING","LA:mixed","false","false","","Buildings","","","",""
"LA","2019","Buildings","ResidentialWaterHeat","mixed","EMBEDDED","","","","ResidentialDirectEnergy","ResidentialWaterHeat","EMBEDDED","","2019","","","PENDING_ACCEPTED_COUNTRY_NODE_WEIGHTS","PENDING_ACCEPTED_SHAPE_AND_PHYSICAL_WEIGHTS","false","false","FIXED","EMBEDDED","REPRESENTATION_ACCEPTED_VALUES_NOT_DEFINED","No additional service obligation. Existing final electricity/fuel keeps ownership. Cooking is not space/water heat.","LA:2019:Buildings:ResidentialWaterHeat:mixed","Astar_and_original_fuels","false","false","false","MISSING","LA:mixed","false","false","","Buildings","","","",""
"LA","2019","Buildings","ServicesCooking","mixed","EMBEDDED","","","","ServicesDirectEnergy","ServicesCooking","EMBEDDED","","2019","","","PENDING_ACCEPTED_COUNTRY_NODE_WEIGHTS","PENDING_ACCEPTED_SHAPE_AND_PHYSICAL_WEIGHTS","false","false","FIXED","EMBEDDED","REPRESENTATION_ACCEPTED_VALUES_NOT_DEFINED","No additional service obligation. Existing final electricity/fuel keeps ownership. Cooking is not space/water heat.","LA:2019:Buildings:ServicesCooking:mixed","Astar_and_original_fuels","false","false","false","MISSING","LA:mixed","false","false","","Buildings","","","",""
"LA","2019","Buildings","ServicesCooling","electricity","EMBEDDED","","","","ServicesDirectEnergy","ServicesCooling","EMBEDDED","","2019","","","PENDING_ACCEPTED_COUNTRY_NODE_WEIGHTS","PENDING_ACCEPTED_SHAPE_AND_PHYSICAL_WEIGHTS","true","false","FIXED","EMBEDDED","REPRESENTATION_ACCEPTED_VALUES_NOT_DEFINED","No additional service obligation. Existing final electricity/fuel keeps ownership. Cooking is not space/water heat.","LA:2019:Buildings:ServicesCooling:electricity","Astar_and_original_fuels","false","false","false","MISSING","LA:electricity","false","false","","Buildings","","","",""
"LA","2019","Buildings","ServicesDirectElectricity","electricity","DIRECT_ELECTRICITY","1275.41","Kilowatt-hours, million","1275410.0","Astar","ServicesDirectElectricity","EMBEDDED","/home/jin/research/SGP_ESE5004_Stage2/pypsa-asean/data/demand/unsd/data/UNdata_Export_20250502_110820872.txt","2019","12c99b3c40927449d9a4d0402f255a8b84b24917ff58e54efd4ec43b2125fe6b","Exact raw transaction; million kWh * 1000 = MWh; no losses or AEO scaling","PENDING_ACCEPTED_COUNTRY_NODE_WEIGHTS","PENDING_ACCEPTED_SHAPE_AND_PHYSICAL_WEIGHTS","true","false","FIXED","PENDING","REPRESENTATION_ACCEPTED_NUMERIC_PENDING","Separate R/S identity retained in Astar; no second electricity Load; numeric decomposition is unaccepted","LA:2019:Buildings:ServicesDirectElectricity:electricity","Astar","false","false","false","REPORTED_VALUE","LA:electricity","false","false","Consumption by commercial and public services; physical line end 50989","Buildings","","","",""
"LA","2019","Buildings","ServicesFuel","biomass","DIRECT_FUEL","2.855","TWh/year","2855000.0","","ServicesFuel","EXPLICIT","/home/jin/research/SGP_ESE5004_Stage2/pypsa-asean/resources/baseline-aims-3H-tutorial/energy_totals_base.csv","2019","af27beafc01cfb1920a23e632c05e858883a28efd9bbf94df3dfdba455fde261","Frozen derived cache; TWh/year -> MWh; raw/calorific provenance still pending","PENDING_ACCEPTED_COUNTRY_NODE_WEIGHTS","PENDING_ACCEPTED_SHAPE_AND_PHYSICAL_WEIGHTS","false","false","FIXED","FROZEN_UPSTREAM","REPRESENTATION_ACCEPTED_NUMERIC_PENDING","Fixed final fuel; no useful-heat inference; cooking remains within original fuel. Coal not recast as electricity.","LA:2019:Buildings:ServicesFuel:biomass","ServicesFuel","true","true","false","POSITIVE_CACHE_VALUE","LA:biomass","false","false","LA/services biomass","Buildings","","","",""
"LA","2019","Buildings","ServicesFuel","coal","DIRECT_FUEL","","TWh/year","","","ServicesFuel","EXPLICIT","/home/jin/research/SGP_ESE5004_Stage2/pypsa-asean/resources/baseline-aims-3H-tutorial/energy_totals_base.csv","2019","af27beafc01cfb1920a23e632c05e858883a28efd9bbf94df3dfdba455fde261","Frozen derived cache; TWh/year -> MWh; raw/calorific provenance still pending","PENDING_ACCEPTED_COUNTRY_NODE_WEIGHTS","PENDING_ACCEPTED_SHAPE_AND_PHYSICAL_WEIGHTS","false","false","FIXED","MISSING","REPRESENTATION_ACCEPTED_NUMERIC_PENDING","Fixed final fuel; no useful-heat inference; cooking remains within original fuel. Coal not recast as electricity.; cache has no original R/S coal column; source recovery required","LA:2019:Buildings:ServicesFuel:coal","ServicesFuel","true","true","false","MISSING","LA:coal","false","false","LA/services coal","Buildings","","","",""
"LA","2019","Buildings","ServicesFuel","gas","DIRECT_FUEL","0.0","TWh/year","","","ServicesFuel","EXPLICIT","/home/jin/research/SGP_ESE5004_Stage2/pypsa-asean/resources/baseline-aims-3H-tutorial/energy_totals_base.csv","2019","af27beafc01cfb1920a23e632c05e858883a28efd9bbf94df3dfdba455fde261","Frozen derived cache; TWh/year -> MWh; raw/calorific provenance still pending","PENDING_ACCEPTED_COUNTRY_NODE_WEIGHTS","PENDING_ACCEPTED_SHAPE_AND_PHYSICAL_WEIGHTS","false","false","FIXED","MISSING","REPRESENTATION_ACCEPTED_NUMERIC_PENDING","Fixed final fuel; no useful-heat inference; cooking remains within original fuel. Coal not recast as electricity.; cache zero has no certified raw-zero evidence","LA:2019:Buildings:ServicesFuel:gas","ServicesFuel","true","true","false","CACHE_ZERO_UNVERIFIED","LA:gas","false","false","LA/services gas","Buildings","","","",""
"LA","2019","Buildings","ServicesFuel","oil","DIRECT_FUEL","0.1313","TWh/year","131300.0","","ServicesFuel","EXPLICIT","/home/jin/research/SGP_ESE5004_Stage2/pypsa-asean/resources/baseline-aims-3H-tutorial/energy_totals_base.csv","2019","af27beafc01cfb1920a23e632c05e858883a28efd9bbf94df3dfdba455fde261","Frozen derived cache; TWh/year -> MWh; raw/calorific provenance still pending","PENDING_ACCEPTED_COUNTRY_NODE_WEIGHTS","PENDING_ACCEPTED_SHAPE_AND_PHYSICAL_WEIGHTS","false","false","FIXED","FROZEN_UPSTREAM","REPRESENTATION_ACCEPTED_NUMERIC_PENDING","Fixed final fuel; no useful-heat inference; cooking remains within original fuel. Coal not recast as electricity.","LA:2019:Buildings:ServicesFuel:oil","ServicesFuel","true","true","false","POSITIVE_CACHE_VALUE","LA:oil","false","false","LA/services oil","Buildings","","","",""
"LA","2019","Buildings","ServicesSpaceHeat","mixed","EMBEDDED","","","","ServicesDirectEnergy","ServicesSpaceHeat","EMBEDDED","","2019","","","PENDING_ACCEPTED_COUNTRY_NODE_WEIGHTS","PENDING_ACCEPTED_SHAPE_AND_PHYSICAL_WEIGHTS","false","false","FIXED","EMBEDDED","REPRESENTATION_ACCEPTED_VALUES_NOT_DEFINED","No additional service obligation. Existing final electricity/fuel keeps ownership. Cooking is not space/water heat.","LA:2019:Buildings:ServicesSpaceHeat:mixed","Astar_and_original_fuels","false","false","false","MISSING","LA:mixed","false","false","","Buildings","","","",""
"LA","2019","Buildings","ServicesWaterHeat","mixed","EMBEDDED","","","","ServicesDirectEnergy","ServicesWaterHeat","EMBEDDED","","2019","","","PENDING_ACCEPTED_COUNTRY_NODE_WEIGHTS","PENDING_ACCEPTED_SHAPE_AND_PHYSICAL_WEIGHTS","false","false","FIXED","EMBEDDED","REPRESENTATION_ACCEPTED_VALUES_NOT_DEFINED","No additional service obligation. Existing final electricity/fuel keeps ownership. Cooking is not space/water heat.","LA:2019:Buildings:ServicesWaterHeat:mixed","Astar_and_original_fuels","false","false","false","MISSING","LA:mixed","false","false","","Buildings","","","",""
"LA","2030","Buildings","ResidentialDirectElectricity","electricity","DIRECT_ELECTRICITY","","","","Astar","ResidentialDirectElectricity","EMBEDDED","","2019","","","PENDING_ACCEPTED_COUNTRY_NODE_WEIGHTS","PENDING_ACCEPTED_SHAPE_AND_PHYSICAL_WEIGHTS","true","false","FIXED","PENDING","REPRESENTATION_ACCEPTED_NUMERIC_PENDING","PENDING_FUTURE_GROWTH; separate R/S decomposition remains optional inside Astar","LA:2030:Buildings:ResidentialDirectElectricity:electricity","Astar","false","false","false","MISSING","LA:electricity","false","false","","Buildings","","","",""
"LA","2030","Buildings","ResidentialFuel","biomass","DIRECT_FUEL","","","","","ResidentialFuel","EXPLICIT","","2019","","","PENDING_ACCEPTED_COUNTRY_NODE_WEIGHTS","PENDING_ACCEPTED_SHAPE_AND_PHYSICAL_WEIGHTS","false","false","FIXED","PENDING","REPRESENTATION_ACCEPTED_NUMERIC_PENDING","PENDING_FUTURE_GROWTH; no default growth or heat conversion","LA:2030:Buildings:ResidentialFuel:biomass","ResidentialFuel","true","true","false","MISSING","LA:biomass","false","false","","Buildings","","","",""
"LA","2030","Buildings","ResidentialFuel","coal","DIRECT_FUEL","","","","","ResidentialFuel","EXPLICIT","","2019","","","PENDING_ACCEPTED_COUNTRY_NODE_WEIGHTS","PENDING_ACCEPTED_SHAPE_AND_PHYSICAL_WEIGHTS","false","false","FIXED","PENDING","REPRESENTATION_ACCEPTED_NUMERIC_PENDING","PENDING_FUTURE_GROWTH; no default growth or heat conversion","LA:2030:Buildings:ResidentialFuel:coal","ResidentialFuel","true","true","false","MISSING","LA:coal","false","false","","Buildings","","","",""
"LA","2030","Buildings","ResidentialFuel","gas","DIRECT_FUEL","","","","","ResidentialFuel","EXPLICIT","","2019","","","PENDING_ACCEPTED_COUNTRY_NODE_WEIGHTS","PENDING_ACCEPTED_SHAPE_AND_PHYSICAL_WEIGHTS","false","false","FIXED","PENDING","REPRESENTATION_ACCEPTED_NUMERIC_PENDING","PENDING_FUTURE_GROWTH; no default growth or heat conversion","LA:2030:Buildings:ResidentialFuel:gas","ResidentialFuel","true","true","false","MISSING","LA:gas","false","false","","Buildings","","","",""
"LA","2030","Buildings","ResidentialFuel","oil","DIRECT_FUEL","","","","","ResidentialFuel","EXPLICIT","","2019","","","PENDING_ACCEPTED_COUNTRY_NODE_WEIGHTS","PENDING_ACCEPTED_SHAPE_AND_PHYSICAL_WEIGHTS","false","false","FIXED","PENDING","REPRESENTATION_ACCEPTED_NUMERIC_PENDING","PENDING_FUTURE_GROWTH; no default growth or heat conversion","LA:2030:Buildings:ResidentialFuel:oil","ResidentialFuel","true","true","false","MISSING","LA:oil","false","false","","Buildings","","","",""
"LA","2030","Buildings","ServicesDirectElectricity","electricity","DIRECT_ELECTRICITY","","","","Astar","ServicesDirectElectricity","EMBEDDED","","2019","","","PENDING_ACCEPTED_COUNTRY_NODE_WEIGHTS","PENDING_ACCEPTED_SHAPE_AND_PHYSICAL_WEIGHTS","true","false","FIXED","PENDING","REPRESENTATION_ACCEPTED_NUMERIC_PENDING","PENDING_FUTURE_GROWTH; separate R/S decomposition remains optional inside Astar","LA:2030:Buildings:ServicesDirectElectricity:electricity","Astar","false","false","false","MISSING","LA:electricity","false","false","","Buildings","","","",""
"LA","2030","Buildings","ServicesFuel","biomass","DIRECT_FUEL","","","","","ServicesFuel","EXPLICIT","","2019","","","PENDING_ACCEPTED_COUNTRY_NODE_WEIGHTS","PENDING_ACCEPTED_SHAPE_AND_PHYSICAL_WEIGHTS","false","false","FIXED","PENDING","REPRESENTATION_ACCEPTED_NUMERIC_PENDING","PENDING_FUTURE_GROWTH; no default growth or heat conversion","LA:2030:Buildings:ServicesFuel:biomass","ServicesFuel","true","true","false","MISSING","LA:biomass","false","false","","Buildings","","","",""
"LA","2030","Buildings","ServicesFuel","coal","DIRECT_FUEL","","","","","ServicesFuel","EXPLICIT","","2019","","","PENDING_ACCEPTED_COUNTRY_NODE_WEIGHTS","PENDING_ACCEPTED_SHAPE_AND_PHYSICAL_WEIGHTS","false","false","FIXED","PENDING","REPRESENTATION_ACCEPTED_NUMERIC_PENDING","PENDING_FUTURE_GROWTH; no default growth or heat conversion","LA:2030:Buildings:ServicesFuel:coal","ServicesFuel","true","true","false","MISSING","LA:coal","false","false","","Buildings","","","",""
"LA","2030","Buildings","ServicesFuel","gas","DIRECT_FUEL","","","","","ServicesFuel","EXPLICIT","","2019","","","PENDING_ACCEPTED_COUNTRY_NODE_WEIGHTS","PENDING_ACCEPTED_SHAPE_AND_PHYSICAL_WEIGHTS","false","false","FIXED","PENDING","REPRESENTATION_ACCEPTED_NUMERIC_PENDING","PENDING_FUTURE_GROWTH; no default growth or heat conversion","LA:2030:Buildings:ServicesFuel:gas","ServicesFuel","true","true","false","MISSING","LA:gas","false","false","","Buildings","","","",""
"LA","2030","Buildings","ServicesFuel","oil","DIRECT_FUEL","","","","","ServicesFuel","EXPLICIT","","2019","","","PENDING_ACCEPTED_COUNTRY_NODE_WEIGHTS","PENDING_ACCEPTED_SHAPE_AND_PHYSICAL_WEIGHTS","false","false","FIXED","PENDING","REPRESENTATION_ACCEPTED_NUMERIC_PENDING","PENDING_FUTURE_GROWTH; no default growth or heat conversion","LA:2030:Buildings:ServicesFuel:oil","ServicesFuel","true","true","false","MISSING","LA:oil","false","false","","Buildings","","","",""
"LA","2040","Buildings","ResidentialDirectElectricity","electricity","DIRECT_ELECTRICITY","","","","Astar","ResidentialDirectElectricity","EMBEDDED","","2019","","","PENDING_ACCEPTED_COUNTRY_NODE_WEIGHTS","PENDING_ACCEPTED_SHAPE_AND_PHYSICAL_WEIGHTS","true","false","FIXED","PENDING","REPRESENTATION_ACCEPTED_NUMERIC_PENDING","PENDING_FUTURE_GROWTH; separate R/S decomposition remains optional inside Astar","LA:2040:Buildings:ResidentialDirectElectricity:electricity","Astar","false","false","false","MISSING","LA:electricity","false","false","","Buildings","","","",""
"LA","2040","Buildings","ResidentialFuel","biomass","DIRECT_FUEL","","","","","ResidentialFuel","EXPLICIT","","2019","","","PENDING_ACCEPTED_COUNTRY_NODE_WEIGHTS","PENDING_ACCEPTED_SHAPE_AND_PHYSICAL_WEIGHTS","false","false","FIXED","PENDING","REPRESENTATION_ACCEPTED_NUMERIC_PENDING","PENDING_FUTURE_GROWTH; no default growth or heat conversion","LA:2040:Buildings:ResidentialFuel:biomass","ResidentialFuel","true","true","false","MISSING","LA:biomass","false","false","","Buildings","","","",""
"LA","2040","Buildings","ResidentialFuel","coal","DIRECT_FUEL","","","","","ResidentialFuel","EXPLICIT","","2019","","","PENDING_ACCEPTED_COUNTRY_NODE_WEIGHTS","PENDING_ACCEPTED_SHAPE_AND_PHYSICAL_WEIGHTS","false","false","FIXED","PENDING","REPRESENTATION_ACCEPTED_NUMERIC_PENDING","PENDING_FUTURE_GROWTH; no default growth or heat conversion","LA:2040:Buildings:ResidentialFuel:coal","ResidentialFuel","true","true","false","MISSING","LA:coal","false","false","","Buildings","","","",""
"LA","2040","Buildings","ResidentialFuel","gas","DIRECT_FUEL","","","","","ResidentialFuel","EXPLICIT","","2019","","","PENDING_ACCEPTED_COUNTRY_NODE_WEIGHTS","PENDING_ACCEPTED_SHAPE_AND_PHYSICAL_WEIGHTS","false","false","FIXED","PENDING","REPRESENTATION_ACCEPTED_NUMERIC_PENDING","PENDING_FUTURE_GROWTH; no default growth or heat conversion","LA:2040:Buildings:ResidentialFuel:gas","ResidentialFuel","true","true","false","MISSING","LA:gas","false","false","","Buildings","","","",""
"LA","2040","Buildings","ResidentialFuel","oil","DIRECT_FUEL","","","","","ResidentialFuel","EXPLICIT","","2019","","","PENDING_ACCEPTED_COUNTRY_NODE_WEIGHTS","PENDING_ACCEPTED_SHAPE_AND_PHYSICAL_WEIGHTS","false","false","FIXED","PENDING","REPRESENTATION_ACCEPTED_NUMERIC_PENDING","PENDING_FUTURE_GROWTH; no default growth or heat conversion","LA:2040:Buildings:ResidentialFuel:oil","ResidentialFuel","true","true","false","MISSING","LA:oil","false","false","","Buildings","","","",""
"LA","2040","Buildings","ServicesDirectElectricity","electricity","DIRECT_ELECTRICITY","","","","Astar","ServicesDirectElectricity","EMBEDDED","","2019","","","PENDING_ACCEPTED_COUNTRY_NODE_WEIGHTS","PENDING_ACCEPTED_SHAPE_AND_PHYSICAL_WEIGHTS","true","false","FIXED","PENDING","REPRESENTATION_ACCEPTED_NUMERIC_PENDING","PENDING_FUTURE_GROWTH; separate R/S decomposition remains optional inside Astar","LA:2040:Buildings:ServicesDirectElectricity:electricity","Astar","false","false","false","MISSING","LA:electricity","false","false","","Buildings","","","",""
"LA","2040","Buildings","ServicesFuel","biomass","DIRECT_FUEL","","","","","ServicesFuel","EXPLICIT","","2019","","","PENDING_ACCEPTED_COUNTRY_NODE_WEIGHTS","PENDING_ACCEPTED_SHAPE_AND_PHYSICAL_WEIGHTS","false","false","FIXED","PENDING","REPRESENTATION_ACCEPTED_NUMERIC_PENDING","PENDING_FUTURE_GROWTH; no default growth or heat conversion","LA:2040:Buildings:ServicesFuel:biomass","ServicesFuel","true","true","false","MISSING","LA:biomass","false","false","","Buildings","","","",""
"LA","2040","Buildings","ServicesFuel","coal","DIRECT_FUEL","","","","","ServicesFuel","EXPLICIT","","2019","","","PENDING_ACCEPTED_COUNTRY_NODE_WEIGHTS","PENDING_ACCEPTED_SHAPE_AND_PHYSICAL_WEIGHTS","false","false","FIXED","PENDING","REPRESENTATION_ACCEPTED_NUMERIC_PENDING","PENDING_FUTURE_GROWTH; no default growth or heat conversion","LA:2040:Buildings:ServicesFuel:coal","ServicesFuel","true","true","false","MISSING","LA:coal","false","false","","Buildings","","","",""
"LA","2040","Buildings","ServicesFuel","gas","DIRECT_FUEL","","","","","ServicesFuel","EXPLICIT","","2019","","","PENDING_ACCEPTED_COUNTRY_NODE_WEIGHTS","PENDING_ACCEPTED_SHAPE_AND_PHYSICAL_WEIGHTS","false","false","FIXED","PENDING","REPRESENTATION_ACCEPTED_NUMERIC_PENDING","PENDING_FUTURE_GROWTH; no default growth or heat conversion","LA:2040:Buildings:ServicesFuel:gas","ServicesFuel","true","true","false","MISSING","LA:gas","false","false","","Buildings","","","",""
"LA","2040","Buildings","ServicesFuel","oil","DIRECT_FUEL","","","","","ServicesFuel","EXPLICIT","","2019","","","PENDING_ACCEPTED_COUNTRY_NODE_WEIGHTS","PENDING_ACCEPTED_SHAPE_AND_PHYSICAL_WEIGHTS","false","false","FIXED","PENDING","REPRESENTATION_ACCEPTED_NUMERIC_PENDING","PENDING_FUTURE_GROWTH; no default growth or heat conversion","LA:2040:Buildings:ServicesFuel:oil","ServicesFuel","true","true","false","MISSING","LA:oil","false","false","","Buildings","","","",""
"LA","2050","Buildings","ResidentialDirectElectricity","electricity","DIRECT_ELECTRICITY","","","","Astar","ResidentialDirectElectricity","EMBEDDED","","2019","","","PENDING_ACCEPTED_COUNTRY_NODE_WEIGHTS","PENDING_ACCEPTED_SHAPE_AND_PHYSICAL_WEIGHTS","true","false","FIXED","PENDING","REPRESENTATION_ACCEPTED_NUMERIC_PENDING","PENDING_FUTURE_GROWTH; separate R/S decomposition remains optional inside Astar","LA:2050:Buildings:ResidentialDirectElectricity:electricity","Astar","false","false","false","MISSING","LA:electricity","false","false","","Buildings","","","",""
"LA","2050","Buildings","ResidentialFuel","biomass","DIRECT_FUEL","","","","","ResidentialFuel","EXPLICIT","","2019","","","PENDING_ACCEPTED_COUNTRY_NODE_WEIGHTS","PENDING_ACCEPTED_SHAPE_AND_PHYSICAL_WEIGHTS","false","false","FIXED","PENDING","REPRESENTATION_ACCEPTED_NUMERIC_PENDING","PENDING_FUTURE_GROWTH; no default growth or heat conversion","LA:2050:Buildings:ResidentialFuel:biomass","ResidentialFuel","true","true","false","MISSING","LA:biomass","false","false","","Buildings","","","",""
"LA","2050","Buildings","ResidentialFuel","coal","DIRECT_FUEL","","","","","ResidentialFuel","EXPLICIT","","2019","","","PENDING_ACCEPTED_COUNTRY_NODE_WEIGHTS","PENDING_ACCEPTED_SHAPE_AND_PHYSICAL_WEIGHTS","false","false","FIXED","PENDING","REPRESENTATION_ACCEPTED_NUMERIC_PENDING","PENDING_FUTURE_GROWTH; no default growth or heat conversion","LA:2050:Buildings:ResidentialFuel:coal","ResidentialFuel","true","true","false","MISSING","LA:coal","false","false","","Buildings","","","",""
"LA","2050","Buildings","ResidentialFuel","gas","DIRECT_FUEL","","","","","ResidentialFuel","EXPLICIT","","2019","","","PENDING_ACCEPTED_COUNTRY_NODE_WEIGHTS","PENDING_ACCEPTED_SHAPE_AND_PHYSICAL_WEIGHTS","false","false","FIXED","PENDING","REPRESENTATION_ACCEPTED_NUMERIC_PENDING","PENDING_FUTURE_GROWTH; no default growth or heat conversion","LA:2050:Buildings:ResidentialFuel:gas","ResidentialFuel","true","true","false","MISSING","LA:gas","false","false","","Buildings","","","",""
"LA","2050","Buildings","ResidentialFuel","oil","DIRECT_FUEL","","","","","ResidentialFuel","EXPLICIT","","2019","","","PENDING_ACCEPTED_COUNTRY_NODE_WEIGHTS","PENDING_ACCEPTED_SHAPE_AND_PHYSICAL_WEIGHTS","false","false","FIXED","PENDING","REPRESENTATION_ACCEPTED_NUMERIC_PENDING","PENDING_FUTURE_GROWTH; no default growth or heat conversion","LA:2050:Buildings:ResidentialFuel:oil","ResidentialFuel","true","true","false","MISSING","LA:oil","false","false","","Buildings","","","",""
"LA","2050","Buildings","ServicesDirectElectricity","electricity","DIRECT_ELECTRICITY","","","","Astar","ServicesDirectElectricity","EMBEDDED","","2019","","","PENDING_ACCEPTED_COUNTRY_NODE_WEIGHTS","PENDING_ACCEPTED_SHAPE_AND_PHYSICAL_WEIGHTS","true","false","FIXED","PENDING","REPRESENTATION_ACCEPTED_NUMERIC_PENDING","PENDING_FUTURE_GROWTH; separate R/S decomposition remains optional inside Astar","LA:2050:Buildings:ServicesDirectElectricity:electricity","Astar","false","false","false","MISSING","LA:electricity","false","false","","Buildings","","","",""
"LA","2050","Buildings","ServicesFuel","biomass","DIRECT_FUEL","","","","","ServicesFuel","EXPLICIT","","2019","","","PENDING_ACCEPTED_COUNTRY_NODE_WEIGHTS","PENDING_ACCEPTED_SHAPE_AND_PHYSICAL_WEIGHTS","false","false","FIXED","PENDING","REPRESENTATION_ACCEPTED_NUMERIC_PENDING","PENDING_FUTURE_GROWTH; no default growth or heat conversion","LA:2050:Buildings:ServicesFuel:biomass","ServicesFuel","true","true","false","MISSING","LA:biomass","false","false","","Buildings","","","",""
"LA","2050","Buildings","ServicesFuel","coal","DIRECT_FUEL","","","","","ServicesFuel","EXPLICIT","","2019","","","PENDING_ACCEPTED_COUNTRY_NODE_WEIGHTS","PENDING_ACCEPTED_SHAPE_AND_PHYSICAL_WEIGHTS","false","false","FIXED","PENDING","REPRESENTATION_ACCEPTED_NUMERIC_PENDING","PENDING_FUTURE_GROWTH; no default growth or heat conversion","LA:2050:Buildings:ServicesFuel:coal","ServicesFuel","true","true","false","MISSING","LA:coal","false","false","","Buildings","","","",""
"LA","2050","Buildings","ServicesFuel","gas","DIRECT_FUEL","","","","","ServicesFuel","EXPLICIT","","2019","","","PENDING_ACCEPTED_COUNTRY_NODE_WEIGHTS","PENDING_ACCEPTED_SHAPE_AND_PHYSICAL_WEIGHTS","false","false","FIXED","PENDING","REPRESENTATION_ACCEPTED_NUMERIC_PENDING","PENDING_FUTURE_GROWTH; no default growth or heat conversion","LA:2050:Buildings:ServicesFuel:gas","ServicesFuel","true","true","false","MISSING","LA:gas","false","false","","Buildings","","","",""
"LA","2050","Buildings","ServicesFuel","oil","DIRECT_FUEL","","","","","ServicesFuel","EXPLICIT","","2019","","","PENDING_ACCEPTED_COUNTRY_NODE_WEIGHTS","PENDING_ACCEPTED_SHAPE_AND_PHYSICAL_WEIGHTS","false","false","FIXED","PENDING","REPRESENTATION_ACCEPTED_NUMERIC_PENDING","PENDING_FUTURE_GROWTH; no default growth or heat conversion","LA:2050:Buildings:ServicesFuel:oil","ServicesFuel","true","true","false","MISSING","LA:oil","false","false","","Buildings","","","",""
"MM","2019","Buildings","ResidentialCooking","mixed","EMBEDDED","","","","ResidentialDirectEnergy","ResidentialCooking","EMBEDDED","","2019","","","PENDING_ACCEPTED_COUNTRY_NODE_WEIGHTS","PENDING_ACCEPTED_SHAPE_AND_PHYSICAL_WEIGHTS","false","false","FIXED","EMBEDDED","REPRESENTATION_ACCEPTED_VALUES_NOT_DEFINED","No additional service obligation. Existing final electricity/fuel keeps ownership. Cooking is not space/water heat.","MM:2019:Buildings:ResidentialCooking:mixed","Astar_and_original_fuels","false","false","false","MISSING","MM:mixed","false","false","","Buildings","","","",""
"MM","2019","Buildings","ResidentialCooling","electricity","EMBEDDED","","","","ResidentialDirectEnergy","ResidentialCooling","EMBEDDED","","2019","","","PENDING_ACCEPTED_COUNTRY_NODE_WEIGHTS","PENDING_ACCEPTED_SHAPE_AND_PHYSICAL_WEIGHTS","true","false","FIXED","EMBEDDED","REPRESENTATION_ACCEPTED_VALUES_NOT_DEFINED","No additional service obligation. Existing final electricity/fuel keeps ownership. Cooking is not space/water heat.","MM:2019:Buildings:ResidentialCooling:electricity","Astar_and_original_fuels","false","false","false","MISSING","MM:electricity","false","false","","Buildings","","","",""
"MM","2019","Buildings","ResidentialDirectElectricity","electricity","DIRECT_ELECTRICITY","8075.79","Kilowatt-hours, million","8075790.0","Astar","ResidentialDirectElectricity","EMBEDDED","/home/jin/research/SGP_ESE5004_Stage2/pypsa-asean/data/demand/unsd/data/UNdata_Export_20250502_110820872.txt","2019","12c99b3c40927449d9a4d0402f255a8b84b24917ff58e54efd4ec43b2125fe6b","Exact raw transaction; million kWh * 1000 = MWh; no losses or AEO scaling","PENDING_ACCEPTED_COUNTRY_NODE_WEIGHTS","PENDING_ACCEPTED_SHAPE_AND_PHYSICAL_WEIGHTS","true","false","FIXED","PENDING","REPRESENTATION_ACCEPTED_NUMERIC_PENDING","Separate R/S identity retained in Astar; no second electricity Load; numeric decomposition is unaccepted","MM:2019:Buildings:ResidentialDirectElectricity:electricity","Astar","false","false","false","REPORTED_VALUE","MM:electricity","false","false","Consumption by households; physical line end 61048","Buildings","","","",""
"MM","2019","Buildings","ResidentialFuel","biomass","DIRECT_FUEL","55.95","TWh/year","55950000.0","","ResidentialFuel","EXPLICIT","/home/jin/research/SGP_ESE5004_Stage2/pypsa-asean/resources/baseline-aims-3H-tutorial/energy_totals_base.csv","2019","af27beafc01cfb1920a23e632c05e858883a28efd9bbf94df3dfdba455fde261","Frozen derived cache; TWh/year -> MWh; raw/calorific provenance still pending","PENDING_ACCEPTED_COUNTRY_NODE_WEIGHTS","PENDING_ACCEPTED_SHAPE_AND_PHYSICAL_WEIGHTS","false","false","FIXED","FROZEN_UPSTREAM","REPRESENTATION_ACCEPTED_NUMERIC_PENDING","Fixed final fuel; no useful-heat inference; cooking remains within original fuel. Coal not recast as electricity.","MM:2019:Buildings:ResidentialFuel:biomass","ResidentialFuel","true","true","false","POSITIVE_CACHE_VALUE","MM:biomass","false","false","MM/residential biomass","Buildings","","","",""
"MM","2019","Buildings","ResidentialFuel","coal","DIRECT_FUEL","","TWh/year","","","ResidentialFuel","EXPLICIT","/home/jin/research/SGP_ESE5004_Stage2/pypsa-asean/resources/baseline-aims-3H-tutorial/energy_totals_base.csv","2019","af27beafc01cfb1920a23e632c05e858883a28efd9bbf94df3dfdba455fde261","Frozen derived cache; TWh/year -> MWh; raw/calorific provenance still pending","PENDING_ACCEPTED_COUNTRY_NODE_WEIGHTS","PENDING_ACCEPTED_SHAPE_AND_PHYSICAL_WEIGHTS","false","false","FIXED","MISSING","REPRESENTATION_ACCEPTED_NUMERIC_PENDING","Fixed final fuel; no useful-heat inference; cooking remains within original fuel. Coal not recast as electricity.; cache has no original R/S coal column; source recovery required","MM:2019:Buildings:ResidentialFuel:coal","ResidentialFuel","true","true","false","MISSING","MM:coal","false","false","MM/residential coal","Buildings","","","",""
"MM","2019","Buildings","ResidentialFuel","gas","DIRECT_FUEL","0.0","TWh/year","","","ResidentialFuel","EXPLICIT","/home/jin/research/SGP_ESE5004_Stage2/pypsa-asean/resources/baseline-aims-3H-tutorial/energy_totals_base.csv","2019","af27beafc01cfb1920a23e632c05e858883a28efd9bbf94df3dfdba455fde261","Frozen derived cache; TWh/year -> MWh; raw/calorific provenance still pending","PENDING_ACCEPTED_COUNTRY_NODE_WEIGHTS","PENDING_ACCEPTED_SHAPE_AND_PHYSICAL_WEIGHTS","false","false","FIXED","MISSING","REPRESENTATION_ACCEPTED_NUMERIC_PENDING","Fixed final fuel; no useful-heat inference; cooking remains within original fuel. Coal not recast as electricity.; cache zero has no certified raw-zero evidence","MM:2019:Buildings:ResidentialFuel:gas","ResidentialFuel","true","true","false","CACHE_ZERO_UNVERIFIED","MM:gas","false","false","MM/residential gas","Buildings","","","",""
"MM","2019","Buildings","ResidentialFuel","oil","DIRECT_FUEL","6.0481","TWh/year","6048100.0","","ResidentialFuel","EXPLICIT","/home/jin/research/SGP_ESE5004_Stage2/pypsa-asean/resources/baseline-aims-3H-tutorial/energy_totals_base.csv","2019","af27beafc01cfb1920a23e632c05e858883a28efd9bbf94df3dfdba455fde261","Frozen derived cache; TWh/year -> MWh; raw/calorific provenance still pending","PENDING_ACCEPTED_COUNTRY_NODE_WEIGHTS","PENDING_ACCEPTED_SHAPE_AND_PHYSICAL_WEIGHTS","false","false","FIXED","FROZEN_UPSTREAM","REPRESENTATION_ACCEPTED_NUMERIC_PENDING","Fixed final fuel; no useful-heat inference; cooking remains within original fuel. Coal not recast as electricity.","MM:2019:Buildings:ResidentialFuel:oil","ResidentialFuel","true","true","false","POSITIVE_CACHE_VALUE","MM:oil","false","false","MM/residential oil","Buildings","","","",""
"MM","2019","Buildings","ResidentialSpaceHeat","mixed","EMBEDDED","","","","ResidentialDirectEnergy","ResidentialSpaceHeat","EMBEDDED","","2019","","","PENDING_ACCEPTED_COUNTRY_NODE_WEIGHTS","PENDING_ACCEPTED_SHAPE_AND_PHYSICAL_WEIGHTS","false","false","FIXED","EMBEDDED","REPRESENTATION_ACCEPTED_VALUES_NOT_DEFINED","No additional service obligation. Existing final electricity/fuel keeps ownership. Cooking is not space/water heat.","MM:2019:Buildings:ResidentialSpaceHeat:mixed","Astar_and_original_fuels","false","false","false","MISSING","MM:mixed","false","false","","Buildings","","","",""
"MM","2019","Buildings","ResidentialWaterHeat","mixed","EMBEDDED","","","","ResidentialDirectEnergy","ResidentialWaterHeat","EMBEDDED","","2019","","","PENDING_ACCEPTED_COUNTRY_NODE_WEIGHTS","PENDING_ACCEPTED_SHAPE_AND_PHYSICAL_WEIGHTS","false","false","FIXED","EMBEDDED","REPRESENTATION_ACCEPTED_VALUES_NOT_DEFINED","No additional service obligation. Existing final electricity/fuel keeps ownership. Cooking is not space/water heat.","MM:2019:Buildings:ResidentialWaterHeat:mixed","Astar_and_original_fuels","false","false","false","MISSING","MM:mixed","false","false","","Buildings","","","",""
"MM","2019","Buildings","ServicesCooking","mixed","EMBEDDED","","","","ServicesDirectEnergy","ServicesCooking","EMBEDDED","","2019","","","PENDING_ACCEPTED_COUNTRY_NODE_WEIGHTS","PENDING_ACCEPTED_SHAPE_AND_PHYSICAL_WEIGHTS","false","false","FIXED","EMBEDDED","REPRESENTATION_ACCEPTED_VALUES_NOT_DEFINED","No additional service obligation. Existing final electricity/fuel keeps ownership. Cooking is not space/water heat.","MM:2019:Buildings:ServicesCooking:mixed","Astar_and_original_fuels","false","false","false","MISSING","MM:mixed","false","false","","Buildings","","","",""
"MM","2019","Buildings","ServicesCooling","electricity","EMBEDDED","","","","ServicesDirectEnergy","ServicesCooling","EMBEDDED","","2019","","","PENDING_ACCEPTED_COUNTRY_NODE_WEIGHTS","PENDING_ACCEPTED_SHAPE_AND_PHYSICAL_WEIGHTS","true","false","FIXED","EMBEDDED","REPRESENTATION_ACCEPTED_VALUES_NOT_DEFINED","No additional service obligation. Existing final electricity/fuel keeps ownership. Cooking is not space/water heat.","MM:2019:Buildings:ServicesCooling:electricity","Astar_and_original_fuels","false","false","false","MISSING","MM:electricity","false","false","","Buildings","","","",""
"MM","2019","Buildings","ServicesDirectElectricity","electricity","DIRECT_ELECTRICITY","2197.74","Kilowatt-hours, million","2197740.0","Astar","ServicesDirectElectricity","EMBEDDED","/home/jin/research/SGP_ESE5004_Stage2/pypsa-asean/data/demand/unsd/data/UNdata_Export_20250502_110820872.txt","2019","12c99b3c40927449d9a4d0402f255a8b84b24917ff58e54efd4ec43b2125fe6b","Exact raw transaction; million kWh * 1000 = MWh; no losses or AEO scaling","PENDING_ACCEPTED_COUNTRY_NODE_WEIGHTS","PENDING_ACCEPTED_SHAPE_AND_PHYSICAL_WEIGHTS","true","false","FIXED","PENDING","REPRESENTATION_ACCEPTED_NUMERIC_PENDING","Separate R/S identity retained in Astar; no second electricity Load; numeric decomposition is unaccepted","MM:2019:Buildings:ServicesDirectElectricity:electricity","Astar","false","false","false","REPORTED_VALUE","MM:electricity","false","false","Consumption by commercial and public services; physical line end 61071","Buildings","","","",""
"MM","2019","Buildings","ServicesFuel","biomass","DIRECT_FUEL","18.4159","TWh/year","18415900.0","","ServicesFuel","EXPLICIT","/home/jin/research/SGP_ESE5004_Stage2/pypsa-asean/resources/baseline-aims-3H-tutorial/energy_totals_base.csv","2019","af27beafc01cfb1920a23e632c05e858883a28efd9bbf94df3dfdba455fde261","Frozen derived cache; TWh/year -> MWh; raw/calorific provenance still pending","PENDING_ACCEPTED_COUNTRY_NODE_WEIGHTS","PENDING_ACCEPTED_SHAPE_AND_PHYSICAL_WEIGHTS","false","false","FIXED","FROZEN_UPSTREAM","REPRESENTATION_ACCEPTED_NUMERIC_PENDING","Fixed final fuel; no useful-heat inference; cooking remains within original fuel. Coal not recast as electricity.","MM:2019:Buildings:ServicesFuel:biomass","ServicesFuel","true","true","false","POSITIVE_CACHE_VALUE","MM:biomass","false","false","MM/services biomass","Buildings","","","",""
"MM","2019","Buildings","ServicesFuel","coal","DIRECT_FUEL","","TWh/year","","","ServicesFuel","EXPLICIT","/home/jin/research/SGP_ESE5004_Stage2/pypsa-asean/resources/baseline-aims-3H-tutorial/energy_totals_base.csv","2019","af27beafc01cfb1920a23e632c05e858883a28efd9bbf94df3dfdba455fde261","Frozen derived cache; TWh/year -> MWh; raw/calorific provenance still pending","PENDING_ACCEPTED_COUNTRY_NODE_WEIGHTS","PENDING_ACCEPTED_SHAPE_AND_PHYSICAL_WEIGHTS","false","false","FIXED","MISSING","REPRESENTATION_ACCEPTED_NUMERIC_PENDING","Fixed final fuel; no useful-heat inference; cooking remains within original fuel. Coal not recast as electricity.; cache has no original R/S coal column; source recovery required","MM:2019:Buildings:ServicesFuel:coal","ServicesFuel","true","true","false","MISSING","MM:coal","false","false","MM/services coal","Buildings","","","",""
"MM","2019","Buildings","ServicesFuel","gas","DIRECT_FUEL","0.005","TWh/year","5000.0","","ServicesFuel","EXPLICIT","/home/jin/research/SGP_ESE5004_Stage2/pypsa-asean/resources/baseline-aims-3H-tutorial/energy_totals_base.csv","2019","af27beafc01cfb1920a23e632c05e858883a28efd9bbf94df3dfdba455fde261","Frozen derived cache; TWh/year -> MWh; raw/calorific provenance still pending","PENDING_ACCEPTED_COUNTRY_NODE_WEIGHTS","PENDING_ACCEPTED_SHAPE_AND_PHYSICAL_WEIGHTS","false","false","FIXED","FROZEN_UPSTREAM","REPRESENTATION_ACCEPTED_NUMERIC_PENDING","Fixed final fuel; no useful-heat inference; cooking remains within original fuel. Coal not recast as electricity.","MM:2019:Buildings:ServicesFuel:gas","ServicesFuel","true","true","false","POSITIVE_CACHE_VALUE","MM:gas","false","false","MM/services gas","Buildings","","","",""
"MM","2019","Buildings","ServicesFuel","oil","DIRECT_FUEL","0.1907","TWh/year","190700.0","","ServicesFuel","EXPLICIT","/home/jin/research/SGP_ESE5004_Stage2/pypsa-asean/resources/baseline-aims-3H-tutorial/energy_totals_base.csv","2019","af27beafc01cfb1920a23e632c05e858883a28efd9bbf94df3dfdba455fde261","Frozen derived cache; TWh/year -> MWh; raw/calorific provenance still pending","PENDING_ACCEPTED_COUNTRY_NODE_WEIGHTS","PENDING_ACCEPTED_SHAPE_AND_PHYSICAL_WEIGHTS","false","false","FIXED","FROZEN_UPSTREAM","REPRESENTATION_ACCEPTED_NUMERIC_PENDING","Fixed final fuel; no useful-heat inference; cooking remains within original fuel. Coal not recast as electricity.","MM:2019:Buildings:ServicesFuel:oil","ServicesFuel","true","true","false","POSITIVE_CACHE_VALUE","MM:oil","false","false","MM/services oil","Buildings","","","",""
"MM","2019","Buildings","ServicesSpaceHeat","mixed","EMBEDDED","","","","ServicesDirectEnergy","ServicesSpaceHeat","EMBEDDED","","2019","","","PENDING_ACCEPTED_COUNTRY_NODE_WEIGHTS","PENDING_ACCEPTED_SHAPE_AND_PHYSICAL_WEIGHTS","false","false","FIXED","EMBEDDED","REPRESENTATION_ACCEPTED_VALUES_NOT_DEFINED","No additional service obligation. Existing final electricity/fuel keeps ownership. Cooking is not space/water heat.","MM:2019:Buildings:ServicesSpaceHeat:mixed","Astar_and_original_fuels","false","false","false","MISSING","MM:mixed","false","false","","Buildings","","","",""
"MM","2019","Buildings","ServicesWaterHeat","mixed","EMBEDDED","","","","ServicesDirectEnergy","ServicesWaterHeat","EMBEDDED","","2019","","","PENDING_ACCEPTED_COUNTRY_NODE_WEIGHTS","PENDING_ACCEPTED_SHAPE_AND_PHYSICAL_WEIGHTS","false","false","FIXED","EMBEDDED","REPRESENTATION_ACCEPTED_VALUES_NOT_DEFINED","No additional service obligation. Existing final electricity/fuel keeps ownership. Cooking is not space/water heat.","MM:2019:Buildings:ServicesWaterHeat:mixed","Astar_and_original_fuels","false","false","false","MISSING","MM:mixed","false","false","","Buildings","","","",""
"MM","2030","Buildings","ResidentialDirectElectricity","electricity","DIRECT_ELECTRICITY","","","","Astar","ResidentialDirectElectricity","EMBEDDED","","2019","","","PENDING_ACCEPTED_COUNTRY_NODE_WEIGHTS","PENDING_ACCEPTED_SHAPE_AND_PHYSICAL_WEIGHTS","true","false","FIXED","PENDING","REPRESENTATION_ACCEPTED_NUMERIC_PENDING","PENDING_FUTURE_GROWTH; separate R/S decomposition remains optional inside Astar","MM:2030:Buildings:ResidentialDirectElectricity:electricity","Astar","false","false","false","MISSING","MM:electricity","false","false","","Buildings","","","",""
"MM","2030","Buildings","ResidentialFuel","biomass","DIRECT_FUEL","","","","","ResidentialFuel","EXPLICIT","","2019","","","PENDING_ACCEPTED_COUNTRY_NODE_WEIGHTS","PENDING_ACCEPTED_SHAPE_AND_PHYSICAL_WEIGHTS","false","false","FIXED","PENDING","REPRESENTATION_ACCEPTED_NUMERIC_PENDING","PENDING_FUTURE_GROWTH; no default growth or heat conversion","MM:2030:Buildings:ResidentialFuel:biomass","ResidentialFuel","true","true","false","MISSING","MM:biomass","false","false","","Buildings","","","",""
"MM","2030","Buildings","ResidentialFuel","coal","DIRECT_FUEL","","","","","ResidentialFuel","EXPLICIT","","2019","","","PENDING_ACCEPTED_COUNTRY_NODE_WEIGHTS","PENDING_ACCEPTED_SHAPE_AND_PHYSICAL_WEIGHTS","false","false","FIXED","PENDING","REPRESENTATION_ACCEPTED_NUMERIC_PENDING","PENDING_FUTURE_GROWTH; no default growth or heat conversion","MM:2030:Buildings:ResidentialFuel:coal","ResidentialFuel","true","true","false","MISSING","MM:coal","false","false","","Buildings","","","",""
"MM","2030","Buildings","ResidentialFuel","gas","DIRECT_FUEL","","","","","ResidentialFuel","EXPLICIT","","2019","","","PENDING_ACCEPTED_COUNTRY_NODE_WEIGHTS","PENDING_ACCEPTED_SHAPE_AND_PHYSICAL_WEIGHTS","false","false","FIXED","PENDING","REPRESENTATION_ACCEPTED_NUMERIC_PENDING","PENDING_FUTURE_GROWTH; no default growth or heat conversion","MM:2030:Buildings:ResidentialFuel:gas","ResidentialFuel","true","true","false","MISSING","MM:gas","false","false","","Buildings","","","",""
"MM","2030","Buildings","ResidentialFuel","oil","DIRECT_FUEL","","","","","ResidentialFuel","EXPLICIT","","2019","","","PENDING_ACCEPTED_COUNTRY_NODE_WEIGHTS","PENDING_ACCEPTED_SHAPE_AND_PHYSICAL_WEIGHTS","false","false","FIXED","PENDING","REPRESENTATION_ACCEPTED_NUMERIC_PENDING","PENDING_FUTURE_GROWTH; no default growth or heat conversion","MM:2030:Buildings:ResidentialFuel:oil","ResidentialFuel","true","true","false","MISSING","MM:oil","false","false","","Buildings","","","",""
"MM","2030","Buildings","ServicesDirectElectricity","electricity","DIRECT_ELECTRICITY","","","","Astar","ServicesDirectElectricity","EMBEDDED","","2019","","","PENDING_ACCEPTED_COUNTRY_NODE_WEIGHTS","PENDING_ACCEPTED_SHAPE_AND_PHYSICAL_WEIGHTS","true","false","FIXED","PENDING","REPRESENTATION_ACCEPTED_NUMERIC_PENDING","PENDING_FUTURE_GROWTH; separate R/S decomposition remains optional inside Astar","MM:2030:Buildings:ServicesDirectElectricity:electricity","Astar","false","false","false","MISSING","MM:electricity","false","false","","Buildings","","","",""
"MM","2030","Buildings","ServicesFuel","biomass","DIRECT_FUEL","","","","","ServicesFuel","EXPLICIT","","2019","","","PENDING_ACCEPTED_COUNTRY_NODE_WEIGHTS","PENDING_ACCEPTED_SHAPE_AND_PHYSICAL_WEIGHTS","false","false","FIXED","PENDING","REPRESENTATION_ACCEPTED_NUMERIC_PENDING","PENDING_FUTURE_GROWTH; no default growth or heat conversion","MM:2030:Buildings:ServicesFuel:biomass","ServicesFuel","true","true","false","MISSING","MM:biomass","false","false","","Buildings","","","",""
"MM","2030","Buildings","ServicesFuel","coal","DIRECT_FUEL","","","","","ServicesFuel","EXPLICIT","","2019","","","PENDING_ACCEPTED_COUNTRY_NODE_WEIGHTS","PENDING_ACCEPTED_SHAPE_AND_PHYSICAL_WEIGHTS","false","false","FIXED","PENDING","REPRESENTATION_ACCEPTED_NUMERIC_PENDING","PENDING_FUTURE_GROWTH; no default growth or heat conversion","MM:2030:Buildings:ServicesFuel:coal","ServicesFuel","true","true","false","MISSING","MM:coal","false","false","","Buildings","","","",""
"MM","2030","Buildings","ServicesFuel","gas","DIRECT_FUEL","","","","","ServicesFuel","EXPLICIT","","2019","","","PENDING_ACCEPTED_COUNTRY_NODE_WEIGHTS","PENDING_ACCEPTED_SHAPE_AND_PHYSICAL_WEIGHTS","false","false","FIXED","PENDING","REPRESENTATION_ACCEPTED_NUMERIC_PENDING","PENDING_FUTURE_GROWTH; no default growth or heat conversion","MM:2030:Buildings:ServicesFuel:gas","ServicesFuel","true","true","false","MISSING","MM:gas","false","false","","Buildings","","","",""
"MM","2030","Buildings","ServicesFuel","oil","DIRECT_FUEL","","","","","ServicesFuel","EXPLICIT","","2019","","","PENDING_ACCEPTED_COUNTRY_NODE_WEIGHTS","PENDING_ACCEPTED_SHAPE_AND_PHYSICAL_WEIGHTS","false","false","FIXED","PENDING","REPRESENTATION_ACCEPTED_NUMERIC_PENDING","PENDING_FUTURE_GROWTH; no default growth or heat conversion","MM:2030:Buildings:ServicesFuel:oil","ServicesFuel","true","true","false","MISSING","MM:oil","false","false","","Buildings","","","",""
"MM","2040","Buildings","ResidentialDirectElectricity","electricity","DIRECT_ELECTRICITY","","","","Astar","ResidentialDirectElectricity","EMBEDDED","","2019","","","PENDING_ACCEPTED_COUNTRY_NODE_WEIGHTS","PENDING_ACCEPTED_SHAPE_AND_PHYSICAL_WEIGHTS","true","false","FIXED","PENDING","REPRESENTATION_ACCEPTED_NUMERIC_PENDING","PENDING_FUTURE_GROWTH; separate R/S decomposition remains optional inside Astar","MM:2040:Buildings:ResidentialDirectElectricity:electricity","Astar","false","false","false","MISSING","MM:electricity","false","false","","Buildings","","","",""
"MM","2040","Buildings","ResidentialFuel","biomass","DIRECT_FUEL","","","","","ResidentialFuel","EXPLICIT","","2019","","","PENDING_ACCEPTED_COUNTRY_NODE_WEIGHTS","PENDING_ACCEPTED_SHAPE_AND_PHYSICAL_WEIGHTS","false","false","FIXED","PENDING","REPRESENTATION_ACCEPTED_NUMERIC_PENDING","PENDING_FUTURE_GROWTH; no default growth or heat conversion","MM:2040:Buildings:ResidentialFuel:biomass","ResidentialFuel","true","true","false","MISSING","MM:biomass","false","false","","Buildings","","","",""
"MM","2040","Buildings","ResidentialFuel","coal","DIRECT_FUEL","","","","","ResidentialFuel","EXPLICIT","","2019","","","PENDING_ACCEPTED_COUNTRY_NODE_WEIGHTS","PENDING_ACCEPTED_SHAPE_AND_PHYSICAL_WEIGHTS","false","false","FIXED","PENDING","REPRESENTATION_ACCEPTED_NUMERIC_PENDING","PENDING_FUTURE_GROWTH; no default growth or heat conversion","MM:2040:Buildings:ResidentialFuel:coal","ResidentialFuel","true","true","false","MISSING","MM:coal","false","false","","Buildings","","","",""
"MM","2040","Buildings","ResidentialFuel","gas","DIRECT_FUEL","","","","","ResidentialFuel","EXPLICIT","","2019","","","PENDING_ACCEPTED_COUNTRY_NODE_WEIGHTS","PENDING_ACCEPTED_SHAPE_AND_PHYSICAL_WEIGHTS","false","false","FIXED","PENDING","REPRESENTATION_ACCEPTED_NUMERIC_PENDING","PENDING_FUTURE_GROWTH; no default growth or heat conversion","MM:2040:Buildings:ResidentialFuel:gas","ResidentialFuel","true","true","false","MISSING","MM:gas","false","false","","Buildings","","","",""
"MM","2040","Buildings","ResidentialFuel","oil","DIRECT_FUEL","","","","","ResidentialFuel","EXPLICIT","","2019","","","PENDING_ACCEPTED_COUNTRY_NODE_WEIGHTS","PENDING_ACCEPTED_SHAPE_AND_PHYSICAL_WEIGHTS","false","false","FIXED","PENDING","REPRESENTATION_ACCEPTED_NUMERIC_PENDING","PENDING_FUTURE_GROWTH; no default growth or heat conversion","MM:2040:Buildings:ResidentialFuel:oil","ResidentialFuel","true","true","false","MISSING","MM:oil","false","false","","Buildings","","","",""
"MM","2040","Buildings","ServicesDirectElectricity","electricity","DIRECT_ELECTRICITY","","","","Astar","ServicesDirectElectricity","EMBEDDED","","2019","","","PENDING_ACCEPTED_COUNTRY_NODE_WEIGHTS","PENDING_ACCEPTED_SHAPE_AND_PHYSICAL_WEIGHTS","true","false","FIXED","PENDING","REPRESENTATION_ACCEPTED_NUMERIC_PENDING","PENDING_FUTURE_GROWTH; separate R/S decomposition remains optional inside Astar","MM:2040:Buildings:ServicesDirectElectricity:electricity","Astar","false","false","false","MISSING","MM:electricity","false","false","","Buildings","","","",""
"MM","2040","Buildings","ServicesFuel","biomass","DIRECT_FUEL","","","","","ServicesFuel","EXPLICIT","","2019","","","PENDING_ACCEPTED_COUNTRY_NODE_WEIGHTS","PENDING_ACCEPTED_SHAPE_AND_PHYSICAL_WEIGHTS","false","false","FIXED","PENDING","REPRESENTATION_ACCEPTED_NUMERIC_PENDING","PENDING_FUTURE_GROWTH; no default growth or heat conversion","MM:2040:Buildings:ServicesFuel:biomass","ServicesFuel","true","true","false","MISSING","MM:biomass","false","false","","Buildings","","","",""
"MM","2040","Buildings","ServicesFuel","coal","DIRECT_FUEL","","","","","ServicesFuel","EXPLICIT","","2019","","","PENDING_ACCEPTED_COUNTRY_NODE_WEIGHTS","PENDING_ACCEPTED_SHAPE_AND_PHYSICAL_WEIGHTS","false","false","FIXED","PENDING","REPRESENTATION_ACCEPTED_NUMERIC_PENDING","PENDING_FUTURE_GROWTH; no default growth or heat conversion","MM:2040:Buildings:ServicesFuel:coal","ServicesFuel","true","true","false","MISSING","MM:coal","false","false","","Buildings","","","",""
"MM","2040","Buildings","ServicesFuel","gas","DIRECT_FUEL","","","","","ServicesFuel","EXPLICIT","","2019","","","PENDING_ACCEPTED_COUNTRY_NODE_WEIGHTS","PENDING_ACCEPTED_SHAPE_AND_PHYSICAL_WEIGHTS","false","false","FIXED","PENDING","REPRESENTATION_ACCEPTED_NUMERIC_PENDING","PENDING_FUTURE_GROWTH; no default growth or heat conversion","MM:2040:Buildings:ServicesFuel:gas","ServicesFuel","true","true","false","MISSING","MM:gas","false","false","","Buildings","","","",""
"MM","2040","Buildings","ServicesFuel","oil","DIRECT_FUEL","","","","","ServicesFuel","EXPLICIT","","2019","","","PENDING_ACCEPTED_COUNTRY_NODE_WEIGHTS","PENDING_ACCEPTED_SHAPE_AND_PHYSICAL_WEIGHTS","false","false","FIXED","PENDING","REPRESENTATION_ACCEPTED_NUMERIC_PENDING","PENDING_FUTURE_GROWTH; no default growth or heat conversion","MM:2040:Buildings:ServicesFuel:oil","ServicesFuel","true","true","false","MISSING","MM:oil","false","false","","Buildings","","","",""
"MM","2050","Buildings","ResidentialDirectElectricity","electricity","DIRECT_ELECTRICITY","","","","Astar","ResidentialDirectElectricity","EMBEDDED","","2019","","","PENDING_ACCEPTED_COUNTRY_NODE_WEIGHTS","PENDING_ACCEPTED_SHAPE_AND_PHYSICAL_WEIGHTS","true","false","FIXED","PENDING","REPRESENTATION_ACCEPTED_NUMERIC_PENDING","PENDING_FUTURE_GROWTH; separate R/S decomposition remains optional inside Astar","MM:2050:Buildings:ResidentialDirectElectricity:electricity","Astar","false","false","false","MISSING","MM:electricity","false","false","","Buildings","","","",""
"MM","2050","Buildings","ResidentialFuel","biomass","DIRECT_FUEL","","","","","ResidentialFuel","EXPLICIT","","2019","","","PENDING_ACCEPTED_COUNTRY_NODE_WEIGHTS","PENDING_ACCEPTED_SHAPE_AND_PHYSICAL_WEIGHTS","false","false","FIXED","PENDING","REPRESENTATION_ACCEPTED_NUMERIC_PENDING","PENDING_FUTURE_GROWTH; no default growth or heat conversion","MM:2050:Buildings:ResidentialFuel:biomass","ResidentialFuel","true","true","false","MISSING","MM:biomass","false","false","","Buildings","","","",""
"MM","2050","Buildings","ResidentialFuel","coal","DIRECT_FUEL","","","","","ResidentialFuel","EXPLICIT","","2019","","","PENDING_ACCEPTED_COUNTRY_NODE_WEIGHTS","PENDING_ACCEPTED_SHAPE_AND_PHYSICAL_WEIGHTS","false","false","FIXED","PENDING","REPRESENTATION_ACCEPTED_NUMERIC_PENDING","PENDING_FUTURE_GROWTH; no default growth or heat conversion","MM:2050:Buildings:ResidentialFuel:coal","ResidentialFuel","true","true","false","MISSING","MM:coal","false","false","","Buildings","","","",""
"MM","2050","Buildings","ResidentialFuel","gas","DIRECT_FUEL","","","","","ResidentialFuel","EXPLICIT","","2019","","","PENDING_ACCEPTED_COUNTRY_NODE_WEIGHTS","PENDING_ACCEPTED_SHAPE_AND_PHYSICAL_WEIGHTS","false","false","FIXED","PENDING","REPRESENTATION_ACCEPTED_NUMERIC_PENDING","PENDING_FUTURE_GROWTH; no default growth or heat conversion","MM:2050:Buildings:ResidentialFuel:gas","ResidentialFuel","true","true","false","MISSING","MM:gas","false","false","","Buildings","","","",""
"MM","2050","Buildings","ResidentialFuel","oil","DIRECT_FUEL","","","","","ResidentialFuel","EXPLICIT","","2019","","","PENDING_ACCEPTED_COUNTRY_NODE_WEIGHTS","PENDING_ACCEPTED_SHAPE_AND_PHYSICAL_WEIGHTS","false","false","FIXED","PENDING","REPRESENTATION_ACCEPTED_NUMERIC_PENDING","PENDING_FUTURE_GROWTH; no default growth or heat conversion","MM:2050:Buildings:ResidentialFuel:oil","ResidentialFuel","true","true","false","MISSING","MM:oil","false","false","","Buildings","","","",""
"MM","2050","Buildings","ServicesDirectElectricity","electricity","DIRECT_ELECTRICITY","","","","Astar","ServicesDirectElectricity","EMBEDDED","","2019","","","PENDING_ACCEPTED_COUNTRY_NODE_WEIGHTS","PENDING_ACCEPTED_SHAPE_AND_PHYSICAL_WEIGHTS","true","false","FIXED","PENDING","REPRESENTATION_ACCEPTED_NUMERIC_PENDING","PENDING_FUTURE_GROWTH; separate R/S decomposition remains optional inside Astar","MM:2050:Buildings:ServicesDirectElectricity:electricity","Astar","false","false","false","MISSING","MM:electricity","false","false","","Buildings","","","",""
"MM","2050","Buildings","ServicesFuel","biomass","DIRECT_FUEL","","","","","ServicesFuel","EXPLICIT","","2019","","","PENDING_ACCEPTED_COUNTRY_NODE_WEIGHTS","PENDING_ACCEPTED_SHAPE_AND_PHYSICAL_WEIGHTS","false","false","FIXED","PENDING","REPRESENTATION_ACCEPTED_NUMERIC_PENDING","PENDING_FUTURE_GROWTH; no default growth or heat conversion","MM:2050:Buildings:ServicesFuel:biomass","ServicesFuel","true","true","false","MISSING","MM:biomass","false","false","","Buildings","","","",""
"MM","2050","Buildings","ServicesFuel","coal","DIRECT_FUEL","","","","","ServicesFuel","EXPLICIT","","2019","","","PENDING_ACCEPTED_COUNTRY_NODE_WEIGHTS","PENDING_ACCEPTED_SHAPE_AND_PHYSICAL_WEIGHTS","false","false","FIXED","PENDING","REPRESENTATION_ACCEPTED_NUMERIC_PENDING","PENDING_FUTURE_GROWTH; no default growth or heat conversion","MM:2050:Buildings:ServicesFuel:coal","ServicesFuel","true","true","false","MISSING","MM:coal","false","false","","Buildings","","","",""
"MM","2050","Buildings","ServicesFuel","gas","DIRECT_FUEL","","","","","ServicesFuel","EXPLICIT","","2019","","","PENDING_ACCEPTED_COUNTRY_NODE_WEIGHTS","PENDING_ACCEPTED_SHAPE_AND_PHYSICAL_WEIGHTS","false","false","FIXED","PENDING","REPRESENTATION_ACCEPTED_NUMERIC_PENDING","PENDING_FUTURE_GROWTH; no default growth or heat conversion","MM:2050:Buildings:ServicesFuel:gas","ServicesFuel","true","true","false","MISSING","MM:gas","false","false","","Buildings","","","",""
"MM","2050","Buildings","ServicesFuel","oil","DIRECT_FUEL","","","","","ServicesFuel","EXPLICIT","","2019","","","PENDING_ACCEPTED_COUNTRY_NODE_WEIGHTS","PENDING_ACCEPTED_SHAPE_AND_PHYSICAL_WEIGHTS","false","false","FIXED","PENDING","REPRESENTATION_ACCEPTED_NUMERIC_PENDING","PENDING_FUTURE_GROWTH; no default growth or heat conversion","MM:2050:Buildings:ServicesFuel:oil","ServicesFuel","true","true","false","MISSING","MM:oil","false","false","","Buildings","","","",""
"MY","2019","Buildings","ResidentialCooking","mixed","EMBEDDED","","","","ResidentialDirectEnergy","ResidentialCooking","EMBEDDED","","2019","","","PENDING_ACCEPTED_COUNTRY_NODE_WEIGHTS","PENDING_ACCEPTED_SHAPE_AND_PHYSICAL_WEIGHTS","false","false","FIXED","EMBEDDED","REPRESENTATION_ACCEPTED_VALUES_NOT_DEFINED","No additional service obligation. Existing final electricity/fuel keeps ownership. Cooking is not space/water heat.","MY:2019:Buildings:ResidentialCooking:mixed","Astar_and_original_fuels","false","false","false","MISSING","MY:mixed","false","false","","Buildings","","","",""
"MY","2019","Buildings","ResidentialCooling","electricity","EMBEDDED","","","","ResidentialDirectEnergy","ResidentialCooling","EMBEDDED","","2019","","","PENDING_ACCEPTED_COUNTRY_NODE_WEIGHTS","PENDING_ACCEPTED_SHAPE_AND_PHYSICAL_WEIGHTS","true","false","FIXED","EMBEDDED","REPRESENTATION_ACCEPTED_VALUES_NOT_DEFINED","No additional service obligation. Existing final electricity/fuel keeps ownership. Cooking is not space/water heat.","MY:2019:Buildings:ResidentialCooling:electricity","Astar_and_original_fuels","false","false","false","MISSING","MY:electricity","false","false","","Buildings","","","",""
"MY","2019","Buildings","ResidentialDirectElectricity","electricity","DIRECT_ELECTRICITY","31570.164","Kilowatt-hours, million","31570164.0","Astar","ResidentialDirectElectricity","EMBEDDED","/home/jin/research/SGP_ESE5004_Stage2/pypsa-asean/data/demand/unsd/data/UNdata_Export_20250502_110820872.txt","2019","12c99b3c40927449d9a4d0402f255a8b84b24917ff58e54efd4ec43b2125fe6b","Exact raw transaction; million kWh * 1000 = MWh; no losses or AEO scaling","PENDING_ACCEPTED_COUNTRY_NODE_WEIGHTS","PENDING_ACCEPTED_SHAPE_AND_PHYSICAL_WEIGHTS","true","false","FIXED","PENDING","REPRESENTATION_ACCEPTED_NUMERIC_PENDING","Separate R/S identity retained in Astar; no second electricity Load; numeric decomposition is unaccepted","MY:2019:Buildings:ResidentialDirectElectricity:electricity","Astar","false","false","false","REPORTED_VALUE","MY:electricity","false","false","Consumption by households; physical line end 55429","Buildings","","","",""
"MY","2019","Buildings","ResidentialFuel","biomass","DIRECT_FUEL","5.7866","TWh/year","5786600.0","","ResidentialFuel","EXPLICIT","/home/jin/research/SGP_ESE5004_Stage2/pypsa-asean/resources/baseline-aims-3H-tutorial/energy_totals_base.csv","2019","af27beafc01cfb1920a23e632c05e858883a28efd9bbf94df3dfdba455fde261","Frozen derived cache; TWh/year -> MWh; raw/calorific provenance still pending","PENDING_ACCEPTED_COUNTRY_NODE_WEIGHTS","PENDING_ACCEPTED_SHAPE_AND_PHYSICAL_WEIGHTS","false","false","FIXED","FROZEN_UPSTREAM","REPRESENTATION_ACCEPTED_NUMERIC_PENDING","Fixed final fuel; no useful-heat inference; cooking remains within original fuel. Coal not recast as electricity.","MY:2019:Buildings:ResidentialFuel:biomass","ResidentialFuel","true","true","false","POSITIVE_CACHE_VALUE","MY:biomass","false","false","MY/residential biomass","Buildings","","","",""
"MY","2019","Buildings","ResidentialFuel","coal","DIRECT_FUEL","","TWh/year","","","ResidentialFuel","EXPLICIT","/home/jin/research/SGP_ESE5004_Stage2/pypsa-asean/resources/baseline-aims-3H-tutorial/energy_totals_base.csv","2019","af27beafc01cfb1920a23e632c05e858883a28efd9bbf94df3dfdba455fde261","Frozen derived cache; TWh/year -> MWh; raw/calorific provenance still pending","PENDING_ACCEPTED_COUNTRY_NODE_WEIGHTS","PENDING_ACCEPTED_SHAPE_AND_PHYSICAL_WEIGHTS","false","false","FIXED","MISSING","REPRESENTATION_ACCEPTED_NUMERIC_PENDING","Fixed final fuel; no useful-heat inference; cooking remains within original fuel. Coal not recast as electricity.; cache has no original R/S coal column; source recovery required","MY:2019:Buildings:ResidentialFuel:coal","ResidentialFuel","true","true","false","MISSING","MY:coal","false","false","MY/residential coal","Buildings","","","",""
"MY","2019","Buildings","ResidentialFuel","gas","DIRECT_FUEL","0.0078","TWh/year","7800.0","","ResidentialFuel","EXPLICIT","/home/jin/research/SGP_ESE5004_Stage2/pypsa-asean/resources/baseline-aims-3H-tutorial/energy_totals_base.csv","2019","af27beafc01cfb1920a23e632c05e858883a28efd9bbf94df3dfdba455fde261","Frozen derived cache; TWh/year -> MWh; raw/calorific provenance still pending","PENDING_ACCEPTED_COUNTRY_NODE_WEIGHTS","PENDING_ACCEPTED_SHAPE_AND_PHYSICAL_WEIGHTS","false","false","FIXED","FROZEN_UPSTREAM","REPRESENTATION_ACCEPTED_NUMERIC_PENDING","Fixed final fuel; no useful-heat inference; cooking remains within original fuel. Coal not recast as electricity.","MY:2019:Buildings:ResidentialFuel:gas","ResidentialFuel","true","true","false","POSITIVE_CACHE_VALUE","MY:gas","false","false","MY/residential gas","Buildings","","","",""
"MY","2019","Buildings","ResidentialFuel","oil","DIRECT_FUEL","9.6052","TWh/year","9605200.0","","ResidentialFuel","EXPLICIT","/home/jin/research/SGP_ESE5004_Stage2/pypsa-asean/resources/baseline-aims-3H-tutorial/energy_totals_base.csv","2019","af27beafc01cfb1920a23e632c05e858883a28efd9bbf94df3dfdba455fde261","Frozen derived cache; TWh/year -> MWh; raw/calorific provenance still pending","PENDING_ACCEPTED_COUNTRY_NODE_WEIGHTS","PENDING_ACCEPTED_SHAPE_AND_PHYSICAL_WEIGHTS","false","false","FIXED","FROZEN_UPSTREAM","REPRESENTATION_ACCEPTED_NUMERIC_PENDING","Fixed final fuel; no useful-heat inference; cooking remains within original fuel. Coal not recast as electricity.","MY:2019:Buildings:ResidentialFuel:oil","ResidentialFuel","true","true","false","POSITIVE_CACHE_VALUE","MY:oil","false","false","MY/residential oil","Buildings","","","",""
"MY","2019","Buildings","ResidentialSpaceHeat","mixed","EMBEDDED","","","","ResidentialDirectEnergy","ResidentialSpaceHeat","EMBEDDED","","2019","","","PENDING_ACCEPTED_COUNTRY_NODE_WEIGHTS","PENDING_ACCEPTED_SHAPE_AND_PHYSICAL_WEIGHTS","false","false","FIXED","EMBEDDED","REPRESENTATION_ACCEPTED_VALUES_NOT_DEFINED","No additional service obligation. Existing final electricity/fuel keeps ownership. Cooking is not space/water heat.","MY:2019:Buildings:ResidentialSpaceHeat:mixed","Astar_and_original_fuels","false","false","false","MISSING","MY:mixed","false","false","","Buildings","","","",""
"MY","2019","Buildings","ResidentialWaterHeat","mixed","EMBEDDED","","","","ResidentialDirectEnergy","ResidentialWaterHeat","EMBEDDED","","2019","","","PENDING_ACCEPTED_COUNTRY_NODE_WEIGHTS","PENDING_ACCEPTED_SHAPE_AND_PHYSICAL_WEIGHTS","false","false","FIXED","EMBEDDED","REPRESENTATION_ACCEPTED_VALUES_NOT_DEFINED","No additional service obligation. Existing final electricity/fuel keeps ownership. Cooking is not space/water heat.","MY:2019:Buildings:ResidentialWaterHeat:mixed","Astar_and_original_fuels","false","false","false","MISSING","MY:mixed","false","false","","Buildings","","","",""
"MY","2019","Buildings","ServicesCooking","mixed","EMBEDDED","","","","ServicesDirectEnergy","ServicesCooking","EMBEDDED","","2019","","","PENDING_ACCEPTED_COUNTRY_NODE_WEIGHTS","PENDING_ACCEPTED_SHAPE_AND_PHYSICAL_WEIGHTS","false","false","FIXED","EMBEDDED","REPRESENTATION_ACCEPTED_VALUES_NOT_DEFINED","No additional service obligation. Existing final electricity/fuel keeps ownership. Cooking is not space/water heat.","MY:2019:Buildings:ServicesCooking:mixed","Astar_and_original_fuels","false","false","false","MISSING","MY:mixed","false","false","","Buildings","","","",""
"MY","2019","Buildings","ServicesCooling","electricity","EMBEDDED","","","","ServicesDirectEnergy","ServicesCooling","EMBEDDED","","2019","","","PENDING_ACCEPTED_COUNTRY_NODE_WEIGHTS","PENDING_ACCEPTED_SHAPE_AND_PHYSICAL_WEIGHTS","true","false","FIXED","EMBEDDED","REPRESENTATION_ACCEPTED_VALUES_NOT_DEFINED","No additional service obligation. Existing final electricity/fuel keeps ownership. Cooking is not space/water heat.","MY:2019:Buildings:ServicesCooling:electricity","Astar_and_original_fuels","false","false","false","MISSING","MY:electricity","false","false","","Buildings","","","",""
"MY","2019","Buildings","ServicesDirectElectricity","electricity","DIRECT_ELECTRICITY","47517.709","Kilowatt-hours, million","47517709.0","Astar","ServicesDirectElectricity","EMBEDDED","/home/jin/research/SGP_ESE5004_Stage2/pypsa-asean/data/demand/unsd/data/UNdata_Export_20250502_110820872.txt","2019","12c99b3c40927449d9a4d0402f255a8b84b24917ff58e54efd4ec43b2125fe6b","Exact raw transaction; million kWh * 1000 = MWh; no losses or AEO scaling","PENDING_ACCEPTED_COUNTRY_NODE_WEIGHTS","PENDING_ACCEPTED_SHAPE_AND_PHYSICAL_WEIGHTS","true","false","FIXED","PENDING","REPRESENTATION_ACCEPTED_NUMERIC_PENDING","Separate R/S identity retained in Astar; no second electricity Load; numeric decomposition is unaccepted","MY:2019:Buildings:ServicesDirectElectricity:electricity","Astar","false","false","false","REPORTED_VALUE","MY:electricity","false","false","Consumption by commercial and public services; physical line end 55459","Buildings","","","",""
"MY","2019","Buildings","ServicesFuel","biomass","DIRECT_FUEL","0.0","TWh/year","","","ServicesFuel","EXPLICIT","/home/jin/research/SGP_ESE5004_Stage2/pypsa-asean/resources/baseline-aims-3H-tutorial/energy_totals_base.csv","2019","af27beafc01cfb1920a23e632c05e858883a28efd9bbf94df3dfdba455fde261","Frozen derived cache; TWh/year -> MWh; raw/calorific provenance still pending","PENDING_ACCEPTED_COUNTRY_NODE_WEIGHTS","PENDING_ACCEPTED_SHAPE_AND_PHYSICAL_WEIGHTS","false","false","FIXED","MISSING","REPRESENTATION_ACCEPTED_NUMERIC_PENDING","Fixed final fuel; no useful-heat inference; cooking remains within original fuel. Coal not recast as electricity.; cache zero has no certified raw-zero evidence","MY:2019:Buildings:ServicesFuel:biomass","ServicesFuel","true","true","false","CACHE_ZERO_UNVERIFIED","MY:biomass","false","false","MY/services biomass","Buildings","","","",""
"MY","2019","Buildings","ServicesFuel","coal","DIRECT_FUEL","","TWh/year","","","ServicesFuel","EXPLICIT","/home/jin/research/SGP_ESE5004_Stage2/pypsa-asean/resources/baseline-aims-3H-tutorial/energy_totals_base.csv","2019","af27beafc01cfb1920a23e632c05e858883a28efd9bbf94df3dfdba455fde261","Frozen derived cache; TWh/year -> MWh; raw/calorific provenance still pending","PENDING_ACCEPTED_COUNTRY_NODE_WEIGHTS","PENDING_ACCEPTED_SHAPE_AND_PHYSICAL_WEIGHTS","false","false","FIXED","MISSING","REPRESENTATION_ACCEPTED_NUMERIC_PENDING","Fixed final fuel; no useful-heat inference; cooking remains within original fuel. Coal not recast as electricity.; cache has no original R/S coal column; source recovery required","MY:2019:Buildings:ServicesFuel:coal","ServicesFuel","true","true","false","MISSING","MY:coal","false","false","MY/services coal","Buildings","","","",""
"MY","2019","Buildings","ServicesFuel","gas","DIRECT_FUEL","0.3005","TWh/year","300500.0","","ServicesFuel","EXPLICIT","/home/jin/research/SGP_ESE5004_Stage2/pypsa-asean/resources/baseline-aims-3H-tutorial/energy_totals_base.csv","2019","af27beafc01cfb1920a23e632c05e858883a28efd9bbf94df3dfdba455fde261","Frozen derived cache; TWh/year -> MWh; raw/calorific provenance still pending","PENDING_ACCEPTED_COUNTRY_NODE_WEIGHTS","PENDING_ACCEPTED_SHAPE_AND_PHYSICAL_WEIGHTS","false","false","FIXED","FROZEN_UPSTREAM","REPRESENTATION_ACCEPTED_NUMERIC_PENDING","Fixed final fuel; no useful-heat inference; cooking remains within original fuel. Coal not recast as electricity.","MY:2019:Buildings:ServicesFuel:gas","ServicesFuel","true","true","false","POSITIVE_CACHE_VALUE","MY:gas","false","false","MY/services gas","Buildings","","","",""
"MY","2019","Buildings","ServicesFuel","oil","DIRECT_FUEL","8.8809","TWh/year","8880900.0","","ServicesFuel","EXPLICIT","/home/jin/research/SGP_ESE5004_Stage2/pypsa-asean/resources/baseline-aims-3H-tutorial/energy_totals_base.csv","2019","af27beafc01cfb1920a23e632c05e858883a28efd9bbf94df3dfdba455fde261","Frozen derived cache; TWh/year -> MWh; raw/calorific provenance still pending","PENDING_ACCEPTED_COUNTRY_NODE_WEIGHTS","PENDING_ACCEPTED_SHAPE_AND_PHYSICAL_WEIGHTS","false","false","FIXED","FROZEN_UPSTREAM","REPRESENTATION_ACCEPTED_NUMERIC_PENDING","Fixed final fuel; no useful-heat inference; cooking remains within original fuel. Coal not recast as electricity.","MY:2019:Buildings:ServicesFuel:oil","ServicesFuel","true","true","false","POSITIVE_CACHE_VALUE","MY:oil","false","false","MY/services oil","Buildings","","","",""
"MY","2019","Buildings","ServicesSpaceHeat","mixed","EMBEDDED","","","","ServicesDirectEnergy","ServicesSpaceHeat","EMBEDDED","","2019","","","PENDING_ACCEPTED_COUNTRY_NODE_WEIGHTS","PENDING_ACCEPTED_SHAPE_AND_PHYSICAL_WEIGHTS","false","false","FIXED","EMBEDDED","REPRESENTATION_ACCEPTED_VALUES_NOT_DEFINED","No additional service obligation. Existing final electricity/fuel keeps ownership. Cooking is not space/water heat.","MY:2019:Buildings:ServicesSpaceHeat:mixed","Astar_and_original_fuels","false","false","false","MISSING","MY:mixed","false","false","","Buildings","","","",""
"MY","2019","Buildings","ServicesWaterHeat","mixed","EMBEDDED","","","","ServicesDirectEnergy","ServicesWaterHeat","EMBEDDED","","2019","","","PENDING_ACCEPTED_COUNTRY_NODE_WEIGHTS","PENDING_ACCEPTED_SHAPE_AND_PHYSICAL_WEIGHTS","false","false","FIXED","EMBEDDED","REPRESENTATION_ACCEPTED_VALUES_NOT_DEFINED","No additional service obligation. Existing final electricity/fuel keeps ownership. Cooking is not space/water heat.","MY:2019:Buildings:ServicesWaterHeat:mixed","Astar_and_original_fuels","false","false","false","MISSING","MY:mixed","false","false","","Buildings","","","",""
"MY","2030","Buildings","ResidentialDirectElectricity","electricity","DIRECT_ELECTRICITY","","","","Astar","ResidentialDirectElectricity","EMBEDDED","","2019","","","PENDING_ACCEPTED_COUNTRY_NODE_WEIGHTS","PENDING_ACCEPTED_SHAPE_AND_PHYSICAL_WEIGHTS","true","false","FIXED","PENDING","REPRESENTATION_ACCEPTED_NUMERIC_PENDING","PENDING_FUTURE_GROWTH; separate R/S decomposition remains optional inside Astar","MY:2030:Buildings:ResidentialDirectElectricity:electricity","Astar","false","false","false","MISSING","MY:electricity","false","false","","Buildings","","","",""
"MY","2030","Buildings","ResidentialFuel","biomass","DIRECT_FUEL","","","","","ResidentialFuel","EXPLICIT","","2019","","","PENDING_ACCEPTED_COUNTRY_NODE_WEIGHTS","PENDING_ACCEPTED_SHAPE_AND_PHYSICAL_WEIGHTS","false","false","FIXED","PENDING","REPRESENTATION_ACCEPTED_NUMERIC_PENDING","PENDING_FUTURE_GROWTH; no default growth or heat conversion","MY:2030:Buildings:ResidentialFuel:biomass","ResidentialFuel","true","true","false","MISSING","MY:biomass","false","false","","Buildings","","","",""
"MY","2030","Buildings","ResidentialFuel","coal","DIRECT_FUEL","","","","","ResidentialFuel","EXPLICIT","","2019","","","PENDING_ACCEPTED_COUNTRY_NODE_WEIGHTS","PENDING_ACCEPTED_SHAPE_AND_PHYSICAL_WEIGHTS","false","false","FIXED","PENDING","REPRESENTATION_ACCEPTED_NUMERIC_PENDING","PENDING_FUTURE_GROWTH; no default growth or heat conversion","MY:2030:Buildings:ResidentialFuel:coal","ResidentialFuel","true","true","false","MISSING","MY:coal","false","false","","Buildings","","","",""
"MY","2030","Buildings","ResidentialFuel","gas","DIRECT_FUEL","","","","","ResidentialFuel","EXPLICIT","","2019","","","PENDING_ACCEPTED_COUNTRY_NODE_WEIGHTS","PENDING_ACCEPTED_SHAPE_AND_PHYSICAL_WEIGHTS","false","false","FIXED","PENDING","REPRESENTATION_ACCEPTED_NUMERIC_PENDING","PENDING_FUTURE_GROWTH; no default growth or heat conversion","MY:2030:Buildings:ResidentialFuel:gas","ResidentialFuel","true","true","false","MISSING","MY:gas","false","false","","Buildings","","","",""
"MY","2030","Buildings","ResidentialFuel","oil","DIRECT_FUEL","","","","","ResidentialFuel","EXPLICIT","","2019","","","PENDING_ACCEPTED_COUNTRY_NODE_WEIGHTS","PENDING_ACCEPTED_SHAPE_AND_PHYSICAL_WEIGHTS","false","false","FIXED","PENDING","REPRESENTATION_ACCEPTED_NUMERIC_PENDING","PENDING_FUTURE_GROWTH; no default growth or heat conversion","MY:2030:Buildings:ResidentialFuel:oil","ResidentialFuel","true","true","false","MISSING","MY:oil","false","false","","Buildings","","","",""
"MY","2030","Buildings","ServicesDirectElectricity","electricity","DIRECT_ELECTRICITY","","","","Astar","ServicesDirectElectricity","EMBEDDED","","2019","","","PENDING_ACCEPTED_COUNTRY_NODE_WEIGHTS","PENDING_ACCEPTED_SHAPE_AND_PHYSICAL_WEIGHTS","true","false","FIXED","PENDING","REPRESENTATION_ACCEPTED_NUMERIC_PENDING","PENDING_FUTURE_GROWTH; separate R/S decomposition remains optional inside Astar","MY:2030:Buildings:ServicesDirectElectricity:electricity","Astar","false","false","false","MISSING","MY:electricity","false","false","","Buildings","","","",""
"MY","2030","Buildings","ServicesFuel","biomass","DIRECT_FUEL","","","","","ServicesFuel","EXPLICIT","","2019","","","PENDING_ACCEPTED_COUNTRY_NODE_WEIGHTS","PENDING_ACCEPTED_SHAPE_AND_PHYSICAL_WEIGHTS","false","false","FIXED","PENDING","REPRESENTATION_ACCEPTED_NUMERIC_PENDING","PENDING_FUTURE_GROWTH; no default growth or heat conversion","MY:2030:Buildings:ServicesFuel:biomass","ServicesFuel","true","true","false","MISSING","MY:biomass","false","false","","Buildings","","","",""
"MY","2030","Buildings","ServicesFuel","coal","DIRECT_FUEL","","","","","ServicesFuel","EXPLICIT","","2019","","","PENDING_ACCEPTED_COUNTRY_NODE_WEIGHTS","PENDING_ACCEPTED_SHAPE_AND_PHYSICAL_WEIGHTS","false","false","FIXED","PENDING","REPRESENTATION_ACCEPTED_NUMERIC_PENDING","PENDING_FUTURE_GROWTH; no default growth or heat conversion","MY:2030:Buildings:ServicesFuel:coal","ServicesFuel","true","true","false","MISSING","MY:coal","false","false","","Buildings","","","",""
"MY","2030","Buildings","ServicesFuel","gas","DIRECT_FUEL","","","","","ServicesFuel","EXPLICIT","","2019","","","PENDING_ACCEPTED_COUNTRY_NODE_WEIGHTS","PENDING_ACCEPTED_SHAPE_AND_PHYSICAL_WEIGHTS","false","false","FIXED","PENDING","REPRESENTATION_ACCEPTED_NUMERIC_PENDING","PENDING_FUTURE_GROWTH; no default growth or heat conversion","MY:2030:Buildings:ServicesFuel:gas","ServicesFuel","true","true","false","MISSING","MY:gas","false","false","","Buildings","","","",""
"MY","2030","Buildings","ServicesFuel","oil","DIRECT_FUEL","","","","","ServicesFuel","EXPLICIT","","2019","","","PENDING_ACCEPTED_COUNTRY_NODE_WEIGHTS","PENDING_ACCEPTED_SHAPE_AND_PHYSICAL_WEIGHTS","false","false","FIXED","PENDING","REPRESENTATION_ACCEPTED_NUMERIC_PENDING","PENDING_FUTURE_GROWTH; no default growth or heat conversion","MY:2030:Buildings:ServicesFuel:oil","ServicesFuel","true","true","false","MISSING","MY:oil","false","false","","Buildings","","","",""
"MY","2040","Buildings","ResidentialDirectElectricity","electricity","DIRECT_ELECTRICITY","","","","Astar","ResidentialDirectElectricity","EMBEDDED","","2019","","","PENDING_ACCEPTED_COUNTRY_NODE_WEIGHTS","PENDING_ACCEPTED_SHAPE_AND_PHYSICAL_WEIGHTS","true","false","FIXED","PENDING","REPRESENTATION_ACCEPTED_NUMERIC_PENDING","PENDING_FUTURE_GROWTH; separate R/S decomposition remains optional inside Astar","MY:2040:Buildings:ResidentialDirectElectricity:electricity","Astar","false","false","false","MISSING","MY:electricity","false","false","","Buildings","","","",""
"MY","2040","Buildings","ResidentialFuel","biomass","DIRECT_FUEL","","","","","ResidentialFuel","EXPLICIT","","2019","","","PENDING_ACCEPTED_COUNTRY_NODE_WEIGHTS","PENDING_ACCEPTED_SHAPE_AND_PHYSICAL_WEIGHTS","false","false","FIXED","PENDING","REPRESENTATION_ACCEPTED_NUMERIC_PENDING","PENDING_FUTURE_GROWTH; no default growth or heat conversion","MY:2040:Buildings:ResidentialFuel:biomass","ResidentialFuel","true","true","false","MISSING","MY:biomass","false","false","","Buildings","","","",""
"MY","2040","Buildings","ResidentialFuel","coal","DIRECT_FUEL","","","","","ResidentialFuel","EXPLICIT","","2019","","","PENDING_ACCEPTED_COUNTRY_NODE_WEIGHTS","PENDING_ACCEPTED_SHAPE_AND_PHYSICAL_WEIGHTS","false","false","FIXED","PENDING","REPRESENTATION_ACCEPTED_NUMERIC_PENDING","PENDING_FUTURE_GROWTH; no default growth or heat conversion","MY:2040:Buildings:ResidentialFuel:coal","ResidentialFuel","true","true","false","MISSING","MY:coal","false","false","","Buildings","","","",""
"MY","2040","Buildings","ResidentialFuel","gas","DIRECT_FUEL","","","","","ResidentialFuel","EXPLICIT","","2019","","","PENDING_ACCEPTED_COUNTRY_NODE_WEIGHTS","PENDING_ACCEPTED_SHAPE_AND_PHYSICAL_WEIGHTS","false","false","FIXED","PENDING","REPRESENTATION_ACCEPTED_NUMERIC_PENDING","PENDING_FUTURE_GROWTH; no default growth or heat conversion","MY:2040:Buildings:ResidentialFuel:gas","ResidentialFuel","true","true","false","MISSING","MY:gas","false","false","","Buildings","","","",""
"MY","2040","Buildings","ResidentialFuel","oil","DIRECT_FUEL","","","","","ResidentialFuel","EXPLICIT","","2019","","","PENDING_ACCEPTED_COUNTRY_NODE_WEIGHTS","PENDING_ACCEPTED_SHAPE_AND_PHYSICAL_WEIGHTS","false","false","FIXED","PENDING","REPRESENTATION_ACCEPTED_NUMERIC_PENDING","PENDING_FUTURE_GROWTH; no default growth or heat conversion","MY:2040:Buildings:ResidentialFuel:oil","ResidentialFuel","true","true","false","MISSING","MY:oil","false","false","","Buildings","","","",""
"MY","2040","Buildings","ServicesDirectElectricity","electricity","DIRECT_ELECTRICITY","","","","Astar","ServicesDirectElectricity","EMBEDDED","","2019","","","PENDING_ACCEPTED_COUNTRY_NODE_WEIGHTS","PENDING_ACCEPTED_SHAPE_AND_PHYSICAL_WEIGHTS","true","false","FIXED","PENDING","REPRESENTATION_ACCEPTED_NUMERIC_PENDING","PENDING_FUTURE_GROWTH; separate R/S decomposition remains optional inside Astar","MY:2040:Buildings:ServicesDirectElectricity:electricity","Astar","false","false","false","MISSING","MY:electricity","false","false","","Buildings","","","",""
"MY","2040","Buildings","ServicesFuel","biomass","DIRECT_FUEL","","","","","ServicesFuel","EXPLICIT","","2019","","","PENDING_ACCEPTED_COUNTRY_NODE_WEIGHTS","PENDING_ACCEPTED_SHAPE_AND_PHYSICAL_WEIGHTS","false","false","FIXED","PENDING","REPRESENTATION_ACCEPTED_NUMERIC_PENDING","PENDING_FUTURE_GROWTH; no default growth or heat conversion","MY:2040:Buildings:ServicesFuel:biomass","ServicesFuel","true","true","false","MISSING","MY:biomass","false","false","","Buildings","","","",""
"MY","2040","Buildings","ServicesFuel","coal","DIRECT_FUEL","","","","","ServicesFuel","EXPLICIT","","2019","","","PENDING_ACCEPTED_COUNTRY_NODE_WEIGHTS","PENDING_ACCEPTED_SHAPE_AND_PHYSICAL_WEIGHTS","false","false","FIXED","PENDING","REPRESENTATION_ACCEPTED_NUMERIC_PENDING","PENDING_FUTURE_GROWTH; no default growth or heat conversion","MY:2040:Buildings:ServicesFuel:coal","ServicesFuel","true","true","false","MISSING","MY:coal","false","false","","Buildings","","","",""
"MY","2040","Buildings","ServicesFuel","gas","DIRECT_FUEL","","","","","ServicesFuel","EXPLICIT","","2019","","","PENDING_ACCEPTED_COUNTRY_NODE_WEIGHTS","PENDING_ACCEPTED_SHAPE_AND_PHYSICAL_WEIGHTS","false","false","FIXED","PENDING","REPRESENTATION_ACCEPTED_NUMERIC_PENDING","PENDING_FUTURE_GROWTH; no default growth or heat conversion","MY:2040:Buildings:ServicesFuel:gas","ServicesFuel","true","true","false","MISSING","MY:gas","false","false","","Buildings","","","",""
"MY","2040","Buildings","ServicesFuel","oil","DIRECT_FUEL","","","","","ServicesFuel","EXPLICIT","","2019","","","PENDING_ACCEPTED_COUNTRY_NODE_WEIGHTS","PENDING_ACCEPTED_SHAPE_AND_PHYSICAL_WEIGHTS","false","false","FIXED","PENDING","REPRESENTATION_ACCEPTED_NUMERIC_PENDING","PENDING_FUTURE_GROWTH; no default growth or heat conversion","MY:2040:Buildings:ServicesFuel:oil","ServicesFuel","true","true","false","MISSING","MY:oil","false","false","","Buildings","","","",""
"MY","2050","Buildings","ResidentialDirectElectricity","electricity","DIRECT_ELECTRICITY","","","","Astar","ResidentialDirectElectricity","EMBEDDED","","2019","","","PENDING_ACCEPTED_COUNTRY_NODE_WEIGHTS","PENDING_ACCEPTED_SHAPE_AND_PHYSICAL_WEIGHTS","true","false","FIXED","PENDING","REPRESENTATION_ACCEPTED_NUMERIC_PENDING","PENDING_FUTURE_GROWTH; separate R/S decomposition remains optional inside Astar","MY:2050:Buildings:ResidentialDirectElectricity:electricity","Astar","false","false","false","MISSING","MY:electricity","false","false","","Buildings","","","",""
"MY","2050","Buildings","ResidentialFuel","biomass","DIRECT_FUEL","","","","","ResidentialFuel","EXPLICIT","","2019","","","PENDING_ACCEPTED_COUNTRY_NODE_WEIGHTS","PENDING_ACCEPTED_SHAPE_AND_PHYSICAL_WEIGHTS","false","false","FIXED","PENDING","REPRESENTATION_ACCEPTED_NUMERIC_PENDING","PENDING_FUTURE_GROWTH; no default growth or heat conversion","MY:2050:Buildings:ResidentialFuel:biomass","ResidentialFuel","true","true","false","MISSING","MY:biomass","false","false","","Buildings","","","",""
"MY","2050","Buildings","ResidentialFuel","coal","DIRECT_FUEL","","","","","ResidentialFuel","EXPLICIT","","2019","","","PENDING_ACCEPTED_COUNTRY_NODE_WEIGHTS","PENDING_ACCEPTED_SHAPE_AND_PHYSICAL_WEIGHTS","false","false","FIXED","PENDING","REPRESENTATION_ACCEPTED_NUMERIC_PENDING","PENDING_FUTURE_GROWTH; no default growth or heat conversion","MY:2050:Buildings:ResidentialFuel:coal","ResidentialFuel","true","true","false","MISSING","MY:coal","false","false","","Buildings","","","",""
"MY","2050","Buildings","ResidentialFuel","gas","DIRECT_FUEL","","","","","ResidentialFuel","EXPLICIT","","2019","","","PENDING_ACCEPTED_COUNTRY_NODE_WEIGHTS","PENDING_ACCEPTED_SHAPE_AND_PHYSICAL_WEIGHTS","false","false","FIXED","PENDING","REPRESENTATION_ACCEPTED_NUMERIC_PENDING","PENDING_FUTURE_GROWTH; no default growth or heat conversion","MY:2050:Buildings:ResidentialFuel:gas","ResidentialFuel","true","true","false","MISSING","MY:gas","false","false","","Buildings","","","",""
"MY","2050","Buildings","ResidentialFuel","oil","DIRECT_FUEL","","","","","ResidentialFuel","EXPLICIT","","2019","","","PENDING_ACCEPTED_COUNTRY_NODE_WEIGHTS","PENDING_ACCEPTED_SHAPE_AND_PHYSICAL_WEIGHTS","false","false","FIXED","PENDING","REPRESENTATION_ACCEPTED_NUMERIC_PENDING","PENDING_FUTURE_GROWTH; no default growth or heat conversion","MY:2050:Buildings:ResidentialFuel:oil","ResidentialFuel","true","true","false","MISSING","MY:oil","false","false","","Buildings","","","",""
"MY","2050","Buildings","ServicesDirectElectricity","electricity","DIRECT_ELECTRICITY","","","","Astar","ServicesDirectElectricity","EMBEDDED","","2019","","","PENDING_ACCEPTED_COUNTRY_NODE_WEIGHTS","PENDING_ACCEPTED_SHAPE_AND_PHYSICAL_WEIGHTS","true","false","FIXED","PENDING","REPRESENTATION_ACCEPTED_NUMERIC_PENDING","PENDING_FUTURE_GROWTH; separate R/S decomposition remains optional inside Astar","MY:2050:Buildings:ServicesDirectElectricity:electricity","Astar","false","false","false","MISSING","MY:electricity","false","false","","Buildings","","","",""
"MY","2050","Buildings","ServicesFuel","biomass","DIRECT_FUEL","","","","","ServicesFuel","EXPLICIT","","2019","","","PENDING_ACCEPTED_COUNTRY_NODE_WEIGHTS","PENDING_ACCEPTED_SHAPE_AND_PHYSICAL_WEIGHTS","false","false","FIXED","PENDING","REPRESENTATION_ACCEPTED_NUMERIC_PENDING","PENDING_FUTURE_GROWTH; no default growth or heat conversion","MY:2050:Buildings:ServicesFuel:biomass","ServicesFuel","true","true","false","MISSING","MY:biomass","false","false","","Buildings","","","",""
"MY","2050","Buildings","ServicesFuel","coal","DIRECT_FUEL","","","","","ServicesFuel","EXPLICIT","","2019","","","PENDING_ACCEPTED_COUNTRY_NODE_WEIGHTS","PENDING_ACCEPTED_SHAPE_AND_PHYSICAL_WEIGHTS","false","false","FIXED","PENDING","REPRESENTATION_ACCEPTED_NUMERIC_PENDING","PENDING_FUTURE_GROWTH; no default growth or heat conversion","MY:2050:Buildings:ServicesFuel:coal","ServicesFuel","true","true","false","MISSING","MY:coal","false","false","","Buildings","","","",""
"MY","2050","Buildings","ServicesFuel","gas","DIRECT_FUEL","","","","","ServicesFuel","EXPLICIT","","2019","","","PENDING_ACCEPTED_COUNTRY_NODE_WEIGHTS","PENDING_ACCEPTED_SHAPE_AND_PHYSICAL_WEIGHTS","false","false","FIXED","PENDING","REPRESENTATION_ACCEPTED_NUMERIC_PENDING","PENDING_FUTURE_GROWTH; no default growth or heat conversion","MY:2050:Buildings:ServicesFuel:gas","ServicesFuel","true","true","false","MISSING","MY:gas","false","false","","Buildings","","","",""
"MY","2050","Buildings","ServicesFuel","oil","DIRECT_FUEL","","","","","ServicesFuel","EXPLICIT","","2019","","","PENDING_ACCEPTED_COUNTRY_NODE_WEIGHTS","PENDING_ACCEPTED_SHAPE_AND_PHYSICAL_WEIGHTS","false","false","FIXED","PENDING","REPRESENTATION_ACCEPTED_NUMERIC_PENDING","PENDING_FUTURE_GROWTH; no default growth or heat conversion","MY:2050:Buildings:ServicesFuel:oil","ServicesFuel","true","true","false","MISSING","MY:oil","false","false","","Buildings","","","",""
"PH","2019","Buildings","ResidentialCooking","mixed","EMBEDDED","","","","ResidentialDirectEnergy","ResidentialCooking","EMBEDDED","","2019","","","PENDING_ACCEPTED_COUNTRY_NODE_WEIGHTS","PENDING_ACCEPTED_SHAPE_AND_PHYSICAL_WEIGHTS","false","false","FIXED","EMBEDDED","REPRESENTATION_ACCEPTED_VALUES_NOT_DEFINED","No additional service obligation. Existing final electricity/fuel keeps ownership. Cooking is not space/water heat.","PH:2019:Buildings:ResidentialCooking:mixed","Astar_and_original_fuels","false","false","false","MISSING","PH:mixed","false","false","","Buildings","","","",""
"PH","2019","Buildings","ResidentialCooling","electricity","EMBEDDED","","","","ResidentialDirectEnergy","ResidentialCooling","EMBEDDED","","2019","","","PENDING_ACCEPTED_COUNTRY_NODE_WEIGHTS","PENDING_ACCEPTED_SHAPE_AND_PHYSICAL_WEIGHTS","true","false","FIXED","EMBEDDED","REPRESENTATION_ACCEPTED_VALUES_NOT_DEFINED","No additional service obligation. Existing final electricity/fuel keeps ownership. Cooking is not space/water heat.","PH:2019:Buildings:ResidentialCooling:electricity","Astar_and_original_fuels","false","false","false","MISSING","PH:electricity","false","false","","Buildings","","","",""
"PH","2019","Buildings","ResidentialDirectElectricity","electricity","DIRECT_ELECTRICITY","30552","Kilowatt-hours, million","30552000.0","Astar","ResidentialDirectElectricity","EMBEDDED","/home/jin/research/SGP_ESE5004_Stage2/pypsa-asean/data/demand/unsd/data/UNdata_Export_20250502_110820872.txt","2019","12c99b3c40927449d9a4d0402f255a8b84b24917ff58e54efd4ec43b2125fe6b","Exact raw transaction; million kWh * 1000 = MWh; no losses or AEO scaling","PENDING_ACCEPTED_COUNTRY_NODE_WEIGHTS","PENDING_ACCEPTED_SHAPE_AND_PHYSICAL_WEIGHTS","true","false","FIXED","PENDING","REPRESENTATION_ACCEPTED_NUMERIC_PENDING","Separate R/S identity retained in Astar; no second electricity Load; numeric decomposition is unaccepted","PH:2019:Buildings:ResidentialDirectElectricity:electricity","Astar","false","false","false","REPORTED_VALUE","PH:electricity","false","false","Consumption by households; physical line end 70837","Buildings","","","",""
"PH","2019","Buildings","ResidentialFuel","biomass","DIRECT_FUEL","59.4536","TWh/year","59453600.0","","ResidentialFuel","EXPLICIT","/home/jin/research/SGP_ESE5004_Stage2/pypsa-asean/resources/baseline-aims-3H-tutorial/energy_totals_base.csv","2019","af27beafc01cfb1920a23e632c05e858883a28efd9bbf94df3dfdba455fde261","Frozen derived cache; TWh/year -> MWh; raw/calorific provenance still pending","PENDING_ACCEPTED_COUNTRY_NODE_WEIGHTS","PENDING_ACCEPTED_SHAPE_AND_PHYSICAL_WEIGHTS","false","false","FIXED","FROZEN_UPSTREAM","REPRESENTATION_ACCEPTED_NUMERIC_PENDING","Fixed final fuel; no useful-heat inference; cooking remains within original fuel. Coal not recast as electricity.","PH:2019:Buildings:ResidentialFuel:biomass","ResidentialFuel","true","true","false","POSITIVE_CACHE_VALUE","PH:biomass","false","false","PH/residential biomass","Buildings","","","",""
"PH","2019","Buildings","ResidentialFuel","coal","DIRECT_FUEL","","TWh/year","","","ResidentialFuel","EXPLICIT","/home/jin/research/SGP_ESE5004_Stage2/pypsa-asean/resources/baseline-aims-3H-tutorial/energy_totals_base.csv","2019","af27beafc01cfb1920a23e632c05e858883a28efd9bbf94df3dfdba455fde261","Frozen derived cache; TWh/year -> MWh; raw/calorific provenance still pending","PENDING_ACCEPTED_COUNTRY_NODE_WEIGHTS","PENDING_ACCEPTED_SHAPE_AND_PHYSICAL_WEIGHTS","false","false","FIXED","MISSING","REPRESENTATION_ACCEPTED_NUMERIC_PENDING","Fixed final fuel; no useful-heat inference; cooking remains within original fuel. Coal not recast as electricity.; cache has no original R/S coal column; source recovery required","PH:2019:Buildings:ResidentialFuel:coal","ResidentialFuel","true","true","false","MISSING","PH:coal","false","false","PH/residential coal","Buildings","","","",""
"PH","2019","Buildings","ResidentialFuel","gas","DIRECT_FUEL","0.0","TWh/year","","","ResidentialFuel","EXPLICIT","/home/jin/research/SGP_ESE5004_Stage2/pypsa-asean/resources/baseline-aims-3H-tutorial/energy_totals_base.csv","2019","af27beafc01cfb1920a23e632c05e858883a28efd9bbf94df3dfdba455fde261","Frozen derived cache; TWh/year -> MWh; raw/calorific provenance still pending","PENDING_ACCEPTED_COUNTRY_NODE_WEIGHTS","PENDING_ACCEPTED_SHAPE_AND_PHYSICAL_WEIGHTS","false","false","FIXED","MISSING","REPRESENTATION_ACCEPTED_NUMERIC_PENDING","Fixed final fuel; no useful-heat inference; cooking remains within original fuel. Coal not recast as electricity.; cache zero has no certified raw-zero evidence","PH:2019:Buildings:ResidentialFuel:gas","ResidentialFuel","true","true","false","CACHE_ZERO_UNVERIFIED","PH:gas","false","false","PH/residential gas","Buildings","","","",""
"PH","2019","Buildings","ResidentialFuel","oil","DIRECT_FUEL","15.1533","TWh/year","15153300.0","","ResidentialFuel","EXPLICIT","/home/jin/research/SGP_ESE5004_Stage2/pypsa-asean/resources/baseline-aims-3H-tutorial/energy_totals_base.csv","2019","af27beafc01cfb1920a23e632c05e858883a28efd9bbf94df3dfdba455fde261","Frozen derived cache; TWh/year -> MWh; raw/calorific provenance still pending","PENDING_ACCEPTED_COUNTRY_NODE_WEIGHTS","PENDING_ACCEPTED_SHAPE_AND_PHYSICAL_WEIGHTS","false","false","FIXED","FROZEN_UPSTREAM","REPRESENTATION_ACCEPTED_NUMERIC_PENDING","Fixed final fuel; no useful-heat inference; cooking remains within original fuel. Coal not recast as electricity.","PH:2019:Buildings:ResidentialFuel:oil","ResidentialFuel","true","true","false","POSITIVE_CACHE_VALUE","PH:oil","false","false","PH/residential oil","Buildings","","","",""
"PH","2019","Buildings","ResidentialSpaceHeat","mixed","EMBEDDED","","","","ResidentialDirectEnergy","ResidentialSpaceHeat","EMBEDDED","","2019","","","PENDING_ACCEPTED_COUNTRY_NODE_WEIGHTS","PENDING_ACCEPTED_SHAPE_AND_PHYSICAL_WEIGHTS","false","false","FIXED","EMBEDDED","REPRESENTATION_ACCEPTED_VALUES_NOT_DEFINED","No additional service obligation. Existing final electricity/fuel keeps ownership. Cooking is not space/water heat.","PH:2019:Buildings:ResidentialSpaceHeat:mixed","Astar_and_original_fuels","false","false","false","MISSING","PH:mixed","false","false","","Buildings","","","",""
"PH","2019","Buildings","ResidentialWaterHeat","mixed","EMBEDDED","","","","ResidentialDirectEnergy","ResidentialWaterHeat","EMBEDDED","","2019","","","PENDING_ACCEPTED_COUNTRY_NODE_WEIGHTS","PENDING_ACCEPTED_SHAPE_AND_PHYSICAL_WEIGHTS","false","false","FIXED","EMBEDDED","REPRESENTATION_ACCEPTED_VALUES_NOT_DEFINED","No additional service obligation. Existing final electricity/fuel keeps ownership. Cooking is not space/water heat.","PH:2019:Buildings:ResidentialWaterHeat:mixed","Astar_and_original_fuels","false","false","false","MISSING","PH:mixed","false","false","","Buildings","","","",""
"PH","2019","Buildings","ServicesCooking","mixed","EMBEDDED","","","","ServicesDirectEnergy","ServicesCooking","EMBEDDED","","2019","","","PENDING_ACCEPTED_COUNTRY_NODE_WEIGHTS","PENDING_ACCEPTED_SHAPE_AND_PHYSICAL_WEIGHTS","false","false","FIXED","EMBEDDED","REPRESENTATION_ACCEPTED_VALUES_NOT_DEFINED","No additional service obligation. Existing final electricity/fuel keeps ownership. Cooking is not space/water heat.","PH:2019:Buildings:ServicesCooking:mixed","Astar_and_original_fuels","false","false","false","MISSING","PH:mixed","false","false","","Buildings","","","",""
"PH","2019","Buildings","ServicesCooling","electricity","EMBEDDED","","","","ServicesDirectEnergy","ServicesCooling","EMBEDDED","","2019","","","PENDING_ACCEPTED_COUNTRY_NODE_WEIGHTS","PENDING_ACCEPTED_SHAPE_AND_PHYSICAL_WEIGHTS","true","false","FIXED","EMBEDDED","REPRESENTATION_ACCEPTED_VALUES_NOT_DEFINED","No additional service obligation. Existing final electricity/fuel keeps ownership. Cooking is not space/water heat.","PH:2019:Buildings:ServicesCooling:electricity","Astar_and_original_fuels","false","false","false","MISSING","PH:electricity","false","false","","Buildings","","","",""
"PH","2019","Buildings","ServicesDirectElectricity","electricity","DIRECT_ELECTRICITY","25476","Kilowatt-hours, million","25476000.0","Astar","ServicesDirectElectricity","EMBEDDED","/home/jin/research/SGP_ESE5004_Stage2/pypsa-asean/data/demand/unsd/data/UNdata_Export_20250502_110820872.txt","2019","12c99b3c40927449d9a4d0402f255a8b84b24917ff58e54efd4ec43b2125fe6b","Exact raw transaction; million kWh * 1000 = MWh; no losses or AEO scaling","PENDING_ACCEPTED_COUNTRY_NODE_WEIGHTS","PENDING_ACCEPTED_SHAPE_AND_PHYSICAL_WEIGHTS","true","false","FIXED","PENDING","REPRESENTATION_ACCEPTED_NUMERIC_PENDING","Separate R/S identity retained in Astar; no second electricity Load; numeric decomposition is unaccepted","PH:2019:Buildings:ServicesDirectElectricity:electricity","Astar","false","false","false","REPORTED_VALUE","PH:electricity","false","false","Consumption by commercial and public services; physical line end 70871","Buildings","","","",""
"PH","2019","Buildings","ServicesFuel","biomass","DIRECT_FUEL","4.5623","TWh/year","4562300.0","","ServicesFuel","EXPLICIT","/home/jin/research/SGP_ESE5004_Stage2/pypsa-asean/resources/baseline-aims-3H-tutorial/energy_totals_base.csv","2019","af27beafc01cfb1920a23e632c05e858883a28efd9bbf94df3dfdba455fde261","Frozen derived cache; TWh/year -> MWh; raw/calorific provenance still pending","PENDING_ACCEPTED_COUNTRY_NODE_WEIGHTS","PENDING_ACCEPTED_SHAPE_AND_PHYSICAL_WEIGHTS","false","false","FIXED","FROZEN_UPSTREAM","REPRESENTATION_ACCEPTED_NUMERIC_PENDING","Fixed final fuel; no useful-heat inference; cooking remains within original fuel. Coal not recast as electricity.","PH:2019:Buildings:ServicesFuel:biomass","ServicesFuel","true","true","false","POSITIVE_CACHE_VALUE","PH:biomass","false","false","PH/services biomass","Buildings","","","",""
"PH","2019","Buildings","ServicesFuel","coal","DIRECT_FUEL","","TWh/year","","","ServicesFuel","EXPLICIT","/home/jin/research/SGP_ESE5004_Stage2/pypsa-asean/resources/baseline-aims-3H-tutorial/energy_totals_base.csv","2019","af27beafc01cfb1920a23e632c05e858883a28efd9bbf94df3dfdba455fde261","Frozen derived cache; TWh/year -> MWh; raw/calorific provenance still pending","PENDING_ACCEPTED_COUNTRY_NODE_WEIGHTS","PENDING_ACCEPTED_SHAPE_AND_PHYSICAL_WEIGHTS","false","false","FIXED","MISSING","REPRESENTATION_ACCEPTED_NUMERIC_PENDING","Fixed final fuel; no useful-heat inference; cooking remains within original fuel. Coal not recast as electricity.; cache has no original R/S coal column; source recovery required","PH:2019:Buildings:ServicesFuel:coal","ServicesFuel","true","true","false","MISSING","PH:coal","false","false","PH/services coal","Buildings","","","",""
"PH","2019","Buildings","ServicesFuel","gas","DIRECT_FUEL","0.0","TWh/year","","","ServicesFuel","EXPLICIT","/home/jin/research/SGP_ESE5004_Stage2/pypsa-asean/resources/baseline-aims-3H-tutorial/energy_totals_base.csv","2019","af27beafc01cfb1920a23e632c05e858883a28efd9bbf94df3dfdba455fde261","Frozen derived cache; TWh/year -> MWh; raw/calorific provenance still pending","PENDING_ACCEPTED_COUNTRY_NODE_WEIGHTS","PENDING_ACCEPTED_SHAPE_AND_PHYSICAL_WEIGHTS","false","false","FIXED","MISSING","REPRESENTATION_ACCEPTED_NUMERIC_PENDING","Fixed final fuel; no useful-heat inference; cooking remains within original fuel. Coal not recast as electricity.; cache zero has no certified raw-zero evidence","PH:2019:Buildings:ServicesFuel:gas","ServicesFuel","true","true","false","CACHE_ZERO_UNVERIFIED","PH:gas","false","false","PH/services gas","Buildings","","","",""
"PH","2019","Buildings","ServicesFuel","oil","DIRECT_FUEL","28.8287","TWh/year","28828700.0","","ServicesFuel","EXPLICIT","/home/jin/research/SGP_ESE5004_Stage2/pypsa-asean/resources/baseline-aims-3H-tutorial/energy_totals_base.csv","2019","af27beafc01cfb1920a23e632c05e858883a28efd9bbf94df3dfdba455fde261","Frozen derived cache; TWh/year -> MWh; raw/calorific provenance still pending","PENDING_ACCEPTED_COUNTRY_NODE_WEIGHTS","PENDING_ACCEPTED_SHAPE_AND_PHYSICAL_WEIGHTS","false","false","FIXED","FROZEN_UPSTREAM","REPRESENTATION_ACCEPTED_NUMERIC_PENDING","Fixed final fuel; no useful-heat inference; cooking remains within original fuel. Coal not recast as electricity.","PH:2019:Buildings:ServicesFuel:oil","ServicesFuel","true","true","false","POSITIVE_CACHE_VALUE","PH:oil","false","false","PH/services oil","Buildings","","","",""
"PH","2019","Buildings","ServicesSpaceHeat","mixed","EMBEDDED","","","","ServicesDirectEnergy","ServicesSpaceHeat","EMBEDDED","","2019","","","PENDING_ACCEPTED_COUNTRY_NODE_WEIGHTS","PENDING_ACCEPTED_SHAPE_AND_PHYSICAL_WEIGHTS","false","false","FIXED","EMBEDDED","REPRESENTATION_ACCEPTED_VALUES_NOT_DEFINED","No additional service obligation. Existing final electricity/fuel keeps ownership. Cooking is not space/water heat.","PH:2019:Buildings:ServicesSpaceHeat:mixed","Astar_and_original_fuels","false","false","false","MISSING","PH:mixed","false","false","","Buildings","","","",""
"PH","2019","Buildings","ServicesWaterHeat","mixed","EMBEDDED","","","","ServicesDirectEnergy","ServicesWaterHeat","EMBEDDED","","2019","","","PENDING_ACCEPTED_COUNTRY_NODE_WEIGHTS","PENDING_ACCEPTED_SHAPE_AND_PHYSICAL_WEIGHTS","false","false","FIXED","EMBEDDED","REPRESENTATION_ACCEPTED_VALUES_NOT_DEFINED","No additional service obligation. Existing final electricity/fuel keeps ownership. Cooking is not space/water heat.","PH:2019:Buildings:ServicesWaterHeat:mixed","Astar_and_original_fuels","false","false","false","MISSING","PH:mixed","false","false","","Buildings","","","",""
"PH","2030","Buildings","ResidentialDirectElectricity","electricity","DIRECT_ELECTRICITY","","","","Astar","ResidentialDirectElectricity","EMBEDDED","","2019","","","PENDING_ACCEPTED_COUNTRY_NODE_WEIGHTS","PENDING_ACCEPTED_SHAPE_AND_PHYSICAL_WEIGHTS","true","false","FIXED","PENDING","REPRESENTATION_ACCEPTED_NUMERIC_PENDING","PENDING_FUTURE_GROWTH; separate R/S decomposition remains optional inside Astar","PH:2030:Buildings:ResidentialDirectElectricity:electricity","Astar","false","false","false","MISSING","PH:electricity","false","false","","Buildings","","","",""
"PH","2030","Buildings","ResidentialFuel","biomass","DIRECT_FUEL","","","","","ResidentialFuel","EXPLICIT","","2019","","","PENDING_ACCEPTED_COUNTRY_NODE_WEIGHTS","PENDING_ACCEPTED_SHAPE_AND_PHYSICAL_WEIGHTS","false","false","FIXED","PENDING","REPRESENTATION_ACCEPTED_NUMERIC_PENDING","PENDING_FUTURE_GROWTH; no default growth or heat conversion","PH:2030:Buildings:ResidentialFuel:biomass","ResidentialFuel","true","true","false","MISSING","PH:biomass","false","false","","Buildings","","","",""
"PH","2030","Buildings","ResidentialFuel","coal","DIRECT_FUEL","","","","","ResidentialFuel","EXPLICIT","","2019","","","PENDING_ACCEPTED_COUNTRY_NODE_WEIGHTS","PENDING_ACCEPTED_SHAPE_AND_PHYSICAL_WEIGHTS","false","false","FIXED","PENDING","REPRESENTATION_ACCEPTED_NUMERIC_PENDING","PENDING_FUTURE_GROWTH; no default growth or heat conversion","PH:2030:Buildings:ResidentialFuel:coal","ResidentialFuel","true","true","false","MISSING","PH:coal","false","false","","Buildings","","","",""
"PH","2030","Buildings","ResidentialFuel","gas","DIRECT_FUEL","","","","","ResidentialFuel","EXPLICIT","","2019","","","PENDING_ACCEPTED_COUNTRY_NODE_WEIGHTS","PENDING_ACCEPTED_SHAPE_AND_PHYSICAL_WEIGHTS","false","false","FIXED","PENDING","REPRESENTATION_ACCEPTED_NUMERIC_PENDING","PENDING_FUTURE_GROWTH; no default growth or heat conversion","PH:2030:Buildings:ResidentialFuel:gas","ResidentialFuel","true","true","false","MISSING","PH:gas","false","false","","Buildings","","","",""
"PH","2030","Buildings","ResidentialFuel","oil","DIRECT_FUEL","","","","","ResidentialFuel","EXPLICIT","","2019","","","PENDING_ACCEPTED_COUNTRY_NODE_WEIGHTS","PENDING_ACCEPTED_SHAPE_AND_PHYSICAL_WEIGHTS","false","false","FIXED","PENDING","REPRESENTATION_ACCEPTED_NUMERIC_PENDING","PENDING_FUTURE_GROWTH; no default growth or heat conversion","PH:2030:Buildings:ResidentialFuel:oil","ResidentialFuel","true","true","false","MISSING","PH:oil","false","false","","Buildings","","","",""
"PH","2030","Buildings","ServicesDirectElectricity","electricity","DIRECT_ELECTRICITY","","","","Astar","ServicesDirectElectricity","EMBEDDED","","2019","","","PENDING_ACCEPTED_COUNTRY_NODE_WEIGHTS","PENDING_ACCEPTED_SHAPE_AND_PHYSICAL_WEIGHTS","true","false","FIXED","PENDING","REPRESENTATION_ACCEPTED_NUMERIC_PENDING","PENDING_FUTURE_GROWTH; separate R/S decomposition remains optional inside Astar","PH:2030:Buildings:ServicesDirectElectricity:electricity","Astar","false","false","false","MISSING","PH:electricity","false","false","","Buildings","","","",""
"PH","2030","Buildings","ServicesFuel","biomass","DIRECT_FUEL","","","","","ServicesFuel","EXPLICIT","","2019","","","PENDING_ACCEPTED_COUNTRY_NODE_WEIGHTS","PENDING_ACCEPTED_SHAPE_AND_PHYSICAL_WEIGHTS","false","false","FIXED","PENDING","REPRESENTATION_ACCEPTED_NUMERIC_PENDING","PENDING_FUTURE_GROWTH; no default growth or heat conversion","PH:2030:Buildings:ServicesFuel:biomass","ServicesFuel","true","true","false","MISSING","PH:biomass","false","false","","Buildings","","","",""
"PH","2030","Buildings","ServicesFuel","coal","DIRECT_FUEL","","","","","ServicesFuel","EXPLICIT","","2019","","","PENDING_ACCEPTED_COUNTRY_NODE_WEIGHTS","PENDING_ACCEPTED_SHAPE_AND_PHYSICAL_WEIGHTS","false","false","FIXED","PENDING","REPRESENTATION_ACCEPTED_NUMERIC_PENDING","PENDING_FUTURE_GROWTH; no default growth or heat conversion","PH:2030:Buildings:ServicesFuel:coal","ServicesFuel","true","true","false","MISSING","PH:coal","false","false","","Buildings","","","",""
"PH","2030","Buildings","ServicesFuel","gas","DIRECT_FUEL","","","","","ServicesFuel","EXPLICIT","","2019","","","PENDING_ACCEPTED_COUNTRY_NODE_WEIGHTS","PENDING_ACCEPTED_SHAPE_AND_PHYSICAL_WEIGHTS","false","false","FIXED","PENDING","REPRESENTATION_ACCEPTED_NUMERIC_PENDING","PENDING_FUTURE_GROWTH; no default growth or heat conversion","PH:2030:Buildings:ServicesFuel:gas","ServicesFuel","true","true","false","MISSING","PH:gas","false","false","","Buildings","","","",""
"PH","2030","Buildings","ServicesFuel","oil","DIRECT_FUEL","","","","","ServicesFuel","EXPLICIT","","2019","","","PENDING_ACCEPTED_COUNTRY_NODE_WEIGHTS","PENDING_ACCEPTED_SHAPE_AND_PHYSICAL_WEIGHTS","false","false","FIXED","PENDING","REPRESENTATION_ACCEPTED_NUMERIC_PENDING","PENDING_FUTURE_GROWTH; no default growth or heat conversion","PH:2030:Buildings:ServicesFuel:oil","ServicesFuel","true","true","false","MISSING","PH:oil","false","false","","Buildings","","","",""
"PH","2040","Buildings","ResidentialDirectElectricity","electricity","DIRECT_ELECTRICITY","","","","Astar","ResidentialDirectElectricity","EMBEDDED","","2019","","","PENDING_ACCEPTED_COUNTRY_NODE_WEIGHTS","PENDING_ACCEPTED_SHAPE_AND_PHYSICAL_WEIGHTS","true","false","FIXED","PENDING","REPRESENTATION_ACCEPTED_NUMERIC_PENDING","PENDING_FUTURE_GROWTH; separate R/S decomposition remains optional inside Astar","PH:2040:Buildings:ResidentialDirectElectricity:electricity","Astar","false","false","false","MISSING","PH:electricity","false","false","","Buildings","","","",""
"PH","2040","Buildings","ResidentialFuel","biomass","DIRECT_FUEL","","","","","ResidentialFuel","EXPLICIT","","2019","","","PENDING_ACCEPTED_COUNTRY_NODE_WEIGHTS","PENDING_ACCEPTED_SHAPE_AND_PHYSICAL_WEIGHTS","false","false","FIXED","PENDING","REPRESENTATION_ACCEPTED_NUMERIC_PENDING","PENDING_FUTURE_GROWTH; no default growth or heat conversion","PH:2040:Buildings:ResidentialFuel:biomass","ResidentialFuel","true","true","false","MISSING","PH:biomass","false","false","","Buildings","","","",""
"PH","2040","Buildings","ResidentialFuel","coal","DIRECT_FUEL","","","","","ResidentialFuel","EXPLICIT","","2019","","","PENDING_ACCEPTED_COUNTRY_NODE_WEIGHTS","PENDING_ACCEPTED_SHAPE_AND_PHYSICAL_WEIGHTS","false","false","FIXED","PENDING","REPRESENTATION_ACCEPTED_NUMERIC_PENDING","PENDING_FUTURE_GROWTH; no default growth or heat conversion","PH:2040:Buildings:ResidentialFuel:coal","ResidentialFuel","true","true","false","MISSING","PH:coal","false","false","","Buildings","","","",""
"PH","2040","Buildings","ResidentialFuel","gas","DIRECT_FUEL","","","","","ResidentialFuel","EXPLICIT","","2019","","","PENDING_ACCEPTED_COUNTRY_NODE_WEIGHTS","PENDING_ACCEPTED_SHAPE_AND_PHYSICAL_WEIGHTS","false","false","FIXED","PENDING","REPRESENTATION_ACCEPTED_NUMERIC_PENDING","PENDING_FUTURE_GROWTH; no default growth or heat conversion","PH:2040:Buildings:ResidentialFuel:gas","ResidentialFuel","true","true","false","MISSING","PH:gas","false","false","","Buildings","","","",""
"PH","2040","Buildings","ResidentialFuel","oil","DIRECT_FUEL","","","","","ResidentialFuel","EXPLICIT","","2019","","","PENDING_ACCEPTED_COUNTRY_NODE_WEIGHTS","PENDING_ACCEPTED_SHAPE_AND_PHYSICAL_WEIGHTS","false","false","FIXED","PENDING","REPRESENTATION_ACCEPTED_NUMERIC_PENDING","PENDING_FUTURE_GROWTH; no default growth or heat conversion","PH:2040:Buildings:ResidentialFuel:oil","ResidentialFuel","true","true","false","MISSING","PH:oil","false","false","","Buildings","","","",""
"PH","2040","Buildings","ServicesDirectElectricity","electricity","DIRECT_ELECTRICITY","","","","Astar","ServicesDirectElectricity","EMBEDDED","","2019","","","PENDING_ACCEPTED_COUNTRY_NODE_WEIGHTS","PENDING_ACCEPTED_SHAPE_AND_PHYSICAL_WEIGHTS","true","false","FIXED","PENDING","REPRESENTATION_ACCEPTED_NUMERIC_PENDING","PENDING_FUTURE_GROWTH; separate R/S decomposition remains optional inside Astar","PH:2040:Buildings:ServicesDirectElectricity:electricity","Astar","false","false","false","MISSING","PH:electricity","false","false","","Buildings","","","",""
"PH","2040","Buildings","ServicesFuel","biomass","DIRECT_FUEL","","","","","ServicesFuel","EXPLICIT","","2019","","","PENDING_ACCEPTED_COUNTRY_NODE_WEIGHTS","PENDING_ACCEPTED_SHAPE_AND_PHYSICAL_WEIGHTS","false","false","FIXED","PENDING","REPRESENTATION_ACCEPTED_NUMERIC_PENDING","PENDING_FUTURE_GROWTH; no default growth or heat conversion","PH:2040:Buildings:ServicesFuel:biomass","ServicesFuel","true","true","false","MISSING","PH:biomass","false","false","","Buildings","","","",""
"PH","2040","Buildings","ServicesFuel","coal","DIRECT_FUEL","","","","","ServicesFuel","EXPLICIT","","2019","","","PENDING_ACCEPTED_COUNTRY_NODE_WEIGHTS","PENDING_ACCEPTED_SHAPE_AND_PHYSICAL_WEIGHTS","false","false","FIXED","PENDING","REPRESENTATION_ACCEPTED_NUMERIC_PENDING","PENDING_FUTURE_GROWTH; no default growth or heat conversion","PH:2040:Buildings:ServicesFuel:coal","ServicesFuel","true","true","false","MISSING","PH:coal","false","false","","Buildings","","","",""
"PH","2040","Buildings","ServicesFuel","gas","DIRECT_FUEL","","","","","ServicesFuel","EXPLICIT","","2019","","","PENDING_ACCEPTED_COUNTRY_NODE_WEIGHTS","PENDING_ACCEPTED_SHAPE_AND_PHYSICAL_WEIGHTS","false","false","FIXED","PENDING","REPRESENTATION_ACCEPTED_NUMERIC_PENDING","PENDING_FUTURE_GROWTH; no default growth or heat conversion","PH:2040:Buildings:ServicesFuel:gas","ServicesFuel","true","true","false","MISSING","PH:gas","false","false","","Buildings","","","",""
"PH","2040","Buildings","ServicesFuel","oil","DIRECT_FUEL","","","","","ServicesFuel","EXPLICIT","","2019","","","PENDING_ACCEPTED_COUNTRY_NODE_WEIGHTS","PENDING_ACCEPTED_SHAPE_AND_PHYSICAL_WEIGHTS","false","false","FIXED","PENDING","REPRESENTATION_ACCEPTED_NUMERIC_PENDING","PENDING_FUTURE_GROWTH; no default growth or heat conversion","PH:2040:Buildings:ServicesFuel:oil","ServicesFuel","true","true","false","MISSING","PH:oil","false","false","","Buildings","","","",""
"PH","2050","Buildings","ResidentialDirectElectricity","electricity","DIRECT_ELECTRICITY","","","","Astar","ResidentialDirectElectricity","EMBEDDED","","2019","","","PENDING_ACCEPTED_COUNTRY_NODE_WEIGHTS","PENDING_ACCEPTED_SHAPE_AND_PHYSICAL_WEIGHTS","true","false","FIXED","PENDING","REPRESENTATION_ACCEPTED_NUMERIC_PENDING","PENDING_FUTURE_GROWTH; separate R/S decomposition remains optional inside Astar","PH:2050:Buildings:ResidentialDirectElectricity:electricity","Astar","false","false","false","MISSING","PH:electricity","false","false","","Buildings","","","",""
"PH","2050","Buildings","ResidentialFuel","biomass","DIRECT_FUEL","","","","","ResidentialFuel","EXPLICIT","","2019","","","PENDING_ACCEPTED_COUNTRY_NODE_WEIGHTS","PENDING_ACCEPTED_SHAPE_AND_PHYSICAL_WEIGHTS","false","false","FIXED","PENDING","REPRESENTATION_ACCEPTED_NUMERIC_PENDING","PENDING_FUTURE_GROWTH; no default growth or heat conversion","PH:2050:Buildings:ResidentialFuel:biomass","ResidentialFuel","true","true","false","MISSING","PH:biomass","false","false","","Buildings","","","",""
"PH","2050","Buildings","ResidentialFuel","coal","DIRECT_FUEL","","","","","ResidentialFuel","EXPLICIT","","2019","","","PENDING_ACCEPTED_COUNTRY_NODE_WEIGHTS","PENDING_ACCEPTED_SHAPE_AND_PHYSICAL_WEIGHTS","false","false","FIXED","PENDING","REPRESENTATION_ACCEPTED_NUMERIC_PENDING","PENDING_FUTURE_GROWTH; no default growth or heat conversion","PH:2050:Buildings:ResidentialFuel:coal","ResidentialFuel","true","true","false","MISSING","PH:coal","false","false","","Buildings","","","",""
"PH","2050","Buildings","ResidentialFuel","gas","DIRECT_FUEL","","","","","ResidentialFuel","EXPLICIT","","2019","","","PENDING_ACCEPTED_COUNTRY_NODE_WEIGHTS","PENDING_ACCEPTED_SHAPE_AND_PHYSICAL_WEIGHTS","false","false","FIXED","PENDING","REPRESENTATION_ACCEPTED_NUMERIC_PENDING","PENDING_FUTURE_GROWTH; no default growth or heat conversion","PH:2050:Buildings:ResidentialFuel:gas","ResidentialFuel","true","true","false","MISSING","PH:gas","false","false","","Buildings","","","",""
"PH","2050","Buildings","ResidentialFuel","oil","DIRECT_FUEL","","","","","ResidentialFuel","EXPLICIT","","2019","","","PENDING_ACCEPTED_COUNTRY_NODE_WEIGHTS","PENDING_ACCEPTED_SHAPE_AND_PHYSICAL_WEIGHTS","false","false","FIXED","PENDING","REPRESENTATION_ACCEPTED_NUMERIC_PENDING","PENDING_FUTURE_GROWTH; no default growth or heat conversion","PH:2050:Buildings:ResidentialFuel:oil","ResidentialFuel","true","true","false","MISSING","PH:oil","false","false","","Buildings","","","",""
"PH","2050","Buildings","ServicesDirectElectricity","electricity","DIRECT_ELECTRICITY","","","","Astar","ServicesDirectElectricity","EMBEDDED","","2019","","","PENDING_ACCEPTED_COUNTRY_NODE_WEIGHTS","PENDING_ACCEPTED_SHAPE_AND_PHYSICAL_WEIGHTS","true","false","FIXED","PENDING","REPRESENTATION_ACCEPTED_NUMERIC_PENDING","PENDING_FUTURE_GROWTH; separate R/S decomposition remains optional inside Astar","PH:2050:Buildings:ServicesDirectElectricity:electricity","Astar","false","false","false","MISSING","PH:electricity","false","false","","Buildings","","","",""
"PH","2050","Buildings","ServicesFuel","biomass","DIRECT_FUEL","","","","","ServicesFuel","EXPLICIT","","2019","","","PENDING_ACCEPTED_COUNTRY_NODE_WEIGHTS","PENDING_ACCEPTED_SHAPE_AND_PHYSICAL_WEIGHTS","false","false","FIXED","PENDING","REPRESENTATION_ACCEPTED_NUMERIC_PENDING","PENDING_FUTURE_GROWTH; no default growth or heat conversion","PH:2050:Buildings:ServicesFuel:biomass","ServicesFuel","true","true","false","MISSING","PH:biomass","false","false","","Buildings","","","",""
"PH","2050","Buildings","ServicesFuel","coal","DIRECT_FUEL","","","","","ServicesFuel","EXPLICIT","","2019","","","PENDING_ACCEPTED_COUNTRY_NODE_WEIGHTS","PENDING_ACCEPTED_SHAPE_AND_PHYSICAL_WEIGHTS","false","false","FIXED","PENDING","REPRESENTATION_ACCEPTED_NUMERIC_PENDING","PENDING_FUTURE_GROWTH; no default growth or heat conversion","PH:2050:Buildings:ServicesFuel:coal","ServicesFuel","true","true","false","MISSING","PH:coal","false","false","","Buildings","","","",""
"PH","2050","Buildings","ServicesFuel","gas","DIRECT_FUEL","","","","","ServicesFuel","EXPLICIT","","2019","","","PENDING_ACCEPTED_COUNTRY_NODE_WEIGHTS","PENDING_ACCEPTED_SHAPE_AND_PHYSICAL_WEIGHTS","false","false","FIXED","PENDING","REPRESENTATION_ACCEPTED_NUMERIC_PENDING","PENDING_FUTURE_GROWTH; no default growth or heat conversion","PH:2050:Buildings:ServicesFuel:gas","ServicesFuel","true","true","false","MISSING","PH:gas","false","false","","Buildings","","","",""
"PH","2050","Buildings","ServicesFuel","oil","DIRECT_FUEL","","","","","ServicesFuel","EXPLICIT","","2019","","","PENDING_ACCEPTED_COUNTRY_NODE_WEIGHTS","PENDING_ACCEPTED_SHAPE_AND_PHYSICAL_WEIGHTS","false","false","FIXED","PENDING","REPRESENTATION_ACCEPTED_NUMERIC_PENDING","PENDING_FUTURE_GROWTH; no default growth or heat conversion","PH:2050:Buildings:ServicesFuel:oil","ServicesFuel","true","true","false","MISSING","PH:oil","false","false","","Buildings","","","",""
"SG","2019","Buildings","ResidentialCooking","mixed","EMBEDDED","","","","ResidentialDirectEnergy","ResidentialCooking","EMBEDDED","","2019","","","PENDING_ACCEPTED_COUNTRY_NODE_WEIGHTS","PENDING_ACCEPTED_SHAPE_AND_PHYSICAL_WEIGHTS","false","false","FIXED","EMBEDDED","REPRESENTATION_ACCEPTED_VALUES_NOT_DEFINED","No additional service obligation. Existing final electricity/fuel keeps ownership. Cooking is not space/water heat.","SG:2019:Buildings:ResidentialCooking:mixed","Astar_and_original_fuels","false","false","false","MISSING","SG:mixed","false","false","","Buildings","","","",""
"SG","2019","Buildings","ResidentialCooling","electricity","EMBEDDED","","","","ResidentialDirectEnergy","ResidentialCooling","EMBEDDED","","2019","","","PENDING_ACCEPTED_COUNTRY_NODE_WEIGHTS","PENDING_ACCEPTED_SHAPE_AND_PHYSICAL_WEIGHTS","true","false","FIXED","EMBEDDED","REPRESENTATION_ACCEPTED_VALUES_NOT_DEFINED","No additional service obligation. Existing final electricity/fuel keeps ownership. Cooking is not space/water heat.","SG:2019:Buildings:ResidentialCooling:electricity","Astar_and_original_fuels","false","false","false","MISSING","SG:electricity","false","false","","Buildings","","","",""
"SG","2019","Buildings","ResidentialDirectElectricity","electricity","DIRECT_ELECTRICITY","7681.3","Kilowatt-hours, million","7681300.0","Astar","ResidentialDirectElectricity","EMBEDDED","/home/jin/research/SGP_ESE5004_Stage2/pypsa-asean/data/demand/unsd/data/UNdata_Export_20250502_110820872.txt","2019","12c99b3c40927449d9a4d0402f255a8b84b24917ff58e54efd4ec43b2125fe6b","Exact raw transaction; million kWh * 1000 = MWh; no losses or AEO scaling","PENDING_ACCEPTED_COUNTRY_NODE_WEIGHTS","PENDING_ACCEPTED_SHAPE_AND_PHYSICAL_WEIGHTS","true","false","FIXED","PENDING","REPRESENTATION_ACCEPTED_NUMERIC_PENDING","Separate R/S identity retained in Astar; no second electricity Load; numeric decomposition is unaccepted","SG:2019:Buildings:ResidentialDirectElectricity:electricity","Astar","false","false","false","REPORTED_VALUE","SG:electricity","false","false","Consumption by households; physical line end 79117","Buildings","","","",""
"SG","2019","Buildings","ResidentialFuel","biomass","DIRECT_FUEL","0.0","TWh/year","","","ResidentialFuel","EXPLICIT","/home/jin/research/SGP_ESE5004_Stage2/pypsa-asean/resources/baseline-aims-3H-tutorial/energy_totals_base.csv","2019","af27beafc01cfb1920a23e632c05e858883a28efd9bbf94df3dfdba455fde261","Frozen derived cache; TWh/year -> MWh; raw/calorific provenance still pending","PENDING_ACCEPTED_COUNTRY_NODE_WEIGHTS","PENDING_ACCEPTED_SHAPE_AND_PHYSICAL_WEIGHTS","false","false","FIXED","MISSING","REPRESENTATION_ACCEPTED_NUMERIC_PENDING","Fixed final fuel; no useful-heat inference; cooking remains within original fuel. Coal not recast as electricity.; cache zero has no certified raw-zero evidence","SG:2019:Buildings:ResidentialFuel:biomass","ResidentialFuel","true","true","false","CACHE_ZERO_UNVERIFIED","SG:biomass","false","false","SG/residential biomass","Buildings","","","",""
"SG","2019","Buildings","ResidentialFuel","coal","DIRECT_FUEL","","TWh/year","","","ResidentialFuel","EXPLICIT","/home/jin/research/SGP_ESE5004_Stage2/pypsa-asean/resources/baseline-aims-3H-tutorial/energy_totals_base.csv","2019","af27beafc01cfb1920a23e632c05e858883a28efd9bbf94df3dfdba455fde261","Frozen derived cache; TWh/year -> MWh; raw/calorific provenance still pending","PENDING_ACCEPTED_COUNTRY_NODE_WEIGHTS","PENDING_ACCEPTED_SHAPE_AND_PHYSICAL_WEIGHTS","false","false","FIXED","MISSING","REPRESENTATION_ACCEPTED_NUMERIC_PENDING","Fixed final fuel; no useful-heat inference; cooking remains within original fuel. Coal not recast as electricity.; cache has no original R/S coal column; source recovery required","SG:2019:Buildings:ResidentialFuel:coal","ResidentialFuel","true","true","false","MISSING","SG:coal","false","false","SG/residential coal","Buildings","","","",""
"SG","2019","Buildings","ResidentialFuel","gas","DIRECT_FUEL","0.7359","TWh/year","735900.0","","ResidentialFuel","EXPLICIT","/home/jin/research/SGP_ESE5004_Stage2/pypsa-asean/resources/baseline-aims-3H-tutorial/energy_totals_base.csv","2019","af27beafc01cfb1920a23e632c05e858883a28efd9bbf94df3dfdba455fde261","Frozen derived cache; TWh/year -> MWh; raw/calorific provenance still pending","PENDING_ACCEPTED_COUNTRY_NODE_WEIGHTS","PENDING_ACCEPTED_SHAPE_AND_PHYSICAL_WEIGHTS","false","false","FIXED","FROZEN_UPSTREAM","REPRESENTATION_ACCEPTED_NUMERIC_PENDING","Fixed final fuel; no useful-heat inference; cooking remains within original fuel. Coal not recast as electricity.","SG:2019:Buildings:ResidentialFuel:gas","ResidentialFuel","true","true","false","POSITIVE_CACHE_VALUE","SG:gas","false","false","SG/residential gas","Buildings","","","",""
"SG","2019","Buildings","ResidentialFuel","oil","DIRECT_FUEL","0.2757","TWh/year","275700.0","","ResidentialFuel","EXPLICIT","/home/jin/research/SGP_ESE5004_Stage2/pypsa-asean/resources/baseline-aims-3H-tutorial/energy_totals_base.csv","2019","af27beafc01cfb1920a23e632c05e858883a28efd9bbf94df3dfdba455fde261","Frozen derived cache; TWh/year -> MWh; raw/calorific provenance still pending","PENDING_ACCEPTED_COUNTRY_NODE_WEIGHTS","PENDING_ACCEPTED_SHAPE_AND_PHYSICAL_WEIGHTS","false","false","FIXED","FROZEN_UPSTREAM","REPRESENTATION_ACCEPTED_NUMERIC_PENDING","Fixed final fuel; no useful-heat inference; cooking remains within original fuel. Coal not recast as electricity.","SG:2019:Buildings:ResidentialFuel:oil","ResidentialFuel","true","true","false","POSITIVE_CACHE_VALUE","SG:oil","false","false","SG/residential oil","Buildings","","","",""
"SG","2019","Buildings","ResidentialSpaceHeat","mixed","EMBEDDED","","","","ResidentialDirectEnergy","ResidentialSpaceHeat","EMBEDDED","","2019","","","PENDING_ACCEPTED_COUNTRY_NODE_WEIGHTS","PENDING_ACCEPTED_SHAPE_AND_PHYSICAL_WEIGHTS","false","false","FIXED","EMBEDDED","REPRESENTATION_ACCEPTED_VALUES_NOT_DEFINED","No additional service obligation. Existing final electricity/fuel keeps ownership. Cooking is not space/water heat.","SG:2019:Buildings:ResidentialSpaceHeat:mixed","Astar_and_original_fuels","false","false","false","MISSING","SG:mixed","false","false","","Buildings","","","",""
"SG","2019","Buildings","ResidentialWaterHeat","mixed","EMBEDDED","","","","ResidentialDirectEnergy","ResidentialWaterHeat","EMBEDDED","","2019","","","PENDING_ACCEPTED_COUNTRY_NODE_WEIGHTS","PENDING_ACCEPTED_SHAPE_AND_PHYSICAL_WEIGHTS","false","false","FIXED","EMBEDDED","REPRESENTATION_ACCEPTED_VALUES_NOT_DEFINED","No additional service obligation. Existing final electricity/fuel keeps ownership. Cooking is not space/water heat.","SG:2019:Buildings:ResidentialWaterHeat:mixed","Astar_and_original_fuels","false","false","false","MISSING","SG:mixed","false","false","","Buildings","","","",""
"SG","2019","Buildings","ServicesCooking","mixed","EMBEDDED","","","","ServicesDirectEnergy","ServicesCooking","EMBEDDED","","2019","","","PENDING_ACCEPTED_COUNTRY_NODE_WEIGHTS","PENDING_ACCEPTED_SHAPE_AND_PHYSICAL_WEIGHTS","false","false","FIXED","EMBEDDED","REPRESENTATION_ACCEPTED_VALUES_NOT_DEFINED","No additional service obligation. Existing final electricity/fuel keeps ownership. Cooking is not space/water heat.","SG:2019:Buildings:ServicesCooking:mixed","Astar_and_original_fuels","false","false","false","MISSING","SG:mixed","false","false","","Buildings","","","",""
"SG","2019","Buildings","ServicesCooling","electricity","EMBEDDED","","","","ServicesDirectEnergy","ServicesCooling","EMBEDDED","","2019","","","PENDING_ACCEPTED_COUNTRY_NODE_WEIGHTS","PENDING_ACCEPTED_SHAPE_AND_PHYSICAL_WEIGHTS","true","false","FIXED","EMBEDDED","REPRESENTATION_ACCEPTED_VALUES_NOT_DEFINED","No additional service obligation. Existing final electricity/fuel keeps ownership. Cooking is not space/water heat.","SG:2019:Buildings:ServicesCooling:electricity","Astar_and_original_fuels","false","false","false","MISSING","SG:electricity","false","false","","Buildings","","","",""
"SG","2019","Buildings","ServicesDirectElectricity","electricity","DIRECT_ELECTRICITY","19318.9","Kilowatt-hours, million","19318900.0","Astar","ServicesDirectElectricity","EMBEDDED","/home/jin/research/SGP_ESE5004_Stage2/pypsa-asean/data/demand/unsd/data/UNdata_Export_20250502_110820872.txt","2019","12c99b3c40927449d9a4d0402f255a8b84b24917ff58e54efd4ec43b2125fe6b","Exact raw transaction; million kWh * 1000 = MWh; no losses or AEO scaling","PENDING_ACCEPTED_COUNTRY_NODE_WEIGHTS","PENDING_ACCEPTED_SHAPE_AND_PHYSICAL_WEIGHTS","true","false","FIXED","PENDING","REPRESENTATION_ACCEPTED_NUMERIC_PENDING","Separate R/S identity retained in Astar; no second electricity Load; numeric decomposition is unaccepted","SG:2019:Buildings:ServicesDirectElectricity:electricity","Astar","false","false","false","REPORTED_VALUE","SG:electricity","false","false","Consumption by commercial and public services; physical line end 79147","Buildings","","","",""
"SG","2019","Buildings","ServicesFuel","biomass","DIRECT_FUEL","0.0","TWh/year","","","ServicesFuel","EXPLICIT","/home/jin/research/SGP_ESE5004_Stage2/pypsa-asean/resources/baseline-aims-3H-tutorial/energy_totals_base.csv","2019","af27beafc01cfb1920a23e632c05e858883a28efd9bbf94df3dfdba455fde261","Frozen derived cache; TWh/year -> MWh; raw/calorific provenance still pending","PENDING_ACCEPTED_COUNTRY_NODE_WEIGHTS","PENDING_ACCEPTED_SHAPE_AND_PHYSICAL_WEIGHTS","false","false","FIXED","MISSING","REPRESENTATION_ACCEPTED_NUMERIC_PENDING","Fixed final fuel; no useful-heat inference; cooking remains within original fuel. Coal not recast as electricity.; cache zero has no certified raw-zero evidence","SG:2019:Buildings:ServicesFuel:biomass","ServicesFuel","true","true","false","CACHE_ZERO_UNVERIFIED","SG:biomass","false","false","SG/services biomass","Buildings","","","",""
"SG","2019","Buildings","ServicesFuel","coal","DIRECT_FUEL","","TWh/year","","","ServicesFuel","EXPLICIT","/home/jin/research/SGP_ESE5004_Stage2/pypsa-asean/resources/baseline-aims-3H-tutorial/energy_totals_base.csv","2019","af27beafc01cfb1920a23e632c05e858883a28efd9bbf94df3dfdba455fde261","Frozen derived cache; TWh/year -> MWh; raw/calorific provenance still pending","PENDING_ACCEPTED_COUNTRY_NODE_WEIGHTS","PENDING_ACCEPTED_SHAPE_AND_PHYSICAL_WEIGHTS","false","false","FIXED","MISSING","REPRESENTATION_ACCEPTED_NUMERIC_PENDING","Fixed final fuel; no useful-heat inference; cooking remains within original fuel. Coal not recast as electricity.; cache has no original R/S coal column; source recovery required","SG:2019:Buildings:ServicesFuel:coal","ServicesFuel","true","true","false","MISSING","SG:coal","false","false","SG/services coal","Buildings","","","",""
"SG","2019","Buildings","ServicesFuel","gas","DIRECT_FUEL","1.0206","TWh/year","1020600.0","","ServicesFuel","EXPLICIT","/home/jin/research/SGP_ESE5004_Stage2/pypsa-asean/resources/baseline-aims-3H-tutorial/energy_totals_base.csv","2019","af27beafc01cfb1920a23e632c05e858883a28efd9bbf94df3dfdba455fde261","Frozen derived cache; TWh/year -> MWh; raw/calorific provenance still pending","PENDING_ACCEPTED_COUNTRY_NODE_WEIGHTS","PENDING_ACCEPTED_SHAPE_AND_PHYSICAL_WEIGHTS","false","false","FIXED","FROZEN_UPSTREAM","REPRESENTATION_ACCEPTED_NUMERIC_PENDING","Fixed final fuel; no useful-heat inference; cooking remains within original fuel. Coal not recast as electricity.","SG:2019:Buildings:ServicesFuel:gas","ServicesFuel","true","true","false","POSITIVE_CACHE_VALUE","SG:gas","false","false","SG/services gas","Buildings","","","",""
"SG","2019","Buildings","ServicesFuel","oil","DIRECT_FUEL","0.8403","TWh/year","840300.0","","ServicesFuel","EXPLICIT","/home/jin/research/SGP_ESE5004_Stage2/pypsa-asean/resources/baseline-aims-3H-tutorial/energy_totals_base.csv","2019","af27beafc01cfb1920a23e632c05e858883a28efd9bbf94df3dfdba455fde261","Frozen derived cache; TWh/year -> MWh; raw/calorific provenance still pending","PENDING_ACCEPTED_COUNTRY_NODE_WEIGHTS","PENDING_ACCEPTED_SHAPE_AND_PHYSICAL_WEIGHTS","false","false","FIXED","FROZEN_UPSTREAM","REPRESENTATION_ACCEPTED_NUMERIC_PENDING","Fixed final fuel; no useful-heat inference; cooking remains within original fuel. Coal not recast as electricity.","SG:2019:Buildings:ServicesFuel:oil","ServicesFuel","true","true","false","POSITIVE_CACHE_VALUE","SG:oil","false","false","SG/services oil","Buildings","","","",""
"SG","2019","Buildings","ServicesSpaceHeat","mixed","EMBEDDED","","","","ServicesDirectEnergy","ServicesSpaceHeat","EMBEDDED","","2019","","","PENDING_ACCEPTED_COUNTRY_NODE_WEIGHTS","PENDING_ACCEPTED_SHAPE_AND_PHYSICAL_WEIGHTS","false","false","FIXED","EMBEDDED","REPRESENTATION_ACCEPTED_VALUES_NOT_DEFINED","No additional service obligation. Existing final electricity/fuel keeps ownership. Cooking is not space/water heat.","SG:2019:Buildings:ServicesSpaceHeat:mixed","Astar_and_original_fuels","false","false","false","MISSING","SG:mixed","false","false","","Buildings","","","",""
"SG","2019","Buildings","ServicesWaterHeat","mixed","EMBEDDED","","","","ServicesDirectEnergy","ServicesWaterHeat","EMBEDDED","","2019","","","PENDING_ACCEPTED_COUNTRY_NODE_WEIGHTS","PENDING_ACCEPTED_SHAPE_AND_PHYSICAL_WEIGHTS","false","false","FIXED","EMBEDDED","REPRESENTATION_ACCEPTED_VALUES_NOT_DEFINED","No additional service obligation. Existing final electricity/fuel keeps ownership. Cooking is not space/water heat.","SG:2019:Buildings:ServicesWaterHeat:mixed","Astar_and_original_fuels","false","false","false","MISSING","SG:mixed","false","false","","Buildings","","","",""
"SG","2030","Buildings","ResidentialDirectElectricity","electricity","DIRECT_ELECTRICITY","","","","Astar","ResidentialDirectElectricity","EMBEDDED","","2019","","","PENDING_ACCEPTED_COUNTRY_NODE_WEIGHTS","PENDING_ACCEPTED_SHAPE_AND_PHYSICAL_WEIGHTS","true","false","FIXED","PENDING","REPRESENTATION_ACCEPTED_NUMERIC_PENDING","PENDING_FUTURE_GROWTH; separate R/S decomposition remains optional inside Astar","SG:2030:Buildings:ResidentialDirectElectricity:electricity","Astar","false","false","false","MISSING","SG:electricity","false","false","","Buildings","","","",""
"SG","2030","Buildings","ResidentialFuel","biomass","DIRECT_FUEL","","","","","ResidentialFuel","EXPLICIT","","2019","","","PENDING_ACCEPTED_COUNTRY_NODE_WEIGHTS","PENDING_ACCEPTED_SHAPE_AND_PHYSICAL_WEIGHTS","false","false","FIXED","PENDING","REPRESENTATION_ACCEPTED_NUMERIC_PENDING","PENDING_FUTURE_GROWTH; no default growth or heat conversion","SG:2030:Buildings:ResidentialFuel:biomass","ResidentialFuel","true","true","false","MISSING","SG:biomass","false","false","","Buildings","","","",""
"SG","2030","Buildings","ResidentialFuel","coal","DIRECT_FUEL","","","","","ResidentialFuel","EXPLICIT","","2019","","","PENDING_ACCEPTED_COUNTRY_NODE_WEIGHTS","PENDING_ACCEPTED_SHAPE_AND_PHYSICAL_WEIGHTS","false","false","FIXED","PENDING","REPRESENTATION_ACCEPTED_NUMERIC_PENDING","PENDING_FUTURE_GROWTH; no default growth or heat conversion","SG:2030:Buildings:ResidentialFuel:coal","ResidentialFuel","true","true","false","MISSING","SG:coal","false","false","","Buildings","","","",""
"SG","2030","Buildings","ResidentialFuel","gas","DIRECT_FUEL","","","","","ResidentialFuel","EXPLICIT","","2019","","","PENDING_ACCEPTED_COUNTRY_NODE_WEIGHTS","PENDING_ACCEPTED_SHAPE_AND_PHYSICAL_WEIGHTS","false","false","FIXED","PENDING","REPRESENTATION_ACCEPTED_NUMERIC_PENDING","PENDING_FUTURE_GROWTH; no default growth or heat conversion","SG:2030:Buildings:ResidentialFuel:gas","ResidentialFuel","true","true","false","MISSING","SG:gas","false","false","","Buildings","","","",""
"SG","2030","Buildings","ResidentialFuel","oil","DIRECT_FUEL","","","","","ResidentialFuel","EXPLICIT","","2019","","","PENDING_ACCEPTED_COUNTRY_NODE_WEIGHTS","PENDING_ACCEPTED_SHAPE_AND_PHYSICAL_WEIGHTS","false","false","FIXED","PENDING","REPRESENTATION_ACCEPTED_NUMERIC_PENDING","PENDING_FUTURE_GROWTH; no default growth or heat conversion","SG:2030:Buildings:ResidentialFuel:oil","ResidentialFuel","true","true","false","MISSING","SG:oil","false","false","","Buildings","","","",""
"SG","2030","Buildings","ServicesDirectElectricity","electricity","DIRECT_ELECTRICITY","","","","Astar","ServicesDirectElectricity","EMBEDDED","","2019","","","PENDING_ACCEPTED_COUNTRY_NODE_WEIGHTS","PENDING_ACCEPTED_SHAPE_AND_PHYSICAL_WEIGHTS","true","false","FIXED","PENDING","REPRESENTATION_ACCEPTED_NUMERIC_PENDING","PENDING_FUTURE_GROWTH; separate R/S decomposition remains optional inside Astar","SG:2030:Buildings:ServicesDirectElectricity:electricity","Astar","false","false","false","MISSING","SG:electricity","false","false","","Buildings","","","",""
"SG","2030","Buildings","ServicesFuel","biomass","DIRECT_FUEL","","","","","ServicesFuel","EXPLICIT","","2019","","","PENDING_ACCEPTED_COUNTRY_NODE_WEIGHTS","PENDING_ACCEPTED_SHAPE_AND_PHYSICAL_WEIGHTS","false","false","FIXED","PENDING","REPRESENTATION_ACCEPTED_NUMERIC_PENDING","PENDING_FUTURE_GROWTH; no default growth or heat conversion","SG:2030:Buildings:ServicesFuel:biomass","ServicesFuel","true","true","false","MISSING","SG:biomass","false","false","","Buildings","","","",""
"SG","2030","Buildings","ServicesFuel","coal","DIRECT_FUEL","","","","","ServicesFuel","EXPLICIT","","2019","","","PENDING_ACCEPTED_COUNTRY_NODE_WEIGHTS","PENDING_ACCEPTED_SHAPE_AND_PHYSICAL_WEIGHTS","false","false","FIXED","PENDING","REPRESENTATION_ACCEPTED_NUMERIC_PENDING","PENDING_FUTURE_GROWTH; no default growth or heat conversion","SG:2030:Buildings:ServicesFuel:coal","ServicesFuel","true","true","false","MISSING","SG:coal","false","false","","Buildings","","","",""
"SG","2030","Buildings","ServicesFuel","gas","DIRECT_FUEL","","","","","ServicesFuel","EXPLICIT","","2019","","","PENDING_ACCEPTED_COUNTRY_NODE_WEIGHTS","PENDING_ACCEPTED_SHAPE_AND_PHYSICAL_WEIGHTS","false","false","FIXED","PENDING","REPRESENTATION_ACCEPTED_NUMERIC_PENDING","PENDING_FUTURE_GROWTH; no default growth or heat conversion","SG:2030:Buildings:ServicesFuel:gas","ServicesFuel","true","true","false","MISSING","SG:gas","false","false","","Buildings","","","",""
"SG","2030","Buildings","ServicesFuel","oil","DIRECT_FUEL","","","","","ServicesFuel","EXPLICIT","","2019","","","PENDING_ACCEPTED_COUNTRY_NODE_WEIGHTS","PENDING_ACCEPTED_SHAPE_AND_PHYSICAL_WEIGHTS","false","false","FIXED","PENDING","REPRESENTATION_ACCEPTED_NUMERIC_PENDING","PENDING_FUTURE_GROWTH; no default growth or heat conversion","SG:2030:Buildings:ServicesFuel:oil","ServicesFuel","true","true","false","MISSING","SG:oil","false","false","","Buildings","","","",""
"SG","2040","Buildings","ResidentialDirectElectricity","electricity","DIRECT_ELECTRICITY","","","","Astar","ResidentialDirectElectricity","EMBEDDED","","2019","","","PENDING_ACCEPTED_COUNTRY_NODE_WEIGHTS","PENDING_ACCEPTED_SHAPE_AND_PHYSICAL_WEIGHTS","true","false","FIXED","PENDING","REPRESENTATION_ACCEPTED_NUMERIC_PENDING","PENDING_FUTURE_GROWTH; separate R/S decomposition remains optional inside Astar","SG:2040:Buildings:ResidentialDirectElectricity:electricity","Astar","false","false","false","MISSING","SG:electricity","false","false","","Buildings","","","",""
"SG","2040","Buildings","ResidentialFuel","biomass","DIRECT_FUEL","","","","","ResidentialFuel","EXPLICIT","","2019","","","PENDING_ACCEPTED_COUNTRY_NODE_WEIGHTS","PENDING_ACCEPTED_SHAPE_AND_PHYSICAL_WEIGHTS","false","false","FIXED","PENDING","REPRESENTATION_ACCEPTED_NUMERIC_PENDING","PENDING_FUTURE_GROWTH; no default growth or heat conversion","SG:2040:Buildings:ResidentialFuel:biomass","ResidentialFuel","true","true","false","MISSING","SG:biomass","false","false","","Buildings","","","",""
"SG","2040","Buildings","ResidentialFuel","coal","DIRECT_FUEL","","","","","ResidentialFuel","EXPLICIT","","2019","","","PENDING_ACCEPTED_COUNTRY_NODE_WEIGHTS","PENDING_ACCEPTED_SHAPE_AND_PHYSICAL_WEIGHTS","false","false","FIXED","PENDING","REPRESENTATION_ACCEPTED_NUMERIC_PENDING","PENDING_FUTURE_GROWTH; no default growth or heat conversion","SG:2040:Buildings:ResidentialFuel:coal","ResidentialFuel","true","true","false","MISSING","SG:coal","false","false","","Buildings","","","",""
"SG","2040","Buildings","ResidentialFuel","gas","DIRECT_FUEL","","","","","ResidentialFuel","EXPLICIT","","2019","","","PENDING_ACCEPTED_COUNTRY_NODE_WEIGHTS","PENDING_ACCEPTED_SHAPE_AND_PHYSICAL_WEIGHTS","false","false","FIXED","PENDING","REPRESENTATION_ACCEPTED_NUMERIC_PENDING","PENDING_FUTURE_GROWTH; no default growth or heat conversion","SG:2040:Buildings:ResidentialFuel:gas","ResidentialFuel","true","true","false","MISSING","SG:gas","false","false","","Buildings","","","",""
"SG","2040","Buildings","ResidentialFuel","oil","DIRECT_FUEL","","","","","ResidentialFuel","EXPLICIT","","2019","","","PENDING_ACCEPTED_COUNTRY_NODE_WEIGHTS","PENDING_ACCEPTED_SHAPE_AND_PHYSICAL_WEIGHTS","false","false","FIXED","PENDING","REPRESENTATION_ACCEPTED_NUMERIC_PENDING","PENDING_FUTURE_GROWTH; no default growth or heat conversion","SG:2040:Buildings:ResidentialFuel:oil","ResidentialFuel","true","true","false","MISSING","SG:oil","false","false","","Buildings","","","",""
"SG","2040","Buildings","ServicesDirectElectricity","electricity","DIRECT_ELECTRICITY","","","","Astar","ServicesDirectElectricity","EMBEDDED","","2019","","","PENDING_ACCEPTED_COUNTRY_NODE_WEIGHTS","PENDING_ACCEPTED_SHAPE_AND_PHYSICAL_WEIGHTS","true","false","FIXED","PENDING","REPRESENTATION_ACCEPTED_NUMERIC_PENDING","PENDING_FUTURE_GROWTH; separate R/S decomposition remains optional inside Astar","SG:2040:Buildings:ServicesDirectElectricity:electricity","Astar","false","false","false","MISSING","SG:electricity","false","false","","Buildings","","","",""
"SG","2040","Buildings","ServicesFuel","biomass","DIRECT_FUEL","","","","","ServicesFuel","EXPLICIT","","2019","","","PENDING_ACCEPTED_COUNTRY_NODE_WEIGHTS","PENDING_ACCEPTED_SHAPE_AND_PHYSICAL_WEIGHTS","false","false","FIXED","PENDING","REPRESENTATION_ACCEPTED_NUMERIC_PENDING","PENDING_FUTURE_GROWTH; no default growth or heat conversion","SG:2040:Buildings:ServicesFuel:biomass","ServicesFuel","true","true","false","MISSING","SG:biomass","false","false","","Buildings","","","",""
"SG","2040","Buildings","ServicesFuel","coal","DIRECT_FUEL","","","","","ServicesFuel","EXPLICIT","","2019","","","PENDING_ACCEPTED_COUNTRY_NODE_WEIGHTS","PENDING_ACCEPTED_SHAPE_AND_PHYSICAL_WEIGHTS","false","false","FIXED","PENDING","REPRESENTATION_ACCEPTED_NUMERIC_PENDING","PENDING_FUTURE_GROWTH; no default growth or heat conversion","SG:2040:Buildings:ServicesFuel:coal","ServicesFuel","true","true","false","MISSING","SG:coal","false","false","","Buildings","","","",""
"SG","2040","Buildings","ServicesFuel","gas","DIRECT_FUEL","","","","","ServicesFuel","EXPLICIT","","2019","","","PENDING_ACCEPTED_COUNTRY_NODE_WEIGHTS","PENDING_ACCEPTED_SHAPE_AND_PHYSICAL_WEIGHTS","false","false","FIXED","PENDING","REPRESENTATION_ACCEPTED_NUMERIC_PENDING","PENDING_FUTURE_GROWTH; no default growth or heat conversion","SG:2040:Buildings:ServicesFuel:gas","ServicesFuel","true","true","false","MISSING","SG:gas","false","false","","Buildings","","","",""
"SG","2040","Buildings","ServicesFuel","oil","DIRECT_FUEL","","","","","ServicesFuel","EXPLICIT","","2019","","","PENDING_ACCEPTED_COUNTRY_NODE_WEIGHTS","PENDING_ACCEPTED_SHAPE_AND_PHYSICAL_WEIGHTS","false","false","FIXED","PENDING","REPRESENTATION_ACCEPTED_NUMERIC_PENDING","PENDING_FUTURE_GROWTH; no default growth or heat conversion","SG:2040:Buildings:ServicesFuel:oil","ServicesFuel","true","true","false","MISSING","SG:oil","false","false","","Buildings","","","",""
"SG","2050","Buildings","ResidentialDirectElectricity","electricity","DIRECT_ELECTRICITY","","","","Astar","ResidentialDirectElectricity","EMBEDDED","","2019","","","PENDING_ACCEPTED_COUNTRY_NODE_WEIGHTS","PENDING_ACCEPTED_SHAPE_AND_PHYSICAL_WEIGHTS","true","false","FIXED","PENDING","REPRESENTATION_ACCEPTED_NUMERIC_PENDING","PENDING_FUTURE_GROWTH; separate R/S decomposition remains optional inside Astar","SG:2050:Buildings:ResidentialDirectElectricity:electricity","Astar","false","false","false","MISSING","SG:electricity","false","false","","Buildings","","","",""
"SG","2050","Buildings","ResidentialFuel","biomass","DIRECT_FUEL","","","","","ResidentialFuel","EXPLICIT","","2019","","","PENDING_ACCEPTED_COUNTRY_NODE_WEIGHTS","PENDING_ACCEPTED_SHAPE_AND_PHYSICAL_WEIGHTS","false","false","FIXED","PENDING","REPRESENTATION_ACCEPTED_NUMERIC_PENDING","PENDING_FUTURE_GROWTH; no default growth or heat conversion","SG:2050:Buildings:ResidentialFuel:biomass","ResidentialFuel","true","true","false","MISSING","SG:biomass","false","false","","Buildings","","","",""
"SG","2050","Buildings","ResidentialFuel","coal","DIRECT_FUEL","","","","","ResidentialFuel","EXPLICIT","","2019","","","PENDING_ACCEPTED_COUNTRY_NODE_WEIGHTS","PENDING_ACCEPTED_SHAPE_AND_PHYSICAL_WEIGHTS","false","false","FIXED","PENDING","REPRESENTATION_ACCEPTED_NUMERIC_PENDING","PENDING_FUTURE_GROWTH; no default growth or heat conversion","SG:2050:Buildings:ResidentialFuel:coal","ResidentialFuel","true","true","false","MISSING","SG:coal","false","false","","Buildings","","","",""
"SG","2050","Buildings","ResidentialFuel","gas","DIRECT_FUEL","","","","","ResidentialFuel","EXPLICIT","","2019","","","PENDING_ACCEPTED_COUNTRY_NODE_WEIGHTS","PENDING_ACCEPTED_SHAPE_AND_PHYSICAL_WEIGHTS","false","false","FIXED","PENDING","REPRESENTATION_ACCEPTED_NUMERIC_PENDING","PENDING_FUTURE_GROWTH; no default growth or heat conversion","SG:2050:Buildings:ResidentialFuel:gas","ResidentialFuel","true","true","false","MISSING","SG:gas","false","false","","Buildings","","","",""
"SG","2050","Buildings","ResidentialFuel","oil","DIRECT_FUEL","","","","","ResidentialFuel","EXPLICIT","","2019","","","PENDING_ACCEPTED_COUNTRY_NODE_WEIGHTS","PENDING_ACCEPTED_SHAPE_AND_PHYSICAL_WEIGHTS","false","false","FIXED","PENDING","REPRESENTATION_ACCEPTED_NUMERIC_PENDING","PENDING_FUTURE_GROWTH; no default growth or heat conversion","SG:2050:Buildings:ResidentialFuel:oil","ResidentialFuel","true","true","false","MISSING","SG:oil","false","false","","Buildings","","","",""
"SG","2050","Buildings","ServicesDirectElectricity","electricity","DIRECT_ELECTRICITY","","","","Astar","ServicesDirectElectricity","EMBEDDED","","2019","","","PENDING_ACCEPTED_COUNTRY_NODE_WEIGHTS","PENDING_ACCEPTED_SHAPE_AND_PHYSICAL_WEIGHTS","true","false","FIXED","PENDING","REPRESENTATION_ACCEPTED_NUMERIC_PENDING","PENDING_FUTURE_GROWTH; separate R/S decomposition remains optional inside Astar","SG:2050:Buildings:ServicesDirectElectricity:electricity","Astar","false","false","false","MISSING","SG:electricity","false","false","","Buildings","","","",""
"SG","2050","Buildings","ServicesFuel","biomass","DIRECT_FUEL","","","","","ServicesFuel","EXPLICIT","","2019","","","PENDING_ACCEPTED_COUNTRY_NODE_WEIGHTS","PENDING_ACCEPTED_SHAPE_AND_PHYSICAL_WEIGHTS","false","false","FIXED","PENDING","REPRESENTATION_ACCEPTED_NUMERIC_PENDING","PENDING_FUTURE_GROWTH; no default growth or heat conversion","SG:2050:Buildings:ServicesFuel:biomass","ServicesFuel","true","true","false","MISSING","SG:biomass","false","false","","Buildings","","","",""
"SG","2050","Buildings","ServicesFuel","coal","DIRECT_FUEL","","","","","ServicesFuel","EXPLICIT","","2019","","","PENDING_ACCEPTED_COUNTRY_NODE_WEIGHTS","PENDING_ACCEPTED_SHAPE_AND_PHYSICAL_WEIGHTS","false","false","FIXED","PENDING","REPRESENTATION_ACCEPTED_NUMERIC_PENDING","PENDING_FUTURE_GROWTH; no default growth or heat conversion","SG:2050:Buildings:ServicesFuel:coal","ServicesFuel","true","true","false","MISSING","SG:coal","false","false","","Buildings","","","",""
"SG","2050","Buildings","ServicesFuel","gas","DIRECT_FUEL","","","","","ServicesFuel","EXPLICIT","","2019","","","PENDING_ACCEPTED_COUNTRY_NODE_WEIGHTS","PENDING_ACCEPTED_SHAPE_AND_PHYSICAL_WEIGHTS","false","false","FIXED","PENDING","REPRESENTATION_ACCEPTED_NUMERIC_PENDING","PENDING_FUTURE_GROWTH; no default growth or heat conversion","SG:2050:Buildings:ServicesFuel:gas","ServicesFuel","true","true","false","MISSING","SG:gas","false","false","","Buildings","","","",""
"SG","2050","Buildings","ServicesFuel","oil","DIRECT_FUEL","","","","","ServicesFuel","EXPLICIT","","2019","","","PENDING_ACCEPTED_COUNTRY_NODE_WEIGHTS","PENDING_ACCEPTED_SHAPE_AND_PHYSICAL_WEIGHTS","false","false","FIXED","PENDING","REPRESENTATION_ACCEPTED_NUMERIC_PENDING","PENDING_FUTURE_GROWTH; no default growth or heat conversion","SG:2050:Buildings:ServicesFuel:oil","ServicesFuel","true","true","false","MISSING","SG:oil","false","false","","Buildings","","","",""
"TH","2019","Buildings","ResidentialCooking","mixed","EMBEDDED","","","","ResidentialDirectEnergy","ResidentialCooking","EMBEDDED","","2019","","","PENDING_ACCEPTED_COUNTRY_NODE_WEIGHTS","PENDING_ACCEPTED_SHAPE_AND_PHYSICAL_WEIGHTS","false","false","FIXED","EMBEDDED","REPRESENTATION_ACCEPTED_VALUES_NOT_DEFINED","No additional service obligation. Existing final electricity/fuel keeps ownership. Cooking is not space/water heat.","TH:2019:Buildings:ResidentialCooking:mixed","Astar_and_original_fuels","false","false","false","MISSING","TH:mixed","false","false","","Buildings","","","",""
"TH","2019","Buildings","ResidentialCooling","electricity","EMBEDDED","","","","ResidentialDirectEnergy","ResidentialCooling","EMBEDDED","","2019","","","PENDING_ACCEPTED_COUNTRY_NODE_WEIGHTS","PENDING_ACCEPTED_SHAPE_AND_PHYSICAL_WEIGHTS","true","false","FIXED","EMBEDDED","REPRESENTATION_ACCEPTED_VALUES_NOT_DEFINED","No additional service obligation. Existing final electricity/fuel keeps ownership. Cooking is not space/water heat.","TH:2019:Buildings:ResidentialCooling:electricity","Astar_and_original_fuels","false","false","false","MISSING","TH:electricity","false","false","","Buildings","","","",""
"TH","2019","Buildings","ResidentialDirectElectricity","electricity","DIRECT_ELECTRICITY","49202","Kilowatt-hours, million","49202000.0","Astar","ResidentialDirectElectricity","EMBEDDED","/home/jin/research/SGP_ESE5004_Stage2/pypsa-asean/data/demand/unsd/data/UNdata_Export_20250502_110820872.txt","2019","12c99b3c40927449d9a4d0402f255a8b84b24917ff58e54efd4ec43b2125fe6b","Exact raw transaction; million kWh * 1000 = MWh; no losses or AEO scaling","PENDING_ACCEPTED_COUNTRY_NODE_WEIGHTS","PENDING_ACCEPTED_SHAPE_AND_PHYSICAL_WEIGHTS","true","false","FIXED","PENDING","REPRESENTATION_ACCEPTED_NUMERIC_PENDING","Separate R/S identity retained in Astar; no second electricity Load; numeric decomposition is unaccepted","TH:2019:Buildings:ResidentialDirectElectricity:electricity","Astar","false","false","false","REPORTED_VALUE","TH:electricity","false","false","Consumption by households; physical line end 88842","Buildings","","","",""
"TH","2019","Buildings","ResidentialFuel","biomass","DIRECT_FUEL","31.4891","TWh/year","31489100.0","","ResidentialFuel","EXPLICIT","/home/jin/research/SGP_ESE5004_Stage2/pypsa-asean/resources/baseline-aims-3H-tutorial/energy_totals_base.csv","2019","af27beafc01cfb1920a23e632c05e858883a28efd9bbf94df3dfdba455fde261","Frozen derived cache; TWh/year -> MWh; raw/calorific provenance still pending","PENDING_ACCEPTED_COUNTRY_NODE_WEIGHTS","PENDING_ACCEPTED_SHAPE_AND_PHYSICAL_WEIGHTS","false","false","FIXED","FROZEN_UPSTREAM","REPRESENTATION_ACCEPTED_NUMERIC_PENDING","Fixed final fuel; no useful-heat inference; cooking remains within original fuel. Coal not recast as electricity.","TH:2019:Buildings:ResidentialFuel:biomass","ResidentialFuel","true","true","false","POSITIVE_CACHE_VALUE","TH:biomass","false","false","TH/residential biomass","Buildings","","","",""
"TH","2019","Buildings","ResidentialFuel","coal","DIRECT_FUEL","","TWh/year","","","ResidentialFuel","EXPLICIT","/home/jin/research/SGP_ESE5004_Stage2/pypsa-asean/resources/baseline-aims-3H-tutorial/energy_totals_base.csv","2019","af27beafc01cfb1920a23e632c05e858883a28efd9bbf94df3dfdba455fde261","Frozen derived cache; TWh/year -> MWh; raw/calorific provenance still pending","PENDING_ACCEPTED_COUNTRY_NODE_WEIGHTS","PENDING_ACCEPTED_SHAPE_AND_PHYSICAL_WEIGHTS","false","false","FIXED","MISSING","REPRESENTATION_ACCEPTED_NUMERIC_PENDING","Fixed final fuel; no useful-heat inference; cooking remains within original fuel. Coal not recast as electricity.; cache has no original R/S coal column; source recovery required","TH:2019:Buildings:ResidentialFuel:coal","ResidentialFuel","true","true","false","MISSING","TH:coal","false","false","TH/residential coal","Buildings","","","",""
"TH","2019","Buildings","ResidentialFuel","gas","DIRECT_FUEL","0.0","TWh/year","","","ResidentialFuel","EXPLICIT","/home/jin/research/SGP_ESE5004_Stage2/pypsa-asean/resources/baseline-aims-3H-tutorial/energy_totals_base.csv","2019","af27beafc01cfb1920a23e632c05e858883a28efd9bbf94df3dfdba455fde261","Frozen derived cache; TWh/year -> MWh; raw/calorific provenance still pending","PENDING_ACCEPTED_COUNTRY_NODE_WEIGHTS","PENDING_ACCEPTED_SHAPE_AND_PHYSICAL_WEIGHTS","false","false","FIXED","MISSING","REPRESENTATION_ACCEPTED_NUMERIC_PENDING","Fixed final fuel; no useful-heat inference; cooking remains within original fuel. Coal not recast as electricity.; cache zero has no certified raw-zero evidence","TH:2019:Buildings:ResidentialFuel:gas","ResidentialFuel","true","true","false","CACHE_ZERO_UNVERIFIED","TH:gas","false","false","TH/residential gas","Buildings","","","",""
"TH","2019","Buildings","ResidentialFuel","oil","DIRECT_FUEL","21.4282","TWh/year","21428200.0","","ResidentialFuel","EXPLICIT","/home/jin/research/SGP_ESE5004_Stage2/pypsa-asean/resources/baseline-aims-3H-tutorial/energy_totals_base.csv","2019","af27beafc01cfb1920a23e632c05e858883a28efd9bbf94df3dfdba455fde261","Frozen derived cache; TWh/year -> MWh; raw/calorific provenance still pending","PENDING_ACCEPTED_COUNTRY_NODE_WEIGHTS","PENDING_ACCEPTED_SHAPE_AND_PHYSICAL_WEIGHTS","false","false","FIXED","FROZEN_UPSTREAM","REPRESENTATION_ACCEPTED_NUMERIC_PENDING","Fixed final fuel; no useful-heat inference; cooking remains within original fuel. Coal not recast as electricity.","TH:2019:Buildings:ResidentialFuel:oil","ResidentialFuel","true","true","false","POSITIVE_CACHE_VALUE","TH:oil","false","false","TH/residential oil","Buildings","","","",""
"TH","2019","Buildings","ResidentialSpaceHeat","mixed","EMBEDDED","","","","ResidentialDirectEnergy","ResidentialSpaceHeat","EMBEDDED","","2019","","","PENDING_ACCEPTED_COUNTRY_NODE_WEIGHTS","PENDING_ACCEPTED_SHAPE_AND_PHYSICAL_WEIGHTS","false","false","FIXED","EMBEDDED","REPRESENTATION_ACCEPTED_VALUES_NOT_DEFINED","No additional service obligation. Existing final electricity/fuel keeps ownership. Cooking is not space/water heat.","TH:2019:Buildings:ResidentialSpaceHeat:mixed","Astar_and_original_fuels","false","false","false","MISSING","TH:mixed","false","false","","Buildings","","","",""
"TH","2019","Buildings","ResidentialWaterHeat","mixed","EMBEDDED","","","","ResidentialDirectEnergy","ResidentialWaterHeat","EMBEDDED","","2019","","","PENDING_ACCEPTED_COUNTRY_NODE_WEIGHTS","PENDING_ACCEPTED_SHAPE_AND_PHYSICAL_WEIGHTS","false","false","FIXED","EMBEDDED","REPRESENTATION_ACCEPTED_VALUES_NOT_DEFINED","No additional service obligation. Existing final electricity/fuel keeps ownership. Cooking is not space/water heat.","TH:2019:Buildings:ResidentialWaterHeat:mixed","Astar_and_original_fuels","false","false","false","MISSING","TH:mixed","false","false","","Buildings","","","",""
"TH","2019","Buildings","ServicesCooking","mixed","EMBEDDED","","","","ServicesDirectEnergy","ServicesCooking","EMBEDDED","","2019","","","PENDING_ACCEPTED_COUNTRY_NODE_WEIGHTS","PENDING_ACCEPTED_SHAPE_AND_PHYSICAL_WEIGHTS","false","false","FIXED","EMBEDDED","REPRESENTATION_ACCEPTED_VALUES_NOT_DEFINED","No additional service obligation. Existing final electricity/fuel keeps ownership. Cooking is not space/water heat.","TH:2019:Buildings:ServicesCooking:mixed","Astar_and_original_fuels","false","false","false","MISSING","TH:mixed","false","false","","Buildings","","","",""
"TH","2019","Buildings","ServicesCooling","electricity","EMBEDDED","","","","ServicesDirectEnergy","ServicesCooling","EMBEDDED","","2019","","","PENDING_ACCEPTED_COUNTRY_NODE_WEIGHTS","PENDING_ACCEPTED_SHAPE_AND_PHYSICAL_WEIGHTS","true","false","FIXED","EMBEDDED","REPRESENTATION_ACCEPTED_VALUES_NOT_DEFINED","No additional service obligation. Existing final electricity/fuel keeps ownership. Cooking is not space/water heat.","TH:2019:Buildings:ServicesCooling:electricity","Astar_and_original_fuels","false","false","false","MISSING","TH:electricity","false","false","","Buildings","","","",""
"TH","2019","Buildings","ServicesDirectElectricity","electricity","DIRECT_ELECTRICITY","49339","Kilowatt-hours, million","49339000.0","Astar","ServicesDirectElectricity","EMBEDDED","/home/jin/research/SGP_ESE5004_Stage2/pypsa-asean/data/demand/unsd/data/UNdata_Export_20250502_110820872.txt","2019","12c99b3c40927449d9a4d0402f255a8b84b24917ff58e54efd4ec43b2125fe6b","Exact raw transaction; million kWh * 1000 = MWh; no losses or AEO scaling","PENDING_ACCEPTED_COUNTRY_NODE_WEIGHTS","PENDING_ACCEPTED_SHAPE_AND_PHYSICAL_WEIGHTS","true","false","FIXED","PENDING","REPRESENTATION_ACCEPTED_NUMERIC_PENDING","Separate R/S identity retained in Astar; no second electricity Load; numeric decomposition is unaccepted","TH:2019:Buildings:ServicesDirectElectricity:electricity","Astar","false","false","false","REPORTED_VALUE","TH:electricity","false","false","Consumption by commercial and public services; physical line end 88885","Buildings","","","",""
"TH","2019","Buildings","ServicesFuel","biomass","DIRECT_FUEL","0.0","TWh/year","","","ServicesFuel","EXPLICIT","/home/jin/research/SGP_ESE5004_Stage2/pypsa-asean/resources/baseline-aims-3H-tutorial/energy_totals_base.csv","2019","af27beafc01cfb1920a23e632c05e858883a28efd9bbf94df3dfdba455fde261","Frozen derived cache; TWh/year -> MWh; raw/calorific provenance still pending","PENDING_ACCEPTED_COUNTRY_NODE_WEIGHTS","PENDING_ACCEPTED_SHAPE_AND_PHYSICAL_WEIGHTS","false","false","FIXED","MISSING","REPRESENTATION_ACCEPTED_NUMERIC_PENDING","Fixed final fuel; no useful-heat inference; cooking remains within original fuel. Coal not recast as electricity.; cache zero has no certified raw-zero evidence","TH:2019:Buildings:ServicesFuel:biomass","ServicesFuel","true","true","false","CACHE_ZERO_UNVERIFIED","TH:biomass","false","false","TH/services biomass","Buildings","","","",""
"TH","2019","Buildings","ServicesFuel","coal","DIRECT_FUEL","","TWh/year","","","ServicesFuel","EXPLICIT","/home/jin/research/SGP_ESE5004_Stage2/pypsa-asean/resources/baseline-aims-3H-tutorial/energy_totals_base.csv","2019","af27beafc01cfb1920a23e632c05e858883a28efd9bbf94df3dfdba455fde261","Frozen derived cache; TWh/year -> MWh; raw/calorific provenance still pending","PENDING_ACCEPTED_COUNTRY_NODE_WEIGHTS","PENDING_ACCEPTED_SHAPE_AND_PHYSICAL_WEIGHTS","false","false","FIXED","MISSING","REPRESENTATION_ACCEPTED_NUMERIC_PENDING","Fixed final fuel; no useful-heat inference; cooking remains within original fuel. Coal not recast as electricity.; cache has no original R/S coal column; source recovery required","TH:2019:Buildings:ServicesFuel:coal","ServicesFuel","true","true","false","MISSING","TH:coal","false","false","TH/services coal","Buildings","","","",""
"TH","2019","Buildings","ServicesFuel","gas","DIRECT_FUEL","0.0","TWh/year","","","ServicesFuel","EXPLICIT","/home/jin/research/SGP_ESE5004_Stage2/pypsa-asean/resources/baseline-aims-3H-tutorial/energy_totals_base.csv","2019","af27beafc01cfb1920a23e632c05e858883a28efd9bbf94df3dfdba455fde261","Frozen derived cache; TWh/year -> MWh; raw/calorific provenance still pending","PENDING_ACCEPTED_COUNTRY_NODE_WEIGHTS","PENDING_ACCEPTED_SHAPE_AND_PHYSICAL_WEIGHTS","false","false","FIXED","MISSING","REPRESENTATION_ACCEPTED_NUMERIC_PENDING","Fixed final fuel; no useful-heat inference; cooking remains within original fuel. Coal not recast as electricity.; cache zero has no certified raw-zero evidence","TH:2019:Buildings:ServicesFuel:gas","ServicesFuel","true","true","false","CACHE_ZERO_UNVERIFIED","TH:gas","false","false","TH/services gas","Buildings","","","",""
"TH","2019","Buildings","ServicesFuel","oil","DIRECT_FUEL","6.4731","TWh/year","6473100.0","","ServicesFuel","EXPLICIT","/home/jin/research/SGP_ESE5004_Stage2/pypsa-asean/resources/baseline-aims-3H-tutorial/energy_totals_base.csv","2019","af27beafc01cfb1920a23e632c05e858883a28efd9bbf94df3dfdba455fde261","Frozen derived cache; TWh/year -> MWh; raw/calorific provenance still pending","PENDING_ACCEPTED_COUNTRY_NODE_WEIGHTS","PENDING_ACCEPTED_SHAPE_AND_PHYSICAL_WEIGHTS","false","false","FIXED","FROZEN_UPSTREAM","REPRESENTATION_ACCEPTED_NUMERIC_PENDING","Fixed final fuel; no useful-heat inference; cooking remains within original fuel. Coal not recast as electricity.","TH:2019:Buildings:ServicesFuel:oil","ServicesFuel","true","true","false","POSITIVE_CACHE_VALUE","TH:oil","false","false","TH/services oil","Buildings","","","",""
"TH","2019","Buildings","ServicesSpaceHeat","mixed","EMBEDDED","","","","ServicesDirectEnergy","ServicesSpaceHeat","EMBEDDED","","2019","","","PENDING_ACCEPTED_COUNTRY_NODE_WEIGHTS","PENDING_ACCEPTED_SHAPE_AND_PHYSICAL_WEIGHTS","false","false","FIXED","EMBEDDED","REPRESENTATION_ACCEPTED_VALUES_NOT_DEFINED","No additional service obligation. Existing final electricity/fuel keeps ownership. Cooking is not space/water heat.","TH:2019:Buildings:ServicesSpaceHeat:mixed","Astar_and_original_fuels","false","false","false","MISSING","TH:mixed","false","false","","Buildings","","","",""
"TH","2019","Buildings","ServicesWaterHeat","mixed","EMBEDDED","","","","ServicesDirectEnergy","ServicesWaterHeat","EMBEDDED","","2019","","","PENDING_ACCEPTED_COUNTRY_NODE_WEIGHTS","PENDING_ACCEPTED_SHAPE_AND_PHYSICAL_WEIGHTS","false","false","FIXED","EMBEDDED","REPRESENTATION_ACCEPTED_VALUES_NOT_DEFINED","No additional service obligation. Existing final electricity/fuel keeps ownership. Cooking is not space/water heat.","TH:2019:Buildings:ServicesWaterHeat:mixed","Astar_and_original_fuels","false","false","false","MISSING","TH:mixed","false","false","","Buildings","","","",""
"TH","2030","Buildings","ResidentialDirectElectricity","electricity","DIRECT_ELECTRICITY","","","","Astar","ResidentialDirectElectricity","EMBEDDED","","2019","","","PENDING_ACCEPTED_COUNTRY_NODE_WEIGHTS","PENDING_ACCEPTED_SHAPE_AND_PHYSICAL_WEIGHTS","true","false","FIXED","PENDING","REPRESENTATION_ACCEPTED_NUMERIC_PENDING","PENDING_FUTURE_GROWTH; separate R/S decomposition remains optional inside Astar","TH:2030:Buildings:ResidentialDirectElectricity:electricity","Astar","false","false","false","MISSING","TH:electricity","false","false","","Buildings","","","",""
"TH","2030","Buildings","ResidentialFuel","biomass","DIRECT_FUEL","","","","","ResidentialFuel","EXPLICIT","","2019","","","PENDING_ACCEPTED_COUNTRY_NODE_WEIGHTS","PENDING_ACCEPTED_SHAPE_AND_PHYSICAL_WEIGHTS","false","false","FIXED","PENDING","REPRESENTATION_ACCEPTED_NUMERIC_PENDING","PENDING_FUTURE_GROWTH; no default growth or heat conversion","TH:2030:Buildings:ResidentialFuel:biomass","ResidentialFuel","true","true","false","MISSING","TH:biomass","false","false","","Buildings","","","",""
"TH","2030","Buildings","ResidentialFuel","coal","DIRECT_FUEL","","","","","ResidentialFuel","EXPLICIT","","2019","","","PENDING_ACCEPTED_COUNTRY_NODE_WEIGHTS","PENDING_ACCEPTED_SHAPE_AND_PHYSICAL_WEIGHTS","false","false","FIXED","PENDING","REPRESENTATION_ACCEPTED_NUMERIC_PENDING","PENDING_FUTURE_GROWTH; no default growth or heat conversion","TH:2030:Buildings:ResidentialFuel:coal","ResidentialFuel","true","true","false","MISSING","TH:coal","false","false","","Buildings","","","",""
"TH","2030","Buildings","ResidentialFuel","gas","DIRECT_FUEL","","","","","ResidentialFuel","EXPLICIT","","2019","","","PENDING_ACCEPTED_COUNTRY_NODE_WEIGHTS","PENDING_ACCEPTED_SHAPE_AND_PHYSICAL_WEIGHTS","false","false","FIXED","PENDING","REPRESENTATION_ACCEPTED_NUMERIC_PENDING","PENDING_FUTURE_GROWTH; no default growth or heat conversion","TH:2030:Buildings:ResidentialFuel:gas","ResidentialFuel","true","true","false","MISSING","TH:gas","false","false","","Buildings","","","",""
"TH","2030","Buildings","ResidentialFuel","oil","DIRECT_FUEL","","","","","ResidentialFuel","EXPLICIT","","2019","","","PENDING_ACCEPTED_COUNTRY_NODE_WEIGHTS","PENDING_ACCEPTED_SHAPE_AND_PHYSICAL_WEIGHTS","false","false","FIXED","PENDING","REPRESENTATION_ACCEPTED_NUMERIC_PENDING","PENDING_FUTURE_GROWTH; no default growth or heat conversion","TH:2030:Buildings:ResidentialFuel:oil","ResidentialFuel","true","true","false","MISSING","TH:oil","false","false","","Buildings","","","",""
"TH","2030","Buildings","ServicesDirectElectricity","electricity","DIRECT_ELECTRICITY","","","","Astar","ServicesDirectElectricity","EMBEDDED","","2019","","","PENDING_ACCEPTED_COUNTRY_NODE_WEIGHTS","PENDING_ACCEPTED_SHAPE_AND_PHYSICAL_WEIGHTS","true","false","FIXED","PENDING","REPRESENTATION_ACCEPTED_NUMERIC_PENDING","PENDING_FUTURE_GROWTH; separate R/S decomposition remains optional inside Astar","TH:2030:Buildings:ServicesDirectElectricity:electricity","Astar","false","false","false","MISSING","TH:electricity","false","false","","Buildings","","","",""
"TH","2030","Buildings","ServicesFuel","biomass","DIRECT_FUEL","","","","","ServicesFuel","EXPLICIT","","2019","","","PENDING_ACCEPTED_COUNTRY_NODE_WEIGHTS","PENDING_ACCEPTED_SHAPE_AND_PHYSICAL_WEIGHTS","false","false","FIXED","PENDING","REPRESENTATION_ACCEPTED_NUMERIC_PENDING","PENDING_FUTURE_GROWTH; no default growth or heat conversion","TH:2030:Buildings:ServicesFuel:biomass","ServicesFuel","true","true","false","MISSING","TH:biomass","false","false","","Buildings","","","",""
"TH","2030","Buildings","ServicesFuel","coal","DIRECT_FUEL","","","","","ServicesFuel","EXPLICIT","","2019","","","PENDING_ACCEPTED_COUNTRY_NODE_WEIGHTS","PENDING_ACCEPTED_SHAPE_AND_PHYSICAL_WEIGHTS","false","false","FIXED","PENDING","REPRESENTATION_ACCEPTED_NUMERIC_PENDING","PENDING_FUTURE_GROWTH; no default growth or heat conversion","TH:2030:Buildings:ServicesFuel:coal","ServicesFuel","true","true","false","MISSING","TH:coal","false","false","","Buildings","","","",""
"TH","2030","Buildings","ServicesFuel","gas","DIRECT_FUEL","","","","","ServicesFuel","EXPLICIT","","2019","","","PENDING_ACCEPTED_COUNTRY_NODE_WEIGHTS","PENDING_ACCEPTED_SHAPE_AND_PHYSICAL_WEIGHTS","false","false","FIXED","PENDING","REPRESENTATION_ACCEPTED_NUMERIC_PENDING","PENDING_FUTURE_GROWTH; no default growth or heat conversion","TH:2030:Buildings:ServicesFuel:gas","ServicesFuel","true","true","false","MISSING","TH:gas","false","false","","Buildings","","","",""
"TH","2030","Buildings","ServicesFuel","oil","DIRECT_FUEL","","","","","ServicesFuel","EXPLICIT","","2019","","","PENDING_ACCEPTED_COUNTRY_NODE_WEIGHTS","PENDING_ACCEPTED_SHAPE_AND_PHYSICAL_WEIGHTS","false","false","FIXED","PENDING","REPRESENTATION_ACCEPTED_NUMERIC_PENDING","PENDING_FUTURE_GROWTH; no default growth or heat conversion","TH:2030:Buildings:ServicesFuel:oil","ServicesFuel","true","true","false","MISSING","TH:oil","false","false","","Buildings","","","",""
"TH","2040","Buildings","ResidentialDirectElectricity","electricity","DIRECT_ELECTRICITY","","","","Astar","ResidentialDirectElectricity","EMBEDDED","","2019","","","PENDING_ACCEPTED_COUNTRY_NODE_WEIGHTS","PENDING_ACCEPTED_SHAPE_AND_PHYSICAL_WEIGHTS","true","false","FIXED","PENDING","REPRESENTATION_ACCEPTED_NUMERIC_PENDING","PENDING_FUTURE_GROWTH; separate R/S decomposition remains optional inside Astar","TH:2040:Buildings:ResidentialDirectElectricity:electricity","Astar","false","false","false","MISSING","TH:electricity","false","false","","Buildings","","","",""
"TH","2040","Buildings","ResidentialFuel","biomass","DIRECT_FUEL","","","","","ResidentialFuel","EXPLICIT","","2019","","","PENDING_ACCEPTED_COUNTRY_NODE_WEIGHTS","PENDING_ACCEPTED_SHAPE_AND_PHYSICAL_WEIGHTS","false","false","FIXED","PENDING","REPRESENTATION_ACCEPTED_NUMERIC_PENDING","PENDING_FUTURE_GROWTH; no default growth or heat conversion","TH:2040:Buildings:ResidentialFuel:biomass","ResidentialFuel","true","true","false","MISSING","TH:biomass","false","false","","Buildings","","","",""
"TH","2040","Buildings","ResidentialFuel","coal","DIRECT_FUEL","","","","","ResidentialFuel","EXPLICIT","","2019","","","PENDING_ACCEPTED_COUNTRY_NODE_WEIGHTS","PENDING_ACCEPTED_SHAPE_AND_PHYSICAL_WEIGHTS","false","false","FIXED","PENDING","REPRESENTATION_ACCEPTED_NUMERIC_PENDING","PENDING_FUTURE_GROWTH; no default growth or heat conversion","TH:2040:Buildings:ResidentialFuel:coal","ResidentialFuel","true","true","false","MISSING","TH:coal","false","false","","Buildings","","","",""
"TH","2040","Buildings","ResidentialFuel","gas","DIRECT_FUEL","","","","","ResidentialFuel","EXPLICIT","","2019","","","PENDING_ACCEPTED_COUNTRY_NODE_WEIGHTS","PENDING_ACCEPTED_SHAPE_AND_PHYSICAL_WEIGHTS","false","false","FIXED","PENDING","REPRESENTATION_ACCEPTED_NUMERIC_PENDING","PENDING_FUTURE_GROWTH; no default growth or heat conversion","TH:2040:Buildings:ResidentialFuel:gas","ResidentialFuel","true","true","false","MISSING","TH:gas","false","false","","Buildings","","","",""
"TH","2040","Buildings","ResidentialFuel","oil","DIRECT_FUEL","","","","","ResidentialFuel","EXPLICIT","","2019","","","PENDING_ACCEPTED_COUNTRY_NODE_WEIGHTS","PENDING_ACCEPTED_SHAPE_AND_PHYSICAL_WEIGHTS","false","false","FIXED","PENDING","REPRESENTATION_ACCEPTED_NUMERIC_PENDING","PENDING_FUTURE_GROWTH; no default growth or heat conversion","TH:2040:Buildings:ResidentialFuel:oil","ResidentialFuel","true","true","false","MISSING","TH:oil","false","false","","Buildings","","","",""
"TH","2040","Buildings","ServicesDirectElectricity","electricity","DIRECT_ELECTRICITY","","","","Astar","ServicesDirectElectricity","EMBEDDED","","2019","","","PENDING_ACCEPTED_COUNTRY_NODE_WEIGHTS","PENDING_ACCEPTED_SHAPE_AND_PHYSICAL_WEIGHTS","true","false","FIXED","PENDING","REPRESENTATION_ACCEPTED_NUMERIC_PENDING","PENDING_FUTURE_GROWTH; separate R/S decomposition remains optional inside Astar","TH:2040:Buildings:ServicesDirectElectricity:electricity","Astar","false","false","false","MISSING","TH:electricity","false","false","","Buildings","","","",""
"TH","2040","Buildings","ServicesFuel","biomass","DIRECT_FUEL","","","","","ServicesFuel","EXPLICIT","","2019","","","PENDING_ACCEPTED_COUNTRY_NODE_WEIGHTS","PENDING_ACCEPTED_SHAPE_AND_PHYSICAL_WEIGHTS","false","false","FIXED","PENDING","REPRESENTATION_ACCEPTED_NUMERIC_PENDING","PENDING_FUTURE_GROWTH; no default growth or heat conversion","TH:2040:Buildings:ServicesFuel:biomass","ServicesFuel","true","true","false","MISSING","TH:biomass","false","false","","Buildings","","","",""
"TH","2040","Buildings","ServicesFuel","coal","DIRECT_FUEL","","","","","ServicesFuel","EXPLICIT","","2019","","","PENDING_ACCEPTED_COUNTRY_NODE_WEIGHTS","PENDING_ACCEPTED_SHAPE_AND_PHYSICAL_WEIGHTS","false","false","FIXED","PENDING","REPRESENTATION_ACCEPTED_NUMERIC_PENDING","PENDING_FUTURE_GROWTH; no default growth or heat conversion","TH:2040:Buildings:ServicesFuel:coal","ServicesFuel","true","true","false","MISSING","TH:coal","false","false","","Buildings","","","",""
"TH","2040","Buildings","ServicesFuel","gas","DIRECT_FUEL","","","","","ServicesFuel","EXPLICIT","","2019","","","PENDING_ACCEPTED_COUNTRY_NODE_WEIGHTS","PENDING_ACCEPTED_SHAPE_AND_PHYSICAL_WEIGHTS","false","false","FIXED","PENDING","REPRESENTATION_ACCEPTED_NUMERIC_PENDING","PENDING_FUTURE_GROWTH; no default growth or heat conversion","TH:2040:Buildings:ServicesFuel:gas","ServicesFuel","true","true","false","MISSING","TH:gas","false","false","","Buildings","","","",""
"TH","2040","Buildings","ServicesFuel","oil","DIRECT_FUEL","","","","","ServicesFuel","EXPLICIT","","2019","","","PENDING_ACCEPTED_COUNTRY_NODE_WEIGHTS","PENDING_ACCEPTED_SHAPE_AND_PHYSICAL_WEIGHTS","false","false","FIXED","PENDING","REPRESENTATION_ACCEPTED_NUMERIC_PENDING","PENDING_FUTURE_GROWTH; no default growth or heat conversion","TH:2040:Buildings:ServicesFuel:oil","ServicesFuel","true","true","false","MISSING","TH:oil","false","false","","Buildings","","","",""
"TH","2050","Buildings","ResidentialDirectElectricity","electricity","DIRECT_ELECTRICITY","","","","Astar","ResidentialDirectElectricity","EMBEDDED","","2019","","","PENDING_ACCEPTED_COUNTRY_NODE_WEIGHTS","PENDING_ACCEPTED_SHAPE_AND_PHYSICAL_WEIGHTS","true","false","FIXED","PENDING","REPRESENTATION_ACCEPTED_NUMERIC_PENDING","PENDING_FUTURE_GROWTH; separate R/S decomposition remains optional inside Astar","TH:2050:Buildings:ResidentialDirectElectricity:electricity","Astar","false","false","false","MISSING","TH:electricity","false","false","","Buildings","","","",""
"TH","2050","Buildings","ResidentialFuel","biomass","DIRECT_FUEL","","","","","ResidentialFuel","EXPLICIT","","2019","","","PENDING_ACCEPTED_COUNTRY_NODE_WEIGHTS","PENDING_ACCEPTED_SHAPE_AND_PHYSICAL_WEIGHTS","false","false","FIXED","PENDING","REPRESENTATION_ACCEPTED_NUMERIC_PENDING","PENDING_FUTURE_GROWTH; no default growth or heat conversion","TH:2050:Buildings:ResidentialFuel:biomass","ResidentialFuel","true","true","false","MISSING","TH:biomass","false","false","","Buildings","","","",""
"TH","2050","Buildings","ResidentialFuel","coal","DIRECT_FUEL","","","","","ResidentialFuel","EXPLICIT","","2019","","","PENDING_ACCEPTED_COUNTRY_NODE_WEIGHTS","PENDING_ACCEPTED_SHAPE_AND_PHYSICAL_WEIGHTS","false","false","FIXED","PENDING","REPRESENTATION_ACCEPTED_NUMERIC_PENDING","PENDING_FUTURE_GROWTH; no default growth or heat conversion","TH:2050:Buildings:ResidentialFuel:coal","ResidentialFuel","true","true","false","MISSING","TH:coal","false","false","","Buildings","","","",""
"TH","2050","Buildings","ResidentialFuel","gas","DIRECT_FUEL","","","","","ResidentialFuel","EXPLICIT","","2019","","","PENDING_ACCEPTED_COUNTRY_NODE_WEIGHTS","PENDING_ACCEPTED_SHAPE_AND_PHYSICAL_WEIGHTS","false","false","FIXED","PENDING","REPRESENTATION_ACCEPTED_NUMERIC_PENDING","PENDING_FUTURE_GROWTH; no default growth or heat conversion","TH:2050:Buildings:ResidentialFuel:gas","ResidentialFuel","true","true","false","MISSING","TH:gas","false","false","","Buildings","","","",""
"TH","2050","Buildings","ResidentialFuel","oil","DIRECT_FUEL","","","","","ResidentialFuel","EXPLICIT","","2019","","","PENDING_ACCEPTED_COUNTRY_NODE_WEIGHTS","PENDING_ACCEPTED_SHAPE_AND_PHYSICAL_WEIGHTS","false","false","FIXED","PENDING","REPRESENTATION_ACCEPTED_NUMERIC_PENDING","PENDING_FUTURE_GROWTH; no default growth or heat conversion","TH:2050:Buildings:ResidentialFuel:oil","ResidentialFuel","true","true","false","MISSING","TH:oil","false","false","","Buildings","","","",""
"TH","2050","Buildings","ServicesDirectElectricity","electricity","DIRECT_ELECTRICITY","","","","Astar","ServicesDirectElectricity","EMBEDDED","","2019","","","PENDING_ACCEPTED_COUNTRY_NODE_WEIGHTS","PENDING_ACCEPTED_SHAPE_AND_PHYSICAL_WEIGHTS","true","false","FIXED","PENDING","REPRESENTATION_ACCEPTED_NUMERIC_PENDING","PENDING_FUTURE_GROWTH; separate R/S decomposition remains optional inside Astar","TH:2050:Buildings:ServicesDirectElectricity:electricity","Astar","false","false","false","MISSING","TH:electricity","false","false","","Buildings","","","",""
"TH","2050","Buildings","ServicesFuel","biomass","DIRECT_FUEL","","","","","ServicesFuel","EXPLICIT","","2019","","","PENDING_ACCEPTED_COUNTRY_NODE_WEIGHTS","PENDING_ACCEPTED_SHAPE_AND_PHYSICAL_WEIGHTS","false","false","FIXED","PENDING","REPRESENTATION_ACCEPTED_NUMERIC_PENDING","PENDING_FUTURE_GROWTH; no default growth or heat conversion","TH:2050:Buildings:ServicesFuel:biomass","ServicesFuel","true","true","false","MISSING","TH:biomass","false","false","","Buildings","","","",""
"TH","2050","Buildings","ServicesFuel","coal","DIRECT_FUEL","","","","","ServicesFuel","EXPLICIT","","2019","","","PENDING_ACCEPTED_COUNTRY_NODE_WEIGHTS","PENDING_ACCEPTED_SHAPE_AND_PHYSICAL_WEIGHTS","false","false","FIXED","PENDING","REPRESENTATION_ACCEPTED_NUMERIC_PENDING","PENDING_FUTURE_GROWTH; no default growth or heat conversion","TH:2050:Buildings:ServicesFuel:coal","ServicesFuel","true","true","false","MISSING","TH:coal","false","false","","Buildings","","","",""
"TH","2050","Buildings","ServicesFuel","gas","DIRECT_FUEL","","","","","ServicesFuel","EXPLICIT","","2019","","","PENDING_ACCEPTED_COUNTRY_NODE_WEIGHTS","PENDING_ACCEPTED_SHAPE_AND_PHYSICAL_WEIGHTS","false","false","FIXED","PENDING","REPRESENTATION_ACCEPTED_NUMERIC_PENDING","PENDING_FUTURE_GROWTH; no default growth or heat conversion","TH:2050:Buildings:ServicesFuel:gas","ServicesFuel","true","true","false","MISSING","TH:gas","false","false","","Buildings","","","",""
"TH","2050","Buildings","ServicesFuel","oil","DIRECT_FUEL","","","","","ServicesFuel","EXPLICIT","","2019","","","PENDING_ACCEPTED_COUNTRY_NODE_WEIGHTS","PENDING_ACCEPTED_SHAPE_AND_PHYSICAL_WEIGHTS","false","false","FIXED","PENDING","REPRESENTATION_ACCEPTED_NUMERIC_PENDING","PENDING_FUTURE_GROWTH; no default growth or heat conversion","TH:2050:Buildings:ServicesFuel:oil","ServicesFuel","true","true","false","MISSING","TH:oil","false","false","","Buildings","","","",""
"TL","2019","Buildings","ResidentialCooking","mixed","EMBEDDED","","","","ResidentialDirectEnergy","ResidentialCooking","EMBEDDED","","2019","","","PENDING_ACCEPTED_COUNTRY_NODE_WEIGHTS","PENDING_ACCEPTED_SHAPE_AND_PHYSICAL_WEIGHTS","false","false","FIXED","EMBEDDED","REPRESENTATION_ACCEPTED_VALUES_NOT_DEFINED","No additional service obligation. Existing final electricity/fuel keeps ownership. Cooking is not space/water heat.","TL:2019:Buildings:ResidentialCooking:mixed","Astar_and_original_fuels","false","false","false","MISSING","TL:mixed","false","false","","Buildings","","","",""
"TL","2019","Buildings","ResidentialCooling","electricity","EMBEDDED","","","","ResidentialDirectEnergy","ResidentialCooling","EMBEDDED","","2019","","","PENDING_ACCEPTED_COUNTRY_NODE_WEIGHTS","PENDING_ACCEPTED_SHAPE_AND_PHYSICAL_WEIGHTS","true","false","FIXED","EMBEDDED","REPRESENTATION_ACCEPTED_VALUES_NOT_DEFINED","No additional service obligation. Existing final electricity/fuel keeps ownership. Cooking is not space/water heat.","TL:2019:Buildings:ResidentialCooling:electricity","Astar_and_original_fuels","false","false","false","MISSING","TL:electricity","false","false","","Buildings","","","",""
"TL","2019","Buildings","ResidentialDirectElectricity","electricity","DIRECT_ELECTRICITY","133.342","Kilowatt-hours, million","133342.0","Astar","ResidentialDirectElectricity","EMBEDDED","/home/jin/research/SGP_ESE5004_Stage2/pypsa-asean/data/demand/unsd/data/UNdata_Export_20250502_110820872.txt","2019","12c99b3c40927449d9a4d0402f255a8b84b24917ff58e54efd4ec43b2125fe6b","Exact raw transaction; million kWh * 1000 = MWh; no losses or AEO scaling","PENDING_ACCEPTED_COUNTRY_NODE_WEIGHTS","PENDING_ACCEPTED_SHAPE_AND_PHYSICAL_WEIGHTS","true","false","FIXED","PENDING","REPRESENTATION_ACCEPTED_NUMERIC_PENDING","Separate R/S identity retained in Astar; no second electricity Load; numeric decomposition is unaccepted","TL:2019:Buildings:ResidentialDirectElectricity:electricity","Astar","false","false","false","REPORTED_VALUE","TL:electricity","false","false","Consumption by households; physical line end 89086","Buildings","","","",""
"TL","2019","Buildings","ResidentialFuel","biomass","DIRECT_FUEL","0.2063","TWh/year","206300.0","","ResidentialFuel","EXPLICIT","/home/jin/research/SGP_ESE5004_Stage2/pypsa-asean/resources/baseline-aims-3H-tutorial/energy_totals_base.csv","2019","af27beafc01cfb1920a23e632c05e858883a28efd9bbf94df3dfdba455fde261","Frozen derived cache; TWh/year -> MWh; raw/calorific provenance still pending","PENDING_ACCEPTED_COUNTRY_NODE_WEIGHTS","PENDING_ACCEPTED_SHAPE_AND_PHYSICAL_WEIGHTS","false","false","FIXED","FROZEN_UPSTREAM","REPRESENTATION_ACCEPTED_NUMERIC_PENDING","Fixed final fuel; no useful-heat inference; cooking remains within original fuel. Coal not recast as electricity.","TL:2019:Buildings:ResidentialFuel:biomass","ResidentialFuel","true","true","false","POSITIVE_CACHE_VALUE","TL:biomass","false","false","TL/residential biomass","Buildings","","","",""
"TL","2019","Buildings","ResidentialFuel","coal","DIRECT_FUEL","","TWh/year","","","ResidentialFuel","EXPLICIT","/home/jin/research/SGP_ESE5004_Stage2/pypsa-asean/resources/baseline-aims-3H-tutorial/energy_totals_base.csv","2019","af27beafc01cfb1920a23e632c05e858883a28efd9bbf94df3dfdba455fde261","Frozen derived cache; TWh/year -> MWh; raw/calorific provenance still pending","PENDING_ACCEPTED_COUNTRY_NODE_WEIGHTS","PENDING_ACCEPTED_SHAPE_AND_PHYSICAL_WEIGHTS","false","false","FIXED","MISSING","REPRESENTATION_ACCEPTED_NUMERIC_PENDING","Fixed final fuel; no useful-heat inference; cooking remains within original fuel. Coal not recast as electricity.; cache has no original R/S coal column; source recovery required","TL:2019:Buildings:ResidentialFuel:coal","ResidentialFuel","true","true","false","MISSING","TL:coal","false","false","TL/residential coal","Buildings","","","",""
"TL","2019","Buildings","ResidentialFuel","gas","DIRECT_FUEL","0","TWh/year","","","ResidentialFuel","EXPLICIT","/home/jin/research/SGP_ESE5004_Stage2/pypsa-asean/resources/baseline-aims-3H-tutorial/energy_totals_base.csv","2019","af27beafc01cfb1920a23e632c05e858883a28efd9bbf94df3dfdba455fde261","Frozen derived cache; TWh/year -> MWh; raw/calorific provenance still pending","PENDING_ACCEPTED_COUNTRY_NODE_WEIGHTS","PENDING_ACCEPTED_SHAPE_AND_PHYSICAL_WEIGHTS","false","false","FIXED","MISSING","REPRESENTATION_ACCEPTED_NUMERIC_PENDING","Fixed final fuel; no useful-heat inference; cooking remains within original fuel. Coal not recast as electricity.; cache zero has no certified raw-zero evidence","TL:2019:Buildings:ResidentialFuel:gas","ResidentialFuel","true","true","false","CACHE_ZERO_UNVERIFIED","TL:gas","false","false","TL/residential gas","Buildings","","","",""
"TL","2019","Buildings","ResidentialFuel","oil","DIRECT_FUEL","0","TWh/year","","","ResidentialFuel","EXPLICIT","/home/jin/research/SGP_ESE5004_Stage2/pypsa-asean/resources/baseline-aims-3H-tutorial/energy_totals_base.csv","2019","af27beafc01cfb1920a23e632c05e858883a28efd9bbf94df3dfdba455fde261","Frozen derived cache; TWh/year -> MWh; raw/calorific provenance still pending","PENDING_ACCEPTED_COUNTRY_NODE_WEIGHTS","PENDING_ACCEPTED_SHAPE_AND_PHYSICAL_WEIGHTS","false","false","FIXED","MISSING","REPRESENTATION_ACCEPTED_NUMERIC_PENDING","Fixed final fuel; no useful-heat inference; cooking remains within original fuel. Coal not recast as electricity.; cache zero has no certified raw-zero evidence","TL:2019:Buildings:ResidentialFuel:oil","ResidentialFuel","true","true","false","CACHE_ZERO_UNVERIFIED","TL:oil","false","false","TL/residential oil","Buildings","","","",""
"TL","2019","Buildings","ResidentialSpaceHeat","mixed","EMBEDDED","","","","ResidentialDirectEnergy","ResidentialSpaceHeat","EMBEDDED","","2019","","","PENDING_ACCEPTED_COUNTRY_NODE_WEIGHTS","PENDING_ACCEPTED_SHAPE_AND_PHYSICAL_WEIGHTS","false","false","FIXED","EMBEDDED","REPRESENTATION_ACCEPTED_VALUES_NOT_DEFINED","No additional service obligation. Existing final electricity/fuel keeps ownership. Cooking is not space/water heat.","TL:2019:Buildings:ResidentialSpaceHeat:mixed","Astar_and_original_fuels","false","false","false","MISSING","TL:mixed","false","false","","Buildings","","","",""
"TL","2019","Buildings","ResidentialWaterHeat","mixed","EMBEDDED","","","","ResidentialDirectEnergy","ResidentialWaterHeat","EMBEDDED","","2019","","","PENDING_ACCEPTED_COUNTRY_NODE_WEIGHTS","PENDING_ACCEPTED_SHAPE_AND_PHYSICAL_WEIGHTS","false","false","FIXED","EMBEDDED","REPRESENTATION_ACCEPTED_VALUES_NOT_DEFINED","No additional service obligation. Existing final electricity/fuel keeps ownership. Cooking is not space/water heat.","TL:2019:Buildings:ResidentialWaterHeat:mixed","Astar_and_original_fuels","false","false","false","MISSING","TL:mixed","false","false","","Buildings","","","",""
"TL","2019","Buildings","ServicesCooking","mixed","EMBEDDED","","","","ServicesDirectEnergy","ServicesCooking","EMBEDDED","","2019","","","PENDING_ACCEPTED_COUNTRY_NODE_WEIGHTS","PENDING_ACCEPTED_SHAPE_AND_PHYSICAL_WEIGHTS","false","false","FIXED","EMBEDDED","REPRESENTATION_ACCEPTED_VALUES_NOT_DEFINED","No additional service obligation. Existing final electricity/fuel keeps ownership. Cooking is not space/water heat.","TL:2019:Buildings:ServicesCooking:mixed","Astar_and_original_fuels","false","false","false","MISSING","TL:mixed","false","false","","Buildings","","","",""
"TL","2019","Buildings","ServicesCooling","electricity","EMBEDDED","","","","ServicesDirectEnergy","ServicesCooling","EMBEDDED","","2019","","","PENDING_ACCEPTED_COUNTRY_NODE_WEIGHTS","PENDING_ACCEPTED_SHAPE_AND_PHYSICAL_WEIGHTS","true","false","FIXED","EMBEDDED","REPRESENTATION_ACCEPTED_VALUES_NOT_DEFINED","No additional service obligation. Existing final electricity/fuel keeps ownership. Cooking is not space/water heat.","TL:2019:Buildings:ServicesCooling:electricity","Astar_and_original_fuels","false","false","false","MISSING","TL:electricity","false","false","","Buildings","","","",""
"TL","2019","Buildings","ServicesDirectElectricity","electricity","DIRECT_ELECTRICITY","90.8","Kilowatt-hours, million","90800.0","Astar","ServicesDirectElectricity","EMBEDDED","/home/jin/research/SGP_ESE5004_Stage2/pypsa-asean/data/demand/unsd/data/UNdata_Export_20250502_110820872.txt","2019","12c99b3c40927449d9a4d0402f255a8b84b24917ff58e54efd4ec43b2125fe6b","Exact raw transaction; million kWh * 1000 = MWh; no losses or AEO scaling","PENDING_ACCEPTED_COUNTRY_NODE_WEIGHTS","PENDING_ACCEPTED_SHAPE_AND_PHYSICAL_WEIGHTS","true","false","FIXED","PENDING","REPRESENTATION_ACCEPTED_NUMERIC_PENDING","Separate R/S identity retained in Astar; no second electricity Load; numeric decomposition is unaccepted","TL:2019:Buildings:ServicesDirectElectricity:electricity","Astar","false","false","false","REPORTED_VALUE","TL:electricity","false","false","Consumption by commercial and public services; physical line end 89114","Buildings","","","",""
"TL","2019","Buildings","ServicesFuel","biomass","DIRECT_FUEL","0","TWh/year","","","ServicesFuel","EXPLICIT","/home/jin/research/SGP_ESE5004_Stage2/pypsa-asean/resources/baseline-aims-3H-tutorial/energy_totals_base.csv","2019","af27beafc01cfb1920a23e632c05e858883a28efd9bbf94df3dfdba455fde261","Frozen derived cache; TWh/year -> MWh; raw/calorific provenance still pending","PENDING_ACCEPTED_COUNTRY_NODE_WEIGHTS","PENDING_ACCEPTED_SHAPE_AND_PHYSICAL_WEIGHTS","false","false","FIXED","MISSING","REPRESENTATION_ACCEPTED_NUMERIC_PENDING","Fixed final fuel; no useful-heat inference; cooking remains within original fuel. Coal not recast as electricity.; cache zero has no certified raw-zero evidence","TL:2019:Buildings:ServicesFuel:biomass","ServicesFuel","true","true","false","CACHE_ZERO_UNVERIFIED","TL:biomass","false","false","TL/services biomass","Buildings","","","",""
"TL","2019","Buildings","ServicesFuel","coal","DIRECT_FUEL","","TWh/year","","","ServicesFuel","EXPLICIT","/home/jin/research/SGP_ESE5004_Stage2/pypsa-asean/resources/baseline-aims-3H-tutorial/energy_totals_base.csv","2019","af27beafc01cfb1920a23e632c05e858883a28efd9bbf94df3dfdba455fde261","Frozen derived cache; TWh/year -> MWh; raw/calorific provenance still pending","PENDING_ACCEPTED_COUNTRY_NODE_WEIGHTS","PENDING_ACCEPTED_SHAPE_AND_PHYSICAL_WEIGHTS","false","false","FIXED","MISSING","REPRESENTATION_ACCEPTED_NUMERIC_PENDING","Fixed final fuel; no useful-heat inference; cooking remains within original fuel. Coal not recast as electricity.; cache has no original R/S coal column; source recovery required","TL:2019:Buildings:ServicesFuel:coal","ServicesFuel","true","true","false","MISSING","TL:coal","false","false","TL/services coal","Buildings","","","",""
"TL","2019","Buildings","ServicesFuel","gas","DIRECT_FUEL","0","TWh/year","","","ServicesFuel","EXPLICIT","/home/jin/research/SGP_ESE5004_Stage2/pypsa-asean/resources/baseline-aims-3H-tutorial/energy_totals_base.csv","2019","af27beafc01cfb1920a23e632c05e858883a28efd9bbf94df3dfdba455fde261","Frozen derived cache; TWh/year -> MWh; raw/calorific provenance still pending","PENDING_ACCEPTED_COUNTRY_NODE_WEIGHTS","PENDING_ACCEPTED_SHAPE_AND_PHYSICAL_WEIGHTS","false","false","FIXED","MISSING","REPRESENTATION_ACCEPTED_NUMERIC_PENDING","Fixed final fuel; no useful-heat inference; cooking remains within original fuel. Coal not recast as electricity.; cache zero has no certified raw-zero evidence","TL:2019:Buildings:ServicesFuel:gas","ServicesFuel","true","true","false","CACHE_ZERO_UNVERIFIED","TL:gas","false","false","TL/services gas","Buildings","","","",""
"TL","2019","Buildings","ServicesFuel","oil","DIRECT_FUEL","0","TWh/year","","","ServicesFuel","EXPLICIT","/home/jin/research/SGP_ESE5004_Stage2/pypsa-asean/resources/baseline-aims-3H-tutorial/energy_totals_base.csv","2019","af27beafc01cfb1920a23e632c05e858883a28efd9bbf94df3dfdba455fde261","Frozen derived cache; TWh/year -> MWh; raw/calorific provenance still pending","PENDING_ACCEPTED_COUNTRY_NODE_WEIGHTS","PENDING_ACCEPTED_SHAPE_AND_PHYSICAL_WEIGHTS","false","false","FIXED","MISSING","REPRESENTATION_ACCEPTED_NUMERIC_PENDING","Fixed final fuel; no useful-heat inference; cooking remains within original fuel. Coal not recast as electricity.; cache zero has no certified raw-zero evidence","TL:2019:Buildings:ServicesFuel:oil","ServicesFuel","true","true","false","CACHE_ZERO_UNVERIFIED","TL:oil","false","false","TL/services oil","Buildings","","","",""
"TL","2019","Buildings","ServicesSpaceHeat","mixed","EMBEDDED","","","","ServicesDirectEnergy","ServicesSpaceHeat","EMBEDDED","","2019","","","PENDING_ACCEPTED_COUNTRY_NODE_WEIGHTS","PENDING_ACCEPTED_SHAPE_AND_PHYSICAL_WEIGHTS","false","false","FIXED","EMBEDDED","REPRESENTATION_ACCEPTED_VALUES_NOT_DEFINED","No additional service obligation. Existing final electricity/fuel keeps ownership. Cooking is not space/water heat.","TL:2019:Buildings:ServicesSpaceHeat:mixed","Astar_and_original_fuels","false","false","false","MISSING","TL:mixed","false","false","","Buildings","","","",""
"TL","2019","Buildings","ServicesWaterHeat","mixed","EMBEDDED","","","","ServicesDirectEnergy","ServicesWaterHeat","EMBEDDED","","2019","","","PENDING_ACCEPTED_COUNTRY_NODE_WEIGHTS","PENDING_ACCEPTED_SHAPE_AND_PHYSICAL_WEIGHTS","false","false","FIXED","EMBEDDED","REPRESENTATION_ACCEPTED_VALUES_NOT_DEFINED","No additional service obligation. Existing final electricity/fuel keeps ownership. Cooking is not space/water heat.","TL:2019:Buildings:ServicesWaterHeat:mixed","Astar_and_original_fuels","false","false","false","MISSING","TL:mixed","false","false","","Buildings","","","",""
"TL","2030","Buildings","ResidentialDirectElectricity","electricity","DIRECT_ELECTRICITY","","","","Astar","ResidentialDirectElectricity","EMBEDDED","","2019","","","PENDING_ACCEPTED_COUNTRY_NODE_WEIGHTS","PENDING_ACCEPTED_SHAPE_AND_PHYSICAL_WEIGHTS","true","false","FIXED","PENDING","REPRESENTATION_ACCEPTED_NUMERIC_PENDING","PENDING_FUTURE_GROWTH; separate R/S decomposition remains optional inside Astar","TL:2030:Buildings:ResidentialDirectElectricity:electricity","Astar","false","false","false","MISSING","TL:electricity","false","false","","Buildings","","","",""
"TL","2030","Buildings","ResidentialFuel","biomass","DIRECT_FUEL","","","","","ResidentialFuel","EXPLICIT","","2019","","","PENDING_ACCEPTED_COUNTRY_NODE_WEIGHTS","PENDING_ACCEPTED_SHAPE_AND_PHYSICAL_WEIGHTS","false","false","FIXED","PENDING","REPRESENTATION_ACCEPTED_NUMERIC_PENDING","PENDING_FUTURE_GROWTH; no default growth or heat conversion","TL:2030:Buildings:ResidentialFuel:biomass","ResidentialFuel","true","true","false","MISSING","TL:biomass","false","false","","Buildings","","","",""
"TL","2030","Buildings","ResidentialFuel","coal","DIRECT_FUEL","","","","","ResidentialFuel","EXPLICIT","","2019","","","PENDING_ACCEPTED_COUNTRY_NODE_WEIGHTS","PENDING_ACCEPTED_SHAPE_AND_PHYSICAL_WEIGHTS","false","false","FIXED","PENDING","REPRESENTATION_ACCEPTED_NUMERIC_PENDING","PENDING_FUTURE_GROWTH; no default growth or heat conversion","TL:2030:Buildings:ResidentialFuel:coal","ResidentialFuel","true","true","false","MISSING","TL:coal","false","false","","Buildings","","","",""
"TL","2030","Buildings","ResidentialFuel","gas","DIRECT_FUEL","","","","","ResidentialFuel","EXPLICIT","","2019","","","PENDING_ACCEPTED_COUNTRY_NODE_WEIGHTS","PENDING_ACCEPTED_SHAPE_AND_PHYSICAL_WEIGHTS","false","false","FIXED","PENDING","REPRESENTATION_ACCEPTED_NUMERIC_PENDING","PENDING_FUTURE_GROWTH; no default growth or heat conversion","TL:2030:Buildings:ResidentialFuel:gas","ResidentialFuel","true","true","false","MISSING","TL:gas","false","false","","Buildings","","","",""
"TL","2030","Buildings","ResidentialFuel","oil","DIRECT_FUEL","","","","","ResidentialFuel","EXPLICIT","","2019","","","PENDING_ACCEPTED_COUNTRY_NODE_WEIGHTS","PENDING_ACCEPTED_SHAPE_AND_PHYSICAL_WEIGHTS","false","false","FIXED","PENDING","REPRESENTATION_ACCEPTED_NUMERIC_PENDING","PENDING_FUTURE_GROWTH; no default growth or heat conversion","TL:2030:Buildings:ResidentialFuel:oil","ResidentialFuel","true","true","false","MISSING","TL:oil","false","false","","Buildings","","","",""
"TL","2030","Buildings","ServicesDirectElectricity","electricity","DIRECT_ELECTRICITY","","","","Astar","ServicesDirectElectricity","EMBEDDED","","2019","","","PENDING_ACCEPTED_COUNTRY_NODE_WEIGHTS","PENDING_ACCEPTED_SHAPE_AND_PHYSICAL_WEIGHTS","true","false","FIXED","PENDING","REPRESENTATION_ACCEPTED_NUMERIC_PENDING","PENDING_FUTURE_GROWTH; separate R/S decomposition remains optional inside Astar","TL:2030:Buildings:ServicesDirectElectricity:electricity","Astar","false","false","false","MISSING","TL:electricity","false","false","","Buildings","","","",""
"TL","2030","Buildings","ServicesFuel","biomass","DIRECT_FUEL","","","","","ServicesFuel","EXPLICIT","","2019","","","PENDING_ACCEPTED_COUNTRY_NODE_WEIGHTS","PENDING_ACCEPTED_SHAPE_AND_PHYSICAL_WEIGHTS","false","false","FIXED","PENDING","REPRESENTATION_ACCEPTED_NUMERIC_PENDING","PENDING_FUTURE_GROWTH; no default growth or heat conversion","TL:2030:Buildings:ServicesFuel:biomass","ServicesFuel","true","true","false","MISSING","TL:biomass","false","false","","Buildings","","","",""
"TL","2030","Buildings","ServicesFuel","coal","DIRECT_FUEL","","","","","ServicesFuel","EXPLICIT","","2019","","","PENDING_ACCEPTED_COUNTRY_NODE_WEIGHTS","PENDING_ACCEPTED_SHAPE_AND_PHYSICAL_WEIGHTS","false","false","FIXED","PENDING","REPRESENTATION_ACCEPTED_NUMERIC_PENDING","PENDING_FUTURE_GROWTH; no default growth or heat conversion","TL:2030:Buildings:ServicesFuel:coal","ServicesFuel","true","true","false","MISSING","TL:coal","false","false","","Buildings","","","",""
"TL","2030","Buildings","ServicesFuel","gas","DIRECT_FUEL","","","","","ServicesFuel","EXPLICIT","","2019","","","PENDING_ACCEPTED_COUNTRY_NODE_WEIGHTS","PENDING_ACCEPTED_SHAPE_AND_PHYSICAL_WEIGHTS","false","false","FIXED","PENDING","REPRESENTATION_ACCEPTED_NUMERIC_PENDING","PENDING_FUTURE_GROWTH; no default growth or heat conversion","TL:2030:Buildings:ServicesFuel:gas","ServicesFuel","true","true","false","MISSING","TL:gas","false","false","","Buildings","","","",""
"TL","2030","Buildings","ServicesFuel","oil","DIRECT_FUEL","","","","","ServicesFuel","EXPLICIT","","2019","","","PENDING_ACCEPTED_COUNTRY_NODE_WEIGHTS","PENDING_ACCEPTED_SHAPE_AND_PHYSICAL_WEIGHTS","false","false","FIXED","PENDING","REPRESENTATION_ACCEPTED_NUMERIC_PENDING","PENDING_FUTURE_GROWTH; no default growth or heat conversion","TL:2030:Buildings:ServicesFuel:oil","ServicesFuel","true","true","false","MISSING","TL:oil","false","false","","Buildings","","","",""
"TL","2040","Buildings","ResidentialDirectElectricity","electricity","DIRECT_ELECTRICITY","","","","Astar","ResidentialDirectElectricity","EMBEDDED","","2019","","","PENDING_ACCEPTED_COUNTRY_NODE_WEIGHTS","PENDING_ACCEPTED_SHAPE_AND_PHYSICAL_WEIGHTS","true","false","FIXED","PENDING","REPRESENTATION_ACCEPTED_NUMERIC_PENDING","PENDING_FUTURE_GROWTH; separate R/S decomposition remains optional inside Astar","TL:2040:Buildings:ResidentialDirectElectricity:electricity","Astar","false","false","false","MISSING","TL:electricity","false","false","","Buildings","","","",""
"TL","2040","Buildings","ResidentialFuel","biomass","DIRECT_FUEL","","","","","ResidentialFuel","EXPLICIT","","2019","","","PENDING_ACCEPTED_COUNTRY_NODE_WEIGHTS","PENDING_ACCEPTED_SHAPE_AND_PHYSICAL_WEIGHTS","false","false","FIXED","PENDING","REPRESENTATION_ACCEPTED_NUMERIC_PENDING","PENDING_FUTURE_GROWTH; no default growth or heat conversion","TL:2040:Buildings:ResidentialFuel:biomass","ResidentialFuel","true","true","false","MISSING","TL:biomass","false","false","","Buildings","","","",""
"TL","2040","Buildings","ResidentialFuel","coal","DIRECT_FUEL","","","","","ResidentialFuel","EXPLICIT","","2019","","","PENDING_ACCEPTED_COUNTRY_NODE_WEIGHTS","PENDING_ACCEPTED_SHAPE_AND_PHYSICAL_WEIGHTS","false","false","FIXED","PENDING","REPRESENTATION_ACCEPTED_NUMERIC_PENDING","PENDING_FUTURE_GROWTH; no default growth or heat conversion","TL:2040:Buildings:ResidentialFuel:coal","ResidentialFuel","true","true","false","MISSING","TL:coal","false","false","","Buildings","","","",""
"TL","2040","Buildings","ResidentialFuel","gas","DIRECT_FUEL","","","","","ResidentialFuel","EXPLICIT","","2019","","","PENDING_ACCEPTED_COUNTRY_NODE_WEIGHTS","PENDING_ACCEPTED_SHAPE_AND_PHYSICAL_WEIGHTS","false","false","FIXED","PENDING","REPRESENTATION_ACCEPTED_NUMERIC_PENDING","PENDING_FUTURE_GROWTH; no default growth or heat conversion","TL:2040:Buildings:ResidentialFuel:gas","ResidentialFuel","true","true","false","MISSING","TL:gas","false","false","","Buildings","","","",""
"TL","2040","Buildings","ResidentialFuel","oil","DIRECT_FUEL","","","","","ResidentialFuel","EXPLICIT","","2019","","","PENDING_ACCEPTED_COUNTRY_NODE_WEIGHTS","PENDING_ACCEPTED_SHAPE_AND_PHYSICAL_WEIGHTS","false","false","FIXED","PENDING","REPRESENTATION_ACCEPTED_NUMERIC_PENDING","PENDING_FUTURE_GROWTH; no default growth or heat conversion","TL:2040:Buildings:ResidentialFuel:oil","ResidentialFuel","true","true","false","MISSING","TL:oil","false","false","","Buildings","","","",""
"TL","2040","Buildings","ServicesDirectElectricity","electricity","DIRECT_ELECTRICITY","","","","Astar","ServicesDirectElectricity","EMBEDDED","","2019","","","PENDING_ACCEPTED_COUNTRY_NODE_WEIGHTS","PENDING_ACCEPTED_SHAPE_AND_PHYSICAL_WEIGHTS","true","false","FIXED","PENDING","REPRESENTATION_ACCEPTED_NUMERIC_PENDING","PENDING_FUTURE_GROWTH; separate R/S decomposition remains optional inside Astar","TL:2040:Buildings:ServicesDirectElectricity:electricity","Astar","false","false","false","MISSING","TL:electricity","false","false","","Buildings","","","",""
"TL","2040","Buildings","ServicesFuel","biomass","DIRECT_FUEL","","","","","ServicesFuel","EXPLICIT","","2019","","","PENDING_ACCEPTED_COUNTRY_NODE_WEIGHTS","PENDING_ACCEPTED_SHAPE_AND_PHYSICAL_WEIGHTS","false","false","FIXED","PENDING","REPRESENTATION_ACCEPTED_NUMERIC_PENDING","PENDING_FUTURE_GROWTH; no default growth or heat conversion","TL:2040:Buildings:ServicesFuel:biomass","ServicesFuel","true","true","false","MISSING","TL:biomass","false","false","","Buildings","","","",""
"TL","2040","Buildings","ServicesFuel","coal","DIRECT_FUEL","","","","","ServicesFuel","EXPLICIT","","2019","","","PENDING_ACCEPTED_COUNTRY_NODE_WEIGHTS","PENDING_ACCEPTED_SHAPE_AND_PHYSICAL_WEIGHTS","false","false","FIXED","PENDING","REPRESENTATION_ACCEPTED_NUMERIC_PENDING","PENDING_FUTURE_GROWTH; no default growth or heat conversion","TL:2040:Buildings:ServicesFuel:coal","ServicesFuel","true","true","false","MISSING","TL:coal","false","false","","Buildings","","","",""
"TL","2040","Buildings","ServicesFuel","gas","DIRECT_FUEL","","","","","ServicesFuel","EXPLICIT","","2019","","","PENDING_ACCEPTED_COUNTRY_NODE_WEIGHTS","PENDING_ACCEPTED_SHAPE_AND_PHYSICAL_WEIGHTS","false","false","FIXED","PENDING","REPRESENTATION_ACCEPTED_NUMERIC_PENDING","PENDING_FUTURE_GROWTH; no default growth or heat conversion","TL:2040:Buildings:ServicesFuel:gas","ServicesFuel","true","true","false","MISSING","TL:gas","false","false","","Buildings","","","",""
"TL","2040","Buildings","ServicesFuel","oil","DIRECT_FUEL","","","","","ServicesFuel","EXPLICIT","","2019","","","PENDING_ACCEPTED_COUNTRY_NODE_WEIGHTS","PENDING_ACCEPTED_SHAPE_AND_PHYSICAL_WEIGHTS","false","false","FIXED","PENDING","REPRESENTATION_ACCEPTED_NUMERIC_PENDING","PENDING_FUTURE_GROWTH; no default growth or heat conversion","TL:2040:Buildings:ServicesFuel:oil","ServicesFuel","true","true","false","MISSING","TL:oil","false","false","","Buildings","","","",""
"TL","2050","Buildings","ResidentialDirectElectricity","electricity","DIRECT_ELECTRICITY","","","","Astar","ResidentialDirectElectricity","EMBEDDED","","2019","","","PENDING_ACCEPTED_COUNTRY_NODE_WEIGHTS","PENDING_ACCEPTED_SHAPE_AND_PHYSICAL_WEIGHTS","true","false","FIXED","PENDING","REPRESENTATION_ACCEPTED_NUMERIC_PENDING","PENDING_FUTURE_GROWTH; separate R/S decomposition remains optional inside Astar","TL:2050:Buildings:ResidentialDirectElectricity:electricity","Astar","false","false","false","MISSING","TL:electricity","false","false","","Buildings","","","",""
"TL","2050","Buildings","ResidentialFuel","biomass","DIRECT_FUEL","","","","","ResidentialFuel","EXPLICIT","","2019","","","PENDING_ACCEPTED_COUNTRY_NODE_WEIGHTS","PENDING_ACCEPTED_SHAPE_AND_PHYSICAL_WEIGHTS","false","false","FIXED","PENDING","REPRESENTATION_ACCEPTED_NUMERIC_PENDING","PENDING_FUTURE_GROWTH; no default growth or heat conversion","TL:2050:Buildings:ResidentialFuel:biomass","ResidentialFuel","true","true","false","MISSING","TL:biomass","false","false","","Buildings","","","",""
"TL","2050","Buildings","ResidentialFuel","coal","DIRECT_FUEL","","","","","ResidentialFuel","EXPLICIT","","2019","","","PENDING_ACCEPTED_COUNTRY_NODE_WEIGHTS","PENDING_ACCEPTED_SHAPE_AND_PHYSICAL_WEIGHTS","false","false","FIXED","PENDING","REPRESENTATION_ACCEPTED_NUMERIC_PENDING","PENDING_FUTURE_GROWTH; no default growth or heat conversion","TL:2050:Buildings:ResidentialFuel:coal","ResidentialFuel","true","true","false","MISSING","TL:coal","false","false","","Buildings","","","",""
"TL","2050","Buildings","ResidentialFuel","gas","DIRECT_FUEL","","","","","ResidentialFuel","EXPLICIT","","2019","","","PENDING_ACCEPTED_COUNTRY_NODE_WEIGHTS","PENDING_ACCEPTED_SHAPE_AND_PHYSICAL_WEIGHTS","false","false","FIXED","PENDING","REPRESENTATION_ACCEPTED_NUMERIC_PENDING","PENDING_FUTURE_GROWTH; no default growth or heat conversion","TL:2050:Buildings:ResidentialFuel:gas","ResidentialFuel","true","true","false","MISSING","TL:gas","false","false","","Buildings","","","",""
"TL","2050","Buildings","ResidentialFuel","oil","DIRECT_FUEL","","","","","ResidentialFuel","EXPLICIT","","2019","","","PENDING_ACCEPTED_COUNTRY_NODE_WEIGHTS","PENDING_ACCEPTED_SHAPE_AND_PHYSICAL_WEIGHTS","false","false","FIXED","PENDING","REPRESENTATION_ACCEPTED_NUMERIC_PENDING","PENDING_FUTURE_GROWTH; no default growth or heat conversion","TL:2050:Buildings:ResidentialFuel:oil","ResidentialFuel","true","true","false","MISSING","TL:oil","false","false","","Buildings","","","",""
"TL","2050","Buildings","ServicesDirectElectricity","electricity","DIRECT_ELECTRICITY","","","","Astar","ServicesDirectElectricity","EMBEDDED","","2019","","","PENDING_ACCEPTED_COUNTRY_NODE_WEIGHTS","PENDING_ACCEPTED_SHAPE_AND_PHYSICAL_WEIGHTS","true","false","FIXED","PENDING","REPRESENTATION_ACCEPTED_NUMERIC_PENDING","PENDING_FUTURE_GROWTH; separate R/S decomposition remains optional inside Astar","TL:2050:Buildings:ServicesDirectElectricity:electricity","Astar","false","false","false","MISSING","TL:electricity","false","false","","Buildings","","","",""
"TL","2050","Buildings","ServicesFuel","biomass","DIRECT_FUEL","","","","","ServicesFuel","EXPLICIT","","2019","","","PENDING_ACCEPTED_COUNTRY_NODE_WEIGHTS","PENDING_ACCEPTED_SHAPE_AND_PHYSICAL_WEIGHTS","false","false","FIXED","PENDING","REPRESENTATION_ACCEPTED_NUMERIC_PENDING","PENDING_FUTURE_GROWTH; no default growth or heat conversion","TL:2050:Buildings:ServicesFuel:biomass","ServicesFuel","true","true","false","MISSING","TL:biomass","false","false","","Buildings","","","",""
"TL","2050","Buildings","ServicesFuel","coal","DIRECT_FUEL","","","","","ServicesFuel","EXPLICIT","","2019","","","PENDING_ACCEPTED_COUNTRY_NODE_WEIGHTS","PENDING_ACCEPTED_SHAPE_AND_PHYSICAL_WEIGHTS","false","false","FIXED","PENDING","REPRESENTATION_ACCEPTED_NUMERIC_PENDING","PENDING_FUTURE_GROWTH; no default growth or heat conversion","TL:2050:Buildings:ServicesFuel:coal","ServicesFuel","true","true","false","MISSING","TL:coal","false","false","","Buildings","","","",""
"TL","2050","Buildings","ServicesFuel","gas","DIRECT_FUEL","","","","","ServicesFuel","EXPLICIT","","2019","","","PENDING_ACCEPTED_COUNTRY_NODE_WEIGHTS","PENDING_ACCEPTED_SHAPE_AND_PHYSICAL_WEIGHTS","false","false","FIXED","PENDING","REPRESENTATION_ACCEPTED_NUMERIC_PENDING","PENDING_FUTURE_GROWTH; no default growth or heat conversion","TL:2050:Buildings:ServicesFuel:gas","ServicesFuel","true","true","false","MISSING","TL:gas","false","false","","Buildings","","","",""
"TL","2050","Buildings","ServicesFuel","oil","DIRECT_FUEL","","","","","ServicesFuel","EXPLICIT","","2019","","","PENDING_ACCEPTED_COUNTRY_NODE_WEIGHTS","PENDING_ACCEPTED_SHAPE_AND_PHYSICAL_WEIGHTS","false","false","FIXED","PENDING","REPRESENTATION_ACCEPTED_NUMERIC_PENDING","PENDING_FUTURE_GROWTH; no default growth or heat conversion","TL:2050:Buildings:ServicesFuel:oil","ServicesFuel","true","true","false","MISSING","TL:oil","false","false","","Buildings","","","",""
"VN","2019","Buildings","ResidentialCooking","mixed","EMBEDDED","","","","ResidentialDirectEnergy","ResidentialCooking","EMBEDDED","","2019","","","PENDING_ACCEPTED_COUNTRY_NODE_WEIGHTS","PENDING_ACCEPTED_SHAPE_AND_PHYSICAL_WEIGHTS","false","false","FIXED","EMBEDDED","REPRESENTATION_ACCEPTED_VALUES_NOT_DEFINED","No additional service obligation. Existing final electricity/fuel keeps ownership. Cooking is not space/water heat.","VN:2019:Buildings:ResidentialCooking:mixed","Astar_and_original_fuels","false","false","false","MISSING","VN:mixed","false","false","","Buildings","","","",""
"VN","2019","Buildings","ResidentialCooling","electricity","EMBEDDED","","","","ResidentialDirectEnergy","ResidentialCooling","EMBEDDED","","2019","","","PENDING_ACCEPTED_COUNTRY_NODE_WEIGHTS","PENDING_ACCEPTED_SHAPE_AND_PHYSICAL_WEIGHTS","true","false","FIXED","EMBEDDED","REPRESENTATION_ACCEPTED_VALUES_NOT_DEFINED","No additional service obligation. Existing final electricity/fuel keeps ownership. Cooking is not space/water heat.","VN:2019:Buildings:ResidentialCooling:electricity","Astar_and_original_fuels","false","false","false","MISSING","VN:electricity","false","false","","Buildings","","","",""
"VN","2019","Buildings","ResidentialDirectElectricity","electricity","DIRECT_ELECTRICITY","68556.5277777778","Kilowatt-hours, million","68556527.77777779","Astar","ResidentialDirectElectricity","EMBEDDED","/home/jin/research/SGP_ESE5004_Stage2/pypsa-asean/data/demand/unsd/data/UNdata_Export_20250502_110820872.txt","2019","12c99b3c40927449d9a4d0402f255a8b84b24917ff58e54efd4ec43b2125fe6b","Exact raw transaction; million kWh * 1000 = MWh; no losses or AEO scaling","PENDING_ACCEPTED_COUNTRY_NODE_WEIGHTS","PENDING_ACCEPTED_SHAPE_AND_PHYSICAL_WEIGHTS","true","false","FIXED","PENDING","REPRESENTATION_ACCEPTED_NUMERIC_PENDING","Separate R/S identity retained in Astar; no second electricity Load; numeric decomposition is unaccepted","VN:2019:Buildings:ResidentialDirectElectricity:electricity","Astar","false","false","false","REPORTED_VALUE","VN:electricity","false","false","Consumption by households; physical line end 98154","Buildings","","","",""
"VN","2019","Buildings","ResidentialFuel","biomass","DIRECT_FUEL","2.7928","TWh/year","2792800.0","","ResidentialFuel","EXPLICIT","/home/jin/research/SGP_ESE5004_Stage2/pypsa-asean/resources/baseline-aims-3H-tutorial/energy_totals_base.csv","2019","af27beafc01cfb1920a23e632c05e858883a28efd9bbf94df3dfdba455fde261","Frozen derived cache; TWh/year -> MWh; raw/calorific provenance still pending","PENDING_ACCEPTED_COUNTRY_NODE_WEIGHTS","PENDING_ACCEPTED_SHAPE_AND_PHYSICAL_WEIGHTS","false","false","FIXED","FROZEN_UPSTREAM","REPRESENTATION_ACCEPTED_NUMERIC_PENDING","Fixed final fuel; no useful-heat inference; cooking remains within original fuel. Coal not recast as electricity.","VN:2019:Buildings:ResidentialFuel:biomass","ResidentialFuel","true","true","false","POSITIVE_CACHE_VALUE","VN:biomass","false","false","VN/residential biomass","Buildings","","","",""
"VN","2019","Buildings","ResidentialFuel","coal","DIRECT_FUEL","","TWh/year","","","ResidentialFuel","EXPLICIT","/home/jin/research/SGP_ESE5004_Stage2/pypsa-asean/resources/baseline-aims-3H-tutorial/energy_totals_base.csv","2019","af27beafc01cfb1920a23e632c05e858883a28efd9bbf94df3dfdba455fde261","Frozen derived cache; TWh/year -> MWh; raw/calorific provenance still pending","PENDING_ACCEPTED_COUNTRY_NODE_WEIGHTS","PENDING_ACCEPTED_SHAPE_AND_PHYSICAL_WEIGHTS","false","false","FIXED","MISSING","REPRESENTATION_ACCEPTED_NUMERIC_PENDING","Fixed final fuel; no useful-heat inference; cooking remains within original fuel. Coal not recast as electricity.; cache has no original R/S coal column; source recovery required","VN:2019:Buildings:ResidentialFuel:coal","ResidentialFuel","true","true","false","MISSING","VN:coal","false","false","VN/residential coal","Buildings","","","",""
"VN","2019","Buildings","ResidentialFuel","gas","DIRECT_FUEL","0.0","TWh/year","","","ResidentialFuel","EXPLICIT","/home/jin/research/SGP_ESE5004_Stage2/pypsa-asean/resources/baseline-aims-3H-tutorial/energy_totals_base.csv","2019","af27beafc01cfb1920a23e632c05e858883a28efd9bbf94df3dfdba455fde261","Frozen derived cache; TWh/year -> MWh; raw/calorific provenance still pending","PENDING_ACCEPTED_COUNTRY_NODE_WEIGHTS","PENDING_ACCEPTED_SHAPE_AND_PHYSICAL_WEIGHTS","false","false","FIXED","MISSING","REPRESENTATION_ACCEPTED_NUMERIC_PENDING","Fixed final fuel; no useful-heat inference; cooking remains within original fuel. Coal not recast as electricity.; cache zero has no certified raw-zero evidence","VN:2019:Buildings:ResidentialFuel:gas","ResidentialFuel","true","true","false","CACHE_ZERO_UNVERIFIED","VN:gas","false","false","VN/residential gas","Buildings","","","",""
"VN","2019","Buildings","ResidentialFuel","oil","DIRECT_FUEL","12.224","TWh/year","12224000.0","","ResidentialFuel","EXPLICIT","/home/jin/research/SGP_ESE5004_Stage2/pypsa-asean/resources/baseline-aims-3H-tutorial/energy_totals_base.csv","2019","af27beafc01cfb1920a23e632c05e858883a28efd9bbf94df3dfdba455fde261","Frozen derived cache; TWh/year -> MWh; raw/calorific provenance still pending","PENDING_ACCEPTED_COUNTRY_NODE_WEIGHTS","PENDING_ACCEPTED_SHAPE_AND_PHYSICAL_WEIGHTS","false","false","FIXED","FROZEN_UPSTREAM","REPRESENTATION_ACCEPTED_NUMERIC_PENDING","Fixed final fuel; no useful-heat inference; cooking remains within original fuel. Coal not recast as electricity.","VN:2019:Buildings:ResidentialFuel:oil","ResidentialFuel","true","true","false","POSITIVE_CACHE_VALUE","VN:oil","false","false","VN/residential oil","Buildings","","","",""
"VN","2019","Buildings","ResidentialSpaceHeat","mixed","EMBEDDED","","","","ResidentialDirectEnergy","ResidentialSpaceHeat","EMBEDDED","","2019","","","PENDING_ACCEPTED_COUNTRY_NODE_WEIGHTS","PENDING_ACCEPTED_SHAPE_AND_PHYSICAL_WEIGHTS","false","false","FIXED","EMBEDDED","REPRESENTATION_ACCEPTED_VALUES_NOT_DEFINED","No additional service obligation. Existing final electricity/fuel keeps ownership. Cooking is not space/water heat.","VN:2019:Buildings:ResidentialSpaceHeat:mixed","Astar_and_original_fuels","false","false","false","MISSING","VN:mixed","false","false","","Buildings","","","",""
"VN","2019","Buildings","ResidentialWaterHeat","mixed","EMBEDDED","","","","ResidentialDirectEnergy","ResidentialWaterHeat","EMBEDDED","","2019","","","PENDING_ACCEPTED_COUNTRY_NODE_WEIGHTS","PENDING_ACCEPTED_SHAPE_AND_PHYSICAL_WEIGHTS","false","false","FIXED","EMBEDDED","REPRESENTATION_ACCEPTED_VALUES_NOT_DEFINED","No additional service obligation. Existing final electricity/fuel keeps ownership. Cooking is not space/water heat.","VN:2019:Buildings:ResidentialWaterHeat:mixed","Astar_and_original_fuels","false","false","false","MISSING","VN:mixed","false","false","","Buildings","","","",""
"VN","2019","Buildings","ServicesCooking","mixed","EMBEDDED","","","","ServicesDirectEnergy","ServicesCooking","EMBEDDED","","2019","","","PENDING_ACCEPTED_COUNTRY_NODE_WEIGHTS","PENDING_ACCEPTED_SHAPE_AND_PHYSICAL_WEIGHTS","false","false","FIXED","EMBEDDED","REPRESENTATION_ACCEPTED_VALUES_NOT_DEFINED","No additional service obligation. Existing final electricity/fuel keeps ownership. Cooking is not space/water heat.","VN:2019:Buildings:ServicesCooking:mixed","Astar_and_original_fuels","false","false","false","MISSING","VN:mixed","false","false","","Buildings","","","",""
"VN","2019","Buildings","ServicesCooling","electricity","EMBEDDED","","","","ServicesDirectEnergy","ServicesCooling","EMBEDDED","","2019","","","PENDING_ACCEPTED_COUNTRY_NODE_WEIGHTS","PENDING_ACCEPTED_SHAPE_AND_PHYSICAL_WEIGHTS","true","false","FIXED","EMBEDDED","REPRESENTATION_ACCEPTED_VALUES_NOT_DEFINED","No additional service obligation. Existing final electricity/fuel keeps ownership. Cooking is not space/water heat.","VN:2019:Buildings:ServicesCooling:electricity","Astar_and_original_fuels","false","false","false","MISSING","VN:electricity","false","false","","Buildings","","","",""
"VN","2019","Buildings","ServicesDirectElectricity","electricity","DIRECT_ELECTRICITY","19962.8888888889","Kilowatt-hours, million","19962888.888888903","Astar","ServicesDirectElectricity","EMBEDDED","/home/jin/research/SGP_ESE5004_Stage2/pypsa-asean/data/demand/unsd/data/UNdata_Export_20250502_110820872.txt","2019","12c99b3c40927449d9a4d0402f255a8b84b24917ff58e54efd4ec43b2125fe6b","Exact raw transaction; million kWh * 1000 = MWh; no losses or AEO scaling","PENDING_ACCEPTED_COUNTRY_NODE_WEIGHTS","PENDING_ACCEPTED_SHAPE_AND_PHYSICAL_WEIGHTS","true","false","FIXED","PENDING","REPRESENTATION_ACCEPTED_NUMERIC_PENDING","Separate R/S identity retained in Astar; no second electricity Load; numeric decomposition is unaccepted","VN:2019:Buildings:ServicesDirectElectricity:electricity","Astar","false","false","false","REPORTED_VALUE","VN:electricity","false","false","Consumption by commercial and public services; physical line end 98191","Buildings","","","",""
"VN","2019","Buildings","ServicesFuel","biomass","DIRECT_FUEL","0.0","TWh/year","","","ServicesFuel","EXPLICIT","/home/jin/research/SGP_ESE5004_Stage2/pypsa-asean/resources/baseline-aims-3H-tutorial/energy_totals_base.csv","2019","af27beafc01cfb1920a23e632c05e858883a28efd9bbf94df3dfdba455fde261","Frozen derived cache; TWh/year -> MWh; raw/calorific provenance still pending","PENDING_ACCEPTED_COUNTRY_NODE_WEIGHTS","PENDING_ACCEPTED_SHAPE_AND_PHYSICAL_WEIGHTS","false","false","FIXED","MISSING","REPRESENTATION_ACCEPTED_NUMERIC_PENDING","Fixed final fuel; no useful-heat inference; cooking remains within original fuel. Coal not recast as electricity.; cache zero has no certified raw-zero evidence","VN:2019:Buildings:ServicesFuel:biomass","ServicesFuel","true","true","false","CACHE_ZERO_UNVERIFIED","VN:biomass","false","false","VN/services biomass","Buildings","","","",""
"VN","2019","Buildings","ServicesFuel","coal","DIRECT_FUEL","","TWh/year","","","ServicesFuel","EXPLICIT","/home/jin/research/SGP_ESE5004_Stage2/pypsa-asean/resources/baseline-aims-3H-tutorial/energy_totals_base.csv","2019","af27beafc01cfb1920a23e632c05e858883a28efd9bbf94df3dfdba455fde261","Frozen derived cache; TWh/year -> MWh; raw/calorific provenance still pending","PENDING_ACCEPTED_COUNTRY_NODE_WEIGHTS","PENDING_ACCEPTED_SHAPE_AND_PHYSICAL_WEIGHTS","false","false","FIXED","MISSING","REPRESENTATION_ACCEPTED_NUMERIC_PENDING","Fixed final fuel; no useful-heat inference; cooking remains within original fuel. Coal not recast as electricity.; cache has no original R/S coal column; source recovery required","VN:2019:Buildings:ServicesFuel:coal","ServicesFuel","true","true","false","MISSING","VN:coal","false","false","VN/services coal","Buildings","","","",""
"VN","2019","Buildings","ServicesFuel","gas","DIRECT_FUEL","0.0","TWh/year","","","ServicesFuel","EXPLICIT","/home/jin/research/SGP_ESE5004_Stage2/pypsa-asean/resources/baseline-aims-3H-tutorial/energy_totals_base.csv","2019","af27beafc01cfb1920a23e632c05e858883a28efd9bbf94df3dfdba455fde261","Frozen derived cache; TWh/year -> MWh; raw/calorific provenance still pending","PENDING_ACCEPTED_COUNTRY_NODE_WEIGHTS","PENDING_ACCEPTED_SHAPE_AND_PHYSICAL_WEIGHTS","false","false","FIXED","MISSING","REPRESENTATION_ACCEPTED_NUMERIC_PENDING","Fixed final fuel; no useful-heat inference; cooking remains within original fuel. Coal not recast as electricity.; cache zero has no certified raw-zero evidence","VN:2019:Buildings:ServicesFuel:gas","ServicesFuel","true","true","false","CACHE_ZERO_UNVERIFIED","VN:gas","false","false","VN/services gas","Buildings","","","",""
"VN","2019","Buildings","ServicesFuel","oil","DIRECT_FUEL","1.8785","TWh/year","1878500.0","","ServicesFuel","EXPLICIT","/home/jin/research/SGP_ESE5004_Stage2/pypsa-asean/resources/baseline-aims-3H-tutorial/energy_totals_base.csv","2019","af27beafc01cfb1920a23e632c05e858883a28efd9bbf94df3dfdba455fde261","Frozen derived cache; TWh/year -> MWh; raw/calorific provenance still pending","PENDING_ACCEPTED_COUNTRY_NODE_WEIGHTS","PENDING_ACCEPTED_SHAPE_AND_PHYSICAL_WEIGHTS","false","false","FIXED","FROZEN_UPSTREAM","REPRESENTATION_ACCEPTED_NUMERIC_PENDING","Fixed final fuel; no useful-heat inference; cooking remains within original fuel. Coal not recast as electricity.","VN:2019:Buildings:ServicesFuel:oil","ServicesFuel","true","true","false","POSITIVE_CACHE_VALUE","VN:oil","false","false","VN/services oil","Buildings","","","",""
"VN","2019","Buildings","ServicesSpaceHeat","mixed","EMBEDDED","","","","ServicesDirectEnergy","ServicesSpaceHeat","EMBEDDED","","2019","","","PENDING_ACCEPTED_COUNTRY_NODE_WEIGHTS","PENDING_ACCEPTED_SHAPE_AND_PHYSICAL_WEIGHTS","false","false","FIXED","EMBEDDED","REPRESENTATION_ACCEPTED_VALUES_NOT_DEFINED","No additional service obligation. Existing final electricity/fuel keeps ownership. Cooking is not space/water heat.","VN:2019:Buildings:ServicesSpaceHeat:mixed","Astar_and_original_fuels","false","false","false","MISSING","VN:mixed","false","false","","Buildings","","","",""
"VN","2019","Buildings","ServicesWaterHeat","mixed","EMBEDDED","","","","ServicesDirectEnergy","ServicesWaterHeat","EMBEDDED","","2019","","","PENDING_ACCEPTED_COUNTRY_NODE_WEIGHTS","PENDING_ACCEPTED_SHAPE_AND_PHYSICAL_WEIGHTS","false","false","FIXED","EMBEDDED","REPRESENTATION_ACCEPTED_VALUES_NOT_DEFINED","No additional service obligation. Existing final electricity/fuel keeps ownership. Cooking is not space/water heat.","VN:2019:Buildings:ServicesWaterHeat:mixed","Astar_and_original_fuels","false","false","false","MISSING","VN:mixed","false","false","","Buildings","","","",""
"VN","2030","Buildings","ResidentialDirectElectricity","electricity","DIRECT_ELECTRICITY","","","","Astar","ResidentialDirectElectricity","EMBEDDED","","2019","","","PENDING_ACCEPTED_COUNTRY_NODE_WEIGHTS","PENDING_ACCEPTED_SHAPE_AND_PHYSICAL_WEIGHTS","true","false","FIXED","PENDING","REPRESENTATION_ACCEPTED_NUMERIC_PENDING","PENDING_FUTURE_GROWTH; separate R/S decomposition remains optional inside Astar","VN:2030:Buildings:ResidentialDirectElectricity:electricity","Astar","false","false","false","MISSING","VN:electricity","false","false","","Buildings","","","",""
"VN","2030","Buildings","ResidentialFuel","biomass","DIRECT_FUEL","","","","","ResidentialFuel","EXPLICIT","","2019","","","PENDING_ACCEPTED_COUNTRY_NODE_WEIGHTS","PENDING_ACCEPTED_SHAPE_AND_PHYSICAL_WEIGHTS","false","false","FIXED","PENDING","REPRESENTATION_ACCEPTED_NUMERIC_PENDING","PENDING_FUTURE_GROWTH; no default growth or heat conversion","VN:2030:Buildings:ResidentialFuel:biomass","ResidentialFuel","true","true","false","MISSING","VN:biomass","false","false","","Buildings","","","",""
"VN","2030","Buildings","ResidentialFuel","coal","DIRECT_FUEL","","","","","ResidentialFuel","EXPLICIT","","2019","","","PENDING_ACCEPTED_COUNTRY_NODE_WEIGHTS","PENDING_ACCEPTED_SHAPE_AND_PHYSICAL_WEIGHTS","false","false","FIXED","PENDING","REPRESENTATION_ACCEPTED_NUMERIC_PENDING","PENDING_FUTURE_GROWTH; no default growth or heat conversion","VN:2030:Buildings:ResidentialFuel:coal","ResidentialFuel","true","true","false","MISSING","VN:coal","false","false","","Buildings","","","",""
"VN","2030","Buildings","ResidentialFuel","gas","DIRECT_FUEL","","","","","ResidentialFuel","EXPLICIT","","2019","","","PENDING_ACCEPTED_COUNTRY_NODE_WEIGHTS","PENDING_ACCEPTED_SHAPE_AND_PHYSICAL_WEIGHTS","false","false","FIXED","PENDING","REPRESENTATION_ACCEPTED_NUMERIC_PENDING","PENDING_FUTURE_GROWTH; no default growth or heat conversion","VN:2030:Buildings:ResidentialFuel:gas","ResidentialFuel","true","true","false","MISSING","VN:gas","false","false","","Buildings","","","",""
"VN","2030","Buildings","ResidentialFuel","oil","DIRECT_FUEL","","","","","ResidentialFuel","EXPLICIT","","2019","","","PENDING_ACCEPTED_COUNTRY_NODE_WEIGHTS","PENDING_ACCEPTED_SHAPE_AND_PHYSICAL_WEIGHTS","false","false","FIXED","PENDING","REPRESENTATION_ACCEPTED_NUMERIC_PENDING","PENDING_FUTURE_GROWTH; no default growth or heat conversion","VN:2030:Buildings:ResidentialFuel:oil","ResidentialFuel","true","true","false","MISSING","VN:oil","false","false","","Buildings","","","",""
"VN","2030","Buildings","ServicesDirectElectricity","electricity","DIRECT_ELECTRICITY","","","","Astar","ServicesDirectElectricity","EMBEDDED","","2019","","","PENDING_ACCEPTED_COUNTRY_NODE_WEIGHTS","PENDING_ACCEPTED_SHAPE_AND_PHYSICAL_WEIGHTS","true","false","FIXED","PENDING","REPRESENTATION_ACCEPTED_NUMERIC_PENDING","PENDING_FUTURE_GROWTH; separate R/S decomposition remains optional inside Astar","VN:2030:Buildings:ServicesDirectElectricity:electricity","Astar","false","false","false","MISSING","VN:electricity","false","false","","Buildings","","","",""
"VN","2030","Buildings","ServicesFuel","biomass","DIRECT_FUEL","","","","","ServicesFuel","EXPLICIT","","2019","","","PENDING_ACCEPTED_COUNTRY_NODE_WEIGHTS","PENDING_ACCEPTED_SHAPE_AND_PHYSICAL_WEIGHTS","false","false","FIXED","PENDING","REPRESENTATION_ACCEPTED_NUMERIC_PENDING","PENDING_FUTURE_GROWTH; no default growth or heat conversion","VN:2030:Buildings:ServicesFuel:biomass","ServicesFuel","true","true","false","MISSING","VN:biomass","false","false","","Buildings","","","",""
"VN","2030","Buildings","ServicesFuel","coal","DIRECT_FUEL","","","","","ServicesFuel","EXPLICIT","","2019","","","PENDING_ACCEPTED_COUNTRY_NODE_WEIGHTS","PENDING_ACCEPTED_SHAPE_AND_PHYSICAL_WEIGHTS","false","false","FIXED","PENDING","REPRESENTATION_ACCEPTED_NUMERIC_PENDING","PENDING_FUTURE_GROWTH; no default growth or heat conversion","VN:2030:Buildings:ServicesFuel:coal","ServicesFuel","true","true","false","MISSING","VN:coal","false","false","","Buildings","","","",""
"VN","2030","Buildings","ServicesFuel","gas","DIRECT_FUEL","","","","","ServicesFuel","EXPLICIT","","2019","","","PENDING_ACCEPTED_COUNTRY_NODE_WEIGHTS","PENDING_ACCEPTED_SHAPE_AND_PHYSICAL_WEIGHTS","false","false","FIXED","PENDING","REPRESENTATION_ACCEPTED_NUMERIC_PENDING","PENDING_FUTURE_GROWTH; no default growth or heat conversion","VN:2030:Buildings:ServicesFuel:gas","ServicesFuel","true","true","false","MISSING","VN:gas","false","false","","Buildings","","","",""
"VN","2030","Buildings","ServicesFuel","oil","DIRECT_FUEL","","","","","ServicesFuel","EXPLICIT","","2019","","","PENDING_ACCEPTED_COUNTRY_NODE_WEIGHTS","PENDING_ACCEPTED_SHAPE_AND_PHYSICAL_WEIGHTS","false","false","FIXED","PENDING","REPRESENTATION_ACCEPTED_NUMERIC_PENDING","PENDING_FUTURE_GROWTH; no default growth or heat conversion","VN:2030:Buildings:ServicesFuel:oil","ServicesFuel","true","true","false","MISSING","VN:oil","false","false","","Buildings","","","",""
"VN","2040","Buildings","ResidentialDirectElectricity","electricity","DIRECT_ELECTRICITY","","","","Astar","ResidentialDirectElectricity","EMBEDDED","","2019","","","PENDING_ACCEPTED_COUNTRY_NODE_WEIGHTS","PENDING_ACCEPTED_SHAPE_AND_PHYSICAL_WEIGHTS","true","false","FIXED","PENDING","REPRESENTATION_ACCEPTED_NUMERIC_PENDING","PENDING_FUTURE_GROWTH; separate R/S decomposition remains optional inside Astar","VN:2040:Buildings:ResidentialDirectElectricity:electricity","Astar","false","false","false","MISSING","VN:electricity","false","false","","Buildings","","","",""
"VN","2040","Buildings","ResidentialFuel","biomass","DIRECT_FUEL","","","","","ResidentialFuel","EXPLICIT","","2019","","","PENDING_ACCEPTED_COUNTRY_NODE_WEIGHTS","PENDING_ACCEPTED_SHAPE_AND_PHYSICAL_WEIGHTS","false","false","FIXED","PENDING","REPRESENTATION_ACCEPTED_NUMERIC_PENDING","PENDING_FUTURE_GROWTH; no default growth or heat conversion","VN:2040:Buildings:ResidentialFuel:biomass","ResidentialFuel","true","true","false","MISSING","VN:biomass","false","false","","Buildings","","","",""
"VN","2040","Buildings","ResidentialFuel","coal","DIRECT_FUEL","","","","","ResidentialFuel","EXPLICIT","","2019","","","PENDING_ACCEPTED_COUNTRY_NODE_WEIGHTS","PENDING_ACCEPTED_SHAPE_AND_PHYSICAL_WEIGHTS","false","false","FIXED","PENDING","REPRESENTATION_ACCEPTED_NUMERIC_PENDING","PENDING_FUTURE_GROWTH; no default growth or heat conversion","VN:2040:Buildings:ResidentialFuel:coal","ResidentialFuel","true","true","false","MISSING","VN:coal","false","false","","Buildings","","","",""
"VN","2040","Buildings","ResidentialFuel","gas","DIRECT_FUEL","","","","","ResidentialFuel","EXPLICIT","","2019","","","PENDING_ACCEPTED_COUNTRY_NODE_WEIGHTS","PENDING_ACCEPTED_SHAPE_AND_PHYSICAL_WEIGHTS","false","false","FIXED","PENDING","REPRESENTATION_ACCEPTED_NUMERIC_PENDING","PENDING_FUTURE_GROWTH; no default growth or heat conversion","VN:2040:Buildings:ResidentialFuel:gas","ResidentialFuel","true","true","false","MISSING","VN:gas","false","false","","Buildings","","","",""
"VN","2040","Buildings","ResidentialFuel","oil","DIRECT_FUEL","","","","","ResidentialFuel","EXPLICIT","","2019","","","PENDING_ACCEPTED_COUNTRY_NODE_WEIGHTS","PENDING_ACCEPTED_SHAPE_AND_PHYSICAL_WEIGHTS","false","false","FIXED","PENDING","REPRESENTATION_ACCEPTED_NUMERIC_PENDING","PENDING_FUTURE_GROWTH; no default growth or heat conversion","VN:2040:Buildings:ResidentialFuel:oil","ResidentialFuel","true","true","false","MISSING","VN:oil","false","false","","Buildings","","","",""
"VN","2040","Buildings","ServicesDirectElectricity","electricity","DIRECT_ELECTRICITY","","","","Astar","ServicesDirectElectricity","EMBEDDED","","2019","","","PENDING_ACCEPTED_COUNTRY_NODE_WEIGHTS","PENDING_ACCEPTED_SHAPE_AND_PHYSICAL_WEIGHTS","true","false","FIXED","PENDING","REPRESENTATION_ACCEPTED_NUMERIC_PENDING","PENDING_FUTURE_GROWTH; separate R/S decomposition remains optional inside Astar","VN:2040:Buildings:ServicesDirectElectricity:electricity","Astar","false","false","false","MISSING","VN:electricity","false","false","","Buildings","","","",""
"VN","2040","Buildings","ServicesFuel","biomass","DIRECT_FUEL","","","","","ServicesFuel","EXPLICIT","","2019","","","PENDING_ACCEPTED_COUNTRY_NODE_WEIGHTS","PENDING_ACCEPTED_SHAPE_AND_PHYSICAL_WEIGHTS","false","false","FIXED","PENDING","REPRESENTATION_ACCEPTED_NUMERIC_PENDING","PENDING_FUTURE_GROWTH; no default growth or heat conversion","VN:2040:Buildings:ServicesFuel:biomass","ServicesFuel","true","true","false","MISSING","VN:biomass","false","false","","Buildings","","","",""
"VN","2040","Buildings","ServicesFuel","coal","DIRECT_FUEL","","","","","ServicesFuel","EXPLICIT","","2019","","","PENDING_ACCEPTED_COUNTRY_NODE_WEIGHTS","PENDING_ACCEPTED_SHAPE_AND_PHYSICAL_WEIGHTS","false","false","FIXED","PENDING","REPRESENTATION_ACCEPTED_NUMERIC_PENDING","PENDING_FUTURE_GROWTH; no default growth or heat conversion","VN:2040:Buildings:ServicesFuel:coal","ServicesFuel","true","true","false","MISSING","VN:coal","false","false","","Buildings","","","",""
"VN","2040","Buildings","ServicesFuel","gas","DIRECT_FUEL","","","","","ServicesFuel","EXPLICIT","","2019","","","PENDING_ACCEPTED_COUNTRY_NODE_WEIGHTS","PENDING_ACCEPTED_SHAPE_AND_PHYSICAL_WEIGHTS","false","false","FIXED","PENDING","REPRESENTATION_ACCEPTED_NUMERIC_PENDING","PENDING_FUTURE_GROWTH; no default growth or heat conversion","VN:2040:Buildings:ServicesFuel:gas","ServicesFuel","true","true","false","MISSING","VN:gas","false","false","","Buildings","","","",""
"VN","2040","Buildings","ServicesFuel","oil","DIRECT_FUEL","","","","","ServicesFuel","EXPLICIT","","2019","","","PENDING_ACCEPTED_COUNTRY_NODE_WEIGHTS","PENDING_ACCEPTED_SHAPE_AND_PHYSICAL_WEIGHTS","false","false","FIXED","PENDING","REPRESENTATION_ACCEPTED_NUMERIC_PENDING","PENDING_FUTURE_GROWTH; no default growth or heat conversion","VN:2040:Buildings:ServicesFuel:oil","ServicesFuel","true","true","false","MISSING","VN:oil","false","false","","Buildings","","","",""
"VN","2050","Buildings","ResidentialDirectElectricity","electricity","DIRECT_ELECTRICITY","","","","Astar","ResidentialDirectElectricity","EMBEDDED","","2019","","","PENDING_ACCEPTED_COUNTRY_NODE_WEIGHTS","PENDING_ACCEPTED_SHAPE_AND_PHYSICAL_WEIGHTS","true","false","FIXED","PENDING","REPRESENTATION_ACCEPTED_NUMERIC_PENDING","PENDING_FUTURE_GROWTH; separate R/S decomposition remains optional inside Astar","VN:2050:Buildings:ResidentialDirectElectricity:electricity","Astar","false","false","false","MISSING","VN:electricity","false","false","","Buildings","","","",""
"VN","2050","Buildings","ResidentialFuel","biomass","DIRECT_FUEL","","","","","ResidentialFuel","EXPLICIT","","2019","","","PENDING_ACCEPTED_COUNTRY_NODE_WEIGHTS","PENDING_ACCEPTED_SHAPE_AND_PHYSICAL_WEIGHTS","false","false","FIXED","PENDING","REPRESENTATION_ACCEPTED_NUMERIC_PENDING","PENDING_FUTURE_GROWTH; no default growth or heat conversion","VN:2050:Buildings:ResidentialFuel:biomass","ResidentialFuel","true","true","false","MISSING","VN:biomass","false","false","","Buildings","","","",""
"VN","2050","Buildings","ResidentialFuel","coal","DIRECT_FUEL","","","","","ResidentialFuel","EXPLICIT","","2019","","","PENDING_ACCEPTED_COUNTRY_NODE_WEIGHTS","PENDING_ACCEPTED_SHAPE_AND_PHYSICAL_WEIGHTS","false","false","FIXED","PENDING","REPRESENTATION_ACCEPTED_NUMERIC_PENDING","PENDING_FUTURE_GROWTH; no default growth or heat conversion","VN:2050:Buildings:ResidentialFuel:coal","ResidentialFuel","true","true","false","MISSING","VN:coal","false","false","","Buildings","","","",""
"VN","2050","Buildings","ResidentialFuel","gas","DIRECT_FUEL","","","","","ResidentialFuel","EXPLICIT","","2019","","","PENDING_ACCEPTED_COUNTRY_NODE_WEIGHTS","PENDING_ACCEPTED_SHAPE_AND_PHYSICAL_WEIGHTS","false","false","FIXED","PENDING","REPRESENTATION_ACCEPTED_NUMERIC_PENDING","PENDING_FUTURE_GROWTH; no default growth or heat conversion","VN:2050:Buildings:ResidentialFuel:gas","ResidentialFuel","true","true","false","MISSING","VN:gas","false","false","","Buildings","","","",""
"VN","2050","Buildings","ResidentialFuel","oil","DIRECT_FUEL","","","","","ResidentialFuel","EXPLICIT","","2019","","","PENDING_ACCEPTED_COUNTRY_NODE_WEIGHTS","PENDING_ACCEPTED_SHAPE_AND_PHYSICAL_WEIGHTS","false","false","FIXED","PENDING","REPRESENTATION_ACCEPTED_NUMERIC_PENDING","PENDING_FUTURE_GROWTH; no default growth or heat conversion","VN:2050:Buildings:ResidentialFuel:oil","ResidentialFuel","true","true","false","MISSING","VN:oil","false","false","","Buildings","","","",""
"VN","2050","Buildings","ServicesDirectElectricity","electricity","DIRECT_ELECTRICITY","","","","Astar","ServicesDirectElectricity","EMBEDDED","","2019","","","PENDING_ACCEPTED_COUNTRY_NODE_WEIGHTS","PENDING_ACCEPTED_SHAPE_AND_PHYSICAL_WEIGHTS","true","false","FIXED","PENDING","REPRESENTATION_ACCEPTED_NUMERIC_PENDING","PENDING_FUTURE_GROWTH; separate R/S decomposition remains optional inside Astar","VN:2050:Buildings:ServicesDirectElectricity:electricity","Astar","false","false","false","MISSING","VN:electricity","false","false","","Buildings","","","",""
"VN","2050","Buildings","ServicesFuel","biomass","DIRECT_FUEL","","","","","ServicesFuel","EXPLICIT","","2019","","","PENDING_ACCEPTED_COUNTRY_NODE_WEIGHTS","PENDING_ACCEPTED_SHAPE_AND_PHYSICAL_WEIGHTS","false","false","FIXED","PENDING","REPRESENTATION_ACCEPTED_NUMERIC_PENDING","PENDING_FUTURE_GROWTH; no default growth or heat conversion","VN:2050:Buildings:ServicesFuel:biomass","ServicesFuel","true","true","false","MISSING","VN:biomass","false","false","","Buildings","","","",""
"VN","2050","Buildings","ServicesFuel","coal","DIRECT_FUEL","","","","","ServicesFuel","EXPLICIT","","2019","","","PENDING_ACCEPTED_COUNTRY_NODE_WEIGHTS","PENDING_ACCEPTED_SHAPE_AND_PHYSICAL_WEIGHTS","false","false","FIXED","PENDING","REPRESENTATION_ACCEPTED_NUMERIC_PENDING","PENDING_FUTURE_GROWTH; no default growth or heat conversion","VN:2050:Buildings:ServicesFuel:coal","ServicesFuel","true","true","false","MISSING","VN:coal","false","false","","Buildings","","","",""
"VN","2050","Buildings","ServicesFuel","gas","DIRECT_FUEL","","","","","ServicesFuel","EXPLICIT","","2019","","","PENDING_ACCEPTED_COUNTRY_NODE_WEIGHTS","PENDING_ACCEPTED_SHAPE_AND_PHYSICAL_WEIGHTS","false","false","FIXED","PENDING","REPRESENTATION_ACCEPTED_NUMERIC_PENDING","PENDING_FUTURE_GROWTH; no default growth or heat conversion","VN:2050:Buildings:ServicesFuel:gas","ServicesFuel","true","true","false","MISSING","VN:gas","false","false","","Buildings","","","",""
"VN","2050","Buildings","ServicesFuel","oil","DIRECT_FUEL","","","","","ServicesFuel","EXPLICIT","","2019","","","PENDING_ACCEPTED_COUNTRY_NODE_WEIGHTS","PENDING_ACCEPTED_SHAPE_AND_PHYSICAL_WEIGHTS","false","false","FIXED","PENDING","REPRESENTATION_ACCEPTED_NUMERIC_PENDING","PENDING_FUTURE_GROWTH; no default growth or heat conversion","VN:2050:Buildings:ServicesFuel:oil","ServicesFuel","true","true","false","MISSING","VN:oil","false","false","","Buildings","","","",""
