"Country","Year","Sector","Subsector","Carrier","DemandType","RawValue","RawUnit","ConvertedMWh","ParentAccount","ChildAccount","Representation","Source","SourceYear","SourceSHA256","Transformation","SpatialRule","TemporalRule","IncludedInAstar","TransferredFromAstar","FixedOrEndogenous","Status","HumanAcceptance","Notes","RowID","OwnerAccount","Posting","Required","NumericAccepted","ZeroEvidence","LogicalDestination","ExistingEnergyLoad","EmissionsPresent","SourceLocator","Group","ParentBefore","TransferredChild","ParentAfter","IndependentReference"
"BN","2019","Industry","IndustryCacheElectricityReference","electricity","DIRECT_FUEL","709181","MWh/year","709181.0","","IndustryCacheElectricityReference","REFERENCE","/home/jin/research/SGP_ESE5004_Stage2/pypsa-asean/resources/baseline-aims-3H-tutorial/demand/base_industry_totals_2030.csv","2019","c62e8edab8451f93a4273f9214e6259306ea7e01a6ba9c85e7b7db48978aa404","Frozen derived cache; MWh/year -> MWh; raw/calorific provenance still pending","PENDING_ACCEPTED_COUNTRY_NODE_WEIGHTS","PENDING_ACCEPTED_SHAPE_AND_PHYSICAL_WEIGHTS","false","false","FIXED","REFERENCE_ONLY","REPRESENTATION_ACCEPTED_NUMERIC_PENDING","Base 2019 country/carrier sum of 13 cached industries; pre-NH3 deduction; raw calorific/feedstock boundary pending","BN:2019:Industry:IndustryCacheElectricityReference:electricity","IndustryCacheElectricityReference","false","false","false","POSITIVE_CACHE_VALUE","BN:electricity","false","false","BN/electricity; sum 13 columns","Industry","","","",""
"BN","2019","Industry","IndustryDirectElectricity","electricity","DIRECT_ELECTRICITY","709.181","Kilowatt-hours, million","709181.0","Astar","IndustryDirectElectricity","EMBEDDED","/home/jin/research/SGP_ESE5004_Stage2/pypsa-asean/data/demand/unsd/data/UNdata_Export_20250502_110820872.txt","2019","12c99b3c40927449d9a4d0402f255a8b84b24917ff58e54efd4ec43b2125fe6b","Exact raw transaction; million kWh * 1000 = MWh; no losses or AEO scaling","PENDING_ACCEPTED_COUNTRY_NODE_WEIGHTS","PENDING_ACCEPTED_SHAPE_AND_PHYSICAL_WEIGHTS","true","false","FIXED","PENDING","REPRESENTATION_ACCEPTED_NUMERIC_PENDING","Industrial final electricity stays inside Astar; no second industry Load. No process/service conversion","BN:2019:Industry:IndustryDirectElectricity:electricity","Astar","false","false","false","REPORTED_VALUE","BN:electricity","false","false","Consumption by manufacturing, construction and non-fuel industry; physical line end 13092","Industry","","","",""
"BN","2019","Industry","IndustryFuel","biomass","DIRECT_FUEL","","MWh/year","","","IndustryFuel","EXPLICIT","/home/jin/research/SGP_ESE5004_Stage2/pypsa-asean/resources/baseline-aims-3H-tutorial/demand/base_industry_totals_2030.csv","2019","c62e8edab8451f93a4273f9214e6259306ea7e01a6ba9c85e7b7db48978aa404","Frozen derived cache; MWh/year -> MWh; raw/calorific provenance still pending","PENDING_ACCEPTED_COUNTRY_NODE_WEIGHTS","PENDING_ACCEPTED_SHAPE_AND_PHYSICAL_WEIGHTS","false","false","FIXED","MISSING","REPRESENTATION_ACCEPTED_NUMERIC_PENDING","Base 2019 country/carrier sum of 13 cached industries; pre-NH3 deduction; raw calorific/feedstock boundary pending","BN:2019:Industry:IndustryFuel:biomass","IndustryFuel","true","true","false","MISSING","BN:biomass","false","false","BN/biomass; sum 13 columns","Industry","","","",""
"BN","2019","Industry","IndustryFuel","coal","DIRECT_FUEL","","MWh/year","","","IndustryFuel","EXPLICIT","/home/jin/research/SGP_ESE5004_Stage2/pypsa-asean/resources/baseline-aims-3H-tutorial/demand/base_industry_totals_2030.csv","2019","c62e8edab8451f93a4273f9214e6259306ea7e01a6ba9c85e7b7db48978aa404","Frozen derived cache; MWh/year -> MWh; raw/calorific provenance still pending","PENDING_ACCEPTED_COUNTRY_NODE_WEIGHTS","PENDING_ACCEPTED_SHAPE_AND_PHYSICAL_WEIGHTS","false","false","FIXED","MISSING","REPRESENTATION_ACCEPTED_NUMERIC_PENDING","Base 2019 country/carrier sum of 13 cached industries; pre-NH3 deduction; raw calorific/feedstock boundary pending","BN:2019:Industry:IndustryFuel:coal","IndustryFuel","true","true","false","MISSING","BN:coal","false","false","BN/coal; sum 13 columns","Industry","","","",""
"BN","2019","Industry","IndustryFuel","gas","DIRECT_FUEL","","MWh/year","","","IndustryFuel","EXPLICIT","/home/jin/research/SGP_ESE5004_Stage2/pypsa-asean/resources/baseline-aims-3H-tutorial/demand/base_industry_totals_2030.csv","2019","c62e8edab8451f93a4273f9214e6259306ea7e01a6ba9c85e7b7db48978aa404","Frozen derived cache; MWh/year -> MWh; raw/calorific provenance still pending","PENDING_ACCEPTED_COUNTRY_NODE_WEIGHTS","PENDING_ACCEPTED_SHAPE_AND_PHYSICAL_WEIGHTS","false","false","FIXED","MISSING","REPRESENTATION_ACCEPTED_NUMERIC_PENDING","Base 2019 country/carrier sum of 13 cached industries; pre-NH3 deduction; raw calorific/feedstock boundary pending","BN:2019:Industry:IndustryFuel:gas","IndustryFuel","true","true","false","MISSING","BN:gas","false","false","BN/gas; sum 13 columns","Industry","","","",""
"BN","2019","Industry","IndustryFuel","heat","DIRECT_FUEL","","MWh/year","","","IndustryFuel","PENDING","/home/jin/research/SGP_ESE5004_Stage2/pypsa-asean/resources/baseline-aims-3H-tutorial/demand/base_industry_totals_2030.csv","2019","c62e8edab8451f93a4273f9214e6259306ea7e01a6ba9c85e7b7db48978aa404","Frozen derived cache; MWh/year -> MWh; raw/calorific provenance still pending","PENDING_ACCEPTED_COUNTRY_NODE_WEIGHTS","PENDING_ACCEPTED_SHAPE_AND_PHYSICAL_WEIGHTS","false","false","FIXED","MISSING","REPRESENTATION_ACCEPTED_NUMERIC_PENDING","No accepted independent H2 or qualified heat service; no new service obligation","BN:2019:Industry:IndustryFuel:heat","IndustryFuel","false","false","false","MISSING","BN:heat","false","false","BN/heat; sum 13 columns","Industry","","","",""
"BN","2019","Industry","IndustryFuel","hydrogen","DIRECT_FUEL","","MWh/year","","","IndustryFuel","PENDING","/home/jin/research/SGP_ESE5004_Stage2/pypsa-asean/resources/baseline-aims-3H-tutorial/demand/base_industry_totals_2030.csv","2019","c62e8edab8451f93a4273f9214e6259306ea7e01a6ba9c85e7b7db48978aa404","Frozen derived cache; MWh/year -> MWh; raw/calorific provenance still pending","PENDING_ACCEPTED_COUNTRY_NODE_WEIGHTS","PENDING_ACCEPTED_SHAPE_AND_PHYSICAL_WEIGHTS","false","false","FIXED","MISSING","REPRESENTATION_ACCEPTED_NUMERIC_PENDING","No accepted independent H2 or qualified heat service; no new service obligation","BN:2019:Industry:IndustryFuel:hydrogen","IndustryFuel","false","false","false","MISSING","BN:hydrogen","false","false","BN/hydrogen; sum 13 columns","Industry","","","",""
"BN","2019","Industry","IndustryFuel","oil","DIRECT_FUEL","1498691.8799999999","MWh/year","1498691.88","","IndustryFuel","EXPLICIT","/home/jin/research/SGP_ESE5004_Stage2/pypsa-asean/resources/baseline-aims-3H-tutorial/demand/base_industry_totals_2030.csv","2019","c62e8edab8451f93a4273f9214e6259306ea7e01a6ba9c85e7b7db48978aa404","Frozen derived cache; MWh/year -> MWh; raw/calorific provenance still pending","PENDING_ACCEPTED_COUNTRY_NODE_WEIGHTS","PENDING_ACCEPTED_SHAPE_AND_PHYSICAL_WEIGHTS","false","false","FIXED","FROZEN_UPSTREAM","REPRESENTATION_ACCEPTED_NUMERIC_PENDING","Base 2019 country/carrier sum of 13 cached industries; pre-NH3 deduction; raw calorific/feedstock boundary pending","BN:2019:Industry:IndustryFuel:oil","IndustryFuel","true","true","false","POSITIVE_CACHE_VALUE","BN:oil","false","false","BN/oil; sum 13 columns","Industry","","","",""
"BN","2030","Industry","IndustryDirectElectricity","electricity","EMBEDDED","","","","Astar","IndustryDirectElectricity","EMBEDDED","","2019","","","PENDING_ACCEPTED_COUNTRY_NODE_WEIGHTS","PENDING_ACCEPTED_SHAPE_AND_PHYSICAL_WEIGHTS","true","false","FIXED","PENDING","REPRESENTATION_ACCEPTED_NUMERIC_PENDING","Future direct electricity remains within Astar; no separate Load; growth unaccepted","BN:2030:Industry:IndustryDirectElectricity:electricity","Astar","false","false","false","MISSING","BN:electricity","false","false","","Industry","","","",""
"BN","2030","Industry","IndustryFinalEnergy","biomass","DIRECT_FUEL","","","","","IndustryFinalEnergy","EXPLICIT","","2019","","","PENDING_ACCEPTED_COUNTRY_NODE_WEIGHTS","PENDING_ACCEPTED_SHAPE_AND_PHYSICAL_WEIGHTS","false","false","FIXED","PENDING","REPRESENTATION_ACCEPTED_NUMERIC_PENDING","PENDING_FUTURE_GROWTH; no DEFAULT or zero-growth assumption","BN:2030:Industry:IndustryFinalEnergy:biomass","IndustryFinalEnergy","true","true","false","MISSING","BN:biomass","false","false","","Industry","","","",""
"BN","2030","Industry","IndustryFinalEnergy","coal","DIRECT_FUEL","","","","","IndustryFinalEnergy","EXPLICIT","","2019","","","PENDING_ACCEPTED_COUNTRY_NODE_WEIGHTS","PENDING_ACCEPTED_SHAPE_AND_PHYSICAL_WEIGHTS","false","false","FIXED","PENDING","REPRESENTATION_ACCEPTED_NUMERIC_PENDING","PENDING_FUTURE_GROWTH; no DEFAULT or zero-growth assumption","BN:2030:Industry:IndustryFinalEnergy:coal","IndustryFinalEnergy","true","true","false","MISSING","BN:coal","false","false","","Industry","","","",""
"BN","2030","Industry","IndustryFinalEnergy","gas","DIRECT_FUEL","","","","","IndustryFinalEnergy","EXPLICIT","","2019","","","PENDING_ACCEPTED_COUNTRY_NODE_WEIGHTS","PENDING_ACCEPTED_SHAPE_AND_PHYSICAL_WEIGHTS","false","false","FIXED","PENDING","REPRESENTATION_ACCEPTED_NUMERIC_PENDING","PENDING_FUTURE_GROWTH; no DEFAULT or zero-growth assumption","BN:2030:Industry:IndustryFinalEnergy:gas","IndustryFinalEnergy","true","true","false","MISSING","BN:gas","false","false","","Industry","","","",""
"BN","2030","Industry","IndustryFinalEnergy","oil","DIRECT_FUEL","","","","","IndustryFinalEnergy","EXPLICIT","","2019","","","PENDING_ACCEPTED_COUNTRY_NODE_WEIGHTS","PENDING_ACCEPTED_SHAPE_AND_PHYSICAL_WEIGHTS","false","false","FIXED","PENDING","REPRESENTATION_ACCEPTED_NUMERIC_PENDING","PENDING_FUTURE_GROWTH; no DEFAULT or zero-growth assumption","BN:2030:Industry:IndustryFinalEnergy:oil","IndustryFinalEnergy","true","true","false","MISSING","BN:oil","false","false","","Industry","","","",""
"BN","2040","Industry","IndustryDirectElectricity","electricity","EMBEDDED","","","","Astar","IndustryDirectElectricity","EMBEDDED","","2019","","","PENDING_ACCEPTED_COUNTRY_NODE_WEIGHTS","PENDING_ACCEPTED_SHAPE_AND_PHYSICAL_WEIGHTS","true","false","FIXED","PENDING","REPRESENTATION_ACCEPTED_NUMERIC_PENDING","Future direct electricity remains within Astar; no separate Load; growth unaccepted","BN:2040:Industry:IndustryDirectElectricity:electricity","Astar","false","false","false","MISSING","BN:electricity","false","false","","Industry","","","",""
"BN","2040","Industry","IndustryFinalEnergy","biomass","DIRECT_FUEL","","","","","IndustryFinalEnergy","EXPLICIT","","2019","","","PENDING_ACCEPTED_COUNTRY_NODE_WEIGHTS","PENDING_ACCEPTED_SHAPE_AND_PHYSICAL_WEIGHTS","false","false","FIXED","PENDING","REPRESENTATION_ACCEPTED_NUMERIC_PENDING","PENDING_FUTURE_GROWTH; no DEFAULT or zero-growth assumption","BN:2040:Industry:IndustryFinalEnergy:biomass","IndustryFinalEnergy","true","true","false","MISSING","BN:biomass","false","false","","Industry","","","",""
"BN","2040","Industry","IndustryFinalEnergy","coal","DIRECT_FUEL","","","","","IndustryFinalEnergy","EXPLICIT","","2019","","","PENDING_ACCEPTED_COUNTRY_NODE_WEIGHTS","PENDING_ACCEPTED_SHAPE_AND_PHYSICAL_WEIGHTS","false","false","FIXED","PENDING","REPRESENTATION_ACCEPTED_NUMERIC_PENDING","PENDING_FUTURE_GROWTH; no DEFAULT or zero-growth assumption","BN:2040:Industry:IndustryFinalEnergy:coal","IndustryFinalEnergy","true","true","false","MISSING","BN:coal","false","false","","Industry","","","",""
"BN","2040","Industry","IndustryFinalEnergy","gas","DIRECT_FUEL","","","","","IndustryFinalEnergy","EXPLICIT","","2019","","","PENDING_ACCEPTED_COUNTRY_NODE_WEIGHTS","PENDING_ACCEPTED_SHAPE_AND_PHYSICAL_WEIGHTS","false","false","FIXED","PENDING","REPRESENTATION_ACCEPTED_NUMERIC_PENDING","PENDING_FUTURE_GROWTH; no DEFAULT or zero-growth assumption","BN:2040:Industry:IndustryFinalEnergy:gas","IndustryFinalEnergy","true","true","false","MISSING","BN:gas","false","false","","Industry","","","",""
"BN","2040","Industry","IndustryFinalEnergy","oil","DIRECT_FUEL","","","","","IndustryFinalEnergy","EXPLICIT","","2019","","","PENDING_ACCEPTED_COUNTRY_NODE_WEIGHTS","PENDING_ACCEPTED_SHAPE_AND_PHYSICAL_WEIGHTS","false","false","FIXED","PENDING","REPRESENTATION_ACCEPTED_NUMERIC_PENDING","PENDING_FUTURE_GROWTH; no DEFAULT or zero-growth assumption","BN:2040:Industry:IndustryFinalEnergy:oil","IndustryFinalEnergy","true","true","false","MISSING","BN:oil","false","false","","Industry","","","",""
"BN","2050","Industry","IndustryDirectElectricity","electricity","EMBEDDED","","","","Astar","IndustryDirectElectricity","EMBEDDED","","2019","","","PENDING_ACCEPTED_COUNTRY_NODE_WEIGHTS","PENDING_ACCEPTED_SHAPE_AND_PHYSICAL_WEIGHTS","true","false","FIXED","PENDING","REPRESENTATION_ACCEPTED_NUMERIC_PENDING","Future direct electricity remains within Astar; no separate Load; growth unaccepted","BN:2050:Industry:IndustryDirectElectricity:electricity","Astar","false","false","false","MISSING","BN:electricity","false","false","","Industry","","","",""
"BN","2050","Industry","IndustryFinalEnergy","biomass","DIRECT_FUEL","","","","","IndustryFinalEnergy","EXPLICIT","","2019","","","PENDING_ACCEPTED_COUNTRY_NODE_WEIGHTS","PENDING_ACCEPTED_SHAPE_AND_PHYSICAL_WEIGHTS","false","false","FIXED","PENDING","REPRESENTATION_ACCEPTED_NUMERIC_PENDING","PENDING_FUTURE_GROWTH; no DEFAULT or zero-growth assumption","BN:2050:Industry:IndustryFinalEnergy:biomass","IndustryFinalEnergy","true","true","false","MISSING","BN:biomass","false","false","","Industry","","","",""
"BN","2050","Industry","IndustryFinalEnergy","coal","DIRECT_FUEL","","","","","IndustryFinalEnergy","EXPLICIT","","2019","","","PENDING_ACCEPTED_COUNTRY_NODE_WEIGHTS","PENDING_ACCEPTED_SHAPE_AND_PHYSICAL_WEIGHTS","false","false","FIXED","PENDING","REPRESENTATION_ACCEPTED_NUMERIC_PENDING","PENDING_FUTURE_GROWTH; no DEFAULT or zero-growth assumption","BN:2050:Industry:IndustryFinalEnergy:coal","IndustryFinalEnergy","true","true","false","MISSING","BN:coal","false","false","","Industry","","","",""
"BN","2050","Industry","IndustryFinalEnergy","gas","DIRECT_FUEL","","","","","IndustryFinalEnergy","EXPLICIT","","2019","","","PENDING_ACCEPTED_COUNTRY_NODE_WEIGHTS","PENDING_ACCEPTED_SHAPE_AND_PHYSICAL_WEIGHTS","false","false","FIXED","PENDING","REPRESENTATION_ACCEPTED_NUMERIC_PENDING","PENDING_FUTURE_GROWTH; no DEFAULT or zero-growth assumption","BN:2050:Industry:IndustryFinalEnergy:gas","IndustryFinalEnergy","true","true","false","MISSING","BN:gas","false","false","","Industry","","","",""
"BN","2050","Industry","IndustryFinalEnergy","oil","DIRECT_FUEL","","","","","IndustryFinalEnergy","EXPLICIT","","2019","","","PENDING_ACCEPTED_COUNTRY_NODE_WEIGHTS","PENDING_ACCEPTED_SHAPE_AND_PHYSICAL_WEIGHTS","false","false","FIXED","PENDING","REPRESENTATION_ACCEPTED_NUMERIC_PENDING","PENDING_FUTURE_GROWTH; no DEFAULT or zero-growth assumption","BN:2050:Industry:IndustryFinalEnergy:oil","IndustryFinalEnergy","true","true","false","MISSING","BN:oil","false","false","","Industry","","","",""
"ID","2019","Industry","IndustryCacheElectricityReference","electricity","DIRECT_FUEL","88323000","MWh/year","88323000.0","","IndustryCacheElectricityReference","REFERENCE","/home/jin/research/SGP_ESE5004_Stage2/pypsa-asean/resources/baseline-aims-3H-tutorial/demand/base_industry_totals_2030.csv","2019","c62e8edab8451f93a4273f9214e6259306ea7e01a6ba9c85e7b7db48978aa404","Frozen derived cache; MWh/year -> MWh; raw/calorific provenance still pending","PENDING_ACCEPTED_COUNTRY_NODE_WEIGHTS","PENDING_ACCEPTED_SHAPE_AND_PHYSICAL_WEIGHTS","false","false","FIXED","REFERENCE_ONLY","REPRESENTATION_ACCEPTED_NUMERIC_PENDING","Base 2019 country/carrier sum of 13 cached industries; pre-NH3 deduction; raw calorific/feedstock boundary pending","ID:2019:Industry:IndustryCacheElectricityReference:electricity","IndustryCacheElectricityReference","false","false","false","POSITIVE_CACHE_VALUE","ID:electricity","false","false","ID/electricity; sum 13 columns","Industry","","","",""
"ID","2019","Industry","IndustryDirectElectricity","electricity","DIRECT_ELECTRICITY","88323","Kilowatt-hours, million","88323000.0","Astar","IndustryDirectElectricity","EMBEDDED","/home/jin/research/SGP_ESE5004_Stage2/pypsa-asean/data/demand/unsd/data/UNdata_Export_20250502_110820872.txt","2019","12c99b3c40927449d9a4d0402f255a8b84b24917ff58e54efd4ec43b2125fe6b","Exact raw transaction; million kWh * 1000 = MWh; no losses or AEO scaling","PENDING_ACCEPTED_COUNTRY_NODE_WEIGHTS","PENDING_ACCEPTED_SHAPE_AND_PHYSICAL_WEIGHTS","true","false","FIXED","PENDING","REPRESENTATION_ACCEPTED_NUMERIC_PENDING","Industrial final electricity stays inside Astar; no second industry Load. No process/service conversion","ID:2019:Industry:IndustryDirectElectricity:electricity","Astar","false","false","false","REPORTED_VALUE","ID:electricity","false","false","Consumption by manufacturing, construction and non-fuel industry; physical line end 41701","Industry","","","",""
"ID","2019","Industry","IndustryFuel","biomass","DIRECT_FUEL","185502047.63000003","MWh/year","185502047.63000003","","IndustryFuel","EXPLICIT","/home/jin/research/SGP_ESE5004_Stage2/pypsa-asean/resources/baseline-aims-3H-tutorial/demand/base_industry_totals_2030.csv","2019","c62e8edab8451f93a4273f9214e6259306ea7e01a6ba9c85e7b7db48978aa404","Frozen derived cache; MWh/year -> MWh; raw/calorific provenance still pending","PENDING_ACCEPTED_COUNTRY_NODE_WEIGHTS","PENDING_ACCEPTED_SHAPE_AND_PHYSICAL_WEIGHTS","false","false","FIXED","FROZEN_UPSTREAM","REPRESENTATION_ACCEPTED_NUMERIC_PENDING","Base 2019 country/carrier sum of 13 cached industries; pre-NH3 deduction; raw calorific/feedstock boundary pending","ID:2019:Industry:IndustryFuel:biomass","IndustryFuel","true","true","false","POSITIVE_CACHE_VALUE","ID:biomass","false","false","ID/biomass; sum 13 columns","Industry","","","",""
"ID","2019","Industry","IndustryFuel","coal","DIRECT_FUEL","289560071.37299997","MWh/year","289560071.37299997","","IndustryFuel","EXPLICIT","/home/jin/research/SGP_ESE5004_Stage2/pypsa-asean/resources/baseline-aims-3H-tutorial/demand/base_industry_totals_2030.csv","2019","c62e8edab8451f93a4273f9214e6259306ea7e01a6ba9c85e7b7db48978aa404","Frozen derived cache; MWh/year -> MWh; raw/calorific provenance still pending","PENDING_ACCEPTED_COUNTRY_NODE_WEIGHTS","PENDING_ACCEPTED_SHAPE_AND_PHYSICAL_WEIGHTS","false","false","FIXED","FROZEN_UPSTREAM","REPRESENTATION_ACCEPTED_NUMERIC_PENDING","Base 2019 country/carrier sum of 13 cached industries; pre-NH3 deduction; raw calorific/feedstock boundary pending; MISSING_ENERGY_OBLIGATION in upstream add_industry","ID:2019:Industry:IndustryFuel:coal","IndustryFuel","true","true","false","POSITIVE_CACHE_VALUE","ID:coal","false","true","ID/coal; sum 13 columns","Industry","","","",""
"ID","2019","Industry","IndustryFuel","gas","DIRECT_FUEL","133521944.44444445","MWh/year","133521944.44444445","","IndustryFuel","EXPLICIT","/home/jin/research/SGP_ESE5004_Stage2/pypsa-asean/resources/baseline-aims-3H-tutorial/demand/base_industry_totals_2030.csv","2019","c62e8edab8451f93a4273f9214e6259306ea7e01a6ba9c85e7b7db48978aa404","Frozen derived cache; MWh/year -> MWh; raw/calorific provenance still pending","PENDING_ACCEPTED_COUNTRY_NODE_WEIGHTS","PENDING_ACCEPTED_SHAPE_AND_PHYSICAL_WEIGHTS","false","false","FIXED","FROZEN_UPSTREAM","REPRESENTATION_ACCEPTED_NUMERIC_PENDING","Base 2019 country/carrier sum of 13 cached industries; pre-NH3 deduction; raw calorific/feedstock boundary pending","ID:2019:Industry:IndustryFuel:gas","IndustryFuel","true","true","false","POSITIVE_CACHE_VALUE","ID:gas","false","false","ID/gas; sum 13 columns","Industry","","","",""
"ID","2019","Industry","IndustryFuel","heat","DIRECT_FUEL","","MWh/year","","","IndustryFuel","PENDING","/home/jin/research/SGP_ESE5004_Stage2/pypsa-asean/resources/baseline-aims-3H-tutorial/demand/base_industry_totals_2030.csv","2019","c62e8edab8451f93a4273f9214e6259306ea7e01a6ba9c85e7b7db48978aa404","Frozen derived cache; MWh/year -> MWh; raw/calorific provenance still pending","PENDING_ACCEPTED_COUNTRY_NODE_WEIGHTS","PENDING_ACCEPTED_SHAPE_AND_PHYSICAL_WEIGHTS","false","false","FIXED","MISSING","REPRESENTATION_ACCEPTED_NUMERIC_PENDING","No accepted independent H2 or qualified heat service; no new service obligation","ID:2019:Industry:IndustryFuel:heat","IndustryFuel","false","false","false","MISSING","ID:heat","false","false","ID/heat; sum 13 columns","Industry","","","",""
"ID","2019","Industry","IndustryFuel","hydrogen","DIRECT_FUEL","","MWh/year","","","IndustryFuel","PENDING","/home/jin/research/SGP_ESE5004_Stage2/pypsa-asean/resources/baseline-aims-3H-tutorial/demand/base_industry_totals_2030.csv","2019","c62e8edab8451f93a4273f9214e6259306ea7e01a6ba9c85e7b7db48978aa404","Frozen derived cache; MWh/year -> MWh; raw/calorific provenance still pending","PENDING_ACCEPTED_COUNTRY_NODE_WEIGHTS","PENDING_ACCEPTED_SHAPE_AND_PHYSICAL_WEIGHTS","false","false","FIXED","MISSING","REPRESENTATION_ACCEPTED_NUMERIC_PENDING","No accepted independent H2 or qualified heat service; no new service obligation","ID:2019:Industry:IndustryFuel:hydrogen","IndustryFuel","false","false","false","MISSING","ID:hydrogen","false","false","ID/hydrogen; sum 13 columns","Industry","","","",""
"ID","2019","Industry","IndustryFuel","oil","DIRECT_FUEL","95211452.338000014","MWh/year","95211452.33800001","","IndustryFuel","EXPLICIT","/home/jin/research/SGP_ESE5004_Stage2/pypsa-asean/resources/baseline-aims-3H-tutorial/demand/base_industry_totals_2030.csv","2019","c62e8edab8451f93a4273f9214e6259306ea7e01a6ba9c85e7b7db48978aa404","Frozen derived cache; MWh/year -> MWh; raw/calorific provenance still pending","PENDING_ACCEPTED_COUNTRY_NODE_WEIGHTS","PENDING_ACCEPTED_SHAPE_AND_PHYSICAL_WEIGHTS","false","false","FIXED","FROZEN_UPSTREAM","REPRESENTATION_ACCEPTED_NUMERIC_PENDING","Base 2019 country/carrier sum of 13 cached industries; pre-NH3 deduction; raw calorific/feedstock boundary pending","ID:2019:Industry:IndustryFuel:oil","IndustryFuel","true","true","false","POSITIVE_CACHE_VALUE","ID:oil","false","false","ID/oil; sum 13 columns","Industry","","","",""
"ID","2030","Industry","IndustryDirectElectricity","electricity","EMBEDDED","","","","Astar","IndustryDirectElectricity","EMBEDDED","","2019","","","PENDING_ACCEPTED_COUNTRY_NODE_WEIGHTS","PENDING_ACCEPTED_SHAPE_AND_PHYSICAL_WEIGHTS","true","false","FIXED","PENDING","REPRESENTATION_ACCEPTED_NUMERIC_PENDING","Future direct electricity remains within Astar; no separate Load; growth unaccepted","ID:2030:Industry:IndustryDirectElectricity:electricity","Astar","false","false","false","MISSING","ID:electricity","false","false","","Industry","","","",""
"ID","2030","Industry","IndustryFinalEnergy","biomass","DIRECT_FUEL","","","","","IndustryFinalEnergy","EXPLICIT","","2019","","","PENDING_ACCEPTED_COUNTRY_NODE_WEIGHTS","PENDING_ACCEPTED_SHAPE_AND_PHYSICAL_WEIGHTS","false","false","FIXED","PENDING","REPRESENTATION_ACCEPTED_NUMERIC_PENDING","PENDING_FUTURE_GROWTH; no DEFAULT or zero-growth assumption","ID:2030:Industry:IndustryFinalEnergy:biomass","IndustryFinalEnergy","true","true","false","MISSING","ID:biomass","false","false","","Industry","","","",""
"ID","2030","Industry","IndustryFinalEnergy","coal","DIRECT_FUEL","","","","","IndustryFinalEnergy","EXPLICIT","","2019","","","PENDING_ACCEPTED_COUNTRY_NODE_WEIGHTS","PENDING_ACCEPTED_SHAPE_AND_PHYSICAL_WEIGHTS","false","false","FIXED","PENDING","REPRESENTATION_ACCEPTED_NUMERIC_PENDING","PENDING_FUTURE_GROWTH; no DEFAULT or zero-growth assumption","ID:2030:Industry:IndustryFinalEnergy:coal","IndustryFinalEnergy","true","true","false","MISSING","ID:coal","false","false","","Industry","","","",""
"ID","2030","Industry","IndustryFinalEnergy","gas","DIRECT_FUEL","","","","","IndustryFinalEnergy","EXPLICIT","","2019","","","PENDING_ACCEPTED_COUNTRY_NODE_WEIGHTS","PENDING_ACCEPTED_SHAPE_AND_PHYSICAL_WEIGHTS","false","false","FIXED","PENDING","REPRESENTATION_ACCEPTED_NUMERIC_PENDING","PENDING_FUTURE_GROWTH; no DEFAULT or zero-growth assumption","ID:2030:Industry:IndustryFinalEnergy:gas","IndustryFinalEnergy","true","true","false","MISSING","ID:gas","false","false","","Industry","","","",""
"ID","2030","Industry","IndustryFinalEnergy","oil","DIRECT_FUEL","","","","","IndustryFinalEnergy","EXPLICIT","","2019","","","PENDING_ACCEPTED_COUNTRY_NODE_WEIGHTS","PENDING_ACCEPTED_SHAPE_AND_PHYSICAL_WEIGHTS","false","false","FIXED","PENDING","REPRESENTATION_ACCEPTED_NUMERIC_PENDING","PENDING_FUTURE_GROWTH; no DEFAULT or zero-growth assumption","ID:2030:Industry:IndustryFinalEnergy:oil","IndustryFinalEnergy","true","true","false","MISSING","ID:oil","false","false","","Industry","","","",""
"ID","2040","Industry","IndustryDirectElectricity","electricity","EMBEDDED","","","","Astar","IndustryDirectElectricity","EMBEDDED","","2019","","","PENDING_ACCEPTED_COUNTRY_NODE_WEIGHTS","PENDING_ACCEPTED_SHAPE_AND_PHYSICAL_WEIGHTS","true","false","FIXED","PENDING","REPRESENTATION_ACCEPTED_NUMERIC_PENDING","Future direct electricity remains within Astar; no separate Load; growth unaccepted","ID:2040:Industry:IndustryDirectElectricity:electricity","Astar","false","false","false","MISSING","ID:electricity","false","false","","Industry","","","",""
"ID","2040","Industry","IndustryFinalEnergy","biomass","DIRECT_FUEL","","","","","IndustryFinalEnergy","EXPLICIT","","2019","","","PENDING_ACCEPTED_COUNTRY_NODE_WEIGHTS","PENDING_ACCEPTED_SHAPE_AND_PHYSICAL_WEIGHTS","false","false","FIXED","PENDING","REPRESENTATION_ACCEPTED_NUMERIC_PENDING","PENDING_FUTURE_GROWTH; no DEFAULT or zero-growth assumption","ID:2040:Industry:IndustryFinalEnergy:biomass","IndustryFinalEnergy","true","true","false","MISSING","ID:biomass","false","false","","Industry","","","",""
"ID","2040","Industry","IndustryFinalEnergy","coal","DIRECT_FUEL","","","","","IndustryFinalEnergy","EXPLICIT","","2019","","","PENDING_ACCEPTED_COUNTRY_NODE_WEIGHTS","PENDING_ACCEPTED_SHAPE_AND_PHYSICAL_WEIGHTS","false","false","FIXED","PENDING","REPRESENTATION_ACCEPTED_NUMERIC_PENDING","PENDING_FUTURE_GROWTH; no DEFAULT or zero-growth assumption","ID:2040:Industry:IndustryFinalEnergy:coal","IndustryFinalEnergy","true","true","false","MISSING","ID:coal","false","false","","Industry","","","",""
"ID","2040","Industry","IndustryFinalEnergy","gas","DIRECT_FUEL","","","","","IndustryFinalEnergy","EXPLICIT","","2019","","","PENDING_ACCEPTED_COUNTRY_NODE_WEIGHTS","PENDING_ACCEPTED_SHAPE_AND_PHYSICAL_WEIGHTS","false","false","FIXED","PENDING","REPRESENTATION_ACCEPTED_NUMERIC_PENDING","PENDING_FUTURE_GROWTH; no DEFAULT or zero-growth assumption","ID:2040:Industry:IndustryFinalEnergy:gas","IndustryFinalEnergy","true","true","false","MISSING","ID:gas","false","false","","Industry","","","",""
"ID","2040","Industry","IndustryFinalEnergy","oil","DIRECT_FUEL","","","","","IndustryFinalEnergy","EXPLICIT","","2019","","","PENDING_ACCEPTED_COUNTRY_NODE_WEIGHTS","PENDING_ACCEPTED_SHAPE_AND_PHYSICAL_WEIGHTS","false","false","FIXED","PENDING","REPRESENTATION_ACCEPTED_NUMERIC_PENDING","PENDING_FUTURE_GROWTH; no DEFAULT or zero-growth assumption","ID:2040:Industry:IndustryFinalEnergy:oil","IndustryFinalEnergy","true","true","false","MISSING","ID:oil","false","false","","Industry","","","",""
"ID","2050","Industry","IndustryDirectElectricity","electricity","EMBEDDED","","","","Astar","IndustryDirectElectricity","EMBEDDED","","2019","","","PENDING_ACCEPTED_COUNTRY_NODE_WEIGHTS","PENDING_ACCEPTED_SHAPE_AND_PHYSICAL_WEIGHTS","true","false","FIXED","PENDING","REPRESENTATION_ACCEPTED_NUMERIC_PENDING","Future direct electricity remains within Astar; no separate Load; growth unaccepted","ID:2050:Industry:IndustryDirectElectricity:electricity","Astar","false","false","false","MISSING","ID:electricity","false","false","","Industry","","","",""
"ID","2050","Industry","IndustryFinalEnergy","biomass","DIRECT_FUEL","","","","","IndustryFinalEnergy","EXPLICIT","","2019","","","PENDING_ACCEPTED_COUNTRY_NODE_WEIGHTS","PENDING_ACCEPTED_SHAPE_AND_PHYSICAL_WEIGHTS","false","false","FIXED","PENDING","REPRESENTATION_ACCEPTED_NUMERIC_PENDING","PENDING_FUTURE_GROWTH; no DEFAULT or zero-growth assumption","ID:2050:Industry:IndustryFinalEnergy:biomass","IndustryFinalEnergy","true","true","false","MISSING","ID:biomass","false","false","","Industry","","","",""
"ID","2050","Industry","IndustryFinalEnergy","coal","DIRECT_FUEL","","","","","IndustryFinalEnergy","EXPLICIT","","2019","","","PENDING_ACCEPTED_COUNTRY_NODE_WEIGHTS","PENDING_ACCEPTED_SHAPE_AND_PHYSICAL_WEIGHTS","false","false","FIXED","PENDING","REPRESENTATION_ACCEPTED_NUMERIC_PENDING","PENDING_FUTURE_GROWTH; no DEFAULT or zero-growth assumption","ID:2050:Industry:IndustryFinalEnergy:coal","IndustryFinalEnergy","true","true","false","MISSING","ID:coal","false","false","","Industry","","","",""
"ID","2050","Industry","IndustryFinalEnergy","gas","DIRECT_FUEL","","","","","IndustryFinalEnergy","EXPLICIT","","2019","","","PENDING_ACCEPTED_COUNTRY_NODE_WEIGHTS","PENDING_ACCEPTED_SHAPE_AND_PHYSICAL_WEIGHTS","false","false","FIXED","PENDING","REPRESENTATION_ACCEPTED_NUMERIC_PENDING","PENDING_FUTURE_GROWTH; no DEFAULT or zero-growth assumption","ID:2050:Industry:IndustryFinalEnergy:gas","IndustryFinalEnergy","true","true","false","MISSING","ID:gas","false","false","","Industry","","","",""
"ID","2050","Industry","IndustryFinalEnergy","oil","DIRECT_FUEL","","","","","IndustryFinalEnergy","EXPLICIT","","2019","","","PENDING_ACCEPTED_COUNTRY_NODE_WEIGHTS","PENDING_ACCEPTED_SHAPE_AND_PHYSICAL_WEIGHTS","false","false","FIXED","PENDING","REPRESENTATION_ACCEPTED_NUMERIC_PENDING","PENDING_FUTURE_GROWTH; no DEFAULT or zero-growth assumption","ID:2050:Industry:IndustryFinalEnergy:oil","IndustryFinalEnergy","true","true","false","MISSING","ID:oil","false","false","","Industry","","","",""
"KH","2019","Industry","IndustryCacheElectricityReference","electricity","DIRECT_FUEL","3383290","MWh/year","3383290.0","","IndustryCacheElectricityReference","REFERENCE","/home/jin/research/SGP_ESE5004_Stage2/pypsa-asean/resources/baseline-aims-3H-tutorial/demand/base_industry_totals_2030.csv","2019","c62e8edab8451f93a4273f9214e6259306ea7e01a6ba9c85e7b7db48978aa404","Frozen derived cache; MWh/year -> MWh; raw/calorific provenance still pending","PENDING_ACCEPTED_COUNTRY_NODE_WEIGHTS","PENDING_ACCEPTED_SHAPE_AND_PHYSICAL_WEIGHTS","false","false","FIXED","REFERENCE_ONLY","REPRESENTATION_ACCEPTED_NUMERIC_PENDING","Base 2019 country/carrier sum of 13 cached industries; pre-NH3 deduction; raw calorific/feedstock boundary pending","KH:2019:Industry:IndustryCacheElectricityReference:electricity","IndustryCacheElectricityReference","false","false","false","POSITIVE_CACHE_VALUE","KH:electricity","false","false","KH/electricity; sum 13 columns","Industry","","","",""
"KH","2019","Industry","IndustryDirectElectricity","electricity","DIRECT_ELECTRICITY","3383.29","Kilowatt-hours, million","3383290.0","Astar","IndustryDirectElectricity","EMBEDDED","/home/jin/research/SGP_ESE5004_Stage2/pypsa-asean/data/demand/unsd/data/UNdata_Export_20250502_110820872.txt","2019","12c99b3c40927449d9a4d0402f255a8b84b24917ff58e54efd4ec43b2125fe6b","Exact raw transaction; million kWh * 1000 = MWh; no losses or AEO scaling","PENDING_ACCEPTED_COUNTRY_NODE_WEIGHTS","PENDING_ACCEPTED_SHAPE_AND_PHYSICAL_WEIGHTS","true","false","FIXED","PENDING","REPRESENTATION_ACCEPTED_NUMERIC_PENDING","Industrial final electricity stays inside Astar; no second industry Load. No process/service conversion","KH:2019:Industry:IndustryDirectElectricity:electricity","Astar","false","false","false","REPORTED_VALUE","KH:electricity","false","false","Consumption by manufacturing, construction and non-fuel industry; physical line end 15248","Industry","","","",""
"KH","2019","Industry","IndustryFuel","biomass","DIRECT_FUEL","2487422","MWh/year","2487422.0","","IndustryFuel","EXPLICIT","/home/jin/research/SGP_ESE5004_Stage2/pypsa-asean/resources/baseline-aims-3H-tutorial/demand/base_industry_totals_2030.csv","2019","c62e8edab8451f93a4273f9214e6259306ea7e01a6ba9c85e7b7db48978aa404","Frozen derived cache; MWh/year -> MWh; raw/calorific provenance still pending","PENDING_ACCEPTED_COUNTRY_NODE_WEIGHTS","PENDING_ACCEPTED_SHAPE_AND_PHYSICAL_WEIGHTS","false","false","FIXED","FROZEN_UPSTREAM","REPRESENTATION_ACCEPTED_NUMERIC_PENDING","Base 2019 country/carrier sum of 13 cached industries; pre-NH3 deduction; raw calorific/feedstock boundary pending","KH:2019:Industry:IndustryFuel:biomass","IndustryFuel","true","true","false","POSITIVE_CACHE_VALUE","KH:biomass","false","false","KH/biomass; sum 13 columns","Industry","","","",""
"KH","2019","Industry","IndustryFuel","coal","DIRECT_FUEL","2986349.1999999997","MWh/year","2986349.1999999997","","IndustryFuel","EXPLICIT","/home/jin/research/SGP_ESE5004_Stage2/pypsa-asean/resources/baseline-aims-3H-tutorial/demand/base_industry_totals_2030.csv","2019","c62e8edab8451f93a4273f9214e6259306ea7e01a6ba9c85e7b7db48978aa404","Frozen derived cache; MWh/year -> MWh; raw/calorific provenance still pending","PENDING_ACCEPTED_COUNTRY_NODE_WEIGHTS","PENDING_ACCEPTED_SHAPE_AND_PHYSICAL_WEIGHTS","false","false","FIXED","FROZEN_UPSTREAM","REPRESENTATION_ACCEPTED_NUMERIC_PENDING","Base 2019 country/carrier sum of 13 cached industries; pre-NH3 deduction; raw calorific/feedstock boundary pending; MISSING_ENERGY_OBLIGATION in upstream add_industry","KH:2019:Industry:IndustryFuel:coal","IndustryFuel","true","true","false","POSITIVE_CACHE_VALUE","KH:coal","false","true","KH/coal; sum 13 columns","Industry","","","",""
"KH","2019","Industry","IndustryFuel","gas","DIRECT_FUEL","","MWh/year","","","IndustryFuel","EXPLICIT","/home/jin/research/SGP_ESE5004_Stage2/pypsa-asean/resources/baseline-aims-3H-tutorial/demand/base_industry_totals_2030.csv","2019","c62e8edab8451f93a4273f9214e6259306ea7e01a6ba9c85e7b7db48978aa404","Frozen derived cache; MWh/year -> MWh; raw/calorific provenance still pending","PENDING_ACCEPTED_COUNTRY_NODE_WEIGHTS","PENDING_ACCEPTED_SHAPE_AND_PHYSICAL_WEIGHTS","false","false","FIXED","MISSING","REPRESENTATION_ACCEPTED_NUMERIC_PENDING","Base 2019 country/carrier sum of 13 cached industries; pre-NH3 deduction; raw calorific/feedstock boundary pending","KH:2019:Industry:IndustryFuel:gas","IndustryFuel","true","true","false","MISSING","KH:gas","false","false","KH/gas; sum 13 columns","Industry","","","",""
"KH","2019","Industry","IndustryFuel","heat","DIRECT_FUEL","","MWh/year","","","IndustryFuel","PENDING","/home/jin/research/SGP_ESE5004_Stage2/pypsa-asean/resources/baseline-aims-3H-tutorial/demand/base_industry_totals_2030.csv","2019","c62e8edab8451f93a4273f9214e6259306ea7e01a6ba9c85e7b7db48978aa404","Frozen derived cache; MWh/year -> MWh; raw/calorific provenance still pending","PENDING_ACCEPTED_COUNTRY_NODE_WEIGHTS","PENDING_ACCEPTED_SHAPE_AND_PHYSICAL_WEIGHTS","false","false","FIXED","MISSING","REPRESENTATION_ACCEPTED_NUMERIC_PENDING","No accepted independent H2 or qualified heat service; no new service obligation","KH:2019:Industry:IndustryFuel:heat","IndustryFuel","false","false","false","MISSING","KH:heat","false","false","KH/heat; sum 13 columns","Industry","","","",""
"KH","2019","Industry","IndustryFuel","hydrogen","DIRECT_FUEL","","MWh/year","","","IndustryFuel","PENDING","/home/jin/research/SGP_ESE5004_Stage2/pypsa-asean/resources/baseline-aims-3H-tutorial/demand/base_industry_totals_2030.csv","2019","c62e8edab8451f93a4273f9214e6259306ea7e01a6ba9c85e7b7db48978aa404","Frozen derived cache; MWh/year -> MWh; raw/calorific provenance still pending","PENDING_ACCEPTED_COUNTRY_NODE_WEIGHTS","PENDING_ACCEPTED_SHAPE_AND_PHYSICAL_WEIGHTS","false","false","FIXED","MISSING","REPRESENTATION_ACCEPTED_NUMERIC_PENDING","No accepted independent H2 or qualified heat service; no new service obligation","KH:2019:Industry:IndustryFuel:hydrogen","IndustryFuel","false","false","false","MISSING","KH:hydrogen","false","false","KH/hydrogen; sum 13 columns","Industry","","","",""
"KH","2019","Industry","IndustryFuel","oil","DIRECT_FUEL","2882052","MWh/year","2882052.0","","IndustryFuel","EXPLICIT","/home/jin/research/SGP_ESE5004_Stage2/pypsa-asean/resources/baseline-aims-3H-tutorial/demand/base_industry_totals_2030.csv","2019","c62e8edab8451f93a4273f9214e6259306ea7e01a6ba9c85e7b7db48978aa404","Frozen derived cache; MWh/year -> MWh; raw/calorific provenance still pending","PENDING_ACCEPTED_COUNTRY_NODE_WEIGHTS","PENDING_ACCEPTED_SHAPE_AND_PHYSICAL_WEIGHTS","false","false","FIXED","FROZEN_UPSTREAM","REPRESENTATION_ACCEPTED_NUMERIC_PENDING","Base 2019 country/carrier sum of 13 cached industries; pre-NH3 deduction; raw calorific/feedstock boundary pending","KH:2019:Industry:IndustryFuel:oil","IndustryFuel","true","true","false","POSITIVE_CACHE_VALUE","KH:oil","false","false","KH/oil; sum 13 columns","Industry","","","",""
"KH","2030","Industry","IndustryDirectElectricity","electricity","EMBEDDED","","","","Astar","IndustryDirectElectricity","EMBEDDED","","2019","","","PENDING_ACCEPTED_COUNTRY_NODE_WEIGHTS","PENDING_ACCEPTED_SHAPE_AND_PHYSICAL_WEIGHTS","true","false","FIXED","PENDING","REPRESENTATION_ACCEPTED_NUMERIC_PENDING","Future direct electricity remains within Astar; no separate Load; growth unaccepted","KH:2030:Industry:IndustryDirectElectricity:electricity","Astar","false","false","false","MISSING","KH:electricity","false","false","","Industry","","","",""
"KH","2030","Industry","IndustryFinalEnergy","biomass","DIRECT_FUEL","","","","","IndustryFinalEnergy","EXPLICIT","","2019","","","PENDING_ACCEPTED_COUNTRY_NODE_WEIGHTS","PENDING_ACCEPTED_SHAPE_AND_PHYSICAL_WEIGHTS","false","false","FIXED","PENDING","REPRESENTATION_ACCEPTED_NUMERIC_PENDING","PENDING_FUTURE_GROWTH; no DEFAULT or zero-growth assumption","KH:2030:Industry:IndustryFinalEnergy:biomass","IndustryFinalEnergy","true","true","false","MISSING","KH:biomass","false","false","","Industry","","","",""
"KH","2030","Industry","IndustryFinalEnergy","coal","DIRECT_FUEL","","","","","IndustryFinalEnergy","EXPLICIT","","2019","","","PENDING_ACCEPTED_COUNTRY_NODE_WEIGHTS","PENDING_ACCEPTED_SHAPE_AND_PHYSICAL_WEIGHTS","false","false","FIXED","PENDING","REPRESENTATION_ACCEPTED_NUMERIC_PENDING","PENDING_FUTURE_GROWTH; no DEFAULT or zero-growth assumption","KH:2030:Industry:IndustryFinalEnergy:coal","IndustryFinalEnergy","true","true","false","MISSING","KH:coal","false","false","","Industry","","","",""
"KH","2030","Industry","IndustryFinalEnergy","gas","DIRECT_FUEL","","","","","IndustryFinalEnergy","EXPLICIT","","2019","","","PENDING_ACCEPTED_COUNTRY_NODE_WEIGHTS","PENDING_ACCEPTED_SHAPE_AND_PHYSICAL_WEIGHTS","false","false","FIXED","PENDING","REPRESENTATION_ACCEPTED_NUMERIC_PENDING","PENDING_FUTURE_GROWTH; no DEFAULT or zero-growth assumption","KH:2030:Industry:IndustryFinalEnergy:gas","IndustryFinalEnergy","true","true","false","MISSING","KH:gas","false","false","","Industry","","","",""
"KH","2030","Industry","IndustryFinalEnergy","oil","DIRECT_FUEL","","","","","IndustryFinalEnergy","EXPLICIT","","2019","","","PENDING_ACCEPTED_COUNTRY_NODE_WEIGHTS","PENDING_ACCEPTED_SHAPE_AND_PHYSICAL_WEIGHTS","false","false","FIXED","PENDING","REPRESENTATION_ACCEPTED_NUMERIC_PENDING","PENDING_FUTURE_GROWTH; no DEFAULT or zero-growth assumption","KH:2030:Industry:IndustryFinalEnergy:oil","IndustryFinalEnergy","true","true","false","MISSING","KH:oil","false","false","","Industry","","","",""
"KH","2040","Industry","IndustryDirectElectricity","electricity","EMBEDDED","","","","Astar","IndustryDirectElectricity","EMBEDDED","","2019","","","PENDING_ACCEPTED_COUNTRY_NODE_WEIGHTS","PENDING_ACCEPTED_SHAPE_AND_PHYSICAL_WEIGHTS","true","false","FIXED","PENDING","REPRESENTATION_ACCEPTED_NUMERIC_PENDING","Future direct electricity remains within Astar; no separate Load; growth unaccepted","KH:2040:Industry:IndustryDirectElectricity:electricity","Astar","false","false","false","MISSING","KH:electricity","false","false","","Industry","","","",""
"KH","2040","Industry","IndustryFinalEnergy","biomass","DIRECT_FUEL","","","","","IndustryFinalEnergy","EXPLICIT","","2019","","","PENDING_ACCEPTED_COUNTRY_NODE_WEIGHTS","PENDING_ACCEPTED_SHAPE_AND_PHYSICAL_WEIGHTS","false","false","FIXED","PENDING","REPRESENTATION_ACCEPTED_NUMERIC_PENDING","PENDING_FUTURE_GROWTH; no DEFAULT or zero-growth assumption","KH:2040:Industry:IndustryFinalEnergy:biomass","IndustryFinalEnergy","true","true","false","MISSING","KH:biomass","false","false","","Industry","","","",""
"KH","2040","Industry","IndustryFinalEnergy","coal","DIRECT_FUEL","","","","","IndustryFinalEnergy","EXPLICIT","","2019","","","PENDING_ACCEPTED_COUNTRY_NODE_WEIGHTS","PENDING_ACCEPTED_SHAPE_AND_PHYSICAL_WEIGHTS","false","false","FIXED","PENDING","REPRESENTATION_ACCEPTED_NUMERIC_PENDING","PENDING_FUTURE_GROWTH; no DEFAULT or zero-growth assumption","KH:2040:Industry:IndustryFinalEnergy:coal","IndustryFinalEnergy","true","true","false","MISSING","KH:coal","false","false","","Industry","","","",""
"KH","2040","Industry","IndustryFinalEnergy","gas","DIRECT_FUEL","","","","","IndustryFinalEnergy","EXPLICIT","","2019","","","PENDING_ACCEPTED_COUNTRY_NODE_WEIGHTS","PENDING_ACCEPTED_SHAPE_AND_PHYSICAL_WEIGHTS","false","false","FIXED","PENDING","REPRESENTATION_ACCEPTED_NUMERIC_PENDING","PENDING_FUTURE_GROWTH; no DEFAULT or zero-growth assumption","KH:2040:Industry:IndustryFinalEnergy:gas","IndustryFinalEnergy","true","true","false","MISSING","KH:gas","false","false","","Industry","","","",""
"KH","2040","Industry","IndustryFinalEnergy","oil","DIRECT_FUEL","","","","","IndustryFinalEnergy","EXPLICIT","","2019","","","PENDING_ACCEPTED_COUNTRY_NODE_WEIGHTS","PENDING_ACCEPTED_SHAPE_AND_PHYSICAL_WEIGHTS","false","false","FIXED","PENDING","REPRESENTATION_ACCEPTED_NUMERIC_PENDING","PENDING_FUTURE_GROWTH; no DEFAULT or zero-growth assumption","KH:2040:Industry:IndustryFinalEnergy:oil","IndustryFinalEnergy","true","true","false","MISSING","KH:oil","false","false","","Industry","","","",""
"KH","2050","Industry","IndustryDirectElectricity","electricity","EMBEDDED","","","","Astar","IndustryDirectElectricity","EMBEDDED","","2019","","","PENDING_ACCEPTED_COUNTRY_NODE_WEIGHTS","PENDING_ACCEPTED_SHAPE_AND_PHYSICAL_WEIGHTS","true","false","FIXED","PENDING","REPRESENTATION_ACCEPTED_NUMERIC_PENDING","Future direct electricity remains within Astar; no separate Load; growth unaccepted","KH:2050:Industry:IndustryDirectElectricity:electricity","Astar","false","false","false","MISSING","KH:electricity","false","false","","Industry","","","",""
"KH","2050","Industry","IndustryFinalEnergy","biomass","DIRECT_FUEL","","","","","IndustryFinalEnergy","EXPLICIT","","2019","","","PENDING_ACCEPTED_COUNTRY_NODE_WEIGHTS","PENDING_ACCEPTED_SHAPE_AND_PHYSICAL_WEIGHTS","false","false","FIXED","PENDING","REPRESENTATION_ACCEPTED_NUMERIC_PENDING","PENDING_FUTURE_GROWTH; no DEFAULT or zero-growth assumption","KH:2050:Industry:IndustryFinalEnergy:biomass","IndustryFinalEnergy","true","true","false","MISSING","KH:biomass","false","false","","Industry","","","",""
"KH","2050","Industry","IndustryFinalEnergy","coal","DIRECT_FUEL","","","","","IndustryFinalEnergy","EXPLICIT","","2019","","","PENDING_ACCEPTED_COUNTRY_NODE_WEIGHTS","PENDING_ACCEPTED_SHAPE_AND_PHYSICAL_WEIGHTS","false","false","FIXED","PENDING","REPRESENTATION_ACCEPTED_NUMERIC_PENDING","PENDING_FUTURE_GROWTH; no DEFAULT or zero-growth assumption","KH:2050:Industry:IndustryFinalEnergy:coal","IndustryFinalEnergy","true","true","false","MISSING","KH:coal","false","false","","Industry","","","",""
"KH","2050","Industry","IndustryFinalEnergy","gas","DIRECT_FUEL","","","","","IndustryFinalEnergy","EXPLICIT","","2019","","","PENDING_ACCEPTED_COUNTRY_NODE_WEIGHTS","PENDING_ACCEPTED_SHAPE_AND_PHYSICAL_WEIGHTS","false","false","FIXED","PENDING","REPRESENTATION_ACCEPTED_NUMERIC_PENDING","PENDING_FUTURE_GROWTH; no DEFAULT or zero-growth assumption","KH:2050:Industry:IndustryFinalEnergy:gas","IndustryFinalEnergy","true","true","false","MISSING","KH:gas","false","false","","Industry","","","",""
"KH","2050","Industry","IndustryFinalEnergy","oil","DIRECT_FUEL","","","","","IndustryFinalEnergy","EXPLICIT","","2019","","","PENDING_ACCEPTED_COUNTRY_NODE_WEIGHTS","PENDING_ACCEPTED_SHAPE_AND_PHYSICAL_WEIGHTS","false","false","FIXED","PENDING","REPRESENTATION_ACCEPTED_NUMERIC_PENDING","PENDING_FUTURE_GROWTH; no DEFAULT or zero-growth assumption","KH:2050:Industry:IndustryFinalEnergy:oil","IndustryFinalEnergy","true","true","false","MISSING","KH:oil","false","false","","Industry","","","",""
"LA","2019","Industry","IndustryCacheElectricityReference","electricity","DIRECT_FUEL","3099070","MWh/year","3099070.0","","IndustryCacheElectricityReference","REFERENCE","/home/jin/research/SGP_ESE5004_Stage2/pypsa-asean/resources/baseline-aims-3H-tutorial/demand/base_industry_totals_2030.csv","2019","c62e8edab8451f93a4273f9214e6259306ea7e01a6ba9c85e7b7db48978aa404","Frozen derived cache; MWh/year -> MWh; raw/calorific provenance still pending","PENDING_ACCEPTED_COUNTRY_NODE_WEIGHTS","PENDING_ACCEPTED_SHAPE_AND_PHYSICAL_WEIGHTS","false","false","FIXED","REFERENCE_ONLY","REPRESENTATION_ACCEPTED_NUMERIC_PENDING","Base 2019 country/carrier sum of 13 cached industries; pre-NH3 deduction; raw calorific/feedstock boundary pending","LA:2019:Industry:IndustryCacheElectricityReference:electricity","IndustryCacheElectricityReference","false","false","false","POSITIVE_CACHE_VALUE","LA:electricity","false","false","LA/electricity; sum 13 columns","Industry","","","",""
"LA","2019","Industry","IndustryDirectElectricity","electricity","DIRECT_ELECTRICITY","3099.07","Kilowatt-hours, million","3099070.0","Astar","IndustryDirectElectricity","EMBEDDED","/home/jin/research/SGP_ESE5004_Stage2/pypsa-asean/data/demand/unsd/data/UNdata_Export_20250502_110820872.txt","2019","12c99b3c40927449d9a4d0402f255a8b84b24917ff58e54efd4ec43b2125fe6b","Exact raw transaction; million kWh * 1000 = MWh; no losses or AEO scaling","PENDING_ACCEPTED_COUNTRY_NODE_WEIGHTS","PENDING_ACCEPTED_SHAPE_AND_PHYSICAL_WEIGHTS","true","false","FIXED","PENDING","REPRESENTATION_ACCEPTED_NUMERIC_PENDING","Industrial final electricity stays inside Astar; no second industry Load. No process/service conversion","LA:2019:Industry:IndustryDirectElectricity:electricity","Astar","false","false","false","REPORTED_VALUE","LA:electricity","false","false","Consumption by manufacturing, construction and non-fuel industry; physical line end 50884","Industry","","","",""
"LA","2019","Industry","IndustryFuel","biomass","DIRECT_FUEL","1484844","MWh/year","1484844.0","","IndustryFuel","EXPLICIT","/home/jin/research/SGP_ESE5004_Stage2/pypsa-asean/resources/baseline-aims-3H-tutorial/demand/base_industry_totals_2030.csv","2019","c62e8edab8451f93a4273f9214e6259306ea7e01a6ba9c85e7b7db48978aa404","Frozen derived cache; MWh/year -> MWh; raw/calorific provenance still pending","PENDING_ACCEPTED_COUNTRY_NODE_WEIGHTS","PENDING_ACCEPTED_SHAPE_AND_PHYSICAL_WEIGHTS","false","false","FIXED","FROZEN_UPSTREAM","REPRESENTATION_ACCEPTED_NUMERIC_PENDING","Base 2019 country/carrier sum of 13 cached industries; pre-NH3 deduction; raw calorific/feedstock boundary pending","LA:2019:Industry:IndustryFuel:biomass","IndustryFuel","true","true","false","POSITIVE_CACHE_VALUE","LA:biomass","false","false","LA/biomass; sum 13 columns","Industry","","","",""
"LA","2019","Industry","IndustryFuel","coal","DIRECT_FUEL","3040037.1919999998","MWh/year","3040037.192","","IndustryFuel","EXPLICIT","/home/jin/research/SGP_ESE5004_Stage2/pypsa-asean/resources/baseline-aims-3H-tutorial/demand/base_industry_totals_2030.csv","2019","c62e8edab8451f93a4273f9214e6259306ea7e01a6ba9c85e7b7db48978aa404","Frozen derived cache; MWh/year -> MWh; raw/calorific provenance still pending","PENDING_ACCEPTED_COUNTRY_NODE_WEIGHTS","PENDING_ACCEPTED_SHAPE_AND_PHYSICAL_WEIGHTS","false","false","FIXED","FROZEN_UPSTREAM","REPRESENTATION_ACCEPTED_NUMERIC_PENDING","Base 2019 country/carrier sum of 13 cached industries; pre-NH3 deduction; raw calorific/feedstock boundary pending; MISSING_ENERGY_OBLIGATION in upstream add_industry","LA:2019:Industry:IndustryFuel:coal","IndustryFuel","true","true","false","POSITIVE_CACHE_VALUE","LA:coal","false","true","LA/coal; sum 13 columns","Industry","","","",""
"LA","2019","Industry","IndustryFuel","gas","DIRECT_FUEL","","MWh/year","","","IndustryFuel","EXPLICIT","/home/jin/research/SGP_ESE5004_Stage2/pypsa-asean/resources/baseline-aims-3H-tutorial/demand/base_industry_totals_2030.csv","2019","c62e8edab8451f93a4273f9214e6259306ea7e01a6ba9c85e7b7db48978aa404","Frozen derived cache; MWh/year -> MWh; raw/calorific provenance still pending","PENDING_ACCEPTED_COUNTRY_NODE_WEIGHTS","PENDING_ACCEPTED_SHAPE_AND_PHYSICAL_WEIGHTS","false","false","FIXED","MISSING","REPRESENTATION_ACCEPTED_NUMERIC_PENDING","Base 2019 country/carrier sum of 13 cached industries; pre-NH3 deduction; raw calorific/feedstock boundary pending","LA:2019:Industry:IndustryFuel:gas","IndustryFuel","true","true","false","MISSING","LA:gas","false","false","LA/gas; sum 13 columns","Industry","","","",""
"LA","2019","Industry","IndustryFuel","heat","DIRECT_FUEL","","MWh/year","","","IndustryFuel","PENDING","/home/jin/research/SGP_ESE5004_Stage2/pypsa-asean/resources/baseline-aims-3H-tutorial/demand/base_industry_totals_2030.csv","2019","c62e8edab8451f93a4273f9214e6259306ea7e01a6ba9c85e7b7db48978aa404","Frozen derived cache; MWh/year -> MWh; raw/calorific provenance still pending","PENDING_ACCEPTED_COUNTRY_NODE_WEIGHTS","PENDING_ACCEPTED_SHAPE_AND_PHYSICAL_WEIGHTS","false","false","FIXED","MISSING","REPRESENTATION_ACCEPTED_NUMERIC_PENDING","No accepted independent H2 or qualified heat service; no new service obligation","LA:2019:Industry:IndustryFuel:heat","IndustryFuel","false","false","false","MISSING","LA:heat","false","false","LA/heat; sum 13 columns","Industry","","","",""
"LA","2019","Industry","IndustryFuel","hydrogen","DIRECT_FUEL","","MWh/year","","","IndustryFuel","PENDING","/home/jin/research/SGP_ESE5004_Stage2/pypsa-asean/resources/baseline-aims-3H-tutorial/demand/base_industry_totals_2030.csv","2019","c62e8edab8451f93a4273f9214e6259306ea7e01a6ba9c85e7b7db48978aa404","Frozen derived cache; MWh/year -> MWh; raw/calorific provenance still pending","PENDING_ACCEPTED_COUNTRY_NODE_WEIGHTS","PENDING_ACCEPTED_SHAPE_AND_PHYSICAL_WEIGHTS","false","false","FIXED","MISSING","REPRESENTATION_ACCEPTED_NUMERIC_PENDING","No accepted independent H2 or qualified heat service; no new service obligation","LA:2019:Industry:IndustryFuel:hydrogen","IndustryFuel","false","false","false","MISSING","LA:hydrogen","false","false","LA/hydrogen; sum 13 columns","Industry","","","",""
"LA","2019","Industry","IndustryFuel","oil","DIRECT_FUEL","125664","MWh/year","125664.0","","IndustryFuel","EXPLICIT","/home/jin/research/SGP_ESE5004_Stage2/pypsa-asean/resources/baseline-aims-3H-tutorial/demand/base_industry_totals_2030.csv","2019","c62e8edab8451f93a4273f9214e6259306ea7e01a6ba9c85e7b7db48978aa404","Frozen derived cache; MWh/year -> MWh; raw/calorific provenance still pending","PENDING_ACCEPTED_COUNTRY_NODE_WEIGHTS","PENDING_ACCEPTED_SHAPE_AND_PHYSICAL_WEIGHTS","false","false","FIXED","FROZEN_UPSTREAM","REPRESENTATION_ACCEPTED_NUMERIC_PENDING","Base 2019 country/carrier sum of 13 cached industries; pre-NH3 deduction; raw calorific/feedstock boundary pending","LA:2019:Industry:IndustryFuel:oil","IndustryFuel","true","true","false","POSITIVE_CACHE_VALUE","LA:oil","false","false","LA/oil; sum 13 columns","Industry","","","",""
"LA","2030","Industry","IndustryDirectElectricity","electricity","EMBEDDED","","","","Astar","IndustryDirectElectricity","EMBEDDED","","2019","","","PENDING_ACCEPTED_COUNTRY_NODE_WEIGHTS","PENDING_ACCEPTED_SHAPE_AND_PHYSICAL_WEIGHTS","true","false","FIXED","PENDING","REPRESENTATION_ACCEPTED_NUMERIC_PENDING","Future direct electricity remains within Astar; no separate Load; growth unaccepted","LA:2030:Industry:IndustryDirectElectricity:electricity","Astar","false","false","false","MISSING","LA:electricity","false","false","","Industry","","","",""
"LA","2030","Industry","IndustryFinalEnergy","biomass","DIRECT_FUEL","","","","","IndustryFinalEnergy","EXPLICIT","","2019","","","PENDING_ACCEPTED_COUNTRY_NODE_WEIGHTS","PENDING_ACCEPTED_SHAPE_AND_PHYSICAL_WEIGHTS","false","false","FIXED","PENDING","REPRESENTATION_ACCEPTED_NUMERIC_PENDING","PENDING_FUTURE_GROWTH; no DEFAULT or zero-growth assumption","LA:2030:Industry:IndustryFinalEnergy:biomass","IndustryFinalEnergy","true","true","false","MISSING","LA:biomass","false","false","","Industry","","","",""
"LA","2030","Industry","IndustryFinalEnergy","coal","DIRECT_FUEL","","","","","IndustryFinalEnergy","EXPLICIT","","2019","","","PENDING_ACCEPTED_COUNTRY_NODE_WEIGHTS","PENDING_ACCEPTED_SHAPE_AND_PHYSICAL_WEIGHTS","false","false","FIXED","PENDING","REPRESENTATION_ACCEPTED_NUMERIC_PENDING","PENDING_FUTURE_GROWTH; no DEFAULT or zero-growth assumption","LA:2030:Industry:IndustryFinalEnergy:coal","IndustryFinalEnergy","true","true","false","MISSING","LA:coal","false","false","","Industry","","","",""
"LA","2030","Industry","IndustryFinalEnergy","gas","DIRECT_FUEL","","","","","IndustryFinalEnergy","EXPLICIT","","2019","","","PENDING_ACCEPTED_COUNTRY_NODE_WEIGHTS","PENDING_ACCEPTED_SHAPE_AND_PHYSICAL_WEIGHTS","false","false","FIXED","PENDING","REPRESENTATION_ACCEPTED_NUMERIC_PENDING","PENDING_FUTURE_GROWTH; no DEFAULT or zero-growth assumption","LA:2030:Industry:IndustryFinalEnergy:gas","IndustryFinalEnergy","true","true","false","MISSING","LA:gas","false","false","","Industry","","","",""
"LA","2030","Industry","IndustryFinalEnergy","oil","DIRECT_FUEL","","","","","IndustryFinalEnergy","EXPLICIT","","2019","","","PENDING_ACCEPTED_COUNTRY_NODE_WEIGHTS","PENDING_ACCEPTED_SHAPE_AND_PHYSICAL_WEIGHTS","false","false","FIXED","PENDING","REPRESENTATION_ACCEPTED_NUMERIC_PENDING","PENDING_FUTURE_GROWTH; no DEFAULT or zero-growth assumption","LA:2030:Industry:IndustryFinalEnergy:oil","IndustryFinalEnergy","true","true","false","MISSING","LA:oil","false","false","","Industry","","","",""
"LA","2040","Industry","IndustryDirectElectricity","electricity","EMBEDDED","","","","Astar","IndustryDirectElectricity","EMBEDDED","","2019","","","PENDING_ACCEPTED_COUNTRY_NODE_WEIGHTS","PENDING_ACCEPTED_SHAPE_AND_PHYSICAL_WEIGHTS","true","false","FIXED","PENDING","REPRESENTATION_ACCEPTED_NUMERIC_PENDING","Future direct electricity remains within Astar; no separate Load; growth unaccepted","LA:2040:Industry:IndustryDirectElectricity:electricity","Astar","false","false","false","MISSING","LA:electricity","false","false","","Industry","","","",""
"LA","2040","Industry","IndustryFinalEnergy","biomass","DIRECT_FUEL","","","","","IndustryFinalEnergy","EXPLICIT","","2019","","","PENDING_ACCEPTED_COUNTRY_NODE_WEIGHTS","PENDING_ACCEPTED_SHAPE_AND_PHYSICAL_WEIGHTS","false","false","FIXED","PENDING","REPRESENTATION_ACCEPTED_NUMERIC_PENDING","PENDING_FUTURE_GROWTH; no DEFAULT or zero-growth assumption","LA:2040:Industry:IndustryFinalEnergy:biomass","IndustryFinalEnergy","true","true","false","MISSING","LA:biomass","false","false","","Industry","","","",""
"LA","2040","Industry","IndustryFinalEnergy","coal","DIRECT_FUEL","","","","","IndustryFinalEnergy","EXPLICIT","","2019","","","PENDING_ACCEPTED_COUNTRY_NODE_WEIGHTS","PENDING_ACCEPTED_SHAPE_AND_PHYSICAL_WEIGHTS","false","false","FIXED","PENDING","REPRESENTATION_ACCEPTED_NUMERIC_PENDING","PENDING_FUTURE_GROWTH; no DEFAULT or zero-growth assumption","LA:2040:Industry:IndustryFinalEnergy:coal","IndustryFinalEnergy","true","true","false","MISSING","LA:coal","false","false","","Industry","","","",""
"LA","2040","Industry","IndustryFinalEnergy","gas","DIRECT_FUEL","","","","","IndustryFinalEnergy","EXPLICIT","","2019","","","PENDING_ACCEPTED_COUNTRY_NODE_WEIGHTS","PENDING_ACCEPTED_SHAPE_AND_PHYSICAL_WEIGHTS","false","false","FIXED","PENDING","REPRESENTATION_ACCEPTED_NUMERIC_PENDING","PENDING_FUTURE_GROWTH; no DEFAULT or zero-growth assumption","LA:2040:Industry:IndustryFinalEnergy:gas","IndustryFinalEnergy","true","true","false","MISSING","LA:gas","false","false","","Industry","","","",""
"LA","2040","Industry","IndustryFinalEnergy","oil","DIRECT_FUEL","","","","","IndustryFinalEnergy","EXPLICIT","","2019","","","PENDING_ACCEPTED_COUNTRY_NODE_WEIGHTS","PENDING_ACCEPTED_SHAPE_AND_PHYSICAL_WEIGHTS","false","false","FIXED","PENDING","REPRESENTATION_ACCEPTED_NUMERIC_PENDING","PENDING_FUTURE_GROWTH; no DEFAULT or zero-growth assumption","LA:2040:Industry:IndustryFinalEnergy:oil","IndustryFinalEnergy","true","true","false","MISSING","LA:oil","false","false","","Industry","","","",""
"LA","2050","Industry","IndustryDirectElectricity","electricity","EMBEDDED","","","","Astar","IndustryDirectElectricity","EMBEDDED","","2019","","","PENDING_ACCEPTED_COUNTRY_NODE_WEIGHTS","PENDING_ACCEPTED_SHAPE_AND_PHYSICAL_WEIGHTS","true","false","FIXED","PENDING","REPRESENTATION_ACCEPTED_NUMERIC_PENDING","Future direct electricity remains within Astar; no separate Load; growth unaccepted","LA:2050:Industry:IndustryDirectElectricity:electricity","Astar","false","false","false","MISSING","LA:electricity","false","false","","Industry","","","",""
"LA","2050","Industry","IndustryFinalEnergy","biomass","DIRECT_FUEL","","","","","IndustryFinalEnergy","EXPLICIT","","2019","","","PENDING_ACCEPTED_COUNTRY_NODE_WEIGHTS","PENDING_ACCEPTED_SHAPE_AND_PHYSICAL_WEIGHTS","false","false","FIXED","PENDING","REPRESENTATION_ACCEPTED_NUMERIC_PENDING","PENDING_FUTURE_GROWTH; no DEFAULT or zero-growth assumption","LA:2050:Industry:IndustryFinalEnergy:biomass","IndustryFinalEnergy","true","true","false","MISSING","LA:biomass","false","false","","Industry","","","",""
"LA","2050","Industry","IndustryFinalEnergy","coal","DIRECT_FUEL","","","","","IndustryFinalEnergy","EXPLICIT","","2019","","","PENDING_ACCEPTED_COUNTRY_NODE_WEIGHTS","PENDING_ACCEPTED_SHAPE_AND_PHYSICAL_WEIGHTS","false","false","FIXED","PENDING","REPRESENTATION_ACCEPTED_NUMERIC_PENDING","PENDING_FUTURE_GROWTH; no DEFAULT or zero-growth assumption","LA:2050:Industry:IndustryFinalEnergy:coal","IndustryFinalEnergy","true","true","false","MISSING","LA:coal","false","false","","Industry","","","",""
"LA","2050","Industry","IndustryFinalEnergy","gas","DIRECT_FUEL","","","","","IndustryFinalEnergy","EXPLICIT","","2019","","","PENDING_ACCEPTED_COUNTRY_NODE_WEIGHTS","PENDING_ACCEPTED_SHAPE_AND_PHYSICAL_WEIGHTS","false","false","FIXED","PENDING","REPRESENTATION_ACCEPTED_NUMERIC_PENDING","PENDING_FUTURE_GROWTH; no DEFAULT or zero-growth assumption","LA:2050:Industry:IndustryFinalEnergy:gas","IndustryFinalEnergy","true","true","false","MISSING","LA:gas","false","false","","Industry","","","",""
"LA","2050","Industry","IndustryFinalEnergy","oil","DIRECT_FUEL","","","","","IndustryFinalEnergy","EXPLICIT","","2019","","","PENDING_ACCEPTED_COUNTRY_NODE_WEIGHTS","PENDING_ACCEPTED_SHAPE_AND_PHYSICAL_WEIGHTS","false","false","FIXED","PENDING","REPRESENTATION_ACCEPTED_NUMERIC_PENDING","PENDING_FUTURE_GROWTH; no DEFAULT or zero-growth assumption","LA:2050:Industry:IndustryFinalEnergy:oil","IndustryFinalEnergy","true","true","false","MISSING","LA:oil","false","false","","Industry","","","",""
"MM","2019","Industry","IndustryCacheElectricityReference","electricity","DIRECT_FUEL","5553479.9999999991","MWh/year","5553479.999999999","","IndustryCacheElectricityReference","REFERENCE","/home/jin/research/SGP_ESE5004_Stage2/pypsa-asean/resources/baseline-aims-3H-tutorial/demand/base_industry_totals_2030.csv","2019","c62e8edab8451f93a4273f9214e6259306ea7e01a6ba9c85e7b7db48978aa404","Frozen derived cache; MWh/year -> MWh; raw/calorific provenance still pending","PENDING_ACCEPTED_COUNTRY_NODE_WEIGHTS","PENDING_ACCEPTED_SHAPE_AND_PHYSICAL_WEIGHTS","false","false","FIXED","REFERENCE_ONLY","REPRESENTATION_ACCEPTED_NUMERIC_PENDING","Base 2019 country/carrier sum of 13 cached industries; pre-NH3 deduction; raw calorific/feedstock boundary pending","MM:2019:Industry:IndustryCacheElectricityReference:electricity","IndustryCacheElectricityReference","false","false","false","POSITIVE_CACHE_VALUE","MM:electricity","false","false","MM/electricity; sum 13 columns","Industry","","","",""
"MM","2019","Industry","IndustryDirectElectricity","electricity","DIRECT_ELECTRICITY","5553.48","Kilowatt-hours, million","5553480.0","Astar","IndustryDirectElectricity","EMBEDDED","/home/jin/research/SGP_ESE5004_Stage2/pypsa-asean/data/demand/unsd/data/UNdata_Export_20250502_110820872.txt","2019","12c99b3c40927449d9a4d0402f255a8b84b24917ff58e54efd4ec43b2125fe6b","Exact raw transaction; million kWh * 1000 = MWh; no losses or AEO scaling","PENDING_ACCEPTED_COUNTRY_NODE_WEIGHTS","PENDING_ACCEPTED_SHAPE_AND_PHYSICAL_WEIGHTS","true","false","FIXED","PENDING","REPRESENTATION_ACCEPTED_NUMERIC_PENDING","Industrial final electricity stays inside Astar; no second industry Load. No process/service conversion","MM:2019:Industry:IndustryDirectElectricity:electricity","Astar","false","false","false","REPORTED_VALUE","MM:electricity","false","false","Consumption by manufacturing, construction and non-fuel industry; physical line end 60988","Industry","","","",""
"MM","2019","Industry","IndustryFuel","biomass","DIRECT_FUEL","20870740.856800001","MWh/year","20870740.8568","","IndustryFuel","EXPLICIT","/home/jin/research/SGP_ESE5004_Stage2/pypsa-asean/resources/baseline-aims-3H-tutorial/demand/base_industry_totals_2030.csv","2019","c62e8edab8451f93a4273f9214e6259306ea7e01a6ba9c85e7b7db48978aa404","Frozen derived cache; MWh/year -> MWh; raw/calorific provenance still pending","PENDING_ACCEPTED_COUNTRY_NODE_WEIGHTS","PENDING_ACCEPTED_SHAPE_AND_PHYSICAL_WEIGHTS","false","false","FIXED","FROZEN_UPSTREAM","REPRESENTATION_ACCEPTED_NUMERIC_PENDING","Base 2019 country/carrier sum of 13 cached industries; pre-NH3 deduction; raw calorific/feedstock boundary pending","MM:2019:Industry:IndustryFuel:biomass","IndustryFuel","true","true","false","POSITIVE_CACHE_VALUE","MM:biomass","false","false","MM/biomass; sum 13 columns","Industry","","","",""
"MM","2019","Industry","IndustryFuel","coal","DIRECT_FUEL","3640836","MWh/year","3640836.0","","IndustryFuel","EXPLICIT","/home/jin/research/SGP_ESE5004_Stage2/pypsa-asean/resources/baseline-aims-3H-tutorial/demand/base_industry_totals_2030.csv","2019","c62e8edab8451f93a4273f9214e6259306ea7e01a6ba9c85e7b7db48978aa404","Frozen derived cache; MWh/year -> MWh; raw/calorific provenance still pending","PENDING_ACCEPTED_COUNTRY_NODE_WEIGHTS","PENDING_ACCEPTED_SHAPE_AND_PHYSICAL_WEIGHTS","false","false","FIXED","FROZEN_UPSTREAM","REPRESENTATION_ACCEPTED_NUMERIC_PENDING","Base 2019 country/carrier sum of 13 cached industries; pre-NH3 deduction; raw calorific/feedstock boundary pending; MISSING_ENERGY_OBLIGATION in upstream add_industry","MM:2019:Industry:IndustryFuel:coal","IndustryFuel","true","true","false","POSITIVE_CACHE_VALUE","MM:coal","false","true","MM/coal; sum 13 columns","Industry","","","",""
"MM","2019","Industry","IndustryFuel","gas","DIRECT_FUEL","3493611.111111111","MWh/year","3493611.111111111","","IndustryFuel","EXPLICIT","/home/jin/research/SGP_ESE5004_Stage2/pypsa-asean/resources/baseline-aims-3H-tutorial/demand/base_industry_totals_2030.csv","2019","c62e8edab8451f93a4273f9214e6259306ea7e01a6ba9c85e7b7db48978aa404","Frozen derived cache; MWh/year -> MWh; raw/calorific provenance still pending","PENDING_ACCEPTED_COUNTRY_NODE_WEIGHTS","PENDING_ACCEPTED_SHAPE_AND_PHYSICAL_WEIGHTS","false","false","FIXED","FROZEN_UPSTREAM","REPRESENTATION_ACCEPTED_NUMERIC_PENDING","Base 2019 country/carrier sum of 13 cached industries; pre-NH3 deduction; raw calorific/feedstock boundary pending","MM:2019:Industry:IndustryFuel:gas","IndustryFuel","true","true","false","POSITIVE_CACHE_VALUE","MM:gas","false","false","MM/gas; sum 13 columns","Industry","","","",""
"MM","2019","Industry","IndustryFuel","heat","DIRECT_FUEL","","MWh/year","","","IndustryFuel","PENDING","/home/jin/research/SGP_ESE5004_Stage2/pypsa-asean/resources/baseline-aims-3H-tutorial/demand/base_industry_totals_2030.csv","2019","c62e8edab8451f93a4273f9214e6259306ea7e01a6ba9c85e7b7db48978aa404","Frozen derived cache; MWh/year -> MWh; raw/calorific provenance still pending","PENDING_ACCEPTED_COUNTRY_NODE_WEIGHTS","PENDING_ACCEPTED_SHAPE_AND_PHYSICAL_WEIGHTS","false","false","FIXED","MISSING","REPRESENTATION_ACCEPTED_NUMERIC_PENDING","No accepted independent H2 or qualified heat service; no new service obligation","MM:2019:Industry:IndustryFuel:heat","IndustryFuel","false","false","false","MISSING","MM:heat","false","false","MM/heat; sum 13 columns","Industry","","","",""
"MM","2019","Industry","IndustryFuel","hydrogen","DIRECT_FUEL","","MWh/year","","","IndustryFuel","PENDING","/home/jin/research/SGP_ESE5004_Stage2/pypsa-asean/resources/baseline-aims-3H-tutorial/demand/base_industry_totals_2030.csv","2019","c62e8edab8451f93a4273f9214e6259306ea7e01a6ba9c85e7b7db48978aa404","Frozen derived cache; MWh/year -> MWh; raw/calorific provenance still pending","PENDING_ACCEPTED_COUNTRY_NODE_WEIGHTS","PENDING_ACCEPTED_SHAPE_AND_PHYSICAL_WEIGHTS","false","false","FIXED","MISSING","REPRESENTATION_ACCEPTED_NUMERIC_PENDING","No accepted independent H2 or qualified heat service; no new service obligation","MM:2019:Industry:IndustryFuel:hydrogen","IndustryFuel","false","false","false","MISSING","MM:hydrogen","false","false","MM/hydrogen; sum 13 columns","Industry","","","",""
"MM","2019","Industry","IndustryFuel","oil","DIRECT_FUEL","25997228","MWh/year","25997228.0","","IndustryFuel","EXPLICIT","/home/jin/research/SGP_ESE5004_Stage2/pypsa-asean/resources/baseline-aims-3H-tutorial/demand/base_industry_totals_2030.csv","2019","c62e8edab8451f93a4273f9214e6259306ea7e01a6ba9c85e7b7db48978aa404","Frozen derived cache; MWh/year -> MWh; raw/calorific provenance still pending","PENDING_ACCEPTED_COUNTRY_NODE_WEIGHTS","PENDING_ACCEPTED_SHAPE_AND_PHYSICAL_WEIGHTS","false","false","FIXED","FROZEN_UPSTREAM","REPRESENTATION_ACCEPTED_NUMERIC_PENDING","Base 2019 country/carrier sum of 13 cached industries; pre-NH3 deduction; raw calorific/feedstock boundary pending","MM:2019:Industry:IndustryFuel:oil","IndustryFuel","true","true","false","POSITIVE_CACHE_VALUE","MM:oil","false","false","MM/oil; sum 13 columns","Industry","","","",""
"MM","2030","Industry","IndustryDirectElectricity","electricity","EMBEDDED","","","","Astar","IndustryDirectElectricity","EMBEDDED","","2019","","","PENDING_ACCEPTED_COUNTRY_NODE_WEIGHTS","PENDING_ACCEPTED_SHAPE_AND_PHYSICAL_WEIGHTS","true","false","FIXED","PENDING","REPRESENTATION_ACCEPTED_NUMERIC_PENDING","Future direct electricity remains within Astar; no separate Load; growth unaccepted","MM:2030:Industry:IndustryDirectElectricity:electricity","Astar","false","false","false","MISSING","MM:electricity","false","false","","Industry","","","",""
"MM","2030","Industry","IndustryFinalEnergy","biomass","DIRECT_FUEL","","","","","IndustryFinalEnergy","EXPLICIT","","2019","","","PENDING_ACCEPTED_COUNTRY_NODE_WEIGHTS","PENDING_ACCEPTED_SHAPE_AND_PHYSICAL_WEIGHTS","false","false","FIXED","PENDING","REPRESENTATION_ACCEPTED_NUMERIC_PENDING","PENDING_FUTURE_GROWTH; no DEFAULT or zero-growth assumption","MM:2030:Industry:IndustryFinalEnergy:biomass","IndustryFinalEnergy","true","true","false","MISSING","MM:biomass","false","false","","Industry","","","",""
"MM","2030","Industry","IndustryFinalEnergy","coal","DIRECT_FUEL","","","","","IndustryFinalEnergy","EXPLICIT","","2019","","","PENDING_ACCEPTED_COUNTRY_NODE_WEIGHTS","PENDING_ACCEPTED_SHAPE_AND_PHYSICAL_WEIGHTS","false","false","FIXED","PENDING","REPRESENTATION_ACCEPTED_NUMERIC_PENDING","PENDING_FUTURE_GROWTH; no DEFAULT or zero-growth assumption","MM:2030:Industry:IndustryFinalEnergy:coal","IndustryFinalEnergy","true","true","false","MISSING","MM:coal","false","false","","Industry","","","",""
"MM","2030","Industry","IndustryFinalEnergy","gas","DIRECT_FUEL","","","","","IndustryFinalEnergy","EXPLICIT","","2019","","","PENDING_ACCEPTED_COUNTRY_NODE_WEIGHTS","PENDING_ACCEPTED_SHAPE_AND_PHYSICAL_WEIGHTS","false","false","FIXED","PENDING","REPRESENTATION_ACCEPTED_NUMERIC_PENDING","PENDING_FUTURE_GROWTH; no DEFAULT or zero-growth assumption","MM:2030:Industry:IndustryFinalEnergy:gas","IndustryFinalEnergy","true","true","false","MISSING","MM:gas","false","false","","Industry","","","",""
"MM","2030","Industry","IndustryFinalEnergy","oil","DIRECT_FUEL","","","","","IndustryFinalEnergy","EXPLICIT","","2019","","","PENDING_ACCEPTED_COUNTRY_NODE_WEIGHTS","PENDING_ACCEPTED_SHAPE_AND_PHYSICAL_WEIGHTS","false","false","FIXED","PENDING","REPRESENTATION_ACCEPTED_NUMERIC_PENDING","PENDING_FUTURE_GROWTH; no DEFAULT or zero-growth assumption","MM:2030:Industry:IndustryFinalEnergy:oil","IndustryFinalEnergy","true","true","false","MISSING","MM:oil","false","false","","Industry","","","",""
"MM","2040","Industry","IndustryDirectElectricity","electricity","EMBEDDED","","","","Astar","IndustryDirectElectricity","EMBEDDED","","2019","","","PENDING_ACCEPTED_COUNTRY_NODE_WEIGHTS","PENDING_ACCEPTED_SHAPE_AND_PHYSICAL_WEIGHTS","true","false","FIXED","PENDING","REPRESENTATION_ACCEPTED_NUMERIC_PENDING","Future direct electricity remains within Astar; no separate Load; growth unaccepted","MM:2040:Industry:IndustryDirectElectricity:electricity","Astar","false","false","false","MISSING","MM:electricity","false","false","","Industry","","","",""
"MM","2040","Industry","IndustryFinalEnergy","biomass","DIRECT_FUEL","","","","","IndustryFinalEnergy","EXPLICIT","","2019","","","PENDING_ACCEPTED_COUNTRY_NODE_WEIGHTS","PENDING_ACCEPTED_SHAPE_AND_PHYSICAL_WEIGHTS","false","false","FIXED","PENDING","REPRESENTATION_ACCEPTED_NUMERIC_PENDING","PENDING_FUTURE_GROWTH; no DEFAULT or zero-growth assumption","MM:2040:Industry:IndustryFinalEnergy:biomass","IndustryFinalEnergy","true","true","false","MISSING","MM:biomass","false","false","","Industry","","","",""
"MM","2040","Industry","IndustryFinalEnergy","coal","DIRECT_FUEL","","","","","IndustryFinalEnergy","EXPLICIT","","2019","","","PENDING_ACCEPTED_COUNTRY_NODE_WEIGHTS","PENDING_ACCEPTED_SHAPE_AND_PHYSICAL_WEIGHTS","false","false","FIXED","PENDING","REPRESENTATION_ACCEPTED_NUMERIC_PENDING","PENDING_FUTURE_GROWTH; no DEFAULT or zero-growth assumption","MM:2040:Industry:IndustryFinalEnergy:coal","IndustryFinalEnergy","true","true","false","MISSING","MM:coal","false","false","","Industry","","","",""
"MM","2040","Industry","IndustryFinalEnergy","gas","DIRECT_FUEL","","","","","IndustryFinalEnergy","EXPLICIT","","2019","","","PENDING_ACCEPTED_COUNTRY_NODE_WEIGHTS","PENDING_ACCEPTED_SHAPE_AND_PHYSICAL_WEIGHTS","false","false","FIXED","PENDING","REPRESENTATION_ACCEPTED_NUMERIC_PENDING","PENDING_FUTURE_GROWTH; no DEFAULT or zero-growth assumption","MM:2040:Industry:IndustryFinalEnergy:gas","IndustryFinalEnergy","true","true","false","MISSING","MM:gas","false","false","","Industry","","","",""
"MM","2040","Industry","IndustryFinalEnergy","oil","DIRECT_FUEL","","","","","IndustryFinalEnergy","EXPLICIT","","2019","","","PENDING_ACCEPTED_COUNTRY_NODE_WEIGHTS","PENDING_ACCEPTED_SHAPE_AND_PHYSICAL_WEIGHTS","false","false","FIXED","PENDING","REPRESENTATION_ACCEPTED_NUMERIC_PENDING","PENDING_FUTURE_GROWTH; no DEFAULT or zero-growth assumption","MM:2040:Industry:IndustryFinalEnergy:oil","IndustryFinalEnergy","true","true","false","MISSING","MM:oil","false","false","","Industry","","","",""
"MM","2050","Industry","IndustryDirectElectricity","electricity","EMBEDDED","","","","Astar","IndustryDirectElectricity","EMBEDDED","","2019","","","PENDING_ACCEPTED_COUNTRY_NODE_WEIGHTS","PENDING_ACCEPTED_SHAPE_AND_PHYSICAL_WEIGHTS","true","false","FIXED","PENDING","REPRESENTATION_ACCEPTED_NUMERIC_PENDING","Future direct electricity remains within Astar; no separate Load; growth unaccepted","MM:2050:Industry:IndustryDirectElectricity:electricity","Astar","false","false","false","MISSING","MM:electricity","false","false","","Industry","","","",""
"MM","2050","Industry","IndustryFinalEnergy","biomass","DIRECT_FUEL","","","","","IndustryFinalEnergy","EXPLICIT","","2019","","","PENDING_ACCEPTED_COUNTRY_NODE_WEIGHTS","PENDING_ACCEPTED_SHAPE_AND_PHYSICAL_WEIGHTS","false","false","FIXED","PENDING","REPRESENTATION_ACCEPTED_NUMERIC_PENDING","PENDING_FUTURE_GROWTH; no DEFAULT or zero-growth assumption","MM:2050:Industry:IndustryFinalEnergy:biomass","IndustryFinalEnergy","true","true","false","MISSING","MM:biomass","false","false","","Industry","","","",""
"MM","2050","Industry","IndustryFinalEnergy","coal","DIRECT_FUEL","","","","","IndustryFinalEnergy","EXPLICIT","","2019","","","PENDING_ACCEPTED_COUNTRY_NODE_WEIGHTS","PENDING_ACCEPTED_SHAPE_AND_PHYSICAL_WEIGHTS","false","false","FIXED","PENDING","REPRESENTATION_ACCEPTED_NUMERIC_PENDING","PENDING_FUTURE_GROWTH; no DEFAULT or zero-growth assumption","MM:2050:Industry:IndustryFinalEnergy:coal","IndustryFinalEnergy","true","true","false","MISSING","MM:coal","false","false","","Industry","","","",""
"MM","2050","Industry","IndustryFinalEnergy","gas","DIRECT_FUEL","","","","","IndustryFinalEnergy","EXPLICIT","","2019","","","PENDING_ACCEPTED_COUNTRY_NODE_WEIGHTS","PENDING_ACCEPTED_SHAPE_AND_PHYSICAL_WEIGHTS","false","false","FIXED","PENDING","REPRESENTATION_ACCEPTED_NUMERIC_PENDING","PENDING_FUTURE_GROWTH; no DEFAULT or zero-growth assumption","MM:2050:Industry:IndustryFinalEnergy:gas","IndustryFinalEnergy","true","true","false","MISSING","MM:gas","false","false","","Industry","","","",""
"MM","2050","Industry","IndustryFinalEnergy","oil","DIRECT_FUEL","","","","","IndustryFinalEnergy","EXPLICIT","","2019","","","PENDING_ACCEPTED_COUNTRY_NODE_WEIGHTS","PENDING_ACCEPTED_SHAPE_AND_PHYSICAL_WEIGHTS","false","false","FIXED","PENDING","REPRESENTATION_ACCEPTED_NUMERIC_PENDING","PENDING_FUTURE_GROWTH; no DEFAULT or zero-growth assumption","MM:2050:Industry:IndustryFinalEnergy:oil","IndustryFinalEnergy","true","true","false","MISSING","MM:oil","false","false","","Industry","","","",""
"MY","2019","Industry","IndustryCacheElectricityReference","electricity","DIRECT_FUEL","78479700","MWh/year","78479700.0","","IndustryCacheElectricityReference","REFERENCE","/home/jin/research/SGP_ESE5004_Stage2/pypsa-asean/resources/baseline-aims-3H-tutorial/demand/base_industry_totals_2030.csv","2019","c62e8edab8451f93a4273f9214e6259306ea7e01a6ba9c85e7b7db48978aa404","Frozen derived cache; MWh/year -> MWh; raw/calorific provenance still pending","PENDING_ACCEPTED_COUNTRY_NODE_WEIGHTS","PENDING_ACCEPTED_SHAPE_AND_PHYSICAL_WEIGHTS","false","false","FIXED","REFERENCE_ONLY","REPRESENTATION_ACCEPTED_NUMERIC_PENDING","Base 2019 country/carrier sum of 13 cached industries; pre-NH3 deduction; raw calorific/feedstock boundary pending","MY:2019:Industry:IndustryCacheElectricityReference:electricity","IndustryCacheElectricityReference","false","false","false","POSITIVE_CACHE_VALUE","MY:electricity","false","false","MY/electricity; sum 13 columns","Industry","","","",""
"MY","2019","Industry","IndustryDirectElectricity","electricity","DIRECT_ELECTRICITY","78479.7","Kilowatt-hours, million","78479700.0","Astar","IndustryDirectElectricity","EMBEDDED","/home/jin/research/SGP_ESE5004_Stage2/pypsa-asean/data/demand/unsd/data/UNdata_Export_20250502_110820872.txt","2019","12c99b3c40927449d9a4d0402f255a8b84b24917ff58e54efd4ec43b2125fe6b","Exact raw transaction; million kWh * 1000 = MWh; no losses or AEO scaling","PENDING_ACCEPTED_COUNTRY_NODE_WEIGHTS","PENDING_ACCEPTED_SHAPE_AND_PHYSICAL_WEIGHTS","true","false","FIXED","PENDING","REPRESENTATION_ACCEPTED_NUMERIC_PENDING","Industrial final electricity stays inside Astar; no second industry Load. No process/service conversion","MY:2019:Industry:IndustryDirectElectricity:electricity","Astar","false","false","false","REPORTED_VALUE","MY:electricity","false","false","Consumption by manufacturing, construction and non-fuel industry; physical line end 55341","Industry","","","",""
"MY","2019","Industry","IndustryFuel","biomass","DIRECT_FUEL","12435.200000000001","MWh/year","12435.2","","IndustryFuel","EXPLICIT","/home/jin/research/SGP_ESE5004_Stage2/pypsa-asean/resources/baseline-aims-3H-tutorial/demand/base_industry_totals_2030.csv","2019","c62e8edab8451f93a4273f9214e6259306ea7e01a6ba9c85e7b7db48978aa404","Frozen derived cache; MWh/year -> MWh; raw/calorific provenance still pending","PENDING_ACCEPTED_COUNTRY_NODE_WEIGHTS","PENDING_ACCEPTED_SHAPE_AND_PHYSICAL_WEIGHTS","false","false","FIXED","FROZEN_UPSTREAM","REPRESENTATION_ACCEPTED_NUMERIC_PENDING","Base 2019 country/carrier sum of 13 cached industries; pre-NH3 deduction; raw calorific/feedstock boundary pending","MY:2019:Industry:IndustryFuel:biomass","IndustryFuel","true","true","false","POSITIVE_CACHE_VALUE","MY:biomass","false","false","MY/biomass; sum 13 columns","Industry","","","",""
"MY","2019","Industry","IndustryFuel","coal","DIRECT_FUEL","13223357.230333334","MWh/year","13223357.230333334","","IndustryFuel","EXPLICIT","/home/jin/research/SGP_ESE5004_Stage2/pypsa-asean/resources/baseline-aims-3H-tutorial/demand/base_industry_totals_2030.csv","2019","c62e8edab8451f93a4273f9214e6259306ea7e01a6ba9c85e7b7db48978aa404","Frozen derived cache; MWh/year -> MWh; raw/calorific provenance still pending","PENDING_ACCEPTED_COUNTRY_NODE_WEIGHTS","PENDING_ACCEPTED_SHAPE_AND_PHYSICAL_WEIGHTS","false","false","FIXED","FROZEN_UPSTREAM","REPRESENTATION_ACCEPTED_NUMERIC_PENDING","Base 2019 country/carrier sum of 13 cached industries; pre-NH3 deduction; raw calorific/feedstock boundary pending; MISSING_ENERGY_OBLIGATION in upstream add_industry","MY:2019:Industry:IndustryFuel:coal","IndustryFuel","true","true","false","POSITIVE_CACHE_VALUE","MY:coal","false","true","MY/coal; sum 13 columns","Industry","","","",""
"MY","2019","Industry","IndustryFuel","gas","DIRECT_FUEL","99576760.555555552","MWh/year","99576760.55555555","","IndustryFuel","EXPLICIT","/home/jin/research/SGP_ESE5004_Stage2/pypsa-asean/resources/baseline-aims-3H-tutorial/demand/base_industry_totals_2030.csv","2019","c62e8edab8451f93a4273f9214e6259306ea7e01a6ba9c85e7b7db48978aa404","Frozen derived cache; MWh/year -> MWh; raw/calorific provenance still pending","PENDING_ACCEPTED_COUNTRY_NODE_WEIGHTS","PENDING_ACCEPTED_SHAPE_AND_PHYSICAL_WEIGHTS","false","false","FIXED","FROZEN_UPSTREAM","REPRESENTATION_ACCEPTED_NUMERIC_PENDING","Base 2019 country/carrier sum of 13 cached industries; pre-NH3 deduction; raw calorific/feedstock boundary pending","MY:2019:Industry:IndustryFuel:gas","IndustryFuel","true","true","false","POSITIVE_CACHE_VALUE","MY:gas","false","false","MY/gas; sum 13 columns","Industry","","","",""
"MY","2019","Industry","IndustryFuel","heat","DIRECT_FUEL","","MWh/year","","","IndustryFuel","PENDING","/home/jin/research/SGP_ESE5004_Stage2/pypsa-asean/resources/baseline-aims-3H-tutorial/demand/base_industry_totals_2030.csv","2019","c62e8edab8451f93a4273f9214e6259306ea7e01a6ba9c85e7b7db48978aa404","Frozen derived cache; MWh/year -> MWh; raw/calorific provenance still pending","PENDING_ACCEPTED_COUNTRY_NODE_WEIGHTS","PENDING_ACCEPTED_SHAPE_AND_PHYSICAL_WEIGHTS","false","false","FIXED","MISSING","REPRESENTATION_ACCEPTED_NUMERIC_PENDING","No accepted independent H2 or qualified heat service; no new service obligation","MY:2019:Industry:IndustryFuel:heat","IndustryFuel","false","false","false","MISSING","MY:heat","false","false","MY/heat; sum 13 columns","Industry","","","",""
"MY","2019","Industry","IndustryFuel","hydrogen","DIRECT_FUEL","","MWh/year","","","IndustryFuel","PENDING","/home/jin/research/SGP_ESE5004_Stage2/pypsa-asean/resources/baseline-aims-3H-tutorial/demand/base_industry_totals_2030.csv","2019","c62e8edab8451f93a4273f9214e6259306ea7e01a6ba9c85e7b7db48978aa404","Frozen derived cache; MWh/year -> MWh; raw/calorific provenance still pending","PENDING_ACCEPTED_COUNTRY_NODE_WEIGHTS","PENDING_ACCEPTED_SHAPE_AND_PHYSICAL_WEIGHTS","false","false","FIXED","MISSING","REPRESENTATION_ACCEPTED_NUMERIC_PENDING","No accepted independent H2 or qualified heat service; no new service obligation","MY:2019:Industry:IndustryFuel:hydrogen","IndustryFuel","false","false","false","MISSING","MY:hydrogen","false","false","MY/hydrogen; sum 13 columns","Industry","","","",""
"MY","2019","Industry","IndustryFuel","oil","DIRECT_FUEL","32712935.620000005","MWh/year","32712935.620000005","","IndustryFuel","EXPLICIT","/home/jin/research/SGP_ESE5004_Stage2/pypsa-asean/resources/baseline-aims-3H-tutorial/demand/base_industry_totals_2030.csv","2019","c62e8edab8451f93a4273f9214e6259306ea7e01a6ba9c85e7b7db48978aa404","Frozen derived cache; MWh/year -> MWh; raw/calorific provenance still pending","PENDING_ACCEPTED_COUNTRY_NODE_WEIGHTS","PENDING_ACCEPTED_SHAPE_AND_PHYSICAL_WEIGHTS","false","false","FIXED","FROZEN_UPSTREAM","REPRESENTATION_ACCEPTED_NUMERIC_PENDING","Base 2019 country/carrier sum of 13 cached industries; pre-NH3 deduction; raw calorific/feedstock boundary pending","MY:2019:Industry:IndustryFuel:oil","IndustryFuel","true","true","false","POSITIVE_CACHE_VALUE","MY:oil","false","false","MY/oil; sum 13 columns","Industry","","","",""
"MY","2030","Industry","IndustryDirectElectricity","electricity","EMBEDDED","","","","Astar","IndustryDirectElectricity","EMBEDDED","","2019","","","PENDING_ACCEPTED_COUNTRY_NODE_WEIGHTS","PENDING_ACCEPTED_SHAPE_AND_PHYSICAL_WEIGHTS","true","false","FIXED","PENDING","REPRESENTATION_ACCEPTED_NUMERIC_PENDING","Future direct electricity remains within Astar; no separate Load; growth unaccepted","MY:2030:Industry:IndustryDirectElectricity:electricity","Astar","false","false","false","MISSING","MY:electricity","false","false","","Industry","","","",""
"MY","2030","Industry","IndustryFinalEnergy","biomass","DIRECT_FUEL","","","","","IndustryFinalEnergy","EXPLICIT","","2019","","","PENDING_ACCEPTED_COUNTRY_NODE_WEIGHTS","PENDING_ACCEPTED_SHAPE_AND_PHYSICAL_WEIGHTS","false","false","FIXED","PENDING","REPRESENTATION_ACCEPTED_NUMERIC_PENDING","PENDING_FUTURE_GROWTH; no DEFAULT or zero-growth assumption","MY:2030:Industry:IndustryFinalEnergy:biomass","IndustryFinalEnergy","true","true","false","MISSING","MY:biomass","false","false","","Industry","","","",""
"MY","2030","Industry","IndustryFinalEnergy","coal","DIRECT_FUEL","","","","","IndustryFinalEnergy","EXPLICIT","","2019","","","PENDING_ACCEPTED_COUNTRY_NODE_WEIGHTS","PENDING_ACCEPTED_SHAPE_AND_PHYSICAL_WEIGHTS","false","false","FIXED","PENDING","REPRESENTATION_ACCEPTED_NUMERIC_PENDING","PENDING_FUTURE_GROWTH; no DEFAULT or zero-growth assumption","MY:2030:Industry:IndustryFinalEnergy:coal","IndustryFinalEnergy","true","true","false","MISSING","MY:coal","false","false","","Industry","","","",""
"MY","2030","Industry","IndustryFinalEnergy","gas","DIRECT_FUEL","","","","","IndustryFinalEnergy","EXPLICIT","","2019","","","PENDING_ACCEPTED_COUNTRY_NODE_WEIGHTS","PENDING_ACCEPTED_SHAPE_AND_PHYSICAL_WEIGHTS","false","false","FIXED","PENDING","REPRESENTATION_ACCEPTED_NUMERIC_PENDING","PENDING_FUTURE_GROWTH; no DEFAULT or zero-growth assumption","MY:2030:Industry:IndustryFinalEnergy:gas","IndustryFinalEnergy","true","true","false","MISSING","MY:gas","false","false","","Industry","","","",""
"MY","2030","Industry","IndustryFinalEnergy","oil","DIRECT_FUEL","","","","","IndustryFinalEnergy","EXPLICIT","","2019","","","PENDING_ACCEPTED_COUNTRY_NODE_WEIGHTS","PENDING_ACCEPTED_SHAPE_AND_PHYSICAL_WEIGHTS","false","false","FIXED","PENDING","REPRESENTATION_ACCEPTED_NUMERIC_PENDING","PENDING_FUTURE_GROWTH; no DEFAULT or zero-growth assumption","MY:2030:Industry:IndustryFinalEnergy:oil","IndustryFinalEnergy","true","true","false","MISSING","MY:oil","false","false","","Industry","","","",""
"MY","2040","Industry","IndustryDirectElectricity","electricity","EMBEDDED","","","","Astar","IndustryDirectElectricity","EMBEDDED","","2019","","","PENDING_ACCEPTED_COUNTRY_NODE_WEIGHTS","PENDING_ACCEPTED_SHAPE_AND_PHYSICAL_WEIGHTS","true","false","FIXED","PENDING","REPRESENTATION_ACCEPTED_NUMERIC_PENDING","Future direct electricity remains within Astar; no separate Load; growth unaccepted","MY:2040:Industry:IndustryDirectElectricity:electricity","Astar","false","false","false","MISSING","MY:electricity","false","false","","Industry","","","",""
"MY","2040","Industry","IndustryFinalEnergy","biomass","DIRECT_FUEL","","","","","IndustryFinalEnergy","EXPLICIT","","2019","","","PENDING_ACCEPTED_COUNTRY_NODE_WEIGHTS","PENDING_ACCEPTED_SHAPE_AND_PHYSICAL_WEIGHTS","false","false","FIXED","PENDING","REPRESENTATION_ACCEPTED_NUMERIC_PENDING","PENDING_FUTURE_GROWTH; no DEFAULT or zero-growth assumption","MY:2040:Industry:IndustryFinalEnergy:biomass","IndustryFinalEnergy","true","true","false","MISSING","MY:biomass","false","false","","Industry","","","",""
"MY","2040","Industry","IndustryFinalEnergy","coal","DIRECT_FUEL","","","","","IndustryFinalEnergy","EXPLICIT","","2019","","","PENDING_ACCEPTED_COUNTRY_NODE_WEIGHTS","PENDING_ACCEPTED_SHAPE_AND_PHYSICAL_WEIGHTS","false","false","FIXED","PENDING","REPRESENTATION_ACCEPTED_NUMERIC_PENDING","PENDING_FUTURE_GROWTH; no DEFAULT or zero-growth assumption","MY:2040:Industry:IndustryFinalEnergy:coal","IndustryFinalEnergy","true","true","false","MISSING","MY:coal","false","false","","Industry","","","",""
"MY","2040","Industry","IndustryFinalEnergy","gas","DIRECT_FUEL","","","","","IndustryFinalEnergy","EXPLICIT","","2019","","","PENDING_ACCEPTED_COUNTRY_NODE_WEIGHTS","PENDING_ACCEPTED_SHAPE_AND_PHYSICAL_WEIGHTS","false","false","FIXED","PENDING","REPRESENTATION_ACCEPTED_NUMERIC_PENDING","PENDING_FUTURE_GROWTH; no DEFAULT or zero-growth assumption","MY:2040:Industry:IndustryFinalEnergy:gas","IndustryFinalEnergy","true","true","false","MISSING","MY:gas","false","false","","Industry","","","",""
"MY","2040","Industry","IndustryFinalEnergy","oil","DIRECT_FUEL","","","","","IndustryFinalEnergy","EXPLICIT","","2019","","","PENDING_ACCEPTED_COUNTRY_NODE_WEIGHTS","PENDING_ACCEPTED_SHAPE_AND_PHYSICAL_WEIGHTS","false","false","FIXED","PENDING","REPRESENTATION_ACCEPTED_NUMERIC_PENDING","PENDING_FUTURE_GROWTH; no DEFAULT or zero-growth assumption","MY:2040:Industry:IndustryFinalEnergy:oil","IndustryFinalEnergy","true","true","false","MISSING","MY:oil","false","false","","Industry","","","",""
"MY","2050","Industry","IndustryDirectElectricity","electricity","EMBEDDED","","","","Astar","IndustryDirectElectricity","EMBEDDED","","2019","","","PENDING_ACCEPTED_COUNTRY_NODE_WEIGHTS","PENDING_ACCEPTED_SHAPE_AND_PHYSICAL_WEIGHTS","true","false","FIXED","PENDING","REPRESENTATION_ACCEPTED_NUMERIC_PENDING","Future direct electricity remains within Astar; no separate Load; growth unaccepted","MY:2050:Industry:IndustryDirectElectricity:electricity","Astar","false","false","false","MISSING","MY:electricity","false","false","","Industry","","","",""
"MY","2050","Industry","IndustryFinalEnergy","biomass","DIRECT_FUEL","","","","","IndustryFinalEnergy","EXPLICIT","","2019","","","PENDING_ACCEPTED_COUNTRY_NODE_WEIGHTS","PENDING_ACCEPTED_SHAPE_AND_PHYSICAL_WEIGHTS","false","false","FIXED","PENDING","REPRESENTATION_ACCEPTED_NUMERIC_PENDING","PENDING_FUTURE_GROWTH; no DEFAULT or zero-growth assumption","MY:2050:Industry:IndustryFinalEnergy:biomass","IndustryFinalEnergy","true","true","false","MISSING","MY:biomass","false","false","","Industry","","","",""
"MY","2050","Industry","IndustryFinalEnergy","coal","DIRECT_FUEL","","","","","IndustryFinalEnergy","EXPLICIT","","2019","","","PENDING_ACCEPTED_COUNTRY_NODE_WEIGHTS","PENDING_ACCEPTED_SHAPE_AND_PHYSICAL_WEIGHTS","false","false","FIXED","PENDING","REPRESENTATION_ACCEPTED_NUMERIC_PENDING","PENDING_FUTURE_GROWTH; no DEFAULT or zero-growth assumption","MY:2050:Industry:IndustryFinalEnergy:coal","IndustryFinalEnergy","true","true","false","MISSING","MY:coal","false","false","","Industry","","","",""
"MY","2050","Industry","IndustryFinalEnergy","gas","DIRECT_FUEL","","","","","IndustryFinalEnergy","EXPLICIT","","2019","","","PENDING_ACCEPTED_COUNTRY_NODE_WEIGHTS","PENDING_ACCEPTED_SHAPE_AND_PHYSICAL_WEIGHTS","false","false","FIXED","PENDING","REPRESENTATION_ACCEPTED_NUMERIC_PENDING","PENDING_FUTURE_GROWTH; no DEFAULT or zero-growth assumption","MY:2050:Industry:IndustryFinalEnergy:gas","IndustryFinalEnergy","true","true","false","MISSING","MY:gas","false","false","","Industry","","","",""
"MY","2050","Industry","IndustryFinalEnergy","oil","DIRECT_FUEL","","","","","IndustryFinalEnergy","EXPLICIT","","2019","","","PENDING_ACCEPTED_COUNTRY_NODE_WEIGHTS","PENDING_ACCEPTED_SHAPE_AND_PHYSICAL_WEIGHTS","false","false","FIXED","PENDING","REPRESENTATION_ACCEPTED_NUMERIC_PENDING","PENDING_FUTURE_GROWTH; no DEFAULT or zero-growth assumption","MY:2050:Industry:IndustryFinalEnergy:oil","IndustryFinalEnergy","true","true","false","MISSING","MY:oil","false","false","","Industry","","","",""
"PH","2019","Industry","IndustryCacheElectricityReference","electricity","DIRECT_FUEL","28194100","MWh/year","28194100.0","","IndustryCacheElectricityReference","REFERENCE","/home/jin/research/SGP_ESE5004_Stage2/pypsa-asean/resources/baseline-aims-3H-tutorial/demand/base_industry_totals_2030.csv","2019","c62e8edab8451f93a4273f9214e6259306ea7e01a6ba9c85e7b7db48978aa404","Frozen derived cache; MWh/year -> MWh; raw/calorific provenance still pending","PENDING_ACCEPTED_COUNTRY_NODE_WEIGHTS","PENDING_ACCEPTED_SHAPE_AND_PHYSICAL_WEIGHTS","false","false","FIXED","REFERENCE_ONLY","REPRESENTATION_ACCEPTED_NUMERIC_PENDING","Base 2019 country/carrier sum of 13 cached industries; pre-NH3 deduction; raw calorific/feedstock boundary pending","PH:2019:Industry:IndustryCacheElectricityReference:electricity","IndustryCacheElectricityReference","false","false","false","POSITIVE_CACHE_VALUE","PH:electricity","false","false","PH/electricity; sum 13 columns","Industry","","","",""
"PH","2019","Industry","IndustryDirectElectricity","electricity","DIRECT_ELECTRICITY","28194.1","Kilowatt-hours, million","28194100.0","Astar","IndustryDirectElectricity","EMBEDDED","/home/jin/research/SGP_ESE5004_Stage2/pypsa-asean/data/demand/unsd/data/UNdata_Export_20250502_110820872.txt","2019","12c99b3c40927449d9a4d0402f255a8b84b24917ff58e54efd4ec43b2125fe6b","Exact raw transaction; million kWh * 1000 = MWh; no losses or AEO scaling","PENDING_ACCEPTED_COUNTRY_NODE_WEIGHTS","PENDING_ACCEPTED_SHAPE_AND_PHYSICAL_WEIGHTS","true","false","FIXED","PENDING","REPRESENTATION_ACCEPTED_NUMERIC_PENDING","Industrial final electricity stays inside Astar; no second industry Load. No process/service conversion","PH:2019:Industry:IndustryDirectElectricity:electricity","Astar","false","false","false","REPORTED_VALUE","PH:electricity","false","false","Consumption by manufacturing, construction and non-fuel industry; physical line end 70608","Industry","","","",""
"PH","2019","Industry","IndustryFuel","biomass","DIRECT_FUEL","7403607.9918773947","MWh/year","7403607.991877395","","IndustryFuel","EXPLICIT","/home/jin/research/SGP_ESE5004_Stage2/pypsa-asean/resources/baseline-aims-3H-tutorial/demand/base_industry_totals_2030.csv","2019","c62e8edab8451f93a4273f9214e6259306ea7e01a6ba9c85e7b7db48978aa404","Frozen derived cache; MWh/year -> MWh; raw/calorific provenance still pending","PENDING_ACCEPTED_COUNTRY_NODE_WEIGHTS","PENDING_ACCEPTED_SHAPE_AND_PHYSICAL_WEIGHTS","false","false","FIXED","FROZEN_UPSTREAM","REPRESENTATION_ACCEPTED_NUMERIC_PENDING","Base 2019 country/carrier sum of 13 cached industries; pre-NH3 deduction; raw calorific/feedstock boundary pending","PH:2019:Industry:IndustryFuel:biomass","IndustryFuel","true","true","false","POSITIVE_CACHE_VALUE","PH:biomass","false","false","PH/biomass; sum 13 columns","Industry","","","",""
"PH","2019","Industry","IndustryFuel","coal","DIRECT_FUEL","16336133.4","MWh/year","16336133.4","","IndustryFuel","EXPLICIT","/home/jin/research/SGP_ESE5004_Stage2/pypsa-asean/resources/baseline-aims-3H-tutorial/demand/base_industry_totals_2030.csv","2019","c62e8edab8451f93a4273f9214e6259306ea7e01a6ba9c85e7b7db48978aa404","Frozen derived cache; MWh/year -> MWh; raw/calorific provenance still pending","PENDING_ACCEPTED_COUNTRY_NODE_WEIGHTS","PENDING_ACCEPTED_SHAPE_AND_PHYSICAL_WEIGHTS","false","false","FIXED","FROZEN_UPSTREAM","REPRESENTATION_ACCEPTED_NUMERIC_PENDING","Base 2019 country/carrier sum of 13 cached industries; pre-NH3 deduction; raw calorific/feedstock boundary pending; MISSING_ENERGY_OBLIGATION in upstream add_industry","PH:2019:Industry:IndustryFuel:coal","IndustryFuel","true","true","false","POSITIVE_CACHE_VALUE","PH:coal","false","true","PH/coal; sum 13 columns","Industry","","","",""
"PH","2019","Industry","IndustryFuel","gas","DIRECT_FUEL","810769.66666666663","MWh/year","810769.6666666666","","IndustryFuel","EXPLICIT","/home/jin/research/SGP_ESE5004_Stage2/pypsa-asean/resources/baseline-aims-3H-tutorial/demand/base_industry_totals_2030.csv","2019","c62e8edab8451f93a4273f9214e6259306ea7e01a6ba9c85e7b7db48978aa404","Frozen derived cache; MWh/year -> MWh; raw/calorific provenance still pending","PENDING_ACCEPTED_COUNTRY_NODE_WEIGHTS","PENDING_ACCEPTED_SHAPE_AND_PHYSICAL_WEIGHTS","false","false","FIXED","FROZEN_UPSTREAM","REPRESENTATION_ACCEPTED_NUMERIC_PENDING","Base 2019 country/carrier sum of 13 cached industries; pre-NH3 deduction; raw calorific/feedstock boundary pending","PH:2019:Industry:IndustryFuel:gas","IndustryFuel","true","true","false","POSITIVE_CACHE_VALUE","PH:gas","false","false","PH/gas; sum 13 columns","Industry","","","",""
"PH","2019","Industry","IndustryFuel","heat","DIRECT_FUEL","","MWh/year","","","IndustryFuel","PENDING","/home/jin/research/SGP_ESE5004_Stage2/pypsa-asean/resources/baseline-aims-3H-tutorial/demand/base_industry_totals_2030.csv","2019","c62e8edab8451f93a4273f9214e6259306ea7e01a6ba9c85e7b7db48978aa404","Frozen derived cache; MWh/year -> MWh; raw/calorific provenance still pending","PENDING_ACCEPTED_COUNTRY_NODE_WEIGHTS","PENDING_ACCEPTED_SHAPE_AND_PHYSICAL_WEIGHTS","false","false","FIXED","MISSING","REPRESENTATION_ACCEPTED_NUMERIC_PENDING","No accepted independent H2 or qualified heat service; no new service obligation","PH:2019:Industry:IndustryFuel:heat","IndustryFuel","false","false","false","MISSING","PH:heat","false","false","PH/heat; sum 13 columns","Industry","","","",""
"PH","2019","Industry","IndustryFuel","hydrogen","DIRECT_FUEL","","MWh/year","","","IndustryFuel","PENDING","/home/jin/research/SGP_ESE5004_Stage2/pypsa-asean/resources/baseline-aims-3H-tutorial/demand/base_industry_totals_2030.csv","2019","c62e8edab8451f93a4273f9214e6259306ea7e01a6ba9c85e7b7db48978aa404","Frozen derived cache; MWh/year -> MWh; raw/calorific provenance still pending","PENDING_ACCEPTED_COUNTRY_NODE_WEIGHTS","PENDING_ACCEPTED_SHAPE_AND_PHYSICAL_WEIGHTS","false","false","FIXED","MISSING","REPRESENTATION_ACCEPTED_NUMERIC_PENDING","No accepted independent H2 or qualified heat service; no new service obligation","PH:2019:Industry:IndustryFuel:hydrogen","IndustryFuel","false","false","false","MISSING","PH:hydrogen","false","false","PH/hydrogen; sum 13 columns","Industry","","","",""
"PH","2019","Industry","IndustryFuel","oil","DIRECT_FUEL","16672554","MWh/year","16672554.0","","IndustryFuel","EXPLICIT","/home/jin/research/SGP_ESE5004_Stage2/pypsa-asean/resources/baseline-aims-3H-tutorial/demand/base_industry_totals_2030.csv","2019","c62e8edab8451f93a4273f9214e6259306ea7e01a6ba9c85e7b7db48978aa404","Frozen derived cache; MWh/year -> MWh; raw/calorific provenance still pending","PENDING_ACCEPTED_COUNTRY_NODE_WEIGHTS","PENDING_ACCEPTED_SHAPE_AND_PHYSICAL_WEIGHTS","false","false","FIXED","FROZEN_UPSTREAM","REPRESENTATION_ACCEPTED_NUMERIC_PENDING","Base 2019 country/carrier sum of 13 cached industries; pre-NH3 deduction; raw calorific/feedstock boundary pending","PH:2019:Industry:IndustryFuel:oil","IndustryFuel","true","true","false","POSITIVE_CACHE_VALUE","PH:oil","false","false","PH/oil; sum 13 columns","Industry","","","",""
"PH","2030","Industry","IndustryDirectElectricity","electricity","EMBEDDED","","","","Astar","IndustryDirectElectricity","EMBEDDED","","2019","","","PENDING_ACCEPTED_COUNTRY_NODE_WEIGHTS","PENDING_ACCEPTED_SHAPE_AND_PHYSICAL_WEIGHTS","true","false","FIXED","PENDING","REPRESENTATION_ACCEPTED_NUMERIC_PENDING","Future direct electricity remains within Astar; no separate Load; growth unaccepted","PH:2030:Industry:IndustryDirectElectricity:electricity","Astar","false","false","false","MISSING","PH:electricity","false","false","","Industry","","","",""
"PH","2030","Industry","IndustryFinalEnergy","biomass","DIRECT_FUEL","","","","","IndustryFinalEnergy","EXPLICIT","","2019","","","PENDING_ACCEPTED_COUNTRY_NODE_WEIGHTS","PENDING_ACCEPTED_SHAPE_AND_PHYSICAL_WEIGHTS","false","false","FIXED","PENDING","REPRESENTATION_ACCEPTED_NUMERIC_PENDING","PENDING_FUTURE_GROWTH; no DEFAULT or zero-growth assumption","PH:2030:Industry:IndustryFinalEnergy:biomass","IndustryFinalEnergy","true","true","false","MISSING","PH:biomass","false","false","","Industry","","","",""
"PH","2030","Industry","IndustryFinalEnergy","coal","DIRECT_FUEL","","","","","IndustryFinalEnergy","EXPLICIT","","2019","","","PENDING_ACCEPTED_COUNTRY_NODE_WEIGHTS","PENDING_ACCEPTED_SHAPE_AND_PHYSICAL_WEIGHTS","false","false","FIXED","PENDING","REPRESENTATION_ACCEPTED_NUMERIC_PENDING","PENDING_FUTURE_GROWTH; no DEFAULT or zero-growth assumption","PH:2030:Industry:IndustryFinalEnergy:coal","IndustryFinalEnergy","true","true","false","MISSING","PH:coal","false","false","","Industry","","","",""
"PH","2030","Industry","IndustryFinalEnergy","gas","DIRECT_FUEL","","","","","IndustryFinalEnergy","EXPLICIT","","2019","","","PENDING_ACCEPTED_COUNTRY_NODE_WEIGHTS","PENDING_ACCEPTED_SHAPE_AND_PHYSICAL_WEIGHTS","false","false","FIXED","PENDING","REPRESENTATION_ACCEPTED_NUMERIC_PENDING","PENDING_FUTURE_GROWTH; no DEFAULT or zero-growth assumption","PH:2030:Industry:IndustryFinalEnergy:gas","IndustryFinalEnergy","true","true","false","MISSING","PH:gas","false","false","","Industry","","","",""
"PH","2030","Industry","IndustryFinalEnergy","oil","DIRECT_FUEL","","","","","IndustryFinalEnergy","EXPLICIT","","2019","","","PENDING_ACCEPTED_COUNTRY_NODE_WEIGHTS","PENDING_ACCEPTED_SHAPE_AND_PHYSICAL_WEIGHTS","false","false","FIXED","PENDING","REPRESENTATION_ACCEPTED_NUMERIC_PENDING","PENDING_FUTURE_GROWTH; no DEFAULT or zero-growth assumption","PH:2030:Industry:IndustryFinalEnergy:oil","IndustryFinalEnergy","true","true","false","MISSING","PH:oil","false","false","","Industry","","","",""
"PH","2040","Industry","IndustryDirectElectricity","electricity","EMBEDDED","","","","Astar","IndustryDirectElectricity","EMBEDDED","","2019","","","PENDING_ACCEPTED_COUNTRY_NODE_WEIGHTS","PENDING_ACCEPTED_SHAPE_AND_PHYSICAL_WEIGHTS","true","false","FIXED","PENDING","REPRESENTATION_ACCEPTED_NUMERIC_PENDING","Future direct electricity remains within Astar; no separate Load; growth unaccepted","PH:2040:Industry:IndustryDirectElectricity:electricity","Astar","false","false","false","MISSING","PH:electricity","false","false","","Industry","","","",""
"PH","2040","Industry","IndustryFinalEnergy","biomass","DIRECT_FUEL","","","","","IndustryFinalEnergy","EXPLICIT","","2019","","","PENDING_ACCEPTED_COUNTRY_NODE_WEIGHTS","PENDING_ACCEPTED_SHAPE_AND_PHYSICAL_WEIGHTS","false","false","FIXED","PENDING","REPRESENTATION_ACCEPTED_NUMERIC_PENDING","PENDING_FUTURE_GROWTH; no DEFAULT or zero-growth assumption","PH:2040:Industry:IndustryFinalEnergy:biomass","IndustryFinalEnergy","true","true","false","MISSING","PH:biomass","false","false","","Industry","","","",""
"PH","2040","Industry","IndustryFinalEnergy","coal","DIRECT_FUEL","","","","","IndustryFinalEnergy","EXPLICIT","","2019","","","PENDING_ACCEPTED_COUNTRY_NODE_WEIGHTS","PENDING_ACCEPTED_SHAPE_AND_PHYSICAL_WEIGHTS","false","false","FIXED","PENDING","REPRESENTATION_ACCEPTED_NUMERIC_PENDING","PENDING_FUTURE_GROWTH; no DEFAULT or zero-growth assumption","PH:2040:Industry:IndustryFinalEnergy:coal","IndustryFinalEnergy","true","true","false","MISSING","PH:coal","false","false","","Industry","","","",""
"PH","2040","Industry","IndustryFinalEnergy","gas","DIRECT_FUEL","","","","","IndustryFinalEnergy","EXPLICIT","","2019","","","PENDING_ACCEPTED_COUNTRY_NODE_WEIGHTS","PENDING_ACCEPTED_SHAPE_AND_PHYSICAL_WEIGHTS","false","false","FIXED","PENDING","REPRESENTATION_ACCEPTED_NUMERIC_PENDING","PENDING_FUTURE_GROWTH; no DEFAULT or zero-growth assumption","PH:2040:Industry:IndustryFinalEnergy:gas","IndustryFinalEnergy","true","true","false","MISSING","PH:gas","false","false","","Industry","","","",""
"PH","2040","Industry","IndustryFinalEnergy","oil","DIRECT_FUEL","","","","","IndustryFinalEnergy","EXPLICIT","","2019","","","PENDING_ACCEPTED_COUNTRY_NODE_WEIGHTS","PENDING_ACCEPTED_SHAPE_AND_PHYSICAL_WEIGHTS","false","false","FIXED","PENDING","REPRESENTATION_ACCEPTED_NUMERIC_PENDING","PENDING_FUTURE_GROWTH; no DEFAULT or zero-growth assumption","PH:2040:Industry:IndustryFinalEnergy:oil","IndustryFinalEnergy","true","true","false","MISSING","PH:oil","false","false","","Industry","","","",""
"PH","2050","Industry","IndustryDirectElectricity","electricity","EMBEDDED","","","","Astar","IndustryDirectElectricity","EMBEDDED","","2019","","","PENDING_ACCEPTED_COUNTRY_NODE_WEIGHTS","PENDING_ACCEPTED_SHAPE_AND_PHYSICAL_WEIGHTS","true","false","FIXED","PENDING","REPRESENTATION_ACCEPTED_NUMERIC_PENDING","Future direct electricity remains within Astar; no separate Load; growth unaccepted","PH:2050:Industry:IndustryDirectElectricity:electricity","Astar","false","false","false","MISSING","PH:electricity","false","false","","Industry","","","",""
"PH","2050","Industry","IndustryFinalEnergy","biomass","DIRECT_FUEL","","","","","IndustryFinalEnergy","EXPLICIT","","2019","","","PENDING_ACCEPTED_COUNTRY_NODE_WEIGHTS","PENDING_ACCEPTED_SHAPE_AND_PHYSICAL_WEIGHTS","false","false","FIXED","PENDING","REPRESENTATION_ACCEPTED_NUMERIC_PENDING","PENDING_FUTURE_GROWTH; no DEFAULT or zero-growth assumption","PH:2050:Industry:IndustryFinalEnergy:biomass","IndustryFinalEnergy","true","true","false","MISSING","PH:biomass","false","false","","Industry","","","",""
"PH","2050","Industry","IndustryFinalEnergy","coal","DIRECT_FUEL","","","","","IndustryFinalEnergy","EXPLICIT","","2019","","","PENDING_ACCEPTED_COUNTRY_NODE_WEIGHTS","PENDING_ACCEPTED_SHAPE_AND_PHYSICAL_WEIGHTS","false","false","FIXED","PENDING","REPRESENTATION_ACCEPTED_NUMERIC_PENDING","PENDING_FUTURE_GROWTH; no DEFAULT or zero-growth assumption","PH:2050:Industry:IndustryFinalEnergy:coal","IndustryFinalEnergy","true","true","false","MISSING","PH:coal","false","false","","Industry","","","",""
"PH","2050","Industry","IndustryFinalEnergy","gas","DIRECT_FUEL","","","","","IndustryFinalEnergy","EXPLICIT","","2019","","","PENDING_ACCEPTED_COUNTRY_NODE_WEIGHTS","PENDING_ACCEPTED_SHAPE_AND_PHYSICAL_WEIGHTS","false","false","FIXED","PENDING","REPRESENTATION_ACCEPTED_NUMERIC_PENDING","PENDING_FUTURE_GROWTH; no DEFAULT or zero-growth assumption","PH:2050:Industry:IndustryFinalEnergy:gas","IndustryFinalEnergy","true","true","false","MISSING","PH:gas","false","false","","Industry","","","",""
"PH","2050","Industry","IndustryFinalEnergy","oil","DIRECT_FUEL","","","","","IndustryFinalEnergy","EXPLICIT","","2019","","","PENDING_ACCEPTED_COUNTRY_NODE_WEIGHTS","PENDING_ACCEPTED_SHAPE_AND_PHYSICAL_WEIGHTS","false","false","FIXED","PENDING","REPRESENTATION_ACCEPTED_NUMERIC_PENDING","PENDING_FUTURE_GROWTH; no DEFAULT or zero-growth assumption","PH:2050:Industry:IndustryFinalEnergy:oil","IndustryFinalEnergy","true","true","false","MISSING","PH:oil","false","false","","Industry","","","",""
"SG","2019","Industry","IndustryCacheElectricityReference","electricity","DIRECT_FUEL","21463900.000000004","MWh/year","21463900.000000004","","IndustryCacheElectricityReference","REFERENCE","/home/jin/research/SGP_ESE5004_Stage2/pypsa-asean/resources/baseline-aims-3H-tutorial/demand/base_industry_totals_2030.csv","2019","c62e8edab8451f93a4273f9214e6259306ea7e01a6ba9c85e7b7db48978aa404","Frozen derived cache; MWh/year -> MWh; raw/calorific provenance still pending","PENDING_ACCEPTED_COUNTRY_NODE_WEIGHTS","PENDING_ACCEPTED_SHAPE_AND_PHYSICAL_WEIGHTS","false","false","FIXED","REFERENCE_ONLY","REPRESENTATION_ACCEPTED_NUMERIC_PENDING","Base 2019 country/carrier sum of 13 cached industries; pre-NH3 deduction; raw calorific/feedstock boundary pending","SG:2019:Industry:IndustryCacheElectricityReference:electricity","IndustryCacheElectricityReference","false","false","false","POSITIVE_CACHE_VALUE","SG:electricity","false","false","SG/electricity; sum 13 columns","Industry","","","",""
"SG","2019","Industry","IndustryDirectElectricity","electricity","DIRECT_ELECTRICITY","21463.9","Kilowatt-hours, million","21463900.0","Astar","IndustryDirectElectricity","EMBEDDED","/home/jin/research/SGP_ESE5004_Stage2/pypsa-asean/data/demand/unsd/data/UNdata_Export_20250502_110820872.txt","2019","12c99b3c40927449d9a4d0402f255a8b84b24917ff58e54efd4ec43b2125fe6b","Exact raw transaction; million kWh * 1000 = MWh; no losses or AEO scaling","PENDING_ACCEPTED_COUNTRY_NODE_WEIGHTS","PENDING_ACCEPTED_SHAPE_AND_PHYSICAL_WEIGHTS","true","false","FIXED","PENDING","REPRESENTATION_ACCEPTED_NUMERIC_PENDING","Industrial final electricity stays inside Astar; no second industry Load. No process/service conversion","SG:2019:Industry:IndustryDirectElectricity:electricity","Astar","false","false","false","REPORTED_VALUE","SG:electricity","false","false","Consumption by manufacturing, construction and non-fuel industry; physical line end 79025","Industry","","","",""
"SG","2019","Industry","IndustryFuel","biomass","DIRECT_FUEL","","MWh/year","","","IndustryFuel","EXPLICIT","/home/jin/research/SGP_ESE5004_Stage2/pypsa-asean/resources/baseline-aims-3H-tutorial/demand/base_industry_totals_2030.csv","2019","c62e8edab8451f93a4273f9214e6259306ea7e01a6ba9c85e7b7db48978aa404","Frozen derived cache; MWh/year -> MWh; raw/calorific provenance still pending","PENDING_ACCEPTED_COUNTRY_NODE_WEIGHTS","PENDING_ACCEPTED_SHAPE_AND_PHYSICAL_WEIGHTS","false","false","FIXED","MISSING","REPRESENTATION_ACCEPTED_NUMERIC_PENDING","Base 2019 country/carrier sum of 13 cached industries; pre-NH3 deduction; raw calorific/feedstock boundary pending","SG:2019:Industry:IndustryFuel:biomass","IndustryFuel","true","true","false","MISSING","SG:biomass","false","false","SG/biomass; sum 13 columns","Industry","","","",""
"SG","2019","Industry","IndustryFuel","coal","DIRECT_FUEL","2103964.5230970001","MWh/year","2103964.523097","","IndustryFuel","EXPLICIT","/home/jin/research/SGP_ESE5004_Stage2/pypsa-asean/resources/baseline-aims-3H-tutorial/demand/base_industry_totals_2030.csv","2019","c62e8edab8451f93a4273f9214e6259306ea7e01a6ba9c85e7b7db48978aa404","Frozen derived cache; MWh/year -> MWh; raw/calorific provenance still pending","PENDING_ACCEPTED_COUNTRY_NODE_WEIGHTS","PENDING_ACCEPTED_SHAPE_AND_PHYSICAL_WEIGHTS","false","false","FIXED","FROZEN_UPSTREAM","REPRESENTATION_ACCEPTED_NUMERIC_PENDING","Base 2019 country/carrier sum of 13 cached industries; pre-NH3 deduction; raw calorific/feedstock boundary pending; MISSING_ENERGY_OBLIGATION in upstream add_industry","SG:2019:Industry:IndustryFuel:coal","IndustryFuel","true","true","false","POSITIVE_CACHE_VALUE","SG:coal","false","true","SG/coal; sum 13 columns","Industry","","","",""
"SG","2019","Industry","IndustryFuel","gas","DIRECT_FUEL","15410250","MWh/year","15410250.0","","IndustryFuel","EXPLICIT","/home/jin/research/SGP_ESE5004_Stage2/pypsa-asean/resources/baseline-aims-3H-tutorial/demand/base_industry_totals_2030.csv","2019","c62e8edab8451f93a4273f9214e6259306ea7e01a6ba9c85e7b7db48978aa404","Frozen derived cache; MWh/year -> MWh; raw/calorific provenance still pending","PENDING_ACCEPTED_COUNTRY_NODE_WEIGHTS","PENDING_ACCEPTED_SHAPE_AND_PHYSICAL_WEIGHTS","false","false","FIXED","FROZEN_UPSTREAM","REPRESENTATION_ACCEPTED_NUMERIC_PENDING","Base 2019 country/carrier sum of 13 cached industries; pre-NH3 deduction; raw calorific/feedstock boundary pending","SG:2019:Industry:IndustryFuel:gas","IndustryFuel","true","true","false","POSITIVE_CACHE_VALUE","SG:gas","false","false","SG/gas; sum 13 columns","Industry","","","",""
"SG","2019","Industry","IndustryFuel","heat","DIRECT_FUEL","","MWh/year","","","IndustryFuel","PENDING","/home/jin/research/SGP_ESE5004_Stage2/pypsa-asean/resources/baseline-aims-3H-tutorial/demand/base_industry_totals_2030.csv","2019","c62e8edab8451f93a4273f9214e6259306ea7e01a6ba9c85e7b7db48978aa404","Frozen derived cache; MWh/year -> MWh; raw/calorific provenance still pending","PENDING_ACCEPTED_COUNTRY_NODE_WEIGHTS","PENDING_ACCEPTED_SHAPE_AND_PHYSICAL_WEIGHTS","false","false","FIXED","MISSING","REPRESENTATION_ACCEPTED_NUMERIC_PENDING","No accepted independent H2 or qualified heat service; no new service obligation","SG:2019:Industry:IndustryFuel:heat","IndustryFuel","false","false","false","MISSING","SG:heat","false","false","SG/heat; sum 13 columns","Industry","","","",""
"SG","2019","Industry","IndustryFuel","hydrogen","DIRECT_FUEL","","MWh/year","","","IndustryFuel","PENDING","/home/jin/research/SGP_ESE5004_Stage2/pypsa-asean/resources/baseline-aims-3H-tutorial/demand/base_industry_totals_2030.csv","2019","c62e8edab8451f93a4273f9214e6259306ea7e01a6ba9c85e7b7db48978aa404","Frozen derived cache; MWh/year -> MWh; raw/calorific provenance still pending","PENDING_ACCEPTED_COUNTRY_NODE_WEIGHTS","PENDING_ACCEPTED_SHAPE_AND_PHYSICAL_WEIGHTS","false","false","FIXED","MISSING","REPRESENTATION_ACCEPTED_NUMERIC_PENDING","No accepted independent H2 or qualified heat service; no new service obligation","SG:2019:Industry:IndustryFuel:hydrogen","IndustryFuel","false","false","false","MISSING","SG:hydrogen","false","false","SG/hydrogen; sum 13 columns","Industry","","","",""
"SG","2019","Industry","IndustryFuel","oil","DIRECT_FUEL","40778818.702","MWh/year","40778818.702","","IndustryFuel","EXPLICIT","/home/jin/research/SGP_ESE5004_Stage2/pypsa-asean/resources/baseline-aims-3H-tutorial/demand/base_industry_totals_2030.csv","2019","c62e8edab8451f93a4273f9214e6259306ea7e01a6ba9c85e7b7db48978aa404","Frozen derived cache; MWh/year -> MWh; raw/calorific provenance still pending","PENDING_ACCEPTED_COUNTRY_NODE_WEIGHTS","PENDING_ACCEPTED_SHAPE_AND_PHYSICAL_WEIGHTS","false","false","FIXED","FROZEN_UPSTREAM","REPRESENTATION_ACCEPTED_NUMERIC_PENDING","Base 2019 country/carrier sum of 13 cached industries; pre-NH3 deduction; raw calorific/feedstock boundary pending","SG:2019:Industry:IndustryFuel:oil","IndustryFuel","true","true","false","POSITIVE_CACHE_VALUE","SG:oil","false","false","SG/oil; sum 13 columns","Industry","","","",""
"SG","2030","Industry","IndustryDirectElectricity","electricity","EMBEDDED","","","","Astar","IndustryDirectElectricity","EMBEDDED","","2019","","","PENDING_ACCEPTED_COUNTRY_NODE_WEIGHTS","PENDING_ACCEPTED_SHAPE_AND_PHYSICAL_WEIGHTS","true","false","FIXED","PENDING","REPRESENTATION_ACCEPTED_NUMERIC_PENDING","Future direct electricity remains within Astar; no separate Load; growth unaccepted","SG:2030:Industry:IndustryDirectElectricity:electricity","Astar","false","false","false","MISSING","SG:electricity","false","false","","Industry","","","",""
"SG","2030","Industry","IndustryFinalEnergy","biomass","DIRECT_FUEL","","","","","IndustryFinalEnergy","EXPLICIT","","2019","","","PENDING_ACCEPTED_COUNTRY_NODE_WEIGHTS","PENDING_ACCEPTED_SHAPE_AND_PHYSICAL_WEIGHTS","false","false","FIXED","PENDING","REPRESENTATION_ACCEPTED_NUMERIC_PENDING","PENDING_FUTURE_GROWTH; no DEFAULT or zero-growth assumption","SG:2030:Industry:IndustryFinalEnergy:biomass","IndustryFinalEnergy","true","true","false","MISSING","SG:biomass","false","false","","Industry","","","",""
"SG","2030","Industry","IndustryFinalEnergy","coal","DIRECT_FUEL","","","","","IndustryFinalEnergy","EXPLICIT","","2019","","","PENDING_ACCEPTED_COUNTRY_NODE_WEIGHTS","PENDING_ACCEPTED_SHAPE_AND_PHYSICAL_WEIGHTS","false","false","FIXED","PENDING","REPRESENTATION_ACCEPTED_NUMERIC_PENDING","PENDING_FUTURE_GROWTH; no DEFAULT or zero-growth assumption","SG:2030:Industry:IndustryFinalEnergy:coal","IndustryFinalEnergy","true","true","false","MISSING","SG:coal","false","false","","Industry","","","",""
"SG","2030","Industry","IndustryFinalEnergy","gas","DIRECT_FUEL","","","","","IndustryFinalEnergy","EXPLICIT","","2019","","","PENDING_ACCEPTED_COUNTRY_NODE_WEIGHTS","PENDING_ACCEPTED_SHAPE_AND_PHYSICAL_WEIGHTS","false","false","FIXED","PENDING","REPRESENTATION_ACCEPTED_NUMERIC_PENDING","PENDING_FUTURE_GROWTH; no DEFAULT or zero-growth assumption","SG:2030:Industry:IndustryFinalEnergy:gas","IndustryFinalEnergy","true","true","false","MISSING","SG:gas","false","false","","Industry","","","",""
"SG","2030","Industry","IndustryFinalEnergy","oil","DIRECT_FUEL","","","","","IndustryFinalEnergy","EXPLICIT","","2019","","","PENDING_ACCEPTED_COUNTRY_NODE_WEIGHTS","PENDING_ACCEPTED_SHAPE_AND_PHYSICAL_WEIGHTS","false","false","FIXED","PENDING","REPRESENTATION_ACCEPTED_NUMERIC_PENDING","PENDING_FUTURE_GROWTH; no DEFAULT or zero-growth assumption","SG:2030:Industry:IndustryFinalEnergy:oil","IndustryFinalEnergy","true","true","false","MISSING","SG:oil","false","false","","Industry","","","",""
"SG","2040","Industry","IndustryDirectElectricity","electricity","EMBEDDED","","","","Astar","IndustryDirectElectricity","EMBEDDED","","2019","","","PENDING_ACCEPTED_COUNTRY_NODE_WEIGHTS","PENDING_ACCEPTED_SHAPE_AND_PHYSICAL_WEIGHTS","true","false","FIXED","PENDING","REPRESENTATION_ACCEPTED_NUMERIC_PENDING","Future direct electricity remains within Astar; no separate Load; growth unaccepted","SG:2040:Industry:IndustryDirectElectricity:electricity","Astar","false","false","false","MISSING","SG:electricity","false","false","","Industry","","","",""
"SG","2040","Industry","IndustryFinalEnergy","biomass","DIRECT_FUEL","","","","","IndustryFinalEnergy","EXPLICIT","","2019","","","PENDING_ACCEPTED_COUNTRY_NODE_WEIGHTS","PENDING_ACCEPTED_SHAPE_AND_PHYSICAL_WEIGHTS","false","false","FIXED","PENDING","REPRESENTATION_ACCEPTED_NUMERIC_PENDING","PENDING_FUTURE_GROWTH; no DEFAULT or zero-growth assumption","SG:2040:Industry:IndustryFinalEnergy:biomass","IndustryFinalEnergy","true","true","false","MISSING","SG:biomass","false","false","","Industry","","","",""
"SG","2040","Industry","IndustryFinalEnergy","coal","DIRECT_FUEL","","","","","IndustryFinalEnergy","EXPLICIT","","2019","","","PENDING_ACCEPTED_COUNTRY_NODE_WEIGHTS","PENDING_ACCEPTED_SHAPE_AND_PHYSICAL_WEIGHTS","false","false","FIXED","PENDING","REPRESENTATION_ACCEPTED_NUMERIC_PENDING","PENDING_FUTURE_GROWTH; no DEFAULT or zero-growth assumption","SG:2040:Industry:IndustryFinalEnergy:coal","IndustryFinalEnergy","true","true","false","MISSING","SG:coal","false","false","","Industry","","","",""
"SG","2040","Industry","IndustryFinalEnergy","gas","DIRECT_FUEL","","","","","IndustryFinalEnergy","EXPLICIT","","2019","","","PENDING_ACCEPTED_COUNTRY_NODE_WEIGHTS","PENDING_ACCEPTED_SHAPE_AND_PHYSICAL_WEIGHTS","false","false","FIXED","PENDING","REPRESENTATION_ACCEPTED_NUMERIC_PENDING","PENDING_FUTURE_GROWTH; no DEFAULT or zero-growth assumption","SG:2040:Industry:IndustryFinalEnergy:gas","IndustryFinalEnergy","true","true","false","MISSING","SG:gas","false","false","","Industry","","","",""
"SG","2040","Industry","IndustryFinalEnergy","oil","DIRECT_FUEL","","","","","IndustryFinalEnergy","EXPLICIT","","2019","","","PENDING_ACCEPTED_COUNTRY_NODE_WEIGHTS","PENDING_ACCEPTED_SHAPE_AND_PHYSICAL_WEIGHTS","false","false","FIXED","PENDING","REPRESENTATION_ACCEPTED_NUMERIC_PENDING","PENDING_FUTURE_GROWTH; no DEFAULT or zero-growth assumption","SG:2040:Industry:IndustryFinalEnergy:oil","IndustryFinalEnergy","true","true","false","MISSING","SG:oil","false","false","","Industry","","","",""
"SG","2050","Industry","IndustryDirectElectricity","electricity","EMBEDDED","","","","Astar","IndustryDirectElectricity","EMBEDDED","","2019","","","PENDING_ACCEPTED_COUNTRY_NODE_WEIGHTS","PENDING_ACCEPTED_SHAPE_AND_PHYSICAL_WEIGHTS","true","false","FIXED","PENDING","REPRESENTATION_ACCEPTED_NUMERIC_PENDING","Future direct electricity remains within Astar; no separate Load; growth unaccepted","SG:2050:Industry:IndustryDirectElectricity:electricity","Astar","false","false","false","MISSING","SG:electricity","false","false","","Industry","","","",""
"SG","2050","Industry","IndustryFinalEnergy","biomass","DIRECT_FUEL","","","","","IndustryFinalEnergy","EXPLICIT","","2019","","","PENDING_ACCEPTED_COUNTRY_NODE_WEIGHTS","PENDING_ACCEPTED_SHAPE_AND_PHYSICAL_WEIGHTS","false","false","FIXED","PENDING","REPRESENTATION_ACCEPTED_NUMERIC_PENDING","PENDING_FUTURE_GROWTH; no DEFAULT or zero-growth assumption","SG:2050:Industry:IndustryFinalEnergy:biomass","IndustryFinalEnergy","true","true","false","MISSING","SG:biomass","false","false","","Industry","","","",""
"SG","2050","Industry","IndustryFinalEnergy","coal","DIRECT_FUEL","","","","","IndustryFinalEnergy","EXPLICIT","","2019","","","PENDING_ACCEPTED_COUNTRY_NODE_WEIGHTS","PENDING_ACCEPTED_SHAPE_AND_PHYSICAL_WEIGHTS","false","false","FIXED","PENDING","REPRESENTATION_ACCEPTED_NUMERIC_PENDING","PENDING_FUTURE_GROWTH; no DEFAULT or zero-growth assumption","SG:2050:Industry:IndustryFinalEnergy:coal","IndustryFinalEnergy","true","true","false","MISSING","SG:coal","false","false","","Industry","","","",""
"SG","2050","Industry","IndustryFinalEnergy","gas","DIRECT_FUEL","","","","","IndustryFinalEnergy","EXPLICIT","","2019","","","PENDING_ACCEPTED_COUNTRY_NODE_WEIGHTS","PENDING_ACCEPTED_SHAPE_AND_PHYSICAL_WEIGHTS","false","false","FIXED","PENDING","REPRESENTATION_ACCEPTED_NUMERIC_PENDING","PENDING_FUTURE_GROWTH; no DEFAULT or zero-growth assumption","SG:2050:Industry:IndustryFinalEnergy:gas","IndustryFinalEnergy","true","true","false","MISSING","SG:gas","false","false","","Industry","","","",""
"SG","2050","Industry","IndustryFinalEnergy","oil","DIRECT_FUEL","","","","","IndustryFinalEnergy","EXPLICIT","","2019","","","PENDING_ACCEPTED_COUNTRY_NODE_WEIGHTS","PENDING_ACCEPTED_SHAPE_AND_PHYSICAL_WEIGHTS","false","false","FIXED","PENDING","REPRESENTATION_ACCEPTED_NUMERIC_PENDING","PENDING_FUTURE_GROWTH; no DEFAULT or zero-growth assumption","SG:2050:Industry:IndustryFinalEnergy:oil","IndustryFinalEnergy","true","true","false","MISSING","SG:oil","false","false","","Industry","","","",""
"TH","2019","Industry","IndustryCacheElectricityReference","electricity","DIRECT_FUEL","86103999","MWh/year","86103999.0","","IndustryCacheElectricityReference","REFERENCE","/home/jin/research/SGP_ESE5004_Stage2/pypsa-asean/resources/baseline-aims-3H-tutorial/demand/base_industry_totals_2030.csv","2019","c62e8edab8451f93a4273f9214e6259306ea7e01a6ba9c85e7b7db48978aa404","Frozen derived cache; MWh/year -> MWh; raw/calorific provenance still pending","PENDING_ACCEPTED_COUNTRY_NODE_WEIGHTS","PENDING_ACCEPTED_SHAPE_AND_PHYSICAL_WEIGHTS","false","false","FIXED","REFERENCE_ONLY","REPRESENTATION_ACCEPTED_NUMERIC_PENDING","Base 2019 country/carrier sum of 13 cached industries; pre-NH3 deduction; raw calorific/feedstock boundary pending","TH:2019:Industry:IndustryCacheElectricityReference:electricity","IndustryCacheElectricityReference","false","false","false","POSITIVE_CACHE_VALUE","TH:electricity","false","false","TH/electricity; sum 13 columns","Industry","","","",""
"TH","2019","Industry","IndustryDirectElectricity","electricity","DIRECT_ELECTRICITY","86103.999","Kilowatt-hours, million","86103999.0","Astar","IndustryDirectElectricity","EMBEDDED","/home/jin/research/SGP_ESE5004_Stage2/pypsa-asean/data/demand/unsd/data/UNdata_Export_20250502_110820872.txt","2019","12c99b3c40927449d9a4d0402f255a8b84b24917ff58e54efd4ec43b2125fe6b","Exact raw transaction; million kWh * 1000 = MWh; no losses or AEO scaling","PENDING_ACCEPTED_COUNTRY_NODE_WEIGHTS","PENDING_ACCEPTED_SHAPE_AND_PHYSICAL_WEIGHTS","true","false","FIXED","PENDING","REPRESENTATION_ACCEPTED_NUMERIC_PENDING","Industrial final electricity stays inside Astar; no second industry Load. No process/service conversion","TH:2019:Industry:IndustryDirectElectricity:electricity","Astar","false","false","false","REPORTED_VALUE","TH:electricity","false","false","Consumption by manufacturing, construction and non-fuel industry; physical line end 88632","Industry","","","",""
"TH","2019","Industry","IndustryFuel","biomass","DIRECT_FUEL","57900945.040131114","MWh/year","57900945.040131114","","IndustryFuel","EXPLICIT","/home/jin/research/SGP_ESE5004_Stage2/pypsa-asean/resources/baseline-aims-3H-tutorial/demand/base_industry_totals_2030.csv","2019","c62e8edab8451f93a4273f9214e6259306ea7e01a6ba9c85e7b7db48978aa404","Frozen derived cache; MWh/year -> MWh; raw/calorific provenance still pending","PENDING_ACCEPTED_COUNTRY_NODE_WEIGHTS","PENDING_ACCEPTED_SHAPE_AND_PHYSICAL_WEIGHTS","false","false","FIXED","FROZEN_UPSTREAM","REPRESENTATION_ACCEPTED_NUMERIC_PENDING","Base 2019 country/carrier sum of 13 cached industries; pre-NH3 deduction; raw calorific/feedstock boundary pending","TH:2019:Industry:IndustryFuel:biomass","IndustryFuel","true","true","false","POSITIVE_CACHE_VALUE","TH:biomass","false","false","TH/biomass; sum 13 columns","Industry","","","",""
"TH","2019","Industry","IndustryFuel","coal","DIRECT_FUEL","105451080.48888889","MWh/year","105451080.48888889","","IndustryFuel","EXPLICIT","/home/jin/research/SGP_ESE5004_Stage2/pypsa-asean/resources/baseline-aims-3H-tutorial/demand/base_industry_totals_2030.csv","2019","c62e8edab8451f93a4273f9214e6259306ea7e01a6ba9c85e7b7db48978aa404","Frozen derived cache; MWh/year -> MWh; raw/calorific provenance still pending","PENDING_ACCEPTED_COUNTRY_NODE_WEIGHTS","PENDING_ACCEPTED_SHAPE_AND_PHYSICAL_WEIGHTS","false","false","FIXED","FROZEN_UPSTREAM","REPRESENTATION_ACCEPTED_NUMERIC_PENDING","Base 2019 country/carrier sum of 13 cached industries; pre-NH3 deduction; raw calorific/feedstock boundary pending; MISSING_ENERGY_OBLIGATION in upstream add_industry","TH:2019:Industry:IndustryFuel:coal","IndustryFuel","true","true","false","POSITIVE_CACHE_VALUE","TH:coal","false","true","TH/coal; sum 13 columns","Industry","","","",""
"TH","2019","Industry","IndustryFuel","gas","DIRECT_FUEL","48971355","MWh/year","48971355.0","","IndustryFuel","EXPLICIT","/home/jin/research/SGP_ESE5004_Stage2/pypsa-asean/resources/baseline-aims-3H-tutorial/demand/base_industry_totals_2030.csv","2019","c62e8edab8451f93a4273f9214e6259306ea7e01a6ba9c85e7b7db48978aa404","Frozen derived cache; MWh/year -> MWh; raw/calorific provenance still pending","PENDING_ACCEPTED_COUNTRY_NODE_WEIGHTS","PENDING_ACCEPTED_SHAPE_AND_PHYSICAL_WEIGHTS","false","false","FIXED","FROZEN_UPSTREAM","REPRESENTATION_ACCEPTED_NUMERIC_PENDING","Base 2019 country/carrier sum of 13 cached industries; pre-NH3 deduction; raw calorific/feedstock boundary pending","TH:2019:Industry:IndustryFuel:gas","IndustryFuel","true","true","false","POSITIVE_CACHE_VALUE","TH:gas","false","false","TH/gas; sum 13 columns","Industry","","","",""
"TH","2019","Industry","IndustryFuel","heat","DIRECT_FUEL","","MWh/year","","","IndustryFuel","PENDING","/home/jin/research/SGP_ESE5004_Stage2/pypsa-asean/resources/baseline-aims-3H-tutorial/demand/base_industry_totals_2030.csv","2019","c62e8edab8451f93a4273f9214e6259306ea7e01a6ba9c85e7b7db48978aa404","Frozen derived cache; MWh/year -> MWh; raw/calorific provenance still pending","PENDING_ACCEPTED_COUNTRY_NODE_WEIGHTS","PENDING_ACCEPTED_SHAPE_AND_PHYSICAL_WEIGHTS","false","false","FIXED","MISSING","REPRESENTATION_ACCEPTED_NUMERIC_PENDING","No accepted independent H2 or qualified heat service; no new service obligation","TH:2019:Industry:IndustryFuel:heat","IndustryFuel","false","false","false","MISSING","TH:heat","false","false","TH/heat; sum 13 columns","Industry","","","",""
"TH","2019","Industry","IndustryFuel","hydrogen","DIRECT_FUEL","","MWh/year","","","IndustryFuel","PENDING","/home/jin/research/SGP_ESE5004_Stage2/pypsa-asean/resources/baseline-aims-3H-tutorial/demand/base_industry_totals_2030.csv","2019","c62e8edab8451f93a4273f9214e6259306ea7e01a6ba9c85e7b7db48978aa404","Frozen derived cache; MWh/year -> MWh; raw/calorific provenance still pending","PENDING_ACCEPTED_COUNTRY_NODE_WEIGHTS","PENDING_ACCEPTED_SHAPE_AND_PHYSICAL_WEIGHTS","false","false","FIXED","MISSING","REPRESENTATION_ACCEPTED_NUMERIC_PENDING","No accepted independent H2 or qualified heat service; no new service obligation","TH:2019:Industry:IndustryFuel:hydrogen","IndustryFuel","false","false","false","MISSING","TH:hydrogen","false","false","TH/hydrogen; sum 13 columns","Industry","","","",""
"TH","2019","Industry","IndustryFuel","oil","DIRECT_FUEL","56552852.279999994","MWh/year","56552852.279999994","","IndustryFuel","EXPLICIT","/home/jin/research/SGP_ESE5004_Stage2/pypsa-asean/resources/baseline-aims-3H-tutorial/demand/base_industry_totals_2030.csv","2019","c62e8edab8451f93a4273f9214e6259306ea7e01a6ba9c85e7b7db48978aa404","Frozen derived cache; MWh/year -> MWh; raw/calorific provenance still pending","PENDING_ACCEPTED_COUNTRY_NODE_WEIGHTS","PENDING_ACCEPTED_SHAPE_AND_PHYSICAL_WEIGHTS","false","false","FIXED","FROZEN_UPSTREAM","REPRESENTATION_ACCEPTED_NUMERIC_PENDING","Base 2019 country/carrier sum of 13 cached industries; pre-NH3 deduction; raw calorific/feedstock boundary pending","TH:2019:Industry:IndustryFuel:oil","IndustryFuel","true","true","false","POSITIVE_CACHE_VALUE","TH:oil","false","false","TH/oil; sum 13 columns","Industry","","","",""
"TH","2030","Industry","IndustryDirectElectricity","electricity","EMBEDDED","","","","Astar","IndustryDirectElectricity","EMBEDDED","","2019","","","PENDING_ACCEPTED_COUNTRY_NODE_WEIGHTS","PENDING_ACCEPTED_SHAPE_AND_PHYSICAL_WEIGHTS","true","false","FIXED","PENDING","REPRESENTATION_ACCEPTED_NUMERIC_PENDING","Future direct electricity remains within Astar; no separate Load; growth unaccepted","TH:2030:Industry:IndustryDirectElectricity:electricity","Astar","false","false","false","MISSING","TH:electricity","false","false","","Industry","","","",""
"TH","2030","Industry","IndustryFinalEnergy","biomass","DIRECT_FUEL","","","","","IndustryFinalEnergy","EXPLICIT","","2019","","","PENDING_ACCEPTED_COUNTRY_NODE_WEIGHTS","PENDING_ACCEPTED_SHAPE_AND_PHYSICAL_WEIGHTS","false","false","FIXED","PENDING","REPRESENTATION_ACCEPTED_NUMERIC_PENDING","PENDING_FUTURE_GROWTH; no DEFAULT or zero-growth assumption","TH:2030:Industry:IndustryFinalEnergy:biomass","IndustryFinalEnergy","true","true","false","MISSING","TH:biomass","false","false","","Industry","","","",""
"TH","2030","Industry","IndustryFinalEnergy","coal","DIRECT_FUEL","","","","","IndustryFinalEnergy","EXPLICIT","","2019","","","PENDING_ACCEPTED_COUNTRY_NODE_WEIGHTS","PENDING_ACCEPTED_SHAPE_AND_PHYSICAL_WEIGHTS","false","false","FIXED","PENDING","REPRESENTATION_ACCEPTED_NUMERIC_PENDING","PENDING_FUTURE_GROWTH; no DEFAULT or zero-growth assumption","TH:2030:Industry:IndustryFinalEnergy:coal","IndustryFinalEnergy","true","true","false","MISSING","TH:coal","false","false","","Industry","","","",""
"TH","2030","Industry","IndustryFinalEnergy","gas","DIRECT_FUEL","","","","","IndustryFinalEnergy","EXPLICIT","","2019","","","PENDING_ACCEPTED_COUNTRY_NODE_WEIGHTS","PENDING_ACCEPTED_SHAPE_AND_PHYSICAL_WEIGHTS","false","false","FIXED","PENDING","REPRESENTATION_ACCEPTED_NUMERIC_PENDING","PENDING_FUTURE_GROWTH; no DEFAULT or zero-growth assumption","TH:2030:Industry:IndustryFinalEnergy:gas","IndustryFinalEnergy","true","true","false","MISSING","TH:gas","false","false","","Industry","","","",""
"TH","2030","Industry","IndustryFinalEnergy","oil","DIRECT_FUEL","","","","","IndustryFinalEnergy","EXPLICIT","","2019","","","PENDING_ACCEPTED_COUNTRY_NODE_WEIGHTS","PENDING_ACCEPTED_SHAPE_AND_PHYSICAL_WEIGHTS","false","false","FIXED","PENDING","REPRESENTATION_ACCEPTED_NUMERIC_PENDING","PENDING_FUTURE_GROWTH; no DEFAULT or zero-growth assumption","TH:2030:Industry:IndustryFinalEnergy:oil","IndustryFinalEnergy","true","true","false","MISSING","TH:oil","false","false","","Industry","","","",""
"TH","2040","Industry","IndustryDirectElectricity","electricity","EMBEDDED","","","","Astar","IndustryDirectElectricity","EMBEDDED","","2019","","","PENDING_ACCEPTED_COUNTRY_NODE_WEIGHTS","PENDING_ACCEPTED_SHAPE_AND_PHYSICAL_WEIGHTS","true","false","FIXED","PENDING","REPRESENTATION_ACCEPTED_NUMERIC_PENDING","Future direct electricity remains within Astar; no separate Load; growth unaccepted","TH:2040:Industry:IndustryDirectElectricity:electricity","Astar","false","false","false","MISSING","TH:electricity","false","false","","Industry","","","",""
"TH","2040","Industry","IndustryFinalEnergy","biomass","DIRECT_FUEL","","","","","IndustryFinalEnergy","EXPLICIT","","2019","","","PENDING_ACCEPTED_COUNTRY_NODE_WEIGHTS","PENDING_ACCEPTED_SHAPE_AND_PHYSICAL_WEIGHTS","false","false","FIXED","PENDING","REPRESENTATION_ACCEPTED_NUMERIC_PENDING","PENDING_FUTURE_GROWTH; no DEFAULT or zero-growth assumption","TH:2040:Industry:IndustryFinalEnergy:biomass","IndustryFinalEnergy","true","true","false","MISSING","TH:biomass","false","false","","Industry","","","",""
"TH","2040","Industry","IndustryFinalEnergy","coal","DIRECT_FUEL","","","","","IndustryFinalEnergy","EXPLICIT","","2019","","","PENDING_ACCEPTED_COUNTRY_NODE_WEIGHTS","PENDING_ACCEPTED_SHAPE_AND_PHYSICAL_WEIGHTS","false","false","FIXED","PENDING","REPRESENTATION_ACCEPTED_NUMERIC_PENDING","PENDING_FUTURE_GROWTH; no DEFAULT or zero-growth assumption","TH:2040:Industry:IndustryFinalEnergy:coal","IndustryFinalEnergy","true","true","false","MISSING","TH:coal","false","false","","Industry","","","",""
"TH","2040","Industry","IndustryFinalEnergy","gas","DIRECT_FUEL","","","","","IndustryFinalEnergy","EXPLICIT","","2019","","","PENDING_ACCEPTED_COUNTRY_NODE_WEIGHTS","PENDING_ACCEPTED_SHAPE_AND_PHYSICAL_WEIGHTS","false","false","FIXED","PENDING","REPRESENTATION_ACCEPTED_NUMERIC_PENDING","PENDING_FUTURE_GROWTH; no DEFAULT or zero-growth assumption","TH:2040:Industry:IndustryFinalEnergy:gas","IndustryFinalEnergy","true","true","false","MISSING","TH:gas","false","false","","Industry","","","",""
"TH","2040","Industry","IndustryFinalEnergy","oil","DIRECT_FUEL","","","","","IndustryFinalEnergy","EXPLICIT","","2019","","","PENDING_ACCEPTED_COUNTRY_NODE_WEIGHTS","PENDING_ACCEPTED_SHAPE_AND_PHYSICAL_WEIGHTS","false","false","FIXED","PENDING","REPRESENTATION_ACCEPTED_NUMERIC_PENDING","PENDING_FUTURE_GROWTH; no DEFAULT or zero-growth assumption","TH:2040:Industry:IndustryFinalEnergy:oil","IndustryFinalEnergy","true","true","false","MISSING","TH:oil","false","false","","Industry","","","",""
"TH","2050","Industry","IndustryDirectElectricity","electricity","EMBEDDED","","","","Astar","IndustryDirectElectricity","EMBEDDED","","2019","","","PENDING_ACCEPTED_COUNTRY_NODE_WEIGHTS","PENDING_ACCEPTED_SHAPE_AND_PHYSICAL_WEIGHTS","true","false","FIXED","PENDING","REPRESENTATION_ACCEPTED_NUMERIC_PENDING","Future direct electricity remains within Astar; no separate Load; growth unaccepted","TH:2050:Industry:IndustryDirectElectricity:electricity","Astar","false","false","false","MISSING","TH:electricity","false","false","","Industry","","","",""
"TH","2050","Industry","IndustryFinalEnergy","biomass","DIRECT_FUEL","","","","","IndustryFinalEnergy","EXPLICIT","","2019","","","PENDING_ACCEPTED_COUNTRY_NODE_WEIGHTS","PENDING_ACCEPTED_SHAPE_AND_PHYSICAL_WEIGHTS","false","false","FIXED","PENDING","REPRESENTATION_ACCEPTED_NUMERIC_PENDING","PENDING_FUTURE_GROWTH; no DEFAULT or zero-growth assumption","TH:2050:Industry:IndustryFinalEnergy:biomass","IndustryFinalEnergy","true","true","false","MISSING","TH:biomass","false","false","","Industry","","","",""
"TH","2050","Industry","IndustryFinalEnergy","coal","DIRECT_FUEL","","","","","IndustryFinalEnergy","EXPLICIT","","2019","","","PENDING_ACCEPTED_COUNTRY_NODE_WEIGHTS","PENDING_ACCEPTED_SHAPE_AND_PHYSICAL_WEIGHTS","false","false","FIXED","PENDING","REPRESENTATION_ACCEPTED_NUMERIC_PENDING","PENDING_FUTURE_GROWTH; no DEFAULT or zero-growth assumption","TH:2050:Industry:IndustryFinalEnergy:coal","IndustryFinalEnergy","true","true","false","MISSING","TH:coal","false","false","","Industry","","","",""
"TH","2050","Industry","IndustryFinalEnergy","gas","DIRECT_FUEL","","","","","IndustryFinalEnergy","EXPLICIT","","2019","","","PENDING_ACCEPTED_COUNTRY_NODE_WEIGHTS","PENDING_ACCEPTED_SHAPE_AND_PHYSICAL_WEIGHTS","false","false","FIXED","PENDING","REPRESENTATION_ACCEPTED_NUMERIC_PENDING","PENDING_FUTURE_GROWTH; no DEFAULT or zero-growth assumption","TH:2050:Industry:IndustryFinalEnergy:gas","IndustryFinalEnergy","true","true","false","MISSING","TH:gas","false","false","","Industry","","","",""
"TH","2050","Industry","IndustryFinalEnergy","oil","DIRECT_FUEL","","","","","IndustryFinalEnergy","EXPLICIT","","2019","","","PENDING_ACCEPTED_COUNTRY_NODE_WEIGHTS","PENDING_ACCEPTED_SHAPE_AND_PHYSICAL_WEIGHTS","false","false","FIXED","PENDING","REPRESENTATION_ACCEPTED_NUMERIC_PENDING","PENDING_FUTURE_GROWTH; no DEFAULT or zero-growth assumption","TH:2050:Industry:IndustryFinalEnergy:oil","IndustryFinalEnergy","true","true","false","MISSING","TH:oil","false","false","","Industry","","","",""
"TL","2019","Industry","IndustryCacheElectricityReference","electricity","DIRECT_FUEL","","MWh/year","","","IndustryCacheElectricityReference","REFERENCE","/home/jin/research/SGP_ESE5004_Stage2/pypsa-asean/resources/baseline-aims-3H-tutorial/demand/base_industry_totals_2030.csv","2019","c62e8edab8451f93a4273f9214e6259306ea7e01a6ba9c85e7b7db48978aa404","Frozen derived cache; MWh/year -> MWh; raw/calorific provenance still pending","PENDING_ACCEPTED_COUNTRY_NODE_WEIGHTS","PENDING_ACCEPTED_SHAPE_AND_PHYSICAL_WEIGHTS","false","false","FIXED","MISSING","REPRESENTATION_ACCEPTED_NUMERIC_PENDING","Base 2019 country/carrier sum of 13 cached industries; pre-NH3 deduction; raw calorific/feedstock boundary pending; missing does not imply zero, unknown fuel parent remains unavailable","TL:2019:Industry:IndustryCacheElectricityReference:electricity","IndustryCacheElectricityReference","false","false","false","MISSING","TL:electricity","false","false","TL/electricity; sum 13 columns","Industry","","","",""
"TL","2019","Industry","IndustryDirectElectricity","electricity","DIRECT_ELECTRICITY","","Kilowatt-hours, million","","Astar","IndustryDirectElectricity","EMBEDDED","/home/jin/research/SGP_ESE5004_Stage2/pypsa-asean/data/demand/unsd/data/UNdata_Export_20250502_110820872.txt","2019","12c99b3c40927449d9a4d0402f255a8b84b24917ff58e54efd4ec43b2125fe6b","Exact raw transaction; million kWh * 1000 = MWh; no losses or AEO scaling","PENDING_ACCEPTED_COUNTRY_NODE_WEIGHTS","PENDING_ACCEPTED_SHAPE_AND_PHYSICAL_WEIGHTS","true","false","FIXED","MISSING","REPRESENTATION_ACCEPTED_NUMERIC_PENDING","Industrial final electricity stays inside Astar; no second industry Load. No process/service conversion; TL explicit industry unavailable, retains unclassified electricity in valid parent","TL:2019:Industry:IndustryDirectElectricity:electricity","Astar","false","false","false","MISSING","TL:electricity","false","false","Consumption by manufacturing, construction and non-fuel industry","Industry","","","",""
"TL","2019","Industry","IndustryFuel","biomass","DIRECT_FUEL","","MWh/year","","","IndustryFuel","EXPLICIT","/home/jin/research/SGP_ESE5004_Stage2/pypsa-asean/resources/baseline-aims-3H-tutorial/demand/base_industry_totals_2030.csv","2019","c62e8edab8451f93a4273f9214e6259306ea7e01a6ba9c85e7b7db48978aa404","Frozen derived cache; MWh/year -> MWh; raw/calorific provenance still pending","PENDING_ACCEPTED_COUNTRY_NODE_WEIGHTS","PENDING_ACCEPTED_SHAPE_AND_PHYSICAL_WEIGHTS","false","false","FIXED","MISSING","REPRESENTATION_ACCEPTED_NUMERIC_PENDING","Base 2019 country/carrier sum of 13 cached industries; pre-NH3 deduction; raw calorific/feedstock boundary pending; missing does not imply zero, unknown fuel parent remains unavailable","TL:2019:Industry:IndustryFuel:biomass","IndustryFuel","true","true","false","MISSING","TL:biomass","false","false","TL/biomass; sum 13 columns","Industry","","","",""
"TL","2019","Industry","IndustryFuel","coal","DIRECT_FUEL","","MWh/year","","","IndustryFuel","EXPLICIT","/home/jin/research/SGP_ESE5004_Stage2/pypsa-asean/resources/baseline-aims-3H-tutorial/demand/base_industry_totals_2030.csv","2019","c62e8edab8451f93a4273f9214e6259306ea7e01a6ba9c85e7b7db48978aa404","Frozen derived cache; MWh/year -> MWh; raw/calorific provenance still pending","PENDING_ACCEPTED_COUNTRY_NODE_WEIGHTS","PENDING_ACCEPTED_SHAPE_AND_PHYSICAL_WEIGHTS","false","false","FIXED","MISSING","REPRESENTATION_ACCEPTED_NUMERIC_PENDING","Base 2019 country/carrier sum of 13 cached industries; pre-NH3 deduction; raw calorific/feedstock boundary pending; missing does not imply zero, unknown fuel parent remains unavailable","TL:2019:Industry:IndustryFuel:coal","IndustryFuel","true","true","false","MISSING","TL:coal","false","false","TL/coal; sum 13 columns","Industry","","","",""
"TL","2019","Industry","IndustryFuel","gas","DIRECT_FUEL","","MWh/year","","","IndustryFuel","EXPLICIT","/home/jin/research/SGP_ESE5004_Stage2/pypsa-asean/resources/baseline-aims-3H-tutorial/demand/base_industry_totals_2030.csv","2019","c62e8edab8451f93a4273f9214e6259306ea7e01a6ba9c85e7b7db48978aa404","Frozen derived cache; MWh/year -> MWh; raw/calorific provenance still pending","PENDING_ACCEPTED_COUNTRY_NODE_WEIGHTS","PENDING_ACCEPTED_SHAPE_AND_PHYSICAL_WEIGHTS","false","false","FIXED","MISSING","REPRESENTATION_ACCEPTED_NUMERIC_PENDING","Base 2019 country/carrier sum of 13 cached industries; pre-NH3 deduction; raw calorific/feedstock boundary pending; missing does not imply zero, unknown fuel parent remains unavailable","TL:2019:Industry:IndustryFuel:gas","IndustryFuel","true","true","false","MISSING","TL:gas","false","false","TL/gas; sum 13 columns","Industry","","","",""
"TL","2019","Industry","IndustryFuel","heat","DIRECT_FUEL","","MWh/year","","","IndustryFuel","PENDING","/home/jin/research/SGP_ESE5004_Stage2/pypsa-asean/resources/baseline-aims-3H-tutorial/demand/base_industry_totals_2030.csv","2019","c62e8edab8451f93a4273f9214e6259306ea7e01a6ba9c85e7b7db48978aa404","Frozen derived cache; MWh/year -> MWh; raw/calorific provenance still pending","PENDING_ACCEPTED_COUNTRY_NODE_WEIGHTS","PENDING_ACCEPTED_SHAPE_AND_PHYSICAL_WEIGHTS","false","false","FIXED","MISSING","REPRESENTATION_ACCEPTED_NUMERIC_PENDING","No accepted independent H2 or qualified heat service; no new service obligation; missing does not imply zero, unknown fuel parent remains unavailable","TL:2019:Industry:IndustryFuel:heat","IndustryFuel","false","false","false","MISSING","TL:heat","false","false","TL/heat; sum 13 columns","Industry","","","",""
"TL","2019","Industry","IndustryFuel","hydrogen","DIRECT_FUEL","","MWh/year","","","IndustryFuel","PENDING","/home/jin/research/SGP_ESE5004_Stage2/pypsa-asean/resources/baseline-aims-3H-tutorial/demand/base_industry_totals_2030.csv","2019","c62e8edab8451f93a4273f9214e6259306ea7e01a6ba9c85e7b7db48978aa404","Frozen derived cache; MWh/year -> MWh; raw/calorific provenance still pending","PENDING_ACCEPTED_COUNTRY_NODE_WEIGHTS","PENDING_ACCEPTED_SHAPE_AND_PHYSICAL_WEIGHTS","false","false","FIXED","MISSING","REPRESENTATION_ACCEPTED_NUMERIC_PENDING","No accepted independent H2 or qualified heat service; no new service obligation; missing does not imply zero, unknown fuel parent remains unavailable","TL:2019:Industry:IndustryFuel:hydrogen","IndustryFuel","false","false","false","MISSING","TL:hydrogen","false","false","TL/hydrogen; sum 13 columns","Industry","","","",""
"TL","2019","Industry","IndustryFuel","oil","DIRECT_FUEL","","MWh/year","","","IndustryFuel","EXPLICIT","/home/jin/research/SGP_ESE5004_Stage2/pypsa-asean/resources/baseline-aims-3H-tutorial/demand/base_industry_totals_2030.csv","2019","c62e8edab8451f93a4273f9214e6259306ea7e01a6ba9c85e7b7db48978aa404","Frozen derived cache; MWh/year -> MWh; raw/calorific provenance still pending","PENDING_ACCEPTED_COUNTRY_NODE_WEIGHTS","PENDING_ACCEPTED_SHAPE_AND_PHYSICAL_WEIGHTS","false","false","FIXED","MISSING","REPRESENTATION_ACCEPTED_NUMERIC_PENDING","Base 2019 country/carrier sum of 13 cached industries; pre-NH3 deduction; raw calorific/feedstock boundary pending; missing does not imply zero, unknown fuel parent remains unavailable","TL:2019:Industry:IndustryFuel:oil","IndustryFuel","true","true","false","MISSING","TL:oil","false","false","TL/oil; sum 13 columns","Industry","","","",""
"TL","2030","Industry","IndustryDirectElectricity","electricity","EMBEDDED","","","","Astar","IndustryDirectElectricity","EMBEDDED","","2019","","","PENDING_ACCEPTED_COUNTRY_NODE_WEIGHTS","PENDING_ACCEPTED_SHAPE_AND_PHYSICAL_WEIGHTS","true","false","FIXED","PENDING","REPRESENTATION_ACCEPTED_NUMERIC_PENDING","Future direct electricity remains within Astar; no separate Load; growth unaccepted","TL:2030:Industry:IndustryDirectElectricity:electricity","Astar","false","false","false","MISSING","TL:electricity","false","false","","Industry","","","",""
"TL","2030","Industry","IndustryFinalEnergy","biomass","DIRECT_FUEL","","","","","IndustryFinalEnergy","EXPLICIT","","2019","","","PENDING_ACCEPTED_COUNTRY_NODE_WEIGHTS","PENDING_ACCEPTED_SHAPE_AND_PHYSICAL_WEIGHTS","false","false","FIXED","PENDING","REPRESENTATION_ACCEPTED_NUMERIC_PENDING","PENDING_FUTURE_GROWTH; no DEFAULT or zero-growth assumption","TL:2030:Industry:IndustryFinalEnergy:biomass","IndustryFinalEnergy","true","true","false","MISSING","TL:biomass","false","false","","Industry","","","",""
"TL","2030","Industry","IndustryFinalEnergy","coal","DIRECT_FUEL","","","","","IndustryFinalEnergy","EXPLICIT","","2019","","","PENDING_ACCEPTED_COUNTRY_NODE_WEIGHTS","PENDING_ACCEPTED_SHAPE_AND_PHYSICAL_WEIGHTS","false","false","FIXED","PENDING","REPRESENTATION_ACCEPTED_NUMERIC_PENDING","PENDING_FUTURE_GROWTH; no DEFAULT or zero-growth assumption","TL:2030:Industry:IndustryFinalEnergy:coal","IndustryFinalEnergy","true","true","false","MISSING","TL:coal","false","false","","Industry","","","",""
"TL","2030","Industry","IndustryFinalEnergy","gas","DIRECT_FUEL","","","","","IndustryFinalEnergy","EXPLICIT","","2019","","","PENDING_ACCEPTED_COUNTRY_NODE_WEIGHTS","PENDING_ACCEPTED_SHAPE_AND_PHYSICAL_WEIGHTS","false","false","FIXED","PENDING","REPRESENTATION_ACCEPTED_NUMERIC_PENDING","PENDING_FUTURE_GROWTH; no DEFAULT or zero-growth assumption","TL:2030:Industry:IndustryFinalEnergy:gas","IndustryFinalEnergy","true","true","false","MISSING","TL:gas","false","false","","Industry","","","",""
"TL","2030","Industry","IndustryFinalEnergy","oil","DIRECT_FUEL","","","","","IndustryFinalEnergy","EXPLICIT","","2019","","","PENDING_ACCEPTED_COUNTRY_NODE_WEIGHTS","PENDING_ACCEPTED_SHAPE_AND_PHYSICAL_WEIGHTS","false","false","FIXED","PENDING","REPRESENTATION_ACCEPTED_NUMERIC_PENDING","PENDING_FUTURE_GROWTH; no DEFAULT or zero-growth assumption","TL:2030:Industry:IndustryFinalEnergy:oil","IndustryFinalEnergy","true","true","false","MISSING","TL:oil","false","false","","Industry","","","",""
"TL","2040","Industry","IndustryDirectElectricity","electricity","EMBEDDED","","","","Astar","IndustryDirectElectricity","EMBEDDED","","2019","","","PENDING_ACCEPTED_COUNTRY_NODE_WEIGHTS","PENDING_ACCEPTED_SHAPE_AND_PHYSICAL_WEIGHTS","true","false","FIXED","PENDING","REPRESENTATION_ACCEPTED_NUMERIC_PENDING","Future direct electricity remains within Astar; no separate Load; growth unaccepted","TL:2040:Industry:IndustryDirectElectricity:electricity","Astar","false","false","false","MISSING","TL:electricity","false","false","","Industry","","","",""
"TL","2040","Industry","IndustryFinalEnergy","biomass","DIRECT_FUEL","","","","","IndustryFinalEnergy","EXPLICIT","","2019","","","PENDING_ACCEPTED_COUNTRY_NODE_WEIGHTS","PENDING_ACCEPTED_SHAPE_AND_PHYSICAL_WEIGHTS","false","false","FIXED","PENDING","REPRESENTATION_ACCEPTED_NUMERIC_PENDING","PENDING_FUTURE_GROWTH; no DEFAULT or zero-growth assumption","TL:2040:Industry:IndustryFinalEnergy:biomass","IndustryFinalEnergy","true","true","false","MISSING","TL:biomass","false","false","","Industry","","","",""
"TL","2040","Industry","IndustryFinalEnergy","coal","DIRECT_FUEL","","","","","IndustryFinalEnergy","EXPLICIT","","2019","","","PENDING_ACCEPTED_COUNTRY_NODE_WEIGHTS","PENDING_ACCEPTED_SHAPE_AND_PHYSICAL_WEIGHTS","false","false","FIXED","PENDING","REPRESENTATION_ACCEPTED_NUMERIC_PENDING","PENDING_FUTURE_GROWTH; no DEFAULT or zero-growth assumption","TL:2040:Industry:IndustryFinalEnergy:coal","IndustryFinalEnergy","true","true","false","MISSING","TL:coal","false","false","","Industry","","","",""
"TL","2040","Industry","IndustryFinalEnergy","gas","DIRECT_FUEL","","","","","IndustryFinalEnergy","EXPLICIT","","2019","","","PENDING_ACCEPTED_COUNTRY_NODE_WEIGHTS","PENDING_ACCEPTED_SHAPE_AND_PHYSICAL_WEIGHTS","false","false","FIXED","PENDING","REPRESENTATION_ACCEPTED_NUMERIC_PENDING","PENDING_FUTURE_GROWTH; no DEFAULT or zero-growth assumption","TL:2040:Industry:IndustryFinalEnergy:gas","IndustryFinalEnergy","true","true","false","MISSING","TL:gas","false","false","","Industry","","","",""
"TL","2040","Industry","IndustryFinalEnergy","oil","DIRECT_FUEL","","","","","IndustryFinalEnergy","EXPLICIT","","2019","","","PENDING_ACCEPTED_COUNTRY_NODE_WEIGHTS","PENDING_ACCEPTED_SHAPE_AND_PHYSICAL_WEIGHTS","false","false","FIXED","PENDING","REPRESENTATION_ACCEPTED_NUMERIC_PENDING","PENDING_FUTURE_GROWTH; no DEFAULT or zero-growth assumption","TL:2040:Industry:IndustryFinalEnergy:oil","IndustryFinalEnergy","true","true","false","MISSING","TL:oil","false","false","","Industry","","","",""
"TL","2050","Industry","IndustryDirectElectricity","electricity","EMBEDDED","","","","Astar","IndustryDirectElectricity","EMBEDDED","","2019","","","PENDING_ACCEPTED_COUNTRY_NODE_WEIGHTS","PENDING_ACCEPTED_SHAPE_AND_PHYSICAL_WEIGHTS","true","false","FIXED","PENDING","REPRESENTATION_ACCEPTED_NUMERIC_PENDING","Future direct electricity remains within Astar; no separate Load; growth unaccepted","TL:2050:Industry:IndustryDirectElectricity:electricity","Astar","false","false","false","MISSING","TL:electricity","false","false","","Industry","","","",""
"TL","2050","Industry","IndustryFinalEnergy","biomass","DIRECT_FUEL","","","","","IndustryFinalEnergy","EXPLICIT","","2019","","","PENDING_ACCEPTED_COUNTRY_NODE_WEIGHTS","PENDING_ACCEPTED_SHAPE_AND_PHYSICAL_WEIGHTS","false","false","FIXED","PENDING","REPRESENTATION_ACCEPTED_NUMERIC_PENDING","PENDING_FUTURE_GROWTH; no DEFAULT or zero-growth assumption","TL:2050:Industry:IndustryFinalEnergy:biomass","IndustryFinalEnergy","true","true","false","MISSING","TL:biomass","false","false","","Industry","","","",""
"TL","2050","Industry","IndustryFinalEnergy","coal","DIRECT_FUEL","","","","","IndustryFinalEnergy","EXPLICIT","","2019","","","PENDING_ACCEPTED_COUNTRY_NODE_WEIGHTS","PENDING_ACCEPTED_SHAPE_AND_PHYSICAL_WEIGHTS","false","false","FIXED","PENDING","REPRESENTATION_ACCEPTED_NUMERIC_PENDING","PENDING_FUTURE_GROWTH; no DEFAULT or zero-growth assumption","TL:2050:Industry:IndustryFinalEnergy:coal","IndustryFinalEnergy","true","true","false","MISSING","TL:coal","false","false","","Industry","","","",""
"TL","2050","Industry","IndustryFinalEnergy","gas","DIRECT_FUEL","","","","","IndustryFinalEnergy","EXPLICIT","","2019","","","PENDING_ACCEPTED_COUNTRY_NODE_WEIGHTS","PENDING_ACCEPTED_SHAPE_AND_PHYSICAL_WEIGHTS","false","false","FIXED","PENDING","REPRESENTATION_ACCEPTED_NUMERIC_PENDING","PENDING_FUTURE_GROWTH; no DEFAULT or zero-growth assumption","TL:2050:Industry:IndustryFinalEnergy:gas","IndustryFinalEnergy","true","true","false","MISSING","TL:gas","false","false","","Industry","","","",""
"TL","2050","Industry","IndustryFinalEnergy","oil","DIRECT_FUEL","","","","","IndustryFinalEnergy","EXPLICIT","","2019","","","PENDING_ACCEPTED_COUNTRY_NODE_WEIGHTS","PENDING_ACCEPTED_SHAPE_AND_PHYSICAL_WEIGHTS","false","false","FIXED","PENDING","REPRESENTATION_ACCEPTED_NUMERIC_PENDING","PENDING_FUTURE_GROWTH; no DEFAULT or zero-growth assumption","TL:2050:Industry:IndustryFinalEnergy:oil","IndustryFinalEnergy","true","true","false","MISSING","TL:oil","false","false","","Industry","","","",""
"VN","2019","Industry","IndustryCacheElectricityReference","electricity","DIRECT_FUEL","111934111.111111","MWh/year","111934111.111111","","IndustryCacheElectricityReference","REFERENCE","/home/jin/research/SGP_ESE5004_Stage2/pypsa-asean/resources/baseline-aims-3H-tutorial/demand/base_industry_totals_2030.csv","2019","c62e8edab8451f93a4273f9214e6259306ea7e01a6ba9c85e7b7db48978aa404","Frozen derived cache; MWh/year -> MWh; raw/calorific provenance still pending","PENDING_ACCEPTED_COUNTRY_NODE_WEIGHTS","PENDING_ACCEPTED_SHAPE_AND_PHYSICAL_WEIGHTS","false","false","FIXED","REFERENCE_ONLY","REPRESENTATION_ACCEPTED_NUMERIC_PENDING","Base 2019 country/carrier sum of 13 cached industries; pre-NH3 deduction; raw calorific/feedstock boundary pending","VN:2019:Industry:IndustryCacheElectricityReference:electricity","IndustryCacheElectricityReference","false","false","false","POSITIVE_CACHE_VALUE","VN:electricity","false","false","VN/electricity; sum 13 columns","Industry","","","",""
"VN","2019","Industry","IndustryDirectElectricity","electricity","DIRECT_ELECTRICITY","111934.111111111","Kilowatt-hours, million","111934111.111111","Astar","IndustryDirectElectricity","EMBEDDED","/home/jin/research/SGP_ESE5004_Stage2/pypsa-asean/data/demand/unsd/data/UNdata_Export_20250502_110820872.txt","2019","12c99b3c40927449d9a4d0402f255a8b84b24917ff58e54efd4ec43b2125fe6b","Exact raw transaction; million kWh * 1000 = MWh; no losses or AEO scaling","PENDING_ACCEPTED_COUNTRY_NODE_WEIGHTS","PENDING_ACCEPTED_SHAPE_AND_PHYSICAL_WEIGHTS","true","false","FIXED","PENDING","REPRESENTATION_ACCEPTED_NUMERIC_PENDING","Industrial final electricity stays inside Astar; no second industry Load. No process/service conversion","VN:2019:Industry:IndustryDirectElectricity:electricity","Astar","false","false","false","REPORTED_VALUE","VN:electricity","false","false","Consumption by manufacturing, construction and non-fuel industry; physical line end 98088","Industry","","","",""
"VN","2019","Industry","IndustryFuel","biomass","DIRECT_FUEL","47724742.684175998","MWh/year","47724742.684176","","IndustryFuel","EXPLICIT","/home/jin/research/SGP_ESE5004_Stage2/pypsa-asean/resources/baseline-aims-3H-tutorial/demand/base_industry_totals_2030.csv","2019","c62e8edab8451f93a4273f9214e6259306ea7e01a6ba9c85e7b7db48978aa404","Frozen derived cache; MWh/year -> MWh; raw/calorific provenance still pending","PENDING_ACCEPTED_COUNTRY_NODE_WEIGHTS","PENDING_ACCEPTED_SHAPE_AND_PHYSICAL_WEIGHTS","false","false","FIXED","FROZEN_UPSTREAM","REPRESENTATION_ACCEPTED_NUMERIC_PENDING","Base 2019 country/carrier sum of 13 cached industries; pre-NH3 deduction; raw calorific/feedstock boundary pending","VN:2019:Industry:IndustryFuel:biomass","IndustryFuel","true","true","false","POSITIVE_CACHE_VALUE","VN:biomass","false","false","VN/biomass; sum 13 columns","Industry","","","",""
"VN","2019","Industry","IndustryFuel","coal","DIRECT_FUEL","227047482.84999999","MWh/year","227047482.85","","IndustryFuel","EXPLICIT","/home/jin/research/SGP_ESE5004_Stage2/pypsa-asean/resources/baseline-aims-3H-tutorial/demand/base_industry_totals_2030.csv","2019","c62e8edab8451f93a4273f9214e6259306ea7e01a6ba9c85e7b7db48978aa404","Frozen derived cache; MWh/year -> MWh; raw/calorific provenance still pending","PENDING_ACCEPTED_COUNTRY_NODE_WEIGHTS","PENDING_ACCEPTED_SHAPE_AND_PHYSICAL_WEIGHTS","false","false","FIXED","FROZEN_UPSTREAM","REPRESENTATION_ACCEPTED_NUMERIC_PENDING","Base 2019 country/carrier sum of 13 cached industries; pre-NH3 deduction; raw calorific/feedstock boundary pending; MISSING_ENERGY_OBLIGATION in upstream add_industry","VN:2019:Industry:IndustryFuel:coal","IndustryFuel","true","true","false","POSITIVE_CACHE_VALUE","VN:coal","false","true","VN/coal; sum 13 columns","Industry","","","",""
"VN","2019","Industry","IndustryFuel","gas","DIRECT_FUEL","6162777.777777778","MWh/year","6162777.777777778","","IndustryFuel","EXPLICIT","/home/jin/research/SGP_ESE5004_Stage2/pypsa-asean/resources/baseline-aims-3H-tutorial/demand/base_industry_totals_2030.csv","2019","c62e8edab8451f93a4273f9214e6259306ea7e01a6ba9c85e7b7db48978aa404","Frozen derived cache; MWh/year -> MWh; raw/calorific provenance still pending","PENDING_ACCEPTED_COUNTRY_NODE_WEIGHTS","PENDING_ACCEPTED_SHAPE_AND_PHYSICAL_WEIGHTS","false","false","FIXED","FROZEN_UPSTREAM","REPRESENTATION_ACCEPTED_NUMERIC_PENDING","Base 2019 country/carrier sum of 13 cached industries; pre-NH3 deduction; raw calorific/feedstock boundary pending","VN:2019:Industry:IndustryFuel:gas","IndustryFuel","true","true","false","POSITIVE_CACHE_VALUE","VN:gas","false","false","VN/gas; sum 13 columns","Industry","","","",""
"VN","2019","Industry","IndustryFuel","heat","DIRECT_FUEL","","MWh/year","","","IndustryFuel","PENDING","/home/jin/research/SGP_ESE5004_Stage2/pypsa-asean/resources/baseline-aims-3H-tutorial/demand/base_industry_totals_2030.csv","2019","c62e8edab8451f93a4273f9214e6259306ea7e01a6ba9c85e7b7db48978aa404","Frozen derived cache; MWh/year -> MWh; raw/calorific provenance still pending","PENDING_ACCEPTED_COUNTRY_NODE_WEIGHTS","PENDING_ACCEPTED_SHAPE_AND_PHYSICAL_WEIGHTS","false","false","FIXED","MISSING","REPRESENTATION_ACCEPTED_NUMERIC_PENDING","No accepted independent H2 or qualified heat service; no new service obligation","VN:2019:Industry:IndustryFuel:heat","IndustryFuel","false","false","false","MISSING","VN:heat","false","false","VN/heat; sum 13 columns","Industry","","","",""
"VN","2019","Industry","IndustryFuel","hydrogen","DIRECT_FUEL","","MWh/year","","","IndustryFuel","PENDING","/home/jin/research/SGP_ESE5004_Stage2/pypsa-asean/resources/baseline-aims-3H-tutorial/demand/base_industry_totals_2030.csv","2019","c62e8edab8451f93a4273f9214e6259306ea7e01a6ba9c85e7b7db48978aa404","Frozen derived cache; MWh/year -> MWh; raw/calorific provenance still pending","PENDING_ACCEPTED_COUNTRY_NODE_WEIGHTS","PENDING_ACCEPTED_SHAPE_AND_PHYSICAL_WEIGHTS","false","false","FIXED","MISSING","REPRESENTATION_ACCEPTED_NUMERIC_PENDING","No accepted independent H2 or qualified heat service; no new service obligation","VN:2019:Industry:IndustryFuel:hydrogen","IndustryFuel","false","false","false","MISSING","VN:hydrogen","false","false","VN/hydrogen; sum 13 columns","Industry","","","",""
"VN","2019","Industry","IndustryFuel","oil","DIRECT_FUEL","4354130","MWh/year","4354130.0","","IndustryFuel","EXPLICIT","/home/jin/research/SGP_ESE5004_Stage2/pypsa-asean/resources/baseline-aims-3H-tutorial/demand/base_industry_totals_2030.csv","2019","c62e8edab8451f93a4273f9214e6259306ea7e01a6ba9c85e7b7db48978aa404","Frozen derived cache; MWh/year -> MWh; raw/calorific provenance still pending","PENDING_ACCEPTED_COUNTRY_NODE_WEIGHTS","PENDING_ACCEPTED_SHAPE_AND_PHYSICAL_WEIGHTS","false","false","FIXED","FROZEN_UPSTREAM","REPRESENTATION_ACCEPTED_NUMERIC_PENDING","Base 2019 country/carrier sum of 13 cached industries; pre-NH3 deduction; raw calorific/feedstock boundary pending","VN:2019:Industry:IndustryFuel:oil","IndustryFuel","true","true","false","POSITIVE_CACHE_VALUE","VN:oil","false","false","VN/oil; sum 13 columns","Industry","","","",""
"VN","2030","Industry","IndustryDirectElectricity","electricity","EMBEDDED","","","","Astar","IndustryDirectElectricity","EMBEDDED","","2019","","","PENDING_ACCEPTED_COUNTRY_NODE_WEIGHTS","PENDING_ACCEPTED_SHAPE_AND_PHYSICAL_WEIGHTS","true","false","FIXED","PENDING","REPRESENTATION_ACCEPTED_NUMERIC_PENDING","Future direct electricity remains within Astar; no separate Load; growth unaccepted","VN:2030:Industry:IndustryDirectElectricity:electricity","Astar","false","false","false","MISSING","VN:electricity","false","false","","Industry","","","",""
"VN","2030","Industry","IndustryFinalEnergy","biomass","DIRECT_FUEL","","","","","IndustryFinalEnergy","EXPLICIT","","2019","","","PENDING_ACCEPTED_COUNTRY_NODE_WEIGHTS","PENDING_ACCEPTED_SHAPE_AND_PHYSICAL_WEIGHTS","false","false","FIXED","PENDING","REPRESENTATION_ACCEPTED_NUMERIC_PENDING","PENDING_FUTURE_GROWTH; no DEFAULT or zero-growth assumption","VN:2030:Industry:IndustryFinalEnergy:biomass","IndustryFinalEnergy","true","true","false","MISSING","VN:biomass","false","false","","Industry","","","",""
"VN","2030","Industry","IndustryFinalEnergy","coal","DIRECT_FUEL","","","","","IndustryFinalEnergy","EXPLICIT","","2019","","","PENDING_ACCEPTED_COUNTRY_NODE_WEIGHTS","PENDING_ACCEPTED_SHAPE_AND_PHYSICAL_WEIGHTS","false","false","FIXED","PENDING","REPRESENTATION_ACCEPTED_NUMERIC_PENDING","PENDING_FUTURE_GROWTH; no DEFAULT or zero-growth assumption","VN:2030:Industry:IndustryFinalEnergy:coal","IndustryFinalEnergy","true","true","false","MISSING","VN:coal","false","false","","Industry","","","",""
"VN","2030","Industry","IndustryFinalEnergy","gas","DIRECT_FUEL","","","","","IndustryFinalEnergy","EXPLICIT","","2019","","","PENDING_ACCEPTED_COUNTRY_NODE_WEIGHTS","PENDING_ACCEPTED_SHAPE_AND_PHYSICAL_WEIGHTS","false","false","FIXED","PENDING","REPRESENTATION_ACCEPTED_NUMERIC_PENDING","PENDING_FUTURE_GROWTH; no DEFAULT or zero-growth assumption","VN:2030:Industry:IndustryFinalEnergy:gas","IndustryFinalEnergy","true","true","false","MISSING","VN:gas","false","false","","Industry","","","",""
"VN","2030","Industry","IndustryFinalEnergy","oil","DIRECT_FUEL","","","","","IndustryFinalEnergy","EXPLICIT","","2019","","","PENDING_ACCEPTED_COUNTRY_NODE_WEIGHTS","PENDING_ACCEPTED_SHAPE_AND_PHYSICAL_WEIGHTS","false","false","FIXED","PENDING","REPRESENTATION_ACCEPTED_NUMERIC_PENDING","PENDING_FUTURE_GROWTH; no DEFAULT or zero-growth assumption","VN:2030:Industry:IndustryFinalEnergy:oil","IndustryFinalEnergy","true","true","false","MISSING","VN:oil","false","false","","Industry","","","",""
"VN","2040","Industry","IndustryDirectElectricity","electricity","EMBEDDED","","","","Astar","IndustryDirectElectricity","EMBEDDED","","2019","","","PENDING_ACCEPTED_COUNTRY_NODE_WEIGHTS","PENDING_ACCEPTED_SHAPE_AND_PHYSICAL_WEIGHTS","true","false","FIXED","PENDING","REPRESENTATION_ACCEPTED_NUMERIC_PENDING","Future direct electricity remains within Astar; no separate Load; growth unaccepted","VN:2040:Industry:IndustryDirectElectricity:electricity","Astar","false","false","false","MISSING","VN:electricity","false","false","","Industry","","","",""
"VN","2040","Industry","IndustryFinalEnergy","biomass","DIRECT_FUEL","","","","","IndustryFinalEnergy","EXPLICIT","","2019","","","PENDING_ACCEPTED_COUNTRY_NODE_WEIGHTS","PENDING_ACCEPTED_SHAPE_AND_PHYSICAL_WEIGHTS","false","false","FIXED","PENDING","REPRESENTATION_ACCEPTED_NUMERIC_PENDING","PENDING_FUTURE_GROWTH; no DEFAULT or zero-growth assumption","VN:2040:Industry:IndustryFinalEnergy:biomass","IndustryFinalEnergy","true","true","false","MISSING","VN:biomass","false","false","","Industry","","","",""
"VN","2040","Industry","IndustryFinalEnergy","coal","DIRECT_FUEL","","","","","IndustryFinalEnergy","EXPLICIT","","2019","","","PENDING_ACCEPTED_COUNTRY_NODE_WEIGHTS","PENDING_ACCEPTED_SHAPE_AND_PHYSICAL_WEIGHTS","false","false","FIXED","PENDING","REPRESENTATION_ACCEPTED_NUMERIC_PENDING","PENDING_FUTURE_GROWTH; no DEFAULT or zero-growth assumption","VN:2040:Industry:IndustryFinalEnergy:coal","IndustryFinalEnergy","true","true","false","MISSING","VN:coal","false","false","","Industry","","","",""
"VN","2040","Industry","IndustryFinalEnergy","gas","DIRECT_FUEL","","","","","IndustryFinalEnergy","EXPLICIT","","2019","","","PENDING_ACCEPTED_COUNTRY_NODE_WEIGHTS","PENDING_ACCEPTED_SHAPE_AND_PHYSICAL_WEIGHTS","false","false","FIXED","PENDING","REPRESENTATION_ACCEPTED_NUMERIC_PENDING","PENDING_FUTURE_GROWTH; no DEFAULT or zero-growth assumption","VN:2040:Industry:IndustryFinalEnergy:gas","IndustryFinalEnergy","true","true","false","MISSING","VN:gas","false","false","","Industry","","","",""
"VN","2040","Industry","IndustryFinalEnergy","oil","DIRECT_FUEL","","","","","IndustryFinalEnergy","EXPLICIT","","2019","","","PENDING_ACCEPTED_COUNTRY_NODE_WEIGHTS","PENDING_ACCEPTED_SHAPE_AND_PHYSICAL_WEIGHTS","false","false","FIXED","PENDING","REPRESENTATION_ACCEPTED_NUMERIC_PENDING","PENDING_FUTURE_GROWTH; no DEFAULT or zero-growth assumption","VN:2040:Industry:IndustryFinalEnergy:oil","IndustryFinalEnergy","true","true","false","MISSING","VN:oil","false","false","","Industry","","","",""
"VN","2050","Industry","IndustryDirectElectricity","electricity","EMBEDDED","","","","Astar","IndustryDirectElectricity","EMBEDDED","","2019","","","PENDING_ACCEPTED_COUNTRY_NODE_WEIGHTS","PENDING_ACCEPTED_SHAPE_AND_PHYSICAL_WEIGHTS","true","false","FIXED","PENDING","REPRESENTATION_ACCEPTED_NUMERIC_PENDING","Future direct electricity remains within Astar; no separate Load; growth unaccepted","VN:2050:Industry:IndustryDirectElectricity:electricity","Astar","false","false","false","MISSING","VN:electricity","false","false","","Industry","","","",""
"VN","2050","Industry","IndustryFinalEnergy","biomass","DIRECT_FUEL","","","","","IndustryFinalEnergy","EXPLICIT","","2019","","","PENDING_ACCEPTED_COUNTRY_NODE_WEIGHTS","PENDING_ACCEPTED_SHAPE_AND_PHYSICAL_WEIGHTS","false","false","FIXED","PENDING","REPRESENTATION_ACCEPTED_NUMERIC_PENDING","PENDING_FUTURE_GROWTH; no DEFAULT or zero-growth assumption","VN:2050:Industry:IndustryFinalEnergy:biomass","IndustryFinalEnergy","true","true","false","MISSING","VN:biomass","false","false","","Industry","","","",""
"VN","2050","Industry","IndustryFinalEnergy","coal","DIRECT_FUEL","","","","","IndustryFinalEnergy","EXPLICIT","","2019","","","PENDING_ACCEPTED_COUNTRY_NODE_WEIGHTS","PENDING_ACCEPTED_SHAPE_AND_PHYSICAL_WEIGHTS","false","false","FIXED","PENDING","REPRESENTATION_ACCEPTED_NUMERIC_PENDING","PENDING_FUTURE_GROWTH; no DEFAULT or zero-growth assumption","VN:2050:Industry:IndustryFinalEnergy:coal","IndustryFinalEnergy","true","true","false","MISSING","VN:coal","false","false","","Industry","","","",""
"VN","2050","Industry","IndustryFinalEnergy","gas","DIRECT_FUEL","","","","","IndustryFinalEnergy","EXPLICIT","","2019","","","PENDING_ACCEPTED_COUNTRY_NODE_WEIGHTS","PENDING_ACCEPTED_SHAPE_AND_PHYSICAL_WEIGHTS","false","false","FIXED","PENDING","REPRESENTATION_ACCEPTED_NUMERIC_PENDING","PENDING_FUTURE_GROWTH; no DEFAULT or zero-growth assumption","VN:2050:Industry:IndustryFinalEnergy:gas","IndustryFinalEnergy","true","true","false","MISSING","VN:gas","false","false","","Industry","","","",""
"VN","2050","Industry","IndustryFinalEnergy","oil","DIRECT_FUEL","","","","","IndustryFinalEnergy","EXPLICIT","","2019","","","PENDING_ACCEPTED_COUNTRY_NODE_WEIGHTS","PENDING_ACCEPTED_SHAPE_AND_PHYSICAL_WEIGHTS","false","false","FIXED","PENDING","REPRESENTATION_ACCEPTED_NUMERIC_PENDING","PENDING_FUTURE_GROWTH; no DEFAULT or zero-growth assumption","VN:2050:Industry:IndustryFinalEnergy:oil","IndustryFinalEnergy","true","true","false","MISSING","VN:oil","false","false","","Industry","","","",""
